#{"t_start": 1789619950.3514445, "env_id": "poke-env-v0"}
r,l,t
-41.99,26,3.348856
-32.58,41,4.026229
-40.96,33,4.592093
-41.46,34,5.151783
-38.7,25,5.57466
-41.22,38,6.211742
-36.0,31,6.721687
-42.0,22,7.113433
-41.42,31,7.649611
-47.76,49,8.572925
-45.0,22,9.022089
-39.0,36,9.696849
-40.26,28,10.251024
-38.21,26,10.756028
-37.41,48,11.670842
-41.21,35,14.773191
-38.98,37,15.389224
-42.0,35,15.972884
-38.01,23,16.357416
-36.0,26,16.779236
-38.39,24,17.180778
-41.14,23,17.580711
-39.0,20,17.87516
-38.76,29,18.328386
-40.81,22,18.712112
-42.0,20,19.073685
-38.71,22,19.450572
-41.02,21,19.872565
-41.46,29,20.442854
-44.26,31,20.990404
-43.74,33,21.613531
-44.36,22,22.045797
-44.91,24,22.530497
-33.0,39,23.245108
-36.0,35,26.208579
-36.0,42,26.934944
-42.0,31,27.414252
-44.57,17,27.713671
-41.04,27,28.135179
-45.0,29,28.580832
-38.16,71,29.789335
-39.0,29,30.250666
-41.24,26,30.66792
-44.57,26,31.067275
-34.56,41,31.825816
-43.42,34,32.498223
-43.86,34,33.172606
-40.89,29,33.712754
-46.97,28,34.225878
-38.68,50,37.563113
-38.43,26,38.037761
-43.35,25,38.500063
-44.88,28,38.968611
-39.0,37,39.577159
-44.47,35,40.213272
-41.06,29,40.809926
-43.11,25,41.213913
-41.7,28,41.73326
-44.06,26,42.153461
-41.47,23,42.534953
-42.0,36,43.12723
-41.27,26,43.593068
-35.88,38,44.331003
-41.44,28,44.883398
-35.45,29,45.47912
-44.69,27,45.990822
-44.6,33,48.94816
-38.7,27,49.40081
-41.34,21,49.753382
-38.27,30,50.301061
-47.0,22,50.641182
-42.0,23,51.011867
-41.16,27,51.471683
-45.0,23,51.899577
-44.46,24,52.549415
-42.0,23,52.913644
-41.36,22,53.278954
-43.79,26,53.775274
-41.28,26,54.18388
-47.64,16,54.420941
-41.78,28,54.912589
-42.87,31,55.545693
-41.42,25,56.067141
-41.94,25,56.564229
-38.61,22,56.988695
-35.34,35,57.66969
-41.46,25,58.131329
-32.63,34,60.99395
-38.26,24,61.374131
-35.64,26,61.810622
-33.0,39,62.452023
-43.84,25,62.898176
-38.32,32,63.489321
-39.0,29,64.026169
-44.87,25,64.48209
-38.1,27,64.923649
-45.0,21,65.251276
-48.0,24,65.658028
-40.76,26,66.116937
-41.07,21,66.470052
-38.77,31,67.037713
-37.53,36,67.71965
-39.0,40,68.490947
-39.0,31,69.097072
-44.92,32,72.00465
-41.04,29,72.447656
-38.53,31,72.918897
-44.12,38,73.496948
-41.73,29,73.923732
-35.75,25,74.356042
-44.61,61,75.472885
-31.7,95,77.033412
-35.93,22,77.407156
-40.6,39,78.137859
-41.27,24,78.677069
-38.1,24,79.16781
-35.71,40,79.913316
-35.26,35,80.630675
-43.48,28,83.35862
-45.0,30,83.873941
-34.88,40,84.565093
-44.29,24,84.95006
-38.01,32,85.469172
-32.45,29,86.039461
-33.0,47,86.966257
-36.0,32,87.583753
-44.8,24,88.067464
-35.27,26,88.535771
-35.39,37,89.360377
-39.0,31,89.896996
-38.75,25,90.37833
-35.12,43,91.324355
-41.41,39,92.197997
-38.22,26,92.736703
32.689655,32,95.61571
-35.91,35,96.128248
-43.7,20,96.417796
-41.65,30,96.881283
-35.01,32,97.40397
-38.19,28,97.886856
-43.35,24,98.342859
-41.41,27,98.871125
-38.44,43,99.618829
-38.25,28,100.095566
-35.42,28,100.550821
-41.18,22,100.928014
-35.73,38,101.63407
-43.57,43,102.413291
-41.11,35,103.08455
-44.28,22,103.48562
-37.93,31,104.075694
-40.43,31,106.885628
-38.5,33,107.432912
-44.37,24,107.902231
-38.67,24,108.277586
-43.51,28,108.730676
-40.76,30,109.288682
-44.44,25,109.763797
-42.0,22,110.111705
-35.2,26,110.520706
-38.76,25,111.036063
-46.17,30,111.589677
-42.0,30,112.033503
-38.5,29,112.520525
-43.63,29,112.959996
-41.58,23,113.436697
-38.69,31,113.973816
-41.63,27,114.452929
-41.31,22,114.884147
-35.91,31,115.512246
-41.71,34,118.357702
-44.61,27,118.85529
-38.61,27,119.296938
-41.26,33,119.813239
-35.17,27,120.370322
-38.07,25,120.831146
-41.55,31,121.432691
-38.93,21,121.953025
-39.0,29,122.48858
-41.7,28,123.010894
-39.0,50,123.952279
-44.11,22,124.354073
-44.6,25,124.814468
-41.36,27,125.526947
-38.14,31,126.230402
-38.32,27,126.887109
-41.81,42,127.885944
36.658181,54,131.406502
-41.42,26,131.795222
-41.5,28,132.231775
-44.08,30,132.718566
-41.9,109,134.659718
-41.01,26,135.174756
32.135484,50,136.085419
-44.68,28,136.553517
-32.62,39,137.132422
-41.52,28,137.594512
-41.71,22,137.990876
-43.79,47,138.728687
-41.14,46,142.121455
-35.91,31,142.610552
-42.0,28,143.037033
-41.49,28,143.495237
-42.0,24,143.870904
-39.0,23,144.274704
-42.59,24,144.701374
-39.0,30,145.250827
32.794872,29,145.804318
-43.51,30,146.476348
-45.0,25,147.023471
-44.36,27,147.467058
-38.84,29,147.937827
-38.21,38,148.4449
-36.0,26,148.81881
-32.76,38,149.535288
-41.67,22,150.007664
-41.61,23,150.40009
-34.95,30,152.996689
-38.63,30,153.405755
-41.25,29,153.843078
-37.16,22,154.171337
-46.94,20,154.442817
-38.56,29,154.973832
-38.57,34,155.59311
-34.6,35,156.168701
-37.36,43,156.912392
-40.47,30,157.400317
-41.52,37,158.043711
-35.08,30,158.566412
-33.0,32,159.007351
-36.0,30,159.442742
-38.63,39,159.989842
-32.5,33,160.595887
-38.81,30,161.160742
-39.0,45,164.326849
-33.0,30,164.866471
-41.35,43,165.68577
-39.0,19,165.998165
-42.0,21,166.403553
32.019337,41,167.162929
-33.0,28,167.721758
-38.95,27,168.219271
-41.05,23,168.637608
-38.12,38,169.359617
-34.76,36,170.033534
-41.47,34,170.519578
-41.71,25,170.929392
-35.49,46,171.718048
-40.9,22,172.626224
-38.74,24,173.09853
-39.0,26,175.758073
-41.66,20,176.058389
-35.74,39,176.647956
-34.97,36,177.220581
-34.64,40,177.975658
-38.7,39,178.695696
-40.5,23,179.109688
-35.56,28,179.620762
-38.43,24,180.069714
-32.53,31,180.602702
-38.86,29,181.07822
-41.33,24,181.442068
-41.32,23,181.798471
-32.33,38,182.368611
-38.72,28,182.851126
-33.0,38,183.488536
-44.79,22,183.881988
-44.83,34,186.644537
-42.0,19,186.926283
-33.0,27,187.334415
-45.0,41,187.945541
-32.81,26,188.354098
-32.08,37,189.031664
-38.91,26,189.463374
-38.35,21,189.780045
-38.41,30,190.259151
-41.36,23,190.644106
-32.49,35,191.165304
-32.94,37,191.758284
-39.0,25,192.184924
-35.58,31,192.616448
-36.0,27,193.132964
-38.69,20,193.486744
-35.52,41,194.286977
-32.94,31,196.864104
-35.23,27,197.251296
-38.2,22,197.626314
-38.56,22,197.964099
-41.62,27,198.349438
-38.09,40,198.931779
-40.74,24,199.307525
-35.78,42,200.038577
-41.64,20,200.386597
-38.74,21,200.816135
-38.4,28,201.278034
-38.88,22,201.608492
-32.02,35,202.128259
-41.28,21,202.423244
-35.18,31,202.886967
-46.49,25,203.266948
-42.0,42,204.006237
-36.0,25,204.443004
-35.78,36,207.609264
-41.1,28,208.020581
-43.65,20,208.397383
-38.71,39,209.140476
-38.62,26,209.584673
-35.35,27,210.047367
-40.8,24,210.458604
-38.63,23,210.921492
-44.58,27,211.384128
-38.66,27,211.910757
-44.6,23,212.429212
-47.07,24,212.842938
-38.44,26,213.241377
-44.19,36,213.86119
-38.3,33,214.363942
32.429134,32,214.880692
-38.12,29,215.392061
-39.0,31,216.027443
-41.54,22,216.472955
-38.1,27,219.036561
-35.12,29,219.424307
-44.75,25,219.798751
-35.91,27,220.198321
-44.15,21,220.505044
-44.41,32,221.054158
-38.49,30,221.582353
-41.5,29,222.085911
-38.39,31,222.624179
-35.49,29,223.12678
-38.83,29,223.633818
-38.18,37,224.162482
-41.32,26,224.552174
-38.44,25,224.937284
-40.79,31,225.401081
-38.41,31,225.845389
-41.2,27,226.355572
-42.0,25,226.779083
-41.94,24,229.161466
-44.62,17,229.327574
32.56044,28,229.60643
-41.18,28,230.049985
-38.73,31,230.554022
-40.88,28,230.988399
-32.45,49,231.757866
-32.21,37,232.41074
-35.9,33,233.028406
-38.79,27,233.48989
-44.44,22,233.924828
-37.97,32,234.559667
-38.72,31,235.058849
-38.58,27,235.449603
-46.97,24,235.831075
-38.48,48,236.568338
-41.86,27,236.991215
34.322858,35,239.60998
-41.15,24,240.029242
-38.76,28,240.501839
-41.19,31,240.958569
-38.59,37,241.500801
-41.91,20,241.81374
-40.77,31,242.255508
-36.0,29,242.725366
-35.81,50,243.533808
-38.77,29,244.04975
-39.0,25,244.53015
-36.0,28,245.016745
-32.28,30,245.552726
-38.12,28,246.053288
-38.15,33,246.520297
-35.74,34,247.00838
-35.46,40,249.824995
-41.74,28,250.342847
32.415638,42,250.965356
-48.0,12,251.825315
-38.39,27,252.271911
-35.61,31,253.885072
-38.46,39,254.653868
-41.83,25,255.139378
-41.57,28,255.615509
-42.0,25,256.042201
-38.32,42,256.61161
-39.0,27,257.02277
-32.06,36,257.701261
-32.33,39,258.330798
-33.0,33,258.882748
31.528278,29,259.289401
-45.0,19,259.562172
-43.35,26,262.286638
-42.0,24,262.696985
-39.0,23,263.10257
-41.86,28,263.666416
-43.87,36,264.297915
-38.75,35,264.951836
-39.0,23,265.376481
-36.0,26,265.872176
-41.85,28,266.379126
-36.0,30,266.909875
-39.0,26,267.389651
-37.97,33,268.070943
-37.85,27,268.510235
-43.95,34,269.096567
-41.4,32,269.64214
-38.52,27,270.132605
-44.81,38,270.696362
-36.0,21,271.017376
32.807198,32,273.608865
32.162791,36,274.252035
-33.0,29,274.78663
-35.88,25,275.231902
-39.0,28,275.717048
-35.55,32,276.384064
32.940945,46,277.21988
-41.1,28,277.708325
-36.0,26,278.165938
-40.07,26,278.592474
-38.41,24,278.995852
-38.31,26,279.470778
-41.8,23,279.897855
-38.69,31,280.403072
-41.9,30,280.944234
-38.59,28,281.452543
-40.57,30,281.885314
-44.07,29,282.304997
31.686047,41,285.087597
-41.85,29,285.875097
-41.19,24,286.294567
-37.63,27,286.767253
-38.91,28,287.289978
-31.82,115,289.20952
-38.75,34,289.883276
-35.51,61,290.934808
-38.55,23,291.323469
-38.93,22,291.691803
-32.34,34,292.23866
32.811688,30,292.762521
-41.64,27,293.194843
-41.07,22,295.69858
-38.02,25,296.104985
-32.54,36,296.707419
-40.46,30,297.315122
-35.63,31,297.912777
-44.42,39,298.649506
-35.55,35,299.720913
-37.55,28,300.223292
-32.81,38,301.306048
-40.9,29,301.885533
-32.09,43,302.687624
-41.77,16,302.978999
-38.03,24,303.447485
-35.54,34,304.075309
-41.07,30,304.586997
-44.57,24,304.939197
-38.05,30,305.422111
-35.2,30,308.073167
-41.08,20,308.404379
-41.26,19,308.74494
-32.11,31,309.308644
-35.54,26,309.784447
-37.9,43,310.6167
-41.87,22,311.063662
-38.47,31,311.626167
-41.46,24,312.032318
-34.62,39,312.936654
-35.53,42,313.624904
32.210332,46,314.406044
-41.3,28,314.871391
-37.78,40,315.555899
-38.56,25,315.943225
-32.31,39,316.496305
-47.42,30,319.132836
-38.82,29,319.756967
-38.35,28,320.269367
-41.42,24,320.689516
-41.5,34,321.257074
-41.34,33,321.829984
-36.0,26,322.293662
-38.23,32,322.816601
-34.73,40,323.493459
36.0,30,324.001244
-35.68,30,324.590194
-35.15,35,325.272282
-32.67,45,326.072076
37.881981,28,326.559683
-40.75,23,326.966329
-38.02,29,327.386133
-37.73,29,327.803511
-38.49,23,330.2456
-41.32,22,330.7054
-38.33,25,331.150128
-32.59,37,331.913439
-41.07,25,332.343345
-41.51,18,332.631005
35.365854,29,333.124777
-38.59,34,333.721648
-38.09,23,334.149959
-44.47,25,334.590565
-42.0,20,334.974218
33.942184,45,335.765397
-33.0,33,336.351829
-36.0,39,337.139865
-37.96,27,337.582068
-36.0,33,338.116051
-38.08,93,341.692284
-41.4,19,342.068418
-34.2,38,342.596435
-36.0,22,342.914102
-35.91,26,343.386882
-39.76,25,344.781845
-36.0,29,345.279057
-35.69,36,345.867553
-44.68,20,346.223686
-32.45,34,346.931212
-39.0,17,347.264258
-42.0,26,347.762996
-35.5,34,348.353874
-36.0,27,348.83958
-41.65,23,349.253334
-35.81,26,349.790566
-37.66,31,350.403302
-35.24,27,350.922281
-35.69,41,353.71857
-35.04,32,354.271865
-41.23,21,354.674175
-38.08,26,355.203809
-40.19,32,355.865827
-41.25,34,356.560004
-44.14,35,357.237674
-41.6,21,357.657169
-32.1,29,358.247577
37.741906,33,358.918569
-40.68,20,359.345976
-36.0,32,359.895832
-41.91,17,360.191161
-45.0,19,360.525282
35.507163,32,361.055911
-32.56,37,361.653605
-39.0,26,362.063939
-35.82,30,362.567924
-41.76,26,365.006913
-42.0,20,365.31413
-41.61,24,365.68975
-41.65,21,366.088935
-44.19,20,366.504212
-38.63,32,367.119053
-38.99,26,367.615256
35.386486,28,368.137903
-42.0,23,368.580353
-35.85,36,369.261176
-35.14,25,369.723897
-31.76,34,370.346199
-32.18,29,370.827251
-37.93,27,371.271328
-35.32,31,371.83834
-37.85,31,372.373613
-38.68,31,372.92298
-32.57,36,373.589844
-36.0,32,376.059899
-38.32,30,376.539054
-38.56,36,377.075099
-38.92,19,377.414129
-41.51,22,377.857559
-32.03,34,378.835011
-38.25,35,379.490205
-38.85,25,379.944188
-47.69,29,380.490726
-36.0,30,381.07143
-38.84,20,381.441655
-32.73,34,382.131005
-34.71,66,383.462926
-37.67,24,383.888744
-35.8,61,385.116603
-35.79,24,385.538929
-41.87,19,385.900179
-35.6,26,389.158059
-38.5,25,389.53058
-42.0,20,389.833469
-34.6,33,390.782909
-38.91,33,391.538534
-42.0,31,392.14838
32.840741,38,392.875475
35.396947,34,393.505864
-38.54,26,394.005691
-32.43,39,395.315841
-36.0,32,395.920921
-35.16,34,396.532906
-41.15,23,397.071119
-38.49,47,397.909666
-35.31,33,398.538065
32.102804,41,401.268328
-42.63,33,401.752646
-32.72,35,402.636784
-33.0,43,403.513184
-35.57,27,404.030001
-35.66,38,404.870197
-38.24,28,405.440472
-33.0,48,406.46595
-39.0,27,407.040258
-35.8,39,407.797888
-44.9,26,408.279551
-38.11,23,408.77741
-40.77,22,409.189504
-46.35,17,409.527468
-41.3,24,410.009608
-35.44,31,410.568203
-35.81,24,411.10096
-38.55,28,413.791537
-38.14,34,414.343535
35.947103,69,415.362283
-38.05,28,416.03254
-40.95,32,416.671818
-43.7,24,417.144649
-41.8,19,417.950572
-32.21,30,418.51199
-36.0,25,419.176638
32.170909,37,419.893903
-35.63,26,420.388625
-35.5,39,421.391222
-41.42,25,422.000061
-32.61,36,422.661473
-34.42,43,423.448544
-38.17,25,423.943483
-43.82,30,426.643437
-38.88,28,427.038366
-41.79,33,427.530648
-32.98,34,428.085956
-38.79,34,428.673334
-41.25,18,428.996181
-44.15,17,429.331226
-37.89,19,429.662783
-36.0,41,430.429074
-37.64,23,431.41994
-32.74,34,432.246569
-35.6,31,432.924945
34.751584,38,433.683466
-35.21,26,434.189799
-38.06,31,434.79955
-47.73,15,435.044183
34.629206,46,435.931383
-38.81,23,436.372773
-32.18,31,439.043867
-38.14,25,439.408751
-32.7,32,439.889289
-39.0,29,440.391212
-38.08,30,440.821221
-39.0,26,441.324906
33.0,25,441.843191
33.0,32,442.473368
-41.88,19,442.835845
-44.56,16,443.135975
38.026689,31,443.737937
-41.46,22,444.189238
-38.48,39,444.941347
-38.7,26,445.453144
-32.91,42,446.304404
36.944708,42,447.133187
-45.0,19,447.477771
-34.72,33,448.122755
-39.0,20,450.696474
-33.0,30,451.12733
-39.0,27,451.491311
-35.81,29,452.487032
31.731544,38,453.249923
-35.91,31,453.836813
-39.0,25,454.316622
-41.44,27,454.857941
-35.12,32,455.470542
-41.84,28,456.019698
-41.8,23,456.45412
-35.75,40,457.257756
41.494685,33,457.933224
-37.87,22,458.350754
34.785293,27,458.881893
-33.0,36,459.592989
34.175201,29,460.213847
-41.81,22,462.808335
-42.0,16,463.017563
-43.47,36,463.482067
-39.0,26,463.808222
-38.13,25,464.165005
-32.81,40,464.843341
-39.0,27,465.317658
-36.0,29,465.838197
-32.97,47,466.612042
-41.64,38,467.255744
-41.2,29,468.09624
-42.88,23,468.494811
-36.0,21,468.850942
32.253846,28,469.767603
32.901887,35,470.340734
34.80322,47,471.111874
-32.76,30,471.598417
-31.99,41,474.336362
-41.74,30,474.74353
-38.64,26,475.05438
-41.89,16,475.291549
-38.23,24,475.680016
-38.91,31,476.043931
-35.31,36,476.35785
-44.22,36,476.707165
-41.33,25,477.09049
-38.5,26,478.218719
32.796992,52,479.481701
-38.73,21,479.831237
-35.12,30,480.595426
-32.24,31,481.083872
35.575472,34,481.695204
-38.84,22,482.067543
-44.16,29,482.572914
-36.33,42,485.293745
-39.0,23,486.11091
-38.28,26,486.55439
-47.96,14,486.829093
-38.98,28,487.249931
-44.75,39,487.778127
-32.89,32,488.170129
-33.0,39,488.957456
-38.61,25,489.365249
-42.0,16,489.633299
-38.69,23,490.02786
-35.74,27,490.473032
-35.13,27,491.204516
-42.0,18,491.607129
32.216667,32,492.163569
-42.0,24,492.539886
-41.15,44,493.266036
-35.8,35,494.387036
-36.0,30,496.793102
-35.33,25,497.215847
-35.5,29,497.676946
32.875,27,497.952142
-32.22,47,498.413851
-41.15,34,498.945032
-38.65,24,499.2924
35.042798,31,499.667883
31.979452,30,500.004437
-39.0,25,500.310608
-32.68,35,501.19083
31.954545,41,502.001723
-34.92,31,502.53739
-38.21,24,502.954748
35.519531,24,503.316361
-33.0,30,503.805589
-38.48,29,504.308113
-46.16,47,507.340883
33.0,25,507.734745
-39.0,27,508.16423
-33.85,32,508.780366
-38.51,35,509.357175
32.244828,29,509.820837
-41.69,20,510.084272
-32.78,26,510.398725
-38.46,21,510.669423
-41.61,23,510.949373
-41.33,37,511.558601
-38.81,20,511.887897
-35.35,30,512.404669
-37.84,32,513.077742
35.100386,34,513.665824
-32.62,39,514.340027
-41.91,26,514.617686
-38.91,21,517.053871
-41.77,28,517.550961
-36.0,41,518.265329
-38.06,25,518.729443
-35.7,31,519.256054
-39.0,26,519.694575
-42.0,19,520.038078
-41.78,106,521.517955
-32.65,37,522.001616
-35.23,30,522.378464
-38.64,26,522.809972
-39.0,28,523.277586
-39.0,27,523.73788
-35.26,34,524.289685
-32.69,28,524.764615
-44.5,23,526.880757
32.27234,34,527.436301
-39.0,26,527.949355
-33.0,37,528.611468
-43.18,39,529.276386
-33.0,30,529.778867
-35.48,28,530.254048
-41.19,25,530.630595
-34.43,46,531.400405
-35.13,24,531.855158
-41.23,27,532.197865
-41.08,21,532.446373
-41.11,21,532.678963
-35.21,28,533.02948
-43.87,19,533.264582
-38.33,27,533.673715
-38.51,27,534.153775
-35.51,27,534.612551
-32.07,32,537.574316
-38.16,19,537.950887
-35.96,32,538.555645
-37.98,30,539.12423
-41.29,22,539.493253
34.636691,33,540.094985
32.28169,32,540.696269
32.517787,36,541.442453
38.608527,35,542.257125
-41.24,50,543.195113
-38.11,26,543.637095
-38.32,31,544.134513
-38.58,27,544.516829
-41.84,19,544.79363
-35.78,26,545.171047
32.024691,31,546.15478
-44.5,18,546.478942
-38.9,26,546.968711
31.98996,29,549.812015
-35.6,23,550.330316
-38.04,34,551.103002
-39.0,24,551.625218
-44.44,22,552.078307
35.101562,27,552.748682
-38.33,26,553.414441
-41.4,26,553.770367
-32.22,31,554.106702
-37.53,28,554.637759
-39.0,27,555.275751
-31.63,40,556.054304
-41.32,24,556.413189
-31.66,26,556.75438
-35.32,32,557.187019
-38.88,22,557.4679
-41.09,29,557.832157
-33.0,39,558.421115
-38.71,56,561.484121
-35.46,30,562.159514
-44.95,24,562.619957
-38.54,67,563.830167
-36.0,26,564.313759
-41.35,26,564.823218
-38.81,23,565.206305
-44.33,19,565.567185
-38.85,52,566.542196
-44.8,29,567.111212
-38.27,40,567.787554
-32.11,31,568.251348
-38.91,29,568.620082
-34.33,30,568.996581
-40.96,23,569.342694
-32.79,35,572.023714
-44.37,20,572.408473
-44.06,17,572.733829
-44.36,22,573.171925
-38.76,37,573.874974
-44.36,21,574.304232
-40.99,28,574.875028
-32.6,36,575.539622
-35.68,23,575.984555
-35.93,27,576.486627
-38.6,20,576.863241
-40.39,31,577.507758
-32.67,24,577.929389
-32.62,35,578.606518
32.342541,34,579.178992
-39.0,24,579.568889
35.223529,35,580.086039
-46.21,15,580.274302
-34.92,31,580.679453
32.172414,35,583.368556
-35.69,24,583.827128
-38.62,30,584.386053
-42.0,23,584.928958
-35.34,28,585.407361
-44.64,31,585.93306
32.616197,41,586.648669
-33.0,29,587.40689
-38.37,36,588.074824
-32.22,32,588.667714
-35.69,23,589.096381
-41.81,25,589.59891
31.767956,39,590.323087
-37.76,30,590.809623
-35.51,28,591.291414
-45.0,27,591.705342
-41.15,25,592.056902
-38.29,22,592.370624
-37.67,32,595.150303
-41.91,29,595.809077
-38.73,21,596.045505
-42.0,17,596.344447
-35.36,24,596.798388
-33.0,31,597.385944
32.361217,33,598.059155
-32.22,40,598.86409
32.902985,24,599.307158
-41.88,20,599.683373
-37.75,24,600.096172
-41.02,25,600.523973
-35.67,24,601.006974
-38.8,29,601.574448
-42.0,24,602.654451
-42.0,28,603.152174
-38.3,25,603.415792
-38.68,33,603.945292
-36.0,29,604.36944
-33.0,26,606.801778
-32.48,32,607.460413
-35.91,37,608.192993
-38.86,31,608.714038
-38.55,22,609.10267
-37.91,31,609.668931
-32.29,26,610.115138
-38.3,32,610.683746
-31.93,32,611.233741
-38.34,28,611.753534
-41.91,28,612.234741
-38.73,20,612.602421
-38.87,22,612.983811
-38.38,27,613.479686
-32.27,26,614.039666
-32.85,44,614.821442
-38.45,28,615.187046
-47.94,20,615.488766
-35.77,32,617.733651
-33.0,30,618.162298
-35.83,27,618.607956
-44.19,20,618.922431
37.518576,39,620.191599
-34.66,33,620.730623
-38.82,20,621.106277
38.080819,26,621.564401
-35.37,37,622.192811
-35.7,33,622.740275
-32.32,38,623.386444
-41.4,29,623.895276
32.007752,35,624.457321
-35.45,29,624.951016
-38.39,25,625.350636
33.0,38,625.848577
-41.71,26,628.030721
32.027132,36,628.639803
32.711191,26,629.122541
40.238154,23,629.500338
-39.0,30,630.054983
33.0,36,630.654402
-41.24,26,631.094717
-39.0,26,631.802351
-38.07,41,632.506281
-38.08,39,633.235943
-41.37,20,633.582228
-41.7,22,633.944986
-35.48,28,634.398801
37.86512,30,634.894299
33.0,33,635.467344
-35.76,33,636.445399
-43.81,23,636.824117
-35.37,22,637.117445
-38.3,25,639.313598
-38.63,24,639.689682
-40.68,24,640.226637
-39.0,25,640.646827
-38.75,26,641.097145
-41.44,34,641.636449
-38.56,33,642.208354
32.489209,32,642.709195
33.0,29,643.217004
-36.0,27,643.685661
-40.88,27,644.147816
-43.61,23,644.543913
-33.0,26,644.970008
-32.93,33,645.534184
-32.1,32,646.051778
33.0,27,646.481651
-35.62,23,646.799651
-38.34,23,647.145336
-41.48,26,647.539932
-32.42,25,649.733546
-35.62,33,650.302391
-32.83,32,650.832084
-37.2,29,651.375742
-36.0,24,651.746545
-32.41,34,652.350945
35.2125,31,652.935259
35.281879,26,653.375346
-35.29,29,653.85981
-35.29,34,654.44512
-33.0,31,654.945312
32.03125,49,655.942255
-38.49,32,656.516576
-36.0,25,656.968264
-32.33,31,657.590227
-38.18,27,658.057619
-44.22,19,658.354667
-35.48,35,660.7266
-35.78,24,661.122197
40.371629,25,661.523204
-34.89,29,662.001038
-36.0,22,662.359195
33.0,35,662.908612
-41.19,28,663.57467
44.208609,15,663.823933
-35.53,28,664.31088
-38.21,28,664.771801
-40.1,24,665.17962
-43.34,19,665.474259
-40.87,44,666.194428
-35.59,26,666.642771
-36.0,37,667.259448
-38.29,33,667.740617
-44.49,28,668.908861
-36.0,34,669.456183
35.548896,33,671.699891
-35.72,29,672.214085
-37.71,27,672.589831
-35.07,28,673.033611
-38.78,28,673.474598
-33.0,30,673.946443
-35.76,28,674.448144
-38.47,26,674.899646
-33.0,35,675.476707
-38.91,21,675.81643
-44.15,20,676.142184
-38.52,28,676.611045
-38.09,32,677.148646
-32.51,25,677.501191
-35.17,25,677.928788
-38.91,60,678.879533
-35.54,34,679.560235
-37.79,25,682.342196
-41.81,26,682.716074
-37.56,25,683.102044
-37.66,32,683.6863
-31.63,26,684.108678
32.295833,32,684.604004
37.21622,26,685.034668
-41.29,21,685.375125
-36.0,28,685.814904
-35.46,34,686.354938
-38.41,29,686.815044
32.330544,31,687.297516
-41.88,28,687.870892
-35.43,29,688.285147
-41.9,21,688.587137
-37.99,37,689.113072
-35.51,33,689.630701
33.0,28,690.088237
-44.12,18,692.831387
38.356115,23,693.195044
38.077882,26,693.556164
-38.71,25,693.915197
-41.69,24,694.511014
-38.8,26,694.939712
-39.0,23,695.314574
-37.87,20,695.970383
32.180505,31,696.494457
-35.44,33,697.014272
-32.47,29,697.470828
32.62116,28,697.954106
-41.02,21,698.332831
-33.0,24,698.736515
-35.1,32,699.254084
-36.0,27,699.618883
-38.82,22,699.940161
-36.0,25,700.297541
-41.27,19,700.568736
-38.43,26,700.929794
-45.0,16,701.177692
-38.24,34,704.390253
-32.42,26,704.908003
-38.27,32,705.746397
-38.34,29,706.200299
-38.87,29,706.963846
-44.62,28,707.455231
33.0,41,708.193572
-47.3,15,708.528166
-38.38,23,708.967319
-32.81,35,709.544194
-32.7,38,710.200937
-35.56,32,710.700367
-34.85,39,711.248429
-37.47,24,711.577548
-32.55,35,712.134991
-38.86,25,712.565405
-35.41,36,715.542071
-37.04,27,715.973528
-43.64,31,716.467297
-37.03,31,716.976469
-41.69,30,717.504565
-41.33,23,717.858423
-41.91,28,718.312999
-36.0,35,719.055475
33.0,27,719.473825
-38.51,33,720.039103
-32.33,35,720.523545
32.093525,27,720.900514
-45.83,26,721.339705
-40.68,22,721.668856
-35.81,36,722.188392
33.0,37,722.853938
-38.06,31,723.363456
35.246479,28,723.819049
38.393502,24,726.179719
33.0,33,726.768037
32.317241,30,727.31549
-32.09,39,727.974172
-38.82,28,728.465631
32.019608,30,728.999441
-47.61,13,729.22678
-35.03,34,729.792171
-41.25,21,730.159086
-37.87,34,730.62831
-38.05,54,731.430494
-43.88,19,731.689062
-41.29,26,732.053756
-38.91,24,732.474783
-37.82,32,733.037229
-41.61,22,733.487841
-38.51,25,733.945665
-39.0,30,736.41569
-32.99,33,736.881576
-36.0,31,737.325552
-32.6,32,737.748105
-39.0,27,738.214491
-35.53,29,738.780272
-33.0,32,739.462974
-44.22,16,739.711106
-34.65,24,740.119889
-41.25,28,740.624235
-41.94,32,741.131305
-32.57,35,741.642309
-32.62,30,742.169563
-35.1,29,742.635097
-32.44,26,743.077808
-38.22,24,743.4754
-32.41,40,744.219265
-35.91,27,744.736651
-38.25,31,747.361716
-36.0,30,747.832726
-35.74,21,748.148018
-40.86,20,748.49056
-41.36,22,748.963981
-41.49,20,749.356098
-32.6,32,751.060044
-38.31,35,751.737724
-38.55,19,752.086651
-36.0,29,752.619678
35.070968,33,753.105207
-41.49,21,753.456336
-44.08,20,753.761997
-33.0,35,754.278796
-38.22,28,754.672673
-33.0,28,755.196436
-35.74,31,755.779863
38.147105,31,756.352901
-35.18,22,756.756176
-38.91,21,759.148176
-36.0,33,759.622867
-36.0,25,759.973744
-32.2,34,760.478054
-38.45,25,761.098214
-38.69,29,761.60594
-32.57,29,762.150441
-32.54,29,762.63072
-38.18,31,763.1717
-41.17,19,763.459233
-36.0,23,763.778722
32.217778,33,764.274936
34.667247,36,764.819936
-35.93,29,765.477948
35.196364,25,765.945331
-40.62,50,766.862587
32.051095,27,767.322414
34.378454,29,767.821009
32.59176,30,770.179832
-39.0,27,770.55464
-41.36,25,770.901043
-39.0,28,771.330546
-37.52,47,772.14833
35.266026,28,772.627982
-35.16,29,773.125364
-37.8,22,773.520748
-33.0,35,774.03572
-43.77,27,774.415801
-43.89,23,774.755229
-33.0,28,775.152981
-38.81,19,775.425564
-35.74,30,775.905943
-37.97,26,776.346972
-37.95,35,776.967402
41.064051,18,777.289372
-36.0,33,777.822789
-35.43,30,780.672392
-42.0,26,781.019963
-35.5,25,781.400586
-40.88,22,781.769612
-32.42,32,782.268302
32.658182,34,783.074436
-32.37,31,783.627251
-32.4,25,783.981851
-40.7,26,784.359571
-36.0,28,784.728505
-41.39,23,785.071903
-35.78,27,785.520074
-38.66,27,785.937704
-32.8,40,786.600386
-37.57,38,787.653503
-35.56,26,788.118187
-32.73,26,788.598735
-35.87,24,789.006887
-32.5,44,792.008632
35.285171,23,792.354227
32.158076,29,792.814224
-38.02,25,793.27034
-35.02,39,793.897762
-38.65,30,794.351904
-33.0,28,794.726588
-35.24,28,795.172296
-32.25,26,795.547463
-41.38,22,795.896973
-38.55,20,796.236397
37.589581,28,796.715613
-35.87,30,797.216564
-41.19,26,797.679234
-38.04,23,798.09662
-38.67,26,798.59573
-32.7,30,799.101668
-32.76,38,799.765936
32.656716,50,802.449523
-35.18,32,803.062783
-33.0,25,803.923105
-35.46,31,804.36537
-32.49,31,804.828647
-41.51,30,805.244205
-38.48,25,805.641164
-33.0,30,806.08991
-34.84,28,806.660885
-32.11,31,807.298711
32.609155,32,807.869969
-38.38,30,808.502004
-38.26,23,808.936329
-35.06,32,809.499691
-42.0,28,809.946513
-35.91,29,810.413385
-36.9,27,812.857579
37.437104,45,813.535176
-45.0,22,813.921906
-37.65,21,814.312604
37.822014,45,815.372866
-38.51,27,815.78277
-39.0,19,816.054136
-38.26,30,816.480494
-36.0,33,816.937104
-33.0,27,817.337957
-32.27,34,817.948295
-32.35,51,818.891732
-43.65,25,819.381192
-31.63,45,820.353623
34.89571,26,820.770475
-38.7,23,821.173818
-38.23,29,821.669346
-32.87,38,824.232168
-38.53,26,824.597787
-40.0,25,824.96765
-35.19,33,825.532176
43.035001,24,825.919647
-32.48,66,826.950398
-38.34,26,827.419813
-35.28,26,827.776917
-41.24,23,828.098123
-41.5,31,828.646392
-32.78,32,829.192372
-32.68,37,829.86182
-38.65,23,830.238407
-31.64,32,830.938147
-41.76,33,831.6099
-38.69,28,832.171278
-33.0,38,834.762764
-35.81,26,835.239328
-38.07,26,835.637714
-44.07,26,836.11706
-35.75,31,836.701592
-36.0,24,837.156863
-38.11,27,837.651855
-38.52,24,838.062141
-41.45,19,838.362171
-35.75,29,838.832357
-41.52,21,839.194852
-39.0,22,839.649147
-39.0,24,840.102345
-46.29,37,841.026156
-36.0,26,841.598521
-42.0,23,842.046374
-32.76,24,842.541905
-38.31,31,843.114152
-33.0,34,843.682553
-47.22,24,846.208738
-40.83,18,846.526338
-34.36,24,846.920331
-38.72,23,847.353679
-41.18,23,847.837128
-38.25,27,848.321031
-32.54,28,848.744656
-32.32,30,849.19949
-44.75,26,849.615492
-38.16,45,850.30343
-32.1,30,850.737308
-41.81,23,851.122357
35.763975,33,851.674149
-32.22,25,852.156908
-38.91,21,852.781414
-35.54,27,853.224033
-35.58,32,853.773186
-41.81,23,854.197911
-39.0,25,854.619928
34.565836,31,857.260253
-35.25,37,857.853555
-39.0,23,858.26346
-38.34,21,858.630143
-34.29,35,859.191353
-41.91,30,859.633322
-32.21,30,860.104805
-41.17,29,860.645992
-32.66,24,860.977023
-37.93,23,861.304562
-35.25,29,861.798673
-35.22,28,862.459981
-38.45,26,862.930024
-35.5,34,863.721691
-35.22,28,864.276941
-41.07,21,864.634168
34.51476,37,865.263038
-41.04,26,865.71251
32.274306,31,868.402646
-38.22,27,868.805204
31.633588,37,869.382287
40.237779,46,870.107876
32.136691,32,870.670951
-41.32,26,871.053848
-32.11,34,871.585859
32.352713,34,872.119396
38.310547,23,872.461567
30.0,42,873.214144
-38.64,25,873.635819
39.92606,24,874.060301
-44.32,17,874.345505
32.545082,26,874.806462
-38.53,38,875.479323
32.901408,33,876.073092
-41.05,28,876.572795
-35.82,27,879.078865
-35.17,32,879.655315
-37.89,24,880.034279
-38.65,29,880.4951
-35.07,31,880.975882
32.372751,33,881.489848
-38.91,33,881.990633
-36.0,31,882.439391
-38.5,22,882.746396
-38.91,33,883.233147
-35.02,27,883.632779
-41.32,16,883.901349
-38.15,36,884.587136
35.145604,28,885.309677
-38.43,23,885.698736
-35.76,24,886.142361
-45.0,20,886.56947
-41.74,34,887.410984
-41.61,22,890.19593
-35.53,42,890.870954
-35.34,32,891.424251
-36.0,29,891.872432
-32.13,39,892.496569
-38.9,29,892.992472
35.39317,23,893.470172
-38.51,21,893.962945
-35.04,27,894.358534
-34.96,27,894.747555
-33.0,29,895.234681
-35.3,32,895.832084
-36.0,25,896.309724
-41.15,23,896.720532
-33.0,33,897.320992
-44.91,19,897.636439
-38.7,22,898.018998
-44.45,16,898.326416
-39.0,24,898.795032
34.799639,28,901.336849
-32.31,38,901.841378
38.384791,25,902.230551
46.454025,23,902.549471
-40.34,26,902.946143
-42.88,25,903.383521
-41.63,24,903.73359
-38.14,29,904.122822
-38.44,25,904.478593
-37.58,27,904.881534
-35.63,26,905.265473
-35.49,43,905.934844
-38.65,27,906.30571
-36.0,28,906.737718
-44.13,21,907.103372
-39.0,25,907.462821
-38.68,30,907.884015
-41.65,21,908.200766
-39.0,22,908.52061
-38.55,25,910.809413
37.144019,27,911.189582
-41.24,21,911.471592
-33.0,28,911.887832
35.316076,29,912.390927
-38.4,30,912.909472
32.040359,36,913.459921
-35.12,30,913.815288
32.146758,31,914.160352
-44.11,23,914.507924
-32.41,31,914.880264
-38.02,25,915.232254
37.753925,37,915.726504
-44.28,28,916.087477
-35.67,29,916.444528
-35.05,32,917.041355
-41.23,24,917.424124
-33.0,28,917.722776
-32.08,30,920.545522
-32.52,24,920.942854
-38.07,24,921.360614
-41.15,32,922.043455
-37.73,30,922.618921
-38.09,28,923.088387
-41.14,20,924.700019
-38.19,38,925.271782
-38.52,29,925.683103
-32.78,39,926.215903
-39.0,19,926.444621
-33.0,33,926.890007
33.0,20,927.20406
-35.37,27,927.597232
-35.88,25,928.011872
32.240678,44,928.678432
-36.0,25,929.080083
-36.0,33,929.641518
-38.67,22,932.161508
32.901639,40,933.009113
-37.58,22,933.496112
36.556891,28,934.152515
-31.83,32,934.907487
-35.52,39,935.72418
-41.42,22,936.100832
-41.04,28,936.627383
-32.9,32,937.182455
-36.0,29,937.658
-40.69,27,938.033715
-39.0,26,938.448002
-33.0,32,938.983372
32.018868,38,939.614682
-33.0,31,940.113628
-38.22,33,940.837667
-36.0,27,941.406649
35.420339,25,944.387043
-41.94,30,945.037318
-33.0,27,945.601205
-32.03,30,946.510157
-35.86,29,947.189603
-36.0,23,947.725786
32.875458,24,948.240075
-36.0,27,948.817787
-32.42,37,949.510233
32.046875,42,950.23696
-36.0,19,950.574837
-32.84,32,951.156558
-38.4,31,951.723433
-32.24,50,953.253539
-35.03,31,953.96336
-32.44,36,955.005516
-35.5,36,958.583509
-38.81,49,959.55506
32.122222,27,960.071929
-39.0,26,960.604843
34.692746,26,961.089652
-43.45,20,961.947582
32.088028,40,962.657842
32.875502,35,963.249502
-38.95,28,963.751595
-34.88,40,964.517301
32.026415,33,965.085544
-38.24,26,965.514146
-35.2,29,966.019025
-38.82,22,966.38768
-38.89,26,966.844686
-32.33,34,967.439401
-41.25,30,968.091071
-35.2,27,971.274963
-38.07,24,971.802077
33.0,30,972.416068
-41.81,30,973.066051
-42.0,23,973.55036
-35.26,41,974.402117
-33.0,31,974.909267
-35.57,25,975.354479
-35.09,28,975.80049
-38.16,23,976.187024
-38.19,25,976.677266
-38.77,37,977.519437
-38.16,27,978.043347
32.7173,32,978.604006
-35.09,30,979.096015
-36.79,30,979.60235
-35.37,46,980.523214
-33.0,32,983.572082
-35.9,27,984.145534
-38.43,24,984.615749
-39.0,25,985.058046
-32.67,26,985.534946
34.6176,34,986.142591
-38.21,29,986.710438
-38.0,30,987.208087
-32.03,29,987.710193
-32.86,34,988.271267
-36.0,32,988.815542
-38.54,24,989.276319
34.511382,27,989.81527
35.59322,29,990.281703
-35.42,26,990.692943
-37.5,27,991.081759
-32.13,37,991.66911
-38.7,95,996.324577
-38.88,21,996.700972
-34.56,42,997.435865
-40.74,24,997.833273
-42.0,22,998.24513
-33.0,47,999.007305
34.574205,29,999.438991
-37.97,24,999.796933
-39.0,22,1000.184228
-41.78,28,1000.692013
37.759215,22,1001.057559
-38.43,23,1001.435216
-43.37,20,1001.743814
37.286756,30,1002.139147
-32.15,29,1002.546565
32.869464,35,1003.028485
-45.0,18,1003.278264
-37.97,27,1005.94317
32.214953,38,1006.588052
-47.28,23,1007.017829
-38.62,28,1007.497483
-44.06,24,1007.908949
-41.14,32,1008.470687
-35.1,32,1009.022993
-41.71,29,1009.739831
-38.91,30,1010.186981
-35.62,25,1010.967561
-35.11,25,1011.375637
-32.3,30,1011.908942
-35.88,29,1012.442884
34.622449,24,1012.845487
-38.29,32,1013.318176
35.422383,28,1013.697501
37.001724,44,1014.315892
-41.01,28,1014.721682
-40.8,22,1017.543606
35.218107,26,1018.02736
-37.73,26,1018.485498
-40.98,21,1018.857506
32.438298,30,1019.365491
-41.26,26,1019.806474
-38.02,29,1020.231468
-41.42,28,1020.668928
-33.0,35,1021.179451
-41.82,18,1021.493307
-32.33,26,1021.962897
34.435899,35,1022.597034
47.219512,13,1022.848102
-38.23,28,1023.370991
-35.56,27,1023.916587
-37.69,24,1024.389661
-41.05,19,1024.679086
-33.0,40,1025.283347
32.404412,32,1025.806526
-35.61,27,1028.561863
-32.57,35,1029.232994
-38.37,24,1029.696478
-42.0,20,1030.047347
-42.0,20,1030.408853
-41.53,30,1030.952926
-38.44,24,1031.629351
-34.84,22,1031.964146
-32.44,29,1032.977046
32.238971,22,1033.413224
-35.28,32,1034.050872
-38.84,25,1034.576154
-40.26,23,1034.985076
-42.0,20,1035.418115
-32.12,35,1036.190454
-35.49,36,1036.871524
-43.16,34,1037.465693
-41.11,37,1038.229703
-41.39,40,1041.071299
-38.06,23,1041.582868
-38.82,22,1042.009008
-38.05,24,1042.447812
-32.04,30,1042.955516
32.536131,32,1043.502354
38.421277,24,1043.939078
-38.1,27,1044.360392
-44.08,18,1044.672029
38.309764,24,1045.105074
38.162667,25,1045.568999
-36.0,24,1045.934853
-35.19,67,1047.111451
35.085049,27,1047.582887
-41.29,26,1048.004547
35.390593,29,1048.405028
-35.19,26,1048.803422
-41.58,32,1049.311695
-35.93,27,1051.75105
-43.64,24,1052.152424
-35.81,36,1052.786373
-32.79,28,1053.198533
-38.01,22,1053.568671
-38.71,31,1054.032042
-36.0,27,1054.459676
-32.55,36,1055.094277
-41.3,21,1055.531735
-33.0,23,1055.931247
-38.75,29,1056.415478
-41.15,21,1056.803701
-35.71,23,1057.206604
-35.76,33,1057.877629
-35.51,33,1058.575188
-35.36,41,1059.215851
-32.43,38,1059.863797
-41.62,29,1060.281017
-39.0,34,1063.019712
35.70625,23,1063.467522
-47.73,18,1063.784685
32.50813,33,1064.268827
-36.0,26,1064.64085
-41.61,21,1065.004631
-38.86,37,1065.550198
-32.91,26,1065.990758
-32.53,35,1066.684806
-43.97,33,1067.233767
-41.42,27,1067.701366
-35.8,28,1068.214006
-41.07,27,1068.654886
-41.2,27,1069.166837
-41.22,21,1069.572362
31.663194,34,1070.146213
32.6337,39,1070.745051
-33.0,35,1073.85401
-38.41,27,1074.339334
-41.05,29,1074.824776
-32.64,32,1075.313503
-35.04,33,1076.444027
32.317241,29,1076.9328
-38.23,35,1077.585227
-38.57,24,1078.073813
32.736059,31,1078.706409
-41.14,26,1079.282658
-41.72,21,1079.670058
32.220472,31,1080.260972
32.317568,41,1081.016383
-32.43,44,1081.841846
-35.91,32,1082.382197
-38.02,21,1082.793752
-38.02,27,1083.160674
-38.33,20,1083.495147
-38.15,25,1086.305603
-38.15,31,1086.999492
-38.73,26,1087.509631
-38.91,23,1087.896304
-35.73,25,1088.301294
-38.72,26,1088.778133
-38.24,24,1089.172197
-32.59,32,1089.871672
-33.0,37,1090.510058
33.0,61,1091.557145
-34.41,30,1092.082464
-41.74,27,1093.222471
-41.71,27,1093.666572
-44.61,28,1094.09408
-32.03,35,1094.571038
-36.0,30,1095.144787
-32.07,36,1097.851015
-38.51,30,1098.295135
-40.88,29,1098.746464
-38.57,23,1099.108534
35.077808,26,1099.592065
-41.92,28,1100.103938
35.365222,33,1100.697782
-43.72,21,1101.066969
-44.18,17,1101.359363
-38.76,23,1101.750837
-37.98,48,1102.536345
-40.99,26,1103.005889
-41.44,30,1103.561809
41.336985,23,1103.959072
-34.32,27,1104.44014
-38.14,30,1104.94827
-32.7,45,1105.583584
-38.12,45,1106.230211
-40.9,31,1108.657183
-41.5,26,1109.047865
-44.17,19,1109.308046
-38.35,29,1109.78215
-38.09,27,1110.241392
-41.71,30,1110.720296
-32.33,32,1111.251933
-35.61,34,1111.815642
-34.87,35,1112.549127
-40.52,34,1113.099356
-39.0,26,1113.555295
-37.49,23,1113.964135
-41.45,26,1114.384534
-38.35,31,1115.089441
-35.91,30,1115.640523
-41.41,29,1116.046768
-38.17,33,1116.47834
32.099338,32,1118.720729
-39.0,23,1119.035144
-39.0,33,1119.510751
-38.07,25,1119.88665
32.423948,37,1120.499055
-38.9,22,1121.042693
-42.0,19,1121.32242
-35.1,32,1121.868526
-35.66,32,1122.396268
-41.97,26,1122.865491
-35.66,43,1123.547706
-40.97,25,1123.964906
-47.05,19,1124.283889
-44.0,42,1124.985977
-43.34,21,1125.324912
-41.91,26,1125.753199
-38.7,24,1126.128104
-44.48,24,1126.456584
-41.01,26,1126.810378
-44.42,20,1128.916376
-37.28,26,1129.28219
-41.27,22,1129.594855
-35.36,33,1130.135875
-41.47,28,1130.620649
-36.0,27,1131.042465
-35.02,36,1131.628318
-38.51,26,1132.040632
-41.13,28,1132.509685
-41.88,19,1132.80454
-38.8,31,1133.304633
-30.0,25,1133.783481
-32.41,31,1134.400032
-41.18,29,1134.910138
-32.67,32,1135.43331
-41.35,23,1135.827268
-35.91,26,1136.267486
-41.77,25,1136.757995
-35.97,26,1137.158506
-38.54,24,1139.467165
32.28626,49,1140.221113
38.248007,25,1140.665336
-34.62,37,1141.271656
-38.17,32,1142.031882
35.388664,26,1142.441716
-44.74,21,1142.779612
-41.72,26,1143.239786
-38.05,28,1143.714798
-35.49,29,1144.197619
-35.68,35,1144.769449
-38.24,27,1145.219644
-45.0,21,1145.553513
-33.0,31,1146.061264
-38.91,21,1146.387109
35.02742,38,1146.991125
32.254545,36,1147.490691
-32.41,37,1150.26677
-33.0,30,1150.763933
-40.2,26,1151.212373
-41.71,22,1151.573082
-41.48,25,1152.013165
-36.0,41,1152.711548
-36.0,26,1153.139146
37.48289,32,1153.644628
-41.78,21,1153.996327
-35.63,26,1154.404205
-38.77,25,1154.824338
-38.47,24,1155.232008
-45.0,24,1155.641885
-36.0,35,1156.184727
-41.7,27,1156.605237
-37.77,36,1157.171186
-44.03,18,1157.420478
-42.0,26,1158.282264
-41.81,32,1160.587543
-36.0,30,1161.112091
-38.84,27,1161.581776
32.547297,45,1162.561888
-39.0,27,1163.014301
-45.0,37,1163.633288
31.990385,39,1164.696851
-34.69,32,1165.209286
-32.21,35,1165.830159
-44.48,30,1166.385354
32.90378,37,1167.060851
-39.0,33,1167.603011
-41.94,23,1167.969459
-37.65,32,1168.414793
-35.21,29,1168.815501
-35.45,23,1169.149707
-44.05,31,1171.538889
-32.61,27,1172.02897
-38.16,29,1172.486997
-40.08,34,1173.142714
-35.72,32,1173.704802
-41.21,25,1174.264239
-32.27,31,1174.820176
-40.63,29,1175.524677
-44.03,29,1176.011505
-36.0,33,1176.578063
-35.12,56,1177.757117
-42.0,26,1178.272621
32.069343,39,1179.153018
32.745342,29,1179.69314
-37.58,27,1180.075447
-38.91,38,1180.613791
-41.56,19,1182.820971
-41.57,19,1183.170864
-35.5,38,1183.844988
37.213756,22,1184.248798
32.279693,33,1184.822433
-32.91,32,1185.385267
-47.88,36,1186.008545
-42.76,30,1186.543045
-41.19,26,1187.014426
33.0,38,1187.682269
-38.54,23,1188.072916
37.992866,31,1188.778136
-34.59,28,1189.257486
-35.48,33,1190.047349
-32.43,32,1190.804413
-41.23,28,1191.187643
32.24,67,1193.952261
-35.89,26,1194.405466
32.718978,38,1195.05209
-43.65,28,1195.548586
32.375,35,1196.168851
35.123529,30,1196.655867
-38.34,26,1197.082335
-35.86,31,1197.619377
-38.24,26,1198.058479
-41.62,24,1198.484658
-35.38,24,1198.874777
-32.74,33,1199.435126
-39.0,28,1199.908621
-37.77,30,1200.69175
-35.07,23,1201.082744
-41.15,29,1201.573735
-30.0,35,1202.117579
-36.0,28,1202.504422
-44.5,20,1204.503733
-41.84,26,1204.931861
-40.36,26,1205.39899
-41.58,22,1205.774764
-36.0,22,1206.116981
-38.42,30,1206.615377
-35.5,32,1206.989663
-35.09,30,1207.325399
32.173633,28,1207.851033
-38.63,25,1208.294069
-41.46,28,1208.80942
-38.58,27,1209.315645
-41.32,19,1209.662166
-37.46,27,1210.198144
-39.0,32,1210.737646
-39.0,22,1211.126213
-41.06,28,1211.663482
-32.41,40,1212.314989
-47.22,21,1212.651864
-44.59,26,1214.801657
34.801411,35,1215.576868
-41.91,25,1216.024205
-38.78,22,1216.619166
-41.69,27,1217.231769
-39.0,29,1217.817557
34.876243,66,1219.241009
-38.46,21,1219.655814
-44.64,24,1220.205735
-41.08,32,1220.984231
-35.74,31,1221.664936
-41.85,27,1222.253258
-35.5,31,1222.877565
-38.3,26,1223.433914
-42.0,21,1223.8777
-32.19,35,1224.776312
-41.71,25,1225.385118
-41.83,28,1228.097488
-38.59,24,1228.614481
-37.6,30,1229.233488
-33.0,32,1229.851192
-40.92,24,1230.305251
-42.0,21,1230.768479
32.205036,44,1231.540679
-41.81,28,1232.015583
-42.0,25,1232.469519
-39.0,24,1232.928148
-34.8,32,1233.475927
-38.5,31,1234.014621
-44.42,38,1234.752216
34.32915,30,1235.343961
-43.7,24,1235.932773
-43.18,24,1236.523092
-38.09,22,1236.989382
-36.0,32,1237.570201
35.1875,28,1239.996737
32.877323,28,1240.387768
-39.0,25,1240.828175
-35.47,24,1241.315711
31.634387,35,1241.950429
-40.25,29,1242.5237
-37.77,32,1243.081854
-37.93,25,1243.626349
-32.25,28,1244.187515
32.264205,26,1244.712321
-41.79,28,1245.161015
-32.73,31,1245.896622
-38.43,27,1246.403469
-37.9,30,1246.942552
-41.46,30,1247.43234
-38.36,25,1247.871945
-35.69,29,1248.381326
-36.0,31,1248.932832
-38.49,35,1251.273562
-39.0,44,1251.831745
-41.3,18,1252.102018
-38.47,24,1252.486652
33.0,37,1253.21842
36.982744,31,1253.900385
-45.0,20,1254.298439
-32.19,48,1255.379114
32.178694,28,1256.107208
-41.84,21,1256.516565
-38.73,32,1257.082998
-38.63,25,1257.551575
-38.87,24,1258.058762
-39.0,28,1258.603571
-38.22,24,1259.03338
33.917436,25,1259.479419
-36.0,23,1259.980682
-42.0,24,1260.451029
-35.32,71,1263.934747
-41.04,18,1264.15473
-41.58,36,1264.726422
-32.34,30,1265.370166
37.443227,22,1265.827151
-35.65,27,1266.437679
-44.58,22,1266.819945
-44.5,22,1267.254763
-44.43,23,1267.657162
-35.43,27,1268.144754
-41.38,29,1268.638832
-38.83,29,1269.158209
-40.83,24,1269.587938
-42.0,19,1269.902998
-45.15,39,1270.657102
-38.91,24,1271.152545
-38.59,25,1271.561258
-38.57,32,1272.119295
-41.69,24,1275.370837
-39.0,23,1275.662185
-32.72,64,1276.653996
-36.0,24,1277.075939
-41.99,30,1277.563489
-41.3,33,1278.209465
-37.69,29,1278.69286
32.076628,34,1279.286432
-32.1,30,1279.856301
-40.6,34,1280.510577
34.836392,32,1281.11094
-38.58,25,1281.574821
-35.55,21,1281.95181
-35.24,33,1282.523412
32.473485,35,1283.14663
-42.0,29,1283.651682
-38.71,25,1284.168941
-35.77,32,1286.572632
-40.62,22,1286.913797
-37.27,138,1289.499354
-37.87,37,1290.022341
-40.65,21,1290.300647
-32.56,32,1290.859036
-32.47,29,1291.489826
-35.02,28,1292.103309
35.569444,48,1293.076539
-34.95,26,1293.597366
-42.0,19,1293.945921
34.62882,42,1294.675027
-35.29,37,1295.301857
-41.16,26,1297.631868
-33.0,27,1297.961461
-38.59,25,1298.277662
-33.0,29,1298.619457
-32.18,37,1299.117037
-32.38,30,1299.649037
-36.0,24,1300.065315
32.453125,24,1300.491783
-44.71,31,1301.170465
-44.91,27,1301.731642
-38.06,33,1302.329892
-35.81,21,1302.686491
-38.64,30,1303.238538
-35.91,25,1303.687117
-47.26,15,1303.938873
-41.95,27,1304.435786
32.050228,32,1305.005446
-41.3,27,1305.462445
-44.61,21,1305.839125
35.731343,26,1308.973682
-32.23,30,1309.408589
35.266917,31,1309.785645
-37.83,26,1310.130006
-35.44,28,1310.53035
-41.06,25,1310.964073
-41.9,24,1311.361672
-38.58,21,1311.728458
-44.71,24,1312.150869
-38.58,31,1312.711667
-38.49,24,1313.157798
-44.14,24,1313.675909
-32.36,34,1314.30583
-36.0,30,1314.881443
-35.92,40,1315.754836
-36.0,25,1316.234258
-38.97,25,1316.661788
-35.59,30,1317.245184
-40.38,31,1320.371522
-34.85,35,1320.815032
32.559871,33,1321.813388
-35.14,34,1322.349699
-38.58,28,1322.857395
-35.76,28,1323.381242
-42.0,24,1323.811309
-38.56,30,1324.344456
35.869198,24,1324.767583
-38.69,25,1325.205166
-41.74,30,1325.767863
-34.56,35,1326.580455
-44.69,32,1327.209165
-38.17,31,1327.747683
-35.87,28,1328.268209
-37.7,26,1328.705538
-38.87,26,1329.198243
-35.61,26,1330.177592
-41.13,25,1332.287629
-35.48,34,1332.799504
-44.33,23,1333.165355
37.063077,27,1333.625339
-44.12,34,1334.232902
-32.74,37,1334.899934
-44.83,16,1335.200556
-39.0,27,1335.68592
-35.4,28,1336.159855
-41.03,25,1336.580058
-38.69,21,1336.958413
-32.91,26,1337.422911
-34.71,27,1337.900729
-42.0,31,1338.464731
-41.21,25,1338.912492
-38.85,21,1339.290515
-41.91,25,1339.735765
-33.0,48,1340.56545
-39.0,31,1342.960011
-36.0,25,1343.335659
-47.22,19,1343.617349
-38.27,18,1343.885456
-38.91,35,1344.455352
-38.7,29,1344.941749
-43.98,24,1345.461581
-39.0,26,1346.036168
-38.03,25,1346.437284
-32.52,40,1347.164843
-40.94,29,1347.644613
-47.15,29,1348.157099
-38.34,29,1348.747277
-33.0,35,1349.462106
-41.8,29,1350.013544
-35.65,25,1350.437869
-35.62,29,1350.917337
37.87295,32,1352.168931
-38.88,25,1352.680974
-41.55,27,1354.850891
-39.0,26,1355.25281
-34.56,31,1355.781383
-32.68,37,1356.392821
-41.66,22,1356.800219
-35.62,26,1357.277365
-39.0,26,1357.770967
-41.06,19,1358.163921
-45.0,51,1359.069112
-35.68,50,1359.94635
-38.12,30,1360.436154
-40.7,27,1360.917477
-33.0,36,1361.556362
-38.39,22,1362.00035
-38.05,29,1362.568093
-32.25,26,1363.082246
-35.9,28,1365.365547
-38.22,22,1365.684128
-35.33,31,1366.178589
-35.61,28,1366.581764
-34.78,28,1367.11879
37.540445,31,1367.666081
-37.85,43,1368.475328
-41.07,24,1369.138706
32.532374,29,1369.614064
-44.71,17,1369.885456
-38.47,34,1370.430033
31.960317,47,1371.602158
35.515789,28,1372.137584
32.316151,41,1372.882771
-38.49,23,1373.279914
-39.79,31,1373.847848
-40.08,21,1374.199389
-35.71,29,1374.682858
-41.29,28,1376.931358
-38.64,28,1377.312408
-38.5,23,1377.649273
-35.06,27,1378.040551
-41.09,26,1378.511934
-41.74,19,1378.843924
-41.27,29,1379.34869
-41.3,26,1380.001888
-35.48,46,1380.79648
-37.27,24,1381.236538
37.409169,61,1382.362006
32.392857,26,1382.872605
-41.7,25,1383.436195
-41.32,22,1383.946288
-32.67,30,1384.620138
-38.23,37,1385.401594
-42.0,22,1385.799205
-32.75,30,1388.273736
-45.0,28,1388.858443
-41.63,24,1389.210974
34.301354,27,1389.664691
-32.59,28,1390.080675
-41.32,32,1390.522762
-41.39,32,1390.994432
-41.32,34,1391.561489
-38.22,29,1392.047594
-39.0,36,1392.706869
-41.45,24,1393.129638
32.581281,33,1393.681455
-38.25,27,1394.204969
-36.0,34,1394.809247
-35.03,25,1395.282216
-38.65,24,1395.682022
-44.64,25,1396.102582
-37.91,35,1397.278919
-36.0,41,1399.866318
-35.13,26,1400.209767
-35.18,27,1400.575092
-35.71,27,1400.967176
-38.06,26,1401.344787
-38.7,22,1401.622903
-41.33,26,1402.052061
-33.0,29,1402.563253
-38.53,26,1403.00987
-38.79,25,1403.336524
33.0,26,1403.775517
-35.68,27,1404.261205
33.0,28,1404.786754
-38.16,25,1405.439736
-36.0,26,1405.936302
-44.04,24,1406.411515
-44.44,28,1406.888851
-41.76,23,1407.690243
-32.78,23,1408.084063
38.309346,45,1410.894011
-32.15,46,1411.694533
-39.0,28,1412.064619
32.745763,27,1412.444768
-33.0,32,1412.89266
-35.25,32,1413.496211
-44.02,24,1414.132946
-41.5,21,1414.532988
-43.59,24,1414.960378
36.0,40,1415.685969
32.204225,26,1416.146166
-41.42,26,1416.619234
-35.63,39,1417.277995
-38.07,40,1418.120725
-41.52,21,1418.513423
-35.7,22,1418.931216
-35.32,55,1421.731859
-38.05,33,1422.285681
-33.0,56,1423.085101
-38.51,26,1423.494585
-38.81,30,1424.125615
-44.7,22,1424.42977
37.756588,28,1424.896133
32.393013,38,1425.892
-39.0,39,1426.603995
34.621724,33,1427.162333
-45.0,24,1427.593559
-47.76,22,1427.959399
32.030418,31,1428.472259
-37.77,34,1429.064351
32.414729,30,1429.63053
-39.0,23,1430.028714
-43.44,27,1432.431485
-35.43,27,1432.882901
-32.46,36,1433.435338
-36.0,25,1433.791171
-35.45,24,1434.121686
35.003876,28,1434.545194
-32.37,34,1435.01773
37.311576,25,1435.457179
-41.71,21,1435.82996
-35.82,24,1436.414456
-41.52,17,1436.715537
-41.08,21,1437.068851
-42.0,22,1437.463931
-32.53,29,1437.975531
-38.31,21,1438.435216
32.284585,32,1439.007202
-38.4,38,1439.677062
-41.4,23,1440.080422
-41.54,21,1440.452804
35.233333,38,1442.985999
-44.49,23,1443.379544
-35.18,24,1443.776685
32.329268,31,1444.256989
-38.34,23,1444.602581
-35.51,21,1444.920025
-40.71,31,1445.368305
-39.0,34,1445.875198
-38.82,24,1446.315942
-32.41,27,1446.770697
-32.13,27,1447.241122
-34.9,24,1447.742737
-41.67,24,1448.198473
-40.93,22,1448.76432
-35.52,35,1449.423206
-38.13,23,1449.86522
41.38751,32,1450.417818
-38.27,23,1450.823952
-38.95,33,1451.410728
-38.39,30,1453.755125
-32.72,31,1454.2529
-32.25,35,1454.8562
-38.65,27,1455.24103
-44.24,33,1455.770012
35.671698,29,1456.644788
-38.25,31,1457.088271
-41.7,27,1457.526921
-38.58,44,1458.408572
-38.56,21,1458.784482
-35.18,31,1459.284993
-33.0,29,1459.787134
-40.58,24,1460.174522
-35.09,25,1460.598364
-35.14,31,1461.122163
33.996705,33,1461.761076
35.121951,55,1462.667444
-38.14,32,1465.098305
-36.0,26,1465.544445
-39.0,28,1466.028928
32.081712,26,1466.389697
-38.73,26,1466.856322
-39.0,20,1467.220991
-38.14,30,1467.694785
-38.63,27,1468.092078
-44.22,17,1468.3131
-38.59,30,1468.877343
-38.02,28,1469.380283
-41.93,45,1470.175129
-32.67,30,1470.801449
-44.71,23,1471.224831
-40.71,35,1471.85286
-45.0,24,1472.325175
-32.67,28,1472.826391
34.991176,24,1473.254111
-38.37,22,1475.573273
-32.28,30,1476.092893
-38.43,25,1476.566377
-42.0,29,1477.112764
-35.12,32,1477.647853
-35.44,33,1478.141757
34.453821,26,1478.546317
-35.88,24,1478.903527
32.059259,39,1479.459606
-33.0,29,1479.957539
-36.0,27,1480.44817
-44.3,23,1480.852937
-38.43,23,1481.453085
32.428571,32,1481.996578
-39.0,32,1482.590498
-34.81,38,1483.281936
-35.51,34,1483.886198
-40.9,20,1484.247212
-34.77,38,1486.723213
-41.51,20,1487.058113
32.215686,30,1487.556186
-35.26,24,1487.993088
-38.91,21,1488.32282
-32.7,30,1488.805103
-38.06,30,1489.228774
-38.59,27,1489.584003
-41.33,28,1489.951502
-32.04,60,1490.844722
-42.0,20,1491.200418
-35.79,24,1491.600492
-41.15,36,1492.224409
-38.5,31,1492.750772
-47.72,14,1493.001388
-38.18,29,1493.520404
-41.65,33,1494.071327
-35.27,43,1496.664274
-41.65,23,1497.011057
-35.18,29,1497.514007
-33.0,26,1497.921349
-41.33,25,1498.346842
-41.61,22,1498.899841
-38.71,39,1499.504493
-41.5,26,1499.864965
-38.25,27,1500.250552
-38.16,22,1500.540052
-38.93,40,1501.085596
-33.0,30,1501.64455
-37.33,29,1502.214111
-38.44,30,1502.685357
-35.58,36,1503.27112
44.047834,30,1503.772242
-44.7,28,1504.229912
-35.07,33,1504.837428
-38.04,24,1507.151129
-40.72,26,1507.577091
-38.19,27,1508.028258
35.388679,33,1508.554393
35.141148,29,1509.0368
-41.14,26,1509.495548
33.0,24,1509.859461
-41.53,26,1510.285535
-38.72,27,1510.678276
-38.22,23,1510.98916
-32.34,26,1511.353039
34.611041,37,1511.882352
-38.58,26,1512.247355
-41.89,28,1512.707622
-35.67,29,1513.205334
-43.63,21,1513.533068
-35.47,28,1514.008829
-36.0,26,1514.443574
-32.06,33,1516.857402
-38.42,32,1517.375557
-36.0,29,1517.838436
34.398468,32,1518.35854
-35.3,93,1519.889157
-38.87,33,1520.425437
-41.3,24,1520.762729
-42.0,32,1521.227191
-41.18,24,1521.545132
-41.08,22,1521.838248
-47.69,30,1522.22157
-41.02,64,1523.474443
-47.07,22,1523.887365
-35.03,29,1524.416454
-41.68,21,1524.776747
-35.94,33,1527.623903
-38.3,22,1528.068505
-37.81,25,1528.585147
-38.16,25,1529.0363
-36.0,27,1529.476099
32.035336,27,1529.938704
-41.96,24,1530.553862
-32.19,52,1531.518312
-35.26,29,1532.039744
-44.85,26,1532.475727
-38.99,32,1532.943812
-38.4,25,1533.304804
-32.36,28,1533.698443
-34.39,35,1534.214587
35.03461,33,1534.893853
-30.0,28,1535.53158
-43.16,34,1536.239521
-41.82,35,1539.153252
-34.71,30,1539.626285
36.843034,24,1540.093873
-35.25,40,1540.809815
-38.44,29,1541.307653
-38.19,34,1542.054767
-42.0,29,1542.710332
-45.0,50,1543.583035
-35.9,59,1544.535733
-39.0,26,1544.912516
-43.16,17,1545.159405
-44.47,24,1545.536055
-40.6,32,1546.005376
32.22619,33,1546.50624
-41.4,24,1546.937794
-32.81,28,1548.152335
-35.79,22,1548.788059
-38.38,23,1552.914575
-39.0,37,1554.193432
-41.53,22,1554.925978
-42.0,28,1555.716054
-39.0,25,1556.38866
-37.9,29,1557.019336
35.756944,34,1557.821502
-35.87,78,1559.307813
-33.0,49,1560.25882
-44.15,26,1560.647444
33.0,43,1561.502558
-35.06,39,1562.218794
-38.19,34,1562.88624
-44.68,30,1563.418328
-37.99,26,1566.372514
-38.48,26,1566.699708
-37.25,30,1567.167115
-40.43,27,1567.742386
-41.66,25,1568.278041
34.99756,37,1568.955013
-31.51,33,1569.55625
-44.06,18,1569.8724
-37.31,43,1570.65477
-32.1,25,1571.118756
-35.19,29,1571.59817
-32.84,39,1572.256601
-38.16,33,1572.776395
-44.79,33,1573.244398
-38.54,36,1573.737743
-35.67,34,1574.231651
-38.57,29,1574.633476
36.0,30,1577.182715
-40.8,38,1577.923449
-39.0,47,1578.826224
-38.53,23,1579.344682
-44.11,23,1579.733496
-42.0,29,1580.363316
33.0,30,1581.07026
-32.71,35,1581.685749
-35.13,35,1582.32443
-44.78,30,1582.889115
-35.4,33,1583.524864
-38.82,32,1584.163327
-41.03,21,1584.498319
-41.4,22,1584.837286
-33.0,40,1585.465601
32.477941,26,1585.858227
-35.41,39,1588.490707
-35.13,38,1588.953643
-32.68,31,1589.705239
-33.0,39,1590.447577
-37.68,24,1590.948816
33.0,37,1591.660832
-41.62,25,1592.084974
-42.0,25,1592.554498
-38.84,29,1593.070679
-35.83,25,1593.533283
32.400662,26,1594.926048
-33.0,31,1595.536493
-39.0,30,1595.990739
-41.26,27,1596.390986
-35.69,23,1596.742847
-38.07,28,1597.174037
-41.71,21,1597.482669
35.130282,35,1598.004548
-32.8,93,1601.378881
-38.45,24,1601.81275
-36.0,33,1602.445359
35.027354,29,1602.974995
-37.85,25,1603.435828
32.693662,36,1604.068858
-41.04,23,1604.46038
-35.66,26,1604.914902
32.936667,47,1605.77324
-40.7,39,1606.451771
32.239544,31,1607.002525
-38.31,35,1607.812696
-35.61,22,1608.163034
-35.2,23,1608.501731
35.166843,31,1610.838948
-35.18,33,1611.354461
32.485597,29,1611.799042
-45.0,21,1612.15758
-40.73,28,1612.657478
-35.75,28,1613.163124
-41.45,35,1613.760269
-35.42,29,1614.288889
-41.69,22,1614.913881
35.605863,35,1615.57713
33.0,29,1616.04245
-32.21,30,1616.575652
-38.5,26,1617.613762
-42.0,27,1618.086591
-38.11,21,1618.472279
-35.6,27,1618.879209
32.623529,23,1619.199785
-32.84,26,1619.550199
-37.9,31,1620.034185
37.493309,32,1622.511622
-42.0,16,1622.772592
-41.61,30,1623.223974
-40.37,29,1623.762244
-35.91,31,1624.316992
-34.56,53,1625.307524
-41.25,21,1625.665701
-41.4,30,1626.199816
-32.11,37,1626.867472
34.799328,27,1627.347309
32.311224,37,1628.045614
-35.68,30,1628.582445
32.29683,31,1629.073395
-35.12,24,1629.461723
-35.78,27,1629.906096
-44.57,23,1630.256137
-37.97,27,1630.69066
-38.45,26,1632.946646
-38.48,25,1633.347899
-39.0,31,1633.798837
-41.76,28,1634.324496
-33.0,32,1634.871841
-35.26,34,1635.650312
32.3125,35,1636.277761
-43.9,22,1636.670558
-41.09,20,1637.034821
-32.4,33,1637.616383
-32.83,34,1638.263468
-41.68,17,1638.555017
-38.23,28,1639.047909
-42.0,25,1639.498816
-39.0,33,1640.307839
-37.92,29,1640.801521
-33.0,27,1641.23863
-32.21,59,1643.974855
-42.98,39,1644.57718
34.280986,47,1645.304216
-41.61,44,1646.10622
-38.12,40,1646.790703
-41.86,21,1647.195162
-37.43,28,1647.656573
-41.62,24,1648.09216
-36.0,27,1648.579186
-35.46,41,1649.400299
-32.8,63,1650.528831
-38.37,35,1651.121794
33.0,26,1651.580646
-41.49,29,1652.112821
-33.84,37,1652.654231
38.135827,36,1655.054944
38.684426,28,1655.505653
-37.78,32,1656.248062
-35.71,26,1656.676144
-34.56,28,1657.139844
-38.54,24,1657.572109
35.386847,30,1658.48521
-38.9,23,1658.862163
35.7,24,1659.310112
-38.7,23,1659.727443
-35.12,28,1660.494674
-39.0,26,1661.01212
-35.33,25,1661.464437
-35.73,22,1661.851476
-47.22,14,1662.118682
-32.66,32,1662.735685
-32.67,31,1663.301846
-32.37,27,1663.757552
34.860683,33,1664.255458
-35.55,28,1666.502222
-32.63,35,1667.060917
-32.11,72,1668.626517
-38.44,28,1669.145045
-38.35,26,1669.578799
-44.64,34,1670.208709
-41.64,23,1670.587997
-34.82,32,1671.132547
-32.15,27,1671.60796
-38.5,28,1672.094677
-35.31,30,1672.607016
-34.51,30,1673.130371
-35.69,30,1673.645535
-35.31,30,1674.174631
-41.72,24,1674.584835
-44.91,35,1675.168726
-42.83,22,1677.232228
-35.33,37,1677.804964
-38.24,21,1678.16275
-41.89,29,1678.683341
-44.71,22,1679.08025
-35.9,39,1679.741001
32.232558,30,1680.397227
-43.69,24,1680.828847
-38.35,29,1681.341293
33.0,30,1681.871064
-38.48,31,1682.413675
-32.16,33,1683.028712
-33.0,42,1683.788948
-32.29,37,1684.450748
-40.83,35,1685.101776
-35.27,29,1685.63184
-35.28,22,1686.131941
-38.22,23,1688.427425
-47.44,21,1688.772477
-41.07,28,1689.231509
-40.85,21,1689.612486
-44.64,22,1689.98554
-35.07,25,1690.446085
34.220791,28,1690.995066
-35.51,36,1691.617715
-32.47,30,1692.330602
-35.7,28,1692.821409
-41.79,24,1693.226964
-35.48,34,1693.854521
-43.67,23,1694.233695
41.010949,24,1694.668548
-38.43,24,1695.077123
-44.43,48,1695.885317
-41.41,20,1696.235666
-40.6,29,1696.733008
-35.81,26,1698.971572
-38.02,26,1699.287926
38.276417,28,1699.686068
-40.27,26,1700.170961
35.158537,28,1700.684203
-41.6,26,1701.162377
-39.0,32,1701.770683
-47.78,20,1702.169739
-38.01,23,1702.561908
-35.4,39,1703.230645
-39.0,36,1703.879659
-40.75,25,1704.320313
-41.5,24,1704.729758
32.012448,30,1705.251967
32.251012,31,1705.814549
-39.0,25,1706.265933
-35.15,39,1706.970293
34.87851,27,1707.435179
-41.05,28,1709.773395
-39.0,24,1710.133999
-35.59,27,1710.517461
-45.0,20,1710.768977
-41.67,22,1711.065794
-32.1,34,1711.576517
-40.94,32,1712.288807
33.682054,32,1713.077242
-35.71,31,1713.702973
-35.89,37,1714.70283
-35.02,31,1715.417657
32.538745,49,1716.363341
-36.0,28,1716.870379
-40.64,29,1717.488713
-37.51,21,1717.903945
-41.71,29,1718.403946
-35.93,39,1719.406657
-35.93,27,1722.253451
-42.0,20,1722.627732
-37.31,46,1723.264907
32.259124,33,1723.762058
-37.75,34,1724.281255
-35.87,25,1724.696339
-35.03,33,1725.324923
-43.62,28,1725.881812
-37.94,24,1726.3465
-35.88,27,1726.837867
-40.54,31,1727.434465
39.0,28,1727.912397
-36.84,28,1728.442924
-33.0,33,1729.091304
-35.4,25,1729.595006
34.289359,37,1730.294047
-47.71,23,1730.687955
32.574344,40,1734.098792
-38.4,34,1734.640257
-35.7,31,1735.120775
-32.93,29,1735.542728
-41.13,26,1735.965875
-41.2,30,1736.430449
-38.18,20,1736.744853
-35.28,28,1737.282684
-33.0,37,1737.975115
-41.97,28,1738.535607
-41.01,24,1739.002904
-41.45,26,1739.542917
-35.09,33,1740.135797
-35.69,27,1740.625153
-44.52,21,1741.042197
-41.02,30,1741.622813
34.752204,36,1742.582431
32.280769,32,1743.269141
-41.14,32,1746.186303
-32.96,41,1746.824505
33.0,33,1747.27532
-41.24,43,1747.84675
-38.97,34,1748.607894
-38.58,30,1749.108119
-44.05,29,1749.613874
32.403226,27,1750.089524
-32.82,32,1750.649336
-40.47,34,1751.245712
32.523297,39,1752.007023
-38.53,35,1752.737269
-35.57,33,1753.35138
32.612903,31,1753.966084
38.022059,33,1754.647835
-41.36,25,1757.516928
-35.21,57,1758.43616
-36.0,27,1758.910731
-35.29,30,1759.3177
-35.34,28,1759.730839
-35.47,37,1760.273367
-38.16,25,1760.64816
-41.12,37,1761.348006
-31.95,51,1762.30156
-32.18,30,1762.856467
-35.18,36,1763.252693
-35.01,37,1763.933304
-38.52,24,1764.377655
-36.0,22,1764.79374
-36.0,28,1765.353205
-38.99,27,1765.89319
42.0,21,1769.224908
-35.91,36,1769.867022
-36.0,38,1770.48298
30.0,27,1770.93185
-41.16,28,1771.371185
-39.0,41,1771.944218
-36.96,25,1772.313028
-34.71,34,1772.889053
-44.15,22,1773.218637
-38.12,27,1773.79354
-39.0,28,1774.345125
-35.7,41,1775.354685
-38.31,26,1775.863225
-38.49,35,1776.533456
-42.0,22,1776.988281
-38.06,31,1777.568406
38.291871,31,1778.120332
-42.0,32,1781.087986
41.018182,20,1781.389888
-35.65,28,1781.82865
-38.67,28,1782.292711
-32.29,29,1782.704239
-47.4,17,1782.971843
-33.0,27,1783.421268
32.293617,31,1783.890985
-39.0,28,1784.321108
-38.44,26,1784.725272
-41.37,21,1785.116798
-43.41,24,1785.55133
-42.0,28,1786.089716
-32.8,32,1786.765267
-38.11,25,1787.235001
-40.11,37,1787.912001
-35.81,46,1788.761451
-35.72,26,1789.213699
-37.29,27,1792.183619
34.552632,32,1792.661427
-41.85,24,1793.101838
-38.62,27,1793.608767
-38.15,24,1793.972419
-35.26,32,1794.518174
-35.91,42,1795.263291
-41.81,22,1796.100856
-41.79,32,1796.887864
-44.9,21,1797.374014
-37.86,29,1797.954683
-41.11,29,1798.465824
-37.96,28,1798.975061
-36.0,21,1799.384789
41.914843,27,1799.933713
-38.9,32,1800.472936
-41.56,21,1800.831018
-38.01,32,1801.500362
-41.21,27,1802.298221
-35.64,26,1804.983322
-36.0,35,1805.574603
-35.19,27,1806.033834
-41.24,25,1806.409703
-30.0,32,1807.03685
32.523622,28,1807.517717
-38.45,23,1807.898991
-41.04,23,1808.283142
-41.4,21,1808.666608
38.39385,36,1809.327616
-32.11,31,1809.894066
-32.69,31,1810.436824
-43.34,24,1810.910669
-32.91,28,1811.455344
-38.64,24,1811.877121
-36.0,29,1812.656347
32.252336,29,1813.206139
-35.42,29,1813.790869
-41.21,24,1816.350805
-38.38,26,1816.791576
-37.62,22,1817.163478
-35.05,43,1817.940424
-38.39,30,1818.4502
32.5,28,1818.877625
-32.61,28,1819.324573
32.240157,38,1819.896112
-30.0,31,1820.398847
-39.0,31,1820.995086
-33.92,29,1821.556341
-32.48,34,1822.163837
37.995398,26,1822.64539
-35.08,26,1823.137534
32.322581,25,1823.820496
-38.34,42,1824.61538
-32.44,28,1825.169945
-41.39,31,1827.904293
-38.17,26,1828.301666
-38.51,23,1829.3065
-37.71,23,1829.896833
-40.82,22,1830.300024
43.317744,27,1830.759018
-32.29,57,1831.620701
-32.02,25,1831.987169
-39.67,29,1832.59992
32.457364,44,1833.38211
34.810578,33,1834.041651
-41.86,33,1834.678503
32.786667,33,1835.574737
41.40625,27,1836.130532
33.0,55,1837.266847
32.821429,36,1837.862918
-38.88,34,1840.489882
-47.06,20,1840.839586
-42.0,20,1841.212363
-32.12,33,1841.864471
-33.0,36,1842.412115
-41.03,23,1842.762714
-41.17,18,1843.040663
-37.78,20,1843.330718
-38.48,19,1843.652082
-35.61,29,1844.082179
-39.0,44,1844.94785
-41.1,24,1845.388145
-33.0,31,1845.938089
32.367647,33,1846.537555
32.876596,27,1847.053159
36.0,29,1847.590783
-38.02,26,1848.083949
-35.6,26,1848.52056
38.405405,36,1851.573187
-35.6,28,1852.094053
-41.64,20,1852.463055
-41.29,22,1852.928446
38.691795,25,1853.37552
35.075733,33,1853.860561
-41.66,23,1854.210875
38.665644,30,1854.703841
-37.79,32,1855.527302
-47.32,23,1856.067481
-44.75,19,1856.5064
-38.38,28,1857.117998
-36.86,32,1857.753748
-35.66,32,1858.704103
35.174074,26,1859.236223
-35.54,28,1859.84239
-35.4,31,1860.69155
-35.32,27,1861.378619
-39.0,25,1861.862192
-41.04,21,1863.952331
-32.18,27,1864.425643
-32.6,28,1865.02994
30.0,27,1865.504205
-41.48,25,1865.973052
-37.78,27,1866.491772
-41.3,19,1866.834058
-35.58,22,1867.238081
-47.31,23,1867.632517
-44.83,19,1867.929383
-40.46,27,1868.334701
-36.0,28,1868.757392
-37.94,22,1869.087356
-40.47,24,1869.505109
-47.47,19,1869.880524
-33.0,38,1870.59174
-38.45,28,1871.098879
-35.76,28,1871.578981
32.317241,35,1872.215258
-35.18,24,1872.58599
-36.0,29,1875.126474
-42.0,19,1875.550464
-31.91,30,1876.29557
-32.27,29,1876.850275
-37.58,33,1877.410151
-33.0,36,1878.371472
32.576779,32,1879.235639
-38.68,30,1879.707357
-39.0,96,1881.125302
-33.0,31,1881.623543
35.049234,39,1882.354642
32.271654,46,1883.429933
-40.44,27,1883.892558
-31.65,24,1884.261896
-32.4,25,1884.675149
-35.27,31,1887.204325
-36.0,24,1887.710158
-36.0,29,1888.226346
-39.0,29,1888.802849
-38.53,21,1889.19088
32.137072,30,1889.796943
-38.47,26,1890.293647
-42.0,21,1890.734379
-44.25,18,1891.097223
-32.2,38,1891.812958
-31.96,26,1892.183678
32.032922,38,1893.095269
-32.26,29,1893.583717
-37.57,25,1894.131423
-36.0,29,1894.786932
-33.0,28,1895.304422
-42.0,24,1895.786669
-32.03,28,1896.259957
-41.27,33,1899.504351
-35.29,28,1900.085822
-35.22,29,1900.753345
-37.48,27,1901.282465
32.090517,28,1901.821311
-38.13,32,1902.49573
-35.76,24,1903.000268
-32.07,35,1903.713314
-41.67,22,1904.200041
-37.7,22,1904.664185
34.74928,39,1905.319788
-38.82,31,1905.846255
35.727612,31,1906.395388
-38.78,25,1906.791864
-33.0,41,1907.794681
-38.91,23,1908.181256
-31.94,50,1909.06128
-38.73,29,1912.066473
-36.0,28,1912.63174
32.353383,32,1913.336451
-38.92,130,1915.973159
-36.0,59,1917.183799
-38.32,27,1917.698493
-39.0,23,1918.089101
-32.47,30,1918.587046
-44.1,22,1918.969266
-35.67,43,1919.600484
-41.31,24,1919.999938
-36.0,37,1920.7108
-40.68,37,1921.330999
-32.23,33,1924.304377
-31.58,28,1924.854279
-32.51,32,1925.629397
-41.18,22,1926.265843
-35.49,28,1927.332496
-34.82,42,1928.18993
-41.67,32,1928.823133
-32.5,33,1929.480002
-38.34,29,1930.059024
35.347015,34,1930.69563
-32.06,35,1931.182418
35.67818,38,1931.68893
32.355469,27,1932.061004
-39.96,28,1932.495244
32.2,37,1933.068635
-42.0,18,1933.492491
-32.17,33,1936.375109
-35.48,27,1937.013808
32.208202,26,1937.558949
-34.94,29,1938.087448
-44.6,24,1938.531888
32.122744,36,1939.404088
-34.91,55,1940.472527
-37.71,31,1941.091748
35.005174,31,1941.666108
-43.98,18,1941.972332
-42.0,20,1942.428351
-38.57,21,1942.846899
-38.63,21,1943.173137
-37.28,33,1943.622617
-38.71,30,1944.021832
-42.0,39,1944.518481
-35.24,23,1944.819219
-38.64,23,1945.200674
-37.89,32,1948.005307
-36.0,27,1948.495491
-36.0,32,1949.080015
-39.0,17,1949.374861
-32.41,29,1949.902324
-40.98,24,1950.342625
-43.6,24,1950.784983
-41.85,24,1951.197347
35.479853,24,1951.530236
-32.65,29,1952.04028
32.225694,35,1952.65578
-41.55,31,1953.195193
-32.2,22,1953.582895
-41.12,23,1953.958108
-35.76,25,1954.276165
-32.4,29,1954.662271
-32.91,32,1955.070585
-41.38,30,1955.41678
33.0,37,1958.257239
-38.6,32,1958.899768
-33.0,35,1959.685655
35.523985,23,1960.223479
-38.04,26,1960.714557
-34.86,29,1961.286645
-38.14,28,1961.76192
-34.81,33,1962.328818
33.0,27,1963.111408
-41.16,25,1963.717951
-32.19,32,1964.471491
-39.0,26,1965.322498
-44.76,18,1965.67573
-32.61,33,1966.315515
-43.79,22,1966.686956
-39.0,26,1967.041364
-36.0,24,1967.537342
-41.11,24,1967.895134
-38.86,32,1968.373281
-32.3,29,1971.156495
-41.18,16,1971.510646
-38.14,37,1972.188738
-37.66,28,1972.795601
-35.17,26,1973.27553
-32.13,32,1973.810179
-35.6,32,1974.348237
-32.47,30,1974.872884
33.0,28,1975.34689
-32.7,33,1976.460456
-45.0,28,1976.913541
-32.42,29,1977.37059
-41.57,28,1977.764913
-35.73,31,1978.223562
-38.94,22,1978.509763
-35.67,24,1978.806893
-37.11,35,1979.321833
35.324211,34,1979.867209
-39.0,23,1982.606539
-40.97,26,1983.089951
-34.91,28,1983.559511
-41.33,21,1983.89539
-44.2,20,1984.242971
-35.28,23,1984.641718
-33.0,31,1985.185035
40.244735,25,1985.600574
-35.17,34,1986.18123
-32.73,44,1986.95078
32.429719,26,1987.399014
-38.36,29,1987.868722
-38.18,29,1988.325497
-39.0,23,1988.656864
36.0,26,1989.06072
41.259434,23,1989.477266
-31.81,29,1989.984236
-38.85,29,1990.412229
-32.92,31,1993.023926
-32.33,27,1993.586516
32.879433,61,1994.747162
-35.0,29,1995.320767
-32.01,29,1995.983546
34.974634,40,1996.940178
38.444444,21,1997.377666
-38.12,25,1997.914519
-38.38,49,1999.242231
-35.73,40,2000.088838
-44.6,24,2000.54234
-38.28,24,2000.983826
-41.85,29,2001.503941
-35.91,31,2001.960759
-39.0,23,2002.287728
-38.91,23,2002.61869
-41.01,20,2002.969665
-43.66,35,2005.896744
-44.12,25,2006.407742
-35.34,21,2006.770645
-35.21,34,2007.332059
-41.6,26,2007.800171
-44.27,20,2008.120699
38.059574,23,2008.382797
-38.24,34,2009.02699
-38.44,18,2009.42783
-47.44,15,2009.740822
-41.56,22,2010.179425
-35.48,36,2010.872485
32.534483,27,2011.422129
-41.16,25,2012.081338
-36.0,26,2012.6308
-40.57,27,2013.134645
-44.46,29,2013.688316
-32.37,30,2014.212522
-41.52,25,2014.707018
-41.88,21,2015.030276
-40.97,34,2017.993364
-38.2,22,2018.554783
-38.14,22,2019.002452
32.337931,43,2019.826261
-34.94,32,2020.711963
32.711538,36,2021.429993
-41.6,30,2022.025724
32.727273,31,2022.692256
-38.91,28,2023.322382
-34.7,33,2023.9995
-41.06,33,2024.605811
-35.24,29,2025.01047
-38.02,24,2025.452208
-41.42,17,2025.763599
-32.84,41,2026.396421
-37.35,35,2026.948219
-36.0,40,2030.090875
-36.0,35,2030.739256
-41.66,26,2031.276306
-41.41,26,2031.901621
-35.33,28,2032.410969
35.1875,28,2032.989036
-35.91,31,2033.611512
-36.9,31,2034.418376
-32.67,23,2034.94185
-41.21,29,2035.51457
-38.25,46,2036.386228
-38.91,21,2036.780716
-42.0,33,2037.293995
32.400901,38,2037.911924
-35.8,27,2038.338639
-35.34,34,2038.881463
-35.7,24,2039.323777
-44.07,20,2042.175927
-37.99,34,2042.766186
-34.53,31,2043.397469
-35.11,31,2043.975814
-38.46,23,2044.42804
-39.0,28,2044.93024
-38.41,30,2045.481327
35.161172,26,2046.195374
-44.12,28,2046.726228
-38.25,20,2047.226737
-40.55,24,2047.738611
-41.15,30,2048.314951
-32.35,28,2048.796172
-44.42,28,2049.266034
34.627465,30,2049.73998
-43.65,21,2050.095486
-34.55,42,2050.779778
-43.72,31,2051.376038
-44.12,27,2053.925486
-41.72,27,2054.352075
-38.24,34,2054.957425
-35.72,28,2055.453217
-32.47,64,2056.626515
-32.35,33,2057.208835
-37.75,29,2058.445325
34.985021,45,2059.292529
-35.21,28,2059.79362
-41.04,19,2060.133317
-41.06,27,2060.610485
-38.19,23,2060.984663
-41.35,24,2061.383621
-32.15,25,2061.79162
-35.5,30,2062.263122
-31.95,40,2063.049017
-35.06,34,2063.716285
-38.43,26,2066.745219
-35.68,37,2067.386354
-37.73,30,2067.931334
-38.83,34,2068.557271
38.079231,31,2069.149547
-44.65,32,2069.748197
36.0,22,2070.197224
-41.27,35,2070.857754
-41.24,28,2071.368557
-35.02,26,2071.806082
-41.78,23,2072.190477
-33.0,28,2072.674562
-32.46,34,2073.474999
-38.43,29,2074.306178
-36.0,24,2074.736769
-35.38,29,2075.254959
-35.04,33,2075.834826
-38.08,27,2078.329692
-32.71,36,2078.968722
-35.16,26,2079.439619
-41.22,36,2080.109302
-38.03,27,2080.602959
-38.42,25,2081.087335
-37.64,25,2081.564946
-44.39,25,2082.023916
-44.03,21,2082.460673
-41.34,27,2082.920718
32.813433,39,2083.5448
-32.63,34,2084.171837
-37.36,27,2084.622537
-32.8,28,2085.118526
-41.44,26,2085.693257
-35.15,35,2086.323853
-40.78,24,2086.775781
-41.01,22,2087.215762
-40.9,25,2090.607666
-40.91,22,2091.040992
33.0,24,2091.536102
32.032567,28,2092.093294
-35.58,30,2092.643066
-35.28,28,2093.199248
35.194444,31,2093.727251
-38.71,24,2094.124818
-36.0,23,2094.523564
-41.76,25,2094.925978
-36.0,29,2095.411082
-44.36,25,2095.845623
-32.1,46,2096.701811
-36.0,26,2097.166054
-33.0,33,2097.748867
-33.0,33,2098.343007
-38.64,31,2099.172257
-38.76,26,2099.698055
32.060606,40,2103.442473
-35.7,25,2103.932423
32.406593,32,2104.503876
-32.7,32,2105.01499
-32.11,32,2105.539031
-41.95,38,2106.148764
-32.83,30,2107.070514
32.25656,28,2107.586254
-32.64,29,2108.116997
-35.58,33,2108.728683
35.020349,32,2109.333768
-35.5,33,2109.948959
-38.2,24,2110.371228
-38.24,19,2110.767166
-38.79,32,2111.375015
-38.86,31,2112.031492
-38.19,27,2112.574324
-32.53,27,2115.182567
-38.39,27,2115.632886
-34.66,23,2115.982856
-34.88,30,2116.416632
-41.66,17,2116.698814
-38.47,32,2117.213228
-32.79,32,2117.794279
-35.75,20,2118.176344
-41.71,17,2118.483426
-37.69,25,2118.917195
35.222568,30,2119.433803
-38.09,29,2119.952142
-35.68,27,2120.448433
-38.35,25,2120.897245
-35.91,24,2121.363727
-38.08,26,2121.859659
-41.08,21,2122.249848
-35.38,31,2122.763792
-41.21,23,2123.511584
-39.0,26,2124.012894
-32.31,55,2126.990505
32.687273,34,2127.489571
-38.07,27,2128.162359
-41.0,27,2128.619638
38.401555,25,2129.04441
-41.53,21,2129.465809
-43.91,28,2129.972748
-38.3,26,2130.45397
-38.99,33,2131.07232
-44.24,19,2131.500864
-44.08,17,2131.83829
32.077465,51,2132.877142
-32.51,33,2133.523118
-45.64,21,2133.971852
-32.86,39,2134.702
32.375691,35,2135.408896
-45.0,27,2135.976359
-44.35,24,2138.408173
-43.42,17,2138.638609
-36.0,26,2139.007853
-41.25,28,2139.452689
-47.11,29,2139.921047
-44.31,33,2140.47513
32.31338,31,2141.009347
-39.0,30,2141.562752
-38.44,24,2142.019122
-35.91,33,2142.644832
-38.44,30,2143.189562
-38.31,28,2143.698334
-35.41,32,2144.281493
-43.99,27,2144.858856
-41.3,21,2145.273216
-32.71,27,2145.756204
32.875758,38,2146.578526
36.0,19,2146.885597
-44.77,20,2147.220494
-35.67,21,2149.484166
-39.0,23,2149.771932
-35.12,40,2150.360946
-33.0,32,2150.831191
-38.67,30,2151.332452
36.0,23,2152.361157
-36.0,25,2152.920264
33.0,30,2153.745918
-33.0,34,2154.536722
35.204082,23,2155.052087
33.0,78,2157.007885
32.520325,32,2157.692597
35.164723,27,2158.365115
-34.64,28,2158.856488
-44.15,27,2159.303871
-35.74,24,2159.737803
41.43451,28,2162.689998
-38.11,23,2162.980517
-38.2,26,2163.395559
34.906014,27,2163.799814
-35.43,33,2164.500761
-44.16,23,2164.973787
-36.0,25,2165.438517
-35.31,28,2165.908188
-35.25,28,2166.429487
-33.0,24,2166.84419
-41.43,35,2167.488264
-38.3,30,2168.065025
-32.91,30,2168.607253
-32.71,40,2169.337957
-38.34,21,2169.803485
-39.0,29,2170.363591
-41.55,24,2170.800148
-44.88,18,2171.14367
-32.09,32,2171.931215
-37.29,29,2174.886568
-31.51,30,2175.33763
-43.59,33,2175.943768
32.225,27,2176.389166
-42.0,23,2176.817265
-40.28,32,2177.417696
-39.0,29,2177.947587
-35.66,25,2178.373229
-41.58,19,2178.700624
32.172414,48,2179.720373
-44.18,22,2180.071972
35.550157,30,2181.00989
-36.0,26,2181.505967
-41.77,24,2182.005338
-35.08,36,2182.721328
-41.61,22,2183.175145
-32.18,25,2183.718204
-35.06,26,2184.327357
32.106719,37,2186.95498
-35.41,31,2187.458613
-38.72,28,2187.966398
32.424603,44,2188.998447
-42.0,26,2189.481039
-35.61,22,2189.88389
-38.65,26,2190.384018
32.65019,31,2190.953314
32.092715,28,2191.477115
-44.38,17,2191.782703
-33.0,25,2192.244102
34.647724,27,2192.774033
-39.0,27,2193.367795
-32.98,30,2193.941941
-41.59,32,2194.616471
-35.59,30,2195.219873
-35.88,25,2195.753963
-36.0,43,2198.566077
-32.28,33,2199.016223
-42.0,22,2199.387786
-41.93,17,2199.688626
-35.45,29,2200.18994
-32.62,30,2200.730065
-35.9,26,2201.152178
30.0,30,2201.785261
-32.77,31,2202.38277
-38.72,21,2202.745771
-38.43,34,2203.344048
34.294131,26,2203.784143
32.235521,33,2204.371749
-36.0,28,2204.82465
-44.19,39,2205.488639
41.801153,19,2205.829062
-45.0,25,2206.42366
41.482201,22,2206.980884
-38.88,29,2207.511902
-36.0,33,2209.876904
-34.38,33,2210.371934
32.261017,31,2210.834549
-38.76,21,2211.167859
-38.82,25,2211.592114
-44.44,29,2212.092154
-41.44,28,2212.618574
32.29572,36,2213.230853
-35.45,30,2213.748325
-38.73,24,2214.167744
-35.63,30,2214.653769
-35.26,27,2215.124305
-32.32,33,2215.687281
-43.65,31,2216.168463
-41.17,25,2216.61746
-41.76,24,2217.069944
-35.1,24,2217.491807
-41.3,23,2217.908865
-41.57,19,2220.186582
-38.78,23,2220.498538
-44.06,28,2220.851249
-35.43,28,2221.258896
34.905797,24,2221.611806
-39.0,27,2222.082153
-38.38,30,2222.576725
34.892477,28,2223.055351
32.041045,31,2223.563683
-35.27,30,2224.069755
-34.84,23,2224.491176
-38.81,29,2224.999869
34.677814,28,2225.471456
-35.15,37,2226.130312
37.818009,29,2226.689851
-42.0,18,2226.9931
-37.54,24,2227.37294
-42.0,28,2227.838629
-41.02,19,2228.193638
-32.39,51,2230.913151
38.217712,22,2231.17233
-44.82,19,2231.415353
-36.0,42,2232.174647
32.577778,26,2232.670745
35.565077,43,2233.384819
35.533783,31,2233.896427
-38.85,33,2234.450051
-31.71,35,2235.04893
-32.35,33,2235.594285
-35.68,27,2236.064548
-33.0,31,2236.554635
-32.64,35,2237.133322
35.758839,55,2238.15713
-40.79,17,2238.461106
-41.34,21,2238.817932
-36.0,31,2241.256632
-41.32,26,2241.577811
-32.74,32,2241.95324
-45.0,33,2242.394394
-35.84,31,2243.466923
-32.78,35,2244.048387
-38.24,20,2244.391675
-43.7,34,2244.97749
-41.39,30,2245.457203
-37.79,30,2245.986196
-42.0,24,2246.399763
38.481618,20,2246.7434
-41.8,21,2247.121172
-37.87,30,2247.63109
-32.58,25,2248.076379
-40.54,49,2248.904978
-32.5,31,2249.402331
-44.01,50,2251.982017
-32.57,29,2252.337136
35.565891,29,2252.759623
37.712417,68,2253.838112
35.625532,30,2254.285496
-41.71,26,2255.073764
-44.86,22,2255.458332
-44.01,26,2255.877347
-38.28,36,2256.481951
-32.74,30,2257.001636
-38.85,25,2257.409289
33.0,27,2257.838814
34.641074,29,2258.367489
-41.5,26,2258.835745
32.90106,26,2259.256309
-38.48,23,2259.672314
-43.79,29,2260.186343
-32.22,34,2262.907145
-34.47,38,2263.414021
-32.33,31,2263.910055
-40.21,33,2264.498125
-32.13,25,2264.936908
32.265734,43,2265.654556
-35.84,27,2266.119122
-41.61,26,2266.553167
-41.37,49,2267.628558
-41.82,30,2268.241434
-44.23,21,2268.683537
-41.57,22,2269.111859
-34.82,32,2269.736597
-36.0,28,2270.380751
-37.25,25,2270.858782
-39.0,36,2271.572017
-37.48,30,2274.360656
-47.41,16,2274.653047
-38.33,33,2275.11138
-43.47,19,2275.399149
-37.79,31,2275.879891
-44.09,30,2276.414809
-38.88,20,2276.753692
-43.37,34,2277.336896
-38.66,29,2277.848877
-44.26,31,2278.378446
32.757937,40,2279.095087
-41.71,25,2279.686019
-35.88,30,2280.324921
-32.16,29,2280.846316
-32.47,44,2281.599874
-38.69,34,2282.24001
-35.91,27,2282.685661
-35.31,29,2285.152479
-42.0,40,2285.753264
-38.29,25,2286.080985
-32.58,38,2286.574811
-38.86,19,2286.884685
-38.19,29,2287.373543
-36.0,26,2287.834683
-44.44,21,2288.209915
35.123596,28,2288.702678
-32.94,23,2289.879556
32.901141,23,2290.258972
-44.08,20,2290.674574
-38.26,32,2291.194873
-41.19,34,2291.81295
-35.3,30,2292.38256
-44.35,32,2292.915047
-44.52,19,2293.224838
-41.29,27,2293.688719
-41.92,23,2294.106167
-35.73,32,2296.766518
-36.0,119,2298.696033
-39.0,29,2299.209729
-35.75,33,2299.764016
-38.12,21,2300.136424
-38.06,31,2300.665431
-32.26,32,2301.199741
32.35249,39,2301.838899
-41.29,20,2302.175374
-31.57,39,2303.034389
-38.73,27,2303.598864
-42.0,21,2304.184828
-44.56,28,2304.741085
-41.14,36,2305.332463
35.194346,46,2307.789811
-44.51,33,2308.411642
-44.36,17,2308.812513
-38.06,23,2309.262087
-33.9,35,2309.961756
-38.42,29,2310.521298
-38.07,25,2311.004217
-41.91,50,2311.864987
-32.23,39,2312.985751
-41.5,22,2313.451316
-34.98,33,2314.184729
-32.8,33,2314.817877
34.766187,30,2315.320358
-44.67,24,2315.766395
-41.82,20,2316.214251
-45.0,17,2316.600814
-38.16,24,2317.068773
35.137782,39,2317.736392
-38.63,25,2319.700562
-32.74,28,2320.120595
-43.76,25,2320.535364
-32.21,21,2320.897414
-38.52,25,2321.298212
-32.05,44,2321.990841
-38.7,30,2322.522794
37.513608,29,2323.015781
-35.01,26,2323.580104
-32.13,30,2324.202691
-35.88,33,2324.807065
-38.07,47,2325.656567
-41.71,32,2326.310091
32.763265,31,2326.871664
-44.63,28,2327.35244
-42.0,22,2327.739913
-41.91,28,2328.222718
-44.15,28,2330.650219
-32.91,30,2331.119274
-41.28,25,2331.474351
-38.6,24,2332.094566
-41.14,21,2332.596185
-33.0,28,2333.130292
-41.52,24,2333.560816
-38.27,31,2334.187148
-32.61,37,2334.853644
-38.77,25,2335.361153
-41.79,21,2335.927079
-34.96,29,2336.467689
-32.97,36,2337.133868
-38.8,26,2337.693167
-41.47,27,2338.22634
-44.19,18,2338.553153
-38.82,20,2338.96143
-33.0,25,2339.505235
-47.73,21,2340.041461
33.0,37,2343.931416
-38.46,28,2344.388298
-40.89,29,2344.919509
37.198213,34,2345.478783
47.076596,16,2345.815968
-35.64,28,2346.469276
-35.3,27,2347.047926
-44.27,23,2347.652606
-38.59,24,2348.175022
-36.0,27,2348.759845
32.996564,28,2349.380204
-41.79,22,2349.776454
-44.29,183,2353.677415
-34.76,26,2354.227521
32.35873,36,2356.87675
-39.0,27,2357.237423
-38.85,26,2357.586956
-35.71,30,2357.996483
-38.52,28,2358.496334
32.606557,31,2359.062761
32.540426,32,2359.921521
-40.49,25,2360.431984
-38.09,21,2361.038906
-41.7,25,2361.510423
-38.88,23,2362.007295
-41.19,38,2362.763496
-39.0,49,2363.740148
-44.07,24,2365.078297
-38.55,39,2365.963605
-42.0,29,2366.517207
-41.04,24,2367.009295
-46.85,30,2369.627876
-41.43,35,2370.160696
-36.0,27,2370.556383
33.0,30,2370.973183
-47.82,23,2371.318569
-44.52,36,2371.955317
-39.0,24,2372.410094
-44.3,18,2372.79694
-35.54,30,2373.442823
-38.37,26,2373.947327
-38.85,23,2374.383749
-38.71,22,2374.808947
-42.0,28,2375.572134
-38.24,27,2376.321477
-38.67,26,2376.849508
-34.02,30,2377.385195
-32.38,35,2378.123901
-41.24,22,2378.54499
-38.95,29,2379.108878
-38.94,45,2382.110625
-41.44,21,2382.392592
-40.91,24,2382.712298
-32.63,31,2383.149216
-32.66,34,2383.608965
-41.56,26,2383.976024
36.0,45,2385.084436
40.528741,26,2385.586333
-42.0,24,2386.064197
32.533333,38,2386.794436
33.0,20,2387.244427
-38.58,34,2388.132396
-41.23,22,2388.537207
-42.0,41,2389.647113
-35.66,30,2390.282202
-35.64,42,2391.142724
34.917127,27,2393.718022
35.570397,25,2394.098546
-35.71,31,2394.500659
-41.2,35,2394.968307
38.565657,30,2395.424313
-42.0,26,2395.819099
-44.56,20,2396.100588
33.0,35,2396.686207
-42.0,23,2397.123412
-42.0,17,2397.436113
-38.22,33,2398.097537
30.0,30,2398.66146
-35.44,26,2399.112412
-42.0,29,2399.650827
-34.54,21,2400.040064
-43.93,20,2400.434517
-44.34,27,2401.208429
-43.25,20,2401.57127
-35.02,35,2402.382484
-35.06,29,2404.787651
-37.58,25,2405.184031
-35.88,25,2405.581971
-44.45,24,2405.935462
-38.44,22,2406.296422
-41.72,29,2406.730673
-38.78,22,2407.081365
32.023715,34,2407.617212
-38.42,26,2408.02027
-47.9,26,2408.422427
-42.0,24,2408.91419
-32.47,38,2409.691863
-35.75,44,2410.545782
-35.04,31,2411.146868
-38.31,35,2411.827748
-35.54,29,2412.424935
-37.8,24,2412.869856
-36.0,56,2416.229157
-41.45,29,2416.692344
-32.72,30,2417.162794
-47.81,31,2417.798038
-36.0,26,2418.303588
-37.57,21,2418.709191
-40.8,25,2419.07894
-44.4,29,2419.52135
-35.91,31,2420.008917
-38.39,30,2420.486425
-41.18,27,2420.910667
-31.93,28,2421.427999
-32.1,32,2422.005675
-44.18,22,2422.463976
-46.04,18,2422.81134
-41.18,24,2423.266517
32.709184,34,2423.872587
32.297794,41,2424.600225
-35.78,29,2427.215698
33.0,26,2427.640721
-41.62,28,2428.081259
-42.0,24,2428.493321
-37.72,26,2428.936314
-41.17,55,2430.028862
-32.1,36,2430.614859
-32.5,31,2431.097123
-45.0,27,2431.530566
-32.48,28,2431.990975
-34.67,28,2432.446399
35.076046,24,2432.915815
-38.19,26,2433.439898
37.7366,23,2434.306899
-47.4,22,2434.714194
33.0,33,2435.322159
-40.68,22,2435.720318
32.423077,33,2436.362096
35.254579,49,2439.505188
-41.37,19,2439.839444
-35.16,71,2441.379989
-38.78,29,2441.930035
-35.08,22,2442.355452
-35.47,102,2444.163266
-35.09,31,2444.759758
-39.0,27,2445.250869
-44.17,22,2445.629357
37.786622,26,2446.127468
-32.66,29,2446.64301
-38.22,26,2447.133568
-41.59,28,2447.668875
-38.45,22,2448.059787
-38.42,26,2450.80356
-44.1,21,2451.144317
34.605941,30,2451.664826
-38.13,31,2452.185533
35.487805,33,2452.834243
-37.74,32,2453.437263
-32.39,30,2453.907012
-36.0,42,2454.612396
-35.76,40,2455.223457
-42.0,20,2455.558643
-38.41,23,2455.987575
39.0,24,2456.489586
-37.86,29,2457.065193
-32.45,32,2457.656775
37.711207,35,2458.319802
32.004255,28,2458.926349
-38.04,27,2459.447153
-43.78,20,2459.796296
-37.79,37,2462.576375
46.246177,16,2462.826136
-35.36,27,2463.266917
-38.35,33,2463.821706
32.657895,26,2464.302594
-38.43,27,2464.783985
-41.51,24,2465.188838
32.772727,32,2465.636705
-41.58,28,2466.064529
-35.44,34,2466.571572
-38.1,27,2467.055929
-38.64,31,2467.753995
-35.23,33,2468.571242
-32.23,32,2469.17203
-44.1,25,2469.604399
-33.0,31,2470.210319
-42.0,22,2470.661269
-45.0,21,2471.052239
-39.61,22,2473.627565
-47.55,16,2473.91852
-38.38,29,2474.414746
-40.04,25,2474.90598
-36.0,30,2475.395224
-32.67,33,2476.022701
-36.0,22,2476.411225
32.872414,33,2476.954923
32.614173,45,2477.608452
-35.91,26,2477.983014
-45.0,19,2478.301579
-43.75,18,2478.549001
32.901235,43,2479.313901
-35.13,30,2479.891975
32.366667,36,2480.633753
39.574075,47,2481.516634
-45.0,27,2482.026298
-35.12,31,2484.759357
-32.11,33,2485.275007
-46.68,30,2485.790457
-32.71,109,2487.662189
-37.84,32,2488.216661
-44.53,18,2488.514383
-39.0,25,2488.840137
-37.93,28,2489.229559
-32.58,53,2490.014937
-36.0,35,2490.558384
-35.68,31,2491.024559
37.094468,23,2491.401065
-41.34,20,2491.767303
-38.01,26,2492.253216
-37.96,27,2492.796698
-38.91,29,2495.653692
-44.4,20,2496.025663
-38.81,26,2496.445977
37.524837,27,2496.88866
-32.12,41,2497.534178
-41.3,21,2497.842098
-38.91,28,2498.302378
-35.94,24,2498.715054
32.943775,27,2499.425946
35.307407,27,2499.966962
-35.89,30,2500.521674
-35.96,56,2501.572768
-32.2,28,2502.003573
-38.48,31,2502.50332
34.440071,29,2502.949525
-41.57,22,2503.320101
-34.52,25,2503.719081
-43.62,20,2504.070523
32.11245,24,2506.432318
38.040816,22,2506.850808
-37.37,27,2507.387285
-35.83,26,2507.810134
-40.91,22,2508.169369
-39.0,23,2508.609229
-37.65,23,2509.011084
-38.57,20,2509.32596
-32.01,51,2510.297113
-41.61,26,2510.790292
33.0,39,2511.551108
-38.57,28,2512.12292
34.449664,29,2512.656843
-32.39,30,2513.260317
32.389091,28,2513.856251
-38.9,24,2514.226172
-35.15,30,2514.715293
-39.0,32,2515.196295
-44.78,21,2517.600018
-35.41,27,2518.062991
-34.32,32,2518.616266
-43.06,30,2519.156677
-41.23,34,2520.012048
-38.39,31,2520.927253
-44.48,25,2521.574972
-38.41,22,2522.086964
33.0,28,2522.659258
-42.0,22,2523.15206
-38.18,43,2523.960625
34.843294,25,2524.395169
-42.0,46,2525.296852
-44.62,27,2525.815543
-41.5,24,2526.321285
-32.15,31,2526.783574
-42.0,45,2527.528391
-44.11,16,2527.760829
-41.28,22,2530.724388
-41.7,24,2531.20608
-36.0,23,2531.61232
32.088578,38,2532.203146
-35.11,31,2532.709027
-39.0,24,2533.203072
32.139344,28,2533.692737
-35.14,35,2534.362154
-38.01,25,2534.841029
32.738372,51,2535.760943
-42.0,27,2536.276648
-38.03,20,2536.648909
32.106897,29,2537.228271
-41.57,46,2538.069828
32.75,33,2538.579556
-40.35,23,2538.922793
-44.22,22,2539.242717
-41.13,24,2541.606954
-44.76,25,2542.006382
32.319066,25,2542.468246
37.216459,25,2542.907012
34.942854,39,2543.650798
-41.33,28,2544.157432
-39.0,23,2544.567328
-40.66,31,2545.220628
32.06338,27,2545.963431
-33.0,78,2547.52423
-40.77,22,2547.923104
34.510412,30,2548.435226
-41.49,28,2548.923725
-47.19,19,2549.266347
-37.0,22,2549.647799
-35.56,29,2550.081734
38.653696,22,2550.39696
-37.16,40,2552.901903
-35.65,32,2553.363254
-44.06,19,2553.663785
-37.92,30,2554.131808
-36.36,30,2554.653389
-35.5,37,2555.295295
32.466431,34,2555.868489
41.52809,23,2556.31859
-44.62,19,2556.683123
-34.47,32,2557.22073
-39.0,25,2557.647309
-32.37,40,2558.327031
34.704819,25,2558.750031
-38.81,25,2559.180085
-41.61,20,2559.546762
-44.43,26,2559.978176
-35.34,22,2560.348647
-39.0,24,2560.684774
-35.11,26,2561.035079
-35.43,26,2563.227329
-43.87,19,2563.515044
37.503951,27,2563.923866
-40.61,26,2564.340708
-34.02,24,2564.683194
-38.56,32,2565.177253
-35.39,27,2565.632272
-38.26,26,2566.074767
-38.18,25,2566.538886
-36.0,29,2567.02469
-38.17,34,2567.59783
-33.0,31,2568.12682
-35.33,28,2568.780843
-42.0,27,2569.280493
-32.75,29,2569.790951
-35.88,26,2570.283246
-32.04,27,2570.762201
35.766917,25,2571.44033
-36.0,37,2573.982654
32.236948,48,2574.705604
-38.11,35,2575.267641
-41.38,18,2575.558345
-39.0,22,2575.956465
-35.3,35,2576.737958
-38.68,29,2577.293742
-32.6,38,2578.022226
-38.03,27,2578.461329
32.703704,29,2578.960583
-37.97,124,2581.498347
32.402655,29,2582.14007
-33.0,25,2582.681076
-35.32,31,2583.277837
-38.16,33,2585.907719
35.683274,25,2586.33879
34.171924,31,2586.870016
41.222222,18,2587.205556
-37.76,22,2587.570543
-32.03,41,2588.390374
38.374731,25,2588.914268
-40.96,27,2589.402173
35.900524,20,2589.745491
-44.07,27,2590.254309
-39.0,29,2590.874608
-32.44,32,2591.4767
-45.0,22,2592.043604
-44.04,21,2592.503492
38.662724,20,2592.869864
-32.52,30,2593.444044
-41.45,28,2594.038942
-36.0,29,2594.957861
-37.09,33,2595.53789
32.877698,32,2598.2537
35.584158,25,2598.674806
-31.8,42,2599.377242
-35.57,28,2599.894551
-35.87,32,2600.73948
-32.35,28,2601.258476
34.807536,33,2601.863465
-36.0,28,2602.38636
-32.22,34,2603.026306
-32.84,28,2603.554682
-41.16,24,2604.013812
-38.88,27,2604.533675
-39.0,28,2605.090357
-35.58,25,2605.566943
-47.2,17,2605.860193
32.751969,37,2606.572921
-32.33,38,2607.316009
-38.13,24,2607.731336
33.0,29,2610.419543
-35.11,30,2610.886789
-38.95,26,2611.32685
-33.0,31,2611.900327
37.229665,29,2612.462378
-41.17,20,2612.833613
-44.22,19,2613.181376
-40.06,28,2613.830587
-36.0,32,2614.434982
-41.53,24,2615.056607
-44.07,20,2615.474257
36.710728,27,2615.989573
-38.18,29,2616.5419
33.0,31,2617.147756
-42.0,22,2617.559376
-32.1,28,2618.091966
-36.0,24,2618.51361
32.545139,29,2618.986909
-42.0,24,2620.245051
-41.49,19,2622.411126
-34.94,34,2622.946914
32.509804,31,2623.462166
-32.75,44,2624.54939
-35.1,27,2625.067713
-36.0,30,2625.638846
-38.43,20,2625.873378
-45.0,37,2626.571501
-32.66,30,2627.238911
-44.03,30,2627.934333
-40.38,25,2628.421396
-38.44,42,2629.165512
-38.71,27,2629.631267
-37.85,29,2630.169405
32.105455,30,2630.733596
-35.9,28,2631.278096
-35.34,27,2631.802805
32.333333,31,2634.193188
-35.2,38,2634.830578
35.427632,23,2635.224699
-35.26,26,2635.705253
32.218519,29,2636.288002
-32.41,26,2636.80169
-36.0,30,2637.365774
34.26934,40,2638.139225
32.244828,33,2638.804719
-43.5,26,2639.27879
-38.09,27,2639.741938
-39.0,27,2640.240113
38.275218,22,2640.66556
-35.25,31,2641.232233
-38.4,29,2641.770726
-38.72,27,2642.233688
-36.0,31,2642.802309
-42.0,30,2643.359861
-34.27,35,2645.86492
-39.0,21,2646.140672
36.0,20,2646.675801
-41.47,22,2647.101548
-37.9,28,2647.690036
-41.25,25,2648.296314
-36.0,51,2649.320681
-41.4,23,2649.731422
-35.55,27,2650.225909
-32.53,33,2651.060624
-38.01,25,2651.522421
-44.51,15,2651.806838
-35.94,22,2652.221424
-32.32,36,2653.042943
-32.79,32,2653.650094
-33.0,24,2654.082004
32.264407,31,2654.640347
32.064151,27,2655.177984
-38.03,23,2657.646441
-38.11,22,2657.943236
-38.47,31,2658.371712
-47.48,21,2658.755411
-38.97,20,2659.183049
-34.68,23,2659.724144
-35.79,48,2660.609851
-40.75,36,2661.218811
33.0,32,2661.803899
-38.24,22,2662.305734
-38.04,26,2662.858948
-33.0,40,2663.56731
-35.04,24,2664.010665
-39.0,18,2664.335127
40.808271,25,2664.778493
-35.53,34,2665.379308
-35.75,23,2665.75441
-32.91,35,2666.346578
-38.81,36,2668.751532
-38.81,28,2669.09051
-38.4,30,2669.45932
-39.0,30,2669.911575
-38.87,31,2670.461629
-41.23,18,2670.780618
-41.58,26,2671.322026
-41.54,28,2671.795982
-32.08,24,2672.18019
-38.29,29,2672.709364
35.460905,27,2673.173975
-43.27,21,2673.544371
-35.23,25,2673.960093
32.187661,36,2674.560391
-41.51,28,2675.0303
-41.7,34,2675.807973
-41.07,24,2676.262501
-44.04,27,2676.729762
35.00245,37,2679.607703
-37.71,30,2680.150447
-41.83,22,2680.524262
-38.41,24,2680.912813
34.880572,36,2681.571218
-40.89,28,2682.62364
-37.85,34,2683.359128
-35.76,24,2683.935831
-41.54,23,2684.542419
-38.52,22,2685.043444
-41.52,35,2685.7952
-32.58,31,2686.489597
-38.81,24,2687.061033
-38.37,28,2687.67755
-41.12,27,2688.231989
35.075472,26,2688.769476
-44.85,18,2689.119831
34.307454,40,2689.983181
-38.5,23,2690.409039
-32.48,28,2693.041857
-38.04,25,2693.454498
41.212655,22,2693.858038
-40.81,33,2694.520387
-42.0,24,2694.953841
-41.5,21,2695.315174
-40.92,22,2696.171504
-41.6,29,2696.828375
-32.14,34,2697.60505
38.630027,26,2698.197701
-38.48,26,2698.836824
-35.84,28,2699.519303
-33.0,35,2700.366278
-39.0,23,2700.857499
-35.11,31,2701.500282
-45.0,24,2702.08107
-38.9,22,2702.514646
-41.5,75,2706.601433
-34.85,33,2707.102139
-41.66,23,2707.417041
33.0,27,2707.866902
34.912593,27,2708.31358
-32.59,23,2708.753861
-38.01,37,2709.469676
-42.0,25,2710.169044
-38.65,24,2710.645297
-41.55,25,2711.060017
-41.26,18,2711.394389
-38.7,24,2711.861772
-32.94,32,2712.456097
38.625592,22,2712.880327
-36.0,24,2713.351227
38.481112,25,2713.823401
-41.31,27,2714.31144
-44.29,19,2714.681307
-41.4,24,2715.11956
-35.28,30,2715.677386
-35.76,33,2719.007481
-44.3,21,2719.320166
-32.56,38,2719.961703
-42.0,26,2720.465648
-44.07,25,2720.936665
32.072414,23,2721.409253
-30.0,31,2722.025267
-38.26,29,2722.515646
-35.97,28,2723.130625
-41.69,37,2724.054744
-37.13,28,2724.667926
-36.0,22,2725.12709
-44.01,26,2725.59505
-38.91,22,2725.932667
-33.0,34,2726.533929
-32.48,32,2727.09249
-34.68,37,2727.736394
-33.0,32,2728.825801
35.682836,24,2731.12894
-34.94,39,2731.704215
37.348612,30,2732.431145
-39.63,30,2732.990327
32.22028,30,2733.558233
32.035971,30,2734.179157
-41.09,20,2734.738538
-43.64,21,2735.08431
-38.84,41,2735.787487
-41.42,19,2736.191141
-40.87,37,2737.019998
-35.8,29,2737.550648
-32.36,26,2738.140038
-43.81,21,2738.788486
-35.77,25,2739.615492
-33.0,35,2740.510726
-44.27,17,2740.908068
-41.03,26,2741.405719
-33.0,32,2744.254539
-39.0,27,2744.799113
34.629936,27,2745.311616
-39.0,27,2745.793565
34.353965,31,2746.440107
-35.91,39,2747.703105
-35.15,25,2748.401139
-38.76,38,2749.202475
-35.04,27,2749.782233
-41.29,23,2750.418436
-38.7,28,2751.024176
-37.45,23,2751.575683
-35.75,27,2752.202522
-41.45,25,2752.803823
39.0,20,2753.312942
38.025103,29,2754.091038
-38.37,30,2754.818077
-41.15,22,2755.43736
-35.36,31,2756.095277
-38.41,27,2758.521273
-35.73,30,2759.035402
-44.75,27,2759.542421
40.608032,41,2760.355837
-32.58,26,2760.896575
-42.0,32,2761.497168
34.419821,29,2762.218523
-38.48,29,2762.852067
-35.99,28,2763.39741
-35.57,28,2764.036168
-41.58,39,2764.987603
-38.76,23,2765.428
-41.15,21,2765.865259
-47.25,23,2766.269176
-35.7,32,2767.052021
36.773798,31,2767.672714
-44.63,20,2768.123508
40.086537,26,2768.543616
32.174603,49,2771.039621
33.0,29,2771.448529
32.132867,43,2772.185567
-38.38,62,2773.496091
-34.27,24,2773.946529
-41.86,34,2774.628194
-37.58,28,2775.124572
-41.58,23,2775.536964
-44.53,26,2775.976686
-33.0,37,2776.659893
38.652318,23,2777.021227
-35.39,31,2777.580565
-37.47,27,2778.04829
-45.81,20,2778.414288
-38.47,23,2778.820493
-41.34,34,2779.475797
-35.11,25,2781.77725
-39.0,26,2782.162943
-38.49,24,2782.524048
-32.59,34,2783.047966
-32.63,28,2783.523057
-36.0,30,2784.195057
-35.68,29,2784.742657
-35.59,43,2785.523714
-38.2,32,2786.167975
-45.0,15,2786.461839
-35.09,30,2786.962324
-38.39,27,2787.432684
-32.47,28,2787.925236
-34.56,32,2788.484607
-40.84,26,2789.315093
-41.7,32,2789.970819
32.5,37,2790.75337
-43.84,23,2793.014947
-39.0,29,2793.664564
-41.35,21,2794.135178
32.113208,32,2794.663402
-38.34,30,2795.242497
-38.61,22,2795.703996
-33.0,24,2796.168601
32.072202,29,2796.73301
-35.02,32,2797.306099
-38.96,25,2797.734449
-44.91,19,2798.163229
43.024245,25,2798.60489
-41.79,27,2799.114998
-38.06,25,2799.574226
-35.85,26,2800.015056
34.692845,31,2800.547469
-40.08,23,2800.953501
-35.34,24,2801.353786
-33.0,30,2801.901238
-32.84,34,2804.483739
32.618677,31,2805.01781
-41.53,24,2805.47616
-36.0,28,2805.931729
-32.2,35,2806.597528
-36.0,22,2806.908144
32.401408,57,2808.308079
38.697917,25,2808.758686
-41.32,25,2809.225612
-32.95,36,2809.858007
41.261029,22,2810.69175
32.775701,34,2811.280293
-35.65,28,2811.795036
-33.0,37,2812.488533
-35.17,37,2813.135586
-35.37,24,2813.55671
-36.0,40,2814.234469
-38.85,34,2816.955467
-46.64,25,2817.329109
-43.57,22,2817.69208
-39.0,25,2818.10469
-35.46,27,2818.531843
-35.28,32,2819.106173
38.197674,37,2819.956158
-39.0,30,2820.494307
-37.21,28,2821.024107
-33.0,43,2821.791533
32.163498,31,2822.391644
-33.0,25,2822.836905
32.192308,45,2823.645087
32.549091,29,2824.16945
35.202572,30,2824.717203
-41.75,39,2825.50562
-35.35,29,2828.265155
32.249097,50,2828.990079
-43.39,25,2829.355654
-41.03,22,2829.682104
40.371595,23,2830.071189
32.219048,34,2830.690326
-36.0,29,2831.200785
-38.03,30,2831.723845
-44.18,24,2832.193223
-38.88,24,2832.601176
-32.77,29,2833.128957
-41.11,22,2833.530987
-41.75,24,2833.945215
-32.68,31,2834.56157
-36.0,24,2835.005581
37.952652,26,2835.478994
-43.51,25,2835.916671
-44.7,27,2836.404805
-36.0,30,2839.058033
-38.29,26,2839.601885
-36.0,58,2840.483057
-36.96,31,2840.905662
32.277778,44,2841.62907
-35.02,24,2842.186868
-41.5,20,2842.523887
-32.88,35,2843.243416
-35.31,34,2843.894276
-36.0,50,2845.004989
-32.72,33,2846.025504
-37.82,30,2846.550998
-35.43,32,2847.177882
-41.79,23,2847.659684
-37.78,27,2848.270233
-32.19,26,2848.976297
-38.74,25,2851.337194
-43.71,76,2852.521751
-41.8,25,2852.877874
-38.61,28,2853.30101
35.378277,29,2853.717899
-32.65,32,2854.18614
35.698413,25,2854.665545
-35.37,37,2855.274077
-32.97,41,2855.976288
-42.0,31,2856.51251
-40.78,25,2856.93831
-43.68,18,2857.299485
-33.0,30,2857.790496
-33.0,38,2858.662829
-36.0,31,2859.117467
-41.75,29,2859.604224
-40.25,28,2861.996597
-32.91,39,2862.668282
-38.11,27,2863.155822
-38.05,32,2863.671284
-32.27,38,2864.231618
-36.0,43,2864.906432
-37.96,34,2865.412245
-41.28,23,2865.808439
-44.81,31,2866.356271
-46.83,17,2866.682425
-44.68,18,2867.002209
-32.27,24,2867.758351
36.0,30,2868.295986
-35.91,24,2868.740204
33.0,52,2869.745993
-38.46,29,2870.461246
38.030651,36,2873.18093
-38.53,24,2873.642409
-38.86,33,2874.258107
-38.36,27,2874.776191
-44.7,19,2875.413092
-35.27,39,2875.961781
-34.28,40,2876.595186
32.541818,37,2877.184796
-38.88,27,2877.599498
35.051402,24,2878.069178
-35.83,42,2879.052918
-41.62,20,2879.449798
-44.49,131,2882.083984
32.765799,26,2882.699028
-32.53,28,2885.41953
-43.77,22,2885.895715
-44.03,26,2886.469856
-38.81,23,2886.988114
-42.0,29,2887.640232
-44.55,30,2888.166173
-38.68,21,2888.552397
-32.91,39,2889.156444
-39.0,21,2889.538747
33.0,41,2890.235202
-44.16,28,2890.716549
-36.0,32,2891.392243
-39.0,25,2891.937423
32.105691,32,2892.548918
-41.03,25,2893.074562
34.614271,28,2893.639736
-32.91,30,2894.352744
37.432625,31,2895.099545
-32.01,35,2897.953511
-44.24,29,2898.542655
-32.12,35,2899.579195
32.328488,30,2900.229732
30.0,30,2900.879484
-41.44,26,2901.465142
34.597476,45,2902.173157
32.82266,27,2902.657876
-38.41,31,2903.189295
-40.61,25,2903.611746
-44.21,35,2904.276695
31.996552,25,2904.723142
-41.85,25,2905.204528
-41.89,28,2905.765566
34.724359,27,2906.31182
-38.32,31,2906.901831
-44.98,19,2907.21115
32.693878,33,2909.521425
32.724359,35,2910.182925
-41.6,26,2910.664821
-43.48,23,2911.164086
-35.47,33,2911.78615
-41.85,24,2912.283378
-40.51,30,2912.938582
-37.51,24,2913.398851
-39.0,22,2913.829844
-35.61,30,2914.440293
-38.46,28,2915.031685
-38.2,31,2915.591572
-47.37,20,2915.934749
-41.54,29,2916.478511
32.75,36,2917.163421
-32.26,28,2917.713269
-35.65,24,2918.237553
-39.0,26,2918.784684
-44.19,30,2919.275841
-41.56,22,2921.746031
-41.33,31,2922.340117
33.0,34,2923.234148
-41.53,33,2923.889511
35.440273,31,2924.490082
35.79878,52,2925.500829
-37.82,32,2926.528519
32.434457,32,2927.110327
37.5226,24,2927.528495
40.286078,21,2927.894105
-33.0,23,2928.242875
38.209302,21,2928.556454
32.474453,32,2929.015458
-35.94,30,2929.48353
42.513257,35,2930.095586
-38.77,23,2930.55371
36.903884,23,2931.017184
41.029205,21,2931.421843
-39.0,18,2934.21298
32.836806,37,2935.076518
-35.65,31,2935.778473
32.386667,24,2936.324971
-38.28,41,2937.232849
-41.54,23,2937.682302
-42.0,28,2938.194854
-35.44,28,2938.801734
-32.02,31,2939.437097
-36.0,25,2939.90001
-41.39,28,2940.414956
32.514745,35,2941.316348
-32.23,33,2941.906773
-36.0,41,2942.554427
35.620833,25,2942.948311
-38.42,21,2943.260905
-41.53,29,2943.804985
-35.28,31,2946.616797
-38.88,24,2947.0688
-42.0,27,2947.566408
-38.88,34,2948.19976
-38.33,27,2948.722065
32.321429,30,2949.335771
32.349624,32,2950.056514
-35.9,28,2950.541312
-44.06,22,2950.919136
32.902027,25,2951.420017
38.654206,22,2951.838996
-38.46,28,2952.352337
-40.79,23,2952.775181
-32.35,28,2953.273702
-38.39,30,2953.930593
-35.81,39,2954.554738
-35.5,33,2955.102015
-44.19,21,2955.470426
-41.12,39,2958.245845
32.272727,38,2958.994293
-38.06,29,2959.528103
-32.76,38,2960.014733
-47.3,23,2960.473598
-41.94,20,2960.877897
-38.51,35,2961.654495
37.473384,33,2962.402803
32.606426,27,2962.999465
-38.29,24,2963.515985
-43.94,20,2963.958799
-44.81,28,2964.544967
-34.04,36,2965.341792
36.0,22,2965.719507
-35.57,32,2966.304281
34.943603,31,2966.819031
-38.51,21,2967.190113
-38.55,26,2967.634015
-40.79,26,2970.275651
-41.36,34,2970.991229
-34.68,24,2971.41216
-44.27,27,2971.929943
35.529617,32,2972.489674
-32.89,29,2973.046595
-35.0,43,2973.837469
38.568646,35,2974.541538
-43.6,31,2975.189385
-38.17,25,2975.977043
-36.83,22,2976.838469
-38.83,32,2977.542802
-44.59,20,2977.912681
-41.39,30,2978.404891
-41.61,29,2978.831264
-39.0,26,2979.260478
-41.08,20,2979.595012
-35.11,41,2982.282785
35.165217,26,2982.898391
-38.81,23,2983.310684
-42.0,27,2983.774645
38.407507,30,2984.300114
-36.0,23,2984.749362
41.220935,37,2985.47253
32.323308,37,2986.17175
38.112583,22,2986.609537
32.245487,36,2987.260447
-38.39,25,2987.736322
-47.4,21,2988.148276
-37.47,26,2988.934856
-41.07,31,2989.525175
32.165017,31,2990.124398
-38.14,31,2990.653658
-38.85,30,2991.222363
-42.0,23,2991.622205
-37.62,36,2994.517079
-41.32,28,2995.088536
-35.22,31,2995.66187
-35.8,32,2996.285863
-33.0,37,2996.934119
-38.1,31,2997.59494
-44.32,24,2998.103529
-38.71,25,2998.646979
-37.73,28,2999.233428
-35.31,33,2999.882988
-32.43,30,3000.440611
-41.55,29,3001.076104
-46.27,21,3001.511008
-43.72,21,3001.962721
-36.0,21,3002.684975
-44.01,23,3003.175743
-32.08,37,3003.73827
-39.0,33,3004.206179
37.99534,27,3006.720029
-34.77,36,3007.38642
-35.91,31,3007.990284
-40.82,26,3008.477064
-35.42,28,3008.983077
-32.16,40,3009.934418
-46.22,24,3010.381172
-41.57,24,3010.852621
-35.16,29,3011.366154
32.657534,28,3012.000324
-38.18,31,3012.582411
35.340336,26,3013.065157
-36.0,22,3013.463516
-38.68,23,3014.073417
-32.03,37,3014.844331
-33.0,24,3015.337119
-41.32,24,3015.797457
-41.04,23,3016.204958
38.064691,27,3016.635834
-38.35,19,3019.181551
38.283333,21,3019.608204
-41.92,17,3019.896241
-38.26,34,3020.530981
-35.17,31,3021.098363
32.533557,30,3021.682635
-39.0,21,3022.087331
-39.0,33,3022.688913
-36.0,23,3023.111303
-38.67,26,3023.582842
-44.75,25,3024.071282
-38.15,27,3024.572586
-42.0,24,3025.002842
-41.32,26,3025.464133
-41.05,25,3025.950219
-41.97,23,3026.407454
32.01938,28,3026.907351
-41.21,31,3027.398515
35.684631,27,3027.793207
-44.32,28,3030.703035
-35.78,35,3031.739725
-35.4,39,3032.513211
-44.87,22,3032.974079
-38.15,31,3033.737148
33.0,37,3034.658524
-37.03,36,3035.402197
-42.0,22,3035.962996
-35.51,26,3036.852761
-41.26,34,3037.623247
-35.85,30,3038.319335
-32.05,35,3039.065995
-38.68,46,3040.07844
-41.32,22,3040.595701
-34.85,28,3041.192562
-37.69,27,3041.764009
-44.3,21,3042.09172
-35.14,31,3045.119323
-47.02,22,3045.660427
-43.42,17,3046.040693
-41.56,30,3046.59951
38.170257,28,3047.145075
32.569767,37,3047.879903
32.227273,34,3048.521034
-35.64,29,3049.116402
-38.46,24,3049.847701
-35.37,24,3050.434635
33.0,28,3051.107059
-32.42,38,3052.028753
-35.36,32,3052.702401
-38.59,23,3053.257255
-37.38,34,3054.028888
35.025532,27,3054.620716
-36.0,30,3055.408516
35.32971,30,3055.915372
33.0,29,3058.817385
-35.21,34,3059.528988
-35.54,30,3060.141871
-35.56,33,3060.851581
-38.31,43,3062.168655
-38.29,29,3062.770872
-43.28,22,3063.246499
-42.0,24,3063.78556
-39.0,25,3064.30745
-38.0,37,3065.058257
-32.53,31,3065.763359
-42.38,25,3066.359846
35.003759,27,3067.04789
-34.34,31,3067.768341
32.058632,28,3068.334457
-32.91,29,3068.891167
-41.15,21,3069.267805
-35.74,27,3069.821597
35.467045,29,3072.82753
-38.07,40,3073.706774
-38.01,25,3074.245618
38.169364,25,3074.742701
-38.71,24,3075.228807
-34.89,28,3075.803182
-38.71,24,3076.270294
-36.0,23,3076.711527
-38.68,30,3077.318035
-44.29,24,3077.828393
32.061151,36,3078.593204
34.180242,32,3079.195197
-39.0,25,3079.649272
-33.0,29,3080.248603
32.124629,40,3081.0739
-35.14,31,3081.743011
-44.18,23,3082.200583
-39.0,21,3082.699449
-43.62,35,3085.803994
-35.29,41,3086.732882
-37.65,43,3087.648551
-32.91,24,3088.246114
-38.79,28,3088.978742
-44.87,19,3089.728483
-32.71,31,3090.577343
37.625132,29,3091.335265
-37.92,25,3091.956426
-38.64,31,3092.739166
37.800692,23,3093.324557
-35.42,31,3094.018004
-44.77,23,3094.502409
35.188341,30,3095.108018
32.052846,35,3095.848494
32.05,41,3096.561381
-41.62,21,3097.235356
-38.71,21,3099.662831
-33.0,34,3100.341871
-32.02,34,3100.981453
-38.5,22,3101.385645
-38.1,22,3101.803848
-37.87,30,3102.364872
34.342278,34,3102.998573
32.374074,35,3103.641288
-41.6,26,3104.146054
-33.82,29,3104.676147
-35.55,30,3105.234336
-32.97,22,3105.614976
-33.0,37,3106.368345
-47.51,23,3106.75669
-38.02,28,3107.286161
37.846188,23,3107.679327
35.360404,33,3108.220918
-40.66,31,3108.726579
-43.87,28,3111.091702
-38.1,29,3111.57492
-42.0,28,3112.136541
-35.68,30,3112.690687
-40.75,30,3113.254755
-43.05,29,3113.839394
35.367347,31,3114.457494
32.297398,31,3115.089912
35.126437,29,3115.615086
-44.7,28,3116.271287
-42.0,23,3116.775627
-35.28,28,3117.283097
32.286275,27,3117.799394
-35.13,30,3118.426173
-37.71,30,3118.972039
-38.75,37,3119.616714
32.090592,35,3120.177553
-38.15,30,3122.777374
35.143396,25,3123.189715
37.168193,29,3123.619686
-41.4,25,3124.344633
34.444631,38,3125.025234
32.586111,34,3125.673531
-44.72,27,3126.198349
33.0,35,3126.929798
32.489164,38,3127.611949
-35.19,39,3128.334674
-35.04,25,3128.791103
31.682692,27,3129.383039
-38.76,40,3130.153083
-45.0,50,3131.06951
-43.4,18,3131.366336
35.350321,30,3131.940206
-39.0,27,3134.82812
-35.47,27,3135.25733
32.534799,30,3135.786336
-38.95,25,3136.206393
-35.28,32,3136.839117
-40.8,28,3137.470265
-35.73,31,3138.299341
-35.27,35,3139.277439
-35.87,31,3140.004162
32.065134,45,3141.058505
-39.0,19,3141.544118
-41.8,21,3142.05519
-44.66,80,3144.178578
44.273973,18,3144.51688
-35.76,28,3145.012261
-41.22,25,3145.578985
-32.29,31,3148.199127
-43.72,28,3148.707898
32.479839,28,3149.298626
-41.49,27,3149.825655
-38.34,26,3150.352185
-32.26,32,3151.375943
-38.68,30,3152.00777
33.0,34,3153.060157
-41.88,37,3153.8073
-42.0,41,3154.604916
-35.68,28,3155.232404
-38.88,24,3155.722749
-38.47,26,3156.240183
-35.34,29,3156.789169
-37.87,22,3157.257319
-41.54,26,3157.759037
-41.37,31,3158.365481
-41.06,23,3158.836947
-32.57,40,3161.854652
36.0,27,3162.301578
-35.61,35,3162.97876
-44.32,17,3163.275972
-38.13,26,3163.812737
-43.5,22,3164.241169
-38.73,37,3165.069848
-34.16,28,3165.784293
-32.63,27,3166.351772
-38.3,31,3167.02665
-38.3,22,3167.498696
-32.75,26,3168.05985
-40.52,23,3168.759502
-38.75,33,3169.519252
35.369628,26,3170.443763
-33.0,30,3171.403887
-41.66,36,3172.283819
38.436426,26,3172.728998
-41.29,23,3175.214849
35.876404,26,3175.638448
-38.74,30,3176.081722
35.09607,28,3176.549524
-36.0,23,3176.904219
-41.54,27,3177.394163
-39.0,20,3177.784434
-35.55,23,3178.27382
31.715232,29,3178.828613
-41.59,22,3179.248783
-32.55,31,3179.862906
32.166052,29,3180.468187
32.651099,22,3181.183726
-43.92,28,3181.714171
-42.0,21,3182.115878
-39.0,23,3182.542363
-41.26,26,3183.054705
-44.27,23,3183.485676
-33.0,29,3183.999287
-41.17,28,3184.443186
-32.31,26,3186.867505
-41.7,18,3187.207653
-41.25,27,3187.638157
-41.36,21,3187.993864
-32.64,33,3188.525831
-35.02,28,3188.933305
-32.2,28,3189.384891
-40.56,35,3190.043506
32.483636,31,3190.632245
-41.42,32,3191.238156
37.088511,27,3191.755795
-43.74,21,3192.154448
-38.91,25,3192.600129
-41.35,28,3193.12304
-41.29,26,3193.640071
32.481481,30,3194.245821
-38.37,24,3194.770503
42.0,15,3195.044175
-41.48,25,3195.444379
32.056106,41,3198.635689
-38.77,23,3199.099808
35.844765,24,3199.494343
-31.91,47,3200.18487
-43.53,22,3200.505691
-35.76,44,3201.215574
-39.0,26,3201.689223
-38.6,23,3202.143569
-35.81,33,3202.991269
-32.0,30,3203.550412
-39.0,31,3204.199982
43.633531,16,3204.520533
-35.51,26,3205.019849
-35.26,37,3205.738018
-32.71,34,3206.568388
-38.42,31,3207.137713
40.303515,25,3207.549536
40.258725,20,3207.868145
-39.0,33,3211.016326
-37.86,28,3211.479543
-35.81,25,3211.905164
-41.55,23,3212.285523
-44.2,32,3212.804935
-38.2,20,3213.16654
-37.57,30,3213.656958
-44.09,17,3213.998818
-38.71,31,3214.61369
-32.65,30,3215.295717
-38.83,20,3215.666562
-40.52,16,3215.973529
-36.0,28,3217.14789
-33.0,24,3217.605776
-44.28,18,3217.925449
-44.88,22,3218.335954
-38.46,30,3218.866023
-32.68,30,3219.422351
-35.38,35,3219.987187
-40.88,22,3220.330472
-41.79,33,3223.085672
-43.04,28,3223.599642
-38.75,54,3224.731454
32.324111,40,3225.493298
-32.79,28,3225.993718
-38.43,25,3226.481106
34.98879,33,3227.044014
34.698943,32,3227.861602
-41.42,17,3228.234724
-42.0,21,3228.634131
-34.41,31,3229.191585
-41.47,24,3229.705863
-35.64,32,3230.294411
-36.0,28,3230.792402
-35.64,25,3231.306722
-32.36,34,3231.85675
-33.0,26,3232.396806
-38.62,22,3234.980281
-41.62,42,3235.714958
-32.31,34,3236.231803
-41.8,23,3236.588917
36.453634,27,3236.997832
-40.81,21,3237.422265
-35.28,31,3237.993651
-41.23,23,3238.422593
-44.32,20,3238.807014
32.157895,26,3239.285515
-42.0,24,3239.742334
-40.54,24,3240.227234
-45.0,73,3241.539133
-35.19,28,3242.078991
36.0,26,3242.546745
-38.35,27,3243.034471
-35.55,27,3243.474444
-43.4,28,3246.105038
-38.11,42,3246.863768
-38.13,25,3247.24969
-44.09,19,3247.554081
-35.25,31,3248.004679
-32.53,34,3248.578948
-33.0,29,3249.049605
-38.61,39,3250.023747
-44.56,21,3250.419353
-38.16,26,3250.927513
-38.09,33,3251.552279
-32.7,26,3252.306264
-38.88,36,3252.944305
-32.63,32,3253.513255
-36.0,33,3254.107604
-35.71,30,3254.63726
-32.75,26,3255.063401
-41.39,22,3257.474009
-34.98,30,3258.008707
32.111913,31,3258.760263
-47.16,25,3259.162432
-40.62,24,3259.505898
-37.61,28,3259.998907
-35.91,27,3260.394004
-37.2,27,3260.79794
-32.82,31,3261.374498
34.151544,41,3262.126136
-40.98,30,3262.723301
32.160959,51,3263.672521
-32.88,28,3264.249138
-44.91,21,3264.657412
-38.23,24,3265.162817
-32.57,31,3265.733286
-32.79,34,3266.380084
-38.61,26,3266.829528
-43.1,22,3269.54384
-38.83,31,3270.129519
-44.65,22,3270.572031
-36.0,29,3270.995039
-41.84,18,3271.326404
38.198026,39,3271.883876
-38.89,24,3272.273864
35.402222,44,3272.982547
-32.28,41,3273.907144
-38.85,25,3274.489178
-31.74,43,3275.298996
-44.07,17,3275.640528
-35.33,23,3276.033731
-41.62,30,3276.607232
-41.24,23,3277.040661
-35.82,33,3277.67092
-34.28,37,3278.371323
35.589831,26,3281.128869
-38.52,25,3281.659081
-38.35,19,3282.047829
34.402421,24,3282.518385
-35.88,30,3283.220746
-34.98,30,3283.987708
-44.9,15,3284.227697
-41.46,20,3284.773449
-41.09,25,3285.221656
-41.56,18,3285.590108
-35.07,25,3286.119795
-32.86,40,3286.929126
-41.37,26,3287.481029
-32.47,28,3288.055936
-35.27,24,3289.349992
-36.0,26,3289.888917
-33.0,31,3290.516088
35.842697,28,3291.096488
-38.38,21,3291.49065
35.362205,27,3291.990666
-38.98,23,3294.699524
-39.0,22,3295.12289
-41.98,19,3295.499708
-35.18,29,3296.041883
37.628063,29,3296.496853
32.875,27,3296.890191
-41.88,31,3297.378577
-35.36,27,3297.855223
-32.23,31,3298.403627
-37.72,24,3298.874979
-43.57,28,3299.410562
-39.0,28,3299.90919
-35.49,25,3300.409128
-35.28,25,3301.022438
-38.5,33,3301.75959
35.014981,24,3302.279854
-41.34,20,3302.650694
-32.78,29,3303.174982
-44.02,30,3303.692175
-41.08,17,3303.974329
32.9,24,3306.49539
-35.8,23,3306.933454
-39.0,24,3307.419013
-38.16,23,3307.821579
-38.9,19,3308.150386
33.0,32,3308.760071
32.701987,37,3309.345577
-38.68,30,3309.790709
40.527027,26,3310.185411
-41.16,24,3310.570403
-33.86,34,3311.423129
-47.9,33,3312.060774
-44.09,26,3312.581214
-38.13,28,3313.106663
-41.2,26,3313.596213
-35.03,36,3314.309088
-32.93,41,3315.051942
32.681102,36,3317.855052
-32.48,32,3318.416044
-40.84,22,3318.836499
-38.28,30,3319.418128
38.090232,23,3319.832184
-37.71,30,3320.353904
-37.88,29,3320.93607
41.017483,19,3321.222254
-36.0,31,3321.706595
-37.86,30,3322.166261
31.585409,32,3322.646994
-44.79,19,3322.967782
-41.34,20,3323.30972
-37.41,20,3323.687284
-38.46,35,3324.310833
-38.53,25,3324.75628
-32.5,29,3325.300412
38.100142,23,3325.720222
38.537594,25,3326.368803
-38.4,24,3326.782212
-35.22,24,3329.360851
32.3125,37,3330.090218
-39.0,18,3330.482426
-41.92,25,3331.004084
-43.54,22,3331.480483
-40.4,30,3332.0693
-40.99,26,3332.549977
-47.46,24,3332.943258
40.672727,73,3333.932673
-43.34,29,3334.452254
-44.54,21,3334.924588
-39.0,33,3335.582811
-38.5,24,3336.250224
41.434957,24,3336.698883
32.615804,33,3337.335274
-35.37,29,3337.840738
-35.63,29,3338.426056
-35.77,29,3341.017361
-35.33,29,3341.551086
-40.72,23,3341.968797
-33.0,28,3342.49286
-44.91,21,3342.888465
34.191673,24,3343.321715
-35.05,94,3344.936862
-32.91,33,3345.399649
-38.82,34,3346.412388
-34.85,31,3347.000102
-38.27,27,3347.546182
32.033333,31,3348.127003
-41.27,27,3348.627785
-35.44,62,3350.560633
-38.67,22,3350.977886
-35.7,30,3354.162755
-32.62,27,3354.680873
-42.0,21,3355.104987
-34.67,26,3355.528516
35.363014,31,3355.991184
-35.26,25,3356.376099
32.34,66,3357.39075
-41.49,27,3357.866255
-37.79,36,3358.49842
-40.66,23,3358.909319
-41.67,32,3359.512168
35.902439,24,3359.966302
35.377483,25,3360.437081
-41.06,27,3360.936224
-33.0,32,3361.750929
32.246445,25,3362.217624
-36.0,20,3362.578743
-36.0,32,3363.183062
-31.99,34,3365.867879
-35.45,24,3366.253819
-36.0,28,3366.642346
-32.69,33,3367.277712
-44.35,21,3367.625488
-32.68,35,3368.183987
-32.64,25,3368.564713
32.418699,30,3369.024591
-38.39,33,3369.527491
37.773442,44,3370.296232
-47.31,32,3370.91502
-32.61,31,3371.49807
-35.88,31,3372.102777
-44.6,19,3372.444761
-35.18,39,3373.178426
-35.91,28,3373.796525
-38.04,30,3376.41333
-38.35,18,3376.749074
-38.71,21,3377.140719
38.421297,29,3377.928528
-41.5,23,3378.399887
32.084175,36,3379.08576
-44.04,19,3379.420655
34.84812,27,3379.838434
-38.26,42,3380.517074
-41.13,27,3380.933556
-35.81,30,3381.373283
-35.38,28,3381.966172
-41.42,30,3382.896404
-39.0,42,3383.695492
-38.44,23,3384.218217
-41.53,23,3384.740204
-41.26,25,3385.686253
35.35434,38,3386.443768
-44.38,28,3386.960807
-41.78,30,3389.824026
-42.0,43,3390.760693
-35.37,28,3391.394739
-44.87,32,3391.994357
35.033162,23,3392.354303
-44.79,22,3392.677063
-35.21,34,3393.237324
35.5,26,3393.620151
-35.86,26,3394.037531
-38.24,28,3394.544432
-44.88,36,3395.231741
38.106481,23,3395.645606
-40.83,22,3396.084316
-42.92,21,3396.474766
32.038328,26,3396.944308
34.797209,29,3398.007447
-38.88,26,3398.425058
-35.57,27,3399.223024
-41.71,23,3401.974624
-39.0,24,3402.494366
33.0,26,3402.979861
-36.0,33,3403.595229
-32.31,32,3404.410159
34.659001,24,3404.908204
-32.37,36,3405.457876
-44.15,30,3405.911597
36.943886,30,3406.385809
-38.27,28,3406.799076
-39.0,41,3407.598962
32.277567,25,3408.143231
-38.94,31,3408.908104
33.0,34,3409.51803
-35.27,31,3410.112638
-38.68,26,3410.536468
-38.76,31,3411.032771
-35.48,28,3413.72578
-39.0,30,3414.470773
-41.51,20,3414.857313
-41.14,24,3415.336505
-36.0,29,3415.864738
-38.39,28,3416.388622
-39.48,42,3417.156127
-39.0,24,3417.528154
-38.88,26,3417.915669
-44.04,29,3418.401774
-40.65,27,3418.818997
35.5,30,3419.270952
-43.24,23,3419.69598
-42.0,21,3420.131269
-32.82,26,3421.233841
-32.69,33,3421.825346
-35.1,28,3422.301777
-35.03,24,3422.718888
-43.6,26,3423.157311
39.0,23,3425.710546
-35.16,26,3426.252919
-38.91,34,3426.907882
-38.96,25,3427.404911
-37.93,30,3428.007923
34.219772,34,3428.665692
-40.64,32,3429.18863
-38.2,32,3429.710593
-44.2,20,3430.022704
-41.32,25,3430.669003
-32.77,29,3431.20061
-35.76,32,3431.694516
-39.0,20,3431.982121
-41.24,22,3432.403068
44.041667,19,3432.785443
-38.11,28,3433.238297
-38.56,26,3433.670683
35.289199,30,3434.149353
-41.51,37,3436.993516
-39.0,36,3437.755953
-38.03,21,3438.199643
-38.56,27,3438.75918
-35.27,29,3439.345703
-41.66,25,3440.104731
-44.96,27,3440.6506
-35.79,28,3441.095505
-40.19,25,3441.495357
-35.42,41,3442.157959
-40.12,28,3442.594453
44.140187,28,3443.04302
-41.66,23,3443.470984
-37.55,29,3444.00886
-32.4,30,3444.563806
32.098113,27,3445.031543
-47.14,21,3445.466022
-38.83,29,3445.988205
-35.5,31,3446.510792
-32.28,32,3449.215024
-35.0,31,3449.862592
38.331058,22,3450.291766
38.623794,21,3450.67995
-35.5,25,3451.183633
36.0,26,3451.655458
-34.94,24,3452.123153
-38.41,28,3452.662982
-41.61,28,3453.127448
-35.36,24,3453.543481
-40.52,28,3454.029384
-32.03,25,3454.425555
38.162069,28,3454.94228
-38.24,23,3455.533717
-45.0,47,3456.349473
35.395437,29,3456.861489
-35.27,28,3457.311173
-41.52,19,3457.635557
-41.23,20,3457.99717
-38.61,31,3461.053822
35.317757,23,3461.540229
-35.37,31,3462.1749
-32.08,28,3462.749329
-41.79,24,3463.212462
32.682119,25,3463.716155
32.225564,26,3464.178782
32.704545,32,3465.268676
-44.07,25,3465.82778
38.888087,20,3466.418613
-34.84,23,3466.800975
-38.12,26,3467.237474
-35.74,27,3467.753181
35.08156,30,3468.394701
-37.25,26,3468.915321
-38.54,26,3469.395335
-35.75,24,3469.796799
38.206767,23,3470.181858
34.994376,31,3470.741558
-42.0,80,3474.635198
-41.02,26,3475.146389
-33.0,28,3475.698214
39.0,26,3476.204558
-44.27,21,3476.602861
-45.0,18,3476.923808
32.402985,26,3477.395797
-38.63,30,3478.02486
-35.51,33,3478.51785
-38.21,22,3478.88132
38.016982,36,3479.465019
-38.48,33,3480.080971
-38.91,22,3480.439344
-41.4,23,3480.80394
-41.28,17,3481.072828
-35.33,25,3481.704237
36.0,24,3482.084136
-35.37,32,3482.671707
-38.54,23,3485.34129
-33.0,24,3485.820628
-41.3,24,3486.243989
-39.0,41,3486.972477
35.132555,37,3487.703549
-44.59,22,3488.143604
36.970378,24,3488.604997
-41.38,23,3489.03205
-33.0,31,3489.574361
34.773136,25,3489.952387
-41.34,29,3490.385894
-44.52,21,3490.703517
-39.0,29,3491.29258
-41.63,25,3491.863999
30.0,26,3492.376354
-47.16,28,3492.808511
-36.0,25,3493.216994
-38.76,33,3493.762687
-37.67,28,3494.341614
32.578512,30,3497.04044
-44.66,24,3497.297022
-38.72,29,3497.873676
37.813253,27,3498.371479
-38.81,28,3498.876777
-38.33,24,3499.334251
-41.81,30,3499.906844
-32.81,31,3500.486305
-41.25,24,3501.063913
35.000243,32,3501.645078
-35.72,30,3502.116489
-35.63,27,3502.544196
-40.99,25,3502.914761
-40.99,37,3503.485861
-36.0,23,3503.897228
-41.35,26,3504.329113
-41.79,27,3504.752581
-44.14,26,3505.150186
33.0,35,3508.097399
32.716981,33,3508.73542
-33.0,31,3509.314299
-44.13,23,3509.720542
-33.0,39,3510.432883
37.723632,22,3510.846368
-41.88,26,3511.325468
-41.08,26,3511.802073
-38.3,29,3512.421365
-47.72,31,3513.065399
-34.77,29,3513.685038
-48.0,30,3514.15078
-36.0,22,3514.524155
32.621993,31,3514.988567
-38.25,43,3515.716187
-35.21,23,3516.140658
37.489105,28,3516.643224
-41.1,30,3519.500195
-31.66,39,3520.246077
-32.16,37,3520.92699
-43.64,24,3521.397829
-41.28,23,3521.830912
32.870079,47,3522.734782
-42.0,25,3523.210015
-37.33,28,3523.742479
-33.0,34,3524.401989
-41.46,43,3525.200152
-42.0,20,3525.580243
-34.54,45,3526.27268
-39.0,19,3526.581683
-42.0,17,3526.823104
36.0,27,3527.196896
-37.49,22,3527.509418
-33.0,40,3528.134476
-32.15,38,3530.902881
-44.11,24,3531.338325
32.545994,33,3532.176002
-39.0,27,3532.68985
32.903475,29,3533.262896
-34.88,30,3533.80581
-35.6,36,3534.467926
40.610685,31,3535.027308
-32.31,34,3535.662748
32.09901,34,3536.319362
-41.65,27,3536.817356
-41.66,39,3537.606559
35.368613,22,3538.014836
-42.0,30,3538.487791
-32.05,34,3538.965401
-36.0,31,3539.410975
-38.01,25,3539.758728
-41.27,32,3542.454518
-35.28,29,3543.395329
-36.0,34,3544.115426
34.064096,29,3544.679962
-39.0,21,3545.102198
32.253112,34,3545.736037
-35.9,24,3546.743226
-36.0,30,3547.361303
32.633858,29,3547.874541
-38.51,23,3548.315709
32.265372,33,3548.930683
-38.94,24,3549.374604
-35.67,31,3549.968876
-38.89,28,3550.412921
-38.91,48,3551.164443
38.288618,20,3551.448146
-44.74,25,3551.819811
-36.0,25,3552.167089
-38.01,22,3554.725167
-38.7,32,3555.311432
-41.8,32,3555.894085
-39.0,23,3556.368934
-41.16,28,3556.886631
37.197334,46,3558.040017
-41.8,26,3558.538664
-39.0,27,3559.132694
-44.69,18,3559.588299
-41.36,28,3560.204161
-41.33,49,3561.235368
-43.49,20,3561.743409
32.193443,28,3562.278729
-35.57,28,3562.742249
-34.42,36,3563.290373
-38.54,26,3563.797065
32.42069,42,3564.429064
-35.0,27,3567.203378
-38.64,33,3567.861569
-40.52,22,3568.328112
-33.0,27,3568.933957
34.793172,29,3569.60249
-39.0,29,3570.310028
-32.21,34,3570.938462
-47.22,21,3571.384714
32.098859,40,3572.284499
-47.08,26,3572.7834
-35.19,23,3573.322806
32.381132,33,3573.999364
-36.0,27,3574.607817
-36.0,31,3575.305921
35.122302,25,3575.654605
35.011905,27,3576.072547
-41.34,19,3576.36394
-32.6,39,3576.951777
-32.63,35,3579.898709
32.653571,54,3581.0659
-34.89,35,3581.789588
-32.32,32,3582.47452
35.141818,33,3583.189169
-33.0,47,3584.206424
-43.61,26,3584.705266
-35.75,41,3585.618891
-38.26,27,3586.257506
-38.35,27,3586.874677
-33.0,27,3587.567128
-44.51,18,3587.959379
35.495327,27,3588.486289
-38.36,24,3588.97748
-38.08,31,3589.466715
-45.0,56,3592.269316
-42.0,24,3592.618678
-32.07,29,3593.171911
-42.0,36,3594.004304
34.891205,29,3594.515452
32.681452,31,3595.014597
34.894587,26,3595.387196
37.371151,21,3595.77372
-35.9,26,3596.269971
32.105919,31,3596.879873
-40.66,22,3597.496173
-32.72,32,3598.059467
-41.34,16,3598.377683
-38.7,38,3599.10029
33.0,29,3599.671295
38.468992,18,3599.986373
-36.0,28,3600.501105
-38.56,31,3601.049061
-33.0,25,3603.475084
32.885246,33,3604.000353
-44.0,41,3604.774667
-33.0,30,3605.279387
-40.75,23,3605.696103
-35.47,128,3608.053006
-32.32,38,3608.765246
-42.0,27,3609.283302
-38.33,21,3609.645822
36.64977,31,3610.332676
-41.25,22,3610.812604
-33.0,38,3611.406235
-35.04,32,3612.300379
-39.0,35,3612.934069
-39.0,40,3615.438497
-41.33,38,3616.059239
-35.7,31,3616.644433
-35.56,33,3617.213959
-33.0,29,3617.762966
-32.78,31,3618.313652
-41.54,19,3618.679327
30.0,29,3619.209418
-32.59,32,3619.817482
36.533569,37,3620.524745
32.77748,30,3621.103814
-37.55,23,3621.561052
-32.33,34,3622.242281
38.505535,30,3622.980897
-35.61,39,3623.758443
-33.0,29,3624.37553
-43.06,28,3626.822142
-38.27,26,3627.205941
34.274439,36,3627.815041
-39.0,25,3628.301675
-41.58,23,3628.700113
-38.27,44,3629.477961
-35.39,24,3629.934533
34.659976,25,3630.384743
-41.46,22,3630.799952
-32.86,28,3631.336492
37.717476,26,3631.820973
-34.91,35,3632.460804
-41.32,22,3632.881825
-38.97,22,3633.239039
35.467685,31,3633.94309
35.011288,30,3634.494233
36.548332,32,3635.168504
36.0,24,3635.739595
-35.36,34,3638.311052
-35.24,26,3638.692648
-36.0,29,3639.13546
-44.47,24,3639.600264
-41.16,29,3640.292971
-41.49,26,3640.813675
-47.03,19,3641.210174
-44.29,26,3641.679582
-32.35,30,3642.245603
-38.4,28,3642.758248
-41.18,26,3643.229189
-33.0,27,3643.72821
-38.5,24,3644.181234
36.0,26,3644.977023
-36.0,25,3645.406267
-33.0,35,3646.049269
-42.91,23,3646.44615
-36.0,23,3646.842837
36.0,24,3647.554814
-35.13,30,3648.41414
-35.41,49,3651.375887
-35.82,45,3652.161622
-41.78,20,3652.49721
-44.41,27,3653.048931
-41.37,23,3653.530742
34.590141,30,3654.189548
37.311142,36,3654.856031
-32.57,25,3655.721872
-41.05,37,3656.424843
-40.97,27,3656.888557
-36.0,28,3657.361884
-33.0,25,3657.863923
-39.0,35,3658.523995
-35.77,34,3659.247194
-39.0,27,3659.814017
35.381818,27,3660.305573
-32.29,29,3662.829136
-38.17,32,3663.294872
-35.15,24,3663.643428
-34.38,31,3664.140254
-38.18,17,3664.511646
-32.57,30,3665.12089
38.739583,24,3665.576769
-42.0,20,3665.882908
-41.36,27,3666.516916
-38.62,22,3666.918304
-36.0,26,3667.405924
-38.17,37,3668.083341
-36.0,24,3668.536445
-32.03,41,3669.743679
-35.91,33,3670.349093
-32.57,31,3670.877371
38.213456,40,3671.679691
-35.14,41,3672.419153
-38.42,38,3675.203346
-36.0,31,3675.602367
-32.05,34,3676.130044
36.0,19,3676.571239
-32.28,27,3677.100183
-41.71,24,3677.554856
-38.29,26,3678.057452
32.574297,31,3678.641804
-40.59,28,3679.133489
-33.0,31,3679.666277
-38.69,30,3680.191114
-38.11,23,3680.613547
-35.47,32,3681.252687
-32.23,36,3681.901276
-40.64,28,3682.408688
35.039409,28,3682.939499
-33.0,24,3683.392781
-36.0,25,3686.046345
-35.51,55,3686.804002
-41.49,89,3688.044505
40.854396,27,3688.628284
32.480392,40,3689.533569
32.802469,35,3690.16337
-41.09,27,3690.686069
-42.0,22,3691.045828
-41.37,21,3691.431116
-39.0,31,3692.019722
-32.78,26,3692.50693
-35.92,33,3693.250733
-32.27,49,3694.196085
-35.45,25,3694.635235
-35.08,33,3697.438825
-35.94,46,3698.25116
-41.29,31,3698.653909
-38.38,25,3699.010447
-41.9,22,3699.345186
-35.73,39,3699.917651
-44.56,28,3700.452059
-32.75,29,3700.967937
35.913386,41,3702.061018
32.252874,36,3702.811451
-38.77,30,3703.382081
-41.24,26,3703.89333
-38.69,29,3704.561264
-35.51,28,3705.100153
-32.73,26,3705.570775
-36.66,28,3706.143879
-38.3,30,3706.703042
32.16041,35,3709.457556
-38.84,30,3709.933763
-38.82,27,3710.306855
-32.62,33,3711.494437
32.902985,31,3711.959874
-35.81,37,3712.64825
43.649763,18,3712.963773
-39.0,26,3713.439311
-46.89,24,3713.974318
-33.0,33,3714.713791
-42.0,32,3715.309227
-38.79,26,3715.815069
-38.27,26,3716.316612
-44.61,17,3716.609775
-32.15,26,3717.081867
-33.0,38,3717.748704
-46.66,42,3718.544924
-43.61,33,3721.307654
-33.0,37,3721.827191
-37.79,32,3722.266986
-35.55,84,3723.53899
-35.74,32,3724.110343
-32.62,31,3724.669883
34.34523,34,3725.334076
-41.74,24,3725.783596
39.0,43,3726.58592
-44.37,18,3726.979784
35.066901,29,3727.78645
-46.91,17,3728.113781
-38.25,25,3728.613482
-35.57,31,3729.19007
-32.33,37,3729.903239
-40.36,22,3730.291222
-32.6,28,3733.038448
-35.04,28,3733.454516
32.24,31,3733.838845
-37.97,37,3734.355069
37.005023,24,3734.722989
36.696899,30,3735.175233
-37.41,23,3735.560047
-32.01,30,3736.107053
-32.67,32,3736.673364
-32.44,27,3737.212295
-38.72,35,3737.926939
-32.59,29,3738.539425
-42.0,22,3739.154713
32.885057,35,3739.824593
-45.59,33,3740.438948
-40.85,31,3741.02494
-41.44,18,3741.417052
-32.94,32,3744.124344
32.39777,33,3744.657399
-36.0,24,3745.075424
-41.44,28,3745.626892
-33.0,31,3746.261104
32.601399,27,3746.741615
-36.0,28,3747.175645
40.347172,25,3747.615416
-47.04,19,3747.916181
-41.44,31,3748.504042
-35.56,44,3749.414919
-35.3,34,3750.03126
-38.3,29,3751.050272
33.0,37,3751.868494
-44.42,19,3752.276315
-39.0,26,3752.769925
-34.6,29,3753.346348
-32.16,47,3756.62816
-46.64,29,3757.141667
-37.38,23,3757.595336
-38.01,17,3757.937338
-35.09,34,3758.563044
38.435556,21,3758.920899
-38.74,33,3759.530231
32.43038,27,3759.967772
-35.48,31,3760.544034
-41.04,53,3761.660468
33.0,31,3762.224274
-32.35,28,3762.757937
-39.0,27,3763.378324
-35.54,36,3764.070781
40.452215,20,3764.470406
-34.55,30,3765.369593
38.466202,30,3766.026807
-32.53,40,3766.748024
-35.18,35,3769.644338
-41.76,21,3770.047264
-35.11,34,3770.647186
-44.31,36,3771.197938
-38.42,25,3771.592384
-35.52,28,3772.06254
-41.33,36,3772.635156
-38.85,30,3773.181316
-32.7,24,3773.687686
-35.96,30,3774.308326
34.524178,30,3774.940373
-36.0,27,3775.468833
-41.56,40,3776.176628
-43.79,24,3776.635932
-38.86,26,3777.177972
-35.35,32,3777.799273
-41.08,30,3778.444326
-43.75,27,3781.097805
38.446043,20,3781.382021
-44.27,36,3782.251197
-38.66,25,3782.637185
35.876448,30,3783.110709
-38.02,56,3784.008635
-39.0,30,3784.790298
32.52,31,3785.374172
-37.41,29,3785.87873
-41.18,24,3786.339604
-32.87,25,3786.767522
-32.41,33,3787.464268
40.363531,23,3787.960514
-34.92,22,3788.360218
32.646617,38,3789.055263
-36.0,22,3789.45858
41.366255,22,3789.959213
-41.35,24,3792.565905
-35.73,27,3792.987712
-32.45,31,3793.526056
35.135067,49,3794.396112
-38.43,24,3794.728828
-41.92,17,3795.037057
-41.88,33,3795.568068
-42.0,41,3796.169057
-35.05,26,3796.564922
-41.11,28,3797.064249
-42.0,22,3797.464479
35.221226,27,3797.96888
-36.0,27,3798.494368
-41.54,26,3799.07836
-38.31,24,3800.40686
-38.81,26,3800.952901
32.901961,36,3801.699525
-44.38,22,3802.127732
-44.02,28,3804.901726
-39.0,24,3805.338976
32.065268,44,3806.114457
35.4,25,3806.522857
-39.0,27,3806.939785
-41.78,30,3807.408072
-40.79,29,3807.892948
-38.06,33,3808.40517
-33.0,26,3809.124862
33.0,30,3809.675121
34.668498,30,3810.223039
-41.48,22,3810.615389
39.0,29,3811.129452
-38.79,26,3811.577354
-41.05,18,3812.300474
-33.0,27,3812.866592
32.062972,30,3813.490354
-35.82,33,3814.103646
33.0,27,3816.67356
36.0,27,3817.092369
-37.39,27,3817.635249
-32.77,29,3818.367803
-44.16,29,3818.92657
-39.0,36,3819.521401
-41.81,31,3820.025964
-38.91,24,3820.377138
38.077882,19,3820.663107
-38.84,35,3821.334061
-40.73,60,3822.533792
-36.0,29,3823.056769
-44.07,15,3823.412823
41.0987,23,3823.917393
-39.78,28,3824.553666
-38.7,30,3825.203281
-32.75,34,3825.914182
37.571718,24,3826.409143
-35.12,39,3829.289415
30.0,34,3829.878062
-37.58,25,3830.346983
-38.86,29,3830.927721
-35.25,25,3831.308131
-35.12,33,3831.809749
-41.49,28,3832.231351
-32.4,32,3832.775933
32.377049,33,3833.301634
-41.03,25,3833.803543
-41.17,25,3834.263668
-32.08,31,3835.230129
-38.74,25,3835.714204
-39.0,34,3836.333688
-39.0,23,3836.79304
-37.1,22,3837.196804
-32.44,42,3837.956391
42.99756,22,3840.4277
-38.39,23,3840.926723
-35.35,34,3841.535962
-40.5,37,3842.218632
-33.0,33,3842.840337
32.018634,33,3843.350079
-33.0,31,3844.16339
38.161172,24,3844.604141
-41.72,20,3844.888332
32.25,32,3845.354287
-38.4,25,3845.826623
-38.88,26,3846.327716
-44.81,32,3846.968793
-38.02,26,3847.431783
40.883779,23,3847.896203
-35.62,32,3848.479348
-37.7,23,3848.885492
-41.64,22,3849.296529
32.390244,40,3852.096182
-45.0,17,3852.416476
32.209091,40,3853.141599
-38.01,23,3853.563691
-36.0,29,3854.119079
35.79845,31,3854.697001
-33.0,28,3855.13236
-32.95,31,3855.571727
30.0,41,3856.178867
-43.71,35,3856.731235
-44.57,31,3857.219369
-44.82,27,3857.704096
-38.82,34,3858.336193
35.173764,25,3858.792679
-41.37,23,3859.242959
38.252226,31,3860.057221
-42.94,40,3860.814676
-35.23,35,3863.460545
-38.42,23,3863.874271
31.954225,29,3864.442706
-32.81,42,3865.175424
-42.0,20,3865.56082
-43.48,31,3866.12639
-36.0,36,3866.719241
-41.63,26,3867.113151
-38.33,31,3867.554528
-44.83,16,3867.827596
-39.0,25,3868.179211
-41.39,23,3868.675314
-35.71,34,3869.439911
36.0,20,3869.936464
-35.22,25,3870.403365
-45.0,24,3870.85597
-35.84,25,3871.371742
32.536667,33,3871.995581
-38.94,28,3872.490657
-37.48,34,3875.190065
-38.27,21,3875.630331
-43.28,23,3876.102013
-36.0,30,3876.764396
-32.55,36,3877.511799
-34.73,30,3878.172519
35.768953,25,3878.715921
35.260563,28,3879.169585
-39.0,25,3879.539194
-41.62,22,3879.848591
-41.85,24,3880.193023
-35.14,27,3880.58851
32.355556,30,3881.049058
-38.3,29,3881.763714
-44.78,33,3882.313586
-42.0,16,3882.620572
-41.35,18,3882.919171
-32.19,32,3883.497889
-40.59,33,3884.104171
38.785455,23,3886.311222
-32.34,31,3887.013207
-36.0,25,3887.459644
-40.86,25,3887.912636
-35.4,28,3888.392075
-42.0,21,3888.768863
-41.15,23,3889.18573
-43.81,31,3889.72339
-36.0,34,3890.508943
-42.0,21,3890.856846
-42.0,19,3891.142254
32.421875,30,3891.617076
-47.12,18,3891.900043
33.0,32,3892.367592
-44.79,23,3892.71424
-38.89,25,3893.124363
-41.72,22,3893.523165
-41.51,21,3894.040215
-41.27,35,3894.706727
-39.0,26,3897.125816
-32.15,40,3897.8655
-44.0,22,3898.296245
-44.28,23,3898.694239
35.009934,25,3899.19541
-41.45,24,3899.651889
-41.41,34,3900.259667
-42.0,40,3901.113057
-38.25,30,3901.756195
-37.67,36,3902.547966
-41.3,34,3903.068272
-41.68,29,3903.514644
-39.0,21,3903.81784
-32.13,30,3904.27792
37.964883,32,3904.802473
-36.0,28,3905.332813
32.434109,35,3906.037971
-41.05,24,3906.473192
32.156347,46,3909.22663
32.102679,30,3909.798313
-41.72,30,3910.329719
-36.0,30,3910.97324
34.554481,35,3911.766885
-34.63,37,3912.498753
-32.39,32,3913.295009
32.780105,32,3913.898983
-38.38,26,3914.9805
-32.47,46,3915.629001
-38.25,24,3915.9781
-41.73,21,3916.266696
-41.62,23,3916.614788
33.0,36,3917.1402
-38.42,34,3917.704378
-44.41,23,3918.0749
-35.82,42,3920.784599
34.574052,52,3921.913832
-35.07,26,3922.393647
-41.48,17,3922.795449
-38.75,38,3923.581218
-35.44,24,3924.017671
-38.34,25,3924.577034
-41.59,39,3925.371338
-33.0,33,3925.966122
-37.79,32,3926.632877
-33.78,29,3927.097503
-38.66,33,3927.714689
32.797909,26,3928.098099
-32.6,35,3928.699452
35.139205,32,3929.27096
-40.38,23,3929.672398
-35.75,45,3932.779203
34.73287,31,3933.318246
-44.46,22,3933.802116
-41.91,36,3934.501349
-38.25,23,3934.93379
-42.0,34,3935.57443
34.856364,27,3936.12199
-43.45,25,3936.600531
-41.32,33,3937.167988
-41.53,25,3937.611499
32.068182,25,3938.236858
-38.09,27,3938.794147
31.77907,35,3939.320702
-39.0,26,3939.704364
-38.72,26,3940.097585
35.3,29,3940.512851
35.387454,28,3940.928814
-38.21,26,3941.315061
-45.0,15,3943.907861
33.0,33,3944.534736
-38.57,30,3945.196865
-38.65,35,3945.949927
-37.97,26,3946.472557
-32.01,27,3947.233025
-39.0,21,3947.66052
-38.32,34,3948.344866
34.394943,34,3948.952568
-41.04,23,3949.360385
-44.43,27,3949.917093
-35.66,24,3950.390876
-37.82,32,3950.98567
-38.64,27,3951.365426
34.537861,29,3951.829011
-46.83,17,3952.181124
-38.14,30,3952.660543
-31.97,35,3953.200285
-46.46,18,3953.502774
38.069264,19,3955.81831
38.676667,22,3956.217974
-44.57,27,3956.681978
-38.19,22,3957.043612
-42.0,27,3957.526186
-38.86,25,3957.951895
-41.07,27,3958.420976
-41.85,25,3958.874714
-44.62,36,3959.521945
35.610108,29,3960.007387
-35.08,28,3960.481518
-38.76,44,3961.35173
35.734317,28,3961.983452
-45.0,20,3962.462241
-36.0,31,3962.949226
-39.0,23,3963.283693
-33.0,35,3964.023606
-38.01,31,3964.51262
-45.0,27,3966.968833
-33.0,30,3967.525859
-32.91,28,3968.022628
-42.79,23,3968.45248
-32.21,53,3969.357453
-38.58,28,3969.869917
36.969077,27,3970.366378
38.76,24,3970.766624
-38.32,32,3971.36811
-39.0,21,3972.177234
34.822661,26,3972.71993
32.518519,33,3973.303807
-30.0,31,3973.883692
-38.64,32,3974.43653
33.0,28,3974.83809
-36.0,28,3975.266233
-44.64,25,3975.609912
-32.57,38,3978.118836
-45.9,30,3978.687884
35.003815,36,3979.31175
-41.1,26,3979.816639
-36.0,27,3980.269275
-32.05,30,3980.877012
-33.0,37,3981.736542
-44.44,27,3982.367542
-41.32,27,3982.974943
-32.35,30,3983.673041
-41.76,21,3984.162926
-36.0,27,3984.700565
-43.53,26,3985.210465
-35.4,29,3985.860952
-42.0,27,3986.445365
-41.66,17,3986.758093
-39.0,28,3987.217331
-42.0,63,3990.181444
35.091241,29,3990.718746
-42.0,23,3991.260992
-32.17,39,3992.306229
-41.08,24,3992.741865
-41.51,25,3993.162127
-37.67,77,3994.603866
-33.0,25,3995.04666
32.268212,27,3995.527545
-39.0,23,3996.027168
38.565891,31,3996.557511
-40.98,38,3997.544953
32.2125,31,3998.1077
-42.0,23,3998.512009
-44.4,43,3999.115688
33.0,27,3999.45726
-38.61,27,4002.027226
-35.78,24,4002.472953
-41.18,42,4003.265021
-44.81,28,4003.823813
-44.43,34,4004.547421
32.9,27,4005.101576
-41.91,22,4005.520389
-32.38,38,4006.342871
-32.41,28,4006.863825
-42.0,23,4007.254929
31.996575,32,4007.914514
-39.0,24,4008.420854
31.675373,43,4009.351808
-33.0,34,4010.018385
-35.28,29,4010.565567
-40.54,26,4010.973819
-35.46,25,4011.336237
-38.2,34,4013.979231
-35.6,29,4014.498549
-38.11,19,4014.840682
-43.71,22,4015.251777
-41.04,22,4015.679056
-34.74,21,4016.06976
-42.0,21,4016.459948
-35.91,27,4017.17814
-35.4,26,4017.6485
40.35443,24,4018.10126
-38.01,20,4018.485339
34.945216,29,4019.041647
37.176888,37,4019.758159
-41.91,22,4020.213307
-40.9,33,4021.132184
-39.0,18,4021.55627
41.441176,22,4022.060768
-41.42,25,4022.561995
-41.35,24,4022.961501
-41.73,26,4023.395923
36.344208,20,4023.722393
-41.49,27,4026.437532
-42.0,24,4027.003416
38.534704,21,4027.522263
-41.6,22,4028.020517
-39.0,18,4028.727049
35.605839,29,4029.359196
34.711969,34,4030.078103
-41.54,22,4030.582301
-43.92,34,4031.3679
38.068773,25,4031.883831
-41.2,22,4032.275971
-41.08,42,4033.126614
-36.0,27,4033.597512
33.0,32,4034.200956
-41.05,29,4034.727117
32.488189,28,4035.245701
-36.0,31,4035.706475
-38.75,27,4036.074532
-48.0,21,4036.366845
-38.77,25,4038.863272
-38.34,24,4039.322314
-41.06,26,4039.805364
-35.29,33,4040.408406
-36.0,29,4040.952613
-38.59,24,4041.503174
-38.1,59,4042.701272
-32.66,31,4043.341167
-39.0,37,4044.331389
-41.13,36,4045.045543
-41.68,28,4045.564178
-46.94,18,4045.932572
-35.26,30,4046.505684
-36.0,46,4047.517643
-38.85,31,4048.004054
-41.12,34,4048.511698
-47.01,16,4048.773669
-38.45,32,4051.648116
-32.3,34,4052.348812
-35.33,29,4052.954281
-35.82,29,4053.577246
-47.02,24,4054.10635
-41.18,22,4054.58578
-39.0,33,4055.363428
-44.2,20,4055.861605
-38.32,31,4056.456167
-37.87,29,4056.981416
-35.72,28,4057.492413
33.0,38,4058.173222
-38.68,36,4058.931172
-35.19,29,4059.435083
-30.0,62,4060.388191
-37.87,34,4060.79844
-36.0,20,4063.135949
-41.65,32,4063.700038
-47.64,14,4064.096473
-35.02,33,4064.698812
-32.07,36,4065.41183
-38.31,27,4065.877876
34.648348,37,4066.561277
-36.0,32,4067.349162
-41.35,27,4067.878942
38.145055,28,4068.362006
-43.98,31,4068.932113
-38.49,27,4069.441081
32.172932,26,4069.918083
-47.5,27,4070.387995
32.150183,51,4071.571066
-35.12,33,4072.107637
-32.15,41,4074.831413
-43.57,22,4075.361936
-44.55,28,4075.859256
-41.49,33,4076.445598
32.02649,36,4077.063332
-39.0,26,4077.545377
-41.3,24,4077.974629
-41.0,43,4078.767214
36.665058,32,4079.427889
-43.09,25,4079.90438
-42.0,35,4080.546562
32.795918,43,4081.364105
-38.07,29,4081.993552
-39.78,21,4082.38382
-33.0,27,4082.872544
-41.13,25,4083.292997
-43.97,26,4083.694216
-39.0,35,4086.372424
-42.61,32,4086.955711
-44.41,23,4087.376015
-32.27,32,4087.960824
-41.49,26,4088.45464
-41.43,26,4088.948294
-44.81,23,4089.393044
-41.49,24,4089.810885
-41.05,34,4090.628161
-41.22,15,4090.908983
-44.68,17,4091.251274
32.138112,63,4092.411297
-33.0,34,4093.012708
-43.93,17,4093.273532
-33.0,26,4093.696737
-41.75,28,4094.119316
38.562249,25,4094.549631
-42.0,26,4095.083074
-47.08,22,4095.531944
-38.03,26,4098.577018
43.247695,35,4099.295474
-42.0,34,4100.068313
-39.0,19,4100.521394
-32.57,33,4101.309529
-34.8,55,4102.199703
-39.0,24,4102.44807
40.469177,22,4102.826362
35.664384,31,4103.39786
-44.2,26,4103.901442
-38.59,37,4104.673119
-40.59,24,4105.188139
-41.88,23,4105.637291
-38.11,28,4106.170595
-43.85,27,4106.703463
-38.82,34,4107.345237
-45.0,22,4107.808467
-44.71,24,4108.280006
-35.61,30,4111.204425
-33.0,35,4111.86297
32.52381,37,4112.642107
-38.8,25,4113.222555
-34.33,31,4113.932877
-41.19,21,4114.369348
41.393574,28,4114.956356
-41.94,26,4115.423835
-38.78,31,4115.98924
-35.36,33,4116.585252
-41.15,20,4116.985301
-42.0,36,4117.628015
-33.0,34,4118.169607
32.03125,26,4118.582698
32.008889,55,4119.458035
-37.72,24,4119.919855
-38.91,26,4122.650607
37.974569,23,4123.041597
32.715953,27,4123.510934
-35.27,25,4124.061937
-44.35,18,4124.500796
-35.05,37,4125.405681
36.0,31,4126.37518
-31.58,33,4127.193619
-44.41,23,4127.621286
-44.39,34,4128.477468
40.123645,21,4128.882754
-38.15,33,4129.496549
-40.28,31,4130.053482
-44.18,22,4130.415187
33.710333,27,4130.853663
32.595318,30,4131.377981
-38.77,26,4131.830557
-44.6,22,4132.291671
-40.68,25,4132.84393
-35.31,26,4135.570119
-44.32,41,4136.213812
37.705084,21,4136.545327
-41.6,26,4136.994459
-39.0,22,4137.410371
-32.43,32,4137.984161
-36.0,36,4138.648042
-32.91,34,4139.282013
-34.31,31,4139.85809
-37.92,41,4140.570312
-32.68,32,4141.159818
-39.0,36,4141.801413
-34.7,26,4142.209343
-38.53,31,4142.737478
-41.37,29,4143.109199
-41.21,25,4143.675491
-32.51,32,4144.395992
-34.15,26,4147.528346
-44.1,24,4147.907667
-44.14,27,4148.34203
-35.54,31,4148.891263
-41.15,23,4149.316138
32.461111,37,4150.159129
-40.59,22,4150.686017
33.0,34,4151.626359
-38.94,29,4152.227484
-35.21,27,4153.065334
-37.93,17,4153.397626
-33.0,30,4153.941705
-32.21,26,4154.373706
-44.47,17,4154.656325
-35.06,24,4155.051941
-46.61,18,4155.391715
-41.87,33,4156.110493
34.792424,27,4156.629169
33.870307,21,4157.038085
-32.52,32,4159.666767
37.230233,33,4160.212877
-47.05,25,4160.610737
-32.24,36,4161.128681
-36.0,47,4161.945528
-35.13,23,4162.426622
-38.51,27,4162.971508
-38.2,25,4163.585578
36.592537,34,4164.238182
35.052209,23,4164.66855
32.093617,26,4165.180893
-32.34,31,4165.788344
-44.77,29,4166.28657
-41.76,25,4166.711513
-41.84,21,4167.071108
-32.3,45,4167.830357
-38.08,38,4168.510511
-38.32,25,4171.125719
-40.9,24,4171.536263
-44.26,21,4171.868814
41.225926,20,4172.186771
-41.11,18,4172.444433
-44.77,26,4172.838199
-37.71,33,4173.347459
-38.28,51,4174.323791
-37.77,41,4175.228497
-35.5,26,4175.661599
-38.12,27,4176.200262
-41.29,20,4176.549046
-33.76,34,4177.184297
-32.48,30,4177.758064
-41.01,37,4178.749679
-38.88,47,4179.521896
-41.64,24,4179.978102
-44.1,26,4180.483157
-33.0,48,4183.985293
-37.43,35,4184.63766
-41.25,32,4185.191306
-34.53,42,4185.854185
-32.07,33,4187.380528
-35.51,28,4187.912524
-38.88,24,4188.358125
-38.92,33,4188.987126
-42.0,35,4189.585841
-35.91,29,4190.048339
-36.0,43,4190.791845
-48.0,25,4191.26275
35.127517,29,4191.827871
-35.55,25,4192.353459
-47.04,19,4192.754738
-43.21,25,4193.308128
-42.0,26,4196.405218
32.369004,52,4197.340584
-41.33,25,4197.844018
-36.0,28,4198.477737
-38.59,29,4199.10951
-40.85,26,4199.633918
-43.69,25,4200.104135
-43.93,24,4200.526632
-35.62,27,4201.072663
-40.89,45,4202.00414
-43.56,22,4202.516758
-33.0,28,4203.00067
-36.0,37,4203.573569
-40.6,20,4203.907421
-40.75,26,4204.361351
-42.0,27,4204.891374
-41.68,27,4205.41432
-42.59,23,4206.055529
-44.44,20,4208.637498
35.794677,22,4208.989889
-43.81,28,4209.475448
-36.0,25,4209.950176
-41.41,108,4212.346212
-43.92,24,4212.786388
-35.3,30,4213.34165
-41.28,25,4213.825878
-41.2,21,4214.30485
-38.2,23,4214.78729
-38.81,40,4215.461947
32.821958,35,4216.076305
-38.64,28,4216.519679
-44.64,29,4217.01079
-43.4,24,4217.471944
-39.0,28,4218.064472
-41.51,22,4220.854493
34.568972,29,4221.373462
-34.5,32,4222.158991
-41.39,29,4222.73053
34.673004,27,4223.400808
-38.77,35,4224.062932
-45.0,20,4224.451319
-35.44,27,4224.836524
-32.34,33,4225.592643
-41.89,23,4226.005037
-45.0,21,4226.385226
32.444444,31,4226.902853
35.390244,35,4227.528496
-36.0,28,4228.139095
-47.12,18,4228.525376
-38.28,23,4228.884248
-35.14,29,4229.3592
37.537469,24,4229.981996
-35.45,35,4230.688392
35.229329,30,4233.639687
-32.13,34,4234.276535
-35.29,40,4235.092143
-44.41,24,4235.570844
-32.66,29,4236.197116
-41.55,23,4236.769762
-40.39,24,4237.267643
-41.76,35,4238.181205
38.760618,28,4238.789596
-34.9,32,4239.344608
-46.86,24,4239.782416
-44.17,33,4240.346594
-41.53,22,4240.803409
-41.6,26,4241.650936
-41.17,20,4242.037197
30.0,24,4242.490361
-43.98,26,4242.994403
-37.45,25,4243.4246
40.995164,25,4246.021168
-43.46,27,4246.416894
-38.6,33,4246.921055
-32.03,43,4247.593704
-38.61,25,4248.009995
-41.03,33,4248.621956
-41.24,21,4248.992346
-37.23,37,4250.443359
-41.06,24,4250.896947
-35.87,30,4251.528082
-36.0,19,4251.8304
40.95484,25,4252.207747
32.298893,32,4252.715588
-31.66,30,4253.194555
-37.46,35,4253.815675
-41.74,20,4254.189943
-42.0,21,4254.570465
-32.11,36,4255.359849
-44.26,19,4257.928758
-33.0,32,4258.374611
-32.61,39,4258.969062
-43.7,29,4259.434786
-36.0,25,4259.799156
-44.62,26,4260.294255
-32.26,33,4260.91042
-40.58,26,4261.493432
32.627586,25,4262.033252
-38.07,25,4262.505481
-38.24,58,4263.598608
-35.78,37,4264.367032
37.591255,20,4264.686782
36.703976,33,4265.197942
-42.0,22,4265.584423
38.10473,24,4266.111546
35.032129,28,4266.654819
-44.46,18,4267.044261
33.0,43,4269.937525
-32.68,28,4270.341432
-40.72,26,4270.743297
-44.08,29,4271.154784
-47.06,32,4271.722568
-41.35,24,4272.197435
-42.0,32,4272.970234
-32.52,26,4273.497464
40.714644,20,4273.950064
32.344186,26,4274.554093
-35.69,31,4275.173092
32.558824,34,4275.790285
-35.28,42,4276.618726
-35.51,24,4277.142276
-35.88,31,4277.775516
-40.63,22,4278.271555
37.751983,27,4278.834883
-38.86,23,4281.785972
-41.74,32,4282.404041
35.391745,31,4282.946752
35.227237,36,4283.545969
-38.9,21,4283.910758
-41.88,29,4284.340668
35.297619,37,4284.983419
-35.8,24,4285.458917
-32.91,28,4285.962758
-39.0,26,4286.4855
35.836364,25,4286.88679
-42.0,22,4287.286496
-40.47,30,4288.166497
-38.2,31,4288.679455
-44.19,35,4289.268294
-40.99,34,4289.989096
-32.08,30,4291.176564
-41.82,29,4291.663338
38.327206,27,4294.40522
-38.23,28,4294.912633
-32.62,32,4295.414933
-44.05,21,4295.723483
37.881764,30,4296.157484
34.401236,29,4296.623834
-40.63,27,4297.088144
-43.74,19,4297.42459
-41.1,30,4297.973301
-41.75,24,4298.535595
-37.63,27,4298.935187
39.0,23,4299.417503
-41.11,21,4299.81978
35.866142,24,4300.20903
-35.42,30,4300.823283
-32.62,31,4301.661518
-32.13,31,4302.24054
-35.81,33,4302.86088
-32.88,32,4305.764027
-46.71,25,4306.308175
-35.23,30,4306.822519
34.424852,36,4307.266208
35.9,26,4307.655757
33.771644,32,4308.119407
-39.0,31,4308.558172
-36.0,25,4308.936036
-42.0,33,4309.487642
-40.19,22,4309.875313
-33.0,22,4310.293986
-47.36,18,4310.612604
-44.05,19,4310.912877
35.380228,26,4311.425263
-35.89,31,4311.979752
-41.71,24,4312.38201
-32.9,42,4313.173972
-36.0,30,4313.742404
-39.0,32,4314.431317
-41.2,34,4317.438078
-35.94,25,4317.963292
-32.68,29,4318.492999
-41.51,30,4319.029285
-46.01,24,4319.437589
-35.16,22,4319.793052
-36.0,29,4320.198325
32.007299,29,4320.642677
-42.0,26,4321.040468
32.214953,39,4321.7669
-32.09,30,4322.27134
-42.0,21,4322.596062
32.533569,32,4323.277336
38.937778,30,4323.739093
-38.71,31,4324.258311
32.166667,28,4324.778867
32.336134,30,4325.337473
-38.22,34,4328.188437
-36.61,27,4328.712411
-32.21,36,4329.396405
-41.38,25,4329.920286
-35.47,31,4330.517213
-41.62,38,4331.197335
-39.0,19,4331.538821
-38.03,37,4332.061727
-32.43,49,4332.812899
-32.64,28,4333.360242
-36.0,26,4333.795599
-38.65,32,4334.279771
35.116827,31,4334.767817
-38.77,27,4335.194726
-44.29,22,4335.561135
-41.29,21,4335.948687
-37.64,22,4336.365384
34.384096,31,4337.280139
-35.52,32,4339.775726
-44.2,21,4340.141608
-47.1,15,4340.432125
-44.38,23,4341.028507
-45.0,20,4341.532209
-38.76,27,4342.138565
-38.69,23,4342.58088
42.0,25,4342.973079
-41.15,24,4343.350838
-38.14,28,4343.766454
-33.0,45,4344.436841
-35.89,39,4345.032443
-39.0,36,4345.597214
35.589041,27,4346.069205
-41.11,30,4346.56653
32.417857,39,4347.234567
32.08547,36,4347.867228
-42.0,26,4348.343472
32.011364,37,4350.947734
-34.06,26,4351.474699
-32.65,31,4352.161433
-36.0,32,4352.897398
-45.0,17,4353.264902
38.194828,25,4353.854201
-35.75,39,4354.694679
-44.37,21,4355.12704
-38.58,30,4355.700856
-36.0,30,4356.185911
-39.0,22,4356.519305
-36.0,25,4356.939417
-41.03,22,4357.251026
-35.29,29,4357.652496
-41.5,28,4358.0948
-44.02,37,4358.650723
-41.22,126,4363.056092
-38.2,27,4363.630574
-38.31,28,4364.239586
-33.0,35,4365.009176
42.0,23,4365.491506
33.0,60,4366.844415
-38.58,26,4367.318994
-35.09,38,4368.118985
-38.66,40,4368.753751
-34.73,34,4369.310889
-33.93,33,4369.811343
35.048872,58,4370.705983
32.305882,30,4371.209629
-39.0,21,4373.894656
-35.13,33,4374.504925
-31.92,30,4375.113536
-44.78,29,4375.730209
-42.0,22,4376.170918
37.442912,30,4376.82511
-44.82,47,4377.721172
32.310469,41,4378.455008
-37.52,25,4378.972532
-32.24,41,4379.731948
-35.73,35,4380.338728
-41.44,28,4380.81836
32.887273,20,4381.135714
-47.82,25,4381.545434
-36.0,29,4382.061335
-39.0,25,4382.527535
32.396078,32,4383.108711
-36.0,29,4385.889522
-32.53,48,4386.738906
38.421986,39,4387.603707
-39.0,21,4388.064157
34.59832,29,4388.50463
-39.0,25,4388.80866
-41.81,25,4389.180779
-38.44,32,4389.735817
-38.88,27,4390.255109
-38.73,36,4390.906816
35.094545,30,4391.458968
-40.74,29,4391.906297
-40.96,38,4392.456586
32.404682,35,4393.225129
-37.81,28,4393.752931
-44.0,27,4394.611246
-45.0,79,4398.838887
-38.24,23,4399.337938
-39.0,22,4399.795785
-32.69,36,4400.469565
-37.32,34,4401.087389
-41.51,19,4401.465787
-44.58,31,4402.046608
-32.83,37,4402.821115
-40.91,20,4403.188187
-41.46,27,4403.670666
-36.0,30,4404.218497
-38.28,31,4404.794192
-38.42,28,4405.178009
-41.52,30,4405.636077
-38.13,29,4406.053504
-32.59,33,4406.862046
35.380175,36,4409.717963
-41.53,23,4410.200497
-46.55,21,4410.584179
-32.58,31,4411.162608
-44.02,24,4411.614208
-32.08,29,4412.123535
35.820654,27,4412.612792
32.246809,32,4413.211216
-34.83,29,4413.76492
-34.98,26,4414.254475
-41.13,29,4414.796977
33.0,22,4415.207959
-38.91,21,4415.613809
-31.87,31,4416.076661
-41.29,29,4416.464914
35.852564,37,4417.003562
-40.53,21,4417.2826
40.207381,23,4417.61388
-41.17,27,4418.085599
-35.49,24,4418.505222
-32.38,29,4421.37095
35.055944,25,4421.816392
33.0,33,4422.423398
-35.22,30,4423.030423
-32.05,30,4423.551685
38.022727,22,4423.948434
-37.55,25,4424.493438
40.1814,23,4424.926071
-32.26,26,4425.390972
35.156118,25,4425.863794
-35.25,34,4426.523661
-38.3,28,4427.062174
-35.16,23,4427.479812
-40.33,25,4427.849543
32.411215,31,4428.269684
-32.61,25,4428.606303
-45.0,18,4428.852096
-32.17,35,4429.346995
-36.0,42,4432.238726
-35.35,83,4433.709358
32.516279,44,4434.495363
-44.08,20,4434.824263
-38.7,22,4435.235389
-41.62,22,4435.619286
-32.69,38,4436.300188
-33.0,31,4436.853102
-35.48,32,4437.388021
-38.52,29,4438.312182
-32.91,27,4438.770871
-35.72,30,4439.264649
-41.63,20,4439.536581
-45.0,32,4439.968572
-41.0,26,4440.416756
32.859729,34,4440.910213
-36.0,26,4443.48795
-35.88,30,4444.035956
-39.0,25,4444.485558
-41.29,24,4444.923312
-39.0,33,4445.714482
-41.45,38,4446.969325
-34.55,33,4447.632302
-41.32,29,4448.198192
-32.53,39,4448.991387
34.523695,36,4449.741772
-35.48,24,4450.21077
35.821561,30,4450.679568
-38.14,25,4451.06795
-41.61,38,4451.642355
-38.05,27,4452.020414
32.112782,37,4452.788718
-41.55,25,4453.155756
-41.24,30,4455.935228
32.047619,29,4456.457261
-44.64,22,4456.871511
-35.49,24,4457.300491
-41.12,19,4457.644739
-38.07,27,4458.111306
-36.0,25,4458.56883
-38.64,30,4459.121598
-32.89,42,4459.911113
39.766445,20,4460.283808
-44.21,18,4460.603684
-40.69,24,4461.006002
-38.22,29,4461.480684
-41.04,26,4461.912818
-35.25,28,4462.339741
-37.38,29,4462.839994
-41.25,26,4463.300627
-31.97,34,4463.958646
-35.75,30,4464.394496
-40.61,26,4466.929048
-32.48,35,4467.538929
-40.44,30,4468.082175
-38.05,29,4468.592506
-38.38,23,4469.036405
-32.15,32,4469.638304
-34.55,51,4470.706374
-38.81,27,4471.426627
-35.28,31,4472.296243
-35.9,32,4472.779851
33.0,23,4473.159202
-35.86,27,4473.598354
-33.0,38,4474.199807
-36.0,26,4474.671318
-44.03,31,4475.320454
-35.45,33,4475.927884
38.5,30,4478.602734
36.0,30,4479.126269
-38.26,39,4479.835939
-30.0,34,4480.465324
34.406774,32,4481.051077
-43.6,22,4481.456013
-35.52,28,4481.966319
-41.32,22,4482.357803
34.377055,40,4483.07957
-40.77,78,4484.422642
-43.6,41,4485.068464
-38.16,28,4485.555158
-41.64,22,4485.988337
35.546917,40,4487.305533
-33.0,30,4487.873749
-42.0,24,4490.645857
-41.67,24,4491.11028
-39.0,28,4491.648144
-32.78,27,4492.141438
-41.29,29,4492.702795
-38.19,34,4493.257072
-37.95,28,4493.752723
-35.79,29,4494.323096
-36.0,35,4494.970517
32.065217,41,4495.596749
40.779975,35,4496.165127
-42.0,21,4496.484492
-32.34,31,4497.010709
-39.0,22,4497.414428
-40.88,31,4498.172272
-43.89,23,4498.816147
-38.05,27,4499.336774
-33.0,35,4499.982224
-35.88,28,4502.749322
-35.52,33,4503.386269
-41.05,25,4503.92611
-36.0,25,4504.379191
-36.0,29,4504.941042
-40.83,25,4505.474675
38.423868,24,4505.988577
-42.0,20,4506.441317
-35.18,26,4506.959207
-38.5,29,4507.45327
-41.51,41,4508.077437
39.523599,46,4508.848798
-42.0,20,4509.172096
-34.74,41,4509.949594
-44.39,25,4510.439178
-32.48,39,4511.295465
32.100683,41,4514.102352
-38.42,26,4514.490178
-37.53,33,4514.989272
32.219331,34,4515.556199
-44.13,26,4516.056411
-44.41,27,4516.525284
-37.86,29,4517.046989
-35.58,28,4517.644635
-38.69,29,4518.246754
-33.0,25,4518.694126
-38.6,41,4519.39498
-38.66,27,4519.750682
33.0,26,4520.217694
-38.93,27,4520.836463
-39.0,52,4521.819021
-39.0,26,4522.312555
-35.81,30,4522.849738
-45.0,21,4523.298517
-38.04,25,4526.166992
-35.5,27,4526.604678
37.844721,23,4527.007535
-37.97,31,4527.531176
-35.64,26,4527.937896
-41.91,18,4528.214493
-36.0,29,4528.712733
-41.25,23,4529.136533
-37.81,25,4529.58708
-41.15,23,4530.03768
-36.0,30,4530.536631
-38.04,29,4531.050486
-38.1,28,4531.586904
-37.85,29,4532.133658
-38.03,25,4532.657785
-35.21,24,4533.152843
-44.16,21,4533.551165
-36.0,31,4534.129288
-33.0,33,4534.761578
-35.76,39,4537.791927
-38.45,28,4538.284487
-38.6,27,4538.689944
-35.64,30,4539.159428
-35.26,26,4539.543471
35.301661,32,4540.011556
-41.59,27,4540.459063
32.728477,26,4540.928661
-41.24,33,4541.631142
-38.91,23,4542.098941
41.026626,19,4542.438426
-35.17,27,4542.899408
32.408163,31,4543.516868
-32.57,26,4544.000969
32.5,26,4544.431945
32.902985,27,4544.949648
-39.0,42,4545.734286
-41.61,26,4546.226408
-35.42,27,4549.383674
-41.37,22,4549.854691
-44.3,20,4550.329163
-38.14,60,4551.523288
-38.35,25,4552.39857
-44.71,20,4552.956304
-36.0,30,4553.557617
-41.73,27,4554.05172
-43.58,20,4554.446787
-37.78,24,4554.893184
-41.63,28,4555.418555
37.698246,33,4555.966277
-33.0,44,4556.703123
-35.23,29,4557.32168
-44.81,56,4558.511234
32.268482,32,4559.209976
-38.07,24,4559.749099
-35.36,25,4562.60279
-42.0,32,4563.151563
32.364662,31,4563.68522
-33.0,27,4564.166779
-38.48,31,4564.70865
-35.71,24,4565.171793
38.264822,28,4565.687862
32.563107,46,4566.63252
-38.6,38,4567.395068
-35.72,29,4567.971182
-40.97,34,4568.609116
-44.5,24,4568.988445
-41.27,26,4569.427394
-41.41,21,4569.826928
-45.0,29,4570.369883
35.540856,31,4570.95856
-44.48,18,4571.261102
-38.59,33,4574.142781
-41.17,23,4574.665039
-35.5,29,4575.269904
-41.35,27,4575.728708
36.0,29,4576.184669
-38.35,38,4576.988948
-41.65,23,4577.468581
-32.27,39,4578.289573
-32.92,47,4579.481467
35.901141,23,4580.058146
-32.54,29,4580.503582
-35.47,25,4580.908823
-40.57,22,4581.299018
-38.32,24,4581.840698
-38.93,23,4582.32739
-41.79,26,4582.920716
-38.01,23,4583.47456
-44.56,22,4583.938168
-36.0,26,4584.581196
-41.33,25,4587.505495
35.84965,27,4588.029156
-35.93,28,4588.532547
-41.36,27,4588.917627
-44.81,32,4589.418682
-33.0,29,4589.864143
35.507576,28,4590.268352
-38.81,25,4590.668085
35.215909,28,4591.14959
-33.0,28,4591.607201
-36.0,32,4592.097474
-38.25,22,4592.511348
38.246809,25,4592.886556
-35.15,28,4593.37159
32.388889,30,4593.924334
-38.05,21,4594.32008
32.058182,25,4594.73187
-38.54,26,4595.190791
-38.91,31,4598.376504
-41.24,34,4599.075491
-35.84,29,4599.648402
-38.6,24,4600.134343
-33.0,32,4600.611381
-44.04,25,4600.989718
-42.0,31,4601.43202
-44.21,19,4601.71663
-44.57,16,4601.976036
-32.91,32,4602.43291
-35.09,25,4602.823141
-41.03,24,4603.216476
-39.96,35,4603.790543
38.137963,27,4604.217273
-33.0,30,4604.730046
35.562771,23,4605.32478
-40.29,22,4605.965075
-40.68,26,4606.432201
-35.51,29,4606.975675
-36.0,29,4609.923402
-38.44,21,4610.420502
-38.75,33,4611.253638
38.450704,28,4611.853218
32.295031,33,4612.472423
-41.38,39,4613.023873
35.862928,28,4613.467356
32.415162,36,4614.145288
-35.2,33,4614.728603
-35.43,29,4615.367977
-33.0,26,4615.869625
-35.46,48,4616.713073
-38.72,22,4617.096882
32.638989,39,4617.810756
-41.81,28,4618.303944
-43.77,22,4618.711535
-38.69,32,4619.296636
32.668712,40,4622.134296
32.720588,35,4622.92009
-44.04,23,4623.359283
-43.61,28,4624.05992
-38.05,23,4624.515537
-45.0,23,4624.856174
-32.39,30,4625.311633
-38.31,29,4625.704257
-38.62,34,4626.141531
-41.28,29,4626.512078
32.325424,38,4627.076259
-38.55,24,4627.523098
35.902778,25,4628.051058
-38.62,31,4628.640565
32.576,31,4629.249052
-32.97,30,4629.844979
-35.5,26,4630.346634
35.596369,21,4630.730619
32.470588,39,4633.815568
-33.0,28,4634.351904
-45.0,27,4634.961132
-40.91,33,4635.589491
-45.0,28,4636.081271
-41.86,30,4636.600041
-40.91,27,4637.005066
-35.37,36,4637.52231
-41.14,28,4637.867725
-33.0,42,4638.410055
-36.0,27,4638.76598
-39.0,28,4640.000371
-33.0,31,4640.580899
-32.29,28,4641.136373
-41.5,24,4641.573454
-42.0,27,4642.122798
-37.95,28,4642.653407
-32.12,37,4645.693321
-35.53,30,4646.137158
-32.4,38,4646.575793
-33.0,29,4647.113608
32.51938,27,4647.584238
-41.72,35,4648.190568
-38.61,29,4648.619289
-33.0,30,4649.041321
-39.0,22,4649.322319
31.537267,26,4649.668802
-41.79,23,4649.970864
-35.93,33,4650.42794
-47.26,13,4650.673289
31.657343,30,4651.310279
-39.0,27,4651.853641
-44.66,16,4652.161339
-40.21,26,4652.652696
-43.89,25,4653.106803
-44.07,22,4655.801907
-34.48,28,4656.323595
-38.03,23,4657.066121
-36.0,22,4657.531389
-44.6,17,4658.270942
32.778226,35,4658.938914
-38.55,32,4659.556586
33.0,35,4660.315351
32.441296,28,4660.779744
35.678082,48,4661.430121
-41.9,38,4661.948829
-41.43,22,4662.204849
-41.56,27,4662.675492
-32.4,42,4663.426601
-35.27,44,4664.315404
-35.26,23,4664.744768
-40.88,22,4665.22155
-41.19,23,4665.742867
-41.31,23,4668.664547
-41.88,30,4669.351283
-35.25,29,4669.923056
35.006734,33,4670.651119
-47.89,21,4671.097139
31.708054,30,4671.663108
33.0,31,4672.239015
39.662242,29,4672.748444
-44.75,22,4673.126189
-41.92,27,4673.478511
-32.3,32,4673.884006
-39.0,21,4674.162966
-45.0,45,4674.744231
-37.88,35,4675.299853
-36.0,31,4675.834455
-42.0,24,4676.253253
34.354625,22,4676.634449
33.0,33,4679.443114
-37.57,28,4679.960501
-38.19,27,4680.443496
-42.0,21,4680.843596
-35.56,28,4681.351607
-41.64,26,4681.843392
-43.12,29,4682.431481
32.03125,35,4683.324822
-40.47,46,4684.441266
33.0,32,4684.961479
-41.62,24,4685.275293
-37.75,27,4685.625628
-41.4,27,4686.036381
-44.42,20,4686.304201
-37.74,26,4686.674032
41.304933,18,4686.916161
-34.79,34,4687.57006
-41.11,23,4688.177635
32.424138,33,4688.986306
-37.58,30,4692.003112
-37.59,25,4692.47419
-33.0,33,4693.10909
-44.38,27,4693.628913
-36.0,37,4694.317486
32.400749,32,4694.909674
-40.94,22,4695.312609
31.889961,38,4696.027629
-41.55,35,4696.735315
-44.29,22,4697.084065
-44.81,30,4697.525557
-42.0,25,4697.844666
-38.73,30,4698.246166
-31.69,32,4698.698852
-40.27,34,4699.199948
-33.0,33,4699.691094
33.0,32,4702.313876
-35.5,38,4702.957729
-38.69,30,4703.533313
38.487013,31,4704.079651
-41.7,23,4704.490644
-41.1,27,4705.102145
35.450909,38,4705.807314
35.413026,38,4706.816191
-38.57,27,4707.421272
35.340996,24,4707.923585
-47.39,20,4708.297866
-41.76,25,4708.86538
-32.53,29,4709.38414
-44.21,23,4709.776431
32.666667,35,4710.729303
-35.24,27,4711.104486
-40.41,28,4711.663413
35.198675,27,4712.140474
-39.99,30,4714.719949
-42.0,23,4715.148537
-37.51,34,4715.792674
-41.38,23,4716.197018
-42.0,43,4716.941351
37.268562,31,4717.477907
-35.67,28,4717.962269
-46.48,21,4718.348738
-38.1,28,4718.829906
-35.71,30,4719.369361
-38.09,29,4719.862417
-41.04,33,4720.557052
-32.76,28,4721.07352
-44.35,69,4722.198809
-38.08,28,4722.587208
-41.52,37,4723.208591
-35.91,31,4726.374552
35.545455,32,4726.965083
32.79878,21,4727.346719
-35.25,26,4727.806611
-32.04,30,4728.340878
-32.46,41,4729.210093
-44.91,30,4729.815124
-32.72,32,4730.54487
-37.77,25,4731.103231
35.613636,25,4731.776491
-35.97,37,4732.604961
33.0,31,4733.286156
-42.0,22,4733.729541
40.532641,31,4734.356934
-38.74,29,4734.835489
-38.9,25,4735.171109
-47.82,27,4735.508512
-44.43,25,4735.921868
-41.91,22,4738.555789
-41.87,29,4739.227512
-41.52,19,4739.558754
-37.03,33,4740.178409
34.904209,29,4740.729527
-41.02,27,4741.211838
38.34375,25,4741.63969
-41.42,36,4742.326017
-32.63,26,4742.813615
-41.24,26,4743.31209
-40.2,27,4743.769645
-44.57,19,4744.111656
-37.52,23,4744.455719
-37.87,33,4744.856758
-37.38,24,4745.288314
38.368601,26,4745.765439
-35.12,32,4746.28446
-33.0,29,4746.751177
-44.62,46,4749.387326
32.348361,29,4749.923614
-35.19,31,4750.489466
32.11254,31,4751.498432
-42.0,26,4751.985318
32.119048,27,4752.480402
-35.32,40,4753.168925
-41.18,36,4753.829307
-41.23,24,4754.239383
32.419708,35,4754.853507
-35.79,26,4755.292158
-38.8,25,4755.776451
32.728477,39,4756.423039
-38.11,22,4757.211572
-34.73,38,4757.849477
-38.81,22,4758.227526
-42.77,27,4758.656781
-41.1,40,4761.386794
-43.19,33,4762.007746
-32.86,31,4762.547547
-38.21,24,4763.076242
-41.34,22,4763.642627
-41.22,20,4764.084449
-32.15,26,4764.590467
32.076294,42,4765.550921
-32.77,39,4766.21446
-41.62,29,4766.752647
-38.27,23,4767.18524
-41.91,32,4767.782897
32.014815,26,4768.28095
38.777778,24,4768.738977
-38.87,21,4769.090467
-37.88,26,4769.495538
-41.45,19,4769.765346
-41.89,24,4770.140102
-41.09,22,4770.483088
-32.15,29,4773.046282
-32.15,29,4773.64901
-44.48,29,4774.310494
-41.51,23,4774.841055
32.622711,31,4775.480052
-31.94,31,4776.045894
-41.81,26,4776.493012
41.560606,15,4776.798421
-32.5,29,4777.293019
-38.91,24,4777.761565
-35.15,26,4778.272997
-38.66,40,4779.171324
-41.46,38,4779.922884
-43.56,27,4780.500701
-39.0,23,4781.084508
-33.0,30,4781.67486
-38.46,28,4782.259534
-38.21,28,4782.786914
-35.94,24,4785.220937
-32.83,40,4785.888082
-40.61,34,4786.524912
-38.15,43,4787.329427
37.676128,26,4787.813083
-38.49,29,4788.36638
32.387833,29,4788.872713
-35.84,26,4789.34629
-32.69,28,4789.881373
-38.23,28,4790.77161
-39.0,30,4791.366798
-42.0,24,4791.81013
-38.23,23,4792.286937
-41.74,22,4792.698884
-34.98,28,4793.164312
-38.47,19,4793.475467
-41.01,19,4793.790806
32.441176,23,4794.123639
-38.58,20,4794.459457
-35.07,29,4797.214253
-33.0,63,4798.403438
32.238095,29,4799.028182
-38.88,34,4799.639822
-44.6,32,4800.237063
-41.28,26,4800.726685
35.103053,33,4801.365554
-41.7,30,4801.994735
38.244186,25,4802.514635
-33.0,26,4803.008593
-32.49,27,4803.494081
-44.03,24,4803.964761
-41.44,21,4804.408173
-39.0,28,4804.998947
-38.53,24,4805.484042
-32.11,27,4805.997459
-44.25,28,4806.465086
35.02204,32,4809.093221
32.346304,60,4810.062264
-41.19,26,4810.654515
-35.65,27,4811.269447
38.4,23,4811.691722
-41.11,23,4812.131922
-39.0,34,4812.866366
-32.67,30,4813.559846
-38.55,24,4814.577153
38.008759,35,4815.211773
-41.14,27,4815.7119
-35.17,32,4816.282281
-38.38,28,4816.85698
-38.47,24,4817.570651
-38.88,51,4818.417353
35.276474,36,4819.078516
-40.85,27,4822.071358
-42.0,25,4822.46864
-43.37,26,4822.965689
41.69079,21,4823.353875
33.0,25,4823.806673
-36.7,39,4824.475447
-41.42,33,4825.101113
-38.73,32,4825.73356
-32.59,27,4826.229679
-40.37,44,4826.945795
-38.27,19,4827.291302
-43.99,23,4827.706053
-38.44,22,4828.093909
-38.25,33,4828.621279
-38.1,32,4829.094124
-38.65,32,4829.562099
32.219585,31,4830.078676
-38.12,37,4830.687815
-38.98,33,4833.166141
35.043333,39,4833.772894
35.444109,32,4834.298775
-35.71,29,4834.898603
32.513308,33,4835.702446
-32.54,33,4836.351556
-32.09,32,4836.965614
-37.71,32,4837.644313
-43.12,30,4838.215046
32.780069,35,4838.853079
-40.85,24,4839.213428
-32.01,38,4839.779984
34.328287,30,4840.241213
35.064103,32,4840.721732
-39.0,25,4841.175693
-33.0,30,4841.697141
32.094862,26,4844.338696
-41.13,32,4844.848721
-38.69,33,4845.336949
-40.97,37,4845.865108
-44.71,27,4846.257579
-33.0,31,4846.98218
32.484375,28,4847.482944
-38.9,37,4848.385782
-32.27,35,4848.994281
-35.49,28,4849.528971
38.876289,25,4849.986764
-32.91,29,4850.455452
-44.02,29,4850.916741
38.372951,24,4851.287543
-38.61,26,4851.709068
38.434615,18,4852.023542
-38.0,28,4852.527631
-35.33,36,4855.185419
-32.88,34,4855.812344
-35.84,37,4856.388391
-35.87,36,4856.986751
42.769665,25,4857.523818
-34.51,32,4858.048865
-35.19,32,4858.634191
-40.21,22,4859.038797
-41.02,29,4859.590645
41.40836,19,4859.974323
-32.98,66,4861.109862
-44.23,19,4861.41717
-35.38,28,4861.841774
-44.06,31,4862.413684
-38.88,27,4863.184586
-38.01,26,4863.61318
-38.81,24,4864.021157
36.0,26,4866.81858
-35.53,42,4867.517889
-38.68,22,4867.841933
33.0,24,4868.801955
-38.5,22,4869.183519
-35.74,23,4869.622747
-32.11,33,4870.209033
37.083413,25,4870.653442
-36.0,27,4871.139985
36.0,22,4871.65837
-40.12,21,4872.059791
35.529183,23,4873.227573
-32.29,26,4873.678952
32.077519,45,4874.37301
-45.0,37,4874.897443
-35.04,28,4875.308124
-41.83,87,4878.971351
34.507307,26,4879.263083
-41.21,28,4879.594755
-32.12,33,4880.242419
-40.55,26,4880.67536
-38.52,36,4881.222108
-38.68,28,4881.723919
-41.84,24,4882.236549
35.434389,36,4883.050818
-46.2,26,4883.527236
-41.46,24,4884.038264
-35.91,24,4884.464492
-38.49,33,4885.101006
-32.79,31,4885.758274
-44.63,25,4886.223315
-47.29,21,4886.556708
35.821577,26,4887.060081
35.229572,28,4887.631378
-32.25,30,4888.136205
-32.63,28,4891.075027
-38.26,33,4891.687444
32.69697,28,4892.181999
-38.36,21,4892.591947
-32.8,25,4892.969493
-43.96,29,4893.386376
-35.88,22,4893.721446
-41.21,35,4894.52853
32.599315,27,4895.367949
41.538889,22,4895.853388
-40.64,25,4896.327105
-42.0,23,4896.96673
-35.88,25,4897.510952
-41.25,34,4898.115271
34.776839,25,4898.529161
-38.39,31,4898.998477
-41.88,33,4899.525161
-44.58,24,4899.87085
35.0514,33,4902.474221
38.739623,26,4902.970351
-34.27,28,4903.465452
-38.31,26,4903.950636
-41.49,32,4904.501153
-44.73,23,4904.897593
-38.88,25,4905.257713
-38.7,26,4905.744527
-38.91,27,4906.267181
-32.58,25,4906.863817
-32.02,34,4907.469257
-36.0,30,4908.264988
-39.0,32,4908.842338
-38.38,37,4909.583549
-38.76,28,4910.076809
-33.0,33,4910.653974
-35.9,29,4911.109977
-41.16,26,4911.677222
-35.99,21,4914.699137
-38.3,35,4915.397321
-41.28,22,4915.750643
-35.95,27,4916.177971
-38.69,30,4916.679715
-33.0,49,4917.698277
34.655462,31,4918.271412
-40.62,34,4918.914053
-47.33,14,4919.13275
-39.0,23,4919.561169
-38.6,21,4919.949733
-47.45,20,4920.349182
-35.29,51,4921.367642
-40.75,20,4921.831083
-41.86,18,4922.35209
37.331268,33,4922.930809
-38.29,34,4923.658825
35.017274,30,4924.299254
-40.93,26,4927.278542
33.0,31,4927.9526
35.256593,25,4928.51018
-46.58,20,4928.88164
-35.4,26,4929.31925
36.0,27,4929.758645
-33.0,30,4930.31711
-33.0,32,4930.936711
36.0,20,4931.311048
32.288618,35,4932.134154
-32.0,27,4932.711318
-43.37,17,4932.993998
38.39404,25,4933.515851
-36.0,28,4933.976012
-42.0,28,4934.435014
-32.86,28,4934.843494
33.0,47,4935.71007
-38.57,20,4936.103294
-40.57,32,4936.74991
35.254613,28,4939.563905
-40.17,24,4940.003186
-38.52,27,4940.379251
-30.0,31,4940.829686
-32.91,37,4941.395767
33.0,25,4941.783886
37.628912,33,4942.329567
-38.49,28,4942.845198
-38.35,32,4943.435625
-41.71,27,4943.895089
-41.71,22,4944.266275
35.145161,27,4944.778093
-38.84,27,4945.326243
-45.0,20,4945.694544
-38.29,25,4946.122012
-42.0,28,4946.713755
41.088235,25,4947.264557
35.49729,30,4947.942321
44.781457,28,4951.445379
-38.55,36,4952.070076
-31.99,33,4952.757719
-38.24,31,4953.337924
-43.65,25,4953.810717
-40.8,38,4954.484619
-35.27,32,4955.004102
-35.81,25,4955.489661
-41.87,35,4956.204895
-33.0,26,4956.759521
-32.78,33,4957.459423
-44.28,24,4957.988304
-35.7,37,4958.701449
-41.61,44,4959.536078
-35.16,32,4960.202361
-38.77,33,4961.229195
-35.81,31,4964.022432
-41.25,26,4964.651484
-35.79,39,4965.644443
-38.51,22,4966.120633
31.606061,26,4966.57772
-37.97,24,4966.98094
-38.55,30,4967.427705
39.0,20,4967.733861
32.327731,26,4968.112997
-39.0,29,4968.562403
-40.97,29,4969.060091
-36.0,26,4969.481389
-38.6,25,4969.889392
-38.63,33,4970.445281
-41.46,27,4971.052876
-33.0,26,4971.571638
-41.08,32,4972.236099
-32.65,29,4972.915578
-36.0,20,4973.357332
35.804636,36,4976.376428
-38.42,28,4977.229243
-41.31,28,4977.822209
-41.29,24,4978.282305
-37.75,24,4978.653096
36.0,27,4979.079564
38.066421,26,4979.484712
-41.8,27,4979.905475
-35.52,27,4980.326228
-41.63,30,4980.809411
-38.85,29,4981.250911
-32.65,34,4981.777948
-41.38,21,4982.135739
-38.39,27,4982.583133
34.591542,27,4983.137169
-38.28,30,4983.68718
-38.05,25,4984.153677
-38.18,31,4984.725871
-44.37,26,4985.197211
-39.0,20,4987.833158
32.5,32,4988.576723
-33.0,33,4989.29767
-38.72,23,4989.880013
-41.14,37,4990.464292
-38.12,24,4990.836906
-41.09,23,4991.181817
35.4,36,4991.735346
-38.31,31,4992.179765
37.290661,26,4992.567779
-38.63,33,4993.200849
-33.0,26,4993.741572
-39.0,22,4994.19904
-35.57,31,4995.034539
34.977941,36,4995.744029
38.690265,25,4996.312307
32.088889,37,4997.196077
-40.87,24,4999.819602
-33.0,27,5000.371215
-44.35,27,5000.839817
-45.0,21,5001.238328
32.118785,35,5002.090403
33.0,27,5002.555432
-41.35,23,5002.917781
34.855841,28,5003.547372
-32.1,31,5004.121137
-41.63,37,5004.657876
-36.0,30,5005.12943
-45.0,34,5005.678311
37.661179,20,5006.084138
-38.22,33,5006.875642
-38.28,26,5008.280828
38.434324,40,5008.971052
-39.0,26,5009.427649
-44.21,23,5009.807332
-38.91,27,5012.970219
-47.03,26,5013.449435
32.007722,35,5014.07712
-40.53,25,5014.534329
-42.0,24,5014.907644
34.680556,24,5015.232569
-35.21,35,5015.655566
-41.62,24,5015.976182
-44.19,24,5016.279721
-33.0,39,5016.859607
-32.54,24,5017.261482
-45.0,18,5017.589737
-40.61,36,5018.297145
-38.64,26,5018.793229
-39.0,22,5019.201998
41.52568,24,5019.698129
-40.65,24,5020.26318
35.348026,38,5021.072569
-41.04,23,5021.538047
-41.53,34,5024.41072
35.392491,26,5024.945157
-39.0,23,5025.451152
-41.04,22,5025.951666
-46.57,24,5026.375484
34.341358,35,5026.945975
-41.51,24,5027.273579
-41.74,22,5027.698142
34.169959,24,5028.160695
32.391304,30,5028.603415
-44.76,31,5029.112884
-41.28,18,5029.477331
35.901141,24,5029.895149
-38.8,24,5030.370743
-41.81,32,5031.086529
-39.0,26,5031.577863
-35.23,23,5032.013601
-36.0,29,5032.593405
-35.0,34,5033.250111
-38.91,35,5035.97515
-35.23,30,5036.540747
-40.28,29,5037.104228
34.904496,49,5038.034878
-32.08,28,5038.53002
-37.61,21,5038.833233
-33.0,33,5039.291414
-38.57,33,5039.736005
-41.09,31,5040.134794
44.977783,18,5040.434521
38.632399,20,5040.796649
35.053009,35,5041.413203
-41.22,24,5041.861945
-47.06,18,5042.219257
-43.51,21,5042.580115
-44.31,18,5043.558939
35.342857,28,5044.102054
-44.92,29,5044.680161
-42.0,24,5045.1488
-42.73,34,5047.96427
-38.23,22,5048.402761
-40.9,34,5049.078357
32.099379,31,5049.586357
-35.81,39,5050.162305
-32.18,32,5050.56452
-41.0,29,5050.917825
35.166667,28,5051.27506
-31.68,38,5051.805569
35.320922,51,5052.634191
34.676322,33,5053.373961
-35.01,41,5054.076938
-38.61,24,5054.503762
-43.24,29,5055.054729
-35.07,42,5055.969167
-38.77,26,5060.181859
-32.95,31,5062.726026
32.909449,26,5063.321258
-36.82,28,5064.044474
-35.65,30,5064.793531
-38.07,25,5065.236232
-32.03,31,5065.71295
-38.71,22,5066.018418
-41.59,22,5066.345858
-44.61,27,5066.746912
-35.56,24,5067.102277
-45.0,19,5067.389058
-41.74,25,5067.795011
-41.57,31,5068.36996
-42.72,24,5068.80148
-36.0,27,5069.311298
-32.25,29,5069.88961
-32.49,32,5070.501774
-41.03,26,5071.005068
30.0,28,5073.716721
-35.08,32,5074.333578
-41.09,19,5074.680636
32.003472,28,5075.238779
-41.49,28,5075.716565
-32.44,42,5076.379404
-37.3,29,5076.839697
-38.36,27,5077.192349
35.402439,28,5077.596756
-32.72,26,5078.11221
35.452588,29,5078.544884
-38.11,51,5079.430191
-35.4,31,5080.041357
-39.0,18,5080.373285
-41.64,33,5081.035993
35.435115,22,5081.625427
-41.29,23,5082.081613
-35.63,31,5082.699609
32.858065,33,5085.677651
-44.47,21,5086.141578
-38.61,27,5086.488568
-39.0,29,5086.789397
-38.28,30,5087.187603
-35.22,29,5087.732923
-38.14,44,5088.40835
-32.52,43,5089.082378
-38.16,30,5089.562706
38.63728,26,5089.9696
32.336667,30,5090.417244
-38.88,27,5090.803573
-38.08,23,5091.197331
-38.23,28,5091.621484
-38.65,22,5092.091957
-35.86,26,5092.582685
-38.51,36,5093.442286
-37.92,27,5096.075125
-38.48,28,5096.580624
34.414953,49,5097.482137
40.239643,35,5098.173603
-36.0,39,5098.881592
32.42,39,5099.518707
-38.48,26,5099.924256
40.219766,26,5100.357986
-33.0,28,5100.82845
-34.97,26,5101.224908
-38.27,29,5101.700854
-41.21,24,5102.090684
-31.62,39,5102.687785
-32.21,31,5103.178831
32.486111,27,5103.707908
-44.57,19,5104.092684
-38.92,24,5104.625835
-36.0,33,5107.515927
32.427184,31,5108.369436
-40.81,25,5108.906883
-43.69,27,5109.441315
-40.55,25,5109.963485
-38.84,30,5110.522031
-43.71,21,5110.85751
-35.41,33,5111.314027
-35.5,31,5111.771627
-32.15,31,5112.38137
-35.62,29,5112.873768
41.133117,20,5113.156468
35.855114,24,5114.229632
-38.3,20,5114.501325
35.596737,30,5114.960704
-35.02,37,5115.581549
-36.0,24,5116.023295
40.957953,20,5116.361091
-35.18,30,5116.900941
-35.36,24,5119.350718
37.245517,25,5119.785863
-42.0,22,5120.152796
-35.01,25,5120.596537
-41.16,29,5121.031329
-37.68,29,5121.477869
-44.33,24,5121.868191
-38.13,23,5122.207922
-31.73,32,5122.745468
-36.0,32,5123.284351
-38.78,18,5123.559166
35.198529,27,5123.938766
-41.26,27,5124.330323
-42.0,21,5125.197314
-41.03,22,5125.574333
-38.05,29,5126.068325
-31.99,29,5126.589941
-37.55,26,5127.05249
-41.56,25,5127.461488
-43.01,24,5129.950304
-40.68,32,5130.52386
-35.55,30,5131.292598
-33.0,29,5131.766598
37.044595,30,5132.241675
-38.37,34,5132.732931
-38.5,27,5133.12751
-35.72,54,5133.981558
-41.93,28,5134.371846
35.008609,35,5134.840003
-35.21,44,5135.471883
38.205882,34,5135.919818
-41.95,22,5136.418021
-38.8,25,5136.8877
32.365325,64,5137.987955
-45.49,25,5140.463496
-38.64,23,5140.887467
-35.39,35,5141.897235
-41.1,19,5142.229945
35.9,22,5142.571656
-38.49,31,5143.025501
-41.81,31,5143.503773
-32.16,42,5144.122071
35.123077,27,5144.561719
-32.55,29,5144.961308
-44.68,18,5145.228375
35.265217,32,5145.67505
-33.0,33,5146.166595
-36.0,33,5146.661319
-35.65,29,5147.208442
38.092937,21,5147.612133
34.435885,28,5148.103575
-38.57,29,5148.609837
32.901639,28,5149.097281
-36.82,39,5151.792011
-44.46,25,5152.052941
-38.05,29,5152.32647
35.080851,33,5152.729326
39.0,24,5153.226146
-31.66,32,5153.752856
-44.71,18,5154.018756
-44.39,26,5154.431089
-39.0,27,5154.831416
34.668038,35,5155.594225
-45.0,31,5156.181981
-41.09,23,5156.588653
-34.1,27,5157.006631
-42.0,33,5157.451211
-46.2,13,5157.677379
-41.21,23,5158.017861
-38.68,28,5158.454216
-41.84,26,5158.878897
-38.02,42,5161.799031
-36.0,29,5162.347111
-34.64,29,5162.867532
-32.42,29,5163.374704
-33.95,29,5163.900447
-40.43,32,5164.452033
-32.22,30,5164.886674
-42.0,18,5165.166142
-39.0,28,5165.595608
-38.54,24,5165.954811
-41.7,19,5166.241108
32.584507,28,5166.687915
35.020833,30,5167.194337
32.35274,28,5167.587286
-32.29,31,5168.040415
-38.05,22,5168.358152
-41.29,25,5168.72496
-34.67,26,5169.168033
-44.24,17,5169.489051
-48.0,22,5171.928055
-32.49,27,5172.364015
-40.84,39,5173.035737
-43.83,26,5173.494267
-44.06,24,5173.77761
-41.74,35,5174.365225
-35.24,24,5174.777969
35.367601,26,5175.257613
-35.19,31,5175.746747
32.520249,37,5176.296247
33.0,33,5176.762228
-44.18,19,5177.05337
-32.26,31,5177.544584
-33.0,50,5178.261188
-38.25,32,5178.929072
-38.53,29,5179.34249
-41.5,23,5179.7023
32.800643,28,5182.221547
-41.08,27,5182.700088
-41.59,20,5183.049599
-32.25,31,5183.58089
34.531574,34,5184.160752
33.0,26,5184.656286
-38.2,31,5185.28039
-40.49,25,5185.712681
-43.8,29,5186.210137
-39.0,26,5186.618182
-33.0,38,5187.178236
-35.35,35,5187.679425
-32.07,30,5188.143183
-38.43,27,5188.547343
-38.84,28,5188.946716
32.287938,30,5189.354711
-38.69,27,5189.739896
-41.23,32,5190.279546
-38.85,29,5192.846097
-39.0,31,5193.431919
-37.76,23,5193.829653
-31.85,32,5194.411562
-38.79,39,5195.072426
-44.49,110,5196.884079
-40.37,27,5197.281982
-39.0,21,5197.59258
-33.0,33,5198.082184
32.5,27,5198.522262
-40.91,22,5198.851098
-35.19,26,5199.242896
-44.75,20,5199.518387
43.780646,20,5199.825665
-44.21,35,5200.30677
-38.91,26,5202.754446
-32.77,44,5203.509467
-38.82,25,5203.945479
-32.33,33,5204.525131
34.376074,33,5205.09643
-32.88,31,5205.633923
35.630705,29,5206.151502
-38.62,23,5206.59932
-38.17,29,5207.11375
-36.0,47,5207.816894
-38.39,29,5208.245542
38.134545,20,5208.538504
35.878327,30,5209.079331
-32.35,32,5209.788202
35.440273,26,5210.171899
-36.0,25,5210.534563
-36.71,26,5210.91624
-38.05,27,5211.277347
-47.85,15,5213.50362
-34.7,28,5213.981031
-41.5,26,5214.426918
31.603448,28,5214.979468
41.570909,17,5215.336308
-41.14,29,5215.841471
-39.0,24,5216.274817
-35.52,27,5216.713599
40.60016,22,5217.128986
-41.97,30,5217.75936
-44.3,27,5218.145517
-41.43,25,5218.500738
-44.65,23,5218.83089
39.0,20,5219.151063
-37.49,26,5219.555956
-42.0,25,5219.986211
-35.76,34,5220.55776
-38.91,22,5220.872094
-38.81,28,5221.262126
-32.58,43,5223.830921
-35.38,32,5224.39071
-34.73,28,5224.854207
32.2,32,5225.409003
-38.83,27,5226.063955
-35.26,26,5226.510037
32.147651,39,5227.18488
-35.02,24,5227.597711
-36.0,25,5228.023201
-38.32,25,5228.412717
-41.14,22,5228.753854
38.156667,25,5229.145764
-45.0,21,5229.4775
35.80695,26,5229.874533
-41.75,32,5230.477169
-47.23,18,5230.820142
-32.16,31,5231.359277
-36.0,27,5231.767343
-35.66,22,5232.048567
-39.0,21,5232.359512
-41.13,23,5234.770369
-41.75,26,5235.217737
-41.62,26,5235.664397
-32.02,29,5236.147114
-47.9,17,5236.463062
-36.0,29,5236.985494
-38.1,27,5237.437924
-40.61,26,5237.888211
-32.35,40,5238.555737
33.0,36,5239.06649
42.0,15,5239.245625
-32.46,25,5239.766051
-44.33,23,5240.107108
-47.32,21,5240.443404
-40.94,22,5240.885162
-47.52,24,5241.315892
-32.5,33,5241.983676
-36.0,32,5242.586287
32.307692,23,5242.973848
35.211321,24,5245.261146
-35.35,27,5245.728158
-44.41,41,5246.471505
-46.54,26,5246.922191
32.277154,24,5247.344561
-35.03,38,5248.016874
-41.89,25,5248.46738
-42.0,26,5248.863324
40.457023,24,5249.199448
40.369173,25,5249.593358
-43.96,27,5250.264688
-41.11,23,5250.61323
38.286822,18,5250.930816
44.130345,15,5251.78934
-44.55,24,5252.20575
-41.62,19,5252.522274
-38.52,25,5252.960323
39.0,27,5253.445292
-43.93,49,5254.299181
-44.54,18,5254.5468
34.35903,38,5257.07066
-41.37,22,5257.50111
-41.29,28,5258.192157
-39.0,34,5258.779872
-35.35,29,5259.241403
-37.87,43,5259.903692
-33.0,29,5260.331772
-34.84,29,5260.754093
-41.35,30,5261.296947
37.750909,21,5261.676439
38.57483,21,5262.053977
-38.42,23,5262.455458
-44.69,30,5262.978697
32.443609,32,5263.540475
-44.8,24,5263.94862
35.153025,24,5264.396465
-38.75,24,5264.834059
-41.48,37,5265.403542
-40.45,32,5267.822267
-44.23,22,5268.251012
-36.0,32,5268.819801
-35.5,32,5269.318865
32.259615,21,5269.648133
-44.07,21,5269.965762
40.986462,25,5270.35642
32.263158,31,5270.802378
-42.0,22,5271.180882
-35.9,31,5271.721079
-38.45,26,5272.174703
-35.29,29,5272.652355
-36.0,25,5273.080915
-37.53,35,5273.708549
-41.41,23,5274.158082
-41.52,23,5274.738622
-44.02,32,5275.304943
31.834728,39,5276.032248
-44.15,21,5278.176449
-41.33,27,5278.661761
-47.07,13,5278.866182
-35.71,26,5279.342758
-38.89,22,5279.705652
-35.45,30,5280.165402
30.0,35,5280.729357
38.12766,21,5281.067436
35.522788,24,5281.430646
-40.76,22,5281.772686
-41.81,13,5282.003159
-38.31,28,5282.67778
40.731796,20,5283.030226
-38.24,24,5283.4784
-37.68,25,5283.913029
-35.22,43,5284.673719
-41.62,26,5285.168521
-43.74,34,5285.857214
-38.79,21,5286.261729
-32.62,55,5289.848356
-32.7,33,5290.661612
-38.56,27,5291.234307
-36.0,25,5291.710792
-34.98,34,5292.301104
32.293023,37,5292.863402
-32.34,35,5293.457634
-45.0,31,5294.003065
-41.81,32,5294.590643
-36.0,29,5295.11108
-39.0,20,5295.50895
35.543618,26,5296.044626
-38.7,29,5296.667417
-36.0,36,5297.375218
-38.68,34,5298.018486
35.182432,26,5298.49087
35.625,32,5299.091274
-44.76,25,5301.628636
-38.38,31,5302.222422
-32.51,38,5303.003777
-43.5,26,5303.495552
-39.0,28,5303.942091
37.293576,29,5304.403444
-35.72,26,5304.827683
-38.52,30,5305.339566
-38.48,27,5305.934624
-43.94,24,5306.356764
-39.0,27,5306.844992
-35.51,32,5307.423675
32.044534,31,5307.985243
-35.33,30,5308.611315
-41.75,30,5309.391177
35.107639,31,5309.970366
-32.14,32,5310.532282
-38.43,21,5310.927658
-42.0,30,5313.396085
-32.22,34,5313.961702
-38.67,29,5314.366224
-32.38,33,5314.868258
-32.27,35,5315.552344
-44.67,22,5315.929251
-43.7,24,5316.338516
-39.98,34,5316.861248
-39.0,26,5317.298325
-45.0,72,5318.551872
-38.08,29,5319.136202
-30.0,33,5319.740192
35.035714,26,5320.239781
39.125555,24,5320.710874
-41.71,26,5321.207836
-38.88,33,5321.841037
-38.61,27,5324.387746
-44.38,21,5324.722133
-44.51,26,5325.125801
-42.0,26,5325.671405
-32.34,34,5326.338342
-39.0,18,5326.694575
-36.0,44,5327.640445
-41.62,27,5328.054767
-43.58,22,5328.415184
-39.0,28,5328.886321
-38.35,29,5329.448898
-38.29,30,5330.01275
-32.8,25,5330.457343
-43.57,22,5330.8871
-38.19,23,5331.298826
35.396552,35,5331.956765
-39.0,26,5332.486965
-38.02,19,5332.852082
-41.3,42,5333.838016
-44.31,23,5336.279267
-35.63,27,5336.702534
-44.81,19,5337.005711
-41.36,37,5337.695307
-35.14,36,5338.351866
-35.59,33,5338.886739
-44.93,31,5339.364849
-35.54,24,5339.767331
-43.75,25,5340.189777
-35.49,27,5340.70648
44.025838,18,5341.029419
-44.33,26,5341.561045
-38.26,25,5342.065911
-41.19,21,5342.476637
32.981424,58,5343.59718
-39.46,29,5344.227621
-42.0,23,5344.676499
-35.27,32,5345.332734
-44.83,23,5347.796211
-35.53,33,5348.295409
-38.43,25,5348.702067
-44.93,26,5349.215456
35.795031,46,5350.001866
-32.15,36,5350.541283
-44.09,19,5350.882113
-40.64,30,5351.357697
-38.6,25,5351.802775
-43.95,21,5352.115396
-35.86,33,5352.809065
-41.25,35,5353.546324
-41.19,25,5354.03431
-40.73,24,5354.414575
-39.0,22,5354.809362
-32.08,28,5355.299357
-38.04,24,5355.694385
-41.41,34,5356.316423
-35.73,25,5358.756396
-42.0,22,5359.027881
-41.27,23,5359.260983
31.54186,36,5359.692248
-32.63,43,5360.292737
-36.0,24,5360.68958
-38.9,26,5361.306595
-38.25,33,5361.822935
-42.0,27,5362.243755
-33.0,46,5362.940156
-41.62,33,5363.457221
-41.78,20,5363.819544
-35.89,54,5364.79984
38.164062,27,5365.317969
-42.0,25,5365.801688
-42.0,25,5366.24
-42.0,22,5366.6477
-44.55,30,5369.235852
-44.5,25,5369.606302
-37.72,24,5369.966187
34.296254,36,5370.49977
-35.51,26,5370.886536
-36.0,25,5371.316569
38.071661,28,5371.839381
-41.71,22,5372.141662
-44.91,26,5372.571554
-39.0,26,5372.967632
-38.05,26,5373.367645
-32.76,33,5373.89835
-44.37,15,5374.181618
-45.0,26,5374.679175
32.11985,43,5375.519726
-45.0,22,5375.929844
-39.0,36,5376.55762
-38.3,27,5377.028821
-32.37,28,5379.704028
-40.07,37,5380.295043
-35.35,31,5380.77458
-35.89,32,5381.253284
-38.74,29,5381.682343
-38.88,28,5382.113617
-32.79,32,5382.702815
-41.31,27,5383.123775
-39.0,24,5383.526903
-44.73,34,5384.076794
36.0,18,5384.354277
-41.71,27,5384.8913
-44.14,26,5385.387272
-33.0,30,5385.960959
44.099359,25,5386.648793
-41.23,33,5387.251924
35.399317,21,5387.667252
-36.0,24,5388.157715
-39.0,34,5391.148944
-41.61,49,5392.182788
-36.86,29,5392.690131
-44.62,40,5393.317323
40.657653,52,5394.051613
-35.36,31,5394.499304
-32.64,34,5395.020423
-44.51,29,5395.429859
-32.4,31,5395.893628
-38.91,21,5396.252435
-38.72,23,5396.637587
-33.0,32,5397.161451
-40.77,20,5397.506471
-41.14,20,5397.851165
-44.81,14,5398.104387
-35.64,45,5398.87864
-32.67,28,5399.352673
39.819824,24,5401.785777
41.435256,15,5402.126761
-44.5,22,5402.473785
-32.9,30,5402.856064
-35.6,32,5403.510871
-35.7,30,5403.940413
-44.63,17,5404.174545
38.026923,24,5404.499475
-47.12,29,5404.900077
-41.33,24,5405.252364
-41.64,27,5405.646122
41.096602,23,5406.007197
-35.06,28,5406.442027
-43.22,25,5406.885412
-35.26,32,5407.424492
33.0,27,5407.858511
-44.86,19,5408.266876
-34.98,33,5408.963146
-38.3,24,5409.405761
31.875912,27,5409.89632
-40.91,26,5412.412118
-44.5,29,5412.94423
32.863777,39,5413.672586
-38.39,28,5414.086126
-46.76,24,5414.427263
-37.94,28,5414.821232
30.0,34,5415.258147
-38.91,24,5415.572704
-44.51,18,5415.832383
-32.63,30,5416.464
-35.46,27,5416.856769
-35.05,29,5417.338733
-41.41,23,5417.719045
-40.53,30,5418.261965
-42.0,31,5418.795084
33.0,27,5419.268772
34.506606,39,5420.017413
-44.1,25,5420.455196
-38.37,36,5423.109154
38.055556,26,5423.57024
-35.35,41,5424.266839
-35.86,20,5424.554096
-36.0,22,5424.839468
-37.44,28,5425.238885
-35.42,24,5425.530538
39.863119,21,5425.801349
-32.01,39,5426.295086
-38.11,23,5426.646208
-44.7,11,5426.800756
38.196667,27,5427.209318
-44.68,21,5427.592409
-38.97,33,5428.362487
-38.53,29,5428.851942
-38.2,30,5429.347346
-41.47,25,5429.779087
32.541379,29,5430.326841
-41.58,21,5430.648021
38.263889,28,5433.162471
-38.68,33,5433.73681
-44.42,28,5434.219725
33.0,27,5434.678911
-35.65,32,5435.719361
-38.11,20,5436.063854
35.684,24,5436.452507
-32.57,30,5437.345709
36.0,26,5437.720392
-39.0,25,5438.101638
-42.0,20,5438.440464
-33.0,40,5439.204766
-38.03,26,5439.709189
-39.0,21,5440.071115
-43.34,43,5440.796794
-44.62,32,5441.36642
30.0,33,5441.942461
-32.7,26,5442.554805
-34.68,28,5445.03291
-38.38,25,5445.457089
32.374545,42,5446.022093
32.129139,30,5446.420256
-44.4,23,5446.756497
-41.45,23,5447.088163
-46.81,16,5447.352824
-35.83,27,5447.732217
-38.58,36,5448.292832
-41.63,27,5448.689894
-35.91,28,5449.10322
-40.7,21,5449.466304
-37.74,28,5449.914977
-38.01,25,5450.342696
-42.0,27,5450.789412
-36.0,29,5451.261803
40.630161,23,5451.667445
-34.93,44,5452.437295
-32.64,35,5455.223506
-40.72,27,5455.709279
-43.96,29,5456.121266
-35.69,55,5456.901671
36.510064,30,5457.306547
-33.0,30,5457.702258
38.348315,21,5457.989273
-44.34,22,5458.311822
-44.46,22,5458.624529
43.698276,27,5459.015225
-44.03,21,5459.300482
-36.0,30,5459.747012
-41.09,22,5460.263398
-32.4,30,5460.915537
-32.76,32,5461.480604
-44.1,23,5461.862352
-40.77,31,5462.366202
35.487273,29,5462.864959
-38.4,35,5465.546921
-35.07,45,5466.394894
32.118729,29,5466.871158
-47.05,19,5467.178228
-44.09,27,5467.626156
-45.96,21,5467.987735
32.230284,28,5468.386972
35.596708,30,5468.749342
-41.24,28,5469.122365
32.476415,41,5469.777197
-41.0,20,5470.081311
-35.18,29,5470.596874
-38.01,23,5471.002701
32.216606,31,5471.501433
-38.17,42,5472.222541
37.18601,27,5472.641057
-41.7,23,5473.029987
-42.0,20,5473.406831
37.692113,28,5475.855536
-38.58,23,5476.246686
32.440129,34,5476.98355
-35.9,35,5477.966382
-40.97,28,5478.513868
-47.32,15,5478.796958
-41.68,141,5480.86618
-36.0,23,5481.186316
-38.84,28,5481.642576
-44.27,22,5482.054857
-35.5,23,5482.55631
-38.34,27,5483.32483
-43.7,27,5483.923847
34.303977,47,5484.906446
-41.25,28,5487.890678
33.0,28,5488.520585
-32.57,31,5489.090887
37.193923,31,5489.721541
33.0,33,5490.469094
38.463878,22,5490.852763
-40.52,26,5491.231617
-38.27,25,5491.5603
32.2125,31,5491.96709
-41.42,24,5492.256966
32.418251,38,5492.72318
-36.0,37,5493.290691
-32.09,29,5493.796504
-39.0,30,5494.280231
-41.86,22,5494.670429
35.519084,24,5495.054398
-42.0,41,5495.785661
35.17866,25,5496.196549
-39.0,42,5498.834774
-32.18,28,5499.286094
-35.54,25,5499.713272
32.124309,39,5500.331893
-41.04,24,5500.74368
-32.46,30,5501.204384
32.520913,34,5501.769625
-38.17,21,5502.026096
-38.52,21,5502.298791
-32.36,49,5502.862816
-44.79,34,5503.299234
-32.02,26,5503.682391
-38.33,25,5504.093628
-38.62,25,5504.518007
-40.11,24,5505.056317
-41.16,33,5505.733151
-32.57,44,5508.453405
-32.8,29,5508.932567
-34.33,38,5509.60842
-42.0,27,5510.067678
41.391034,23,5510.442851
-41.37,26,5510.879385
31.637405,37,5511.517579
-42.0,27,5512.210577
-35.17,48,5513.186841
34.995497,29,5513.628936
-30.0,31,5514.081231
-36.0,23,5514.537917
-39.0,26,5514.895842
-32.91,30,5515.420304
-38.49,31,5515.95509
-35.27,27,5516.433725
-35.67,23,5516.862655
-38.27,27,5517.308144
-44.37,24,5519.69514
-44.08,29,5520.189189
-39.0,25,5520.653277
37.837267,24,5521.064907
-38.4,25,5521.506806
-39.0,27,5521.998093
-39.0,27,5522.460198
-36.0,25,5522.876137
-32.3,31,5523.395785
-38.02,33,5523.898239
-44.22,20,5524.120231
-38.5,25,5524.417715
-34.46,30,5524.781416
-42.0,19,5525.057332
-41.28,25,5525.375981
-38.51,32,5525.81748
37.334572,29,5526.293655
-38.02,36,5526.918893
-43.17,21,5527.305298
-45.0,20,5530.006341
31.969388,34,5530.762761
34.915538,26,5531.202497
-39.0,23,5531.622063
-38.66,28,5532.088793
-44.82,20,5532.441214
40.310717,43,5533.16201
33.0,27,5534.136124
-40.36,25,5534.60396
32.876068,25,5534.98354
34.674955,32,5535.358827
-38.06,26,5535.684589
-45.0,25,5535.99488
-38.88,24,5536.287815
-39.0,38,5536.755259
-39.0,25,5537.187031
-39.0,26,5537.771585
35.277567,30,5538.355379
-39.0,24,5538.796992
32.240157,26,5541.306779
-41.45,17,5541.590428
34.757576,34,5542.126068
-43.28,31,5542.665068
-41.19,34,5543.249899
-42.0,26,5543.702288
-35.35,59,5544.678931
-40.72,21,5544.995171
-41.26,22,5545.356551
-41.03,26,5545.748439
-37.95,38,5546.243677
32.705502,29,5546.563231
-32.51,43,5547.127376
-38.47,46,5547.77199
-35.84,29,5548.24984
-38.37,42,5550.614208
-45.0,22,5550.835515
-33.0,26,5551.263057
-39.0,30,5551.805437
-42.8,28,5552.26095
-44.43,20,5552.615037
-39.0,40,5553.295144
-41.19,20,5553.655855
-41.16,23,5554.159727
-41.14,20,5554.489377
-41.68,25,5554.911473
-44.24,25,5555.437207
-38.81,29,5556.097835
-38.82,21,5556.519186
-35.34,32,5557.140888
-37.17,26,5557.581045
-37.4,29,5557.961686
-36.0,27,5558.36002
-37.65,28,5558.714138
-38.47,28,5559.089247
32.231317,35,5561.739187
-35.24,25,5562.187616
-44.64,26,5562.63345
-41.01,23,5563.248617
-41.15,18,5563.564067
-44.14,31,5564.104216
-40.57,35,5564.728751
-37.84,30,5565.284448
-32.4,32,5565.84025
35.408998,25,5566.309112
-37.62,28,5566.822728
-40.71,30,5567.345798
36.748768,36,5567.900415
35.688716,24,5568.260641
32.595142,33,5568.686242
-35.19,25,5569.001913
-38.24,25,5569.2977
-35.57,26,5569.649637
-36.0,30,5572.315703
-39.0,25,5572.761908
-38.76,35,5573.332971
-34.81,33,5573.887315
-35.94,35,5574.537196
-39.0,26,5575.094387
-32.68,33,5575.628568
-35.77,28,5576.155113
-35.49,26,5576.592112
-38.82,30,5577.198607
-44.15,31,5577.876188
-35.93,38,5578.692449
-35.25,31,5579.339668
-31.84,27,5579.7693
-35.05,24,5580.108775
41.47482,20,5580.372983
-41.82,23,5580.721319
-32.42,40,5583.596741
-42.0,31,5584.147019
-35.41,22,5584.476311
-33.0,67,5585.633731
-38.43,33,5586.224792
37.358572,34,5586.84257
-35.93,29,5587.363092
-35.5,37,5587.980833
38.05694,36,5588.625108
-32.48,26,5589.157325
-35.53,31,5589.904771
-38.26,29,5590.283677
-39.0,23,5591.054815
-35.69,28,5591.489807
-41.59,26,5591.831404
-35.77,35,5592.242563
-41.15,28,5594.484452
-38.66,23,5594.848398
-44.61,24,5595.250775
-33.0,29,5595.737102
-40.54,23,5596.266544
32.448276,30,5596.769001
-35.33,32,5597.32118
-41.42,31,5597.852033
-39.0,33,5598.368959
38.277108,22,5598.725
-39.0,27,5599.196359
-36.0,30,5599.693802
39.0,29,5600.180096
-38.24,23,5600.599977
32.004016,40,5601.28538
-41.23,21,5601.59182
-44.71,22,5601.907992
-33.0,26,5602.169672
-44.54,23,5602.440609
40.598765,42,5604.918391
-38.81,25,5605.33044
-35.59,28,5605.768172
32.267101,30,5606.285444
-32.34,27,5606.763152
-33.0,28,5607.195177
-38.23,24,5607.588127
-38.13,25,5608.166712
-42.0,25,5608.629548
-32.74,28,5609.072485
-42.81,26,5609.504551
-38.52,24,5609.931417
32.355172,30,5610.440695
-32.72,24,5610.824975
-45.0,22,5611.189826
-44.61,21,5611.509868
35.549091,22,5611.827508
-32.68,44,5612.459692
34.899308,27,5614.613312
-41.94,18,5614.916418
-38.84,26,5615.539581
-40.46,36,5616.123212
-32.47,39,5616.833495
-32.76,31,5617.352011
-38.5,33,5617.888191
-38.88,28,5618.339959
-35.62,24,5618.805231
-36.0,44,5619.615232
-35.25,28,5620.051731
35.561941,30,5620.573493
-35.87,28,5621.026583
-40.76,18,5621.280924
-37.16,29,5621.684194
-32.71,50,5622.475679
-33.0,24,5622.891439
32.068323,30,5625.38444
-38.1,28,5625.82771
40.771107,21,5626.192436
-32.71,37,5626.791145
35.399801,36,5627.401675
-38.42,25,5627.990707
-38.89,65,5629.065591
34.569314,37,5629.691463
-37.78,23,5630.076664
-41.05,28,5630.514792
-44.2,25,5630.958958
-41.59,22,5631.261918
-36.0,30,5631.97344
34.866574,39,5632.642701
-41.86,35,5633.294469
35.344265,28,5633.767077
-36.0,28,5634.213894
-41.28,24,5636.381014
37.504454,23,5636.777048
-44.56,27,5637.248791
-40.9,28,5637.715585
-41.13,17,5638.015258
-39.0,18,5638.362801
-32.02,27,5638.816818
34.421533,27,5639.236115
32.658915,35,5640.031753
-41.5,25,5640.489601
33.0,32,5641.001319
32.104418,30,5641.503782
-47.27,18,5641.769055
-42.0,22,5642.095239
-42.0,21,5642.386064
35.357724,28,5642.784247
-38.2,36,5643.320431
-38.49,31,5643.85098
-38.29,30,5644.334923
-38.84,34,5646.741822
-38.49,31,5647.273557
-35.83,27,5647.725394
-36.0,24,5648.167379
35.522529,33,5648.692199
-38.9,22,5649.129317
-35.04,28,5649.637167
-41.43,25,5650.010606
-35.87,27,5650.482729
-44.71,24,5650.890234
-41.94,18,5651.172229
38.036496,25,5651.507719
-35.5,28,5651.911726
-38.33,26,5652.274753
35.544681,22,5652.588272
-41.24,30,5653.048606
-43.38,24,5653.471337
-38.1,26,5653.89075
-43.69,26,5654.333488
-35.91,26,5656.637641
31.536036,28,5657.048587
39.788323,24,5657.458298
-36.0,26,5657.905153
-32.39,33,5658.672829
35.018959,38,5659.298042
-41.83,35,5659.879302
-47.04,18,5660.185499
-41.1,34,5660.744753
-38.86,25,5661.153453
-35.27,24,5661.536105
37.782385,21,5661.81201
34.671544,33,5662.294337
-38.76,26,5662.677404
-38.72,19,5662.998948
-36.0,27,5663.41696
-35.58,28,5664.072092
-32.63,27,5664.613726
-33.0,35,5665.188143
-36.0,27,5667.4204
-42.0,23,5667.82192
-38.88,27,5668.246691
-32.8,50,5669.056795
-35.21,35,5669.667731
-32.45,34,5670.253409
32.008065,36,5670.855998
-35.91,32,5671.360576
32.023438,29,5671.791176
38.35514,19,5672.079731
38.788274,18,5672.313595
-41.78,20,5672.639215
-42.0,27,5673.030967
-42.0,23,5673.403041
-35.34,28,5673.896812
-36.0,26,5674.389522
-34.58,28,5674.861204
-33.0,42,5677.376585
-32.91,34,5677.859374
-38.49,36,5678.428727
-37.9,24,5678.829329
-41.72,18,5679.121822
-35.92,40,5679.796632
-32.83,30,5680.277107
-35.95,31,5680.796281
-42.0,32,5681.179989
33.0,36,5681.933528
-38.03,24,5682.327795
-39.0,29,5682.741681
-33.0,24,5683.081977
-38.2,23,5683.402261
-35.72,31,5683.854563
-38.04,37,5684.508078
-41.71,28,5685.00461
-41.55,28,5685.463351
-44.24,28,5687.711642
-35.35,33,5688.197989
-39.0,28,5688.679929
-41.75,25,5689.16957
-44.3,25,5689.716338
32.098859,28,5690.295531
-41.86,23,5690.691225
-41.25,28,5691.150585
-38.44,20,5691.487116
-44.2,19,5691.805662
-40.11,22,5692.144031
-40.92,23,5692.457476
-41.61,27,5692.890107
-35.02,30,5693.329696
-42.0,38,5693.864272
-46.01,22,5694.235853
-44.02,20,5694.551789
-36.0,67,5695.631899
-35.3,33,5697.962026
-44.7,31,5698.378686
35.810409,27,5698.839369
-44.83,28,5699.302024
-32.12,33,5699.856167
-35.27,25,5700.277671
-41.25,23,5700.677553
-44.81,27,5701.120539
-36.0,27,5701.571188
-44.52,42,5702.279096
-44.01,20,5702.562784
-32.33,25,5702.915437
33.0,34,5703.38954
-32.01,29,5703.804526
-43.48,23,5704.24663
-43.85,16,5704.49674
-39.0,25,5704.965382
-38.24,30,5705.526875
-41.94,22,5705.922735
-39.94,22,5708.19559
-35.12,46,5708.8105
-34.82,25,5709.147754
32.12987,30,5709.639647
-44.66,63,5710.75371
35.590698,29,5711.231124
-32.22,34,5711.788238
-35.5,36,5712.382164
-35.04,28,5712.793001
32.544118,45,5713.418864
-35.27,25,5713.774762
-38.91,23,5714.130104
-35.2,38,5715.009573
-44.26,18,5715.33118
-41.43,22,5715.710008
-32.2,30,5716.178102
34.750374,33,5718.437528
-35.63,46,5719.057233
-44.48,25,5719.379408
-47.03,22,5719.675831
-38.66,23,5720.058475
37.546084,32,5720.591484
40.583177,18,5720.897354
-43.97,22,5721.290761
-35.29,39,5721.958062
-45.0,48,5722.676494
-41.67,27,5723.056387
32.482609,30,5723.482644
-38.82,22,5723.811507
-44.25,26,5724.241792
35.367273,37,5724.828694
-41.36,25,5725.211156
-35.11,27,5725.661347
35.505051,26,5727.974936
36.926471,26,5728.325039
-42.0,18,5728.571302
-35.44,31,5728.991845
-41.42,24,5729.311385
-41.17,28,5729.709072
37.783958,28,5730.168872
-41.02,25,5730.587576
-32.6,23,5730.960054
-41.78,19,5731.249362
-32.53,31,5731.966007
-39.0,46,5732.681588
-33.66,65,5733.602054
-32.11,40,5734.162237
-35.42,29,5734.618637
-41.6,31,5735.166624
-40.65,27,5735.618511
-42.58,19,5737.834348
-38.7,29,5738.222993
-38.22,25,5738.561753
-44.56,29,5738.956667
-41.42,34,5739.423002
34.436138,35,5740.178546
-41.32,23,5740.596807
-35.38,37,5741.22616
-40.56,27,5741.687688
-33.0,28,5742.110475
-33.0,24,5742.491717
-38.04,28,5742.890641
33.0,32,5743.334676
-35.12,32,5743.811865
-35.85,27,5744.196613
-44.41,20,5744.523815
35.506711,28,5745.000763
-41.13,18,5745.308368
-32.28,32,5747.733422
-41.01,24,5748.147504
-34.74,29,5748.566116
-35.82,28,5748.936884
-35.81,36,5749.41005
-34.99,25,5749.762673
-36.0,52,5750.494869
35.340611,27,5750.938629
32.402299,30,5751.447234
35.43553,41,5752.114777
-35.4,30,5752.569806
-32.07,40,5753.144167
-38.45,30,5753.567688
-34.3,37,5754.11203
-36.0,27,5754.663871
-36.0,22,5755.032011
-38.3,27,5757.496791
-38.84,28,5757.945065
-35.87,27,5758.390123
-40.34,24,5758.817654
-43.73,34,5759.344666
-38.72,24,5759.67251
-44.89,22,5759.953602
-44.09,20,5760.212657
35.823009,26,5760.573983
-38.48,31,5761.029335
-37.82,31,5761.544096
-39.0,28,5762.004682
35.775758,24,5762.456747
-41.09,19,5762.749928
-44.88,21,5763.039977
-35.03,28,5763.502381
-41.4,21,5763.836478
-38.83,21,5764.125126
33.0,28,5764.554043
-40.44,20,5765.123053
-35.53,36,5767.63485
-41.45,24,5768.012186
-35.84,32,5768.54879
-39.0,33,5769.092013
-32.05,33,5769.600414
40.912703,17,5769.809466
-41.52,31,5770.22562
-32.52,26,5770.569002
-32.91,31,5770.972065
-41.1,28,5771.359209
-35.42,27,5771.805423
33.0,35,5772.444543
-35.71,27,5772.839741
36.0,24,5773.205167
-38.57,24,5773.555524
-37.33,30,5773.975054
-38.24,24,5774.320792
-41.13,23,5774.678554
-41.42,30,5775.187304
-41.4,25,5777.540223
-38.71,21,5777.890758
-37.41,27,5778.359718
32.458621,27,5779.590228
-41.52,18,5779.929294
32.449664,33,5780.433678
-44.56,15,5780.657991
-44.03,26,5781.011511
-44.72,19,5781.296755
-41.28,26,5781.61982
-38.14,29,5782.215657
-35.51,21,5782.570281
-30.0,30,5783.054121
-44.19,24,5783.423503
-42.0,32,5783.866287
-38.87,40,5784.448862
35.427843,26,5784.818495
38.186291,40,5785.462395
33.0,26,5785.89101
-34.74,27,5788.301876
-43.62,25,5788.701582
35.765799,27,5789.120802
-37.46,33,5789.775218
-41.47,23,5790.226621
-38.7,23,5790.592668
-41.59,26,5791.029963
-32.33,29,5791.434938
-44.87,31,5791.860185
-38.16,37,5792.387115
-35.86,32,5792.840497
-32.5,27,5793.248405
-32.13,39,5793.835969
-36.0,24,5794.159485
-39.0,29,5794.569118
-44.69,29,5795.016326
-32.54,39,5795.662232
-41.69,21,5795.980521
-41.72,26,5798.296848
-30.0,26,5798.702347
37.985232,31,5799.222224
-34.55,30,5799.73015
-32.03,28,5800.224131
-38.67,20,5800.551296
34.577998,31,5801.126449
35.820896,29,5801.518995
-38.34,39,5802.066505
-39.0,26,5802.432672
-32.25,43,5803.049782
-38.6,25,5803.426448
-42.0,31,5803.860144
-41.3,32,5804.369597
-39.0,22,5804.655384
-41.16,21,5804.961618
-32.77,50,5805.779704
37.612563,24,5808.328856
-34.97,23,5808.701153
-41.5,27,5809.155337
-41.08,27,5809.576223
-44.4,24,5810.000925
-48.0,23,5810.410374
-38.59,30,5810.886467
-41.78,26,5811.341948
38.272358,31,5811.881856
-42.0,26,5812.245419
-33.0,39,5812.766813
-38.66,41,5813.337409
38.311897,24,5813.647687
-38.19,24,5814.016594
-40.84,25,5814.387447
-38.71,25,5814.739726
-44.3,26,5815.257932
-41.47,26,5815.823727
40.798301,28,5816.29406
37.146132,63,5819.268234
33.0,36,5819.849387
-35.11,26,5820.299837
-37.61,45,5821.027943
-38.75,23,5821.496432
-40.53,26,5821.914326
-35.35,35,5822.401039
34.258401,26,5822.740679
-35.41,23,5823.024176
-37.58,27,5823.356918
-38.56,25,5823.665428
-33.0,31,5824.069053
-41.3,20,5824.325924
41.469194,23,5824.661128
-41.38,22,5824.989111
32.147059,30,5825.462402
37.338219,24,5825.88138
35.148148,22,5828.077124
-43.21,22,5828.367752
-41.86,25,5828.769428
-33.0,25,5829.167312
-35.8,29,5829.861258
-42.0,32,5830.404681
-36.69,55,5831.464398
-41.33,37,5832.243375
-32.64,30,5832.70627
-35.91,26,5833.04286
36.0,27,5833.412958
37.380149,25,5833.739835
-32.06,34,5834.184829
-35.36,31,5834.593735
-43.42,29,5835.002775
-33.0,34,5835.507418
35.28986,36,5836.084598
-36.0,22,5838.364491
-36.0,26,5838.757429
-41.86,21,5839.104332
-38.66,27,5839.593725
-41.02,23,5839.960992
41.519868,18,5840.278139
-42.0,30,5840.973566
-38.41,27,5841.422723
-32.81,35,5841.99332
-41.73,25,5842.415499
-36.0,27,5842.851923
32.876543,37,5843.427483
-35.02,30,5843.824381
-32.46,24,5844.363079
-44.88,29,5844.68723
-32.72,30,5845.046266
-39.0,25,5845.43974
-38.59,62,5848.407169
-32.91,32,5848.949293
-33.0,33,5849.521332
-41.66,27,5849.985873
-38.63,27,5850.429841
-35.47,27,5850.919907
43.793939,25,5851.327478
-34.76,24,5851.723869
-41.7,29,5852.259485
-47.22,16,5852.558681
32.419825,35,5853.111785
-41.8,25,5853.490558
-39.0,31,5853.897112
-32.58,43,5854.433169
-41.41,17,5854.637562
32.161491,30,5854.986262
34.215358,48,5855.600717
-41.32,18,5855.877277
-37.9,27,5858.372694
-36.0,21,5858.709447
32.875502,25,5859.128839
32.330909,32,5859.60502
-33.0,39,5860.26335
-38.75,28,5861.021688
-44.24,22,5861.383554
34.946032,21,5861.7537
-47.4,24,5862.167579
-33.0,31,5862.692924
-42.0,23,5863.071753
-35.15,27,5863.596979
-31.86,31,5864.063935
33.0,27,5864.41632
-36.95,27,5864.72269
-33.0,28,5865.055309
-41.15,23,5865.324273
-35.01,28,5865.678872
-35.47,29,5866.20858
-47.7,30,5868.801998
32.151751,33,5869.329821
-33.0,27,5869.790648
-33.0,27,5870.236294
-33.0,37,5870.86765
-34.87,34,5871.428277
-41.71,30,5871.924226
-37.96,31,5872.439175
-32.64,36,5873.008661
-32.9,41,5873.66499
35.23839,38,5874.260055
-43.59,28,5874.596597
38.469799,21,5874.878368
-33.0,31,5875.225374
-35.63,36,5875.866204
-35.82,24,5876.228077
-41.75,29,5876.724407
33.0,26,5879.068114
-36.0,27,5879.523921
-35.91,33,5880.071108
-35.31,37,5880.693897
-38.42,24,5881.24636
-41.64,22,5881.598195
38.048148,20,5882.125677
-38.19,43,5882.911713
-32.17,31,5883.519366
38.98153,34,5884.149702
-32.71,46,5884.856426
-38.13,24,5885.128876
-43.96,25,5885.428834
32.262357,24,5885.736197
-32.86,30,5886.102871
-35.49,28,5886.462338
32.205128,28,5886.919761
-32.02,33,5889.337288
37.726729,36,5889.941033
-41.33,27,5890.391763
-38.33,25,5890.802236
-43.84,25,5891.18927
-42.0,21,5891.538709
-39.0,21,5892.084127
-42.0,18,5892.400582
35.163424,37,5893.027085
38.128205,24,5893.416588
-35.31,30,5893.943348
-41.24,25,5894.353374
-39.0,35,5894.939243
-36.0,35,5895.35214
-35.61,22,5895.60496
32.876254,35,5896.035475
-38.04,39,5896.504318
-40.8,27,5896.859383
-41.81,28,5899.191271
-38.33,25,5899.648417
-32.88,34,5900.184714
-35.55,34,5900.755993
-32.04,35,5901.341046
-38.34,34,5901.880338
35.417266,25,5902.302406
-36.0,24,5902.701865
-41.61,24,5903.219156
35.394636,31,5903.730509
34.355835,31,5904.249785
-44.14,14,5904.500615
-38.83,32,5905.031345
-37.82,27,5905.389558
32.75,36,5905.848003
38.05814,24,5906.164982
-38.22,24,5906.493205
-39.0,40,5909.149537
-41.37,26,5909.560394
-39.0,23,5909.902951
37.410027,32,5910.438857
-44.26,18,5910.738541
-44.44,18,5911.031893
-41.4,24,5911.437474
-38.07,37,5912.028936
-41.86,29,5912.471548
-36.0,24,5912.879132
-35.48,34,5913.446807
-38.38,31,5913.943008
-30.0,33,5914.553698
-44.1,22,5914.91521
-41.29,21,5915.278388
-37.88,35,5915.766772
-35.19,25,5916.070128
-32.48,36,5916.637728
-35.62,38,5917.139242
-37.81,34,5919.638594
-41.22,29,5920.113402
35.229927,31,5920.607296
-37.92,32,5921.154905
-44.25,21,5921.509421
-36.0,41,5922.20472
-32.46,31,5922.692193
-37.74,24,5923.096565
-47.42,24,5923.498502
-42.0,23,5923.846855
-32.16,26,5924.319143
35.518072,31,5924.832675
34.709626,25,5925.219594
-45.0,37,5925.836386
-38.77,21,5926.138211
-37.47,38,5926.601744
-38.39,29,5926.97297
-42.88,30,5929.263834
-41.72,27,5929.745548
-32.18,30,5930.153504
-35.99,33,5930.730214
-34.81,30,5931.216051
35.350195,23,5931.581302
-35.73,32,5932.108723
-44.49,22,5932.702807
-35.6,25,5933.151356
32.523256,28,5933.63367
-36.0,20,5933.94694
-38.91,21,5934.318562
-44.81,44,5935.040269
-44.57,17,5935.344241
-39.0,22,5935.708794
-42.0,25,5936.119281
-42.0,29,5936.563526
-41.05,23,5936.868241
-32.74,30,5937.244124
-32.77,45,5939.709085
-37.19,26,5940.120048
-40.3,24,5940.544383
-38.89,25,5940.974364
-42.0,26,5941.417464
-41.58,18,5941.734901
-41.88,26,5942.229972
-35.12,23,5942.659064
-38.35,30,5943.146567
-35.1,24,5943.771967
32.477941,37,5944.363845
-37.68,43,5945.04744
-38.45,34,5945.65366
-41.61,24,5946.142811
35.476562,41,5946.773682
-44.85,21,5947.109114
-35.07,38,5947.67442
-38.01,22,5948.254644
32.344371,27,5950.383335
34.322309,30,5950.925821
-34.55,36,5951.629405
-36.0,30,5952.15281
-38.91,22,5952.542088
-39.0,29,5953.038306
37.712241,40,5953.713056
34.124138,29,5954.205383
37.776497,33,5954.768127
-40.77,30,5955.271858
-41.32,37,5955.889157
-44.01,24,5956.26823
-45.0,66,5957.213829
-44.97,28,5957.598144
35.013793,25,5957.946691
32.773585,38,5960.506475
-41.56,21,5960.783861
-41.41,26,5961.184671
-41.14,22,5961.541488
-38.62,29,5962.04236
-35.09,28,5962.513591
-41.71,22,5962.887313
-33.0,27,5963.365463
-43.69,34,5963.910775
40.65047,22,5964.30768
-41.05,23,5964.722699
-33.0,27,5965.17241
-39.0,23,5965.610137
-35.21,27,5966.11766
-39.0,30,5966.576547
-38.08,26,5966.964783
-40.94,22,5967.275041
-39.0,29,5967.701912
-47.32,27,5968.075367
34.857164,24,5968.544779
-32.3,28,5971.347565
32.149635,26,5971.797645
-32.08,36,5972.4123
-37.63,32,5972.950408
-40.86,22,5973.321719
-32.36,38,5973.959816
-41.17,26,5974.370424
-44.54,19,5974.71231
-40.39,26,5975.186544
-32.9,34,5975.751793
-40.86,23,5976.130157
-44.48,19,5976.405148
-32.36,37,5976.91913
-38.5,32,5977.388294
34.785912,26,5977.762743
-43.83,37,5978.343861
-38.24,23,5978.786947
-37.19,31,5979.294797
-41.35,20,5981.436749
-32.43,31,5981.917576
-36.0,29,5982.402821
-39.0,38,5983.013436
-41.6,23,5983.388143
-40.74,25,5983.820961
-38.87,25,5984.477007
34.782595,22,5984.853039
-37.53,28,5985.316952
-47.15,24,5985.755752
-37.71,23,5986.108814
-41.5,26,5986.521882
-38.91,30,5986.903772
35.216535,24,5987.242747
-41.25,28,5987.67744
-38.21,25,5988.059305
-35.56,30,5988.495217
33.0,29,5988.924928
-41.84,17,5989.233284
-32.77,26,5989.666374
-32.15,34,5992.033695
32.7,32,5992.570385
-38.51,31,5993.098431
-45.0,20,5993.441608
-39.0,20,5993.76791
-42.0,35,5994.32293
-38.51,50,5995.189265
36.544838,26,5995.676586
42.0,19,5996.236021
-41.71,27,5996.708716
38.729593,26,5997.146125
-41.29,22,5997.503371
-41.88,32,5997.949073
-38.5,30,5998.464704
32.232198,30,5998.923775
38.8,35,5999.513836
-32.61,42,6000.247647
-40.8,25,6002.487332
-47.7,15,6002.718884
-41.05,28,6003.246427
32.330935,28,6003.72154
-41.01,28,6004.209108
-38.81,23,6004.555805
-44.94,21,6004.961305
33.0,33,6005.504589
-38.26,29,6005.997392
-30.0,24,6006.42104
39.338068,22,6006.811124
32.003876,29,6007.27778
-45.0,32,6007.750329
-43.72,23,6008.068499
-35.99,22,6008.387435
-35.73,27,6008.777906
35.203642,35,6009.500896
-38.18,27,6010.009196
-33.0,30,6010.499516
-42.0,22,6012.761144
-35.13,37,6013.260465
-34.81,32,6013.772066
-44.39,21,6014.11761
-35.31,30,6014.607907
-44.28,23,6015.010768
-32.21,32,6015.526615
-45.0,25,6015.931458
-35.62,35,6016.509644
-38.05,24,6016.969145
-43.62,20,6017.316717
-38.63,29,6017.744281
-42.0,39,6018.285465
-37.79,31,6018.773292
-41.74,25,6019.144521
-47.86,22,6019.648708
-41.48,21,6020.020043
-45.0,50,6020.929395
-41.02,25,6023.183885
-35.01,27,6023.660843
-32.67,29,6024.318199
-32.69,31,6024.826109
-41.37,27,6025.292991
-36.0,31,6025.816262
-47.48,16,6026.08814
-38.34,25,6026.541083
-37.82,27,6026.954357
-44.91,25,6027.38361
-38.31,39,6028.001896
-39.0,26,6028.446327
-36.85,24,6028.811073
-35.02,34,6029.318607
-38.78,29,6029.763665
-41.0,24,6030.179297
-38.5,26,6030.612385
-45.0,33,6031.169663
-38.42,24,6033.410896
-32.27,41,6033.929005
-44.55,61,6034.705347
-41.19,20,6035.050028
-35.33,33,6035.603697
-32.69,26,6036.274885
-38.8,23,6036.696324
37.470693,28,6037.155444
-41.2,19,6037.477547
-38.88,29,6038.229047
-44.11,21,6038.566491
-47.04,23,6038.981319
-32.53,28,6039.447794
-38.15,30,6039.901165
32.513109,26,6040.285488
-41.43,27,6040.696358
32.402098,25,6041.079482
32.570909,34,6041.654294
32.056034,28,6043.981737
-39.0,23,6044.285852
-36.0,31,6044.712314
-38.37,27,6045.075161
-38.11,34,6045.59764
-41.36,25,6046.04907
-37.62,36,6046.661471
-38.59,25,6047.084469
-34.27,25,6047.525179
-37.95,27,6047.970748
-35.88,33,6048.527848
-32.28,30,6049.022855
-32.71,28,6049.682725
-44.32,19,6049.984695
36.0,25,6050.3449
-38.44,20,6050.663308
38.046875,40,6051.258705
-45.0,20,6051.568767
-34.81,33,6054.088568
-41.79,23,6054.413501
-35.73,27,6054.781002
-38.4,31,6055.215259
-32.42,32,6055.642039
32.4,33,6056.207174
-41.16,35,6056.821842
37.538031,24,6057.251074
-40.8,36,6057.868263
-38.13,27,6058.324547
-35.89,31,6058.82455
-41.54,24,6059.193859
-41.9,20,6059.470488
-41.05,22,6060.127024
32.882353,28,6060.517972
-43.55,24,6061.006513
-37.53,24,6061.412048
-32.51,31,6062.154258
40.279906,25,6062.593452
-35.7,26,6064.865051
-30.0,36,6065.341038
35.177049,31,6065.787104
-41.19,31,6066.199509
-39.0,26,6066.592573
-39.0,21,6066.912235
35.26556,29,6067.395935
-41.95,23,6067.768001
-43.79,15,6067.959147
-40.7,33,6068.492761
-38.34,24,6068.903632
-38.13,27,6069.331486
-32.18,26,6069.700179
37.260066,23,6070.037847
-38.01,30,6070.484502
-48.0,19,6070.768414
-44.44,29,6071.208138
-32.03,40,6071.877189
-39.0,23,6072.265379
-41.28,24,6074.588266
-41.23,20,6074.870507
-32.73,36,6075.365689
-43.94,21,6075.932406
-33.0,29,6076.333011
34.444367,32,6076.779304
-42.0,25,6077.187289
-38.65,37,6077.822816
-34.84,30,6078.318844
-35.92,32,6078.819777
41.090226,21,6079.173364
-35.36,34,6079.68763
-44.36,27,6080.053845
-40.12,29,6080.476036
-30.0,34,6080.980995
-38.45,25,6081.349653
-35.51,29,6081.837725
-40.46,21,6082.183526
-35.19,27,6084.613346
-38.24,26,6085.047974
-32.07,27,6085.414715
-41.22,34,6085.933604
-37.21,30,6086.347152
35.115854,31,6086.768205
-44.59,20,6087.077322
-41.24,26,6087.506308
-32.05,33,6088.239546
-41.45,35,6088.96608
-43.51,32,6089.478685
-36.0,33,6089.971224
30.0,35,6090.495914
-43.65,19,6090.767323
-38.32,28,6091.162131
-38.37,26,6091.611161
-35.13,33,6092.131943
-31.85,35,6092.708513
38.573171,26,6095.125832
-41.34,21,6095.445055
32.774319,36,6095.956285
33.862216,30,6096.359044
-41.03,25,6096.70626
-39.0,33,6097.150851
-44.95,26,6097.564096
-38.46,31,6098.120621
-41.5,39,6098.817643
-34.35,36,6099.365299
-35.91,23,6099.700905
-41.15,27,6100.077116
-35.36,34,6100.570382
-32.54,32,6101.033707
-44.41,27,6101.735998
-41.48,32,6102.290964
-36.0,28,6102.763503
-35.55,33,6105.310381
-38.22,30,6105.804913
-41.74,21,6106.072844
-34.94,28,6106.443392
-32.44,22,6106.741966
-38.48,36,6107.236778
-32.71,28,6107.634273
-35.39,26,6108.034966
-41.37,25,6108.422836
-33.0,26,6108.848783
-41.89,32,6109.318396
-34.36,50,6110.006158
-35.21,28,6110.407447
-42.0,104,6112.049621
-35.75,28,6112.510845
-38.61,24,6114.92485
-39.0,28,6115.388854
-41.16,25,6115.775078
30.0,30,6116.241282
-40.76,21,6116.526971
-34.68,35,6117.028026
-34.71,42,6117.548471
32.368821,37,6118.108047
-39.0,26,6118.541861
-38.31,37,6119.135002
-39.91,47,6119.849778
38.708171,35,6120.422217
-44.6,23,6120.74031
-41.52,35,6121.327044
-43.67,43,6122.065883
-39.0,25,6122.468938
-38.16,35,6125.054755
-36.0,27,6125.519596
-39.0,28,6125.968524
-41.11,26,6126.35025
-38.62,33,6126.845821
-42.0,31,6127.424478
-41.81,36,6127.915972
-35.18,22,6128.2062
-38.42,27,6128.691718
-43.57,33,6129.276363
-44.06,16,6129.545468
-35.29,31,6130.017285
35.643316,24,6130.390278
-38.9,32,6130.87025
35.471483,31,6131.303344
-38.07,31,6131.805889
-38.65,28,6132.264683
-41.09,31,6135.24455
-39.0,30,6135.738963
-35.86,24,6136.133191
-41.01,30,6136.614567
-40.56,28,6137.00781
-35.93,30,6137.4018
-47.28,22,6137.693061
-38.72,24,6138.055399
-33.0,32,6138.471234
43.715568,21,6138.842038
-41.5,28,6139.525391
-37.72,29,6139.931604
-38.44,34,6140.417402
-38.69,35,6140.924236
-34.73,29,6141.343457
-42.0,26,6141.74999
-42.0,24,6142.167554
-44.73,24,6142.565849
-41.14,29,6143.082923
-36.0,28,6145.514563
-44.57,23,6145.941381
32.141264,28,6146.408594
-35.78,32,6146.923801
-38.69,36,6147.431748
-38.3,31,6147.861374
-44.94,22,6148.168597
-36.0,34,6148.600932
38.476378,29,6149.081241
-39.0,21,6149.431398
-36.0,24,6149.808244
-40.97,26,6150.177581
-32.06,27,6150.565794
-38.22,25,6150.89431
32.9,29,6151.310486
-35.02,29,6151.81868
-36.0,37,6152.443743
-41.7,25,6153.087076
-34.02,27,6155.366676
-44.62,17,6155.663333
-38.52,24,6156.06547
-44.79,24,6156.470423
35.236334,36,6157.124026
-32.65,33,6157.71511
-44.45,25,6158.070751
-39.0,24,6158.381719
-35.91,34,6158.852895
-41.09,14,6159.066498
-38.01,26,6159.432535
-35.78,34,6160.019265
-41.53,24,6160.379997
-39.0,28,6160.776523
-38.14,28,6161.190843
-41.35,22,6161.482698
-32.91,28,6161.914728
-38.1,28,6162.432223
-41.65,25,6162.861748
-42.0,24,6165.217474
-38.86,27,6165.874831
-35.81,25,6166.29591
-35.34,28,6166.758078
-36.0,29,6167.292523
-46.98,22,6167.679613
-40.95,22,6168.044447
32.168161,40,6168.612669
-44.09,23,6168.935605
-38.09,28,6169.322891
-41.65,26,6169.673647
-38.82,36,6170.219637
-39.0,32,6170.657797
-36.0,28,6171.080758
-38.31,22,6171.423957
36.0,34,6171.916104
-39.0,27,6172.284881
-41.36,22,6172.635364
-47.12,22,6173.017594
-39.0,29,6175.472168
-32.72,62,6176.587473
-41.5,26,6176.993554
32.628676,37,6177.645059
-32.18,25,6178.056377
-41.04,23,6178.377354
-43.93,21,6178.657443
-39.0,25,6179.228184
32.247148,33,6179.697618
-38.46,27,6180.076935
-44.91,24,6180.427515
-36.0,33,6180.960723
-38.06,42,6181.571901
-38.47,27,6181.965043
-35.14,24,6182.305181
-36.0,33,6182.818613
-40.73,25,6183.229389
-34.9,25,6185.589968
-40.84,28,6186.04959
-41.63,24,6186.461768
-41.02,22,6186.830621
-38.25,29,6187.31192
-32.91,30,6188.363794
-32.64,30,6188.771362
-40.79,22,6189.068884
-38.16,29,6189.456777
32.384752,30,6189.936656
-35.32,37,6190.483535
34.525287,34,6190.96806
32.347222,40,6191.798118
-40.99,20,6192.167336
32.564748,36,6192.737649
-41.12,24,6193.174046
-33.0,29,6193.670835
35.626113,33,6194.243242
32.503759,68,6197.475353
-41.77,24,6197.953113
-42.0,22,6198.319294
-41.19,27,6198.785876
-44.34,33,6199.295633
-33.0,23,6199.60859
-35.87,36,6200.102914
38.176259,23,6200.405391
35.153226,28,6200.787396
-38.33,22,6201.08385
-41.5,21,6201.396624
35.701571,36,6201.948154
-41.3,28,6202.353257
38.504202,27,6202.746456
32.754658,31,6203.315221
-35.45,30,6203.802454
-35.38,30,6204.299918
-41.15,25,6206.750455
-47.91,26,6207.266334
-42.0,21,6207.629545
-36.0,29,6208.147503
-39.0,32,6208.65589
32.135952,32,6209.203779
-35.45,29,6209.694324
32.866142,29,6210.154705
-46.11,28,6210.558488
32.681208,39,6211.075137
38.040815,29,6211.440335
35.654054,30,6211.856306
-38.2,29,6212.262965
36.715649,26,6212.624748
-35.17,27,6213.013065
-38.32,31,6213.536281
-38.82,25,6213.972971
-35.2,31,6216.458122
-35.91,87,6218.183705
-32.84,31,6218.763978
-35.46,30,6219.255315
-38.16,29,6219.843867
-46.78,15,6220.128402
37.993401,34,6220.688096
-35.38,25,6221.049991
-35.63,48,6221.695109
-36.0,29,6222.099094
-34.8,35,6222.52704
-35.36,33,6223.017113
-35.02,34,6223.51646
-35.53,31,6224.004118
-36.0,29,6224.477049
-38.19,25,6226.850286
-47.04,18,6227.159229
-41.14,28,6227.671114
-35.35,35,6228.327545
-35.15,23,6228.716894
-38.83,24,6229.119283
35.084507,25,6229.533947
-41.23,20,6229.899423
38.472222,22,6230.306969
-37.89,28,6230.811855
-45.39,21,6231.145581
-42.0,22,6231.4726
-35.81,24,6231.796886
-39.0,20,6232.075586
-38.6,29,6232.509024
37.282374,27,6232.882984
-38.8,35,6233.703347
-39.0,27,6234.205534
-35.45,25,6234.642652
32.754647,27,6235.118277
-32.15,29,6237.479025
-41.78,22,6237.874717
-47.5,24,6238.336038
44.003019,17,6238.639224
-36.0,22,6239.006005
-43.57,18,6239.319783
-35.65,27,6239.752346
-47.29,22,6240.130543
-44.5,26,6240.579701
35.208494,25,6241.053467
-41.5,24,6241.486885
-44.22,22,6241.868763
35.513725,28,6242.325603
-32.19,34,6242.724358
-44.69,22,6243.039048
-41.24,29,6243.385418
-38.05,31,6243.77651
-35.43,26,6244.105789
-35.03,45,6245.026472
-40.79,22,6245.415277
-41.32,40,6247.997468
-39.0,25,6248.429467
-38.65,22,6248.792339
-44.59,17,6249.09838
-36.0,39,6249.757192
-45.0,28,6250.264385
-38.74,28,6250.94583
-38.18,30,6251.46169
-31.87,34,6252.048614
-41.35,25,6252.469709
-38.39,28,6252.887536
-41.47,31,6253.271661
-46.61,16,6253.485393
-32.31,29,6253.84797
-44.86,17,6254.05449
-41.54,22,6254.335879
31.613725,30,6254.73895
-32.26,26,6255.177085
-44.57,22,6255.550664
-42.0,31,6257.988051
-41.1,29,6258.501902
-38.94,34,6259.072457
-38.64,29,6259.760593
-35.51,26,6260.236008
-38.23,26,6260.64836
-35.01,41,6261.307081
-35.81,29,6261.81067
-35.23,30,6262.326278
-39.0,36,6262.934783
-40.72,26,6263.331313
-40.99,42,6263.955579
35.114458,29,6264.312025
-41.82,52,6264.975769
-32.43,26,6265.345947
-39.0,37,6265.913807
-41.59,25,6268.297424
32.049327,24,6268.703818
-32.65,32,6269.209428
-37.91,29,6269.613745
-44.54,26,6270.105716
-40.43,30,6270.779608
-38.31,33,6271.42902
-38.27,20,6271.801538
-43.68,25,6272.216551
-35.39,27,6272.682204
-32.53,28,6273.178827
-35.8,51,6273.994443
40.178836,25,6274.305709
-47.37,22,6274.581363
-35.29,30,6275.001705
-42.0,18,6275.260336
-41.87,24,6275.580731
-37.57,39,6276.188251
-34.84,30,6278.739858
-32.21,29,6279.249823
-40.84,25,6279.672946
-32.39,38,6280.338292
34.934422,42,6281.074101
-36.0,22,6281.419825
-38.47,32,6281.961853
38.378718,22,6282.339314
-38.66,28,6282.877855
-42.0,21,6283.231667
-34.57,37,6283.830138
38.438095,22,6284.134361
-38.66,31,6284.529195
-35.07,29,6284.900278
32.483221,35,6285.32246
32.484444,36,6285.873437
32.702602,40,6286.746703
-40.48,26,6289.227339
-41.35,32,6289.747097
-43.53,28,6290.198034
-32.73,25,6290.619931
34.32141,28,6291.073733
-35.78,25,6291.483658
-47.28,16,6291.722025
-38.75,20,6292.157314
-44.17,29,6292.694019
-32.59,37,6293.32086
-41.41,23,6293.715416
-47.33,19,6294.045482
-35.29,25,6294.393116
-41.91,22,6294.713542
-35.52,37,6295.155905
32.062753,29,6295.51207
32.710714,35,6295.918604
-44.48,26,6296.29364
-35.01,26,6296.652138
-32.57,38,6299.474904
-44.67,18,6299.797874
-36.0,27,6300.241584
35.360019,31,6300.768379
-41.22,24,6301.183937
-42.0,23,6301.598298
-36.0,24,6302.073124
-38.59,20,6302.415874
34.653989,20,6302.745713
38.37018,17,6303.03683
-41.91,39,6303.665851
-38.71,22,6304.061152
-42.0,87,6305.403588
-33.0,27,6305.814865
38.003774,28,6306.173693
-35.53,28,6306.565044
38.789883,21,6306.868457
-38.22,23,6307.176947
-35.61,29,6309.574952
-36.0,33,6310.108863
-41.33,29,6310.472738
32.275168,30,6310.863131
38.143031,24,6311.280591
-35.78,25,6311.716373
-41.91,22,6312.066684
38.209738,20,6312.405081
32.35873,26,6313.082032
-35.41,30,6313.598752
-40.86,25,6313.999532
-41.94,49,6314.819384
-41.09,30,6315.271661
-32.42,44,6315.913923
-43.87,28,6316.293841
-41.25,21,6316.605087
-38.38,30,6316.959973
-42.0,57,6319.625453
-38.07,20,6319.977041
-38.39,30,6320.468908
38.359438,93,6322.149588
38.449664,20,6322.467947
-44.14,20,6322.799213
32.446309,54,6323.826569
-43.68,95,6325.380575
40.293511,28,6325.631629
-38.44,29,6326.047988
39.688583,26,6326.412974
-38.64,33,6326.867605
-32.88,41,6329.298173
-38.21,26,6329.73277
-32.46,33,6330.330901
32.902027,31,6330.829376
-38.37,27,6331.267292
-39.0,34,6331.833333
-32.32,32,6332.403938
35.258427,33,6332.949421
-41.91,31,6333.456469
40.615616,23,6333.828138
-38.66,43,6334.533521
-38.03,27,6334.977075
32.742308,29,6335.445257
-45.9,31,6335.900236
-33.0,27,6336.28638
-41.01,29,6336.677847
-41.3,28,6337.091074
-41.61,24,6337.486588
-41.84,30,6339.95542
-31.81,36,6340.647011
-36.0,38,6341.27989
-32.35,30,6341.830205
-38.16,28,6342.331325
-32.43,40,6342.994207
32.70696,34,6343.751546
35.097276,31,6344.289922
35.277946,28,6344.744571
-38.03,24,6345.163559
-38.88,31,6345.655642
-44.56,22,6345.975653
-33.0,33,6346.456057
-32.65,35,6347.012741
-30.0,33,6347.505644
35.185345,31,6348.046154
35.567376,23,6350.278097
-38.0,26,6350.929134
-38.09,24,6351.392351
-44.91,15,6351.63457
-36.0,38,6352.310575
-36.0,30,6352.749628
-43.54,32,6353.254802
-45.0,25,6353.64963
32.17803,36,6354.258646
32.541485,40,6354.911636
-35.24,27,6355.360072
32.903346,29,6355.849841
-35.62,31,6356.311775
-35.16,30,6356.760571
-35.91,35,6357.229957
-35.17,49,6358.047222
35.232394,31,6360.432612
-35.65,26,6360.799315
35.561475,28,6361.234933
-38.6,35,6361.82199
32.523438,29,6362.285675
-41.72,25,6362.714142
-44.65,42,6363.411292
-38.1,33,6363.981975
-38.44,25,6364.377101
-41.55,18,6364.678965
-41.26,22,6365.074349
37.342761,25,6365.484963
-38.57,24,6366.128366
-38.63,26,6366.507833
32.083942,47,6367.160023
-42.0,41,6367.743354
-38.64,23,6368.14784
-36.0,32,6368.7524
-35.19,25,6371.078334
-38.06,27,6371.443354
-35.61,33,6371.966097
34.425162,42,6372.687639
32.124309,46,6373.461407
-41.22,36,6374.175912
35.090278,46,6374.950518
32.462406,25,6375.378681
-41.89,29,6375.868785
-41.51,21,6376.228373
-38.55,37,6377.056557
-41.73,27,6377.41806
32.079365,42,6378.007971
31.960581,25,6378.424549
34.541825,32,6378.971326
-32.78,32,6381.403248
-35.52,33,6381.862367
-36.0,31,6382.313984
-35.65,25,6382.74712
-32.02,43,6383.456172
-41.79,33,6384.063029
-41.16,20,6384.38786
-44.96,18,6384.676283
-43.89,31,6385.192555
-37.21,25,6385.640341
-32.12,32,6386.161723
-36.0,31,6386.601249
-32.24,31,6387.04677
-41.81,42,6387.626355
-36.0,25,6387.991726
-41.9,29,6388.444066
32.102041,34,6389.024384
-38.26,24,6389.407243
-35.17,22,6391.706774
-32.8,30,6392.108939
-41.81,25,6392.451799
-41.89,23,6393.098429
-38.14,28,6393.584757
-35.65,31,6394.118067
-41.38,21,6394.469557
-35.46,27,6394.94159
-38.23,24,6395.374748
-35.71,23,6395.750053
-39.0,25,6396.174649
-41.43,28,6396.737854
40.358458,40,6397.353138
-41.17,21,6397.649781
-39.0,26,6398.034354
-32.21,28,6398.473158
-37.59,30,6398.960963
-35.02,27,6399.422862
-41.98,32,6399.998859
39.0,31,6402.560292
-38.22,25,6402.997326
-41.4,25,6403.34945
-47.1,25,6403.759563
40.303578,30,6404.257593
-44.39,23,6404.66671
-44.22,23,6405.092262
-41.77,29,6405.581606
-44.01,28,6406.056687
-36.0,25,6406.480386
-38.69,29,6406.949745
-41.61,24,6407.417558
32.18328,26,6407.798204
-40.96,22,6408.115415
-32.02,32,6408.589026
-39.0,29,6409.06391
-35.65,28,6409.512898
-36.0,30,6410.005333
-32.5,43,6412.610994
-37.55,30,6413.053838
35.080703,24,6413.379596
-43.83,26,6413.760937
-40.1,28,6414.200401
-36.0,25,6414.59108
-41.91,21,6414.925592
-39.0,19,6415.244339
-44.53,21,6415.63069
37.058171,28,6416.083766
-41.09,19,6416.40223
-39.0,33,6416.925912
-41.96,35,6417.450364
-35.5,28,6417.843274
-35.12,44,6418.742697
-41.4,23,6419.158173
-38.23,31,6419.703571
35.443182,35,6420.293536
35.006402,32,6422.716464
-33.0,32,6423.169719
-32.1,32,6423.620642
-32.71,27,6423.987501
-36.0,34,6424.51814
-35.81,25,6424.93084
35.463504,33,6425.493734
32.191882,28,6425.966867
-42.0,35,6426.577318
-39.0,25,6426.93511
-41.28,24,6427.26681
-38.6,26,6427.664247
32.410646,30,6428.327072
-35.48,25,6428.738513
-38.27,18,6429.030877
-32.83,30,6429.522173
-45.0,33,6430.088553
-41.2,21,6430.451654
-44.75,23,6430.869777
-35.06,33,6433.287817
-38.51,29,6433.673297
-46.88,23,6433.999203
-37.99,23,6434.326556
-33.0,33,6434.822402
-41.76,22,6435.178905
-35.03,28,6435.684738
-41.56,36,6436.298623
-32.59,72,6437.315037
35.572954,28,6437.714346
-37.82,42,6438.365706
-38.35,22,6438.801191
37.577183,30,6439.305741
-44.1,22,6439.683281
-38.48,38,6440.381427
-38.14,36,6440.971828
-41.28,27,6443.348845
-39.0,27,6443.710775
-32.5,27,6444.11176
-36.0,24,6444.447466
34.321193,26,6444.780221
-33.0,35,6445.557138
-41.56,27,6446.061038
-40.55,28,6446.560253
32.007547,33,6447.05319
-38.25,25,6447.416874
-47.65,27,6447.821255
-44.65,17,6448.093632
-33.0,48,6448.738749
-44.2,23,6449.126444
-38.28,23,6449.687135
-43.79,22,6450.04681
35.278169,27,6450.497817
-40.66,29,6451.102957
-38.45,24,6453.460911
-36.0,29,6454.11846
37.990871,32,6454.542816
-32.91,31,6454.95725
-41.29,38,6455.485556
-39.0,25,6455.922848
32.323442,29,6456.390231
-38.46,30,6456.879258
-36.0,30,6457.324052
-41.48,29,6457.748791
-42.0,24,6458.092766
35.374545,25,6458.45721
-44.56,23,6458.80729
-40.32,22,6459.192902
-38.9,24,6459.598925
34.95,23,6459.996011
33.0,35,6460.589318
-44.07,24,6461.031026
-37.82,32,6461.534572
-30.0,27,6463.841551
-44.51,19,6464.10881
33.0,29,6464.531538
-44.82,21,6464.860366
-39.0,53,6465.587515
-37.3,21,6465.922889
38.29403,24,6466.309498
-38.65,29,6466.810527
-35.51,23,6467.140339
-42.0,34,6467.614244
-35.18,22,6467.915197
32.701923,36,6468.485076
-39.0,24,6468.858363
-38.04,29,6469.310953
-34.95,32,6469.827475
-38.5,25,6470.238067
-42.0,33,6470.906436
-44.43,21,6471.429889
-35.85,32,6473.93914
-38.15,31,6474.393838
-32.84,36,6474.852337
32.406844,29,6475.232459
-43.51,28,6475.607978
-48.0,13,6475.779121
-42.0,26,6476.156205
34.563361,31,6476.657643
35.553162,27,6477.037138
40.556224,22,6477.337245
-42.0,17,6477.57836
-39.0,22,6477.906821
-42.0,25,6478.283743
-41.94,25,6478.662666
35.537037,39,6479.524407
-38.22,33,6480.066334
-44.88,24,6480.489794
-38.19,25,6480.910368
-44.18,25,6481.352732
-32.39,28,6483.395119
33.0,31,6483.917229
34.998491,30,6484.443694
-41.74,51,6485.33862
-44.41,25,6485.678017
-32.26,31,6486.12696
-44.1,16,6486.328475
-42.0,25,6486.660895
38.252358,27,6487.025234
-40.64,49,6487.898791
-44.37,17,6488.137527
-41.24,24,6488.488489
-40.5,24,6488.831743
34.527027,27,6489.216687
-41.81,33,6489.73819
-41.04,28,6490.180797
40.025583,27,6490.634684
32.06192,29,6491.115818
-34.99,53,6493.940945
-41.86,22,6494.309265
32.227425,33,6494.898392
-44.54,18,6495.168084
-38.33,25,6495.574962
-37.17,31,6496.049921
-41.5,50,6496.716928
-41.11,29,6497.411398
-35.56,26,6497.798534
-32.81,30,6498.223766
-37.42,50,6498.946091
-40.63,39,6499.537148
-44.5,19,6499.98423
-42.0,28,6500.452874
34.345995,32,6501.014829
37.352236,30,6501.526228
-44.81,28,6503.831789
-41.16,26,6504.314865
-32.27,36,6504.884318
-38.23,23,6505.2802
-42.0,20,6505.884421
-35.58,31,6506.30765
-40.97,27,6506.671555
-32.5,30,6507.116607
-41.51,26,6507.521431
-38.25,27,6507.930375
-33.0,30,6508.387981
35.753036,32,6508.812902
-38.97,36,6509.30007
-38.63,34,6510.045877
-38.49,23,6510.43811
-39.0,25,6510.874239
-47.81,13,6511.120928
-41.47,33,6511.678428
-42.0,32,6514.139459
-38.52,29,6514.64262
-38.53,26,6515.093785
-41.01,23,6515.469355
-38.01,32,6516.006208
32.902439,31,6516.431086
-41.5,37,6516.959697
-41.08,19,6517.241675
-35.61,30,6517.787309
-39.0,32,6518.218798
-34.75,34,6518.711082
-35.28,29,6519.361069
-34.63,35,6519.949145
-35.9,36,6520.870423
-44.3,25,6521.265688
-44.62,28,6521.686684
-32.61,26,6522.12956
-41.26,42,6524.85182
-34.91,28,6525.330301
32.784946,29,6525.850253
35.774194,24,6526.249659
-39.0,46,6526.866871
37.17971,24,6527.178067
-41.79,28,6527.543815
-43.56,43,6528.090447
34.623552,26,6528.402626
-37.51,30,6528.813846
32.156667,30,6529.271429
-41.34,39,6529.894218
-44.29,20,6530.220419
35.086331,22,6530.580343
32.239264,39,6531.308561
38.431034,27,6531.924443
36.0,25,6532.344098
-41.03,25,6534.735683
-42.0,22,6535.169949
-32.72,29,6535.654909
34.744941,25,6536.0729
-35.45,33,6536.634503
-44.23,26,6537.073666
-41.99,25,6537.42727
-35.5,28,6537.808771
-42.68,24,6538.132864
33.0,23,6538.401907
-38.58,32,6538.803763
-39.0,60,6539.66157
-38.48,26,6540.096279
-36.0,29,6540.580922
-32.76,29,6541.055449
-41.4,26,6541.47309
-38.35,30,6542.035211
-33.0,28,6542.552437
-36.0,30,6545.498474
-32.91,31,6545.976859
-34.77,31,6546.515517
-44.16,28,6547.001146
-41.79,35,6547.566673
-43.72,18,6548.083356
-38.18,31,6548.481974
32.277259,33,6549.239035
-33.0,33,6549.61649
-33.0,43,6550.343525
-39.0,28,6550.894524
-35.71,31,6551.600751
-41.1,25,6552.055143
34.964876,28,6552.553334
-47.34,22,6552.938507
-36.0,32,6553.48864
-41.48,26,6553.899935
-32.73,34,6556.383368
-38.35,33,6556.93813
-32.63,24,6557.449368
-42.0,24,6557.897333
-44.91,17,6558.17344
-41.89,20,6558.514547
-38.72,20,6558.77566
-35.29,39,6559.248892
-41.72,23,6559.512129
-39.0,19,6559.785433
37.553072,35,6560.193132
-37.99,30,6560.619771
-38.89,27,6561.072155
35.180077,25,6561.48827
-37.83,56,6562.37389
-37.18,45,6563.098365
43.816209,24,6563.500784
35.7905,23,6563.872883
-41.9,23,6566.229803
-36.0,23,6566.701447
-42.0,21,6567.030032
-47.4,23,6567.430114
33.0,27,6567.907035
-37.67,22,6568.281828
38.187919,31,6568.777554
-40.97,23,6569.082705
-40.56,30,6569.445084
-39.0,23,6569.72244
-38.81,24,6570.008624
-41.91,22,6570.277387
-41.93,26,6570.656744
-30.0,34,6571.199234
-36.0,35,6571.773259
-41.43,29,6572.291615
-38.91,22,6572.661968
-39.0,28,6573.152807
-38.06,22,6573.576677
36.53913,43,6576.250601
-41.41,20,6576.612306
-47.06,24,6577.116221
-39.0,24,6577.659676
34.304262,33,6578.180855
-38.76,28,6578.635217
-39.0,34,6579.210531
-39.0,20,6579.494278
-44.09,24,6579.776504
-33.0,33,6580.173991
32.793774,45,6580.751202
32.921212,45,6581.321694
35.127551,36,6581.836048
-41.42,19,6582.162195
-38.13,31,6582.7163
32.488722,33,6583.245622
-47.74,18,6583.785409
-41.41,25,6584.190287
-38.88,33,6586.622965
-44.81,33,6587.184009
-39.0,32,6587.733005
-44.15,29,6588.215049
-41.45,24,6588.621806
-38.82,24,6589.029885
35.344828,26,6589.459681
-32.5,35,6590.02716
-35.13,35,6590.485805
-32.91,31,6590.839332
-32.86,27,6591.152464
-44.89,27,6591.533484
-42.0,41,6592.072309
-41.25,31,6592.588711
-39.0,24,6593.021751
35.567686,28,6593.496557
34.576376,27,6593.957887
-38.42,23,6596.313281
35.71161,37,6596.957597
-41.5,57,6597.91976
-32.76,26,6598.345338
-39.0,20,6598.653272
-38.64,25,6599.10138
-41.2,20,6599.39233
-38.73,27,6599.798405
37.796644,22,6600.134651
-38.98,35,6600.644899
32.475472,36,6601.063735
33.0,29,6601.492962
-41.2,28,6601.954284
-41.7,17,6602.192413
-41.44,21,6602.491315
-36.0,37,6603.061978
-34.79,24,6603.448417
-38.44,22,6604.077049
-38.89,32,6606.451884
-35.05,25,6606.88938
-42.0,25,6607.320996
-32.74,36,6607.942469
33.0,37,6608.77406
-35.65,34,6609.343462
40.145554,20,6609.664315
38.186885,26,6610.065725
-41.54,18,6610.324529
-42.0,19,6610.645424
-39.0,24,6611.014086
-35.48,37,6611.520981
-40.52,23,6611.832019
-45.0,14,6612.058438
-47.34,24,6612.386008
32.571023,31,6612.782495
-37.95,26,6613.143359
38.5,33,6613.596762
37.713793,24,6613.975414
-37.8,29,6616.386489
-34.91,26,6616.825068
-38.55,23,6617.196374
-38.25,25,6617.644157
-44.25,31,6618.179357
-38.25,25,6619.062457
-35.75,25,6619.437653
-38.01,26,6619.873065
-32.5,33,6620.336456
-41.61,20,6620.619972
-35.01,35,6621.126682
-35.02,30,6621.599481
-32.54,37,6622.23055
-38.36,34,6622.712865
-38.13,28,6623.114399
-34.61,28,6623.454313
-32.04,38,6623.997241
32.154362,23,6624.292798
-38.38,25,6627.271277
35.62,32,6627.787881
32.360849,31,6628.34147
-32.23,31,6628.905678
-37.27,35,6629.412802
-38.11,27,6629.792842
32.227273,29,6630.429212
-44.02,22,6630.796938
32.634454,33,6631.317712
-44.17,22,6631.696152
32.690391,25,6632.207756
-33.0,31,6632.717059
-43.4,29,6633.139273
-38.83,25,6633.500331
-44.29,32,6633.969067
40.318013,28,6634.361059
-38.75,30,6634.993452
-42.0,20,6635.429915
-38.35,23,6635.828154
-41.27,24,6638.182184
32.363636,30,6638.687308
-35.8,28,6639.142726
-44.44,22,6639.46867
-35.8,26,6639.840631
-38.53,30,6640.281154
-42.0,18,6640.546866
-41.39,23,6640.88339
-40.75,23,6641.269724
-35.2,26,6641.724678
-38.4,28,6642.187724
-44.16,19,6642.525549
-40.94,23,6642.922128
-33.0,30,6643.451145
-41.02,32,6643.884046
-37.85,31,6644.312989
-35.91,29,6644.682427
-40.58,24,6645.025769
32.167939,33,6645.475089
-38.28,29,6647.957355
-32.76,33,6648.496662
-41.43,23,6648.874698
-37.84,28,6649.33925
32.708455,35,6649.8882
-32.82,26,6650.277004
34.335067,29,6650.725706
-36.0,35,6651.290044
-35.58,34,6651.992432
-42.0,25,6652.446179
-42.0,27,6653.091267
32.163569,32,6653.670203
-44.17,25,6654.166601
-38.65,26,6654.624605
-38.79,32,6655.064087
32.246809,30,6655.508149
-38.07,28,6655.902423
-40.95,25,6656.316185
-38.36,26,6658.822742
39.0,20,6659.186533
-41.39,33,6659.612368
-35.78,32,6660.176681
41.482131,18,6660.420056
-41.53,22,6660.757557
-44.18,31,6661.52996
-39.0,30,6661.95341
-35.46,25,6662.49477
-44.17,21,6662.860915
-35.56,27,6663.298642
-39.0,29,6663.809611
-44.41,24,6664.219646
-38.34,26,6664.636857
-32.17,28,6665.139693
-44.07,19,6665.46601
-43.64,23,6665.773671
-42.0,38,6666.233152
-35.84,51,6668.88451
-40.08,39,6669.5354
35.379538,27,6669.9497
-35.58,33,6670.422811
-44.91,20,6670.722673
-38.5,31,6671.161042
-44.47,27,6671.560395
-38.58,31,6672.061507
-32.01,30,6672.545814
-39.0,21,6672.90592
-37.54,33,6673.4733
-43.87,24,6673.869903
-39.0,21,6674.225835
-33.0,33,6674.748115
-38.68,28,6675.248112
32.413919,28,6675.706932
-36.0,28,6676.181823
-35.51,26,6676.54567
-38.8,26,6678.801672
-32.16,34,6679.392932
-35.88,28,6679.847677
-38.61,22,6680.171186
35.81338,33,6680.65057
-36.0,55,6681.475321
-33.0,36,6682.089737
-44.01,18,6682.404129
-31.87,26,6682.830246
-32.65,32,6683.625235
-44.18,26,6684.077969
32.380392,46,6684.889524
-38.32,28,6685.346194
34.477792,30,6685.841479
-35.04,26,6686.448801
-44.54,20,6686.823233
-38.51,33,6687.408405
-42.0,21,6689.551816
-37.89,29,6689.992408
32.634538,33,6690.4671
-37.71,30,6690.941722
-35.22,28,6691.344889
-44.19,22,6691.670618
-35.08,66,6692.790879
-40.98,35,6693.373756
-38.95,24,6693.763037
-36.0,28,6694.231383
-41.88,25,6694.673609
-38.83,23,6695.059365
-44.01,23,6695.496394
-41.25,24,6695.881523
-47.28,15,6696.135461
-43.24,25,6696.591735
-38.22,24,6697.011293
-38.6,27,6697.521309
31.78169,30,6699.86136
-41.02,26,6700.239142
-34.68,31,6700.675318
-41.32,27,6701.058365
-42.0,24,6701.409395
-37.84,33,6701.906611
33.0,22,6702.293275
-36.81,39,6702.99283
-39.0,28,6703.459037
34.407506,36,6704.063102
-39.0,31,6704.570021
32.827089,33,6705.085291
-38.55,24,6705.50908
-35.63,22,6705.935456
-42.0,34,6706.501107
-41.52,36,6707.048352
-32.54,32,6707.541823
-41.91,26,6708.025976
37.856721,30,6710.216132
-35.71,33,6710.908257
-42.0,25,6711.321631
-40.19,38,6711.908517
-47.2,19,6712.234315
-44.2,21,6712.619178
-35.07,30,6713.345592
-44.05,19,6713.697578
-45.0,21,6714.140682
-41.5,29,6714.645171
-38.24,39,6715.26938
-38.26,27,6715.720891
-36.0,36,6716.312031
35.113553,25,6716.731449
-44.63,30,6717.275761
-41.22,28,6717.770402
-41.15,25,6718.208982
37.999518,28,6718.680632
-44.46,15,6720.771688
-42.0,25,6721.09303
-38.43,29,6721.465979
-41.85,23,6721.80531
-38.13,29,6722.256102
-37.7,31,6722.783619
-41.81,23,6723.16756
-35.33,28,6723.663924
-38.55,29,6724.138091
-38.54,31,6724.703038
32.320423,30,6725.189148
-35.81,32,6725.754057
-32.95,35,6726.396761
-37.7,38,6727.038482
-45.0,22,6727.406955
-38.25,26,6727.895859
-35.74,32,6728.417785
-34.39,32,6728.966532
-45.0,24,6731.252121
-47.54,19,6731.472951
-35.44,25,6731.793552
-36.0,30,6732.25289
-33.0,23,6732.631957
-38.66,20,6732.968373
-45.0,31,6733.483799
-41.08,46,6734.280132
-35.46,28,6734.764847
-45.0,24,6735.167751
-40.61,19,6735.517686
-41.18,29,6735.983605
-35.31,33,6736.750104
-32.09,23,6737.151107
-35.38,25,6737.596849
40.947616,23,6737.985328
32.404332,34,6738.557029
-38.61,41,6739.495466
32.038462,28,6739.954783
-43.83,38,6742.31417
-35.18,28,6742.651715
-41.73,25,6742.98825
-38.13,24,6743.362867
38.155844,33,6744.578065
-41.24,23,6744.944443
-37.81,23,6745.366876
-38.2,29,6745.870693
33.0,26,6746.308691
-36.0,27,6746.775647
-41.69,36,6747.381602
-41.1,26,6747.824367
-32.58,37,6748.522689
-42.0,26,6748.969779
-38.47,30,6749.448108
-32.51,96,6752.801399
-32.16,28,6753.169906
-38.31,28,6753.655917
-33.0,33,6754.195859
-41.91,24,6754.614159
-34.94,40,6755.300068
-32.84,27,6755.758815
-38.01,33,6756.321672
-41.39,24,6756.704926
-41.79,33,6757.237823
35.679715,30,6757.842823
32.303207,33,6758.389444
-41.18,29,6758.925357
-35.4,24,6759.339061
-35.88,50,6760.181655
-38.99,36,6760.806931
-41.59,29,6763.104231
32.248031,32,6763.569164
-35.42,26,6764.085166
-38.3,36,6764.686325
-44.5,18,6765.001129
38.59593,28,6765.479062
-35.26,36,6766.28934
-38.02,30,6766.79706
-42.0,69,6768.032334
-38.41,25,6768.394402
-41.71,22,6768.756415
-38.75,28,6769.233552
-41.58,22,6769.581588
-39.0,26,6770.036463
-38.63,25,6770.501437
-31.93,35,6771.098337
-32.66,47,6771.902871
-37.5,24,6774.190438
32.486111,34,6774.685677
32.535256,34,6775.226394
-35.66,31,6775.806902
34.058394,46,6776.729978
-45.0,38,6777.426328
40.225436,20,6777.745689
35.672897,29,6778.232655
-37.48,31,6778.754389
-44.28,18,6779.059451
-44.16,21,6779.412648
-38.4,28,6779.87762
-35.92,27,6780.367271
-40.58,29,6780.846752
-44.26,15,6781.125206
-39.62,25,6781.554413
-32.65,30,6782.042018
35.09465,36,6782.697464
-33.0,40,6785.057268
-35.04,27,6785.440944
-39.0,25,6785.837652
37.328983,25,6786.279932
-39.0,23,6786.679709
-44.67,31,6787.200953
-42.0,23,6787.606824
-47.03,26,6788.340345
-32.22,56,6789.282382
-44.56,19,6789.569336
-41.47,23,6789.969468
-41.33,31,6790.53141
35.048387,20,6790.892994
-44.84,27,6791.323219
-38.67,21,6791.920163
36.902752,29,6792.467654
-40.78,23,6792.874332
-38.91,27,6793.312279
35.254475,29,6795.568349
32.673846,26,6795.945001
-41.1,22,6796.251112
-35.71,54,6797.092808
-32.68,37,6797.692527
33.0,27,6798.17695
-33.0,34,6798.76152
-35.44,28,6799.217424
-41.24,25,6799.616871
-38.23,50,6800.440546
-38.91,26,6800.885601
-44.32,26,6801.338452
-38.58,26,6801.803672
33.0,28,6802.32607
-44.22,27,6802.772176
38.482759,29,6803.23964
32.314815,28,6803.729645
-41.77,24,6805.81133
-38.56,21,6806.111063
-35.17,45,6806.720113
-38.18,27,6807.079796
-32.61,34,6807.627003
-38.04,30,6808.178136
-39.0,32,6808.749811
32.099206,29,6809.36071
35.610895,31,6809.882423
39.970939,31,6810.417345
-44.92,27,6810.804836
-35.08,34,6811.384846
-41.31,23,6811.776768
-32.69,47,6812.58608
-41.83,31,6813.372095
-35.05,28,6813.88303
-41.98,27,6816.179192
-43.77,29,6816.574919
-32.64,33,6817.020735
-38.87,27,6817.363985
-33.0,38,6817.907819
-35.39,49,6818.714359
-41.78,28,6819.416895
-39.0,26,6819.90802
-35.36,40,6820.658987
-33.0,35,6821.275768
-38.97,39,6821.943254
40.239186,28,6822.430293
-41.25,33,6822.991796
-38.88,26,6823.415831
-35.42,37,6824.028441
-38.19,26,6824.451704
-37.65,26,6826.68047
34.536686,35,6827.190032
-44.11,21,6827.480221
-41.54,28,6827.868532
-39.0,39,6828.42352
-44.65,23,6828.69748
32.45245,34,6829.197578
-35.56,52,6830.061232
-38.78,33,6830.586197
-41.29,22,6830.97181
-38.57,26,6831.388484
-36.94,28,6831.842833
-32.05,37,6832.452303
-41.6,29,6833.001433
-33.98,50,6833.809625
-44.7,56,6836.583336
-38.42,24,6837.001209
-35.71,34,6837.505224
40.998703,24,6837.863093
-43.62,25,6838.2161
-39.0,27,6838.57789
36.0,21,6838.865446
-41.1,25,6839.220372
35.182171,29,6839.706419
-35.27,27,6840.15552
-41.04,38,6841.028193
-42.0,27,6841.474926
-38.31,53,6842.414155
-35.34,24,6842.804268
32.695652,31,6843.371282
37.566228,23,6843.742908
-38.76,66,6845.085453
-44.49,40,6847.620572
-41.38,25,6848.02507
-40.45,22,6848.309414
-41.71,25,6848.652014
-38.51,24,6848.996969
-39.0,25,6849.346698
40.612403,22,6849.646023
-44.05,19,6849.922005
-38.61,25,6850.350423
-32.42,49,6851.195435
-39.0,32,6851.74642
-41.01,22,6852.128412
-38.26,26,6852.583819
-37.26,29,6853.064053
-41.39,25,6853.473944
32.388889,33,6854.131383
-36.0,24,6854.552048
-32.48,29,6855.039565
38.519713,24,6857.219967
-32.94,32,6857.728887
-36.0,29,6858.1954
-33.0,44,6858.805993
-41.2,25,6859.132458
-37.83,26,6859.48632
-46.34,19,6859.75475
-35.73,34,6860.180808
-35.6,21,6860.491869
-41.03,20,6860.861996
32.30303,32,6861.398801
-35.91,37,6861.989919
-40.52,30,6862.48184
-44.22,27,6862.954448
-35.56,21,6863.332394
-36.0,30,6863.792705
-37.81,27,6864.332361
-44.36,31,6864.872605
35.70229,28,6867.120604
-42.0,29,6867.602054
-37.25,32,6868.147248
-38.01,25,6868.581261
-38.08,30,6869.067468
-41.07,25,6869.424378
-35.49,34,6869.864856
-44.07,22,6870.237924
37.699523,27,6870.804815
-41.52,27,6871.15896
-43.96,20,6871.476033
40.235018,17,6871.771832
38.64539,28,6872.232542
-33.0,35,6872.792572
-41.88,29,6873.343345
-41.09,29,6873.810982
38.135659,26,6874.279894
-39.0,39,6874.941164
-38.0,33,6875.544383
-39.0,29,6877.870039
-41.21,25,6878.309503
-38.83,32,6878.83898
-40.03,29,6879.339347
-44.02,29,6879.803021
-44.19,21,6880.069284
-38.6,21,6880.374903
-41.2,27,6880.75088
-44.06,20,6881.029307
-41.52,18,6881.270303
-32.84,36,6881.76647
-39.0,31,6882.297622
-39.0,22,6882.683831
32.8,24,6883.092313
-35.41,29,6883.616255
-37.43,74,6884.846977
35.832817,43,6885.567911
-38.56,25,6887.809147
32.640751,28,6888.284781
-39.0,32,6888.854487
-35.34,26,6889.28805
-35.06,27,6889.716717
-32.7,26,6890.154515
-32.81,49,6890.833021
-36.0,24,6891.311775
-38.05,40,6891.861467
-32.5,22,6892.406168
-35.44,36,6893.000168
-37.9,25,6893.412433
-41.91,36,6894.083131
-40.48,24,6894.485821
-40.88,29,6894.976178
-35.6,29,6895.463427
36.0,27,6896.04471
-38.05,23,6898.400421
-41.45,21,6898.774983
-44.29,20,6899.105168
-41.91,22,6899.460132
-35.62,29,6899.984385
-38.51,25,6900.387746
-42.0,27,6900.768238
-38.81,20,6901.079476
-38.31,27,6901.46768
-38.17,31,6901.946762
-35.57,31,6902.412603
-38.1,23,6902.743159
-40.22,34,6903.24881
-39.0,27,6903.84369
-41.48,23,6904.235768
32.625455,28,6904.710467
-38.76,21,6905.054707
-35.44,34,6905.623923
-35.45,27,6906.08562
-38.62,22,6906.46585
-41.34,24,6908.705488
-38.76,29,6909.201848
-38.84,22,6909.572762
39.0,35,6910.152978
42.76653,24,6910.56645
-39.0,24,6910.975807
-41.43,23,6911.359459
33.0,36,6911.891515
-44.17,25,6912.20968
-40.75,31,6912.644169
-35.85,31,6913.070488
-41.81,25,6913.394949
-44.33,27,6913.768162
-40.19,21,6914.132843
32.335907,25,6914.533236
-38.8,26,6914.943957
33.0,32,6915.475568
-42.0,28,6915.951333
-38.39,31,6918.247694
-41.01,43,6919.176601
-34.87,29,6919.654968
32.654362,30,6920.133315
-41.24,40,6920.788605
34.503245,34,6921.407237
32.03913,49,6922.255711
-44.07,33,6922.977439
-35.82,43,6923.688745
-38.52,29,6924.109657
-41.31,24,6924.427032
-41.09,25,6924.855273
-47.77,25,6925.265049
-47.95,26,6925.667559
-44.52,22,6926.068569
38.086327,30,6926.567107
-34.83,29,6927.038497
32.151639,24,6929.355006
-35.76,41,6930.017506
-36.0,35,6930.616207
-32.48,34,6931.210493
-42.0,26,6931.635934
-38.47,24,6932.0448
-34.55,38,6932.687583
-35.44,30,6933.105628
-39.0,24,6933.436821
-35.13,33,6933.87719
-35.85,29,6934.295077
-39.0,46,6934.958092
-42.0,26,6935.370892
-36.0,33,6935.935894
-35.17,31,6936.441318
-32.61,30,6936.899386
-43.99,60,6940.009316
-38.52,24,6940.419774
-35.8,54,6941.432156
-44.27,25,6941.849793
-37.75,40,6942.563053
-41.88,20,6942.884862
-41.25,28,6943.347615
-33.0,31,6943.785643
-30.0,54,6944.882471
-38.55,30,6945.335231
-43.34,21,6945.724002
-32.53,34,6946.296602
-40.64,27,6946.786784
-32.97,35,6947.346663
-36.0,30,6947.805662
-33.0,43,6950.524429
-39.0,27,6950.987677
-44.46,23,6951.380964
-37.14,42,6952.123518
-32.78,38,6952.747846
-42.0,25,6953.165599
-41.42,30,6953.677714
-38.78,28,6954.143048
-35.59,32,6954.612583
-42.0,37,6955.110839
-41.73,26,6955.463562
-37.98,26,6955.79497
-42.34,33,6956.248194
-35.55,33,6956.784677
32.09622,41,6957.530495
-38.22,25,6957.970131
-38.71,33,6960.432431
-32.49,46,6961.205514
-35.18,24,6961.599019
-34.54,25,6962.092153
-39.0,30,6962.594893
-35.9,31,6963.101367
-33.0,37,6963.71259
32.128676,30,6964.206977
-44.17,28,6964.678561
-32.77,33,6965.173768
-35.78,35,6965.635943
-44.15,36,6966.150414
32.047297,37,6966.642896
-38.27,22,6966.987238
-32.06,29,6967.482467
-44.31,30,6967.92535
-41.06,23,6970.161186
-41.2,33,6970.677879
-32.39,34,6971.423363
-40.23,46,6972.213449
-41.28,26,6972.628916
-41.71,22,6972.973883
-38.42,29,6974.314138
-39.0,31,6975.026114
32.073826,28,6975.492502
-42.0,21,6975.865944
-35.15,34,6976.425678
-41.18,27,6976.847671
-32.3,36,6977.518473
-40.64,23,6977.804769
-41.45,25,6978.092469
-34.82,34,6978.507104
-38.35,28,6978.927629
-38.68,32,6981.350167
32.140562,41,6982.061862
-43.64,44,6982.76484
35.813688,25,6983.21463
-32.0,28,6983.674601
38.126761,28,6984.357676
-37.15,30,6984.870574
35.414729,26,6985.291319
35.173333,38,6985.976243
-38.3,34,6986.556711
-35.42,90,6987.804729
-44.58,22,6988.07314
-41.03,24,6988.385235
-32.72,29,6988.722906
-33.0,29,6989.151065
-44.42,34,6992.225215
-37.61,24,6992.633437
-40.63,23,6993.092556
-35.9,31,6993.626858
-41.95,28,6994.159657
-38.16,30,6994.694214
-32.69,30,6995.220829
-38.72,28,6995.665699
-41.03,24,6996.108515
42.0,22,6996.485589
-38.5,48,6997.49404
-38.04,31,6997.925066
-38.12,30,6998.268258
-38.56,27,6998.603624
-32.5,33,6999.002358
-41.86,23,6999.272643
38.247148,30,6999.715122
-35.55,28,7000.180609
-38.07,23,7002.639549
-32.45,36,7003.245044
-30.0,29,7003.75015
-38.67,30,7004.350969
-34.06,32,7004.87739
-38.91,22,7005.278011
-43.55,30,7005.742244
-32.6,27,7006.399632
-38.81,23,7006.782692
-44.57,21,7007.400753
-41.66,33,7007.945244
-41.28,22,7008.284137
-38.13,23,7008.609182
-42.55,31,7008.997393
35.031128,31,7009.398417
-40.85,28,7009.726167
38.758197,26,7010.045888
-32.28,29,7010.47076
-32.06,31,7013.205186
-32.86,29,7013.724396
-38.51,27,7014.180718
32.705036,35,7014.774448
-38.41,28,7015.237021
-41.41,24,7015.640624
-36.0,26,7016.112431
-43.59,25,7016.59047
-38.21,39,7017.250479
-37.7,25,7017.691394
-38.65,25,7018.111837
35.440741,23,7018.494234
-47.93,20,7018.79247
-38.58,40,7019.310783
-41.17,31,7019.698367
-41.67,25,7019.98093
30.0,31,7020.37883
-32.62,29,7020.77638
-39.0,31,7023.116884
32.551724,47,7023.853041
-37.76,27,7024.296384
-41.4,30,7025.016566
-31.81,33,7025.540516
31.783465,45,7026.280631
-45.0,36,7026.877667
-38.07,23,7027.437749
-41.56,23,7027.862703
-35.41,42,7028.575893
-41.91,25,7028.973338
-41.19,30,7029.403904
-41.24,20,7029.687415
-39.0,37,7030.229943
-34.8,34,7030.714334
-41.54,38,7031.227872
-35.66,35,7033.644894
-41.12,24,7034.022709
-38.91,28,7034.399914
-43.47,35,7035.023999
-42.0,24,7035.512485
-44.38,24,7035.897449
-32.27,32,7036.43476
-42.0,23,7036.824987
-37.84,24,7037.23682
-35.04,30,7037.740804
-36.0,21,7038.062939
-32.96,36,7038.770608
-38.41,26,7039.140047
-32.91,33,7039.631611
-41.32,30,7040.04698
-44.2,21,7040.32229
36.0,24,7040.677873
-44.26,21,7040.969723
-39.0,30,7041.366264
31.572222,44,7043.958011
33.0,29,7044.506912
-44.06,26,7044.952901
-41.52,28,7045.440779
-38.25,36,7046.042388
38.341085,35,7046.664587
-39.0,22,7047.061814
-41.38,34,7047.634955
-35.16,26,7048.070251
-41.38,21,7048.425053
-41.85,19,7048.749735
-43.76,34,7049.255108
-39.0,37,7049.767298
-38.6,29,7050.48996
33.0,32,7050.987519
-41.32,29,7051.39762
-39.0,30,7051.840499
-39.0,23,7054.031059
-41.81,22,7054.519512
-35.93,32,7054.960532
-44.19,22,7055.31093
-41.17,23,7055.685661
-35.81,26,7056.109443
38.039938,34,7056.664558
-35.31,30,7057.170538
-38.05,31,7057.69813
-40.97,26,7058.142078
-35.02,30,7058.680272
-41.66,23,7059.081065
38.056604,20,7059.427017
-36.0,36,7059.963515
-44.35,24,7060.756337
-35.81,23,7061.097346
-39.0,28,7061.524441
-32.83,34,7062.136039
-38.44,27,7062.524479
-40.88,25,7064.850962
-44.22,27,7065.306374
-38.34,43,7066.027282
-35.57,37,7066.648895
-35.11,33,7067.328258
-35.91,40,7067.999892
-32.91,31,7068.533937
35.374101,23,7068.955692
-42.0,40,7069.649457
32.162252,31,7070.105341
-31.52,47,7070.779676
-44.2,24,7071.224229
36.900547,34,7071.793139
35.151125,36,7072.543519
-35.04,23,7072.84302
38.553008,31,7075.189755
34.750395,34,7075.799785
-35.98,31,7076.289907
-44.21,27,7076.904937
-38.66,26,7077.433127
-41.61,25,7077.844514
-43.75,30,7078.360349
-36.0,26,7078.784498
-35.91,29,7079.286157
-38.73,37,7080.066994
-42.0,23,7080.506733
-43.78,20,7080.766669
-39.0,26,7081.141505
-34.76,35,7081.678861
-38.9,28,7082.165188
32.588235,44,7082.953759
-38.81,30,7083.446632
-41.39,21,7083.757562
-42.0,21,7085.987043
-39.21,36,7086.608219
34.692636,32,7087.124158
35.388889,23,7087.520448
-42.0,69,7088.688319
-38.17,26,7089.123161
-41.09,23,7089.509054
38.617886,22,7089.829636
34.646776,30,7090.292819
-35.28,33,7090.780539
-32.7,38,7091.361693
-38.14,29,7091.864764
-41.37,22,7092.213684
-32.17,46,7092.982342
-32.81,30,7093.469938
44.190068,21,7093.826262
37.818337,31,7096.119322
-35.84,31,7096.72449
-38.38,26,7097.222542
-38.75,29,7097.734072
-44.47,20,7098.048758
32.190141,35,7098.648976
-35.21,37,7099.239768
-41.79,23,7100.12473
37.982472,29,7100.572695
39.0,23,7100.892283
-35.32,42,7101.503079
-40.68,35,7102.037662
-38.36,28,7102.477982
-38.9,20,7102.805527
-38.28,24,7103.200199
-38.26,35,7104.044492
32.267559,22,7104.437735
-45.0,104,7108.234888
-32.84,31,7108.729509
-41.13,25,7109.172462
40.546661,26,7109.576473
-44.08,26,7110.015995
37.786464,30,7110.55678
-32.48,41,7111.143086
-32.12,34,7111.63144
-42.0,27,7112.037323
37.438205,43,7112.668993
-38.16,25,7113.108646
-36.0,40,7113.719863
-36.0,26,7114.149987
-38.89,43,7114.887841
-41.79,41,7117.396234
-38.5,25,7117.680898
35.537129,38,7118.238546
-31.75,31,7118.773198
-41.99,31,7119.31117
-44.32,17,7119.628552
32.770035,24,7120.026065
-41.54,24,7120.401383
-44.57,34,7120.918012
-41.92,24,7121.294123
-41.78,27,7121.681638
-41.41,35,7122.181574
-41.05,25,7122.578743
37.210934,37,7123.198921
-38.91,32,7123.738933
34.97678,40,7124.424468
-36.0,33,7124.966224
-44.47,18,7125.297044
-37.6,24,7127.596785
-35.29,27,7127.974107
-38.88,32,7128.44816
-43.32,20,7128.794107
-32.94,33,7129.351941
-41.58,19,7129.67792
-41.51,20,7130.053728
40.027319,27,7130.736933
-35.91,39,7131.37045
-44.14,16,7131.63606
-41.85,24,7132.080903
-32.02,27,7132.45903
32.155894,37,7133.322876
-40.72,26,7133.786963
-42.0,17,7134.073447
-35.3,27,7134.504241
-38.91,43,7135.21413
-36.0,27,7135.694933
-41.59,28,7136.17358
-35.25,29,7138.607096
-38.24,24,7138.932067
32.610909,29,7139.349996
-32.08,27,7139.80538
-42.0,29,7140.318369
-35.14,28,7140.909409
-38.86,32,7141.376877
41.609259,32,7141.86216
-32.57,35,7142.397954
-32.47,32,7142.85323
-39.0,30,7143.355452
32.011811,31,7143.849785
-43.98,42,7144.566102
-35.62,27,7145.067046
-35.08,23,7145.46139
-38.09,22,7145.847358
-35.39,32,7146.392261
-32.14,34,7148.759218
-32.1,31,7149.389274
-40.57,17,7149.655412
-35.12,39,7150.373858
-44.38,33,7150.993808
-41.71,23,7151.380634
-35.91,26,7151.759479
-35.68,27,7152.142314
-35.47,31,7152.64183
37.975077,28,7153.070385
-41.44,26,7153.489769
-38.32,24,7153.896175
-35.87,30,7154.4149
-41.27,26,7154.870854
-37.73,38,7155.522759
-41.53,24,7155.941932
-41.22,41,7156.712453
-39.0,28,7157.317808
-41.11,30,7159.654088
37.643382,26,7159.993353
-38.04,26,7160.357534
32.32,31,7160.772269
-39.0,41,7161.473957
-38.7,27,7161.88859
-38.91,26,7162.264953
-38.12,37,7163.545269
-35.21,31,7164.053003
-38.81,24,7164.443407
-44.18,21,7164.801314
-44.57,18,7165.133966
-41.43,100,7166.76754
-36.0,30,7167.365908
37.703368,26,7167.790134
-39.0,28,7170.146888
-44.77,31,7170.595109
-35.63,38,7171.095562
-41.79,34,7171.518438
-47.26,22,7171.80172
-44.01,19,7172.073073
-44.9,23,7172.393577
-41.7,30,7172.846446
-38.35,30,7173.325586
-43.55,29,7173.838809
-41.76,25,7174.264434
-38.23,49,7175.102577
-35.49,31,7175.655426
32.190141,36,7176.292751
-32.3,36,7176.971695
-36.0,29,7177.43808
-38.27,35,7178.026492
-32.03,36,7180.580751
-44.47,24,7180.921774
-47.43,21,7181.247964
-36.0,21,7181.488551
-38.35,21,7181.756268
-39.0,29,7182.106346
-38.27,26,7182.458333
-35.14,23,7182.821805
-38.22,26,7183.181195
-35.05,23,7183.515722
39.0,30,7184.275155
-38.45,29,7184.986556
-36.0,25,7185.39047
-41.24,50,7186.264505
-43.79,39,7186.904341
-44.39,26,7187.399329
32.573718,26,7187.837178
-37.95,35,7188.452526
-41.91,24,7190.793952
-36.0,31,7191.247604
-47.26,22,7191.541955
-44.78,45,7192.130244
-43.8,23,7192.411678
-41.2,32,7192.76278
-36.0,31,7193.176266
-38.18,25,7193.579293
-35.14,43,7194.220376
35.108761,31,7194.788114
34.915935,32,7195.420406
-36.0,32,7195.997146
38.233813,27,7196.45899
-35.52,23,7196.810651
-38.82,21,7197.168934
37.665432,23,7197.546051
-41.97,22,7197.876607
35.492647,30,7198.401248
-37.26,27,7200.755903
-32.31,37,7201.41259
33.0,28,7202.01219
-37.82,24,7202.364742
-38.91,36,7202.755396
-33.0,41,7203.288397
-35.21,26,7203.616351
-46.79,35,7204.037323
-41.83,25,7204.420312
-41.49,20,7204.709342
-35.75,46,7205.437543
39.0,23,7205.836913
-41.06,18,7206.284153
-38.69,28,7206.746464
-41.19,24,7207.164786
-42.0,22,7207.544414
35.281588,41,7208.214455
-38.37,27,7211.085721
-37.8,31,7211.550349
-37.97,30,7212.066702
-43.71,23,7212.437028
-44.91,28,7212.889951
-41.15,22,7213.191927
-35.43,26,7213.528135
-44.75,39,7214.049715
-37.68,33,7214.436496
-42.0,29,7214.813067
-35.04,24,7215.169356
35.165314,26,7215.601518
-40.93,25,7216.045366
-38.17,36,7216.649539
-36.0,45,7217.428074
38.101811,27,7217.863492
34.756708,37,7218.495769
-32.2,32,7220.943902
-44.23,29,7221.425307
-41.43,24,7221.85814
-44.43,18,7222.200724
-44.18,43,7222.955513
-35.65,31,7223.435952
-38.09,25,7223.792513
-39.0,39,7224.26195
38.689139,22,7224.546481
-41.26,25,7224.851334
32.355556,51,7226.706797
-34.94,22,7227.110047
-41.5,47,7227.972165
-44.23,37,7228.568259
-44.67,25,7229.007061
-35.89,38,7229.655772
-38.76,24,7230.061632
-34.52,30,7232.561579
-39.0,56,7233.513474
-35.55,31,7233.9324
-37.65,25,7234.250023
32.597561,25,7234.508973
-39.0,26,7235.189088
-41.1,24,7235.498266
-37.4,32,7236.082925
-41.57,25,7236.735197
33.0,27,7237.422162
-40.51,27,7238.004376
-41.1,41,7238.697589
-32.5,47,7239.487311
-42.74,17,7239.785271
-35.42,28,7240.271236
35.270096,34,7240.828418
-39.0,28,7243.099136
34.459587,28,7243.379828
-42.0,34,7243.840322
-35.31,33,7244.398729
32.802469,30,7244.907716
-44.75,28,7245.279727
-38.4,25,7245.574741
-41.81,23,7245.84888
-35.1,42,7246.353088
33.0,27,7246.669084
-42.0,28,7247.023474
-42.0,25,7247.445794
-36.0,26,7247.894968
-41.57,23,7248.305036
-39.0,26,7248.789505
-41.07,19,7249.149388
-36.0,30,7249.627554
-32.35,39,7250.204913
-41.14,66,7253.27379
-38.59,34,7253.825507
-38.24,23,7254.211867
-41.95,24,7254.592937
-44.42,15,7254.860656
-32.91,35,7255.455096
-41.74,21,7255.759438
-41.5,23,7256.041094
-34.73,52,7256.662845
-32.37,45,7257.232998
-35.19,32,7257.676862
-42.0,16,7257.959067
-35.75,28,7258.45778
-41.43,45,7259.201507
-43.78,25,7259.646226
-41.99,23,7260.012894
-40.55,24,7262.418187
-42.0,37,7263.193627
40.796392,19,7263.60855
-44.19,35,7264.400788
-35.57,34,7264.980613
41.829108,26,7265.425329
-39.0,24,7265.858879
-38.27,26,7266.293899
38.21865,32,7266.752648
38.5,24,7267.071456
-33.0,34,7267.465883
-32.45,27,7267.774029
-35.3,31,7268.156139
-44.07,21,7268.426233
-38.5,33,7268.97272
34.590747,28,7269.447511
-40.38,31,7269.971449
-36.59,36,7270.569795
-44.29,26,7273.066257
-32.27,35,7273.686485
-41.74,21,7274.038377
-44.21,20,7274.363628
-41.56,25,7274.78606
-41.37,26,7275.222577
-43.93,17,7275.499332
-43.89,26,7275.930178
-36.0,28,7276.399939
-41.7,20,7276.712396
-36.81,33,7277.21881
-41.41,42,7277.710778
-43.84,25,7278.034489
-32.25,30,7278.434037
35.221861,26,7278.783166
-37.3,29,7279.255883
38.519062,21,7279.60281
-32.36,29,7280.081203
-41.68,24,7280.46594
-38.63,35,7282.98634
-41.1,45,7283.727053
37.778743,23,7284.108196
-41.73,20,7284.496181
-40.81,28,7284.956787
-44.07,25,7285.399602
-41.08,29,7285.869538
-39.0,23,7286.276529
37.798501,21,7286.592677
-35.69,25,7286.942237
-38.81,25,7287.292076
-42.0,26,7287.621542
-38.48,27,7287.964489
31.947552,32,7288.349199
-44.03,22,7288.633057
-35.32,24,7289.197039
-41.55,25,7289.769465
-43.56,21,7290.164732
-34.56,28,7290.629014
35.538961,23,7291.038699
-35.0,26,7293.419431
-43.54,38,7294.095547
34.851724,34,7294.74523
-37.91,24,7295.114125
-38.21,22,7295.499136
-35.56,30,7296.037291
-44.41,30,7296.53876
-39.0,17,7296.817348
-33.0,49,7297.6439
-42.0,30,7298.088978
-39.64,38,7298.609567
-39.0,26,7298.941146
-41.29,20,7299.233198
32.196911,34,7299.712945
-44.54,19,7299.992244
-41.96,50,7300.966568
-35.23,28,7301.474966
-32.88,30,7303.957039
-41.1,23,7304.362618
-39.0,25,7304.783089
-38.13,22,7305.175916
32.031873,29,7305.665055
-38.14,26,7306.12274
32.096654,27,7306.601012
-41.35,26,7307.032693
-38.52,23,7307.405427
30.0,26,7307.777035
-38.44,32,7308.281348
-32.23,30,7308.667111
-39.0,28,7309.022196
32.418519,26,7309.342652
-39.0,23,7309.668572
40.358066,33,7310.107924
-38.29,29,7310.576072
-45.0,31,7311.097875
-31.75,26,7313.474804
-44.32,19,7313.799812
-32.42,47,7314.811115
-35.72,29,7315.470658
32.660584,30,7316.131272
-43.71,18,7316.441296
-35.55,23,7316.819739
-36.0,29,7317.311935
37.782989,27,7317.755306
-41.18,29,7318.223326
40.720423,23,7318.544014
-35.41,32,7319.031693
-41.12,27,7319.368245
-35.81,26,7319.713046
37.23506,33,7320.16023
-45.0,19,7320.473518
-38.59,26,7320.81976
-32.66,29,7321.240582
-39.0,24,7321.681308
-44.85,30,7324.303266
-39.0,28,7324.823403
-32.49,27,7325.302104
32.113793,32,7325.904813
-45.0,22,7326.286385
-37.74,33,7326.893448
-41.09,32,7327.461888
33.0,27,7327.966882
-32.6,29,7328.451048
43.900794,30,7328.871145
35.484496,24,7329.235481
-37.52,24,7329.579472
-32.64,41,7330.094532
-39.0,34,7330.5633
32.113074,29,7330.971351
-44.46,18,7331.255204
-42.0,24,7331.714416
-38.26,30,7332.237974
-39.0,47,7334.991729
-44.23,23,7335.373495
-36.0,29,7335.85778
32.485106,27,7336.343717
35.444828,28,7336.836267
-44.25,24,7337.235474
-41.18,25,7337.651786
-32.19,29,7338.264089
-32.41,28,7338.712033
-38.68,29,7339.281004
-35.07,30,7339.697392
-39.0,39,7340.517109
33.0,25,7340.834686
-32.62,49,7341.711202
-40.67,35,7342.195528
-32.25,28,7342.864186
32.455752,79,7346.253757
-42.0,34,7346.836913
-37.81,31,7347.387363
-39.0,29,7347.854526
-35.62,24,7348.271372
-32.58,29,7348.830689
-41.98,27,7349.35873
-34.86,44,7350.048147
-39.0,27,7350.436874
-32.16,30,7350.860997
-38.23,32,7351.27956
-39.0,25,7351.615887
-37.88,29,7352.032655
-44.07,29,7352.419203
44.322642,26,7352.7702
-38.66,24,7353.145565
-41.07,32,7355.645931
-34.9,34,7356.160454
-41.94,20,7356.358739
-40.52,40,7357.085232
-41.44,29,7357.576579
-41.21,22,7357.996919
-35.16,32,7358.552617
-38.44,21,7358.957604
-41.28,30,7359.471634
-41.42,23,7359.850583
-38.84,31,7360.319055
-38.51,27,7360.704051
-39.0,27,7361.081503
-38.63,37,7361.626394
-39.0,21,7361.917137
-35.11,32,7362.34679
35.902985,25,7362.701661
-41.25,29,7363.09604
-41.12,32,7365.518731
-37.73,33,7366.129052
32.531746,33,7366.667026
32.659498,40,7367.559133
35.214286,25,7367.998776
-44.07,20,7368.392801
32.338182,36,7369.194182
-41.38,22,7369.569904
-44.34,18,7369.875928
-33.0,30,7370.334549
-41.47,31,7370.792008
-35.56,23,7371.142137
-47.12,20,7371.43182
-42.0,23,7371.782909
-38.49,30,7372.22757
-39.0,34,7372.755827
32.261364,29,7373.144326
-32.76,28,7373.534633
-32.41,32,7374.191534
-32.81,29,7376.616846
-42.0,23,7377.04114
-42.0,69,7378.178223
-41.35,28,7378.66223
-36.0,44,7379.374418
-39.0,31,7379.9269
-41.37,20,7380.248446
-33.0,29,7380.698453
-45.0,25,7381.058811
-38.1,31,7381.527671
-35.7,28,7381.916309
32.219608,34,7382.41807
32.271523,30,7382.874511
-37.84,26,7383.234481
-39.99,26,7383.597833
-41.55,23,7383.900304
-38.07,32,7386.563187
-41.62,19,7386.879761
32.493548,30,7387.38256
-32.31,31,7387.912871
-41.56,33,7388.465808
36.0,24,7388.894774
-44.14,20,7389.243714
-41.53,25,7389.643157
38.4,24,7390.070925
-45.0,23,7390.401704
-38.51,30,7390.852099
-37.58,24,7391.21707
-35.47,34,7391.816223
-32.71,26,7392.199182
-35.3,134,7394.663801
-32.38,27,7397.03957
37.532587,26,7397.474557
-44.12,21,7397.795038
-41.4,28,7398.265347
-44.07,32,7398.796983
-40.41,24,7399.211149
-44.65,28,7399.682422
-37.61,28,7400.120879
-32.41,25,7400.551268
-41.81,21,7400.875493
-38.47,20,7401.169115
-38.86,34,7401.652187
-38.14,28,7402.059905
-41.34,20,7402.441422
-35.46,30,7402.939606
-43.83,22,7403.316458
-38.2,35,7403.803564
-41.75,20,7404.071382
32.593496,33,7404.558125
43.705117,50,7407.262801
32.175074,29,7407.762586
-37.58,31,7408.275752
-37.78,24,7408.715324
-33.0,42,7409.420265
-39.0,24,7409.899981
-38.83,31,7410.472833
-35.24,30,7410.915114
32.164609,33,7411.421386
-47.33,22,7411.733304
-38.42,39,7412.546686
-35.69,37,7413.10706
-43.46,24,7413.429949
33.0,28,7413.897848
-41.03,22,7414.202229
-32.42,31,7414.696455
-41.6,26,7415.065851
-35.28,29,7417.481832
-42.57,32,7418.020816
-42.0,18,7418.330343
34.921921,27,7419.004159
-40.37,31,7419.555959
-38.71,26,7420.005892
-37.41,30,7420.738645
-41.2,24,7421.160352
-38.73,22,7421.473623
-44.08,21,7421.772089
-38.02,27,7422.174349
-35.03,32,7422.629402
-38.14,32,7423.083466
-35.85,27,7423.560689
-35.2,28,7424.047252
-33.0,29,7424.486285
-35.15,31,7424.928091
-38.72,21,7425.196469
-38.43,33,7425.639479
-38.15,29,7428.01056
-41.18,25,7428.457838
-39.0,26,7428.935431
33.0,29,7429.416013
-35.16,21,7429.756577
-32.6,27,7430.196989
-44.94,23,7430.637171
-41.64,34,7431.311045
-38.19,27,7431.715087
-38.84,27,7432.10714
-44.65,27,7432.473408
-38.62,27,7432.864128
-39.0,39,7433.566911
-35.8,26,7434.050243
-39.0,26,7434.547787
-46.38,20,7434.888914
-39.0,25,7435.246657
31.689474,31,7435.638675
-38.49,29,7436.048723
41.449393,21,7438.294342
32.71831,28,7438.752934
30.0,29,7439.217566
-35.24,33,7439.758375
-44.01,28,7440.228036
-38.37,31,7440.828495
-38.51,24,7441.219967
-41.4,44,7441.881822
-35.08,27,7442.272438
-40.42,32,7442.736155
-45.0,33,7443.279286
-39.0,35,7443.931672
32.144444,34,7444.493877
35.520134,38,7445.591661
35.076923,27,7446.018189
-32.79,30,7446.447791
-31.81,39,7448.792029
-33.0,25,7449.219697
-35.5,24,7449.608803
-37.73,27,7450.04382
-45.0,22,7450.434585
-38.9,32,7451.009952
-38.11,36,7451.624967
-33.0,31,7452.142275
-41.34,37,7452.706557
-36.0,26,7453.094518
34.560719,28,7453.505106
-38.52,29,7453.953112
34.835628,32,7454.438419
-44.06,23,7454.829658
-38.84,32,7455.41195
-37.3,25,7455.826313
-44.45,29,7456.24937
-42.68,27,7456.616845
38.277397,18,7458.766257
-32.25,30,7459.271151
37.93467,32,7459.802787
-35.2,29,7460.31234
-44.0,19,7460.661677
-38.19,24,7461.095108
-41.52,23,7461.472747
-43.98,19,7461.798193
32.108108,27,7462.219403
-32.24,36,7463.000692
-38.46,34,7463.485233
-40.64,22,7464.00281
-43.83,32,7464.46352
-39.0,23,7464.89937
-41.32,35,7465.504376
-38.7,22,7465.860364
-32.69,38,7466.49689
-32.81,41,7467.196319
-41.45,21,7469.315927
32.4375,46,7470.051426
34.70631,34,7470.60606
-38.26,22,7470.949669
-41.1,25,7471.390483
32.506024,34,7472.480258
-32.13,29,7472.940506
-33.0,29,7473.356115
-35.55,27,7473.731357
-35.51,32,7474.23763
35.123333,25,7474.591327
-41.91,25,7475.054952
-38.58,27,7475.589036
32.791667,33,7476.337592
-35.64,40,7477.050871
-35.39,33,7477.685544
41.005455,22,7478.073462
-38.27,23,7478.457573
-38.96,31,7480.616676
-38.17,24,7481.027546
-47.5,23,7481.387881
-38.4,33,7481.920079
-47.37,24,7482.336419
-40.52,34,7482.888581
-44.36,21,7483.248034
-36.0,29,7483.754121
-40.39,27,7484.234605
-36.0,29,7484.665542
-38.44,30,7485.076175
-34.78,27,7485.446129
32.307692,32,7485.899689
-41.05,72,7487.09967
-41.85,21,7487.465433
-37.06,25,7487.921432
-44.31,20,7488.244383
-32.19,33,7490.634021
-38.26,44,7491.092284
-43.67,27,7491.525684
-38.4,25,7491.924677
-33.0,33,7492.472212
-46.62,22,7492.839032
-38.13,38,7493.536585
-32.25,42,7494.260164
-35.56,34,7494.757327
-41.29,45,7495.415825
-35.88,38,7495.966888
-41.82,29,7496.357042
37.589242,60,7497.379432
32.42126,40,7498.46303
-35.82,29,7500.890927
-33.0,39,7501.417146
-41.67,33,7501.872588
-38.32,29,7502.258009
-35.78,34,7502.866713
-42.0,22,7503.224759
-38.24,27,7503.705815
-35.57,27,7504.158387
-44.39,30,7504.641512
-32.91,44,7505.330588
-35.78,28,7505.75148
-38.94,26,7506.145918
-33.0,51,7506.87406
-35.88,36,7507.410767
-41.14,25,7507.835901
37.94651,35,7508.390058
35.577355,27,7510.691336
-39.34,25,7511.028716
34.320265,28,7511.410996
-32.41,28,7511.77984
-39.0,24,7512.121162
-38.88,25,7512.519423
37.110013,40,7513.2128
-37.72,26,7513.662007
32.346863,29,7514.130405
-38.72,36,7514.796086
-32.69,31,7515.262811
-33.0,28,7515.650935
-41.57,25,7516.033869
-35.91,24,7516.376986
-34.55,31,7516.828763
-38.41,27,7517.230735
32.409449,32,7517.767358
-43.9,26,7518.211913
-44.37,26,7520.638209
-35.44,27,7521.025604
-41.61,23,7521.311275
-38.37,38,7521.86412
-35.83,38,7522.35139
-34.87,42,7523.05351
35.587983,26,7523.703108
38.203252,23,7524.064829
32.388489,32,7524.85977
32.133956,25,7525.338058
-38.1,24,7525.694352
-35.1,27,7526.098581
-39.0,32,7526.528249
-38.71,35,7527.063253
-38.88,22,7527.396523
-34.98,28,7527.901329
-35.26,23,7528.294894
38.147059,21,7528.659362
-37.76,30,7531.101914
-35.64,31,7531.641193
-44.95,18,7531.859504
-38.92,22,7532.157009
-41.54,24,7532.47606
-44.56,34,7532.959685
36.0,24,7533.262683
-35.15,28,7533.690916
-38.02,28,7534.15723
-32.14,28,7534.605005
32.087031,32,7535.171295
32.583333,27,7535.562197
32.581967,26,7535.933496
-41.2,27,7536.486191
-41.81,38,7537.055987
35.582143,22,7537.394342
-35.5,27,7537.849942
-38.75,24,7538.273942
30.0,29,7538.731015
-38.78,34,7541.260707
-40.97,31,7541.807589
-38.6,22,7542.10464
32.781513,38,7542.60829
-35.72,28,7542.959411
-41.19,19,7543.234235
-41.88,21,7543.533535
-38.61,26,7543.890168
35.476744,27,7544.272648
-44.08,19,7544.627774
-31.76,50,7545.417281
35.06192,27,7546.172679
37.685354,23,7546.546794
-38.65,21,7546.885268
-36.0,29,7547.388685
-44.67,36,7547.955477
-38.52,23,7548.326997
38.163339,29,7549.079344
-42.0,27,7551.608104
-42.0,24,7552.025453
-39.0,30,7552.512458
-38.23,25,7552.947131
-41.35,22,7553.276798
-38.71,24,7553.612321
-32.39,26,7553.9836
-38.23,32,7554.417858
-39.0,30,7554.851692
-32.35,32,7555.324544
-34.67,37,7555.867992
-35.4,48,7556.589972
32.555891,34,7557.071866
-37.94,29,7557.572644
-38.09,26,7557.99086
37.26477,29,7558.484085
32.439597,32,7559.038066
-41.5,33,7561.528316
-47.09,21,7561.897718
-41.43,42,7562.611875
-44.04,39,7563.24853
-38.09,24,7563.633344
-39.0,26,7563.993775
-35.91,28,7564.395969
-38.59,25,7564.757909
-38.91,23,7565.05355
-38.47,37,7565.501966
34.828588,37,7566.053528
-32.63,34,7566.525298
-37.56,31,7566.994887
-35.34,23,7567.339558
-37.66,28,7567.846064
-45.95,20,7568.181505
32.334601,26,7568.602387
-38.5,27,7569.071347
-32.53,27,7571.452405
-44.28,27,7571.878628
-42.0,34,7572.439175
33.0,28,7572.903517
38.090535,21,7573.28119
-41.28,46,7573.967151
-38.37,22,7574.280245
-35.87,30,7574.9393
33.0,36,7575.684038
-35.65,26,7576.066947
-37.87,27,7576.430564
-33.0,28,7576.833106
-38.53,20,7577.143713
-44.42,20,7577.432518
-41.58,20,7577.739008
-35.03,22,7578.237106
-35.54,30,7578.757639
35.091324,26,7579.19101
-38.02,26,7579.65237
-41.02,23,7582.039135
-35.3,28,7582.533782
-35.5,36,7583.13982
-38.44,21,7583.485919
-44.32,23,7583.878145
-44.46,14,7584.075966
32.558233,35,7584.598402
35.179688,28,7584.972964
-38.09,28,7585.35666
-41.88,20,7585.63269
37.03287,31,7586.056409
-47.86,20,7586.369577
32.951724,66,7587.347295
43.564709,33,7587.929087
-32.05,25,7588.345199
-32.21,37,7588.960689
-41.25,24,7589.373994
-45.0,20,7589.709074
37.151259,31,7592.153081
-39.0,24,7592.517932
33.0,49,7593.380591
-42.0,22,7593.753567
-40.14,31,7594.233907
-36.0,23,7594.567585
40.823523,25,7595.184204
-41.13,18,7595.446672
-41.45,26,7595.803088
-35.65,39,7596.317469
-39.0,25,7596.721368
-42.0,22,7597.050599
-32.94,28,7597.485699
-32.91,32,7598.002638
-41.36,20,7598.329659
-41.62,36,7598.911866
-36.0,31,7599.413944
-46.18,20,7599.770071
35.17757,27,7602.143058
-38.92,23,7602.545781
32.078571,32,7603.116173
37.978486,23,7603.481813
32.901515,30,7604.025301
-37.29,22,7604.434387
-38.15,30,7604.956353
35.317518,33,7605.443209
-44.1,23,7605.770227
-33.0,31,7606.24159
-40.73,20,7606.528923
-39.87,31,7607.066523
-32.69,35,7607.570765
-41.06,26,7607.970708
-35.16,32,7608.408425
-35.5,20,7608.753186
-33.0,25,7609.174654
-35.81,26,7609.622386
-41.21,18,7609.955463
-39.0,27,7612.389884
-32.05,32,7612.994586
-41.13,22,7613.365315
-32.38,35,7614.094781
-39.0,25,7614.505271
-38.69,22,7614.851743
-36.81,36,7615.443354
-41.86,19,7615.718099
-41.31,24,7616.07461
-41.71,28,7616.486769
-38.32,21,7616.765158
-35.5,28,7617.122556
36.931114,25,7617.443202
-40.87,20,7617.932114
-33.0,31,7618.369569
-35.53,31,7618.877329
37.421572,20,7619.249987
-41.6,33,7619.77796
-44.21,25,7620.219051
-44.62,17,7620.4974
-46.76,34,7622.981284
32.600536,45,7623.720853
-41.26,26,7624.169211
-44.81,18,7624.453218
-38.74,27,7624.932105
-41.55,32,7625.5046
-41.17,28,7625.96932
-38.96,32,7626.66305
-41.17,21,7626.981381
-38.34,30,7627.347232
-41.68,70,7628.657067
-41.78,24,7629.022259
-47.15,19,7629.349722
-43.65,24,7629.738383
-47.14,22,7630.277944
-36.0,29,7630.767625
-38.88,27,7631.215078
-41.51,29,7633.64661
-34.75,27,7634.126233
37.866479,27,7634.57637
-41.51,32,7635.13593
-36.0,45,7635.872162
-35.35,44,7636.539612
-42.0,25,7636.884789
-32.77,31,7637.305356
-40.59,20,7637.556448
-36.0,30,7637.930309
-38.42,60,7638.762654
-32.49,31,7639.256877
-41.02,27,7639.709543
-37.44,25,7640.112799
32.433225,27,7640.59276
-39.0,16,7640.830512
-35.84,35,7643.320588
-41.28,36,7643.943339
32.536977,39,7644.621497
-44.14,24,7645.002185
-33.0,28,7645.484493
-35.09,32,7646.035405
-38.45,16,7646.287556
-45.0,22,7646.678905
-41.08,15,7646.902046
-35.37,37,7647.47725
-35.57,32,7647.852663
-41.07,26,7648.17052
-41.3,27,7648.462947
-35.42,32,7648.881112
-35.04,28,7649.328279
34.197441,31,7649.860525
-41.69,21,7650.186691
-38.15,24,7650.571587
-41.91,28,7651.06265
-35.12,31,7653.598764
-44.71,23,7654.259095
32.468992,32,7654.796277
-33.0,32,7655.278635
38.280443,58,7656.207907
32.474903,26,7656.634774
-39.62,62,7657.672869
32.02649,37,7658.128689
-35.17,33,7658.530969
-41.89,21,7658.789683
-35.92,33,7659.205646
-42.0,25,7659.534608
37.423012,27,7659.990321
-45.0,34,7660.549941
-32.03,31,7661.063039
39.0,20,7663.313372
35.083019,24,7663.700396
32.016556,25,7664.12207
-40.96,21,7664.494026
-44.05,18,7664.808018
-41.12,107,7666.667634
-38.81,36,7667.247394
-35.31,24,7667.638383
34.269797,30,7668.088624
-35.18,30,7668.423621
-41.35,21,7668.696869
-33.0,27,7669.033374
-38.13,32,7669.443077
-47.3,18,7669.658953
-35.91,29,7670.06438
-38.31,43,7670.801799
38.348485,30,7673.215159
32.250774,31,7673.683046
-38.5,32,7674.234693
-38.36,40,7674.900459
-39.0,21,7675.261204
35.091575,23,7675.651086
-34.26,39,7676.280089
-41.37,25,7676.687369
-42.0,18,7676.994763
-45.0,24,7677.425264
-33.0,28,7677.864902
-44.09,24,7678.368373
-36.0,31,7679.137433
32.7,43,7679.674451
-33.0,27,7680.03217
-42.0,23,7680.354196
-36.0,27,7680.782093
-35.5,22,7681.186839
-35.21,48,7683.994243
39.217035,24,7684.4634
-32.71,33,7685.024553
-38.84,37,7685.657976
32.351351,28,7686.163723
-38.91,26,7686.600231
32.087137,32,7687.123995
-35.76,33,7687.63786
-32.52,45,7688.369023
-41.1,25,7688.778476
-41.01,26,7689.132688
-37.52,23,7689.416249
-47.14,25,7689.723216
-44.93,26,7690.044981
-39.0,23,7690.354562
-37.76,30,7690.807818
-41.28,21,7691.142188
-32.35,31,7691.680089
38.048148,33,7694.122452
-41.13,26,7694.580308
-41.2,21,7694.939563
-37.46,37,7695.61115
-40.7,50,7696.453126
-41.22,39,7697.136375
35.996904,45,7697.83096
-42.0,27,7698.25226
32.430556,32,7698.775679
-32.59,31,7699.208762
-39.0,30,7699.591429
-44.35,51,7700.213819
-38.26,26,7700.521459
-35.71,27,7700.874666
-39.82,35,7701.396993
-44.17,24,7703.716712
-32.88,31,7704.249327
-42.0,24,7704.620084
-32.18,29,7705.56939
-38.2,24,7706.022786
-35.37,30,7706.543677
-34.57,31,7707.044036
-38.77,77,7708.348617
-41.19,28,7708.842928
-39.0,23,7709.205434
44.298952,27,7709.612674
-38.71,27,7710.00882
-38.7,25,7710.333211
-38.04,26,7710.686891
37.121372,31,7711.112068
33.0,52,7711.827428
-35.07,36,7714.321744
-41.59,27,7714.772462
-38.65,30,7715.264183
-44.05,15,7715.533258
34.70597,31,7716.106975
42.564003,24,7716.485855
-35.51,30,7716.968216
-38.27,27,7717.429127
-47.09,18,7717.735744
-38.21,33,7718.311555
-39.0,24,7718.724763
32.512915,29,7719.238551
-38.12,24,7719.585963
-41.82,27,7720.000196
-41.74,22,7720.347751
-44.59,21,7720.611805
-32.29,30,7721.000881
35.46831,21,7721.281811
-44.58,28,7721.689821
-42.0,22,7722.0016
36.359053,30,7724.391451
-35.21,29,7724.877166
-33.0,26,7725.320907
-32.32,40,7725.99415
35.302181,35,7726.597359
-41.61,24,7727.038662
43.525127,20,7727.367748
-38.91,24,7727.784735
-32.46,24,7728.200884
-32.03,26,7728.63643
-42.0,20,7728.958363
-35.49,36,7729.494576
41.068776,23,7729.837171
-41.91,22,7730.159423
-32.62,28,7731.112189
-38.1,23,7731.467079
-34.84,28,7731.855771
-38.73,25,7732.218851
-39.0,21,7732.517615
-38.76,22,7734.726159
-35.76,34,7735.332873
-32.55,28,7735.779431
32.45279,106,7737.593528
-31.91,30,7738.101669
32.851711,24,7738.496525
-44.69,23,7738.871239
-40.51,25,7739.213112
35.076398,30,7739.666255
-38.16,23,7740.009654
38.800797,23,7740.320263
33.0,35,7740.844719
-38.13,28,7741.361117
-35.61,31,7741.806124
36.0,32,7742.242624
37.608418,23,7742.558316
35.144876,35,7745.04165
35.897338,31,7745.605255
-35.14,41,7746.310138
-38.53,29,7746.777781
38.48301,28,7747.23459
-32.79,33,7747.814383
-32.82,44,7748.565406
-43.4,29,7748.992717
-41.12,25,7749.36517
33.0,32,7749.812675
-40.43,23,7750.149195
-38.23,30,7750.556205
35.328859,23,7751.052241
32.957386,35,7751.713415
-39.0,25,7752.149416
-37.04,26,7752.521819
-36.0,28,7752.949287
-38.93,28,7755.306769
-42.0,36,7755.905185
-41.43,23,7756.381564
-32.14,38,7757.404496
-30.0,31,7757.953119
-38.31,32,7758.515784
-38.58,29,7759.015434
-38.81,23,7759.396986
-32.88,33,7759.890105
-34.7,33,7760.363283
-41.65,25,7760.748279
-39.0,30,7761.151106
-32.16,32,7761.641259
34.448558,38,7762.297946
-44.05,22,7762.676687
38.014236,32,7763.188321
-41.25,22,7763.513527
34.630769,31,7765.887688
-38.77,39,7766.543192
-44.95,24,7766.953062
35.163488,28,7767.425823
-38.9,26,7767.938784
-32.83,37,7768.558585
32.848148,34,7769.142626
-35.99,25,7769.548945
32.337931,29,7769.968584
-38.49,31,7770.40749
-32.37,39,7770.990442
-42.0,23,7771.327732
-32.1,40,7772.030096
-40.85,37,7772.67421
-41.81,32,7773.206931
-32.31,29,7773.698149
-38.42,35,7775.975517
-43.65,113,7777.923861
32.237226,30,7778.393447
-37.92,31,7778.939465
37.19946,33,7779.503219
-44.66,19,7779.799874
-35.38,29,7780.330015
-37.46,33,7780.800233
-40.38,21,7781.138986
-34.79,22,7781.452178
-41.54,20,7781.756868
-41.02,27,7782.141643
-35.02,80,7783.947953
-35.01,27,7784.431573
-41.45,46,7787.047959
-36.0,31,7787.537968
-44.02,22,7787.916795
-38.81,34,7788.494843
-34.78,40,7789.188397
-38.3,28,7789.642619
35.537275,30,7790.124187
-38.45,39,7790.808717
-41.06,22,7791.149944
32.242678,22,7791.473096
-38.08,23,7791.817729
-35.61,34,7792.324083
44.033773,25,7792.685366
-42.0,19,7792.966867
-41.45,31,7793.48401
37.784556,30,7794.009929
-41.29,21,7794.386541
-38.28,32,7796.746458
-35.56,34,7797.310411
-35.75,29,7797.797054
-41.63,30,7798.328936
-44.11,22,7798.704715
-32.79,36,7799.317507
-41.28,19,7799.640727
-45.0,27,7800.06911
33.798406,31,7800.587158
-42.0,30,7801.078457
-38.84,36,7801.610051
-35.05,30,7802.088132
35.102662,32,7802.597033
-47.14,22,7802.945611
-35.42,26,7803.408877
-41.06,23,7803.784719
-41.59,30,7804.294748
38.013986,25,7804.708095
-38.09,27,7806.985349
-43.83,23,7807.358147
-41.3,26,7807.783625
-35.21,31,7808.306666
-38.58,25,7808.962791
32.094488,26,7809.431631
-35.56,33,7810.026996
-32.07,31,7810.784454
-44.88,44,7811.477618
-35.91,25,7811.853174
-32.54,34,7812.382579
-40.92,23,7812.662619
35.613821,29,7813.064381
-36.0,34,7813.648273
-37.08,29,7814.152112
-36.0,39,7814.799762
-38.2,32,7815.379145
-38.3,27,7817.723357
-36.0,26,7818.098421
-40.96,29,7818.609665
32.992337,26,7819.108657
-38.29,30,7819.609133
35.277193,28,7820.071043
-35.22,31,7820.582411
-32.81,33,7821.288815
-44.01,24,7821.649968
-40.95,28,7822.061978
-32.19,27,7822.459447
-35.46,48,7823.179484
-39.0,32,7823.822917
-38.62,57,7824.796806
-41.64,25,7825.205135
32.494163,25,7825.602237
-35.62,32,7826.146209
-47.6,21,7828.4514
32.401408,31,7828.897696
-32.38,31,7829.436033
-32.5,29,7829.911304
32.462069,27,7830.40154
32.404412,36,7831.031287
-41.71,28,7831.496031
-42.0,22,7831.811754
-38.4,23,7832.132561
-38.64,28,7832.563085
-44.15,28,7833.002314
-39.0,23,7833.365478
-39.0,34,7833.924053
-42.0,29,7834.413727
-35.69,27,7834.952144
32.976378,42,7835.987005
-32.26,31,7836.591097
-39.0,25,7837.035185
-40.63,26,7839.338014
34.889479,32,7839.815506
33.0,44,7840.568932
-38.8,32,7841.116073
-41.58,40,7841.798453
-41.59,22,7842.116487
34.943959,29,7842.581023
-41.36,22,7843.24581
-36.0,39,7843.842401
33.0,30,7844.37511
-45.0,31,7844.882864
-35.88,27,7845.338619
-41.03,21,7845.701494
-32.76,28,7846.167716
-35.0,30,7846.695888
-42.0,60,7849.59228
-41.41,25,7849.933919
32.196296,34,7850.523761
32.121951,25,7850.977575
-41.86,22,7851.370667
-42.0,21,7851.746629
-35.26,35,7852.274866
-38.52,33,7852.778584
-41.17,19,7853.041687
-34.18,32,7853.530772
-35.6,32,7854.054194
-38.33,28,7854.556849
-32.28,32,7855.096097
-40.28,19,7855.434599
-42.0,26,7855.892949
-44.27,26,7856.326626
41.815884,25,7856.730266
-41.19,22,7857.090239
-44.09,57,7859.94766
-36.0,27,7860.347214
-38.67,31,7860.839531
33.0,35,7861.564084
-46.44,24,7862.081923
35.757493,19,7862.348972
40.655571,22,7862.699407
35.682171,23,7863.275476
36.0,22,7863.608203
35.324675,27,7864.027225
35.629091,27,7864.47617
41.079422,22,7864.890281
-32.37,42,7865.577107
32.283276,32,7866.160588
-32.73,41,7866.845667
-32.66,34,7867.436773
-42.0,20,7867.765004
-45.0,22,7868.151098
-44.41,20,7868.46669
-38.94,27,7870.741754
-37.72,31,7871.1763
-39.0,34,7871.633044
35.215094,23,7872.030869
-44.7,22,7872.354556
38.643411,21,7872.9161
-38.09,32,7873.382019
-40.62,23,7873.708276
-40.65,24,7874.099193
-38.37,28,7874.619019
38.107952,27,7875.061651
-38.38,22,7875.459393
-35.42,69,7876.612969
-35.21,24,7877.03299
-44.18,20,7877.38244
-44.3,23,7877.737393
-38.71,32,7878.251849
-35.03,28,7878.704542
-33.0,26,7881.287595
-32.54,38,7881.821537
-40.7,25,7882.217023
-42.0,27,7882.610821
-41.88,19,7882.876493
38.257329,29,7883.291778
-35.58,29,7883.719407
-33.0,22,7884.116277
-37.51,28,7884.632953
-41.29,24,7885.039653
-33.0,25,7885.452042
-41.13,24,7885.87395
-41.42,28,7886.559081
-41.85,38,7887.239512
-38.69,22,7887.572322
35.562112,43,7888.656483
-38.72,32,7889.292195
-35.65,35,7889.854769
-32.5,30,7892.259412
-40.71,31,7892.713406
-39.0,23,7893.002365
-35.5,26,7893.414025
-39.0,27,7893.806274
-41.12,41,7894.387167
41.518293,26,7894.791501
-35.82,123,7896.866552
-38.08,24,7897.282423
-39.0,37,7897.87232
-44.03,28,7898.375112
-38.6,21,7898.731047
-47.78,27,7899.218106
-42.0,30,7899.792438
-44.5,31,7900.356821
-41.81,25,7902.588167
-38.43,29,7903.016124
32.570909,33,7903.371661
-39.0,24,7903.686466
-44.81,29,7904.131101
-41.75,29,7904.552438
-34.59,28,7904.958262
35.229885,23,7905.281549
32.094017,28,7905.71191
31.566434,23,7906.105344
-40.5,17,7906.39541
35.16693,29,7906.930099
-32.0,28,7907.394506
-42.0,27,7907.842992
-38.57,34,7908.395507
32.900735,40,7909.101012
-36.0,36,7909.683325
-38.81,27,7910.172134
-37.88,32,7912.612796
-39.0,27,7912.970619
36.766383,28,7913.361392
-41.17,32,7914.060261
-35.78,26,7914.521666
35.059894,27,7914.986979
-38.04,38,7915.609893
-32.29,34,7916.438297
32.14791,47,7917.360951
-35.63,32,7917.95841
-44.43,24,7918.375386
34.89,29,7918.87886
-35.83,26,7919.368855
-35.37,34,7919.95439
-39.0,56,7920.911176
-35.42,27,7921.365221
32.127329,35,7923.752155
33.0,24,7924.07174
-36.0,27,7924.466617
35.635036,20,7924.703653
41.173723,22,7924.996521
-41.84,26,7925.365451
-35.74,27,7925.735161
-38.94,23,7926.059352
37.908887,25,7926.416442
-43.88,25,7926.841145
38.050388,27,7927.285483
32.877133,33,7927.820342
40.609247,39,7928.485008
-41.05,24,7928.913681
-44.41,20,7929.250096
-40.32,21,7929.605334
35.503676,74,7930.836517
-38.43,21,7931.203239
38.150904,31,7933.703108
-33.0,30,7934.105372
-41.05,19,7934.401812
-41.75,24,7934.745461
-36.0,30,7935.142292
-38.26,23,7935.434515
32.360595,29,7935.864796
-38.29,26,7936.262148
-38.79,27,7937.44892
-32.56,32,7937.99029
-32.84,33,7939.17966
32.418182,39,7939.842485
32.039877,34,7940.461514
35.292553,26,7941.129736
-44.36,34,7941.704476
-33.0,27,7942.324915
-32.91,31,7942.952883
-44.88,25,7945.321356
-38.81,23,7945.603606
32.209386,35,7946.028227
-44.23,26,7946.330769
-41.07,30,7946.718884
-32.15,39,7947.321549
-38.77,26,7947.779227
-41.61,22,7948.188159
32.26749,24,7948.597435
32.637037,31,7949.127267
-39.0,22,7949.546082
-41.38,22,7949.925634
35.232877,31,7950.442392
-41.75,42,7951.141378
-32.9,30,7951.674437
-41.51,21,7952.050843
35.62037,24,7952.457347
37.851696,19,7952.781867
-41.7,25,7953.277709
43.368448,37,7955.736808
-42.0,50,7956.385083
-41.57,33,7956.793953
-34.71,26,7957.187979
-37.35,33,7957.722619
32.7751,31,7958.22875
-38.37,26,7958.721559
-45.0,27,7959.195426
38.339552,24,7959.613889
-32.78,29,7960.079314
-32.23,36,7960.702857
-44.29,27,7961.157777
-35.67,60,7962.280626
-41.17,20,7962.643481
-40.9,23,7963.041226
-42.8,23,7963.414793
-44.98,28,7965.850278
-32.09,26,7966.235699
-35.13,31,7966.657767
-38.06,24,7967.073525
-44.17,36,7967.716021
-47.09,20,7968.037727
-39.0,26,7968.434545
-44.52,47,7969.267273
-35.4,25,7969.698436
-41.23,22,7970.080375
34.925993,29,7970.829254
32.111486,32,7971.390655
-38.25,21,7971.75096
-39.0,25,7972.172142
-44.02,37,7972.806005
-35.09,31,7973.339053
-36.0,35,7973.945973
-38.65,26,7974.373969
32.09901,34,7976.857307
32.746835,37,7977.40736
-35.35,28,7977.919741
-34.87,28,7978.287032
-38.5,26,7978.657794
-33.0,36,7979.16563
-41.66,41,7979.858379
-41.03,25,7980.277384
-47.18,24,7980.660116
-38.61,23,7981.064866
-41.91,35,7981.62713
-41.05,22,7982.052955
32.280576,28,7982.492151
-35.65,44,7983.22366
32.217213,30,7983.713228
-41.25,23,7984.104438
32.15251,36,7984.690203
-41.52,21,7986.899013
-33.0,26,7987.292951
37.799243,28,7987.641915
-43.96,35,7988.110368
-44.63,58,7988.929895
-41.61,28,7989.327747
-36.0,34,7990.080541
-39.0,19,7990.396221
-32.54,32,7990.899204
-38.82,25,7991.362136
-40.85,27,7991.81701
-41.75,25,7992.358434
-39.0,35,7993.052931
32.064777,32,7993.597395
-38.18,23,7993.974848
-42.0,27,7994.43785
38.370504,21,7994.793726
-41.66,26,7997.215097
-38.22,27,7997.606418
-45.0,48,7998.26925
-38.59,29,7998.654764
-35.94,28,7999.080544
-35.7,35,7999.615384
-41.17,25,7999.993321
33.0,25,8000.41556
-40.9,26,8000.888812
38.461883,40,8001.588945
-32.44,33,8002.135447
-38.62,32,8002.687125
-39.0,30,8003.249484
-41.58,37,8003.883238
32.133603,26,8004.307901
-40.82,33,8004.799668
-38.81,39,8007.491978
-45.0,25,8007.867618
-44.57,20,8008.161918
-38.59,25,8008.511298
38.744108,18,8008.762659
-38.24,33,8009.283076
-38.71,28,8009.6943
-41.77,31,8010.148581
-39.0,34,8010.587332
-44.63,22,8010.944652
-35.47,27,8011.428512
-35.0,21,8011.833834
-38.5,20,8012.161661
-38.1,31,8012.656542
-38.45,43,8013.324544
-38.28,16,8013.627609
-44.65,28,8014.07069
-36.0,28,8014.513425
-35.34,30,8015.045801
-32.62,32,8017.400378
-38.62,21,8017.731181
-42.0,33,8018.318943
34.937033,24,8018.899037
-32.04,40,8019.491716
41.235758,22,8019.818314
-38.27,21,8020.490927
-41.35,33,8020.945977
-45.0,21,8021.25641
-35.43,33,8021.819479
-45.0,25,8022.274841
41.262821,24,8022.733356
35.88141,28,8023.395404
35.566667,28,8023.856268
-39.0,26,8024.303389
-35.56,27,8024.766154
-35.03,26,8025.197383
-43.47,20,8025.55588
-38.44,39,8026.19688
-44.61,18,8028.416972
-37.62,34,8028.930065
-38.61,24,8029.297029
38.148594,29,8029.789795
-41.47,36,8030.277107
-38.54,25,8030.623249
-41.51,28,8031.033347
40.400122,25,8031.392316
-35.23,34,8031.895482
-32.2,29,8032.498859
-39.0,26,8032.926786
-41.4,20,8033.267296
-40.81,25,8033.698845
-32.22,31,8034.202434
-36.0,39,8034.828003
-38.03,30,8035.356459
32.332046,43,8036.072703
-35.67,24,8036.601911
-43.68,28,8038.879988
-38.04,111,8040.574029
-41.4,28,8040.977109
-42.0,28,8041.350825
-34.96,34,8041.802759
-39.0,24,8042.124965
-33.0,28,8042.53112
-41.11,22,8042.905185
-42.0,25,8043.377535
-32.33,25,8043.880203
-35.46,28,8044.455979
-42.0,23,8044.863756
32.901639,31,8045.36612
38.136364,34,8045.924574
-33.0,24,8046.320325
-38.32,23,8046.708278
-44.79,23,8048.918702
-41.46,29,8049.621174
-37.43,34,8050.17558
-35.98,32,8050.687696
-37.49,26,8051.134933
33.0,25,8051.555034
-34.85,29,8051.967063
33.0,33,8052.478458
-40.68,24,8052.81335
-35.88,32,8053.264049
39.971635,32,8053.773538
35.577947,26,8054.193207
-38.27,32,8054.749111
-38.6,29,8055.223311
-38.42,31,8055.887609
-39.0,28,8056.358214
-42.0,23,8056.771291
-44.25,17,8057.034794
-32.21,29,8059.36537
-39.0,30,8059.835016
-38.94,21,8060.196977
-38.22,31,8060.728433
-38.23,32,8061.29694
42.0,21,8061.666953
32.101504,31,8062.097869
31.841365,33,8062.559499
-37.82,31,8062.952489
-44.99,19,8063.207283
-44.47,25,8063.563078
-37.81,27,8064.043068
-35.69,36,8064.625652
-38.71,23,8065.053019
-32.31,37,8065.675825
-41.67,27,8066.123256
-44.48,30,8066.874012
-36.0,26,8067.3001
39.791537,23,8069.782605
-38.54,26,8070.199773
-40.92,28,8070.665423
-38.5,26,8071.103265
-35.14,38,8071.750369
-35.66,30,8072.243507
-41.58,22,8072.548543
-39.0,20,8072.863032
-35.23,31,8073.353552
32.462745,38,8073.846182
-38.99,26,8074.250944
32.752768,27,8074.731943
36.0,25,8075.380341
-41.69,25,8075.787057
-44.13,23,8076.173124
-44.09,21,8076.526765
-40.92,30,8077.131883
-35.63,29,8077.573935
-41.59,43,8080.17492
-31.78,32,8080.684048
35.200217,38,8081.348169
-39.0,21,8081.702252
32.472222,44,8082.437942
-33.0,28,8082.936962
-35.47,31,8083.38187
-34.75,28,8083.752196
37.407322,23,8084.07177
32.434402,33,8084.570155
-32.43,29,8085.006175
35.57529,26,8085.437676
41.17037,21,8085.839662
-35.29,43,8086.569534
-44.21,15,8086.868133
-37.87,28,8087.34856
-31.64,24,8087.75296
-38.48,21,8088.112018
-42.0,26,8090.375199
-40.33,30,8090.872368
38.193939,22,8091.235809
-36.0,28,8091.714623
-44.85,17,8092.044903
-38.37,20,8092.368066
-37.33,31,8092.899974
35.226322,26,8093.293997
-35.16,28,8093.672704
-44.19,31,8094.379904
32.559524,40,8094.966662
-46.87,23,8095.307783
32.284768,29,8095.826624
37.39473,26,8096.259928
-35.3,24,8096.685516
33.0,26,8097.115934
-41.32,24,8097.569014
-32.74,28,8098.03524
37.849485,39,8098.626323
-35.05,31,8101.03073
35.803279,25,8101.510094
-34.76,26,8102.328853
-41.56,20,8102.649355
-36.0,31,8103.190099
-41.33,23,8103.56813
-47.56,17,8103.848737
-33.0,29,8104.263409
-35.05,29,8104.658182
36.0,24,8104.998214
-32.48,43,8105.555583
-41.74,22,8105.906828
-41.13,22,8106.278598
-42.0,21,8106.633842
-35.4,30,8107.150917
36.521638,26,8107.601044
-32.55,39,8108.249304
-44.11,27,8108.725459
-41.04,25,8109.078874
-38.0,27,8111.333711
-35.96,25,8111.749214
-39.0,33,8112.3023
-38.84,22,8112.657033
-37.51,25,8113.095941
-35.22,30,8113.638733
-41.3,23,8114.061651
38.463415,22,8114.384911
-34.77,29,8114.801646
-47.09,21,8115.166496
32.694545,27,8115.519892
-41.04,35,8115.993194
-35.87,32,8116.482682
-35.47,26,8116.985473
-32.18,26,8117.423275
-35.18,28,8117.908309
35.134259,30,8118.413572
-38.76,25,8118.830994
35.068841,49,8121.645934
-34.4,27,8122.116811
-48.0,14,8122.344627
-32.94,30,8122.864112
35.588015,32,8123.400669
40.651094,22,8123.780766
-36.0,39,8124.436897
-40.98,25,8124.858739
32.531915,29,8125.313595
38.018553,27,8125.716233
-32.81,31,8126.127801
-42.0,21,8126.409637
-35.09,52,8127.088442
-35.29,23,8127.462476
41.44525,32,8128.03893
-43.47,23,8128.669731
-38.24,28,8129.140913
-38.5,36,8129.653536
37.554631,36,8132.084225
-45.0,25,8132.524274
-38.48,22,8132.889403
-38.16,24,8133.276068
-32.26,32,8133.821404
-38.05,30,8134.340121
-44.14,44,8135.07533
-44.37,32,8135.614133
-35.31,26,8136.027297
-32.44,32,8136.486961
32.484733,40,8137.092518
-43.7,24,8137.428799
35.189591,24,8137.74028
-38.3,38,8138.326476
-41.23,21,8138.705395
-36.0,24,8139.144199
-40.69,25,8139.539871
-38.91,25,8139.886578
-44.23,25,8142.237679
-38.84,28,8142.762812
-39.0,29,8143.258193
-37.56,24,8143.66722
-32.24,34,8144.239597
-43.92,28,8144.715924
-39.0,25,8145.145619
-40.84,31,8145.910933
-38.79,29,8146.393552
33.0,38,8146.949568
33.0,31,8147.387152
-41.62,22,8147.684359
-40.68,26,8148.045441
-35.82,38,8148.594515
-38.47,29,8149.071513
-45.0,18,8149.305782
-32.64,29,8149.711036
-38.34,23,8150.079619
-38.69,23,8152.18239
-32.59,26,8152.607988
35.197708,29,8153.085679
-32.13,29,8153.582379
-47.54,20,8153.932599
-35.5,33,8154.461881
-33.0,34,8155.251909
-44.47,32,8155.778449
-42.0,26,8156.235189
-44.64,28,8156.697664
-32.65,28,8157.166492
-33.0,26,8157.599314
-40.98,32,8158.102076
37.537618,66,8159.005934
-35.58,22,8159.323517
-38.04,25,8159.686216
-38.71,34,8160.130438
-35.08,33,8162.565025
35.643137,29,8163.033857
-37.98,28,8163.542892
-32.18,33,8164.112975
-35.9,48,8164.908909
-35.07,42,8165.621829
-35.82,28,8166.123466
-41.42,18,8166.423384
-32.38,44,8167.158353
-41.37,31,8167.694314
-38.73,28,8168.205402
38.108225,20,8168.525981
-38.42,28,8168.907606
-38.88,21,8169.209375
-41.64,28,8169.589296
-35.99,30,8170.016131
-37.63,28,8170.554293
-39.0,31,8173.179238
-39.0,22,8173.554425
-35.04,24,8173.959466
-32.39,26,8174.40751
-35.36,25,8174.818471
-38.37,25,8175.236936
-44.75,19,8175.562745
-36.0,27,8176.040543
-32.45,30,8176.542044
32.292857,38,8177.172931
-38.14,27,8177.639459
-44.21,19,8178.003867
-44.4,23,8178.400934
-44.03,27,8178.866673
37.976236,24,8179.201365
-40.72,29,8179.616097
-44.91,27,8180.006087
-41.92,20,8180.282548
-44.66,51,8183.140739
-32.42,43,8183.876146
-38.08,33,8184.468454
-35.34,25,8184.918643
-44.29,23,8185.311808
-32.5,34,8185.853872
38.451128,26,8186.313415
-39.0,41,8186.986232
-35.29,26,8187.45251
-36.29,29,8187.955111
-44.8,20,8188.337131
-38.24,29,8188.823702
-39.0,32,8189.49813
-38.94,27,8189.842883
-38.71,28,8190.255024
35.275194,32,8190.679932
-43.12,24,8190.988762
-40.3,39,8191.470953
-36.0,31,8193.901587
-37.49,28,8194.358555
-31.92,29,8194.840453
-38.47,25,8195.24238
32.320833,30,8195.782446
35.158915,27,8196.224602
-35.5,45,8196.972865
-32.46,28,8197.468111
-40.53,26,8198.090934
-41.71,17,8198.403505
-42.0,33,8198.955374
-38.23,20,8199.265599
-33.0,31,8199.767477
-46.54,28,8200.214309
-34.48,30,8200.596579
-35.54,26,8200.941172
-42.0,150,8204.982323
34.259398,33,8205.534451
-40.8,25,8205.959658
-39.0,24,8206.4036
-38.5,28,8206.94741
-41.13,26,8207.61686
35.113281,36,8208.17827
-39.0,23,8208.593503
-36.0,25,8209.077858
-38.45,26,8209.5644
-38.78,30,8210.092742
-38.35,36,8210.680913
35.005636,40,8211.257203
35.56,40,8211.773998
-38.7,20,8212.019884
32.051383,28,8214.225342
-41.35,22,8214.617818
32.080169,35,8215.19504
32.168919,41,8215.930753
30.0,36,8216.484848
-39.92,41,8217.157913
34.726648,25,8217.552624
-36.0,26,8218.018764
-47.2,21,8218.397898
-38.33,29,8218.879983
-41.12,25,8219.326539
-44.76,26,8219.777603
-41.48,27,8220.219533
-33.0,27,8220.671892
-38.58,24,8221.092874
-42.0,23,8221.497052
-37.64,42,8222.04579
-38.85,34,8224.285317
-33.0,30,8225.013552
-43.99,31,8225.538594
-44.31,24,8225.95247
-35.53,28,8226.40103
-41.06,29,8226.880589
36.0,29,8227.395508
-35.4,34,8227.926893
-38.55,44,8228.690104
-41.26,22,8229.030228
-35.35,31,8229.556275
-43.83,19,8229.881387
-37.96,30,8230.398222
-36.0,37,8231.004488
-41.54,26,8231.334507
32.801471,39,8231.980222
-37.94,32,8232.437661
-36.0,40,8234.926371
-38.28,34,8235.487982
-32.71,26,8235.902848
-34.98,34,8236.497643
-41.14,31,8237.033447
-38.84,26,8237.520716
-36.0,25,8238.168611
-39.0,29,8238.673335
32.32766,29,8239.197297
32.772414,29,8239.701663
-38.81,25,8240.11904
-44.9,23,8240.510804
-35.04,30,8241.08221
-41.86,18,8241.37623
-42.09,20,8241.724685
-41.6,21,8242.072428
-40.1,36,8242.660156
32.758755,32,8243.21138
-42.0,22,8245.236268
-32.63,39,8245.974453
-35.27,25,8246.394097
38.273723,24,8246.791663
-40.57,31,8247.302155
-35.86,37,8247.944614
-40.86,26,8248.381671
-44.58,32,8248.89795
-42.0,20,8249.216348
-38.91,24,8249.632611
-32.34,32,8250.129688
-44.07,21,8250.69416
-39.0,30,8251.400926
-42.0,22,8251.803124
-41.86,22,8252.177892
-35.37,50,8252.955093
-43.9,17,8253.231525
-38.55,32,8253.751641
-44.67,26,8255.875607
-35.73,38,8256.46193
-35.6,46,8257.206467
32.47482,32,8257.755299
32.801858,35,8258.322464
-35.39,25,8258.743738
-35.02,20,8259.058486
-38.45,34,8259.632933
-41.02,21,8260.198054
-41.64,30,8260.665672
-35.52,30,8261.188612
-39.78,33,8261.748636
-41.24,31,8262.27019
-35.71,23,8262.66012
-44.31,20,8262.993942
-44.12,16,8263.28395
35.795276,41,8263.943266
-39.0,26,8264.295635
-39.0,25,8266.397381
38.355469,46,8267.186687
-42.0,26,8267.658126
-39.0,27,8268.120539
39.0,21,8268.47935
35.398496,30,8268.984894
-41.18,20,8269.322519
-32.15,34,8269.888398
-35.55,28,8270.324467
-38.43,24,8270.738567
40.435694,28,8271.217537
-38.57,24,8271.613132
-44.18,17,8271.927275
-41.56,29,8272.411246
-41.08,31,8272.958967
-41.33,40,8273.611515
-33.87,29,8274.086599
-39.0,22,8274.413822
-41.5,26,8276.515175
-35.91,26,8276.854596
-39.0,24,8277.405149
34.826564,26,8277.864818
-41.17,23,8278.651493
-41.61,24,8279.122079
-41.42,27,8279.576639
-38.33,28,8280.04529
40.787814,20,8280.456794
-36.0,29,8280.938068
-42.0,17,8281.24194
-35.82,40,8282.383341
-41.25,26,8282.798533
-41.3,26,8283.361462
-32.44,30,8283.872154
-38.18,33,8284.415004
-44.69,23,8284.800818
-35.24,36,8285.381231
32.573333,30,8285.7925
-41.18,24,8287.982392
-44.5,51,8288.786117
-32.27,31,8289.268869
-39.0,33,8289.775814
-37.96,37,8290.378655
-35.62,30,8290.914946
-38.0,33,8291.485674
-41.51,21,8291.871255
38.508721,29,8292.375082
-37.51,36,8292.87158
-35.77,28,8293.337867
-36.0,30,8293.852718
-38.39,26,8294.299917
-37.74,31,8294.808084
-32.72,49,8295.562757
-32.57,34,8296.07534
-41.64,28,8298.237569
-42.0,24,8298.534761
-35.55,29,8299.021269
32.3663,31,8299.523962
37.393536,30,8300.029114
-40.99,28,8300.49261
-44.51,23,8300.903054
-32.83,38,8301.50304
-32.41,45,8302.262702
-32.65,35,8302.830899
-40.93,25,8303.379977
-38.56,28,8304.16241
-32.91,34,8304.766219
-39.0,33,8305.353454
32.169884,33,8305.848992
-38.17,27,8306.26947
-41.56,31,8308.710164
-38.41,25,8309.122032
-33.0,36,8309.67216
31.661417,31,8310.236064
32.775801,31,8310.782875
35.876494,26,8311.280567
-38.29,33,8311.966688
35.043478,31,8312.540594
31.605263,45,8313.323851
-35.86,28,8313.791259
-38.44,27,8314.248941
-40.66,28,8314.715546
32.90146,18,8315.009137
-35.35,24,8315.411186
-38.88,32,8315.912965
-38.36,25,8316.305041
-32.7,29,8316.73795
-44.2,23,8317.066478
-43.39,29,8319.322224
-41.48,29,8319.734371
-38.19,32,8320.146573
-44.52,21,8320.479058
-36.0,90,8322.017763
-32.6,29,8322.517466
-41.7,24,8322.958312
-39.0,28,8323.393111
-38.5,25,8323.798342
-32.21,36,8324.416867
-38.43,26,8324.848493
-38.87,29,8325.346232
-41.9,33,8325.939608
-35.03,28,8326.381856
-40.42,30,8326.924795
-44.15,40,8327.525383
-41.21,27,8329.733118
-38.29,35,8330.233902
-41.15,20,8330.811254
-43.91,24,8331.46081
-41.46,25,8331.948962
-38.1,30,8332.450842
-41.52,26,8332.862338
-41.41,21,8333.21767
-35.3,27,8333.649071
-44.56,23,8334.06269
32.503205,30,8334.62805
-41.54,25,8335.076727
-35.35,28,8335.595551
32.196262,30,8336.065344
32.523649,43,8336.818003
33.0,32,8337.314234
-32.88,36,8338.306899
35.019629,32,8340.683667
-41.31,31,8341.116629
-44.14,22,8341.436417
-38.07,23,8341.751632
36.0,37,8342.323924
-41.91,25,8342.745058
-32.73,25,8343.246794
-44.26,24,8343.69456
-34.77,28,8344.177431
32.202952,47,8344.938952
-41.01,22,8345.294097
-40.31,26,8345.772444
-36.0,27,8346.311566
-33.7,41,8346.897501
44.174089,18,8347.140203
31.910596,28,8347.520671
-35.72,35,8348.018942
-41.27,22,8348.361765
-41.25,28,8348.824238
-38.88,34,8351.239463
-35.64,30,8351.628895
-40.63,44,8352.274792
-36.0,36,8352.884642
-35.7,32,8353.425478
-32.71,27,8353.865621
40.784748,45,8354.626038
-40.59,23,8355.023232
-33.0,25,8355.462042
-33.0,28,8356.169499
-44.28,24,8356.6857
-41.4,19,8357.238445
-47.29,25,8357.611268
-37.37,28,8358.029547
-32.43,29,8358.469981
-36.0,35,8359.018788
35.08658,24,8359.410458
-38.07,28,8361.779253
32.376761,29,8362.178103
-41.31,27,8362.579411
-37.78,22,8362.907242
-37.59,24,8363.229158
-38.48,24,8363.602148
-32.66,31,8364.121521
-44.5,23,8364.522608
-33.0,32,8365.062082
-40.59,25,8365.517674
-38.5,28,8366.062178
-41.14,32,8366.60967
-42.0,25,8367.021306
-39.0,22,8367.336589
37.780651,22,8367.661399
-38.14,29,8368.088515
34.56658,29,8368.573509
-41.19,25,8368.965764
-43.71,25,8369.370321
-38.61,27,8371.76686
35.655814,28,8372.191921
-37.62,19,8372.464344
-38.43,29,8372.839193
-41.47,32,8373.28668
-33.0,39,8373.81113
-44.15,21,8374.146907
32.316206,29,8374.630429
-37.51,36,8375.209565
-35.98,27,8375.67417
-32.59,28,8376.146557
-34.67,29,8376.652852
-32.46,46,8377.367808
-36.0,26,8377.802789
-45.85,36,8378.307914
-38.55,30,8378.755834
-35.46,28,8379.216774
-41.21,20,8381.799811
-35.1,25,8382.304913
-34.86,32,8382.926066
40.522045,21,8383.336527
-38.28,26,8383.860639
-38.2,23,8384.191193
-43.4,27,8384.631625
-35.71,35,8385.255406
-44.14,20,8385.605486
35.900826,27,8386.138658
-32.57,29,8386.642468
-43.97,29,8387.138769
-32.91,52,8387.941491
40.931888,29,8388.389959
32.206081,35,8388.908649
-36.0,33,8389.391465
-45.0,17,8389.659173
-41.29,24,8390.087177
-38.11,34,8392.535833
-34.96,26,8392.954905
35.054978,36,8393.485574
-44.38,25,8393.841985
-40.56,27,8394.221761
-34.62,28,8394.611398
-44.11,15,8394.819008
33.0,29,8395.280809
-35.3,35,8395.908464
-41.65,30,8396.654102
-41.41,24,8397.0814
-44.35,18,8397.4042
-38.63,23,8397.755437
-39.0,21,8398.087634
-38.66,28,8398.498119
-41.61,29,8398.928036
-41.71,21,8399.235785
-41.06,29,8399.702113
-38.31,25,8400.149195
-44.3,19,8400.476815
32.120623,27,8402.925779
-32.16,30,8403.440285
-32.22,28,8403.829695
-42.0,23,8404.16453
-42.0,24,8404.503599
31.518809,28,8404.895318
33.0,51,8405.696975
-41.68,33,8406.288754
-38.75,29,8406.737809
-44.42,21,8407.078648
-42.0,26,8407.525291
-40.8,31,8407.970617
-35.84,31,8408.692227
-39.0,27,8409.359236
-41.2,23,8409.699616
35.736111,31,8410.243994
-41.38,21,8410.595039
-36.0,35,8411.199468
-38.41,27,8413.605165
-41.91,33,8414.210786
-44.22,22,8414.525656
-38.15,30,8414.958658
-38.53,21,8415.256097
-37.31,24,8415.578423
-37.76,31,8416.02118
-43.82,23,8416.384087
-40.53,29,8416.91489
-35.2,27,8417.395635
-34.3,38,8417.994415
-40.86,26,8418.346055
-42.0,24,8418.688437
-44.78,33,8419.188564
-38.5,21,8419.501639
-44.25,29,8420.00116
-36.0,37,8420.640659
-38.87,24,8421.065686
-38.42,25,8423.396897
-32.69,31,8423.947763
-35.91,25,8424.363876
-38.62,26,8424.779111
-44.15,22,8425.075998
32.764912,33,8425.536755
-42.0,16,8425.741301
-36.0,38,8426.263276
33.0,29,8426.642434
34.32717,44,8427.328583
-42.0,23,8427.704998
-41.6,21,8428.010613
-38.42,24,8428.388411
-36.0,33,8428.99476
-37.97,31,8429.465288
-42.0,24,8429.904478
-41.75,23,8430.30044
35.125984,30,8430.863942
-32.57,104,8435.083196
-35.65,29,8435.598893
-41.14,24,8435.944624
-35.6,28,8436.351265
-41.17,28,8436.744405
-35.4,28,8437.126298
35.013793,35,8437.619891
-35.2,26,8438.052999
-43.67,26,8438.478193
-32.6,33,8438.994322
-41.91,20,8439.297262
33.0,26,8439.700058
-44.67,25,8440.086059
32.342007,29,8440.577749
-46.75,23,8440.944299
-32.21,26,8441.414446
-35.52,35,8441.992977
37.534219,43,8444.699866
37.548333,25,8445.13041
32.230508,34,8445.728931
-32.33,30,8446.196573
-38.23,42,8446.800101
40.957651,24,8447.132536
-35.24,30,8447.538848
-38.1,24,8447.874863
-35.73,31,8448.315423
-41.65,25,8448.701123
-38.76,26,8449.079142
-35.82,31,8449.611252
-37.85,29,8450.107347
-38.75,34,8450.682403
35.409836,23,8451.075139
-39.0,31,8451.622683
38.120743,29,8452.153799
-44.31,21,8454.457601
-42.0,26,8454.911958
-34.62,38,8455.551242
-35.57,25,8455.945517
-32.76,38,8456.592815
32.324818,30,8457.013664
-32.52,35,8457.49526
-40.36,29,8457.895029
32.18662,28,8458.258991
-41.92,24,8458.585463
35.518868,26,8458.956187
-38.44,42,8459.537834
35.266917,29,8459.982184
-40.92,22,8460.6155
-39.0,27,8461.287002
-35.36,40,8462.158329
-38.3,29,8462.650118
-42.0,21,8465.145858
-41.33,23,8465.549743
-41.81,21,8465.918268
-35.1,28,8466.359844
-38.33,26,8466.797156
-35.71,32,8467.355427
-37.97,30,8467.806832
35.346154,45,8468.422496
-42.0,19,8468.678164
-32.91,27,8469.018676
-42.0,24,8469.324298
-41.55,23,8469.617372
-41.6,29,8470.059587
-35.24,32,8470.520412
35.213816,33,8471.055285
-41.81,25,8471.515046
-43.77,37,8472.132466
-32.33,61,8475.120098
-37.98,25,8475.56274
-38.62,30,8476.061536
-38.43,24,8476.462458
-39.0,34,8477.077453
-32.3,30,8477.595142
37.516001,30,8478.120172
-36.0,38,8478.649983
-35.71,26,8479.005291
-35.94,26,8479.318675
-32.44,46,8479.91032
-34.49,27,8480.271523
-44.97,23,8480.634892
37.142323,31,8481.162657
32.432692,25,8481.565067
-35.66,29,8482.035998
-32.38,32,8482.528693
-38.0,35,8485.047682
-32.34,32,8485.609051
37.295752,25,8486.006562
-41.38,32,8486.992829
-35.24,28,8487.436462
-42.0,17,8487.683121
-38.61,31,8488.227675
-38.51,29,8488.690062
-38.89,25,8489.105954
-38.81,34,8489.609595
-32.02,34,8490.036111
-41.32,31,8490.412336
-35.6,25,8490.731336
-38.79,26,8491.033892
-44.81,25,8491.376572
-38.12,37,8491.97769
32.211864,34,8492.578843
-44.52,33,8495.096117
43.74313,15,8495.348316
-44.76,26,8495.797206
40.86864,30,8496.292525
-41.58,23,8496.662066
-36.0,22,8497.046973
-36.0,34,8497.605333
38.410194,30,8498.116974
-36.0,24,8498.569746
-39.0,26,8499.040149
-41.3,35,8499.643313
-34.85,41,8500.248211
-38.58,30,8500.632298
-35.35,33,8501.023678
35.311003,27,8501.390956
-44.36,24,8501.666317
-45.0,21,8502.005465
35.059093,30,8502.52232
38.52069,28,8502.962736
35.902778,28,8505.204108
-43.61,22,8505.505137
-41.6,29,8505.997787
-32.11,30,8506.506158
-32.6,35,8507.131281
-44.77,25,8507.577561
35.634763,31,8508.130635
-38.45,29,8508.592067
-35.91,28,8509.054822
-43.7,25,8509.508605
-37.92,31,8510.015755
-37.74,30,8510.538916
-41.02,37,8511.019929
-32.66,36,8511.445344
32.391111,35,8511.858932
-35.8,29,8512.336276
-38.96,25,8512.873219
-38.8,31,8515.447097
-40.52,52,8516.339454
-42.95,34,8516.954341
-44.15,35,8517.508645
-38.38,32,8518.038254
-43.58,27,8518.444936
-46.83,31,8518.967088
38.792545,27,8519.499372
-39.94,29,8520.046261
-44.06,20,8520.425759
-42.0,29,8520.928046
-36.0,24,8521.306975
-43.75,28,8521.68916
-42.0,24,8521.99304
-42.0,28,8522.333084
-43.29,24,8522.61062
32.190625,35,8523.047707
-43.96,19,8523.296262
-38.06,25,8525.623574
-32.73,27,8526.070536
-44.9,25,8526.474786
35.457492,30,8526.989643
32.874016,35,8527.589067
-45.0,23,8527.98006
-34.38,48,8528.812982
-41.5,25,8529.246043
-38.79,25,8529.701602
-41.07,29,8530.194364
-37.51,56,8531.17942
-42.0,30,8531.680133
-38.1,21,8532.007865
-41.03,28,8532.360618
-38.8,39,8532.879611
-44.5,23,8533.155281
-44.82,21,8533.39581
-36.0,34,8535.812263
-39.0,33,8536.343694
-41.88,21,8536.700784
-38.02,22,8537.051137
35.269682,39,8537.713124
-41.88,35,8538.469429
-39.0,25,8538.949173
-39.0,30,8539.695529
-41.39,33,8540.255543
-41.27,24,8540.668198
-44.78,20,8541.030793
-35.63,26,8541.456082
-44.38,29,8541.976921
-43.99,21,8542.296508
-41.41,22,8542.614865
-35.49,30,8543.056924
-32.39,28,8543.384633
-32.61,31,8543.783795
-41.49,27,8546.068389
38.13014,23,8546.413954
-35.11,34,8546.985999
-42.0,26,8547.403137
-41.78,26,8547.857397
-41.05,17,8548.125336
-44.11,16,8548.404116
-43.79,29,8548.863525
-36.0,27,8549.302248
36.0,20,8549.66917
-39.0,33,8550.257905
-33.0,26,8550.679744
32.754513,27,8551.134404
-41.69,21,8551.466148
35.165441,27,8551.921339
33.0,30,8552.486197
-46.45,19,8552.789933
-45.0,24,8553.145353
33.0,29,8553.548364
-44.43,28,8553.937326
-45.0,26,8556.170404
-37.56,29,8556.681063
-35.21,31,8557.187927
37.367431,28,8557.706309
-38.69,27,8558.230626
31.84891,38,8558.883507
-38.68,28,8559.406732
-43.24,24,8559.770941
-38.14,41,8560.296909
-40.61,21,8560.591036
-38.37,44,8561.30018
32.359259,36,8561.922445
-41.79,25,8562.296899
-38.57,29,8562.732186
-38.61,27,8563.117981
-38.32,22,8563.429613
31.822097,31,8563.891464
-44.26,25,8566.254261
-32.27,32,8566.673301
37.428406,29,8567.083921
-40.49,22,8567.43728
-32.33,33,8568.071506
32.631579,58,8569.037868
-44.87,20,8569.395508
-46.95,41,8570.083298
-39.0,26,8570.541323
-39.0,52,8571.384957
31.926513,40,8572.11786
32.850694,30,8572.622604
-43.91,21,8572.942796
-38.46,67,8573.930508
-35.16,32,8574.38981
-34.7,44,8576.815807
-40.78,27,8577.192201
-41.13,25,8577.576086
-36.0,27,8578.023621
-35.5,33,8578.606744
-41.54,25,8579.037133
35.086614,24,8579.452744
-35.66,18,8579.725049
-38.54,38,8580.345632
-41.28,30,8580.858437
-35.43,31,8581.392687
-32.95,30,8581.893466
35.419023,28,8582.334842
-41.81,25,8582.76342
-35.03,22,8583.057284
-44.05,22,8583.400554
-33.0,34,8583.885135
34.783074,34,8586.289278
32.535055,28,8586.679632
-32.52,29,8587.099118
-38.03,31,8587.517619
-34.82,45,8588.169028
-39.0,29,8588.725328
-38.41,25,8589.230742
38.158088,27,8589.640453
32.514388,32,8590.255234
-39.0,24,8590.683863
-41.34,31,8591.402632
-41.02,24,8591.955972
-35.91,33,8592.634975
-41.5,29,8593.126925
32.262222,29,8593.574149
40.496086,21,8593.873461
-38.25,26,8594.271791
-39.0,23,8594.589029
-35.44,30,8597.005617
35.688976,24,8597.329913
-32.23,34,8597.806599
33.0,28,8598.175364
-43.82,43,8598.765715
-38.5,29,8599.225659
-35.03,36,8599.877859
-33.0,44,8600.620281
-32.91,26,8601.004489
-40.22,32,8601.525162
-40.92,34,8602.15667
-35.98,34,8602.721837
-38.65,50,8603.511302
-35.47,32,8604.025856
-41.07,36,8604.581349
-44.06,23,8604.924036
-37.99,33,8607.386388
39.95825,32,8607.842439
-40.43,29,8608.240295
-32.59,28,8608.611553
-41.76,20,8608.902338
32.382239,33,8609.385448
-32.22,30,8609.940119
-36.0,30,8610.438973
-38.99,22,8610.793339
-38.04,34,8611.347658
-36.0,37,8612.011985
-32.37,36,8612.666419
-41.45,20,8613.010316
32.3861,30,8613.445556
-41.37,27,8613.817058
-37.95,33,8614.298547
-38.24,26,8614.653451
-44.32,15,8616.823956
-38.24,39,8617.588542
38.313653,19,8618.070458
-38.88,38,8618.805086
-37.47,27,8619.159765
-38.13,22,8619.490472
-38.81,27,8619.862903
-40.71,21,8620.175127
-45.0,17,8620.433872
32.461059,25,8620.862222
-47.52,20,8621.249985
35.658462,25,8621.671586
-42.0,38,8622.344965
-44.09,29,8622.880902
-33.0,27,8623.429566
-40.33,54,8624.238876
33.0,26,8624.605356
34.897436,28,8625.048338
-41.64,27,8625.459068
-41.28,29,8627.964764
-38.58,29,8628.478156
-41.71,24,8628.88639
-41.76,23,8629.196512
-44.42,27,8629.57478
-43.58,28,8629.953811
-38.44,27,8630.307682
-35.81,30,8630.754684
-35.36,27,8631.237121
-35.28,43,8631.951479
-38.46,35,8632.596086
35.003906,27,8633.051061
-35.31,30,8633.540828
38.182841,32,8633.979296
-44.07,22,8634.323786
-41.89,23,8634.653316
-35.19,33,8635.176497
-44.08,20,8635.469966
35.902128,21,8637.902213
-41.2,24,8638.33194
35.646341,29,8638.853631
-41.5,26,8639.261646
-36.0,28,8639.643261
-35.91,24,8639.965306
-41.42,27,8640.328539
-32.58,40,8640.853968
-38.33,26,8641.241184
-32.03,51,8642.96805
35.501805,33,8643.763558
-38.14,27,8644.420178
-41.18,33,8645.027158
-41.81,19,8645.28785
-38.04,27,8645.69258
-32.31,29,8646.120763
-38.24,45,8646.827707
-37.92,20,8649.189198
-39.79,25,8649.635223
-38.01,35,8650.14195
35.357977,26,8650.525737
-35.37,25,8650.874161
-40.66,27,8651.243526
-38.63,40,8651.84768
-32.5,29,8652.352454
-34.84,32,8652.920419
-37.52,28,8653.431043
32.050388,32,8653.986989
-32.3,38,8654.671224
-44.85,27,8655.074144
-35.28,29,8655.50227
33.0,29,8655.928919
-44.08,15,8656.121284
33.0,35,8656.632625
-38.54,30,8659.138063
33.0,47,8659.899108
-41.97,24,8660.304749
-40.91,33,8660.76509
-41.74,26,8661.142949
-38.91,24,8661.48096
35.347222,36,8661.975942
-32.59,30,8662.424443
-41.15,28,8662.862104
-33.0,27,8663.36191
-38.87,38,8664.027562
-35.95,24,8664.497648
-41.58,23,8664.887749
37.670537,27,8665.298981
32.548287,33,8665.818384
-38.44,23,8666.123452
-35.05,29,8666.573629
34.994344,25,8666.9733
-40.12,27,8669.449229
35.6,26,8670.024523
-38.69,26,8670.47262
-41.29,25,8670.891983
-39.0,28,8671.557743
-32.47,35,8672.052935
-38.21,24,8672.395668
-39.0,22,8672.67871
-35.21,31,8673.163182
35.083636,30,8673.741498
-44.03,19,8674.092462
-38.61,31,8674.609046
-41.36,24,8675.039308
-38.72,28,8675.495605
-47.46,22,8675.842483
-44.37,22,8676.163854
38.058252,27,8676.564188
-37.73,35,8677.066777
-38.92,26,8677.574506
35.407258,25,8679.93079
32.61204,65,8681.03072
-40.81,26,8681.470636
38.788889,21,8681.791362
-44.23,23,8682.133924
31.833333,37,8682.717967
-38.86,26,8683.052162
-33.0,33,8683.501338
-34.72,28,8683.972091
-41.57,27,8684.469653
-38.54,27,8685.011327
-41.07,27,8685.455895
-35.56,27,8685.834513
-38.39,25,8686.23091
-32.5,28,8686.623176
-35.69,35,8687.13833
-38.5,83,8690.411791
-35.88,53,8691.250593
-33.0,34,8691.804628
-35.88,33,8692.311205
32.521401,29,8692.720544
-32.41,22,8693.048819
-35.88,29,8693.442352
-37.69,25,8693.778635
-36.0,27,8694.266556
-32.12,39,8695.027298
-40.95,25,8695.743233
-38.89,30,8696.226537
-43.64,26,8696.64966
-40.77,31,8697.461326
-41.07,23,8697.77771
-32.37,25,8698.22656
-41.58,22,8698.607345
-41.47,30,8701.065773
-41.65,31,8701.621009
-41.09,29,8702.161478
-44.69,19,8702.474617
-41.54,25,8702.923069
-37.79,30,8703.402582
39.0,23,8703.72383
-48.0,22,8704.032094
-41.49,28,8704.449
-35.26,41,8705.00262
-44.56,41,8705.547623
-34.77,34,8706.016722
-35.62,32,8706.470557
-44.44,25,8706.834168
-32.43,33,8707.348975
37.381216,21,8707.657301
-40.96,94,8711.111885
32.708054,31,8711.626576
-39.0,25,8712.035373
-33.0,26,8712.500635
-38.92,31,8713.058951
-35.6,25,8713.498655
-38.25,29,8713.988623
-38.11,27,8714.436318
-36.0,22,8714.750067
-44.04,32,8715.191898
32.559322,27,8715.591557
-35.44,35,8716.003596
-35.26,27,8716.386357
-44.75,16,8716.614422
-32.35,34,8717.129218
-36.0,27,8717.536814
-41.14,23,8717.907048
-40.74,24,8718.345536
-40.46,25,8720.696516
40.669312,25,8721.123674
-45.97,28,8721.587645
-36.0,34,8722.288904
-44.88,20,8723.019567
-32.55,31,8723.530496
-41.9,28,8724.345796
-43.64,20,8724.697042
-42.56,31,8725.16071
-38.09,30,8725.568611
-32.55,43,8726.224392
-44.6,25,8726.531192
-38.76,34,8726.938428
32.5,36,8727.457303
-42.96,26,8727.869843
-32.57,39,8728.440584
-41.75,33,8729.194767
-37.93,39,8731.899959
-41.5,22,8732.304712
-41.91,27,8732.736521
-44.43,23,8733.135062
-35.42,40,8733.771037
-41.09,34,8734.342303
-39.0,25,8734.742559
-42.0,24,8735.169971
35.728477,32,8735.64512
-32.94,45,8736.253395
41.211896,19,8736.510762
-35.76,24,8736.817724
-43.86,22,8737.089134
34.343281,29,8737.531949
-35.18,28,8737.918912
-35.76,27,8738.316474
36.0,30,8738.796003
-41.84,19,8739.11502
32.318182,34,8741.745123
-45.0,30,8742.285948
-32.8,27,8742.743888
-44.78,27,8743.190634
-35.76,45,8743.987463
-41.93,30,8744.495873
38.396364,28,8744.99878
-35.45,36,8745.576685
-32.79,55,8746.356314
-38.17,31,8746.767969
-38.07,29,8747.123883
-32.29,39,8747.660311
-42.0,17,8747.899209
-41.79,27,8748.310472
34.640637,36,8749.28405
-38.42,26,8749.709061
-38.91,21,8752.001115
32.492537,34,8752.594756
-33.0,28,8753.112276
-37.97,20,8753.468118
-38.8,30,8753.938405
-42.0,33,8754.514854
-36.0,41,8755.175906
-35.48,28,8755.666247
41.795745,25,8756.083642
36.0,25,8756.516046
-39.0,35,8756.989007
-38.32,27,8757.464284
-47.17,16,8757.685848
-35.77,32,8758.107307
-37.09,22,8758.375197
38.806691,24,8758.74393
-41.63,25,8759.172377
-41.87,19,8759.559732
39.0,19,8760.03818
-41.74,25,8762.917006
-41.16,33,8763.470117
-44.12,16,8763.723954
-38.96,27,8764.230184
-33.46,36,8764.838451
-41.78,21,8765.208677
-39.0,30,8765.713568
-40.96,36,8766.322392
35.221154,31,8766.864129
-38.74,41,8767.580771
-38.69,30,8768.019949
-32.09,29,8768.363008
-43.83,23,8768.685447
32.273859,31,8769.08847
34.958214,35,8769.542796
-39.0,36,8770.129031
40.054106,23,8770.496471
-34.86,25,8770.922415
-35.9,28,8773.059528
-44.24,19,8773.25789
-34.95,40,8773.9551
-43.76,30,8774.480361
-37.78,29,8774.999491
-40.72,27,8775.670842
-38.37,44,8776.605089
35.506024,24,8777.075702
-38.16,26,8777.489307
-35.61,34,8778.063615
-38.78,24,8778.472553
-35.32,35,8779.090518
37.533728,30,8779.575613
-32.85,31,8779.997725
32.117647,39,8780.511285
-39.0,28,8780.879793
-44.34,33,8783.226431
-40.66,26,8783.66449
-32.61,35,8784.259206
-32.46,38,8784.909517
-35.6,29,8785.369573
-38.77,27,8785.85228
-32.71,29,8786.324251
-38.76,21,8786.705609
-41.63,31,8787.193496
-38.43,33,8787.731341
32.008929,36,8788.334728
-38.11,35,8788.88441
-41.01,29,8789.302172
-44.21,18,8789.627091
-41.53,28,8790.087765
-35.85,28,8790.513772
-38.84,27,8790.897674
-35.27,37,8791.315135
-37.67,29,8793.605937
-38.95,33,8794.216891
-38.58,25,8794.668509
-41.31,23,8795.077568
-41.81,29,8795.584551
31.684615,27,8796.037766
-45.0,25,8796.47076
-41.34,26,8796.905544
-38.62,40,8797.596189
-35.14,37,8798.452781
-42.0,27,8799.016726
-38.56,28,8799.45892
-35.26,27,8799.939819
-43.17,33,8800.506997
-44.28,26,8800.939332
-39.0,35,8801.427539
-32.31,28,8801.981182
-38.88,23,8804.301008
-38.81,29,8804.761707
-45.0,19,8805.037287
-47.4,25,8805.455163
-35.43,38,8806.085523
-38.85,23,8806.480983
37.900663,24,8806.918217
-32.33,38,8807.652229
-44.12,24,8808.055728
35.39899,26,8808.471022
-36.0,29,8808.968518
32.34902,27,8809.421883
-37.72,31,8809.931504
-40.89,26,8810.332915
-38.88,25,8810.751196
-42.0,16,8810.997295
-41.04,33,8811.463488
-41.71,22,8811.741126
-41.06,41,8812.394216
-38.09,27,8814.530378
31.504255,58,8815.507498
-41.71,18,8815.841906
38.839552,27,8816.351987
-35.27,25,8816.766943
-38.31,36,8817.346014
-35.34,26,8817.777501
-41.47,36,8818.423665
35.018437,25,8818.856556
37.682321,27,8819.32457
-47.76,24,8819.729874
-45.0,12,8819.931394
-31.57,28,8820.4251
-41.68,19,8820.736574
-41.36,22,8821.135477
-41.38,26,8821.598773
-37.8,28,8822.047155
-41.6,51,8822.823128
-37.13,37,8826.399962
-41.07,21,8826.728791
40.6838,64,8827.802015
-41.78,32,8828.41211
36.97741,30,8828.92334
-38.79,27,8829.362328
-41.04,29,8830.319262
-35.04,26,8830.806201
32.44473,28,8831.299703
-44.46,28,8831.77978
-41.9,23,8832.1405
-35.04,30,8832.571463
-41.55,21,8832.86115
-32.88,33,8833.377557
-36.0,29,8833.784084
-41.18,30,8834.284867
-39.0,23,8834.661032
-38.23,23,8837.025738
-42.0,19,8837.314475
-40.95,29,8837.816018
-41.96,29,8838.652263
-35.38,41,8839.287414
-34.62,33,8839.879688
32.556314,44,8840.597475
-38.41,40,8841.273121
-38.78,24,8841.682479
-35.77,37,8842.240561
-38.51,23,8842.619072
-33.0,27,8843.02372
40.652613,33,8843.694259
-35.64,25,8844.09748
-41.39,27,8844.543688
-44.66,22,8844.908865
32.194444,33,8845.394972
-40.95,40,8847.89165
-32.51,64,8849.01246
-41.66,33,8849.559169
-45.0,18,8849.877646
-35.18,32,8850.399567
34.118327,36,8850.968045
-44.42,25,8851.36736
-41.96,31,8851.82819
-35.17,27,8852.216831
35.178451,25,8852.599916
-35.81,30,8853.050969
-35.22,22,8853.403225
32.390947,28,8853.859433
34.507237,28,8854.350256
-38.87,24,8854.760765
38.644444,21,8855.343981
-35.72,29,8856.134468
-41.06,24,8858.341394
-38.49,29,8858.821718
-41.18,21,8859.1664
-38.42,27,8859.594795
-35.35,28,8860.070803
-37.71,28,8860.560949
-38.29,32,8861.118693
-39.0,20,8861.488912
-38.52,29,8861.967868
32.101887,37,8862.544122
-41.64,30,8862.990239
-44.5,17,8863.25989
38.182917,53,8864.045946
-41.22,21,8864.406918
-41.62,25,8864.859415
-45.9,19,8865.160076
-38.07,27,8865.640896
-39.0,28,8866.113317
-47.48,20,8866.376743
-35.81,31,8868.685991
-44.57,24,8869.137086
-38.94,23,8869.605758
-38.52,25,8869.995965
-37.86,29,8870.471662
34.487255,36,8871.108204
-35.81,27,8871.544466
-38.47,26,8871.995394
-32.06,30,8872.442924
-41.67,35,8872.949361
-40.47,25,8873.335121
-38.76,27,8873.737126
-38.53,25,8874.134236
-44.49,19,8874.4644
34.365981,24,8874.866944
35.522145,31,8875.387454
-35.76,26,8875.804235
-38.53,25,8876.296743
-39.0,21,8876.646897
-35.04,33,8879.06973
-32.09,29,8879.60904
-41.23,20,8879.929955
34.816992,34,8880.524229
-38.94,29,8880.995115
-38.71,22,8881.46055
32.219331,23,8882.020508
32.716667,34,8882.573897
-41.13,35,8883.064117
-37.71,39,8883.646202
32.088068,36,8884.158731
-32.88,29,8884.546884
-35.61,30,8885.031783
-35.31,43,8885.845436
-42.0,27,8886.343144
39.974897,21,8886.684052
-39.0,31,8887.296761
32.441176,29,8889.526984
37.881614,25,8889.921519
-38.62,22,8890.296606
-41.67,23,8890.679622
-44.12,23,8891.209558
-41.12,31,8891.782847
-40.37,29,8892.267365
-39.0,21,8892.701579
-39.0,52,8893.484575
34.895742,31,8893.935225
-44.51,19,8894.203187
-32.34,28,8894.654279
-44.14,22,8895.018928
-33.0,27,8895.480726
-38.43,35,8896.091839
-42.0,17,8896.532188
-41.76,27,8896.99591
32.356083,35,8897.585832
-44.34,18,8897.85869
-32.11,33,8900.109614
-32.76,32,8900.624348
-41.26,39,8901.283317
-42.0,23,8901.664119
-40.87,21,8902.064934
-35.71,28,8902.569114
-41.4,31,8903.06459
-35.04,27,8903.477269
-39.0,23,8903.821254
-36.0,33,8904.362121
-41.5,20,8904.792818
-43.61,30,8905.308859
-32.88,29,8905.80007
-38.87,24,8906.216631
-35.43,40,8906.931294
-44.56,18,8907.227662
38.074906,20,8907.763781
-39.0,26,8908.264621
-47.24,19,8910.655507
-44.49,19,8910.948296
-38.84,28,8911.338268
-38.23,25,8911.7245
-38.35,27,8912.167067
-36.0,32,8912.738784
-38.64,23,8913.129459
-35.25,29,8913.56871
-35.2,26,8913.973523
32.32967,34,8914.453745
-38.07,27,8914.841946
-33.0,38,8915.38455
-39.0,25,8915.827201
-36.0,25,8916.245093
-38.8,22,8916.628008
-38.82,25,8917.060185
-38.7,50,8917.879916
-33.0,29,8918.344963
-38.55,37,8921.083857
-41.7,22,8921.447231
-33.0,25,8921.786078
-32.88,33,8922.339906
-32.93,42,8923.060231
-41.21,26,8923.474758
-32.61,31,8923.937109
-44.5,20,8924.244423
33.0,32,8924.696579
40.642678,24,8925.024976
-41.08,21,8925.36266
-32.07,40,8926.06199
-32.26,45,8926.827468
32.5,27,8927.280728
-41.37,26,8927.744381
-35.04,25,8928.158294
41.089655,21,8928.50506
-35.25,29,8928.980902
-38.91,25,8931.26953
-38.8,32,8931.753406
-32.86,43,8932.470704
-37.61,23,8932.883682
32.566038,43,8933.593955
-32.08,81,8935.079478
-40.93,27,8935.816744
-41.07,33,8936.44504
-33.0,24,8936.84773
-39.0,33,8937.379873
-41.42,21,8937.761935
32.065068,34,8938.415719
-42.77,27,8938.90368
-35.15,57,8939.818121
-41.21,25,8942.125249
36.0,26,8942.480196
-44.52,18,8942.751568
32.059028,32,8943.204386
-47.01,21,8943.559314
-38.33,61,8944.501786
-38.32,34,8945.016023
-38.62,34,8945.523464
34.290659,29,8946.024575
-41.57,30,8946.609212
-35.93,31,8947.136246
-35.32,30,8947.63118
-34.89,45,8948.371587
-35.13,48,8949.20267
37.967622,21,8949.571731
-38.86,24,8949.952344
-38.19,24,8950.361158
-41.31,22,8952.437335
-40.9,23,8952.725266
-44.88,34,8953.205435
-38.24,34,8953.709825
-39.0,25,8954.127465
-38.45,21,8954.49388
-41.25,25,8954.862214
35.344828,35,8955.368576
-38.42,25,8955.735849
-32.2,39,8956.294975
-41.28,40,8956.958387
-38.42,27,8957.390701
34.4949,24,8957.797736
32.585455,40,8958.455725
-40.67,22,8958.847906
-38.22,30,8959.317631
-35.83,37,8959.921503
-35.13,25,8962.415653
-32.32,30,8962.84696
-37.51,28,8963.258799
-41.07,21,8963.577603
-42.0,29,8963.995308
41.425389,40,8964.528484
-44.59,16,8964.755261
-41.8,21,8965.019397
-37.28,26,8965.403978
-41.67,34,8965.874425
-41.21,21,8966.182033
-41.64,22,8966.524793
-41.28,29,8966.978951
-44.85,19,8967.420382
-44.72,19,8967.705815
-44.02,26,8968.111059
-30.0,27,8968.618686
-41.66,24,8969.323051
-44.2,22,8969.680077
-32.79,30,8970.251714
-44.91,27,8972.621797
-38.31,32,8973.186518
-32.75,27,8973.625782
-43.96,32,8974.081197
-35.88,31,8974.498869
-38.15,26,8974.862053
-35.84,31,8975.269078
41.394737,17,8975.484377
-33.0,27,8975.86046
-41.68,23,8976.209467
34.284589,33,8976.70323
-38.34,41,8977.348697
-41.15,24,8977.803949
-32.28,30,8978.367342
-44.16,24,8978.80983
-38.09,55,8979.758552
-39.0,26,8980.201377
32.323232,31,8983.0443
-41.56,23,8983.417448
-35.11,32,8983.89221
-32.78,42,8984.478152
-38.41,29,8984.832448
-39.0,24,8985.193903
35.931507,29,8985.596277
-41.71,23,8985.927322
-41.49,19,8986.396597
-38.58,34,8986.925477
-41.6,26,8987.298163
34.453526,34,8988.310127
32.200855,27,8988.739334
-38.79,33,8989.296952
37.286429,27,8989.748993
-35.74,26,8990.174314
-37.39,20,8990.532513
-35.2,24,8990.962097
-35.2,30,8993.377829
35.325926,30,8993.848068
-41.41,20,8994.169075
37.701178,21,8994.481074
38.513013,43,8995.116905
-35.69,63,8995.974893
36.804879,35,8996.421074
-47.06,25,8996.809622
-40.66,33,8997.322473
-44.48,21,8997.634843
-44.56,20,8997.994146
-38.59,22,8998.362654
35.866667,37,8998.995919
-42.0,28,8999.466441
40.128874,23,8999.82796
-38.23,30,9000.34125
-40.64,30,9000.845729
34.596273,28,9001.354668
-41.09,24,9003.688148
33.0,29,9004.163086
42.0,20,9004.519005
-44.31,24,9004.922318
-42.0,16,9005.130162
-41.19,20,9005.45216
-35.04,21,9005.723656
32.9,25,9006.070904
-38.42,23,9006.359885
-41.19,26,9006.667513
-42.0,25,9007.00378
-39.0,26,9007.368031
-35.36,33,9007.83055
-44.05,25,9008.242863
32.54,29,9008.838995
35.286822,31,9009.380341
-34.82,52,9010.491917
-33.0,31,9010.980791
-32.94,30,9011.509091
-41.41,26,9013.914715
-41.5,32,9014.728307
-41.39,31,9015.354643
-42.0,24,9015.742841
-41.57,27,9016.206772
-32.91,26,9016.555402
-41.58,24,9016.85761
-38.9,24,9017.141032
-37.33,28,9017.467776
-38.42,27,9017.816633
37.544373,31,9018.215495
-41.58,30,9018.683603
-32.76,27,9019.140606
32.327273,33,9019.715396
-38.5,32,9020.250411
-35.64,33,9020.839388
34.155438,39,9021.509096
-41.98,27,9023.92202
-38.46,25,9024.366934
-45.0,18,9024.661116
-34.57,41,9025.369316
-44.46,22,9025.760202
-37.55,29,9026.250285
-39.0,29,9026.756829
-41.49,27,9027.156856
-35.62,32,9027.572651
-38.25,27,9027.902949
-41.69,25,9028.208548
-35.72,29,9028.610108
-39.0,21,9028.900778
36.807204,22,9029.339019
32.151899,35,9029.949645
32.841912,32,9030.508035
35.522167,22,9030.886779
-44.06,30,9031.467742
-38.9,25,9031.912912
-44.4,18,9034.129805
-41.79,31,9034.470573
-42.0,26,9034.756299
41.188953,23,9035.176229
-39.0,24,9036.375487
38.01578,28,9036.859369
-32.3,34,9037.453411
-38.44,20,9037.804491
-38.48,29,9038.203161
-41.67,23,9038.555374
-47.24,27,9038.930528
-32.8,26,9039.275843
-42.93,25,9039.777797
-33.0,51,9040.897205
-43.68,19,9041.238669
32.486207,39,9042.155432
32.048469,30,9042.678363
-32.02,34,9043.264581
-35.5,22,9045.594913
34.791215,34,9046.153063
-37.76,25,9046.575674
-42.0,24,9047.012467
-38.18,34,9047.585034
-38.79,26,9048.027279
38.826484,29,9048.472254
-35.71,25,9048.800696
-44.5,27,9049.206813
-35.55,37,9049.717128
-35.61,31,9050.081233
-44.73,22,9050.749872
-38.17,28,9051.160966
-36.0,33,9051.719269
38.091792,27,9052.160994
-44.54,23,9052.555324
-47.63,21,9052.921734
-36.0,30,9053.427861
32.262357,26,9053.914382
-43.52,25,9056.328274
-44.13,26,9056.747592
-38.62,23,9057.119461
-41.71,25,9057.529768
-40.07,25,9058.056007
-37.86,26,9058.545621
-41.43,27,9058.994806
-41.71,34,9059.512923
-43.91,26,9059.866279
-39.0,27,9060.210451
34.743557,29,9060.575306
-42.0,30,9060.911358
-47.18,24,9061.441483
-36.0,27,9061.876113
-36.0,32,9062.424616
-32.26,32,9062.948413
-35.09,50,9063.788357
-32.16,30,9064.278539
-38.9,26,9066.850015
-32.78,25,9067.292264
-32.74,36,9067.869938
-38.7,37,9068.709437
-34.56,30,9069.18936
34.454687,35,9069.886682
-41.74,43,9070.499565
-41.36,21,9070.766073
-44.13,94,9071.959634
-37.96,36,9072.499861
-38.17,28,9072.92927
-40.81,35,9073.502259
-44.24,22,9073.909702
-38.33,27,9074.371117
-38.22,31,9076.844546
37.445266,27,9077.279337
-42.0,20,9077.651642
-44.25,19,9077.975039
-42.0,24,9078.389801
-41.68,30,9078.943557
-44.42,25,9079.464508
-35.03,30,9079.969058
-42.0,26,9080.375234
-41.27,24,9080.774727
-41.41,27,9081.178063
-38.47,30,9081.590324
-44.66,25,9081.909464
-39.0,28,9082.285494
-36.0,31,9082.726551
-41.05,33,9083.849678
-41.47,21,9084.218117
-39.0,27,9084.667343
-35.0,26,9085.124526
-38.69,47,9087.908143
-33.0,53,9088.868562
-41.09,24,9089.302867
-39.0,27,9089.812265
-35.34,43,9090.581848
-42.0,27,9091.032299
-44.76,17,9091.297625
-38.72,31,9091.792122
-35.24,26,9092.172773
-35.36,28,9092.722932
-44.26,20,9093.095525
-40.78,32,9093.529695
-35.58,26,9093.919511
-38.2,30,9094.475605
35.513208,28,9094.973373
-41.93,30,9095.674128
-41.78,25,9096.108963
-35.58,26,9098.511759
37.069829,29,9099.105441
-42.0,26,9099.531073
-39.0,25,9099.957839
37.823475,26,9100.414153
-43.36,23,9100.763984
-43.99,25,9101.172679
-38.51,25,9101.560293
-41.69,25,9101.948578
-32.0,33,9102.459894
-35.08,39,9102.938958
-33.0,31,9103.356709
34.713751,32,9103.836295
-32.1,31,9104.266149
44.580508,24,9104.59886
-41.29,21,9104.936435
-36.0,48,9105.735986
-35.48,26,9106.167817
-39.0,20,9106.563174
-44.29,17,9108.774852
-41.69,23,9109.179399
-43.36,20,9109.515247
-32.12,34,9110.121649
-36.0,30,9110.640745
-33.0,31,9111.156232
-45.0,27,9111.547162
-47.82,23,9111.865933
34.802113,26,9112.241401
37.653187,24,9112.574459
-41.26,32,9113.01374
-41.81,35,9113.490279
-45.0,25,9113.804176
-40.47,26,9114.182375
-41.16,27,9114.576098
-40.73,30,9115.012167
38.545833,25,9115.45229
-33.0,26,9115.991248
-41.76,17,9116.271827
-40.94,24,9118.691109
34.602299,24,9119.090981
-42.0,21,9119.475468
-44.71,21,9119.762222
-34.66,29,9120.218046
-39.0,24,9120.65086
-38.28,27,9121.312909
-42.0,24,9121.73554
40.179969,28,9122.196693
-32.63,33,9122.685333
-38.75,31,9123.132232
35.335849,29,9123.563825
-35.45,31,9124.002653
-35.99,27,9124.358581
-35.28,28,9124.745147
-35.94,31,9125.185236
-48.0,39,9125.734782
-41.07,25,9126.141754
-38.02,22,9126.495735
-30.0,34,9129.035139
-33.0,33,9129.583833
-35.15,28,9130.102094
32.366197,33,9130.658549
-41.01,23,9131.077972
-38.77,35,9131.664333
-38.8,27,9132.163383
-44.49,30,9132.616283
-38.91,26,9132.997503
-35.89,29,9133.436365
-35.5,35,9133.958015
-42.0,26,9134.350402
32.75,34,9134.866017
-41.91,31,9135.307579
35.115928,41,9135.902786
-38.18,28,9136.292768
-41.36,30,9138.759322
-44.59,20,9139.112339
-44.24,23,9139.51293
-41.88,33,9140.06636
-38.31,35,9140.703397
-38.1,26,9141.106894
-38.45,22,9141.494908
-44.86,24,9141.898643
-41.98,31,9142.379881
36.643815,24,9142.730217
-41.23,32,9143.217401
-38.48,30,9143.90887
-32.59,34,9144.484564
-41.37,35,9145.110486
-35.57,34,9145.530874
-38.79,26,9145.939889
-32.62,26,9146.331704
-32.54,31,9146.768913
32.303347,69,9149.931104
-31.95,43,9150.75919
-32.53,36,9151.355291
34.751218,56,9152.3603
-41.31,20,9152.667676
-35.34,28,9153.112008
-37.74,31,9153.573686
-41.36,35,9154.143168
-38.26,29,9154.626882
-41.34,30,9155.120629
-35.87,46,9155.95247
33.0,40,9156.587216
-38.85,26,9156.945263
-38.44,29,9157.357661
-44.41,27,9159.679948
-34.92,34,9160.261987
-38.52,26,9160.735549
-39.0,23,9161.122339
35.303552,28,9161.597179
-38.11,32,9162.150444
-36.0,24,9162.539195
-38.73,27,9162.925914
-43.76,27,9163.34553
-38.74,23,9163.681835
-36.0,30,9164.117079
-42.0,37,9164.73209
-41.32,34,9165.318287
-41.75,30,9165.830039
38.091324,29,9166.537594
-38.76,30,9167.09109
-41.58,33,9167.555361
-41.26,24,9167.876766
-40.77,27,9170.269574
-41.6,29,9170.781554
32.902878,27,9171.242694
-34.42,32,9172.004986
32.622291,45,9172.772072
38.382239,25,9173.148593
35.004662,36,9173.930596
-38.48,31,9174.36219
35.053957,30,9174.899146
-39.0,20,9175.23077
-43.55,37,9175.929386
-40.74,30,9176.419554
-37.53,25,9176.828945
-35.05,31,9177.326558
35.62037,20,9177.676482
35.692913,35,9178.258355
-37.71,28,9178.619756
-43.46,27,9180.894671
-35.51,29,9181.391618
-41.49,20,9181.736037
-41.23,31,9182.282168
-38.27,36,9182.816067
-43.84,25,9183.208937
-32.22,47,9183.854475
-37.75,29,9184.332023
-32.81,25,9184.72641
-38.84,31,9185.433737
-43.76,23,9185.803533
-35.47,34,9186.37046
-32.25,40,9187.105332
-43.84,17,9187.406861
-40.74,22,9187.819281
-45.0,32,9188.487087
-35.8,26,9188.931395
-39.0,27,9189.340658
-37.99,52,9192.04879
-44.64,20,9192.373286
-44.61,17,9192.677758
-38.01,24,9193.034949
35.153992,29,9193.473772
-38.14,48,9194.170364
32.364431,55,9194.992582
-38.91,29,9195.603979
-41.17,25,9196.180251
-41.67,24,9196.595181
-44.31,42,9197.317863
-32.58,33,9197.835759
-35.75,29,9198.299956
-33.0,25,9198.728468
32.139535,29,9199.224833
-44.7,31,9199.843345
-45.0,20,9202.180146
-38.78,30,9202.690651
-41.93,31,9203.15718
-35.0,30,9203.609101
-35.5,29,9204.065115
35.526316,26,9204.43519
-38.44,28,9204.858403
-33.0,29,9205.30205
44.419847,16,9205.594367
-32.44,58,9206.583252
-38.94,26,9207.051118
-41.63,32,9207.603914
32.876596,25,9208.005742
-38.72,25,9208.440573
-38.26,27,9208.879041
32.011538,45,9209.640462
-44.1,26,9210.086354
-36.0,25,9212.282239
-35.76,28,9212.765686
35.096591,29,9213.274577
-40.59,25,9213.717398
-35.6,34,9214.189775
-39.0,25,9214.577101
-39.0,32,9215.088695
38.01845,19,9215.421139
-33.0,25,9215.796968
-35.65,25,9216.189847
-41.3,19,9216.491304
-40.69,28,9216.955343
-34.66,52,9217.822837
33.0,22,9218.20429
-38.88,30,9218.748055
-38.78,26,9219.230842
-35.82,41,9219.937294
-38.26,27,9220.372751
32.183673,38,9223.047567
-38.48,68,9224.256365
-41.08,27,9224.73038
-38.3,28,9225.141095
35.027344,25,9225.514322
-35.54,37,9226.070614
-44.9,25,9226.553793
-41.5,30,9227.250277
-32.12,32,9227.810071
-40.82,24,9228.252013
-38.43,27,9228.694372
35.800797,26,9229.144939
-32.67,26,9229.589201
-41.66,27,9230.029194
-32.37,30,9230.509474
-33.0,33,9231.164399
-32.24,29,9233.57062
34.7086,51,9234.335999
38.228137,25,9234.720795
-41.71,21,9235.064779
-32.7,29,9235.456057
35.52381,25,9235.821075
-47.04,25,9236.185882
32.649852,26,9236.566811
-43.42,28,9236.966767
-38.94,30,9237.527898
-38.36,34,9238.175021
-38.71,21,9238.626137
-38.61,31,9239.199944
-41.99,25,9239.657862
-37.8,29,9240.164803
-41.76,28,9240.632372
-35.58,26,9241.072109
-41.97,26,9241.504189
-36.0,26,9241.939341
-44.49,18,9244.118634
-47.24,29,9244.530789
-38.64,28,9244.90221
-35.05,39,9245.571842
-41.65,40,9246.181279
32.01145,37,9246.712032
-38.39,67,9247.71656
-32.53,30,9248.352596
-35.31,22,9248.797435
-44.88,20,9249.107897
-41.44,26,9249.563613
-40.92,32,9250.161932
-32.84,50,9251.00469
-43.66,25,9251.412475
35.076923,28,9251.893757
-41.79,37,9254.530237
-41.23,25,9254.904616
-35.07,27,9255.289573
-41.84,36,9255.766349
-34.76,31,9256.24679
-38.44,27,9256.651464
-46.36,30,9257.102895
-38.54,29,9257.516289
-33.0,36,9258.088978
-41.58,33,9258.672885
-35.61,42,9259.370975
32.025,30,9259.878127
-38.48,30,9260.371335
-32.13,35,9260.940098
-35.13,28,9261.452253
35.75188,22,9261.80336
-39.0,31,9262.361209
-39.0,24,9264.516046
-41.07,25,9264.866129
35.009196,35,9265.358691
33.0,41,9265.949498
-41.75,34,9266.432885
-43.91,18,9266.668137
-40.33,24,9267.024774
-35.26,26,9267.399133
-35.32,26,9267.771721
-41.35,29,9268.186529
-32.05,36,9268.781686
-38.8,28,9269.245176
-42.0,29,9269.704442
-43.25,26,9270.140098
-39.0,24,9270.537777
-41.27,37,9271.162113
-38.16,25,9271.582856
-38.05,31,9272.143314
-36.0,33,9274.710913
35.75,23,9275.086225
32.286195,28,9275.502124
48.0,13,9275.710585
-38.57,29,9276.108096
-35.91,27,9276.464212
-38.8,31,9276.92099
-44.28,21,9277.199394
34.885281,23,9277.530015
-38.34,32,9278.027952
-44.78,17,9278.297756
-41.83,32,9278.75931
-44.52,19,9279.23213
-38.57,41,9279.99552
-41.8,28,9280.419106
-43.53,19,9280.671204
-44.04,17,9281.058386
32.371212,51,9281.904481
-38.18,23,9282.269983
38.133858,35,9284.960328
-35.45,34,9285.638869
38.303342,45,9286.312133
-38.44,37,9286.805963
-41.68,27,9287.172432
-36.0,44,9287.84667
-33.0,33,9288.298782
34.537629,31,9288.743644
-38.02,39,9289.315602
-41.2,25,9289.696682
33.0,27,9290.126413
-41.06,25,9290.510624
-32.35,30,9291.01373
-32.13,30,9291.524702
-41.82,26,9292.272353
-38.69,25,9292.700163
-43.51,19,9294.979822
-41.46,23,9295.370681
-40.52,28,9295.819543
-32.28,28,9296.29534
34.656209,25,9296.691267
-43.06,26,9297.056174
33.0,31,9297.502343
35.70566,27,9297.818541
-42.0,27,9298.120829
-38.86,26,9298.405651
-36.0,26,9298.785716
-41.1,30,9299.234081
-41.5,36,9299.758949
-35.67,38,9300.638838
-32.56,29,9301.131068
-38.4,30,9301.645864
-36.0,32,9302.263839
-32.63,38,9305.547877
-41.43,27,9306.014528
-32.89,31,9306.54801
-32.14,29,9307.02296
32.074074,31,9307.469334
-31.67,26,9307.83287
38.109176,30,9308.216458
-35.0,28,9308.60623
-41.08,29,9308.957803
-47.82,19,9309.251214
32.27193,42,9309.872924
-41.3,24,9310.248785
32.112637,36,9310.894988
-41.88,27,9311.383878
-36.0,24,9311.780648
-41.04,24,9312.152666
33.0,33,9312.703149
-37.62,32,9313.203773
-36.0,28,9315.551708
-38.52,31,9316.104183
-35.45,38,9316.764925
-35.7,29,9317.245009
-32.74,40,9317.868237
35.4,23,9318.185948
-37.77,27,9318.577846
-35.8,28,9318.93977
-41.5,22,9319.220206
-38.62,27,9319.546052
-41.38,33,9320.01659
-45.0,26,9320.389785
-38.63,26,9320.834715
-38.68,25,9321.263197
-40.69,22,9321.650819
-36.0,26,9322.081196
-41.99,33,9322.649806
-40.48,27,9323.12002
-38.57,25,9325.468979
-38.91,23,9325.941939
37.619285,30,9326.618847
-44.11,21,9326.973591
-35.81,53,9327.849418
34.579576,27,9328.273114
-48.0,15,9328.477299
-32.31,36,9328.986155
38.421277,21,9329.233108
-32.51,36,9329.745552
-32.52,37,9330.677962
-32.28,27,9331.153427
-36.0,29,9331.65062
-41.12,24,9332.082194
-44.12,36,9332.687405
-35.21,29,9333.416117
35.513693,29,9333.883514
-38.82,29,9334.390791
-47.02,15,9336.58902
34.719331,25,9337.018321
-35.03,28,9337.456382
40.873988,31,9338.026015
-36.0,28,9338.558077
-39.0,26,9338.978577
-38.76,26,9339.382476
-39.0,40,9339.865611
-41.74,28,9340.169334
-38.63,29,9340.564596
-38.79,19,9340.782074
-44.38,20,9341.06215
-40.53,24,9341.444941
-35.58,26,9341.879041
32.010676,30,9342.462901
-38.58,29,9342.987102
-47.88,26,9343.440276
-38.38,22,9343.867122
43.757134,20,9344.215606
-38.7,30,9346.766204
-44.61,22,9347.13366
-32.67,30,9347.61409
-41.64,19,9347.987267
-38.62,28,9348.505258
-35.52,33,9349.091286
-35.87,39,9349.676908
-40.61,37,9350.128145
-41.27,28,9350.446769
-38.64,37,9350.884581
-38.91,22,9351.190082
-35.9,29,9351.585355
-32.18,31,9352.016331
34.084753,30,9352.769504
-35.51,28,9353.257312
35.902527,29,9353.743119
-35.42,27,9354.322297
-44.19,17,9354.598118
-41.91,23,9356.979156
-38.76,27,9357.475832
-39.0,30,9357.984927
-42.0,22,9358.349455
-39.0,26,9358.783071
32.514085,38,9359.419475
38.419708,25,9359.834952
-32.08,30,9360.288461
-32.71,27,9360.681522
35.13253,24,9361.053246
-39.0,22,9361.299058
-34.76,26,9361.850918
-40.85,38,9362.389154
-41.05,96,9363.77939
-37.3,26,9364.380672
-39.0,21,9364.716834
-32.2,31,9367.185126
-40.52,41,9367.869604
-42.0,21,9368.212547
-36.0,28,9368.658977
34.857895,28,9369.196094
-38.28,22,9369.596617
-32.72,28,9370.084687
-45.96,30,9370.513307
-32.08,37,9371.036785
-34.6,25,9371.425478
-32.68,33,9371.888742
41.385644,31,9372.309956
-34.72,27,9372.686181
-41.7,29,9373.085003
-37.55,31,9373.782162
-38.56,22,9374.175906
-34.9,28,9374.64794
-38.66,26,9375.107655
-38.42,34,9377.742629
-37.61,32,9378.409537
34.892788,30,9378.884375
-35.27,28,9379.365134
-38.08,41,9380.074663
-41.86,32,9380.549866
-38.97,26,9380.924442
35.1946,40,9381.550083
-38.21,31,9382.081023
-41.09,23,9382.438913
-41.48,32,9383.084539
-39.0,35,9383.545053
-35.34,30,9383.936741
-41.05,24,9384.355934
34.855039,29,9384.84618
-40.49,26,9385.281574
-39.0,28,9385.733481
-38.5,26,9388.10151
-35.09,31,9388.625426
-38.22,25,9389.06941
-41.16,23,9389.485408
-39.0,31,9390.050047
-38.68,40,9390.610364
-40.16,32,9391.082771
32.642066,34,9391.595008
-41.94,41,9392.245333
-33.0,23,9392.591329
-40.16,21,9392.90017
-32.48,31,9393.346534
-36.0,25,9393.68879
40.145823,22,9393.970908
-41.69,21,9394.265285
-41.36,24,9394.642773
-38.72,29,9395.108122
-41.61,24,9395.493356
-41.9,30,9398.247614
-31.97,25,9398.653777
-38.32,27,9399.099101
-35.56,25,9399.514763
-44.24,25,9399.92991
-32.19,42,9400.551213
-35.32,31,9401.005759
-38.6,21,9401.289922
-32.69,31,9401.753355
41.132432,19,9402.062751
39.0,22,9402.41386
-44.28,20,9402.818607
-44.49,22,9403.283396
-38.19,29,9403.683305
-44.66,35,9404.16419
-38.45,35,9404.668829
-43.96,30,9405.115541
-43.11,31,9405.596877
32.089744,36,9406.194146
-32.84,24,9408.757797
-41.06,25,9409.228804
-35.69,23,9409.623363
-32.78,34,9410.259108
35.01145,28,9410.665444
-39.0,25,9411.044482
-35.62,27,9411.425591
-38.04,27,9411.824945
-41.19,31,9412.28025
-35.64,45,9413.030885
-40.94,31,9413.555338
37.516128,29,9413.928115
-39.0,24,9414.270071
-42.0,19,9414.561726
-38.36,31,9414.976072
-40.94,28,9415.411474
-44.05,22,9415.778038
35.56044,27,9416.227989
37.561266,22,9418.725221
-39.0,25,9419.158275
-35.23,40,9419.775807
-32.22,58,9420.693289
-41.91,48,9421.416072
-43.59,17,9421.676196
41.25043,21,9421.988543
35.715328,43,9422.629317
35.688,31,9423.270299
-44.11,19,9423.596468
-34.96,29,9424.009243
-32.47,44,9424.614308
38.205915,33,9425.079181
32.854251,30,9425.549504
-39.88,31,9426.071445
-32.26,30,9426.590367
-32.9,31,9429.05431
-43.57,24,9429.664156
32.181818,30,9430.18507
-44.48,43,9430.906663
-32.81,28,9431.299543
-35.66,21,9431.637293
-38.8,23,9431.95925
-41.39,30,9432.407086
-38.74,22,9432.73429
-44.82,34,9433.359713
-38.21,40,9434.19504
-40.91,28,9434.63762
32.042705,28,9435.011466
-35.52,37,9435.514837
-41.36,25,9435.860028
-41.12,28,9436.269537
-32.33,46,9439.121104
-35.19,32,9439.700534
-32.65,40,9440.439361
-41.23,41,9441.087716
-41.25,24,9441.436573
-39.0,25,9441.870914
-44.07,18,9442.106043
-39.0,27,9442.509523
-34.93,30,9443.56485
-41.18,19,9443.887631
-32.3,31,9444.406039
32.752322,44,9445.121705
-41.98,27,9445.791482
38.0369,30,9446.197025
-34.56,37,9446.790922
-44.41,16,9447.022729
-32.5,28,9447.417157
-44.04,17,9447.73469
-44.46,23,9448.122756
-44.28,30,9450.53634
-33.98,28,9450.947719
-41.84,27,9451.349317
-37.84,25,9451.702704
-41.29,24,9452.032386
-38.62,35,9452.591518
-42.0,19,9452.926982
-35.25,29,9453.477771
-39.0,32,9454.065048
-41.91,21,9454.652728
-38.09,28,9455.161958
-42.0,34,9455.773526
-34.8,33,9456.36111
-44.32,23,9456.730568
-44.15,17,9456.991867
-35.68,34,9457.498434
-41.85,26,9457.865869
35.036765,30,9458.320302
-41.4,16,9458.607146
-43.99,21,9460.850959
-37.52,44,9461.782934
-44.16,24,9462.150604
-38.72,30,9462.600423
-45.0,23,9462.945984
-41.16,25,9463.474911
-32.61,41,9464.141425
-35.97,37,9464.730652
-40.62,27,9465.183925
-35.79,33,9465.776073
-35.45,42,9466.479896
-39.0,27,9466.921493
-37.81,33,9467.428351
-32.81,33,9467.885018
-43.95,25,9468.234379
32.382353,32,9468.684852
32.2607,27,9471.162738
-38.48,34,9471.718777
-33.0,29,9472.228886
-32.71,33,9472.724214
-38.83,30,9473.19766
38.062305,22,9473.728012
-35.74,36,9474.513603
-40.7,35,9475.261957
-38.73,34,9475.953782
35.724942,26,9476.464956
35.158088,27,9477.109693
-41.2,22,9477.591777
-41.4,20,9478.098625
-41.05,25,9478.635428
-38.84,31,9479.759831
34.856975,22,9480.040415
-32.31,42,9480.528897
-47.27,19,9480.857091
41.136531,23,9483.744326
38.857909,20,9484.308209
-38.25,28,9484.842889
-38.26,24,9485.330279
33.0,44,9486.098378
-44.5,41,9487.624554
32.412371,33,9488.62368
-39.0,26,9489.072692
-38.65,21,9489.599005
-41.19,28,9490.083869
-40.85,52,9491.022444
-38.96,37,9491.889226
-38.14,25,9492.251369
-35.1,26,9492.622143
-32.03,31,9493.178671
-39.0,30,9493.544936
-42.0,38,9495.889077
-32.53,38,9497.113298
-35.81,24,9497.485196
-41.13,19,9497.791469
35.084112,34,9498.443993
-38.75,30,9499.101796
-38.78,24,9499.534184
-36.0,32,9500.132488
-34.59,29,9500.630089
-38.83,39,9501.322283
-38.25,27,9501.829783
-38.81,32,9502.413001
-41.39,19,9502.759737
-39.0,28,9503.314243
35.628352,25,9503.776289
-38.3,37,9504.480089
-38.18,26,9504.942191
-38.38,26,9505.384433
34.998312,27,9508.070169
-39.0,30,9508.51794
-41.6,32,9509.002462
-35.39,28,9509.501293
-32.33,24,9509.919251
-38.44,26,9510.439983
-35.07,31,9510.987247
-35.1,26,9511.454736
-32.45,23,9511.917664
-41.95,22,9512.334389
-38.67,44,9513.963045
-38.8,21,9514.338425
-38.55,31,9514.876914
-36.0,22,9515.203532
-43.2,22,9515.652885
-41.73,33,9516.255872
-32.84,89,9517.905715
-38.62,31,9520.171001
-42.0,24,9520.532254
-47.87,15,9520.799115
-34.8,23,9521.172969
-42.0,25,9521.684515
-35.28,31,9522.507783
-44.88,31,9523.071349
-36.0,31,9523.631454
-47.9,21,9524.016108
-45.0,47,9524.905561
34.568441,34,9525.49856
-38.54,27,9525.994088
-35.13,22,9526.368635
-38.73,27,9526.900285
-44.71,33,9527.477282
-38.18,24,9527.959985
-38.68,30,9528.456916
-41.8,29,9528.982096
-40.84,32,9531.277288
-38.19,27,9532.433291
32.553279,31,9533.029376
-41.16,26,9533.52313
34.334183,30,9534.120933
34.703112,31,9534.710427
-38.21,24,9535.138094
32.674419,29,9535.65847
-38.9,26,9536.28195
-41.18,21,9536.691676
-38.41,30,9537.260432
-45.0,26,9537.755698
-32.48,32,9538.299529
-44.53,17,9538.618445
35.499497,23,9539.094673
-45.0,24,9539.559342
-37.94,41,9540.335794
32.118519,35,9541.193771
-32.81,34,9543.46514
-41.52,24,9543.909816
-32.09,33,9544.555516
-41.38,42,9545.319204
-38.62,25,9545.783813
-41.88,32,9546.325515
-38.6,35,9546.989346
-38.84,32,9547.633105
-35.39,24,9548.081135
-37.09,30,9548.802582
-32.64,26,9549.295794
-44.51,34,9550.186575
34.224544,30,9550.746798
-36.0,38,9551.464628
-38.91,24,9551.889654
-39.0,40,9552.612828
-43.82,31,9554.813278
-32.63,35,9555.467183
-34.81,33,9556.073601
45.0,16,9556.323503
-41.56,33,9556.913569
-35.63,32,9557.52199
41.572414,20,9557.883082
-38.66,31,9558.418896
-42.0,25,9558.907485
-37.23,26,9559.381717
-37.91,23,9559.820847
38.149798,26,9560.250899
-33.0,31,9560.826399
-32.8,32,9561.417555
-41.56,28,9561.926867
-35.94,25,9562.369392
-32.74,32,9562.941128
-38.59,29,9563.597391
-41.21,43,9565.97694
-41.36,31,9566.556942
-40.81,50,9567.513299
-43.38,17,9567.842741
-38.92,34,9568.470055
-46.42,26,9568.963147
39.796706,24,9569.440059
32.405738,27,9569.971238
-39.0,31,9570.35334
-35.88,32,9570.94823
-38.31,40,9571.734931
-44.1,22,9572.221783
-38.53,25,9572.655435
-38.69,30,9573.245127
-38.15,45,9574.082433
-43.76,20,9574.466654
-42.0,31,9575.054285
-39.0,26,9577.239918
-39.0,40,9577.807983
-32.32,34,9578.322471
-38.62,36,9579.08829
-42.0,24,9579.570817
-38.58,29,9580.089768
-40.53,29,9580.623792
-41.09,22,9581.01937
-44.6,26,9581.485319
-37.39,27,9581.984433
-32.18,36,9582.638756
-34.42,49,9583.533929
-38.76,31,9584.109451
-41.84,28,9584.610958
-40.88,23,9584.996752
-39.0,29,9585.525206
-43.93,23,9585.956078
-44.64,26,9588.224919
32.718045,35,9588.701295
-47.95,23,9589.071939
-41.43,26,9589.445133
41.29368,17,9589.717138
-41.93,26,9590.090631
-41.91,33,9590.634598
-37.61,29,9591.144266
-39.0,28,9591.680602
38.088547,32,9592.337253
32.105919,33,9592.93781
-43.9,28,9593.443572
-41.64,64,9595.315891
-45.65,26,9595.81763
-37.82,45,9596.807714
-38.32,32,9597.392671
-41.05,24,9599.822681
36.0,25,9600.259311
36.0,31,9600.782803
-38.69,27,9601.249756
-36.0,29,9601.690027
-34.89,26,9602.099091
35.21516,26,9602.524398
-41.57,20,9602.86387
-39.0,29,9603.451011
-32.42,35,9604.125127
-38.62,25,9604.598808
-41.54,25,9605.065186
-37.18,24,9605.476923
-32.37,28,9606.231018
34.351278,23,9606.573549
-33.0,35,9607.207368
-41.17,32,9607.760216
35.189512,26,9608.198346
38.084354,25,9608.584919
-39.0,27,9610.936738
-41.57,17,9611.26303
-41.79,21,9611.698756
-45.0,21,9612.074289
-41.45,30,9612.517286
-37.74,42,9613.128813
-41.59,27,9613.541021
32.817121,26,9613.917562
-41.06,28,9614.361829
-33.0,32,9614.9386
-32.06,27,9615.466785
-37.78,23,9615.973412
-32.35,32,9616.544304
-40.64,27,9617.039584
35.187234,29,9617.543022
-38.5,31,9618.084387
-38.15,20,9618.482201
-41.9,33,9619.045769
-32.29,41,9621.643087
-42.0,18,9622.003746
-35.59,27,9622.453871
-38.41,26,9622.908392
32.890845,28,9623.266125
-35.81,22,9623.496282
-32.42,30,9623.922876
-35.64,33,9624.732964
-38.4,28,9625.234523
-42.0,20,9625.559239
-35.04,24,9625.907237
-35.41,36,9626.457608
-41.38,25,9626.864864
34.289711,30,9627.402839
-41.69,21,9627.77765
38.423237,21,9628.175758
-41.15,28,9628.666274
-40.87,56,9629.773648
-33.0,38,9632.299613
-41.72,22,9632.710935
40.126113,38,9633.420159
-41.35,23,9633.898412
32.468401,27,9634.410893
-38.59,45,9635.478345
-38.85,28,9635.999695
-38.44,24,9636.402542
-38.91,43,9637.047834
34.518834,28,9637.458031
32.501805,55,9638.269422
-36.0,30,9638.802212
35.606061,56,9639.84475
-42.0,21,9640.293082
-41.06,29,9640.779018
-38.57,21,9641.030158
-41.58,22,9643.260653
-39.0,27,9643.67879
-40.55,21,9644.000487
-34.33,45,9644.832159
-41.06,20,9645.221688
-43.46,29,9645.793145
-41.15,24,9646.322555
-36.0,25,9646.724523
-45.0,19,9647.0722
-38.32,35,9647.606827
-38.88,26,9647.945174
-38.8,40,9648.62256
32.502075,31,9649.104934
35.07233,47,9649.798675
-35.62,29,9650.210351
-35.81,28,9650.636839
-43.69,25,9651.048453
-47.64,19,9651.449346
-38.41,32,9654.0077
-36.0,29,9654.466757
-41.78,26,9654.893104
-39.0,26,9655.30448
38.449393,34,9655.851817
-41.08,29,9656.315807
-41.33,20,9656.710144
-42.0,20,9657.061189
43.465546,32,9657.627829
35.031034,31,9658.176787
-38.62,31,9658.733121
35.260163,30,9659.308137
-44.17,26,9659.789276
-35.77,25,9660.179417
-34.31,35,9660.69196
-41.78,36,9661.244129
-41.13,43,9662.13011
-41.86,24,9662.492133
-43.46,18,9664.875902
-41.34,27,9665.318054
33.0,37,9665.88282
-38.32,27,9666.293889
35.369811,23,9666.618225
-36.0,25,9667.021087
-40.75,32,9667.62165
-35.81,29,9668.170989
-32.42,36,9668.817765
-32.83,31,9669.37771
-38.45,36,9670.044475
35.083601,23,9670.436354
-40.39,37,9671.113402
-33.0,69,9672.158338
-38.24,25,9672.513327
-36.0,26,9672.907177
-44.67,19,9675.336945
-41.88,29,9675.816381
-39.0,26,9676.227526
-35.56,30,9676.688258
-44.5,18,9676.969159
-39.0,35,9677.527137
-38.59,29,9678.039668
-42.0,30,9678.591022
-41.2,30,9679.15529
-35.63,31,9679.959047
-37.33,37,9680.6089
-41.62,27,9681.091237
-35.61,36,9681.774459
-41.87,25,9682.226454
32.569343,29,9682.679727
-35.51,54,9683.505192
34.921074,32,9683.976594
-41.5,28,9686.426285
37.814558,28,9686.87602
-43.81,20,9687.17908
-41.55,34,9687.722939
-37.51,45,9688.725526
-30.0,31,9689.294993
-44.11,88,9690.882969
-38.47,44,9691.704681
-41.76,30,9692.226158
-40.89,29,9692.728345
-41.2,27,9693.204911
36.0,25,9693.669004
-45.0,18,9693.968225
-40.17,24,9694.33979
-44.88,21,9694.64499
-41.32,19,9694.957589
-42.0,26,9697.864793
-37.79,36,9698.426015
-43.65,19,9698.715839
-43.89,25,9699.137085
-35.58,34,9699.751108
-34.38,34,9700.449818
-35.9,24,9700.88385
-35.03,38,9701.566506
-41.69,30,9702.081792
32.331878,29,9702.630908
36.0,26,9703.100379
-38.17,28,9703.613906
35.429104,35,9704.254037
-41.32,28,9704.784787
-43.98,30,9705.223938
-38.47,27,9705.870782
-38.03,33,9706.348684
32.576744,32,9708.81595
-44.61,24,9709.059132
-38.74,34,9709.388065
-38.16,25,9709.764268
-44.26,25,9710.192185
-41.06,33,9710.727866
35.582418,37,9711.315478
-35.13,28,9711.811817
-37.8,37,9712.488812
-38.62,33,9713.099485
-41.71,21,9713.474819
36.352246,32,9714.039633
-32.11,33,9714.678807
-44.94,24,9715.281089
35.161905,35,9715.800875
40.060249,34,9716.431779
37.049483,34,9717.069142
-41.3,20,9719.4018
-44.09,27,9719.970334
35.398773,26,9720.442327
-47.55,26,9720.881755
-41.05,23,9721.218264
-35.03,35,9721.793298
-40.5,21,9722.1627
35.514986,27,9722.592911
-33.0,23,9722.983737
-39.0,24,9723.417147
-41.15,25,9723.893511
35.327869,41,9724.654336
-43.45,19,9725.015621
-38.56,20,9725.401276
-38.87,26,9725.868052
-36.0,27,9726.365236
-44.35,27,9726.874875
-35.75,67,9728.136417
-38.67,26,9730.484855
-44.06,20,9730.834549
-44.46,19,9731.179488
-37.26,29,9731.682949
-43.82,24,9732.053884
-38.65,29,9732.511188
-42.0,21,9732.803006
-41.13,21,9733.122292
32.321285,30,9733.624547
-38.46,29,9734.427978
-41.72,30,9735.061297
32.019704,29,9735.59129
-44.51,18,9735.941326
-38.38,25,9736.384199
-41.12,24,9736.860143
-42.0,28,9737.376887
-39.0,26,9737.854388
-41.51,17,9738.175327
-42.0,17,9738.490952
35.360102,33,9739.103545
-32.73,35,9739.749746
-41.7,24,9741.988388
-39.0,25,9742.387231
-35.47,35,9743.272881
-41.38,27,9743.709933
-37.99,26,9744.111105
-38.27,28,9744.614038
-41.76,35,9745.130668
-44.17,22,9745.48902
-38.0,29,9746.107271
-41.81,34,9746.727599
-42.0,56,9747.725116
-39.0,26,9748.181699
35.38,34,9748.757146
-32.91,26,9749.239292
-38.13,24,9749.693771
32.612795,34,9750.307739
-35.44,35,9752.893744
-41.58,20,9753.216619
-42.0,20,9753.529541
-44.15,22,9753.929398
-32.58,27,9754.36038
33.0,29,9754.835201
-41.08,25,9755.226794
-41.31,26,9755.628178
-41.13,84,9757.10023
-35.68,29,9757.613707
-38.48,27,9758.08143
-38.34,27,9758.537663
-41.28,28,9759.038584
-35.39,33,9759.611682
-37.98,33,9760.305477
-47.71,33,9761.105804
-32.35,34,9761.728911
-38.88,22,9764.079562
34.82738,31,9764.562538
-44.41,22,9764.879574
-38.15,32,9765.391492
-41.75,31,9765.897069
32.783217,45,9766.557771
-38.11,21,9766.900254
-42.0,20,9767.262767
-38.39,33,9767.833916
32.417293,26,9768.345553
-41.88,25,9768.821895
35.760597,31,9769.327151
-35.48,28,9770.078378
-44.1,18,9770.434514
-39.0,25,9770.921996
-35.02,26,9771.386726
-37.67,42,9772.161963
-41.46,38,9772.81471
-41.51,23,9775.265519
32.121324,26,9775.673783
-38.06,36,9776.147598
40.362683,24,9776.498104
-44.48,20,9776.819436
33.0,32,9777.297493
-39.0,22,9777.627196
-38.43,27,9778.049618
-39.0,21,9778.440877
-41.43,26,9778.91235
-38.54,29,9779.446416
-38.56,27,9779.94372
-43.95,26,9780.410422
-38.71,41,9781.149055
32.719212,25,9781.602276
40.472395,35,9782.231659
-38.38,35,9782.882832
33.0,39,9783.596066
-41.4,40,9786.222502
-36.0,30,9786.649604
-43.69,22,9786.937351
-38.17,28,9787.354148
32.458204,33,9788.016032
-44.73,32,9788.679917
-40.46,36,9789.299443
-44.35,24,9789.722824
-43.64,16,9790.005837
-44.1,20,9790.357404
37.845817,34,9791.056107
-32.27,37,9791.736768
-41.21,22,9792.123887
-32.13,31,9792.655888
-38.81,31,9793.197372
-38.76,52,9794.16573
-39.0,32,9796.751009
-38.38,30,9797.180014
-47.66,32,9797.594182
-42.0,22,9797.838372
-38.63,28,9798.186642
37.356123,28,9798.57516
32.325077,51,9799.342298
-35.39,29,9799.855233
35.861017,39,9800.484601
35.105769,31,9800.988389
-38.92,29,9801.487741
-39.0,27,9801.943438
-35.52,37,9802.631393
-38.78,25,9803.048911
-44.84,23,9803.442732
-43.78,22,9803.829257
-40.29,24,9804.236382
-38.07,25,9804.654154
-38.04,28,9807.212576
-41.91,26,9807.584717
-38.41,25,9807.947386
-40.91,24,9808.253094
-36.0,33,9808.722298
-45.0,18,9808.979228
36.630673,28,9809.311718
-38.65,31,9810.192374
38.588745,21,9810.551105
-40.07,21,9810.928184
-38.39,27,9811.401936
-33.0,30,9811.899707
-35.4,34,9812.485322
-40.39,23,9813.036824
37.83824,29,9813.633679
-39.0,26,9814.089387
-41.24,34,9814.639695
-44.63,25,9815.049842
-43.23,21,9815.420225
-41.21,19,9817.705215
-35.14,26,9818.136879
34.246553,26,9818.458591
-35.26,26,9818.804968
-38.4,23,9819.07654
-38.34,39,9819.613971
-38.26,34,9820.04044
-44.13,21,9820.37325
37.872693,32,9820.904859
-31.93,31,9821.422617
-38.38,39,9822.30633
-41.2,28,9822.732181
-46.76,25,9823.136995
-39.0,23,9823.526168
-42.0,21,9823.870628
-41.12,22,9824.269221
-39.0,46,9825.456643
-37.54,30,9825.955226
32.584127,36,9828.665966
-41.31,26,9829.024541
-44.75,22,9829.327091
-41.91,22,9829.6168
-38.86,29,9829.975177
-38.16,22,9830.274427
-44.41,18,9830.537826
-37.55,34,9831.043077
-44.74,27,9831.487886
37.856127,24,9831.921478
-32.58,29,9832.412279
-32.12,24,9832.833729
-35.74,35,9833.503046
-32.1,37,9834.116615
-46.61,15,9834.407827
-37.24,24,9834.835959
-35.81,38,9835.51811
-38.4,23,9835.903561
-38.24,31,9836.425062
-47.19,15,9838.800938
-38.26,32,9839.302559
-34.68,24,9839.695506
-38.81,27,9840.110979
-33.0,31,9840.54419
-44.67,29,9840.960337
-32.38,36,9841.484455
-38.26,21,9841.749298
32.834586,44,9842.58507
-35.81,22,9842.965942
-38.07,23,9843.340672
37.822517,26,9843.798242
-40.79,37,9844.466976
-41.87,31,9845.045945
-41.56,28,9845.527058
-38.03,25,9845.971923
-35.73,39,9846.854282
-35.11,29,9847.361669
-32.25,30,9849.709907
-41.33,36,9850.253171
-39.0,22,9850.607002
-41.52,29,9851.043029
-35.04,28,9851.429923
-41.73,22,9851.70974
-40.91,38,9852.26988
-38.2,88,9853.616071
-36.0,50,9854.515758
-40.8,26,9854.957967
-41.2,24,9855.41543
-41.07,24,9855.852741
-44.27,28,9856.328769
-38.91,30,9856.830151
-44.39,17,9857.099057
-41.48,24,9859.567819
-36.0,25,9859.911024
-35.53,25,9860.286053
-41.27,22,9860.60868
32.371622,32,9861.168669
-34.37,30,9861.624245
-38.24,42,9862.275096
35.30264,38,9862.816675
-46.3,36,9863.359535
-38.41,24,9863.758299
32.901887,39,9864.609561
-41.49,46,9865.38104
35.85906,30,9865.850847
-40.93,29,9866.388361
-39.0,22,9866.770099
-44.33,20,9867.136304
-47.58,24,9867.55993
32.408935,44,9870.08851
-40.24,31,9870.537659
-36.0,20,9870.855605
-41.76,25,9871.184785
-40.89,24,9871.59862
33.0,26,9872.013186
-42.0,27,9872.407021
-45.0,17,9872.907445
-32.18,35,9873.417305
-33.0,37,9873.918935
-38.15,30,9874.399477
-39.0,27,9874.902746
-32.88,29,9875.420738
-40.04,37,9876.060102
34.306818,30,9876.584467
-35.21,28,9877.066054
-35.4,28,9877.562326
37.477338,27,9878.040923
-44.98,93,9881.392208
-42.0,15,9881.702879
-47.42,20,9882.037669
-35.6,30,9882.534885
-41.37,27,9882.915951
-39.0,33,9883.38976
-38.59,25,9883.742812
-45.0,22,9884.045374
35.123016,33,9884.498284
-41.5,23,9884.944867
-46.95,17,9885.233844
-38.29,31,9885.800187
-40.95,23,9886.256847
-38.27,40,9886.924032
32.625,40,9887.572509
40.100011,21,9887.936503
-31.97,38,9890.664651
-41.47,26,9891.022477
-37.91,26,9891.469996
-38.86,29,9891.905305
-39.0,34,9892.51205
-44.71,21,9892.898564
-38.76,23,9893.323181
35.124676,26,9893.742705
-32.18,42,9894.358799
39.0,19,9894.612713
-44.9,30,9895.055246
-40.62,39,9895.596115
-38.04,27,9896.079536
-40.76,27,9896.558294
40.430109,34,9897.126734
-44.16,24,9897.52753
-32.79,24,9898.167232
-38.62,27,9898.664425
-41.05,26,9899.107155
-35.8,22,9901.33231
-41.15,23,9901.681369
33.0,23,9902.086788
-45.0,35,9902.743343
-35.88,21,9903.141973
-41.87,27,9903.590188
-40.87,43,9904.331682
-35.52,32,9904.806016
-44.86,24,9905.149548
-40.96,28,9905.570315
-41.75,20,9905.853512
-38.14,40,9906.707564
-41.1,22,9907.109579
-44.1,55,9908.905908
-44.23,24,9909.306756
-44.03,28,9909.816508
-35.73,28,9910.285131
-46.72,25,9912.530532
-35.74,33,9913.092193
-39.0,26,9913.546013
38.487085,26,9914.012916
-35.36,28,9914.505181
-35.91,25,9914.919449
32.003774,33,9915.592383
-41.01,30,9916.143661
-32.48,32,9916.56656
32.396429,31,9917.550293
-35.83,26,9917.901926
-36.0,29,9918.382403
-34.86,34,9919.022122
-38.74,31,9919.543943
32.205521,32,9920.076465
-38.12,31,9920.562135
-35.64,22,9920.886249
-41.91,23,9921.248885
-38.44,31,9923.65969
32.5,33,9924.204596
-44.21,21,9924.568766
32.8,29,9925.060961
-35.82,26,9925.509094
35.297071,24,9925.906096
-41.46,23,9926.299614
-41.66,28,9926.758431
-40.78,24,9927.322781
-38.7,55,9928.058822
-40.81,38,9928.668844
-37.45,35,9929.185992
-41.11,30,9929.665971
-38.72,23,9930.095645
-39.0,31,9930.653922
-44.17,21,9930.972354
-41.01,32,9931.446573
-44.07,32,9933.8376
-40.25,27,9934.29486
-42.0,21,9934.614243
-38.5,26,9935.042054
32.162469,32,9935.602343
-41.4,23,9935.964285
-41.58,21,9936.320057
-47.33,18,9936.65722
-38.99,42,9937.371736
-35.24,25,9937.736034
-41.13,43,9938.345114
-40.82,30,9938.838694
-32.55,33,9939.281788
-41.3,23,9940.315605
-38.17,28,9940.781912
-41.32,35,9941.369086
-39.0,25,9941.777301
-30.0,30,9942.219413
-38.31,24,9942.575382
-38.14,31,9944.975134
-40.85,50,9945.86503
-34.27,27,9946.292357
38.317647,26,9946.745864
-37.95,25,9947.178057
32.155039,31,9947.917682
-41.49,16,9948.17206
-38.52,24,9948.506049
-44.59,25,9948.860614
-32.72,30,9949.262867
-38.14,23,9949.602293
-35.31,36,9950.253792
-33.0,44,9950.995084
-43.13,30,9951.463145
32.506276,28,9951.87968
-40.27,29,9952.309914
-36.0,29,9952.727277
-41.81,28,9955.111904
32.733974,28,9955.595757
-41.8,24,9956.007591
40.507167,42,9956.779122
-38.42,30,9957.287718
32.218391,26,9957.738414
-38.38,28,9958.212624
-37.47,29,9958.676586
32.004049,33,9959.159688
-38.24,26,9959.507826
-37.49,24,9959.842378
-40.67,27,9960.200412
-32.49,29,9960.617859
32.502165,27,9961.093272
-38.1,29,9961.522886
41.008523,25,9961.867489
-41.61,38,9962.562639
-32.59,29,9964.917974
-46.58,31,9965.4059
-35.4,28,9966.109918
-44.71,26,9966.554618
-39.0,27,9967.028846
-45.0,23,9967.410327
-41.4,22,9967.793659
35.338182,29,9968.277359
-41.18,75,9969.484477
-40.97,29,9969.937132
38.055762,22,9970.250649
-38.56,33,9970.695037
-42.0,26,9971.056998
-44.47,25,9971.434958
-40.41,25,9971.962484
32.800766,35,9972.714765
37.245616,27,9973.110077
-39.0,27,9974.098006
-35.7,39,9976.689165
-41.55,34,9977.281636
-41.81,20,9977.624428
32.461126,29,9978.094944
-38.15,31,9978.615134
-40.77,39,9979.312323
-41.92,29,9979.786711
-45.0,34,9980.37271
32.902439,27,9980.744869
-42.0,25,9981.090112
-35.06,31,9981.47536
-41.24,28,9981.826978
-35.37,25,9982.17511
-36.0,32,9982.641401
-38.84,42,9983.359163
-47.6,24,9983.771341
32.589226,39,9986.350459
32.380228,26,9986.776759
-41.34,24,9987.173652
-35.8,27,9987.617537
-38.27,26,9988.063059
-30.0,23,9988.450904
-39.0,28,9988.903089
-40.52,34,9989.502326
-43.9,31,9990.041871
-39.0,28,9990.723694
40.157622,17,9990.994591
-35.56,21,9991.277027
-34.59,25,9991.623246
-34.58,27,9991.981097
35.743768,53,9992.686177
32.737052,31,9993.122602
-37.87,27,9993.523533
-38.85,22,9993.893367
-36.0,24,9994.419044
-44.32,18,9996.689962
-40.95,29,9997.169202
-37.79,26,9997.776068
-38.13,25,9998.243744
-40.36,23,9998.639621
-41.0,26,9999.073695
-36.0,25,9999.481095
-38.17,23,9999.895068
-42.0,26,10000.355158
-40.57,23,10000.735548
-35.45,31,10001.250858
-41.47,25,10001.659976
-41.41,21,10001.969148
-38.64,33,10002.354743
-41.49,20,10002.587649
-38.87,38,10003.064487
36.756208,29,10003.407881
-38.5,23,10003.722492
-45.0,22,10004.124554
-39.0,26,10004.680027
-44.5,19,10006.929186
-41.54,25,10007.365703
32.542373,27,10007.824238
-39.0,26,10008.259132
-39.0,45,10009.042264
-38.4,24,10009.494219
-31.54,30,10010.008963
-40.39,32,10010.55966
-38.73,34,10011.112617
-41.0,31,10011.644779
35.243697,29,10012.112028
-38.41,28,10012.456912
-36.0,24,10012.764948
-32.92,36,10013.194083
-38.62,31,10013.533539
-38.63,45,10014.22766
-38.71,32,10016.774333
-38.38,26,10017.225833
-32.25,34,10017.772645
-41.86,32,10018.310225
-44.61,22,10018.702195
-41.59,32,10019.260404
-44.36,24,10019.661746
-38.07,23,10020.038976
-41.21,25,10020.452189
-38.34,26,10020.89033
33.0,35,10021.51102
-38.12,33,10022.254168
-38.61,68,10023.266962
-32.32,36,10023.698169
-40.61,26,10024.01236
-33.0,36,10024.405299
-38.31,39,10026.885164
-41.1,47,10027.678781
-41.4,23,10028.057225
-38.71,29,10028.538118
32.339623,32,10029.060594
-32.7,31,10029.587228
40.924868,31,10030.121862
-32.67,28,10030.625812
-35.9,31,10031.149939
33.0,36,10031.786071
-44.07,19,10032.117404
-36.0,29,10032.606425
-35.32,29,10033.034466
-35.37,36,10033.537062
-35.5,25,10033.823452
-44.64,21,10034.083461
-35.38,43,10034.630582
32.386617,34,10037.147281
-41.24,27,10037.583823
-35.6,34,10038.147727
-32.5,27,10038.579441
-42.0,26,10039.119725
-33.0,36,10039.73959
32.551724,43,10040.650521
-41.07,23,10041.075654
-35.07,24,10041.471591
33.0,27,10041.88452
-46.92,23,10042.307516
-40.88,27,10042.737178
-36.0,31,10043.22533
32.188341,35,10043.737258
-36.0,32,10044.212168
-37.92,39,10044.710247
-35.5,26,10045.065417
-32.91,31,10047.408836
-35.88,32,10048.159842
-38.16,30,10048.694867
-41.67,25,10049.140565
-41.05,30,10049.685111
35.485816,29,10050.201335
35.384615,27,10050.637522
-37.41,29,10051.12971
-38.25,23,10051.504527
35.705455,35,10052.142092
-41.52,21,10052.469404
33.0,30,10053.018375
-40.83,24,10053.412033
33.0,29,10053.829657
-41.7,25,10054.180107
-33.0,25,10054.525913
-37.79,27,10055.008435
-40.93,27,10055.40313
47.772222,20,10055.671451
35.619403,38,10058.026479
-38.99,28,10058.476327
-39.0,22,10058.861114
-41.31,20,10059.166676
-35.71,29,10059.652691
-44.27,25,10060.075396
-34.77,28,10060.528466
35.62782,30,10061.127598
-38.1,23,10061.513718
-44.82,28,10061.996996
-40.85,29,10062.477892
-32.09,28,10063.008999
36.0,21,10063.344043
-37.8,45,10064.159221
-32.31,42,10064.754616
-36.0,41,10065.596594
-36.0,39,10066.072411
-39.0,25,10068.358477
-32.91,28,10068.783311
-32.81,27,10069.293357
-36.0,25,10069.726746
-35.59,24,10070.154429
-44.68,17,10070.427967
-37.65,29,10070.906126
-40.99,24,10071.4542
-36.0,56,10072.617721
-38.51,32,10073.211578
-42.0,23,10073.604285
-40.94,24,10073.997843
-35.16,35,10074.521155
35.230189,36,10075.049249
-44.71,43,10075.796351
-39.66,27,10076.153002
36.0,25,10076.506419
-44.5,34,10078.865181
32.976378,37,10079.489103
-35.94,35,10080.054384
-35.62,34,10080.624863
-38.43,25,10081.074661
-41.54,21,10081.449365
-38.81,24,10081.853551
-35.71,32,10082.372742
-38.77,27,10082.859842
-35.68,27,10083.303243
-41.11,22,10083.676627
-46.91,15,10083.951642
-40.77,26,10084.370329
-44.04,28,10084.795282
-32.91,34,10085.351076
-41.85,22,10085.681407
-47.76,24,10086.063795
-35.73,23,10086.445642
-38.53,21,10086.799097
-35.81,28,10089.062242
-41.78,33,10089.634363
-41.8,28,10090.097725
37.357014,32,10090.652069
-41.44,23,10091.241195
-35.31,41,10091.896355
35.367273,36,10092.51645
-38.23,33,10093.128302
-38.35,31,10093.681725
-46.47,16,10093.95175
-32.2,33,10094.533748
-35.32,38,10095.085617
-36.0,24,10095.458023
-38.51,25,10095.829952
-35.77,35,10096.344106
36.0,22,10096.68021
32.009288,31,10097.210773
-41.27,20,10099.546664
-41.19,32,10100.071879
-31.75,25,10100.518802
-32.58,35,10101.146184
34.822246,29,10101.642454
-47.64,16,10101.92958
-36.0,35,10102.552001
-41.32,19,10103.697207
-39.0,31,10104.239157
-38.91,30,10104.730647
-32.61,26,10105.17346
-41.63,50,10105.902916
-43.36,19,10106.175505
-35.52,30,10106.601687
36.0,28,10106.993804
-41.0,34,10107.502018
-39.0,21,10107.863042
-38.91,39,10108.513285
-35.77,28,10110.470303
-44.8,19,10110.770508
-39.0,27,10111.134503
-39.0,26,10111.482393
32.295302,27,10111.862617
30.0,29,10112.295696
-35.7,31,10112.818222
-35.34,24,10113.221016
-41.37,29,10113.673706
-38.87,26,10114.13949
-35.3,26,10114.586643
-44.23,17,10114.845792
-41.15,21,10115.190407
37.818105,24,10115.619449
-44.37,22,10115.984749
-36.0,27,10116.378297
-37.75,30,10117.047015
-47.02,18,10117.31874
-38.14,23,10117.682653
34.927854,29,10118.126098
32.785388,36,10120.646131
32.145215,36,10121.151864
-41.74,27,10121.529357
-41.46,25,10121.898694
-36.0,32,10122.360512
-43.26,30,10122.878805
-38.3,36,10123.55868
-42.0,19,10124.004616
-35.79,31,10124.510345
-38.19,24,10124.909427
-40.52,30,10125.410828
-35.2,29,10125.901449
-41.36,20,10126.243372
38.761589,17,10126.512525
-33.0,26,10126.927197
-38.07,28,10127.339971
-38.57,26,10127.714923
-41.79,22,10128.011094
-41.81,21,10128.330988
-41.28,20,10130.597528
-38.82,29,10131.043944
-42.0,29,10131.474133
-41.23,22,10131.781597
-47.32,19,10132.074662
-32.71,36,10132.585481
-38.3,28,10133.63723
-30.0,40,10134.407726
-41.28,35,10135.096624
33.0,25,10135.513955
32.641667,43,10136.235996
-38.13,28,10136.713313
-37.95,27,10137.150471
-38.88,27,10137.634416
-44.63,35,10138.40014
-41.74,25,10138.769867
-38.59,29,10139.183599
-32.1,28,10139.89156
-35.17,46,10142.597701
-35.22,21,10143.119952
-47.33,22,10143.45063
-33.0,35,10143.921194
-39.0,40,10144.46762
35.776515,32,10144.998902
-41.38,27,10145.463846
-42.44,25,10145.88354
-39.0,19,10146.215886
-38.11,22,10146.592844
-38.9,27,10147.027953
-42.0,31,10147.490617
-39.0,28,10147.901194
32.176692,30,10148.366091
32.483965,31,10148.805292
-41.75,20,10149.094623
-38.68,27,10149.594069
38.013423,20,10149.94013
-42.0,20,10152.302994
38.482759,23,10152.733122
38.588689,18,10153.029973
-38.55,20,10153.334903
-34.17,34,10153.856518
-38.36,27,10154.237897
-38.42,27,10154.615844
-32.03,28,10155.0262
-35.01,25,10155.37282
-38.7,20,10155.649837
-38.5,25,10156.087423
-45.0,26,10156.534745
-38.37,32,10157.086552
-32.33,25,10157.511725
-36.0,24,10157.961018
34.421155,31,10158.406557
-35.41,27,10158.793865
-44.21,25,10159.159808
-32.24,32,10159.619802
-34.79,27,10160.048023
-44.16,18,10162.305942
-38.79,32,10162.832378
38.283019,23,10163.204422
-41.56,28,10163.730494
35.859316,35,10164.345945
40.540003,27,10164.740845
-35.6,33,10165.190772
-46.11,27,10165.549293
-36.0,28,10165.943196
-44.81,23,10166.265171
-41.97,31,10166.800708
-35.14,28,10167.293725
34.482828,29,10167.984805
-33.0,37,10168.573015
-32.38,32,10169.040044
-42.48,38,10169.580703
35.104478,31,10170.09846
40.807545,49,10172.803456
-35.19,28,10173.289259
-38.65,31,10173.829341
-32.76,39,10174.53893
-43.58,32,10175.109684
-39.0,23,10175.505135
-35.44,26,10176.14337
-35.66,28,10176.569591
35.708502,31,10177.00458
-41.81,24,10177.33794
-46.3,27,10177.75196
-35.63,27,10178.254882
-38.51,26,10178.701242
-42.0,21,10179.008114
-41.33,23,10179.339413
-35.1,25,10179.728905
-41.18,27,10180.118596
-38.59,28,10180.539155
-41.66,27,10182.952333
-39.0,22,10183.307691
33.0,31,10183.837103
-35.67,31,10184.355124
-38.29,30,10184.840619
35.255034,36,10185.428414
32.7,34,10185.989844
41.902985,31,10186.444213
-32.41,33,10186.936882
-32.08,39,10187.49135
-46.91,24,10187.811262
-41.33,27,10188.236593
32.25,33,10188.726786
41.5,23,10189.075503
36.0,29,10189.50516
-47.1,18,10189.784676
-44.61,25,10190.136838
35.172414,36,10192.676951
-38.25,21,10193.171232
-32.46,31,10193.824745
-38.45,26,10194.291682
-40.52,24,10194.721577
32.319444,45,10195.535406
-36.0,29,10196.075253
-44.12,20,10196.446386
38.509579,38,10196.998554
-38.25,27,10197.377502
33.0,37,10198.049535
-35.69,26,10198.430141
-37.6,32,10198.886618
-43.6,35,10199.393885
-39.0,27,10199.783067
32.408451,28,10200.192082
-39.0,28,10200.635536
-39.0,31,10201.108522
-38.01,36,10203.669985
-41.35,25,10204.074657
-39.0,24,10204.475915
-41.29,26,10205.197023
-41.41,26,10205.65361
-39.0,25,10206.060591
-38.01,24,10206.437126
-38.46,24,10206.853443
-35.53,27,10207.29991
-32.34,34,10207.818255
-41.56,22,10208.116806
-35.24,25,10208.459342
-40.75,24,10208.803098
-35.24,32,10209.254742
-42.0,23,10209.566374
39.0,22,10209.884501
35.570281,25,10210.223211
-41.81,19,10210.514141
-32.12,30,10210.958674
-38.05,31,10213.39718
-39.0,26,10213.800967
-38.4,30,10214.305673
-44.59,16,10214.567052
-35.1,30,10215.066056
-38.29,26,10215.519305
-42.0,26,10215.972338
37.871658,40,10216.728321
-41.12,28,10217.173243
-44.56,28,10217.793384
35.148456,29,10218.297678
-36.0,27,10218.660865
-41.37,22,10218.961602
-32.25,48,10219.65311
-41.6,32,10220.059875
-35.65,32,10220.438266
-38.96,28,10220.849021
-44.69,28,10221.309185
35.210988,29,10223.717519
-35.78,27,10224.164203
-43.87,41,10224.916105
-35.91,30,10225.410412
-44.18,27,10225.844811
-35.11,29,10226.350673
33.0,28,10226.826592
-38.87,30,10227.303641
-41.54,31,10228.064394
-37.86,35,10228.671675
-41.05,21,10229.050098
-32.9,27,10229.495492
-38.94,28,10229.919893
-44.94,27,10230.288833
-44.46,22,10230.595838
-42.55,20,10230.849776
-41.32,19,10231.09998
-35.61,29,10231.505217
-36.0,46,10234.149599
-38.05,33,10234.723164
-32.46,33,10235.308225
-42.0,24,10235.713288
-33.0,37,10236.371383
-44.4,32,10236.891405
-46.7,19,10237.229295
-41.32,28,10237.684119
-38.49,29,10238.152181
-42.0,26,10238.608745
-41.74,29,10239.316746
-35.64,38,10239.905405
-35.94,29,10240.310419
-43.31,32,10240.757601
-45.0,21,10241.00087
-40.7,44,10241.541272
-36.65,34,10242.047516
-41.35,19,10244.429283
-36.0,28,10245.049547
-44.54,24,10245.481094
-44.02,21,10245.827204
-38.25,28,10246.41857
-41.78,24,10246.831979
-32.14,37,10247.469842
-33.0,36,10248.082382
-39.0,26,10248.51847
35.799486,29,10248.963089
-44.15,21,10249.355447
-38.3,25,10249.793943
-32.02,32,10250.383708
-38.97,27,10250.799171
-41.07,27,10251.147852
-35.17,34,10251.544048
-38.04,26,10251.915998
-44.83,17,10252.164641
34.989761,33,10254.578573
-33.0,28,10255.061766
-46.39,17,10255.375225
-36.0,36,10255.979904
-38.35,21,10256.367364
-32.27,26,10256.868252
-38.51,23,10257.26949
-36.0,24,10257.678034
-41.85,27,10258.135937
-38.24,24,10258.520734
-38.36,20,10258.878671
-41.47,22,10259.244742
-38.9,31,10259.767845
-35.72,25,10260.253316
-39.0,22,10260.663078
-33.0,33,10261.234362
-35.07,25,10261.623582
-41.05,29,10261.975299
32.555556,32,10262.347934
-38.54,23,10262.645902
-41.29,27,10264.920624
-35.88,27,10265.377906
-35.21,30,10265.94005
-40.11,22,10266.350745
-42.0,21,10266.78785
-44.62,30,10267.299887
-40.73,28,10267.763049
-40.65,22,10268.14532
-32.4,25,10268.561505
-38.55,31,10269.078959
-42.42,24,10269.443546
35.851986,29,10269.929312
-41.16,43,10270.881227
-37.53,31,10271.412229
-33.0,22,10271.781511
-32.06,34,10272.324466
36.0,40,10272.81965
-44.28,35,10273.233633
-41.33,22,10275.485243
-44.76,26,10275.900946
-44.33,23,10276.242751
-38.46,32,10276.792561
-41.67,30,10277.402413
-44.48,17,10277.694686
-38.92,23,10278.116703
-40.85,34,10278.730924
-38.05,31,10279.290458
-41.91,24,10279.894939
-44.54,23,10280.355131
-40.56,22,10280.778886
-45.9,23,10281.15423
-38.94,38,10281.804387
-40.84,26,10282.237265
-32.79,51,10282.99282
-39.0,49,10283.690919
-39.0,33,10286.23733
-41.09,23,10286.62056
35.350307,32,10287.170888
-41.59,20,10287.520834
-44.43,30,10288.023242
-36.0,26,10288.465954
-33.0,32,10289.030364
33.0,29,10289.526267
-32.56,31,10290.049236
-35.5,36,10290.690074
-37.86,29,10291.155677
-47.1,26,10291.658341
-34.73,43,10292.442957
-41.91,23,10292.796304
-41.29,27,10293.192622
37.653048,26,10293.554976
-38.33,32,10294.032464
-36.0,28,10294.400186
38.610592,20,10296.493085
-38.18,34,10297.085339
-40.66,36,10297.829233
-39.0,33,10298.590579
-32.12,37,10299.18338
37.496719,29,10299.714332
32.761589,32,10300.338812
-44.01,30,10300.895972
-41.18,22,10301.276377
32.140741,34,10301.887944
35.344444,34,10302.490548
-41.63,23,10302.886886
32.957529,31,10303.369159
-35.7,26,10303.727152
-39.0,29,10304.143145
-33.0,29,10304.561415
-38.13,45,10305.221751
-36.0,27,10307.603261
-44.16,20,10308.028327
-31.62,41,10308.683616
36.0,28,10309.198769
-41.23,36,10309.813167
35.406676,30,10310.325605
-39.0,25,10310.760819
-38.21,19,10311.096589
-42.0,40,10311.776479
34.698903,31,10312.318709
-35.91,34,10312.903727
-44.37,33,10313.456728
-38.24,28,10313.898143
-41.09,29,10314.307297
-35.73,23,10314.628493
35.682927,24,10314.975929
-32.3,29,10315.388032
-40.44,29,10317.698709
33.0,26,10318.11468
-41.2,21,10318.469573
-30.0,31,10318.956309
-41.54,21,10319.29424
-41.66,37,10319.938354
-47.33,28,10320.440356
-41.73,30,10320.931675
35.117347,27,10321.380641
-43.92,25,10321.798187
-38.71,26,10322.248375
-41.68,21,10322.624479
32.275862,54,10323.824907
-42.0,20,10324.102626
-35.19,30,10324.515703
-35.75,22,10324.848835
-44.34,28,10325.364212
-38.88,36,10325.910735
-42.0,26,10328.209925
37.941176,42,10328.772103
-41.19,29,10329.269127
31.944867,27,10329.695569
-40.99,27,10330.191501
-36.0,25,10330.602155
-35.58,35,10331.237495
-32.28,38,10331.956317
38.598131,24,10332.375921
-36.0,27,10333.026094
-35.33,27,10333.507386
-32.89,39,10334.184223
-32.46,30,10334.619668
-38.26,26,10334.993994
-33.0,34,10335.567079
35.214008,26,10335.965505
34.715547,30,10336.473447
-39.0,26,10338.818567
-41.76,33,10339.244847
35.106838,31,10339.69144
-39.0,21,10340.025326
-42.0,26,10340.386768
-35.5,24,10340.675429
-42.0,29,10341.107594
-40.55,32,10341.614279
-35.64,26,10342.06544
-38.35,34,10342.640464
-35.3,36,10343.310817
-40.86,26,10343.750022
-44.33,26,10344.166625
-41.34,20,10344.48726
-41.57,31,10344.984827
-36.0,19,10345.288566
36.0,25,10345.647494
38.275856,31,10346.081022
-38.08,30,10346.512984
-36.0,32,10348.879932
-41.63,28,10349.276264
-32.2,39,10350.157297
34.257387,26,10350.628762
-35.08,26,10351.037209
32.785548,34,10351.582655
-44.87,32,10352.169316
-33.0,28,10352.67093
-38.88,27,10353.156392
-42.0,22,10353.587421
-39.0,22,10354.013424
34.260313,27,10354.455396
-38.25,28,10354.896409
-32.16,37,10355.497884
-38.77,29,10355.932825
-39.0,33,10356.41035
-32.71,33,10356.967543
-41.34,24,10359.311403
-35.34,28,10359.869012
-37.73,33,10360.338441
33.0,32,10360.858571
-36.0,34,10361.445266
-40.76,21,10361.801298
-38.15,32,10362.384293
-38.62,23,10362.763745
-36.0,33,10363.323601
-36.0,29,10363.861811
38.772595,26,10364.309217
-32.48,27,10364.780881
-41.45,21,10365.151765
35.400383,26,10365.557017
-44.13,47,10366.269528
-38.44,35,10366.753684
32.602941,31,10367.189624
-38.82,27,10369.474877
-32.27,29,10369.868073
-36.0,31,10370.301428
-41.61,18,10370.553833
-35.29,30,10370.947178
-47.66,20,10371.255948
-35.82,35,10371.785784
-38.22,22,10372.168032
-38.54,20,10372.506259
-38.47,30,10373.080595
32.099379,31,10373.616925
34.882539,34,10374.15673
-41.81,30,10374.738195
38.847036,24,10375.266276
41.185112,23,10375.704896
-41.89,25,10376.112645
39.303293,23,10376.443459
-38.45,30,10376.893587
-33.0,26,10377.294721
-44.96,22,10377.596677
-35.28,29,10380.012554
32.006623,27,10380.371953
35.670695,35,10380.86157
-35.34,29,10381.268878
-34.93,31,10381.705341
35.46371,26,10382.118368
-35.25,42,10383.389045
-41.81,21,10383.823514
35.922535,24,10384.218937
-39.0,31,10384.745161
-41.82,21,10385.108974
-35.41,37,10385.949048
-37.85,29,10386.437043
-41.59,30,10386.893018
35.570342,29,10387.277691
-35.81,31,10387.930777
-32.15,26,10388.298631
40.677248,19,10388.606144
-38.04,27,10390.945918
-40.86,33,10391.419525
-30.0,27,10391.800999
-47.73,20,10392.107064
-43.76,24,10392.462196
34.156773,31,10393.170464
-36.0,38,10393.782521
-41.89,26,10394.227033
-38.0,26,10394.655742
35.193277,24,10395.083724
-38.86,28,10395.549003
32.495268,28,10396.00723
-38.15,20,10396.361376
40.005262,27,10396.75053
-40.96,24,10397.11108
36.0,30,10397.535694
-44.71,78,10398.77871
-41.2,29,10401.315338
-37.77,27,10401.622885
-32.24,35,10402.117481
-38.64,30,10402.533655
-35.68,27,10402.930198
-32.83,29,10403.341735
-35.07,27,10403.75563
-41.26,20,10404.061153
32.407285,28,10404.57857
-42.93,25,10405.001174
35.277397,25,10405.428318
33.0,30,10405.920171
-47.14,16,10406.221428
-41.71,38,10406.901501
-41.35,37,10407.462239
-32.65,25,10407.813111
-38.38,23,10408.145487
-41.16,30,10408.580036
-39.45,36,10411.071983
37.847693,26,10411.489852
-41.37,46,10412.392551
-32.73,35,10412.90669
-39.84,29,10413.360386
-40.42,27,10413.796123
-35.81,30,10414.252847
-38.8,25,10414.642795
-39.0,21,10415.202457
-39.0,26,10415.643127
41.070513,34,10416.239819
32.406832,30,10416.744041
33.0,79,10417.968953
37.875452,29,10418.424375
-42.0,31,10418.859776
-35.45,30,10421.297987
31.649091,30,10421.793801
32.162791,29,10422.290863
-41.06,27,10422.729252
-41.12,31,10423.198743
-35.62,24,10423.531447
-39.47,23,10423.852467
-41.01,22,10424.191362
-35.68,27,10424.577762
-35.53,33,10425.056812
-47.53,21,10425.422521
-38.87,18,10425.719912
-41.56,113,10427.775687
-33.0,38,10428.327703
-40.47,21,10428.657386
-39.0,29,10429.114879
-35.08,44,10431.869312
-41.21,21,10432.201194
-38.78,29,10432.664074
-41.57,28,10433.146184
-38.19,30,10433.667863
-40.52,19,10433.924366
-43.63,18,10434.212203
-38.42,30,10434.641399
-42.0,24,10434.986523
31.611538,36,10435.471286
-38.69,29,10436.006522
-35.49,25,10436.431502
-38.33,23,10436.842558
-35.64,28,10437.544594
38.878151,18,10437.793315
-38.06,24,10438.173842
33.483188,23,10438.500051
-38.86,21,10438.843903
-39.0,28,10439.294955
-44.31,24,10439.676179
35.062914,22,10441.975505
-44.91,35,10442.552518
-41.04,22,10442.935812
-35.08,30,10443.406633
-35.74,32,10443.97194
33.0,28,10444.41051
-35.29,38,10445.031052
-32.1,47,10445.700156
-39.0,31,10446.175601
-32.65,32,10446.668882
-35.26,34,10447.216918
-41.44,23,10447.538735
-44.23,31,10447.963566
32.903061,34,10448.448876
31.733813,37,10449.034587
32.338028,32,10449.534709
-43.94,29,10452.010353
34.290245,29,10452.531026
38.751656,23,10453.24047
-38.84,26,10453.701545
-32.1,37,10454.344425
-32.88,27,10454.807318
34.76812,23,10455.174025
-35.03,27,10455.536756
-35.3,35,10456.021831
-35.7,31,10456.471811
-42.0,22,10456.777949
-36.0,25,10457.202033
35.258333,35,10457.754817
32.578755,30,10458.212595
-35.54,30,10458.651516
32.902778,30,10459.095482
-36.0,30,10459.536541
34.271914,42,10462.153457
-41.05,26,10462.663669
-41.37,21,10463.033323
-43.72,36,10463.868246
35.369008,41,10464.547761
-40.87,27,10465.014307
-39.0,26,10465.435926
-32.05,36,10466.00423
-35.91,27,10466.367752
-44.4,25,10466.757678
-35.51,47,10467.463405
-42.0,56,10468.299568
-45.0,25,10468.643564
-35.28,33,10469.12164
-38.09,30,10469.557149
-41.52,25,10469.906054
-39.0,29,10472.42131
-34.56,40,10473.173252
-41.53,25,10473.610622
-35.16,49,10474.398956
-38.77,20,10474.763073
-42.0,35,10475.390851
-40.45,19,10475.708428
-39.46,58,10476.643497
36.0,29,10477.061432
-41.83,27,10477.45219
32.653696,31,10477.857333
-38.07,32,10478.330034
-35.65,31,10478.75407
-38.67,26,10479.412406
32.231707,34,10479.895011
-35.95,30,10480.593893
34.784213,27,10483.026239
-41.65,26,10483.491888
-38.62,31,10484.041767
-35.29,28,10484.503766
-36.0,26,10484.9464
-32.65,35,10485.608111
-38.9,27,10486.128215
-41.05,26,10486.61921
33.0,33,10487.202132
-38.8,25,10487.579594
-39.0,41,10488.178539
-35.57,32,10488.593572
-32.43,41,10489.09002
-32.13,30,10489.514528
35.612026,29,10489.968902
-44.07,32,10490.493897
-43.87,30,10491.232252
-42.0,28,10493.748196
-43.84,22,10494.167692
-34.97,26,10494.599344
-41.82,20,10494.940518
-41.2,27,10495.38275
-41.71,51,10496.230193
40.378313,26,10496.78828
-35.84,41,10497.554272
35.411111,23,10497.928638
-38.07,39,10498.527622
35.377778,24,10498.83918
31.613553,44,10499.354452
-41.42,26,10499.681291
-38.4,23,10499.974772
-41.5,35,10500.427424
33.0,30,10500.824736
-40.68,31,10501.355703
-47.83,30,10504.873232
-32.24,34,10505.453269
-39.0,32,10506.294042
-40.73,30,10506.798195
-32.44,27,10507.233328
-41.57,26,10507.654603
-38.88,28,10508.114565
32.685897,45,10508.916744
-39.0,26,10509.363601
-38.5,27,10509.833729
45.0,14,10510.068203
-35.73,34,10510.652587
-39.0,31,10511.079676
-34.61,23,10511.378758
-38.1,29,10511.70777
34.827472,30,10512.115223
38.373708,32,10512.577799
-36.0,38,10515.171628
-38.85,34,10515.742235
32.653251,34,10516.324172
-41.33,22,10516.696439
32.082734,34,10517.301327
-44.15,28,10518.023177
-44.14,22,10518.389655
-32.61,36,10519.122102
38.64298,22,10519.512051
37.991841,38,10520.146267
-42.0,23,10520.522502
-41.29,26,10520.93611
-35.18,70,10521.93092
-44.2,26,10522.237744
-35.71,23,10522.524464
-42.0,28,10522.915354
-40.61,34,10525.401351
-34.5,29,10525.959503
-35.75,32,10526.50006
37.617871,24,10526.877581
-35.34,29,10527.34665
35.679612,23,10527.72743
32.524648,28,10528.280792
32.618012,29,10528.770513
-41.51,21,10529.102871
-44.64,21,10529.458406
-37.85,28,10529.929291
-32.06,31,10530.43486
-37.72,36,10530.997353
-36.0,26,10531.4274
-38.73,29,10532.051887
-44.65,23,10532.383227
-36.0,27,10532.776876
-38.94,41,10533.331793
-35.59,28,10533.764123
-35.61,27,10536.142494
-38.25,30,10536.63379
-38.3,107,10538.467592
-35.15,28,10538.985906
-41.92,18,10539.278993
43.39668,81,10540.619994
-38.32,26,10540.996955
-35.43,22,10541.396775
-32.88,44,10542.028742
-38.65,24,10542.405471
-41.17,24,10542.746847
-42.0,24,10543.165331
-35.33,29,10543.583491
-41.17,22,10543.91235
-38.99,28,10546.432806
40.227162,31,10546.994287
-32.09,27,10547.461561
32.927778,33,10547.997132
41.623482,34,10548.574416
-38.61,21,10548.919742
-37.76,28,10549.410424
-44.04,22,10549.8213
-35.95,45,10550.615358
-38.17,24,10551.011529
-38.05,23,10551.381599
32.625455,36,10551.921705
-41.49,27,10552.295786
32.027668,36,10553.021524
34.407983,25,10553.456562
32.042308,40,10554.075328
-35.64,31,10554.538595
-44.71,21,10556.742396
-35.38,26,10557.19232
-35.61,33,10557.748093
-38.19,28,10558.241662
-43.24,23,10558.858242
-34.98,26,10559.30349
-46.36,26,10559.742295
-39.0,25,10560.15422
38.482574,22,10560.540804
-35.74,27,10560.997661
-37.11,32,10561.554762
-37.7,24,10561.883898
-37.83,36,10562.461236
-35.54,32,10562.916196
-40.7,30,10563.349562
-33.0,35,10563.927699
-41.68,24,10564.356628
-35.64,27,10564.746335
-33.0,38,10567.143622
-35.75,23,10567.537115
-32.05,31,10568.067351
-35.91,26,10568.499851
38.192593,26,10568.922656
-41.77,29,10569.45983
-32.53,39,10570.145571
-38.49,22,10570.733166
32.115108,28,10571.17459
-46.9,21,10571.498051
-38.56,25,10571.874846
33.0,29,10572.303553
-35.36,25,10572.689355
35.215909,27,10573.087512
-44.53,30,10573.511007
-46.15,21,10573.880007
-38.59,28,10574.350077
-41.11,24,10574.75773
-45.0,23,10575.160141
-35.48,44,10577.73008
-34.44,72,10578.946505
-45.0,27,10579.413384
32.474903,39,10580.101073
35.068085,28,10580.583257
-38.23,34,10581.180353
-41.6,30,10581.712379
33.0,33,10582.190633
-38.73,27,10582.637069
-38.08,35,10583.175317
-38.71,34,10583.700335
-40.6,25,10584.224949
-44.23,29,10584.837893
-35.5,41,10585.54075
-33.0,28,10586.025662
-43.44,24,10588.848054
38.172285,24,10589.264848
-47.43,33,10589.842998
35.328859,24,10590.231479
-35.67,27,10590.668516
-41.51,19,10591.11479
-35.46,22,10591.489533
31.989097,34,10592.000969
-38.56,37,10592.685308
-38.87,28,10593.116315
-41.4,19,10593.414535
-41.47,21,10593.69473
-45.0,29,10594.122192
-39.98,30,10594.619323
-44.31,30,10595.142154
-41.06,34,10595.707435
32.758389,29,10596.232447
-44.18,28,10596.833513
-45.0,30,10597.229255
-43.81,28,10599.526706
-38.33,26,10599.938302
33.0,26,10600.385231
-43.59,18,10600.698589
-41.79,21,10601.033475
-38.96,21,10601.362345
-41.35,23,10601.761347
-44.76,31,10602.305225
-38.55,21,10602.609637
32.052632,37,10603.119157
-43.87,24,10603.50522
32.13308,25,10603.898828
-41.53,34,10604.421214
-46.63,31,10604.949226
-35.45,25,10605.394475
-33.0,26,10605.853327
-36.0,24,10606.245099
-33.0,26,10606.696321
-41.61,27,10607.141168
35.870079,23,10609.353546
33.0,27,10609.845845
32.356364,32,10610.425606
32.378472,28,10611.226201
-41.39,22,10611.630818
-35.15,35,10612.261449
38.280645,24,10612.647363
39.0,25,10613.015527
-41.44,31,10613.467055
-38.34,27,10613.861557
-38.19,27,10614.278506
-35.21,24,10614.660729
-39.0,27,10615.143798
32.783333,31,10615.670406
34.404747,33,10616.24045
-41.32,29,10616.816121
-35.53,32,10617.387784
-36.0,34,10617.962581
35.226131,40,10620.374054
-47.27,22,10620.714165
-41.05,23,10621.056067
-39.0,27,10621.517554
-45.0,22,10621.910267
-39.0,33,10622.444532
-32.58,32,10623.053097
-44.34,24,10623.61977
-41.9,24,10623.981196
-35.02,32,10624.442308
32.342282,29,10624.845484
-34.52,44,10625.524815
-40.71,23,10625.922189
-38.28,31,10626.460759
-41.72,18,10626.771746
-36.0,25,10627.189712
-33.0,38,10627.850523
-44.25,28,10628.310066
-32.48,37,10630.734881
-42.0,28,10631.202376
-41.37,28,10631.655323
-32.21,37,10632.26747
-40.88,26,10632.719812
-32.33,32,10633.464703
-32.62,29,10633.942493
-32.61,28,10634.332781
-45.0,23,10634.64809
-38.32,31,10635.143884
-41.65,31,10635.58649
-44.61,23,10635.995275
-39.0,20,10636.330845
-32.12,27,10636.916382
-44.69,26,10637.426379
-38.32,33,10638.014642
32.733083,29,10638.479007
-38.1,33,10639.00563
-41.07,21,10641.683116
-40.34,29,10642.13579
-44.25,20,10642.495115
-35.9,30,10643.015976
-35.05,79,10644.253998
-39.0,28,10644.661495
34.785117,31,10645.101045
-39.0,25,10645.459081
-37.74,32,10645.937046
34.679775,30,10646.442985
34.365582,30,10646.990312
-38.17,27,10647.503851
35.241758,27,10647.938724
-47.8,24,10648.345253
-41.68,22,10648.712141
-38.61,30,10649.255949
-44.66,50,10652.101604
-38.26,36,10652.651726
-35.07,26,10653.095578
-36.0,40,10653.816631
-32.08,32,10654.344226
-38.8,26,10654.73244
34.977564,26,10655.122552
-42.63,20,10655.424881
-44.56,20,10655.735354
-44.5,25,10656.098201
35.544118,30,10656.645672
-42.0,25,10657.061552
-41.27,19,10657.395694
-42.0,27,10657.876294
-35.52,32,10658.409296
-38.49,22,10658.78568
-40.72,25,10659.202395
37.984522,33,10659.75233
-35.73,40,10662.238031
-44.59,20,10662.521543
-47.49,20,10663.037041
-38.55,23,10663.47297
-38.25,37,10664.123569
37.41082,28,10664.633823
-41.75,20,10664.952457
-35.04,28,10665.37302
38.817844,30,10665.794262
-36.0,30,10666.206252
-38.31,27,10666.591464
38.309701,34,10667.163887
-38.88,36,10667.768735
-38.54,29,10668.243319
36.0,26,10668.665144
-41.73,25,10669.089226
-42.0,27,10669.596535
-34.24,26,10670.090881
-41.78,25,10670.526953
-38.66,23,10672.748373
-41.81,25,10673.162985
38.554517,23,10673.499672
-32.63,30,10674.112678
-37.09,33,10674.673708
-35.13,37,10675.231719
-35.2,26,10675.608668
35.233449,29,10676.031287
38.665859,28,10676.445825
-39.0,29,10677.128341
35.178862,27,10677.566872
-41.19,35,10678.14644
-33.0,34,10678.788291
-40.92,26,10679.268069
42.828666,45,10679.99038
-38.6,20,10680.381067
-35.87,35,10681.056709
33.0,28,10683.39484
-38.29,21,10683.687363
-32.81,37,10684.181585
-34.87,23,10684.539736
40.453248,24,10684.946727
-41.56,22,10685.328019
-41.36,23,10685.684841
-38.59,28,10686.077088
-32.28,27,10686.481364
-39.5,31,10686.950923
-36.0,27,10687.391827
-35.7,37,10688.023265
-38.2,22,10688.42312
-36.0,29,10689.118087
35.507109,23,10689.559533
-42.0,24,10690.005353
-38.4,29,10690.607916
-41.9,28,10691.080571
-41.01,24,10691.463814
-38.27,30,10693.849684
35.277056,29,10694.230021
-35.14,21,10694.650525
-33.0,30,10695.083284
-40.52,33,10695.631108
-36.0,33,10696.145504
-38.37,27,10696.530981
38.595016,26,10696.926182
-35.8,28,10697.297898
-41.41,36,10697.91056
35.30663,22,10698.273782
-32.11,30,10698.771547
-32.08,32,10699.319554
34.566838,35,10699.909528
37.535155,27,10700.387333
37.921524,32,10700.942559
-38.96,26,10701.408159
-38.65,32,10701.952857
35.355705,37,10704.556441
-38.76,26,10704.945507
-41.44,22,10705.260357
-38.25,23,10705.590703
-44.18,35,10706.054896
-35.89,31,10706.475692
-43.81,24,10706.838109
-35.83,27,10707.214487
-32.03,33,10707.683679
-36.0,25,10708.118563
-35.38,43,10708.866096
-39.0,47,10709.679532
-41.74,26,10710.145057
-35.44,131,10714.5709
-35.1,34,10715.329909
-42.0,23,10715.683477
-33.0,30,10716.097405
-41.34,19,10716.363687
37.268823,26,10716.710832
-35.99,28,10717.152268
-32.69,34,10717.751813
-32.25,33,10718.235337
36.0,28,10718.726703
-39.48,33,10719.354593
-47.45,14,10719.615271
35.212121,27,10720.091312
-45.0,20,10720.504129
-41.56,30,10721.041411
-41.28,25,10721.511781
-41.8,24,10722.056269
-44.36,26,10722.519816
-43.84,27,10723.018885
-44.35,38,10725.709144
39.0,21,10725.898579
-42.0,23,10726.158293
-39.0,26,10726.457978
-38.77,23,10726.791572
39.845483,24,10727.140854
-41.44,33,10727.668844
-35.82,29,10728.044317
-33.0,28,10728.439293
-38.17,37,10729.003586
-34.84,31,10729.827306
-38.42,21,10730.167434
-35.56,29,10730.645211
-41.68,22,10731.088357
-38.71,28,10731.547563
-41.55,25,10731.969374
-35.76,45,10732.781176
-41.15,26,10733.249805
-38.2,25,10735.639372
-38.88,28,10736.051692
32.227612,27,10736.41924
-42.6,32,10736.897132
34.738675,28,10737.300634
-38.76,26,10737.711123
-41.18,32,10738.23505
37.860847,26,10738.628343
-43.01,28,10739.021995
37.905622,33,10739.505013
-41.96,24,10739.87236
-41.07,25,10740.23549
-41.07,23,10740.651736
38.211806,24,10741.046534
35.525773,33,10741.578814
-32.25,36,10742.419364
-41.21,29,10742.926183
32.5,34,10743.438756
37.979784,24,10745.793417
-31.53,36,10746.424981
34.531871,27,10746.813911
32.342373,29,10747.232508
34.984064,34,10747.673951
-33.0,50,10748.342229
-33.0,28,10748.819634
-37.86,37,10749.373201
-35.61,29,10749.785556
-32.24,30,10750.223451
-42.0,21,10750.537069
-41.37,29,10751.002221
-41.47,20,10751.345735
-39.68,29,10751.84597
-38.25,31,10752.356078
-35.73,31,10752.958162
-44.03,28,10753.470865
38.839357,30,10756.048602
-39.0,28,10756.51705
35.115894,28,10756.981551
-36.93,30,10757.445007
-41.8,25,10757.786024
-42.0,23,10758.116605
-32.54,26,10758.503252
34.62549,34,10758.981256
-35.16,28,10759.323068
-42.0,18,10759.580204
35.724409,27,10760.324903
-41.77,22,10760.655956
-35.87,29,10761.06532
-38.48,38,10761.607158
-38.37,30,10762.047717
-41.62,31,10762.586645
-44.51,23,10762.954443
-35.72,27,10763.396776
-43.09,28,10763.874278
-37.92,28,10766.322325
-32.33,32,10766.855837
-38.16,28,10767.348249
-32.38,26,10767.73276
-44.25,25,10768.082736
35.369128,32,10768.76656
-44.05,29,10769.15712
-43.99,27,10769.559168
-42.0,22,10769.936394
-37.7,27,10770.389642
32.770833,37,10770.910202
38.902439,24,10771.261229
-41.35,38,10771.833919
-39.0,31,10772.291535
-42.0,21,10772.637252
-41.98,39,10773.264288
-43.86,30,10773.768359
-37.25,29,10776.162819
-33.0,24,10776.582262
38.449799,27,10777.090472
-42.0,30,10777.58171
-33.0,26,10777.966128
-38.03,29,10778.364167
-38.51,31,10778.855123
-41.23,26,10779.20306
-41.24,29,10779.624474
38.9,21,10779.980482
-36.0,27,10780.433403
-35.91,25,10780.817647
-36.0,32,10781.271138
-40.48,37,10781.822742
-47.6,19,10782.35622
-44.83,25,10782.784007
-37.93,40,10783.412668
32.040956,40,10784.093749
-35.81,39,10786.64026
35.520446,27,10787.128151
-41.59,21,10787.484715
-41.92,32,10788.052846
-40.79,32,10788.572822
-38.91,22,10788.880192
-40.4,33,10789.325641
-39.76,25,10789.660588
32.453333,24,10789.988645
-38.53,34,10790.466227
-41.09,27,10790.910019
-32.34,26,10791.277591
-37.75,25,10791.64439
-38.62,33,10792.117493
-41.39,23,10792.458944
-38.1,32,10792.972592
-30.0,28,10793.455562
-40.53,29,10794.172981
-38.53,26,10796.52036
34.910752,27,10797.026703
-31.59,46,10797.798642
32.636752,31,10798.407815
32.709091,28,10798.893363
-34.96,43,10799.508902
-35.5,31,10799.940633
35.680608,18,10800.209261
-32.78,33,10800.693095
-33.0,28,10801.100942
-41.02,25,10801.471409
-39.98,27,10801.888177
-38.25,32,10802.410472
-32.34,33,10802.9175
-38.18,24,10803.308647
-35.05,30,10803.849239
38.022726,27,10804.315535
-38.73,29,10806.978125
-41.36,20,10807.313628
-41.8,18,10807.554577
-35.57,29,10807.986437
-33.0,27,10808.640779
-33.0,25,10809.040521
-32.11,43,10809.758544
-35.84,23,10810.116742
-39.0,22,10810.429424
-41.31,28,10810.825328
-35.33,29,10811.234389
38.012862,26,10811.62692
-41.73,34,10812.110149
-38.76,34,10812.638609
-38.05,26,10813.118958
-44.92,18,10813.384948
32.626667,29,10813.894982
-35.19,33,10814.529791
-35.43,25,10814.930557
32.26506,38,10817.653894
38.175677,22,10818.016577
32.380952,31,10818.557167
-41.48,22,10818.951302
-40.84,27,10819.398682
-44.15,19,10819.741056
-41.02,37,10820.568537
-41.62,20,10820.904019
-41.41,30,10821.350447
-38.17,26,10821.743058
36.0,20,10821.993552
-41.17,25,10822.364505
-37.37,29,10822.727257
32.048276,34,10823.241258
32.109375,33,10823.911763
-39.0,27,10824.379223
34.661207,27,10824.870532
-32.05,30,10825.435876
-45.0,26,10825.915877
-41.05,27,10828.293758
32.273333,33,10828.876374
-38.18,24,10829.294064
-36.0,26,10829.755612
-40.95,28,10830.259533
-33.0,33,10830.856748
-35.2,29,10831.365322
-38.1,30,10831.816039
32.370175,40,10832.330431
-38.27,22,10832.605389
-34.81,40,10833.096896
-32.46,33,10833.556468
-39.0,26,10833.967301
37.554209,28,10834.445948
43.567755,30,10835.204865
33.0,27,10835.674513
-44.01,21,10836.013307
-44.59,22,10838.329113
-36.0,38,10838.984208
-38.86,20,10839.343422
-39.0,25,10839.788823
38.182692,32,10840.598962
-41.14,28,10841.145994
-40.72,19,10841.494858
-44.45,20,10841.787075
-31.59,33,10842.36452
-33.0,45,10843.009579
-39.0,18,10843.208463
-36.0,25,10843.516791
-38.11,26,10843.855934
-41.7,21,10844.114604
-31.66,32,10844.524835
-40.57,21,10844.805157
-35.94,32,10845.340117
-41.06,24,10845.736257
-34.85,26,10846.171288
-41.91,22,10846.732738
-43.47,22,10849.165703
32.452632,28,10849.645353
-35.47,23,10850.04206
-45.0,27,10850.527926
-38.13,28,10850.973522
-35.91,25,10851.368549
-38.05,24,10851.750968
-44.42,31,10852.314396
-38.88,35,10852.980136
-35.07,28,10853.456376
-39.0,21,10853.821414
-38.13,37,10854.313832
-38.75,29,10854.711686
-35.11,24,10855.009098
-44.24,16,10855.234661
-41.45,27,10855.614799
-34.77,36,10856.154395
-37.91,22,10856.59417
-35.65,30,10857.102303
-39.0,21,10859.383803
-38.71,119,10861.620274
-38.29,22,10862.001956
-34.74,27,10862.446928
-37.76,29,10862.977734
-42.0,30,10863.481896
-38.35,24,10863.848045
-43.92,22,10864.204507
35.337398,29,10864.635816
-41.35,20,10864.900535
38.535971,40,10865.410117
32.902128,26,10865.723583
-44.66,24,10866.019649
38.311284,29,10866.464215
-42.0,22,10866.802114
-36.0,29,10867.382696
-38.38,57,10870.223352
-39.0,36,10870.839969
32.830935,34,10871.412655
-35.14,28,10871.877503
-38.87,28,10872.50686
35.855066,27,10872.986845
-37.99,32,10873.536778
-39.0,23,10873.915548
32.270073,33,10874.474928
-42.96,24,10874.85252
33.0,26,10875.247594
-36.0,26,10875.591338
-35.31,35,10875.996727
-38.28,31,10876.360119
32.101626,40,10876.933379
-36.0,28,10877.32109
-39.0,93,10880.793334
36.0,39,10881.522007
-41.25,28,10882.001072
-42.0,23,10882.372879
-32.7,35,10882.981539
-38.85,20,10883.316934
-41.89,30,10883.828953
-35.6,31,10884.366294
-38.07,24,10884.756587
-41.33,30,10885.227686
35.486111,25,10885.605783
-32.3,34,10886.202265
-41.05,29,10886.596493
-39.0,36,10887.109656
-37.29,30,10887.54398
-41.05,23,10889.942756
-32.42,32,10890.487293
32.778598,26,10890.922769
-41.81,22,10891.294388
-42.0,21,10891.637977
-36.0,24,10892.075282
35.211538,23,10892.457366
-38.24,25,10892.881796
-41.08,22,10893.221487
-38.22,28,10893.731957
-35.66,24,10894.115854
32.929461,32,10894.655883
-35.61,28,10895.1248
32.745645,30,10895.570118
35.817121,27,10895.981664
-47.14,34,10896.502707
37.33936,33,10896.931576
-35.19,30,10897.347079
-38.91,22,10897.634745
-44.66,21,10899.885912
35.480315,33,10900.511114
32.008333,31,10901.118056
-41.02,28,10901.590114
-41.71,23,10901.993799
-41.91,41,10902.725946
35.207746,27,10903.191959
-34.4,41,10903.928434
-41.77,27,10904.392931
-42.0,23,10904.761943
-33.0,26,10905.203049
-41.51,24,10905.631821
36.0,24,10906.001309
33.0,33,10906.475335
-41.37,30,10906.891909
-32.55,27,10907.295183
-44.27,30,10907.752542
-44.52,26,10908.139138
-38.8,21,10910.483411
-37.68,24,10910.909781
-35.24,28,10911.414707
-38.16,25,10911.857908
-41.01,22,10912.228936
-44.8,20,10912.576482
-41.71,24,10913.026192
-38.35,45,10913.877729
-38.81,23,10914.503111
-39.0,19,10914.831196
37.68885,27,10915.296478
-35.36,34,10915.879091
-38.81,21,10916.211125
-40.88,25,10916.580732
-38.44,25,10916.921492
-41.02,25,10917.290051
-44.42,21,10917.597341
-37.61,28,10918.078507
-41.59,23,10918.466395
-40.87,22,10918.789222
35.515873,36,10921.161929
-38.5,24,10921.561839
-43.9,18,10921.880769
37.76927,24,10922.265197
-38.76,31,10922.802364
-38.91,24,10923.186732
-38.24,21,10923.561097
-35.06,27,10924.025486
-41.73,23,10924.405987
-44.1,19,10924.793361
-41.88,20,10925.282602
-42.0,25,10925.701276
-38.09,33,10926.244766
-39.0,24,10926.59491
32.007491,32,10927.061728
-41.51,25,10927.443595
-39.0,26,10927.790975
-38.87,33,10928.392052
-35.54,41,10929.06445
-38.47,36,10931.865932
32.186235,31,10932.416469
-44.39,27,10933.042785
-41.07,19,10933.388358
-44.1,24,10933.860244
35.266904,24,10934.347578
-41.81,26,10934.892766
-43.36,20,10935.322237
38.290909,45,10936.332709
-48.0,31,10936.874807
33.0,27,10937.289631
-32.65,28,10937.701312
33.0,31,10938.12588
-45.0,26,10938.605004
-40.94,28,10939.140529
-45.0,32,10939.705251
36.0,26,10940.205922
-35.75,28,10940.980925
-39.0,31,10941.426308
40.560768,25,10944.104439
34.542449,28,10944.580643
-41.73,28,10945.073717
32.536913,57,10946.061026
-41.64,20,10946.40865
38.305021,33,10946.962571
-35.1,38,10947.627243
-41.07,29,10948.074237
-36.0,30,10948.509597
-41.69,22,10948.858937
-33.0,31,10949.354164
-32.9,31,10949.849289
-44.25,20,10950.219379
-35.48,31,10950.799076
-35.02,28,10951.325092
-34.35,26,10951.914909
-41.41,21,10952.301994
35.74537,28,10955.344628
-38.43,33,10955.897675
-38.76,26,10956.371851
-41.7,26,10956.771485
32.512195,30,10957.401589
41.629139,20,10957.782338
-41.65,34,10958.521781
37.457436,29,10959.046524
34.793958,38,10959.696978
-41.77,22,10960.02863
-38.23,30,10960.515816
-42.0,21,10960.825696
-41.24,25,10961.223885
-33.0,29,10961.887861
-36.0,27,10962.36717
-44.1,32,10962.957165
-37.92,35,10963.505507
-34.76,36,10964.052491
-47.08,20,10966.72016
-38.06,26,10967.21993
-35.04,27,10967.698722
-41.0,30,10968.229882
-38.07,40,10968.959711
-38.95,25,10969.494198
-35.34,32,10970.180607
-41.62,30,10970.675566
32.017857,36,10971.220171
-40.91,29,10971.664563
-41.84,34,10972.167154
-47.04,26,10972.601446
-42.0,22,10972.975177
-44.87,36,10973.584914
-32.91,34,10974.163176
-40.77,27,10974.576781
-38.91,33,10975.034425
-38.35,29,10977.373136
-36.0,26,10977.799554
-44.07,19,10978.10733
38.833333,28,10978.569493
-35.81,33,10979.119363
-35.45,33,10979.729889
-35.31,31,10980.469752
-35.84,36,10981.096587
-42.0,16,10981.358129
-35.78,26,10981.741808
-39.0,46,10982.427749
37.710941,26,10982.802624
-44.02,24,10983.208426
-38.9,33,10983.77549
-38.8,39,10984.501582
-38.32,26,10984.940848
33.0,28,10985.315797
-42.0,24,10985.680356
-36.0,27,10988.096853
-40.81,43,10988.771946
-35.66,35,10989.33886
40.864346,30,10989.9156
37.841678,27,10990.344793
-32.13,29,10990.847661
-38.25,29,10991.345585
-46.58,23,10991.729651
-32.54,27,10992.187767
-38.27,27,10992.626123
-39.0,42,10993.305209
37.543423,73,10994.569706
-38.57,25,10995.019079
37.90678,26,10995.546499
-37.61,32,10996.242091
-40.82,40,10998.741037
-31.79,30,10999.248491
-35.67,32,10999.80217
37.433344,26,11000.324461
-41.32,27,11000.824973
32.805755,36,11001.558257
-42.35,26,11002.022012
-40.78,28,11002.482485
-39.0,32,11003.005834
-36.0,33,11003.533477
-33.0,36,11004.12849
-38.9,21,11004.600853
-32.73,26,11005.109354
38.381802,23,11005.522014
-39.0,23,11005.973494
38.686057,27,11006.482
-41.71,24,11006.902493
-41.53,36,11007.73588
32.666667,30,11010.21119
-37.1,36,11010.833538
-43.82,23,11011.287346
-38.01,43,11012.034177
35.090231,34,11012.63368
-41.83,23,11012.989972
-34.63,21,11013.34745
-41.16,30,11013.845405
-32.83,26,11014.246969
-37.59,39,11014.93779
-38.58,32,11015.558343
-33.0,34,11016.154387
-41.06,30,11016.682125
-32.46,32,11017.270496
-44.2,25,11017.728082
-41.48,29,11018.193977
-41.76,28,11018.700654
-41.44,24,11021.013007
37.341507,39,11021.624366
-36.0,37,11022.417922
-38.82,29,11022.896108
-36.0,28,11023.353389
-37.35,31,11024.09401
-41.56,28,11024.530817
-41.17,26,11024.919364
-47.24,26,11025.303862
-36.0,25,11025.681693
-44.06,23,11026.094603
-40.74,28,11026.58399
-41.11,28,11027.088707
-35.46,29,11027.587422
-39.0,24,11027.982261
-32.07,30,11028.46619
32.072398,33,11029.007583
38.114583,20,11029.369667
-33.0,34,11031.816753
-41.81,30,11032.315726
35.994364,30,11032.857359
-34.61,34,11033.449849
-40.06,28,11033.998694
35.520325,30,11034.518912
-35.59,25,11035.200881
-31.95,29,11035.618156
-38.75,24,11035.988573
-42.0,26,11036.401307
34.542697,26,11036.890849
-37.83,33,11037.480062
-38.24,26,11037.898779
-32.68,34,11038.490491
-35.64,25,11038.941093
-41.07,21,11039.269063
-44.35,19,11039.563282
-36.0,27,11040.014787
-38.7,21,11042.252586
-44.75,22,11042.603432
-37.54,33,11043.072844
-42.0,24,11043.480634
-38.1,30,11044.050395
-35.8,27,11044.591564
-38.3,32,11045.111763
34.930205,26,11045.532952
35.178182,26,11045.985635
-33.0,25,11046.371487
-33.0,71,11047.622634
-41.88,22,11048.018158
-41.18,30,11048.52866
-41.55,18,11048.879831
-32.59,28,11049.337409
-44.36,26,11049.924615
38.218623,22,11050.402795
-41.8,20,11050.756784
-38.45,30,11053.187457
-41.02,21,11053.450126
32.080769,35,11053.960164
-32.77,27,11054.385273
-38.04,48,11055.158002
-41.5,31,11055.6353
-35.85,25,11056.027213
40.698885,78,11057.335244
32.227273,45,11058.122402
-35.91,19,11058.4516
-35.23,28,11058.956995
35.4,20,11059.317721
-38.32,23,11059.710567
-32.21,37,11060.414791
33.0,26,11060.880596
-38.37,32,11061.453037
-38.61,33,11064.686063
-40.62,36,11065.189597
-38.17,23,11065.587174
-38.6,45,11066.288079
-37.55,26,11066.681405
-41.79,16,11066.934661
-44.24,19,11067.266982
-44.05,23,11067.706189
32.739726,29,11068.234552
-41.58,23,11068.682872
-44.91,22,11069.06106
-41.15,23,11070.250072
35.028105,30,11070.803182
-38.53,29,11071.291933
32.024615,33,11071.904669
-41.61,23,11072.29801
-41.32,27,11072.781953
-32.14,34,11074.172114
-41.42,21,11074.553582
-38.15,41,11077.07828
-38.91,35,11077.533268
-35.01,32,11078.004719
-42.0,18,11078.326793
-41.81,22,11079.01146
-45.0,21,11079.420567
-32.33,24,11079.845949
-35.95,27,11080.343685
-44.2,29,11080.873947
33.0,33,11081.453587
32.63354,30,11081.970829
35.418719,27,11082.458594
-38.72,30,11083.01649
-41.35,32,11083.562794
-34.33,24,11084.03138
37.836144,26,11084.497795
-40.72,24,11084.906466
-38.64,35,11085.545534
-35.67,26,11088.167673
41.241722,48,11089.322204
-44.85,22,11089.846452
-41.2,26,11090.29914
-38.63,27,11090.844666
-38.39,24,11091.571894
-37.7,31,11092.229211
-39.0,31,11092.833574
-44.41,29,11093.395489
-45.0,19,11093.785428
-47.77,14,11094.032792
-41.9,25,11094.521059
35.721068,27,11095.031912
-35.3,29,11095.60843
-41.41,24,11096.04502
39.864531,22,11096.429658
34.838522,34,11097.08444
-44.01,33,11097.770595
-38.15,29,11098.331999
-33.0,30,11100.681944
-42.0,29,11101.055401
-39.0,26,11101.427629
-38.27,29,11101.949304
32.244966,27,11102.462366
-38.7,25,11102.930687
-36.0,70,11104.24207
-33.0,40,11105.118917
-32.09,30,11105.768046
-33.0,29,11106.466223
-40.85,26,11107.058511
37.263118,24,11107.865646
-45.0,21,11108.352522
-35.65,24,11108.822625
-44.12,27,11109.352839
-38.96,32,11109.940399
44.53,18,11110.317903
-44.12,20,11112.785787
-40.64,26,11113.179768
-43.78,27,11113.564547
-40.12,23,11113.875817
-41.03,31,11114.333014
-44.38,20,11114.692031
-37.96,41,11115.517456
-41.91,27,11116.036776
-44.77,20,11116.432014
-43.84,22,11116.890559
-32.81,26,11117.426344
39.0,23,11117.85693
-35.35,32,11118.634483
-32.47,36,11119.54007
-47.72,22,11120.087646
-35.76,30,11120.854144
-35.5,26,11121.569361
-38.74,20,11121.955204
32.080537,27,11122.502865
-32.2,26,11125.407324
-41.74,36,11125.961631
-33.0,32,11126.478211
-41.13,28,11126.903188
31.599631,38,11127.574783
-45.0,18,11127.89053
-37.43,30,11128.523404
-38.81,18,11128.910603
-38.34,27,11129.434139
-41.81,45,11131.801908
-38.99,30,11132.383251
-44.36,20,11132.788923
37.688513,38,11133.531848
-41.75,22,11133.967548
-35.61,30,11134.542233
-42.0,30,11135.496116
-40.66,32,11136.064282
-39.0,24,11137.003603
44.158067,22,11139.476484
30.0,27,11139.934346
-38.32,33,11140.443073
-45.0,29,11140.746695
-30.0,29,11141.153245
32.662602,33,11142.428297
-39.0,24,11142.934134
-38.81,72,11144.527583
-38.6,41,11145.422363
-40.39,21,11145.879217
-39.0,33,11146.872944
35.497854,40,11147.763515
37.886706,33,11148.440926
-43.41,33,11149.178697
-44.67,23,11149.684432
-42.0,23,11150.160132
-44.81,26,11152.813634
-32.66,29,11153.259242
36.0,26,11153.683453
-43.97,69,11154.823249
-42.0,25,11155.435685
-47.16,23,11156.009211
35.75,29,11156.488341
-36.0,29,11156.951988
-41.51,23,11157.309287
38.292944,26,11157.734451
-43.62,20,11158.164778
-41.01,30,11158.758706
-41.48,22,11159.190823
35.304527,27,11160.569479
-35.23,26,11160.891079
32.72242,71,11161.71347
35.875472,28,11164.138564
-32.58,26,11164.563495
34.796628,66,11165.684296
-41.68,31,11166.566794
-45.0,25,11167.038869
-41.58,28,11167.533785
32.15625,26,11168.008161
-43.15,20,11168.404538
-37.47,37,11169.383576
-35.19,35,11169.874358
-35.75,29,11170.315779
-41.76,27,11170.730623
-42.0,21,11171.410228
-41.85,37,11171.958874
-36.0,40,11172.620126
40.918611,21,11173.0151
31.652091,34,11175.651203
38.060729,26,11176.064133
32.90146,26,11176.513582
-41.3,98,11178.246034
-41.38,22,11178.650652
-38.56,31,11179.213623
-35.68,27,11179.742492
-35.49,34,11180.326985
-42.0,21,11180.708862
-37.85,23,11181.294163
34.663133,36,11181.826377
-41.54,34,11182.322845
33.0,24,11182.655073
36.711791,32,11183.106116
-43.97,25,11183.497578
-44.29,26,11184.19079
-43.76,30,11186.507262
-40.86,32,11187.002076
-38.47,32,11187.555398
-32.65,48,11188.501384
35.331126,28,11188.976784
-38.8,30,11189.492047
-35.24,51,11190.428743
32.467153,32,11191.003349
32.233333,31,11191.566046
-44.75,53,11192.46648
-38.71,26,11192.814897
-38.27,27,11193.224238
-35.22,38,11193.783217
-44.9,20,11194.081758
-42.0,51,11194.811896
-43.79,36,11197.273181
35.065891,37,11198.153828
-41.88,27,11198.609577
-38.99,40,11199.615172
-40.7,24,11199.999345
-41.53,31,11200.574853
-42.0,22,11200.965429
-32.15,30,11201.493094
-37.88,25,11201.921606
-39.0,26,11202.373893
30.0,34,11202.976858
35.473333,25,11203.355625
35.057047,28,11203.837896
-44.41,22,11204.129316
-39.0,28,11204.521125
-38.09,22,11204.841221
-34.94,32,11205.284125
-38.3,24,11205.775166
-38.1,28,11208.100259
-32.91,26,11208.544648
-47.26,21,11208.925519
-45.0,21,11209.354266
38.432432,25,11209.857907
-41.99,40,11210.843304
-42.0,29,11211.345729
-41.33,24,11211.746433
-44.04,34,11212.507991
-45.0,20,11212.835893
37.940394,25,11213.295561
-44.32,23,11213.68376
35.158621,31,11214.23739
-42.0,27,11214.715255
-38.08,30,11215.193216
-34.61,29,11215.632544
-36.0,26,11216.000248
-35.8,31,11216.463147
-36.0,25,11216.862428
-41.5,26,11219.239358
-44.4,26,11220.21959
-40.4,26,11220.726411
-35.62,30,11221.296577
-41.62,24,11221.726016
-39.0,28,11222.227168
35.171756,37,11223.004844
-38.76,26,11223.543736
37.904384,24,11223.990211
-38.55,28,11224.452076
-37.0,25,11224.920373
-39.0,26,11225.382632
45.0,16,11225.71525
-42.0,30,11226.234216
-38.02,39,11226.813933
35.388489,33,11227.297688
-42.0,25,11227.659487
35.519737,24,11227.9635
-32.25,45,11230.625745
31.532374,31,11231.230616
-38.63,39,11231.924115
-45.0,18,11232.235039
-43.53,23,11232.654609
-41.75,24,11233.07402
-35.75,50,11233.938625
-35.62,31,11234.505606
32.42654,40,11235.164845
-37.94,31,11235.888455
40.185175,21,11236.324432
-35.07,41,11237.025682
-38.62,28,11237.424636
-33.0,28,11237.811793
-41.32,20,11238.104091
-38.04,29,11238.560317
-40.3,31,11238.97896
-38.79,20,11241.23526
-44.84,21,11241.592087
-38.12,31,11242.154852
36.0,21,11242.4845
-41.81,35,11243.101004
32.435115,33,11243.676454
-37.94,51,11244.538249
32.236923,39,11245.155151
-41.55,29,11245.856915
-42.0,22,11246.222569
-46.64,22,11246.605929
-41.93,21,11246.957453
-33.0,74,11248.318844
-38.67,33,11248.793223
34.366778,31,11249.159011
36.930802,46,11251.965999
-38.76,26,11252.447185
-38.38,21,11252.814852
-32.08,35,11253.378298
-40.94,26,11253.694827
-39.0,22,11254.032717
-38.52,22,11254.416787
33.0,28,11254.888379
-41.11,25,11255.365119
32.027586,30,11255.879644
-34.72,72,11257.199068
-35.52,28,11257.657007
-45.0,34,11258.262048
-41.91,27,11258.753509
-41.15,20,11259.114125
-41.86,25,11259.561713
32.430464,38,11260.093289
37.445637,31,11262.469632
-38.85,30,11262.978922
-35.76,38,11263.526225
-35.21,37,11264.165982
-41.74,31,11264.726403
-38.39,33,11265.305003
-35.47,51,11266.176142
32.392361,24,11266.578556
-34.83,33,11267.131056
-40.71,98,11268.829712
-41.53,27,11269.91963
-38.1,58,11270.937398
-41.45,26,11271.32934
-41.78,22,11273.439929
34.721601,44,11274.296094
-37.46,27,11274.780597
-41.1,33,11275.268873
-32.14,27,11275.704048
-40.3,22,11276.087193
31.831034,44,11277.10433
-35.06,31,11277.645014
-40.92,29,11278.152354
-41.11,25,11278.604635
-35.93,31,11279.247255
-42.0,25,11279.691463
-38.88,34,11280.393765
-35.73,33,11280.988719
-40.76,49,11281.836798
-35.39,44,11282.533136
-39.0,23,11284.647717
-44.1,24,11285.099135
-32.47,41,11285.821061
-35.24,28,11286.489468
-39.0,39,11287.211867
36.0,25,11287.659242
41.011163,23,11288.272169
-38.55,29,11288.80603
32.458781,48,11289.652933
-35.69,26,11290.105232
34.985867,37,11290.722954
-42.0,25,11291.160719
35.492188,31,11291.70005
-43.83,29,11292.224443
-44.35,25,11292.657138
-47.17,24,11293.105525
-35.12,27,11293.568314
-43.5,25,11295.94396
-43.77,29,11296.456729
32.399194,28,11296.933724
-35.13,30,11297.453959
-41.33,23,11297.861117
-38.06,25,11298.304367
38.738162,28,11298.791415
32.043478,25,11299.232789
-41.17,29,11299.718309
-41.6,28,11300.220726
-35.6,27,11300.746473
-32.17,28,11301.200496
-38.16,27,11301.679992
32.372449,27,11302.335597
-44.39,24,11302.831475
-38.91,41,11303.547623
-44.33,21,11303.908083
-35.88,29,11304.410321
-32.63,28,11304.906333
-42.02,26,11306.951101
-41.78,25,11307.318413
-43.59,22,11307.673803
32.407343,44,11308.454402
-44.4,19,11308.813709
36.862714,39,11309.46748
35.393502,28,11309.93679
-35.82,26,11310.354536
-38.45,29,11310.854402
-38.55,23,11311.237941
-38.89,33,11311.834133
-38.52,25,11312.273749
-40.96,24,11312.682318
-37.43,32,11313.229939
-36.0,29,11313.878655
-40.12,23,11314.343826
-35.76,40,11314.998974
-35.11,33,11317.332581
-38.2,28,11317.715019
-41.61,25,11318.094414
-38.19,26,11318.485585
-35.69,34,11319.05057
-38.2,27,11319.501462
-40.74,25,11319.942992
-33.0,50,11320.79588
34.889121,27,11321.239274
-44.49,31,11321.859442
-31.94,27,11322.356266
-37.74,27,11323.447849
-38.43,29,11323.979043
-36.0,20,11324.367611
-43.24,18,11324.660093
-44.5,48,11325.508714
-35.28,33,11326.07029
-33.0,43,11328.681403
35.155235,26,11329.047003
-41.25,25,11329.430634
-40.76,34,11330.159937
35.137931,21,11330.526979
-32.6,32,11331.075611
32.374613,38,11331.777048
-35.27,27,11332.237446
35.902439,25,11332.67103
35.277978,46,11333.480992
-38.77,27,11333.955546
-35.77,23,11334.346113
-33.0,29,11334.87758
-42.0,18,11335.249641
-35.82,32,11335.871647
-41.56,28,11336.414296
36.0,19,11336.743268
-35.69,64,11339.61705
-44.39,23,11339.96889
37.892822,20,11340.466381
-41.49,26,11340.819325
-33.0,131,11342.923658
-41.82,18,11343.288847
-45.0,23,11343.680629
-35.34,33,11344.258141
-43.45,22,11344.660411
-35.7,43,11345.435247
-38.65,30,11345.966256
32.185771,39,11346.623648
-36.0,21,11346.97383
34.736765,26,11347.425058
-35.54,27,11347.900436
-44.83,24,11350.100604
-43.94,22,11350.40086
39.916624,28,11350.812349
-36.0,27,11351.193054
-35.51,35,11352.42604
-35.45,28,11352.886003
-44.6,38,11353.628515
-32.89,47,11354.403817
-38.79,38,11355.066004
-42.0,23,11355.483984
32.549091,30,11356.253488
-35.15,29,11356.781139
-42.0,27,11357.260673
-32.72,26,11357.704866
-35.14,30,11358.239814
-35.67,26,11358.670709
-41.39,23,11359.073355
-41.51,28,11359.50088
-41.48,37,11361.816089
-44.81,42,11362.426553
-30.0,25,11362.810211
35.017391,24,11363.225773
-32.51,42,11363.948824
-37.93,31,11364.508683
-35.89,35,11365.337449
-39.0,32,11365.94315
-41.88,28,11366.420356
-32.48,29,11366.925056
37.47473,23,11367.323442
32.435252,28,11367.803068
-35.93,28,11368.300646
40.817465,21,11368.651645
-37.49,28,11369.123199
-43.72,24,11369.558285
40.79741,27,11370.019354
35.69962,26,11372.274042
-39.0,36,11372.829648
38.089431,25,11373.168717
-32.84,42,11373.80739
-44.64,30,11374.34157
32.181818,37,11374.96482
-35.56,25,11375.393399
35.570978,34,11376.011426
-44.64,41,11376.780574
-41.79,24,11377.212193
-44.66,33,11377.810605
-33.0,26,11378.247586
-47.4,28,11378.711602
32.280488,29,11379.20879
-36.0,23,11379.645936
-44.06,27,11380.137614
-38.46,30,11380.589653
-41.09,21,11382.906964
-42.0,31,11383.354692
-38.46,45,11383.987962
36.0,29,11384.974177
-32.64,27,11385.452671
-35.91,39,11386.123154
38.819018,21,11386.495955
-40.85,32,11387.089478
-44.39,53,11388.04278
-35.51,24,11388.561781
-35.7,23,11388.988018
32.277108,25,11389.414749
-32.88,38,11390.247403
38.696751,20,11390.609944
-41.97,24,11391.075726
-40.5,32,11391.568897
-39.0,27,11391.954169
-43.8,21,11394.08646
-46.94,25,11394.462237
-37.92,26,11394.818383
-38.11,27,11395.202194
-39.0,28,11395.64835
-44.23,25,11396.152221
-35.41,32,11396.75404
-40.34,49,11397.710746
-35.41,28,11398.071017
-32.77,29,11398.645444
-42.0,27,11399.15126
-41.05,20,11399.54605
32.659674,43,11400.255972
-32.74,35,11400.720474
-38.52,31,11401.545258
-44.41,28,11402.070371
-45.0,27,11402.533359
-36.0,39,11405.090365
-36.0,30,11405.601
-41.45,46,11406.2749
35.344322,27,11406.652596
-41.06,21,11406.931785
-42.0,30,11407.393076
32.182432,31,11407.961402
-35.54,27,11408.590807
-40.39,30,11409.160664
-41.18,21,11409.522599
40.845615,35,11410.330562
34.548105,44,11411.067369
-33.0,32,11411.578634
-44.45,26,11412.072726
38.448669,23,11412.517381
32.344697,29,11413.01142
-37.81,28,11413.523149
35.005726,31,11416.056534
-33.0,33,11416.763304
-38.55,25,11417.138791
-41.08,36,11417.751096
32.771318,33,11418.250282
-35.22,30,11418.697627
-38.17,22,11419.094488
-41.34,26,11419.518391
-38.02,26,11419.911183
-42.6,25,11420.316894
-35.35,41,11421.133517
-35.94,36,11421.821475
-38.55,23,11422.263186
-32.6,39,11422.985038
32.652778,33,11423.566333
-44.3,25,11424.091467
-41.71,29,11424.62656
-39.0,20,11426.872098
-32.86,35,11427.594771
-41.7,36,11428.225564
-36.0,26,11428.677001
-35.09,31,11429.170124
-33.0,29,11429.630082
32.330855,36,11430.166098
-32.49,57,11431.154795
-35.49,39,11431.909949
-39.0,25,11432.352521
-32.33,37,11433.0053
-41.32,21,11433.388121
-36.89,38,11434.142011
35.404762,23,11434.560574
-38.54,27,11435.392151
-32.53,31,11435.872256
-42.0,19,11438.150626
-44.69,23,11438.563936
35.090642,26,11439.008547
-39.0,22,11439.436201
-41.18,25,11439.901861
-41.27,26,11440.384057
-41.4,30,11440.808198
-32.34,41,11441.416337
-39.0,25,11441.845697
-44.29,25,11442.230286
31.583333,30,11442.735544
-44.21,24,11443.783021
32.55205,34,11444.365917
38.032491,25,11444.86306
-40.78,24,11445.275929
-38.16,25,11445.762431
35.566978,28,11446.337865
-44.29,18,11446.694503
-32.37,26,11447.153332
-35.09,27,11447.591513
38.876133,27,11450.086308
-38.48,27,11450.636976
-41.27,26,11451.128359
-41.01,23,11451.535486
-38.42,31,11452.084749
-39.0,35,11452.731315
32.096899,26,11453.183292
-32.52,24,11453.687748
35.817121,27,11454.242462
-44.54,25,11454.71815
-40.58,26,11455.322098
-35.07,27,11455.896782
-41.61,25,11456.35882
-44.68,29,11456.952322
34.272619,30,11457.572271
-33.0,24,11458.105216
-44.59,26,11458.62463
32.019231,36,11459.278801
-41.91,26,11461.609958
-35.33,27,11462.191505
-38.27,33,11462.911392
-41.55,30,11463.799211
-42.0,38,11464.538684
-38.39,45,11465.279498
-32.44,47,11465.950437
-38.81,28,11466.688551
-39.0,20,11467.060237
-38.54,24,11467.517188
-35.39,26,11468.051402
38.21473,41,11468.951871
-47.05,25,11469.419729
-32.34,33,11470.033202
-38.67,27,11470.699262
-41.78,24,11471.331829
-32.17,30,11471.857018
40.506815,35,11474.455442
-34.35,39,11475.155675
-33.0,25,11475.604118
37.585634,30,11476.1522
-39.0,27,11476.619005
-35.63,28,11477.007272
-44.4,19,11477.31663
-36.0,35,11477.796258
-35.12,32,11478.273595
32.164794,30,11478.871376
37.177862,27,11479.432158
38.334586,23,11479.799897
-35.1,24,11480.271932
-38.45,21,11480.658388
-37.89,33,11481.245489
-33.0,29,11481.684625
-44.39,21,11482.03808
-38.59,25,11482.4256
-32.75,32,11484.96414
-44.62,17,11485.299101
-41.62,31,11485.847202
-32.42,29,11486.366366
35.5,22,11486.756784
-32.42,29,11487.282502
35.378229,20,11487.626004
-39.0,33,11488.134069
-35.53,52,11488.924717
-41.12,24,11489.290514
35.476744,27,11489.986644
-38.38,40,11490.767944
-39.0,23,11491.18166
34.346267,29,11491.702284
-38.14,29,11492.230164
35.136518,28,11492.680966
-35.54,24,11493.045086
-41.18,23,11493.739788
-38.56,29,11496.250598
-35.81,30,11496.758808
-38.03,31,11497.428442
-38.19,30,11498.126625
-44.11,24,11498.561209
-44.85,28,11498.928762
-45.0,16,11499.205775
-35.35,25,11499.693856
-38.26,23,11500.03231
32.828897,27,11500.426938
-35.48,33,11500.937316
32.588679,28,11501.35974
-40.84,34,11501.965596
-41.39,28,11502.477748
-41.3,25,11502.925364
-42.78,20,11503.255257
32.257261,31,11503.711751
32.244444,29,11504.215603
-32.75,26,11504.619074
32.667683,83,11508.538429
-35.9,24,11508.974063
32.118644,107,11510.753464
35.317647,22,11511.106125
-38.02,29,11511.541042
-36.0,33,11512.05013
32.505703,36,11512.671236
-41.81,37,11513.324105
-35.34,32,11513.851663
-38.07,23,11514.193234
-35.49,29,11514.649288
32.224359,35,11515.202417
-31.9,31,11515.717232
44.281566,28,11518.317445
-32.54,33,11518.93441
-41.69,22,11519.287759
32.368217,29,11519.817932
-32.11,29,11520.334097
-35.5,29,11520.875205
-44.88,24,11521.34725
36.0,29,11521.997512
-37.44,31,11522.495885
-35.22,24,11522.846271
-44.11,22,11523.174581
-35.7,25,11523.591798
-37.86,24,11524.012248
35.410072,29,11524.554116
35.803636,24,11524.929604
-41.66,21,11525.26172
-38.12,24,11525.636632
-37.62,32,11526.114054
-35.86,29,11526.559284
-35.72,31,11529.111283
-35.09,38,11529.760875
-32.19,28,11530.256778
-35.84,35,11530.892617
-38.26,25,11531.33348
-39.0,42,11532.406564
-46.34,12,11532.610667
-41.91,25,11533.450906
-41.63,23,11533.813888
38.546465,29,11534.268312
-41.02,25,11534.621794
-41.79,25,11535.011398
-38.37,27,11535.451507
-44.84,23,11535.858655
32.400778,38,11536.431637
32.902439,25,11536.845138
32.876543,30,11537.286325
-40.76,20,11537.626059
-36.93,28,11540.177137
32.193103,28,11540.670696
-38.24,23,11541.080523
-39.0,24,11541.518732
-38.72,25,11541.954227
-35.49,29,11542.517762
35.402299,27,11543.256551
32.083612,41,11543.990233
-41.08,22,11544.407734
38.777778,25,11544.881098
-38.67,26,11545.267574
-38.83,28,11545.696518
-44.46,22,11546.042822
-38.11,38,11546.619962
-36.0,34,11547.060761
-34.82,29,11547.49412
-32.22,44,11548.120128
-39.0,21,11548.758358
-35.72,29,11551.511173
-35.59,34,11552.234349
-33.0,28,11552.758148
-42.0,22,11553.138513
-32.18,36,11553.840739
-47.15,18,11554.211169
41.031769,20,11554.571826
-38.55,23,11555.064998
-35.29,34,11555.867427
-41.59,22,11556.418259
-43.77,31,11557.009812
-38.39,40,11557.581294
-35.96,21,11557.981797
-36.0,35,11558.563214
-42.0,24,11558.898034
-44.21,24,11559.27045
-41.38,26,11559.681275
-35.5,32,11560.247062
-39.0,26,11560.715303
35.902527,28,11563.489156
-35.4,25,11563.998263
-35.22,34,11564.964178
-39.0,22,11565.381885
-43.27,29,11565.852448
-41.76,24,11566.279282
-38.21,24,11566.715041
-36.91,38,11567.4352
-38.36,31,11568.07455
-37.8,60,11569.358544
-40.89,27,11569.910476
-39.0,29,11570.516019
-32.71,47,11571.426629
-36.0,31,11571.874296
-35.67,30,11572.315119
-32.36,33,11572.88417
-35.02,28,11575.622245
-39.0,30,11576.131415
-40.93,27,11576.618828
-41.84,18,11577.156305
-37.53,36,11577.905557
-32.02,35,11578.5161
-41.07,20,11578.903931
-35.44,25,11579.381542
-32.81,39,11580.10062
-44.47,20,11580.442464
32.583026,27,11580.933479
-35.85,32,11581.49198
-46.51,20,11581.83956
34.576106,23,11582.16692
-41.44,16,11582.419315
32.137255,28,11582.738045
-35.05,33,11583.165025
-41.91,22,11583.426545
-36.0,26,11583.80435
-37.56,37,11586.371346
-42.0,31,11586.913412
-39.0,32,11587.483847
-35.67,33,11588.105559
-32.54,28,11588.623851
-39.0,23,11589.03188
32.184615,50,11589.8685
32.700361,30,11590.373075
-39.0,24,11590.798025
-38.54,27,11591.292473
-38.21,24,11591.713965
34.836169,29,11592.230587
-34.96,23,11592.667146
-39.0,24,11593.005069
-38.95,28,11593.390337
39.77712,23,11593.688121
-41.9,33,11594.079305
32.748971,29,11596.451979
-35.39,27,11596.892275
-38.43,27,11597.185559
-41.07,25,11597.57821
-47.16,27,11598.163994
-38.83,21,11598.578061
-38.91,33,11599.168229
-44.58,19,11599.534787
-32.59,34,11600.06485
-35.53,24,11600.462713
-35.28,32,11601.180873
-35.56,30,11601.86547
-43.81,28,11602.394884
-41.31,29,11602.908349
-42.0,29,11603.374073
-42.0,53,11604.383837
-32.8,40,11604.875402
-44.17,26,11605.203604
-38.31,27,11607.480859
-36.0,43,11608.253495
-35.19,24,11608.709696
-41.44,26,11609.244651
42.0,29,11609.764154
-41.5,32,11610.333318
-41.52,21,11610.690465
-35.39,28,11611.173097
32.826772,27,11611.624455
32.363344,29,11612.107327
30.0,38,11612.764926
32.184502,29,11613.262779
-38.41,22,11613.632556
-35.14,38,11614.276658
-41.2,28,11614.752039
-33.0,30,11615.191658
-41.23,24,11615.479491
32.389068,30,11617.740295
-37.93,34,11618.362407
-35.02,39,11619.0436
-39.0,24,11619.447076
-45.0,23,11619.853744
-44.53,15,11620.092996
-41.0,39,11620.827845
-38.52,28,11621.419442
35.152421,29,11622.053058
-41.05,30,11622.818499
-38.09,32,11623.364917
-41.12,18,11623.722729
-35.69,24,11624.168598
-38.12,30,11624.684935
32.062016,31,11625.236345
-35.76,26,11625.744197
-32.02,28,11626.4052
-38.45,28,11626.824431
-38.57,18,11627.08011
-42.0,28,11629.419205
-41.22,25,11629.754865
-42.0,27,11630.271848
-41.28,23,11630.660372
-40.06,21,11631.079576
-44.72,25,11631.544612
-38.48,23,11631.937403
-41.29,25,11632.385045
-41.95,27,11632.835108
-32.76,32,11633.45175
-44.72,36,11634.122786
-35.48,31,11634.688667
-38.5,32,11635.2664
35.392491,28,11635.788822
-37.83,37,11636.428383
35.161671,50,11637.328056
38.172535,26,11637.777012
-35.29,43,11640.231978
-40.91,28,11640.739659
-38.44,35,11641.376871
-38.61,29,11641.911299
-43.01,33,11642.474538
-39.0,21,11642.881428
-41.64,42,11643.621774
-41.63,25,11644.085436
32.608365,35,11644.70034
36.0,22,11645.107474
-39.0,24,11645.557105
-38.02,27,11646.066268
35.077465,19,11646.441579
-35.34,30,11646.909983
-35.07,33,11647.502683
35.264151,26,11647.959708
34.924214,29,11648.66304
38.406612,33,11650.918119
-38.36,52,11651.878306
-38.68,21,11652.391681
-38.66,26,11652.885141
36.0,25,11653.530439
-35.67,27,11654.0083
-34.46,33,11654.575027
-37.69,36,11655.230659
-44.22,23,11655.687268
-38.05,46,11656.507276
-37.5,30,11656.989719
-41.21,23,11657.393523
-42.0,28,11657.863777
-44.22,27,11658.38342
32.069767,40,11659.108708
-45.67,17,11659.381578
-41.2,63,11662.134042
32.009479,38,11662.815553
-44.41,22,11663.221038
-42.0,18,11663.577942
-40.81,22,11664.021863
-41.53,31,11664.583546
-38.79,23,11665.008689
31.59068,35,11665.655435
-35.47,32,11666.248452
-41.64,19,11666.568488
-38.72,21,11666.950428
-35.23,29,11667.448542
38.636923,23,11667.869817
-41.12,26,11668.371378
38.346304,23,11668.765125
-41.51,33,11669.327587
-38.91,32,11669.91335
-32.95,21,11670.284969
-35.79,27,11670.753022
-32.96,36,11672.999964
-38.38,38,11673.593384
-35.11,30,11674.125092
-42.0,19,11674.478529
-46.91,24,11674.888232
-38.32,34,11675.492251
-40.12,25,11675.953133
-42.0,27,11676.674724
-38.01,19,11677.315957
-38.56,30,11678.059372
-38.62,25,11678.581069
-38.76,43,11679.428553
-38.61,25,11679.878153
-40.7,30,11680.418954
-32.64,30,11680.924047
-45.0,23,11681.332201
35.114794,29,11681.849707
-38.46,26,11682.362733
-42.0,25,11682.761561
-45.0,32,11685.185893
-41.61,24,11685.591667
-35.08,36,11686.244687
-35.7,23,11686.669224
-41.6,19,11687.03575
-44.1,18,11687.348068
-41.71,17,11687.726254
-38.27,29,11688.276802
34.696059,24,11688.694394
-42.0,27,11689.181309
-38.67,32,11689.765982
-32.6,34,11690.526303
-44.42,16,11690.817833
-42.0,20,11691.255644
-47.24,17,11691.627477
-44.96,20,11692.020018
-41.87,34,11692.764268
-41.63,40,11693.620223
-42.0,36,11694.288044
37.560403,27,11696.65359
-44.16,18,11696.932725
31.973251,37,11697.531915
-34.68,39,11698.312043
-38.62,28,11699.017996
-38.23,29,11699.642086
-38.15,24,11700.11863
32.327465,35,11700.777342
-40.92,29,11701.305856
-33.0,27,11701.863318
33.0,32,11702.517299
-44.93,29,11703.057772
-40.22,27,11703.873912
38.36244,33,11705.056187
-38.1,25,11705.62623
34.906716,30,11707.306956
-41.09,26,11708.163601
-42.0,28,11709.608141
40.349043,22,11713.585079
-36.0,51,11714.404373
35.149533,31,11714.904601
37.470776,23,11715.353479
34.320077,29,11715.918169
-32.23,37,11716.636154
-32.61,35,11717.397419
32.133603,33,11718.156286
-38.5,26,11718.728585
-40.82,26,11719.324478
-38.65,26,11719.896044
-33.0,28,11720.6474
34.87299,26,11721.453445
-44.49,22,11722.085061
-40.95,24,11722.804372
-38.32,29,11723.557047
-45.0,28,11724.146483
-41.25,25,11727.262583
-41.42,27,11727.846586
-41.81,32,11728.611163
-33.0,36,11729.469983
-40.81,27,11730.218956
-38.45,28,11730.973477
-43.82,34,11731.792892
-47.04,27,11732.403924
-44.69,17,11732.817318
32.338762,30,11733.54859
35.936803,27,11734.201588
36.0,24,11734.783196
-41.16,30,11735.486737
-44.78,19,11735.983695
-41.43,27,11736.696522
35.007435,29,11737.423797
32.689024,36,11738.342027
-32.36,33,11739.10746
-46.98,33,11742.508898
-37.93,32,11743.155521
-39.0,30,11743.725034
-38.52,30,11744.297595
-44.27,24,11744.809118
-44.14,26,11745.308175
-36.0,26,11745.8946
-42.0,28,11747.249338
33.0,30,11748.057172
-33.0,40,11749.08244
-41.42,24,11749.676295
-35.62,35,11750.678061
-41.79,30,11751.489758
-39.0,25,11752.118958
-41.49,21,11752.764248
-44.69,20,11753.281923
32.817829,30,11753.967142
41.047009,19,11754.456516
-38.22,22,11755.155924
-40.85,31,11758.720387
-35.1,28,11759.539318
-44.85,28,11760.379185
-38.82,23,11760.877499
-36.0,34,11761.624161
-35.5,34,11762.342235
32.636646,34,11763.020265
-41.65,37,11763.920786
-42.0,29,11764.589907
-44.21,26,11765.161749
-41.91,31,11765.930101
-44.44,21,11766.571262
-38.09,28,11767.22793
-43.75,24,11767.898025
-35.62,29,11768.599083
-41.31,26,11769.344947
-42.0,21,11769.863165
-46.82,19,11770.303897
-41.47,20,11770.835001
-41.16,18,11774.683228
34.523317,27,11775.754366
-38.32,25,11776.662355
38.130769,19,11777.206457
-41.2,31,11778.077851
-38.95,23,11779.135991
-42.0,29,11779.936882
-38.69,26,11780.753688
-41.94,25,11781.556602
32.565891,32,11782.649172
-35.77,26,11783.535394
-34.6,28,11784.550236
-32.98,28,11785.409432
-38.35,22,11786.027186
-41.09,26,11786.834124
-35.47,32,11787.756774
-36.0,31,11788.646345
-35.94,31,11789.60688
-42.0,27,11790.312004
-38.79,25,11794.001737
-44.38,25,11794.678952
-41.91,25,11795.417756
41.347006,16,11795.888411
-44.64,20,11796.385237
-32.21,35,11797.284016
-35.14,29,11797.952099
-41.88,27,11798.574883
-44.45,31,11799.245083
-37.82,34,11799.998867
-41.21,26,11800.656183
-35.38,39,11802.03447
-33.0,29,11802.797292
-41.15,29,11803.640386
-44.62,29,11804.461914
-32.27,28,11805.209913
-40.47,23,11806.040641
-32.48,32,11806.8581
-38.26,36,11810.892618
-30.0,28,11811.77403
-32.72,32,11812.629423
-42.0,19,11813.113205
-35.23,23,11813.808339
-41.61,22,11814.424598
32.727564,29,11815.131004
-38.65,41,11816.123695
35.569767,24,11816.646541
32.305842,30,11817.347428
-39.0,20,11817.871363
38.174807,20,11818.428378
32.269663,33,11819.707549
-44.72,19,11820.194384
-37.67,32,11821.047566
-38.34,24,11821.735521
-35.19,24,11822.426049
-41.43,37,11823.46463
-44.32,22,11824.042378
-38.5,27,11827.70328
-44.8,23,11828.322814
-35.03,28,11829.365721
-33.0,24,11830.011666
-40.82,33,11830.955047
-39.0,22,11831.651661
-41.6,26,11832.281558
-39.0,51,11833.472265
-43.75,38,11834.400209
34.990272,30,11835.079649
-35.52,37,11836.063624
-38.63,35,11837.109824
-41.09,28,11837.860722
-41.78,27,11838.630833
32.549815,26,11839.469517
-41.57,28,11840.577785
32.104478,32,11841.660151
-41.56,30,11845.4095
-43.6,27,11846.195181
-41.29,20,11846.712409
-38.99,26,11847.851697
-38.12,32,11848.887333
-44.16,22,11849.497728
-38.26,25,11850.087741
-41.03,23,11850.640775
-39.8,31,11851.253993
-41.86,31,11852.801357
-32.72,34,11853.679594
34.653734,27,11854.446547
-41.34,26,11855.202205
-35.05,38,11856.301002
-38.4,49,11857.689197
-33.0,37,11859.039641
-35.15,60,11863.391525
-37.83,28,11864.184742
35.431122,21,11864.849651
-35.8,29,11865.609167
-32.06,28,11866.291739
31.536232,24,11866.879196
-38.28,24,11867.451999
-42.0,16,11867.82436
-32.24,59,11869.220169
-32.32,27,11869.950937
-35.11,27,11870.645374
-44.23,29,11871.556782
-41.05,27,11872.247878
-35.93,35,11873.606374
-41.2,32,11874.968078
-43.55,23,11875.783605
-38.41,18,11876.331767
-41.36,33,11877.173901
35.03871,28,11880.531702
-39.0,26,11881.223035
37.763657,22,11881.834238
32.753676,25,11882.579439
33.0,57,11884.0083
-31.54,29,11885.021929
-35.81,22,11885.539522
-41.5,22,11886.241365
34.733645,23,11886.7511
-32.39,33,11887.632383
-41.83,19,11888.126123
-41.72,34,11889.516315
-39.0,35,11890.465249
-38.81,20,11891.037034
-34.95,36,11892.079322
-35.19,27,11892.851958
34.242107,28,11893.60003
-38.16,22,11894.16047
-44.26,22,11894.733899
-35.61,38,11898.52014
35.542439,34,11899.458077
-38.62,29,11900.140521
-34.68,30,11900.836214
-39.0,30,11901.539167
-32.33,37,11902.323331
32.468966,37,11903.13592
-41.81,34,11903.871688
-35.54,26,11904.534982
-44.62,23,11905.881984
-41.35,22,11906.450253
-44.2,18,11906.913669
-44.49,36,11907.833452
-39.0,24,11908.458139
-33.93,35,11909.498194
-41.13,19,11909.976297
36.0,25,11910.716947
-38.13,30,11914.157705
-38.58,26,11914.854448
-33.0,28,11915.646083
-41.06,26,11916.278922
-38.78,25,11916.793556
-35.76,38,11917.581206
44.241245,23,11918.438571
-41.93,27,11919.105608
-35.73,24,11919.693439
-37.7,33,11920.529439
-30.0,30,11921.283663
-32.35,29,11922.167514
-32.36,29,11923.045656
-41.55,19,11923.579241
-41.3,21,11924.123966
-35.84,40,11925.205576
-40.61,27,11925.983909
-40.92,32,11926.850401
-42.93,27,11930.285759
36.0,30,11931.057347
-43.13,33,11931.891632
-41.95,23,11932.437362
-41.84,35,11933.596826
-41.05,25,11934.288514
-37.54,42,11935.234467
-35.76,27,11935.773618
-41.09,37,11936.668372
-38.72,35,11937.620822
34.874891,28,11938.327866
-39.0,27,11939.06832
38.240741,31,11939.821371
40.522018,26,11940.470669
-32.95,32,11941.354186
-38.26,30,11942.204878
-38.2,26,11942.965267
34.529575,29,11946.419853
-38.37,32,11947.355612
-38.3,50,11948.657136
-38.76,20,11949.124054
-44.35,24,11949.718412
-41.52,28,11950.82706
-40.88,25,11951.388921
-36.0,22,11952.20242
-35.63,32,11953.042637
32.55,29,11953.8115
33.0,56,11955.362167
-32.79,56,11956.854467
-36.0,34,11957.852344
-38.91,25,11958.495711
32.52439,31,11959.306206
-38.09,21,11959.868127
-32.31,29,11963.469085
-43.6,25,11964.027611
-38.09,38,11965.361266
-38.27,26,11965.99489
-44.19,20,11966.507087
34.260021,28,11967.098761
32.178082,30,11967.750428
34.994574,29,11968.376535
35.648889,31,11969.171556
-34.63,28,11970.010826
-32.95,36,11970.990285
-43.77,25,11971.646327
-42.0,18,11972.074038
-41.8,27,11972.831707
-34.25,29,11973.581069
-44.58,30,11974.43573
32.257143,43,11975.536433
-35.21,29,11976.292875
-38.79,27,11979.692358
-36.0,31,11980.544178
-44.27,28,11981.2576
-43.98,27,11981.936881
-46.88,26,11982.528303
-32.88,37,11983.336169
-41.15,27,11983.927824
-41.23,32,11984.667514
41.462222,19,11985.114241
-41.48,22,11986.05782
-40.34,31,11986.894938
-34.72,37,11987.756438
-48.0,14,11988.140956
-41.14,26,11988.841539
32.875862,22,11989.479338
-38.61,22,11990.034433
-38.24,23,11990.689098
-39.0,30,11991.579757
-41.18,38,11992.669526
-44.51,33,11996.357853
-39.0,26,11997.074822
-38.7,43,11998.783
-31.68,33,11999.724108
-35.11,27,12000.389474
-38.77,32,12001.049983
-35.69,29,12001.778007
-42.0,24,12002.391737
-38.81,23,12002.907728
-38.29,44,12004.223734
-40.45,43,12005.592218
-37.45,35,12006.639091
-44.69,17,12007.118524
-41.66,25,12007.793977
40.563703,24,12008.634173
36.0,25,12009.326232
-46.22,19,12009.854198
-37.44,28,12013.357152
35.288889,35,12014.24391
-47.08,21,12014.852725
-41.44,22,12015.448799
-35.65,44,12016.619426
-33.0,34,12017.466618
-40.96,43,12018.804451
-41.3,29,12019.549638
38.242036,32,12020.505682
-41.66,26,12021.233754
-43.29,31,12022.090897
-35.57,44,12023.17405
-44.28,33,12024.077941
-42.0,33,12025.006295
-35.76,29,12025.761606
-41.8,29,12026.53988
-38.41,26,12029.807669
-41.14,22,12030.543074
-41.04,41,12031.789315
-41.43,22,12032.351482
-38.35,26,12033.011943
-38.07,34,12033.688753
-42.0,25,12034.190611
-35.42,34,12035.435738
32.566667,27,12036.297783
-33.85,26,12036.833619
-37.82,28,12037.58749
-38.0,46,12038.694231
-39.25,32,12039.367552
34.174725,26,12039.93949
-35.71,28,12040.768789
-41.36,20,12041.323046
-38.71,30,12042.130357
-41.9,86,12046.267373
-40.31,25,12046.919507
-47.62,27,12047.518569
-38.3,25,12048.191108
-37.59,27,12048.755922
-44.04,20,12049.08287
43.822199,21,12049.416281
32.154639,32,12050.073705
-38.74,34,12050.679446
-38.76,32,12051.317688
-38.34,32,12052.073915
-37.83,44,12052.716664
-38.95,33,12053.306934
-44.59,20,12053.678821
38.254783,22,12054.133904
34.28326,35,12054.862323
-35.45,32,12058.156053
-42.0,21,12058.453851
30.0,25,12058.826663
-38.89,22,12059.21383
-35.28,27,12059.71328
-40.02,39,12060.417219
-42.0,21,12060.809417
-35.33,31,12061.326145
35.534884,32,12061.82436
-38.48,29,12062.278623
-36.0,29,12062.715271
-38.18,32,12063.177781
-38.48,19,12063.476138
-42.0,26,12063.936741
-41.86,27,12064.400793
35.018519,29,12064.917392
-44.03,26,12065.422745
-35.14,26,12065.916154
-38.7,33,12066.476568
-40.17,25,12068.866918
-35.78,28,12069.299896
-44.15,30,12069.812176
32.852564,35,12070.400939
-41.44,20,12070.782089
-32.88,42,12071.614631
-41.05,25,12072.047257
-39.0,33,12072.487277
-38.42,26,12073.016828
-39.0,40,12073.635401
-37.88,36,12074.133443
-41.27,23,12074.462539
-41.25,27,12074.848236
-35.16,25,12075.210226
-41.5,36,12075.754014
-41.13,22,12076.130412
38.049002,29,12076.644789
32.462222,29,12079.13355
-41.28,25,12079.497203
32.520599,29,12079.936116
-41.05,16,12080.215589
35.479222,26,12080.646074
-37.28,30,12081.220805
-38.62,24,12081.667648
37.680505,27,12082.278947
40.651199,28,12082.863491
-38.91,28,12083.506988
-35.36,63,12084.804001
-38.66,24,12085.327876
-38.19,27,12085.703013
-36.0,24,12086.053336
-38.91,22,12086.378496
-37.61,31,12086.903129
-41.47,26,12087.339397
38.607383,18,12087.679469
-38.71,26,12088.133677
-35.07,22,12090.379911
33.0,26,12090.810783
-44.51,20,12091.203265
-44.35,23,12091.667628
-32.26,32,12092.349711
-41.32,28,12092.929529
34.995033,33,12093.590039
-44.24,31,12094.126828
38.624031,28,12094.596104
38.348921,26,12095.079671
-38.94,34,12095.646042
-35.44,42,12096.344374
35.343324,26,12096.707013
-32.68,36,12097.251594
34.813026,35,12097.776837
-33.0,29,12098.232622
-42.0,23,12098.653241
-38.9,26,12099.098037
-33.0,40,12101.990693
-44.33,22,12102.382884
-38.26,24,12102.786334
32.505495,54,12103.801244
-35.3,26,12104.243698
-32.77,35,12104.846817
-38.8,26,12105.253843
35.279863,33,12105.849721
-35.5,27,12106.310617
-40.98,23,12106.706084
-41.91,23,12107.067954
-40.66,25,12107.475298
-34.64,31,12107.906405
-41.56,25,12108.292861
-38.22,24,12108.673347
-38.81,26,12109.035865
-44.27,22,12109.395372
-36.0,53,12112.398666
-38.04,23,12112.77384
-32.62,32,12113.324471
37.22549,26,12113.900771
32.103448,30,12114.411651
-32.86,27,12114.9149
32.52459,34,12115.478598
-44.64,23,12115.864404
-42.42,23,12116.292557
-43.5,22,12116.659638
-41.37,30,12117.173036
-41.28,24,12117.575341
-44.15,32,12118.234101
-35.65,27,12118.598159
-41.27,24,12118.956005
-38.7,23,12119.313723
-38.81,31,12119.761604
-35.35,34,12120.39489
-44.29,29,12122.816051
35.556314,49,12123.702628
-41.26,23,12124.12022
-41.69,23,12124.537343
-41.43,19,12124.853052
-42.0,25,12125.284643
-41.47,23,12125.652814
-43.79,30,12126.14263
-41.21,30,12126.651793
-35.03,29,12127.167204
-39.59,29,12127.642892
-32.61,32,12128.19639
-41.2,22,12128.571998
-41.49,23,12128.906774
-35.88,31,12129.356512
-35.15,29,12129.755554
-38.91,34,12130.254404
-36.0,33,12130.742535
-38.79,28,12133.016938
-40.57,31,12133.549772
-41.8,31,12134.144493
32.407407,32,12134.464785
-41.17,42,12135.130511
-45.82,22,12135.56368
-34.83,30,12136.050663
-32.41,35,12136.618681
-40.58,32,12137.222862
-35.7,44,12138.014126
-44.65,24,12138.432049
-41.37,18,12138.751327
-38.62,17,12139.000582
37.977579,27,12139.460534
-38.83,25,12140.131781
-32.74,42,12140.762512
-35.44,35,12141.254425
-32.18,30,12143.661773
38.395131,20,12143.947995
-44.67,19,12144.255853
-44.83,22,12144.643643
-41.27,27,12145.127446
-35.54,47,12145.936262
-40.94,30,12146.446129
-38.78,21,12146.778893
-41.75,28,12147.30201
-32.91,31,12147.805877
-41.31,24,12148.212142
-36.0,38,12148.84316
-32.49,32,12149.408492
-40.83,22,12149.797448
31.566298,30,12150.295384
-38.46,18,12150.612036
-44.24,23,12150.951765
-32.82,33,12151.427549
-41.85,30,12151.895715
-36.0,30,12154.247235
-41.53,28,12154.903552
-44.71,26,12155.408456
35.788462,44,12156.185553
-41.15,33,12156.816144
-40.66,22,12157.179068
39.848416,30,12157.716902
39.56048,21,12158.063534
-44.2,27,12158.524156
38.156794,26,12158.986498
-38.31,28,12159.470583
-41.21,20,12159.805685
-34.2,40,12160.613775
-41.8,27,12161.051044
-41.52,54,12162.125449
-41.35,23,12162.447047
-37.66,27,12162.839675
-38.28,22,12164.906037
-43.47,20,12165.274996
-44.88,19,12165.613224
-40.7,22,12165.994912
-41.83,28,12166.452198
38.643636,20,12166.967926
-41.91,20,12167.26632
-46.66,18,12167.604184
35.080261,33,12168.153061
-38.51,35,12168.733221
-32.54,50,12169.655788
-35.07,33,12170.2756
-39.0,34,12170.871704
-38.91,26,12171.360682
-36.0,47,12172.166569
40.428333,22,12172.512834
37.768444,28,12172.961941
-44.35,29,12173.405708
-33.0,46,12176.016624
-32.02,40,12176.663105
38.460317,19,12177.017842
-42.0,29,12177.562201
-35.57,28,12178.055402
-35.78,30,12178.596139
-41.07,27,12179.054271
-38.76,29,12179.515813
-41.67,14,12179.74881
-44.17,21,12180.109781
-38.57,25,12180.66071
32.022581,43,12181.390201
35.544892,24,12181.800843
-41.47,23,12182.17328
-41.49,18,12182.480008
39.460414,23,12182.951049
-36.0,56,12183.934594
-38.11,23,12184.327307
-41.52,22,12186.349094
-32.71,34,12186.94267
-32.05,36,12187.579179
35.162252,27,12188.056568
-41.59,21,12188.358004
-38.11,32,12188.890911
-44.18,22,12189.23348
-32.52,30,12189.749743
-38.76,38,12190.389485
37.574166,31,12190.910372
-40.57,25,12191.33202
-42.0,22,12191.705165
-38.89,45,12192.718355
32.273063,24,12193.122174
-38.54,37,12193.789983
-38.31,41,12194.456494
-44.19,18,12194.71464
-41.86,26,12197.106296
32.071429,25,12197.588524
-44.29,35,12198.258098
-41.35,27,12198.737138
37.198811,34,12199.372153
-33.0,34,12199.938655
-32.21,34,12200.516459
-44.51,22,12200.886215
-41.25,25,12201.319042
35.121622,25,12201.734938
-38.5,58,12202.756018
-44.27,21,12203.174349
-38.92,33,12203.793581
-38.09,25,12204.302853
-41.05,35,12204.901777
-40.2,37,12205.514991
-41.27,24,12205.934715
-41.09,24,12208.25914
-38.62,37,12208.968367
37.430352,29,12209.468231
-42.0,19,12210.80941
-42.0,28,12214.080192
34.910915,27,12214.701763
-41.91,20,12215.162066
-41.71,26,12215.670425
37.386965,22,12216.103789
32.618902,34,12216.758259
-35.75,29,12217.267705
38.228346,29,12217.836543
-38.33,40,12218.616355
33.0,31,12219.175508
-36.0,33,12219.752426
-35.27,36,12220.447289
-44.22,33,12221.151421
-32.82,25,12221.574904
-41.88,27,12223.845052
-33.0,32,12224.45196
-38.35,25,12224.853917
-38.63,22,12225.257894
-38.91,29,12225.798156
-32.91,37,12226.449568
-38.48,36,12227.069256
-33.0,28,12227.566494
35.364039,30,12228.062841
-36.0,39,12228.763694
-41.91,24,12229.210277
35.397799,33,12229.811059
-36.0,27,12230.385029
35.878431,27,12231.001114
41.399225,22,12231.424191
-38.82,40,12232.159443
-38.76,18,12232.500944
-47.76,23,12234.681113
-34.6,26,12235.099713
32.318182,27,12235.649546
-35.87,20,12236.01549
-38.33,32,12236.612005
-38.75,27,12237.118842
-44.23,45,12237.890783
-35.88,33,12238.479004
34.529973,35,12239.118182
-41.76,25,12239.535865
-39.0,24,12239.961968
-32.66,30,12240.463833
-35.2,32,12241.07987
41.711111,25,12241.515786
-41.76,28,12242.147412
-36.0,25,12242.757175
-38.31,27,12243.283208
-36.0,30,12243.885069
-41.4,23,12245.930858
-40.63,28,12246.406287
32.67364,23,12246.751814
32.78157,28,12247.186415
32.372093,27,12247.642804
-35.61,37,12248.308224
-41.38,34,12248.939564
-45.0,24,12249.364299
-41.44,38,12250.002825
-43.98,28,12250.500816
-36.0,26,12250.993351
33.0,28,12251.512431
-38.45,24,12251.932003
-44.62,26,12252.54381
-32.14,27,12253.040332
-37.73,27,12253.532638
-39.0,46,12254.319496
-41.04,34,12256.842711
-35.19,74,12257.9771
35.626415,34,12258.477056
-44.12,16,12258.736588
32.454918,49,12259.496652
33.0,33,12260.057339
-35.32,28,12260.536923
-42.0,27,12260.981172
-41.2,20,12261.341387
32.323636,35,12261.982103
-38.62,26,12262.491334
-37.66,28,12263.027489
-44.85,21,12263.382261
-44.33,21,12263.775522
-41.2,35,12264.456987
-42.0,30,12265.133615
-36.0,38,12267.812462
36.923515,27,12268.279324
-32.8,26,12268.704975
-41.63,32,12269.143238
-41.13,35,12269.665637
-38.73,24,12269.997752
-37.63,26,12270.347931
-38.53,22,12270.714782
-41.01,27,12271.194721
40.457987,24,12271.589393
32.094118,29,12272.097908
-32.91,28,12272.566511
-37.97,28,12273.059006
-32.84,39,12273.641026
-44.03,25,12274.17328
-38.6,39,12274.878211
-38.44,24,12275.276242
-36.0,26,12275.69831
-38.42,26,12276.175521
-44.66,27,12278.594186
-45.0,35,12279.272724
37.583577,40,12279.884855
-38.29,28,12280.343115
-43.67,30,12280.85568
32.196721,30,12281.278226
35.372014,30,12281.776348
33.0,26,12282.218204
39.971614,23,12282.646519
-44.34,42,12283.414798
-44.56,23,12283.868027
-35.42,34,12284.715987
-45.0,20,12285.128241
-41.88,27,12285.641253
36.0,22,12286.031666
-35.06,45,12286.97015
-32.4,31,12289.545943
-41.49,25,12289.991952
-38.61,35,12290.729613
34.552045,28,12291.375183
36.0,23,12291.755189
-45.0,18,12292.070001
-44.13,22,12292.589826
-32.67,57,12293.468227
-38.69,24,12293.893041
-33.0,29,12294.42656
-38.24,25,12294.876279
-41.13,25,12295.337575
-42.0,86,12297.035621
-32.79,35,12297.736204
-43.53,26,12298.216352
35.152727,33,12298.8031
-35.17,35,12301.234371
-43.36,18,12301.571657
-41.53,25,12302.048008
-36.0,28,12302.488779
-31.61,27,12302.881516
-41.5,25,12303.258383
-41.77,23,12303.616289
-34.81,33,12304.126695
-46.46,20,12304.4513
-38.33,26,12304.969759
-43.38,28,12305.489419
-38.77,38,12306.177596
-38.91,23,12306.627697
32.101626,28,12307.128396
36.751468,27,12307.687564
-37.62,31,12308.310585
35.016349,41,12309.025858
-35.68,27,12309.499658
-38.44,20,12309.822304
35.115551,30,12312.357543
-41.22,24,12312.836881
-44.18,18,12313.131788
-41.5,19,12313.450983
-32.76,33,12313.997529
-38.64,29,12314.419902
32.132812,33,12314.891037
-35.48,34,12315.465723
-32.35,20,12315.779359
-33.0,26,12316.24761
-34.89,33,12316.896472
-43.39,25,12317.358906
-44.31,22,12317.777943
-41.7,28,12318.331789
37.996055,24,12318.842441
-36.58,29,12319.376293
32.283525,38,12320.062062
37.494584,22,12320.461197
-39.0,25,12320.895857
-40.85,32,12323.26829
32.171141,52,12324.135068
-38.29,26,12324.586286
32.778169,29,12325.059021
-44.24,21,12325.384768
-39.0,18,12325.655565
32.675556,32,12326.139178
-38.02,25,12326.486276
32.803636,34,12327.015161
-35.14,22,12327.398227
32.519685,36,12328.020354
-44.58,18,12328.364928
-35.27,29,12328.924418
32.657143,34,12329.641016
35.345324,29,12330.159583
-38.13,30,12330.725076
-32.36,27,12331.20719
-38.5,32,12333.671556
-32.82,32,12334.20056
34.174742,40,12335.126061
-44.1,16,12335.435939
-40.97,21,12335.79676
32.409266,40,12336.516565
-35.71,22,12336.85962
-44.07,22,12337.168
-39.0,29,12337.605668
-41.41,30,12338.046189
-46.05,22,12338.375798
37.659941,28,12338.788416
-33.0,37,12339.444185
-39.0,32,12340.057407
35.227642,28,12340.596359
-46.81,30,12341.291049
-47.52,19,12341.620064
32.436567,30,12342.122374
-32.59,27,12342.51333
-44.09,25,12344.758617
-39.0,39,12345.37109
-42.0,28,12345.832124
-44.39,29,12346.308952
-35.88,40,12346.972709
-36.0,20,12347.329066
-38.44,24,12347.722005
-40.77,25,12348.063811
-32.13,28,12348.461251
-41.47,24,12348.804067
-36.0,28,12349.22771
-39.0,28,12349.611835
-41.22,29,12350.154187
-38.05,35,12350.96796
-40.66,26,12351.4865
-44.07,19,12351.862322
-41.61,27,12352.41047
-39.0,24,12352.846031
-41.68,25,12355.202363
-41.1,29,12355.72328
-38.12,27,12356.21595
47.25,17,12356.549585
-44.72,33,12357.166523
41.416667,19,12357.524524
-32.48,28,12358.042441
-44.33,23,12358.437732
-36.0,30,12358.983849
-40.66,29,12359.452054
-41.82,25,12359.835197
-38.67,30,12360.256323
-34.41,36,12360.786188
-41.29,27,12361.21516
-41.77,23,12361.614369
32.914191,51,12362.529959
36.0,23,12363.036171
35.42545,28,12363.413939
-41.77,24,12363.683029
32.709677,29,12366.465534
-41.04,32,12366.976346
-38.61,27,12367.428715
33.0,25,12367.869811
-38.27,29,12368.389905
32.072848,30,12368.981455
33.0,34,12369.558588
41.262226,22,12369.991455
-35.64,31,12370.603588
36.133103,22,12370.978599
-42.0,24,12371.340184
-38.41,28,12371.76156
38.107971,27,12372.164781
-41.75,30,12372.621624
41.543624,20,12372.923644
-32.55,29,12373.560339
-40.95,33,12374.190547
-36.88,34,12374.806993
-44.12,24,12377.234334
34.615868,30,12377.713768
-41.73,24,12378.123861
-32.25,42,12378.814277
-41.11,33,12379.393566
36.0,25,12379.814597
-40.82,24,12380.261176
-32.88,29,12380.784387
-40.7,32,12381.413605
-37.89,26,12381.87981
35.300781,28,12382.370485
-32.82,32,12382.914752
41.290619,20,12383.229392
41.299669,26,12383.720935
-38.27,22,12384.060981
-35.57,28,12384.472897
-38.3,26,12384.906031
-39.0,24,12385.348494
34.780188,33,12388.022229
36.0,29,12388.468147
32.206478,32,12388.995396
-44.34,19,12389.31384
-35.91,31,12389.925111
-41.55,36,12390.694651
-41.56,25,12391.198061
-38.78,23,12391.616275
-41.87,25,12392.115955
35.595918,26,12392.568392
-37.6,32,12393.191687
-35.0,35,12393.863183
-34.1,62,12395.034769
-39.0,24,12395.41797
-43.18,21,12395.856723
-38.76,33,12396.520071
-42.0,22,12396.918582
-40.76,28,12397.482826
-38.75,31,12400.133042
-32.16,56,12401.052735
38.21899,25,12401.438219
-35.91,33,12402.030031
32.36246,38,12402.836087
-35.03,35,12403.451734
-41.34,20,12403.80188
-39.0,33,12404.401428
-32.83,32,12404.954341
38.397887,24,12405.352906
-39.0,25,12405.75895
-41.3,28,12406.208199
32.698675,37,12406.776191
-38.82,27,12407.185351
-42.0,22,12407.466263
-44.64,23,12407.806671
-36.0,27,12410.129194
-41.74,20,12410.421004
-43.48,41,12411.049579
37.816289,17,12411.411508
-38.51,32,12411.927718
34.634588,31,12412.453846
-41.1,22,12412.827329
-38.42,24,12413.223732
32.642066,30,12413.750664
-35.12,29,12414.296522
-41.56,27,12414.753187
-44.46,18,12415.105394
-42.0,21,12415.47874
-31.92,30,12416.062913
-43.83,28,12416.533545
-42.0,17,12416.825039
-36.0,32,12417.306442
-36.0,19,12417.772913
32.219424,57,12418.633981
-38.25,37,12421.244038
37.564448,25,12421.611501
-38.82,21,12421.967065
39.0,26,12422.383921
-38.72,30,12422.833485
-41.43,32,12423.413713
-38.67,33,12423.990831
-32.9,24,12424.401361
-42.0,25,12424.836977
41.197719,25,12425.278326
32.869091,39,12425.991467
-38.91,23,12426.381049
-38.39,25,12426.846526
-42.0,26,12427.327353
-35.45,86,12428.726552
-38.86,21,12429.040077
-44.02,21,12429.365969
-43.46,26,12431.652101
32.366412,35,12432.216185
-39.85,27,12432.597399
-41.16,32,12433.066334
-46.64,26,12433.512699
-34.76,26,12434.09148
-34.52,35,12434.822892
-36.0,30,12435.340481
-42.0,25,12435.736445
-44.49,32,12436.306049
-44.37,21,12436.652869
-35.27,27,12437.112808
-40.89,25,12437.546225
-42.46,29,12438.047392
-39.0,23,12438.421077
-41.88,27,12438.89134
-35.49,32,12439.393111
-40.44,28,12439.893884
37.73115,21,12442.133366
-38.44,26,12442.526266
34.701095,35,12443.028561
-45.0,22,12443.332608
-41.7,22,12443.664315
-42.0,54,12444.553528
-38.28,26,12444.964448
35.292683,26,12445.393811
-39.0,16,12445.68156
35.280769,20,12446.026815
-42.0,51,12446.932955
32.361446,38,12447.604388
-39.0,28,12448.043481
32.854839,30,12448.518945
37.329269,28,12449.09434
35.955711,28,12449.615509
-44.09,35,12450.191284
-41.88,26,12452.444096
-35.29,39,12453.001596
-42.0,25,12453.423392
-39.0,27,12453.839935
-32.53,37,12454.470744
32.486166,28,12454.936965
-35.87,38,12455.595612
-42.0,44,12456.521788
-42.0,24,12456.959161
-41.46,23,12457.334742
-39.0,26,12457.770142
-44.42,20,12458.128705
-39.0,26,12458.577299
-35.49,23,12458.970126
-35.84,26,12459.376918
-41.99,28,12459.91748
-41.3,21,12460.263196
-32.08,54,12463.047353
38.156584,24,12463.511276
-38.69,39,12464.080505
32.154717,29,12464.537858
34.10636,27,12465.000284
-41.02,27,12465.459462
-35.76,46,12466.274719
32.567857,31,12466.952406
-38.38,30,12467.480392
-34.38,29,12467.911989
-40.58,30,12468.423094
-41.73,41,12469.124568
-38.36,33,12469.712111
-33.0,29,12470.262412
32.268657,36,12470.857878
-35.09,35,12471.432547
-44.74,23,12473.590966
-35.6,30,12474.035049
-42.0,33,12474.541297
-41.79,25,12475.013459
-38.68,28,12475.481985
-41.5,31,12476.004564
35.323308,29,12476.514021
-36.0,24,12476.927291
39.823264,36,12477.533373
-38.12,39,12478.195342
-41.17,23,12478.567385
-38.81,24,12479.12405
36.788346,42,12479.80331
38.368266,24,12480.240295
-42.0,23,12480.6343
-41.73,29,12481.090591
-33.0,41,12481.817798
30.0,27,12482.297043
36.741464,26,12484.42432
-38.02,26,12484.806234
36.0,27,12485.269408
40.865459,27,12485.790085
33.0,30,12486.491561
-35.12,42,12487.25411
-35.46,28,12487.695488
-42.0,31,12488.201145
-44.21,23,12488.596357
-44.4,25,12489.024519
-38.91,22,12489.378524
-35.79,42,12490.111619
-44.02,32,12490.685076
32.403042,26,12491.144713
-38.57,24,12491.567107
-41.03,24,12491.993293
-34.44,36,12492.63425
-39.0,31,12494.866598
-35.03,39,12495.425306
-41.5,21,12495.768959
-38.71,25,12496.185219
-38.48,25,12496.590989
-47.14,17,12496.871782
-35.09,30,12497.387683
-35.68,34,12497.948678
-38.81,22,12498.374813
-38.74,29,12498.923786
-47.46,13,12499.168677
-40.85,22,12499.76075
-41.51,19,12500.209006
-38.74,44,12501.11006
-39.0,28,12501.575868
-44.47,27,12502.243896
-44.03,25,12502.664356
-41.24,21,12503.071383
-41.55,29,12503.57755
38.129076,20,12503.983541
-38.6,23,12506.516029
-44.38,21,12506.793507
35.363296,23,12507.163257
-44.58,29,12507.661914
-38.59,28,12508.184727
33.0,24,12508.627992
-44.57,22,12509.087405
-38.53,25,12509.575408
38.492814,17,12509.885521
-40.58,31,12510.650805
-38.53,25,12511.093758
-32.17,44,12511.893538
-35.88,27,12512.331651
-41.0,24,12512.778062
-41.22,23,12513.213466
32.101504,34,12513.816886
-35.11,26,12514.277508
-32.88,34,12514.926581
32.182171,39,12515.654526
-39.0,21,12517.923605
38.046899,28,12518.387049
-38.4,33,12518.955366
-39.0,23,12519.427468
-38.67,29,12520.03314
37.938674,30,12520.577091
-35.65,25,12521.069098
-38.81,24,12521.52741
38.901961,28,12522.078944
37.724767,29,12522.601064
-35.1,24,12523.074689
-32.26,31,12523.660738
41.031802,19,12524.007246
-35.74,29,12524.562236
35.04797,45,12525.466197
-41.18,27,12525.981313
-35.88,32,12526.661752
-44.1,22,12527.089337
-40.41,25,12529.573615
-44.64,34,12530.031189
32.311111,27,12530.429404
-32.13,30,12530.906615
34.235649,31,12531.475502
-41.58,23,12531.931633
-37.95,36,12532.663319
-32.9,36,12533.285653
35.003676,26,12533.903946
-42.0,26,12534.392221
38.191406,26,12535.119164
-35.75,114,12537.40423
-44.57,27,12537.925573
-38.19,30,12538.482583
-38.84,24,12538.944013
-32.2,53,12541.705004
38.779851,29,12542.231894
40.613304,35,12542.722106
-38.05,30,12543.164962
-33.0,28,12543.665362
35.443609,30,12544.235394
35.778723,21,12545.252187
-38.25,42,12546.486285
-34.89,28,12547.385608
36.0,29,12548.033448
-44.18,21,12548.458059
-35.43,27,12549.040728
-44.26,22,12549.53579
-44.28,26,12550.048734
-39.0,27,12550.630486
-39.72,24,12551.160496
-44.17,17,12551.599724
34.056835,39,12552.366571
-35.93,33,12554.992418
-34.51,25,12555.355438
-38.91,25,12555.711947
-38.81,21,12556.053576
-41.42,27,12556.449453
-35.76,37,12557.123221
-41.07,35,12558.138512
-44.23,18,12558.504749
-38.88,33,12559.119939
-33.0,29,12559.726154
-38.28,28,12560.262779
-35.38,28,12560.811536
-40.86,21,12561.215744
35.064257,27,12561.755729
-38.84,40,12562.505958
-44.05,22,12562.946065
-35.84,25,12563.603925
-38.4,24,12564.057552
-38.47,22,12566.627414
-41.17,35,12567.304571
-38.69,43,12567.847102
38.303371,26,12568.265359
-38.2,27,12568.681211
-39.0,33,12569.679741
-41.31,25,12570.156356
-41.37,25,12570.892245
-35.66,32,12571.567204
35.421622,33,12572.101974
-35.24,21,12572.539896
-42.0,28,12573.093751
35.160991,31,12573.724847
-32.77,33,12574.396435
-39.0,35,12575.160199
35.361217,30,12575.735302
-36.0,28,12576.234834
-44.69,20,12576.686205
-40.71,34,12579.877296
-43.9,25,12580.341268
-41.49,24,12580.749296
32.17757,38,12581.543633
-32.59,43,12582.305435
-41.63,31,12582.879933
-42.0,19,12583.210166
-44.52,18,12583.634034
-38.26,34,12584.31775
-42.0,20,12584.734906
-34.42,27,12585.269783
-38.32,23,12585.860953
-45.0,23,12586.447554
-35.62,23,12586.904601
-41.09,28,12587.490109
-42.0,27,12588.043292
-41.14,23,12588.515336
41.004255,32,12589.189212
-41.16,32,12592.014868
-39.0,28,12592.527665
-32.12,30,12593.040697
-38.79,36,12594.00938
35.217899,31,12594.664871
-43.72,43,12595.478701
-39.0,27,12595.944972
-38.19,38,12596.717288
-32.13,33,12597.424951
38.335165,29,12597.997651
32.273381,35,12598.685606
-44.12,26,12599.253604
-44.8,23,12599.748691
-44.08,22,12600.234532
-42.0,23,12600.725725
35.292181,29,12601.325557
-41.45,24,12602.036649
-35.46,26,12604.773928
-32.4,34,12605.302989
-38.72,36,12605.971848
-32.22,41,12606.776019
41.888889,25,12607.286679
-39.0,26,12607.774517
-41.79,26,12608.24137
-38.5,19,12608.55889
-40.66,26,12609.022679
-39.0,21,12609.4542
-38.32,25,12609.978677
35.654327,27,12610.545424
-40.73,21,12611.021555
-41.65,22,12611.47523
-44.19,38,12612.266449
-32.66,35,12613.004137
-41.92,23,12613.466311
-42.0,20,12613.859026
-44.64,38,12614.635121
33.0,35,12617.820555
31.751678,66,12619.044097
-35.12,29,12619.821746
-41.34,24,12620.384521
35.344828,22,12620.803413
-32.78,33,12621.442795
-38.37,23,12621.92007
-39.0,28,12622.689229
-41.02,27,12623.266451
-38.5,42,12624.176413
-37.7,34,12624.847193
-43.06,30,12625.615441
-34.63,30,12626.26946
-38.83,29,12626.923854
36.856548,38,12627.802571
-39.0,24,12628.392679
-42.0,19,12631.240036
-44.17,24,12631.713593
-41.2,21,12632.144503
-32.51,29,12632.666979
-35.18,33,12633.302667
32.652866,33,12634.039458
-41.12,29,12634.605829
-41.01,35,12635.259478
-41.29,28,12635.786251
40.993817,23,12636.260198
-35.22,26,12636.763891
-39.0,30,12637.432074
-38.2,19,12637.797798
-33.0,38,12638.647558
33.0,25,12639.155252
-32.38,32,12639.82875
-38.64,40,12640.710552
-41.31,26,12641.295058
-38.43,26,12644.075866
30.0,34,12644.686893
35.366286,34,12645.302652
-44.42,35,12646.02814
-38.76,25,12646.670503
35.898246,24,12647.352485
-38.32,30,12647.984586
-41.66,28,12648.487764
-41.4,29,12649.01955
-45.0,18,12649.320439
-44.59,22,12649.734403
-35.42,26,12650.204832
-41.69,26,12650.821255
33.0,25,12651.391811
34.965109,27,12652.287794
-32.85,33,12652.995732
-39.0,27,12653.636253
-32.63,31,12654.404483
-38.71,27,12657.592507
-43.44,23,12658.036186
35.035211,23,12658.481882
-45.0,21,12658.886032
-38.42,27,12659.385587
37.354684,39,12660.174602
-43.51,19,12660.585376
-34.69,27,12661.258157
-38.0,29,12661.860982
-32.59,27,12662.326233
-38.34,24,12662.832934
-35.62,28,12663.352403
-41.04,30,12663.913911
-32.22,28,12664.466646
-44.51,20,12664.902632
-44.45,50,12666.076528
-38.75,25,12666.644037
-38.94,31,12667.330479
39.830053,20,12667.742916
-35.69,32,12670.682479
35.231997,29,12671.17663
33.0,27,12671.691609
-44.24,32,12672.259894
-44.6,24,12672.75278
-40.98,23,12673.2172
-38.35,29,12673.810275
-40.65,27,12674.442088
35.051948,32,12675.114753
30.0,30,12675.676883
32.037037,28,12676.200576
36.0,27,12676.996283
-35.97,33,12677.640834
-35.44,37,12678.467736
-35.71,27,12679.005673
32.381271,35,12679.807238
40.015125,30,12680.529774
-41.59,31,12683.597625
-44.93,22,12684.345595
35.720755,28,12684.90936
-43.71,38,12685.74854
-38.06,30,12686.386056
-33.0,31,12687.042465
-38.29,34,12687.814128
-38.56,33,12688.55873
-43.66,31,12689.231235
32.390572,31,12689.813607
35.172193,30,12690.282233
-38.81,26,12690.775547
-45.0,78,12692.37004
32.093458,27,12693.01411
-41.8,21,12693.463109
-39.0,18,12693.855422
-40.09,31,12696.959344
-35.06,33,12697.568917
32.395062,33,12698.150001
-36.0,23,12698.535342
-35.2,146,12701.463276
-40.9,22,12701.914593
-41.34,25,12702.495965
-31.55,32,12703.137107
35.096273,28,12703.624946
-38.28,27,12704.104853
-41.61,22,12704.493129
-38.07,25,12704.979447
-38.77,30,12705.621871
-41.85,22,12706.144706
-38.94,49,12709.826023
-41.48,21,12710.263539
38.016144,36,12710.912
34.69935,34,12711.536003
-38.91,27,12712.026572
-41.28,29,12712.66115
-32.61,37,12713.403724
-38.17,30,12714.36699
-32.81,36,12715.128896
-41.71,160,12718.118531
-35.88,28,12718.613122
38.143043,32,12719.297604
-39.0,33,12722.407962
35.322581,28,12722.893446
-42.0,35,12723.44712
-38.65,29,12723.9675
-41.5,24,12724.465755
-41.46,31,12725.196541
-41.62,34,12726.004939
-35.25,27,12726.569831
35.452167,30,12727.230589
34.465982,34,12727.971284
35.051613,27,12728.61775
34.695688,24,12729.150727
41.649546,30,12729.803943
-40.81,26,12730.233248
-32.69,31,12730.800066
-39.0,44,12731.578081
-40.65,35,12732.24581
-37.58,27,12735.324811
-32.25,36,12736.011536
-38.56,31,12736.976962
-38.41,21,12737.374478
-35.47,30,12738.050812
-41.04,60,12739.48724
-38.86,20,12739.929162
32.386207,63,12741.233801
-41.94,30,12741.815253
-44.25,39,12742.638658
-41.33,51,12743.959821
32.472492,30,12744.577996
-44.34,21,12744.969435
-41.82,21,12745.359522
-41.4,29,12745.893264
-35.5,27,12748.695219
-35.58,26,12749.112175
-44.03,35,12749.741894
-38.46,45,12750.590783
-40.41,38,12751.429882
-41.07,30,12752.105101
33.0,28,12752.707535
-41.2,29,12753.298157
35.901235,22,12753.786603
-35.35,29,12754.381884
-38.6,26,12754.973871
35.593007,34,12755.689885
-33.0,35,12756.607556
-32.44,45,12757.465125
-41.58,24,12757.889024
-42.0,29,12758.404617
-35.21,30,12758.974954
-33.0,30,12761.991304
-42.0,19,12762.309556
-41.34,21,12762.71998
-40.81,29,12763.250073
-32.53,47,12764.251961
-40.85,24,12764.754776
34.668027,36,12765.543008
-38.37,25,12766.382668
-41.39,25,12766.995184
-39.0,35,12767.808476
31.508333,44,12769.001884
34.781962,27,12769.604861
-35.12,32,12770.339602
-41.22,25,12770.800263
-44.13,35,12771.443149
-34.89,32,12772.07609
-32.5,28,12772.527973
35.545775,30,12775.653608
-38.48,27,12776.207963
35.107914,29,12776.898365
-38.59,32,12777.628837
43.186156,24,12778.154078
-35.23,30,12778.88251
-36.0,29,12779.499286
-42.0,28,12780.12962
30.0,32,12780.885619
-36.0,25,12781.491512
-42.0,27,12782.11028
-33.0,26,12782.671628
38.39916,26,12783.220162
-44.44,30,12783.831033
-39.0,26,12784.312504
-41.38,25,12784.773783
-46.88,27,12785.268736
-44.0,25,12785.685635
-46.81,29,12788.408537
-33.0,30,12788.938343
-47.16,18,12789.298773
-41.73,45,12790.274094
-38.17,36,12791.071661
-45.0,18,12791.429198
32.436202,33,12792.115671
33.0,39,12792.957654
-41.13,24,12793.450504
-43.59,28,12794.085139
-39.0,31,12794.8118
-41.08,29,12795.697323
-35.4,35,12796.435872
-44.05,25,12797.011105
-41.65,24,12797.488542
-33.0,30,12798.008019
-41.56,28,12798.501328
-38.37,26,12798.942081
-41.54,26,12801.5455
30.0,32,12802.107824
-39.76,33,12802.758174
35.686047,24,12803.476026
-41.47,31,12804.146758
33.0,26,12804.714141
-33.0,25,12805.226465
-32.67,49,12806.282461
32.543726,39,12807.092703
30.0,30,12807.757605
-35.2,28,12808.348062
-40.6,32,12809.074305
-35.64,30,12809.745868
-44.46,20,12810.183872
-38.36,31,12810.838879
-40.89,31,12811.380061
-36.0,44,12814.294147
-38.38,35,12814.997349
37.383799,32,12815.642113
-44.79,19,12816.035098
-38.7,34,12816.777416
-40.18,34,12817.489224
-41.42,37,12818.326835
-35.35,30,12818.940689
-35.59,30,12819.607849
-44.28,16,12819.960725
-35.07,30,12820.600622
-44.66,21,12821.04139
-41.3,23,12821.594023
32.450704,28,12822.201815
32.526515,25,12822.788096
-38.72,26,12823.636906
32.551136,29,12824.33404
-45.0,17,12824.704757
33.0,30,12827.505603
-44.91,22,12827.938509
-40.78,33,12828.624609
-32.27,33,12829.321919
-38.88,33,12830.054748
-37.72,31,12830.804797
-39.0,24,12831.338341
-41.8,27,12832.11664
-35.86,22,12832.71114
-41.17,35,12833.802662
-41.69,22,12834.390295
-41.26,29,12835.053311
-35.22,31,12835.818266
-35.55,39,12836.578631
-43.25,21,12837.043116
-37.57,30,12838.274153
-36.0,35,12838.822476
38.537114,29,12839.371298
35.452055,26,12841.924139
-38.58,39,12842.676905
-41.19,23,12843.125895
-35.15,31,12843.717676
-41.49,27,12844.23163
-44.84,25,12844.704872
-37.85,30,12845.307386
-35.29,30,12845.879315
-32.78,31,12846.554986
-41.9,27,12847.171299
-38.68,28,12847.874718
-36.0,28,12848.454995
-44.2,20,12848.85668
-32.68,26,12849.340676
-32.62,30,12849.950618
-44.53,20,12850.354431
-39.0,33,12850.972941
-35.56,29,12851.424847
-44.25,23,12853.894934
-40.67,39,12854.531221
-39.89,24,12855.016076
-38.69,20,12855.467733
-35.11,29,12856.078173
-36.0,22,12856.54448
34.986049,31,12857.214478
35.767349,31,12857.86752
33.0,30,12858.503113
-41.58,29,12859.141152
-33.0,28,12859.744534
-36.0,31,12860.608552
-45.0,25,12861.096889
-38.85,29,12861.704413
-35.7,24,12862.182365
-35.91,28,12862.746803
-44.31,30,12863.362849
-38.22,32,12864.081606
-35.59,41,12866.924627
-41.01,22,12867.406442
-41.33,26,12867.968178
41.15274,40,12868.875432
-35.05,33,12869.535518
-38.36,29,12870.096855
34.482209,29,12870.736477
-32.81,35,12871.49168
-40.94,28,12872.061133
36.0,25,12872.538926
-34.49,28,12873.118963
-42.0,24,12873.61806
-39.0,21,12874.058285
-43.71,26,12874.555323
-39.0,27,12875.11094
-32.37,33,12875.774172
-44.53,27,12876.305847
-44.37,24,12876.769508
-32.91,69,12879.960609
-38.23,27,12880.527044
-38.18,33,12881.415785
-35.44,28,12881.940754
-41.36,18,12882.278022
-41.13,23,12882.691302
-35.57,45,12883.516211
-41.57,37,12884.204837
-39.0,59,12885.591636
-38.48,34,12886.28353
-41.32,19,12886.857614
35.342373,23,12887.321854
32.251799,36,12888.035597
-38.36,22,12888.464859
-40.24,24,12888.942626
-41.16,19,12889.359953
-38.98,53,12892.090348
-38.55,27,12892.694916
-37.57,28,12893.231825
-41.29,92,12894.979282
-32.87,39,12895.7623
-35.62,31,12896.382388
-38.7,32,12897.027096
-35.24,25,12897.4911
-35.69,33,12898.147655
38.091549,23,12898.605813
-39.0,21,12899.049721
-41.65,24,12899.555891
37.862026,33,12900.204136
33.0,29,12900.772878
-42.0,21,12901.226198
-43.55,28,12903.603368
-38.97,44,12904.30639
-35.47,29,12904.856453
-38.15,26,12905.372983
-41.29,21,12905.747267
-38.06,27,12906.23995
-38.49,27,12906.768884
-41.52,20,12907.295201
-35.08,32,12907.976432
-38.21,25,12908.587929
-43.58,30,12909.184414
-38.09,31,12909.962327
32.461538,34,12910.876545
-33.0,25,12911.414075
-40.54,24,12911.876648
-47.52,22,12912.323423
-42.0,21,12912.736173
-41.32,27,12913.466612
-33.0,68,12916.58476
-35.4,36,12917.176073
35.571096,34,12917.803185
35.12987,30,12918.362995
-44.55,22,12918.793718
-38.13,21,12919.227081
-38.4,25,12919.768539
-38.21,27,12920.404848
-41.93,17,12920.740009
-44.15,25,12921.224892
32.166667,38,12922.147738
-35.41,34,12922.859514
-38.12,25,12923.347891
-32.11,81,12924.875253
-38.24,23,12925.305813
-42.0,41,12926.082227
-37.92,43,12928.692816
-36.0,52,12929.559059
-41.24,21,12929.962336
-44.65,19,12930.342865
35.08642,24,12930.871861
-32.77,30,12931.45916
-47.26,29,12932.009654
-40.93,21,12932.429513
-41.2,28,12932.957517
32.003802,36,12933.646148
35.046354,32,12934.446854
-44.04,21,12934.865613
-38.11,26,12935.385351
-42.0,22,12935.801237
-42.0,22,12936.194592
-38.5,23,12936.626314
-38.55,27,12937.17004
-33.0,30,12937.741961
35.090379,45,12940.514872
-41.81,23,12940.88308
-36.0,43,12941.587525
-38.71,24,12941.979397
-35.44,29,12942.49491
-34.88,33,12943.124041
-41.68,27,12943.627581
-41.28,32,12944.226609
32.542636,29,12944.81699
-41.52,20,12945.187502
-35.44,33,12945.865871
-41.76,27,12946.426648
33.0,37,12947.114155
-42.0,33,12947.758753
-44.64,35,12948.437389
-45.0,19,12948.806457
-44.09,30,12949.367863
-35.43,25,12951.903438
-35.91,29,12952.437941
-35.77,31,12952.925323
-40.58,33,12953.472291
-42.0,25,12953.855472
-46.31,16,12954.103116
-44.49,27,12954.655961
32.46875,31,12955.280293
-38.7,33,12955.886771
-41.26,33,12956.540205
-37.94,34,12957.244158
-32.31,33,12957.895513
-44.5,29,12958.479366
-38.06,34,12959.742727
-32.38,36,12960.507696
-41.35,31,12961.104761
-44.81,29,12961.662327
-38.25,32,12964.161879
-37.82,34,12964.665549
-35.07,30,12965.171983
-32.09,27,12965.845613
-38.8,26,12966.31993
-45.68,21,12966.718184
-42.0,28,12967.234071
-39.0,37,12967.935197
38.184818,24,12968.429962
-32.93,24,12968.893518
-36.91,26,12969.420467
-35.22,28,12969.988964
-41.11,26,12970.499133
34.515653,33,12971.116323
-39.0,26,12971.620708
-41.8,21,12972.032799
-38.32,32,12972.661717
34.626706,30,12973.235122
36.0,29,12975.792148
32.460993,29,12976.221838
-41.26,41,12976.904222
-41.88,24,12977.280426
-35.34,26,12977.721993
-39.0,33,12978.26325
39.0,23,12978.724907
-35.88,35,12979.407273
-37.9,34,12980.081094
-38.82,31,12980.735235
-35.78,34,12981.376532
32.445283,28,12981.91548
-41.84,21,12982.326463
35.95935,38,12983.040574
-32.55,32,12983.70046
-40.31,26,12984.225272
-41.12,25,12984.704362
-38.85,29,12987.359492
32.252708,28,12987.873467
-44.11,22,12988.22159
-38.05,39,12988.822856
-41.61,30,12989.287222
32.015625,29,12989.791411
-44.03,23,12990.258522
-35.9,20,12990.73789
-44.95,19,12991.136575
-35.3,27,12991.643061
-37.65,26,12992.170595
-38.03,33,12992.886187
32.898374,34,12993.52871
-41.39,36,12994.236253
-35.58,51,12995.161395
35.062133,33,12995.792904
-38.75,24,12996.22036
-44.88,21,12996.646019
-44.66,28,12999.178134
-34.73,29,12999.735289
-41.54,26,13000.279674
-41.37,30,13000.807194
33.0,26,13001.23138
37.429864,22,13001.60342
-38.78,26,13002.05742
35.9,23,13002.410298
-42.0,27,13002.862848
31.7,54,13003.904417
-41.77,19,13004.268948
-32.42,35,13004.956562
-38.52,25,13005.421428
33.0,33,13006.0634
-39.0,25,13006.546588
-36.0,51,13007.565079
32.087591,29,13008.104133
-42.0,21,13010.586643
33.0,30,13011.176283
-47.5,22,13011.731966
-37.34,32,13012.466608
-38.65,34,13013.121742
-41.59,31,13013.593965
-35.88,23,13013.966537
-35.61,27,13014.382612
-37.76,31,13014.865635
-41.1,27,13015.389383
-42.0,33,13016.245971
-36.0,32,13016.853708
-41.06,26,13017.374654
-37.59,28,13017.927459
-41.37,27,13018.391297
-36.0,33,13019.040697
35.190661,28,13019.552439
-37.76,33,13020.143689
35.845528,26,13022.698603
-42.0,24,13023.196997
37.777343,33,13023.877393
-40.53,29,13024.44308
-35.94,24,13024.889418
32.556391,36,13025.464743
-35.56,24,13025.859418
46.157957,23,13026.22102
-40.62,30,13026.692842
-41.67,30,13027.218043
-45.71,33,13027.859274
32.25089,36,13028.75829
-38.91,31,13029.346435
-44.62,22,13029.79885
-42.0,29,13030.41678
32.842593,41,13031.192549
-45.0,38,13031.864872
-41.13,21,13034.24814
-31.58,29,13034.870598
38.240727,25,13035.388693
-38.58,26,13035.963028
-32.03,35,13036.781363
30.0,29,13037.234671
-39.0,30,13037.746685
-46.07,21,13038.124528
-38.01,37,13038.705236
-35.05,27,13039.166778
33.0,28,13039.703273
-38.83,29,13040.243681
-37.77,30,13040.866003
-41.73,20,13041.356423
35.493487,24,13041.99555
-38.49,26,13042.531027
-39.0,20,13042.908632
-35.07,34,13043.574342
-40.7,20,13043.925837
-38.52,29,13046.543083
-41.22,26,13047.106381
-44.12,23,13047.56712
32.538217,28,13048.122215
-38.19,30,13048.740646
-38.88,21,13049.12854
-41.92,21,13049.476138
32.479899,33,13050.019655
-44.86,38,13050.779982
35.097441,24,13051.21942
-47.05,19,13051.617134
36.0,25,13052.080201
-35.27,22,13052.525161
-35.41,26,13053.018969
-42.0,26,13053.54018
-40.49,27,13054.081277
-44.82,24,13054.572693
38.228873,24,13055.037299
-44.77,20,13055.451229
34.672909,24,13055.903222
35.187773,35,13058.60235
-35.12,37,13059.328499
-34.56,30,13059.895101
-39.0,36,13060.618162
-44.78,24,13061.083154
-41.25,30,13061.659797
-33.0,39,13062.415163
-40.6,35,13062.988701
32.390805,28,13063.451225
-41.68,18,13063.806495
-35.44,28,13064.3731
38.315789,36,13065.057275
-47.35,17,13065.416401
37.388625,26,13065.937652
-38.02,22,13066.621042
-36.0,32,13067.302609
-47.23,20,13067.667763
-46.78,21,13068.012222
-41.07,27,13070.425078
-37.83,23,13070.838212
-38.9,29,13071.348351
37.455363,27,13071.81374
-39.0,21,13072.194872
-44.25,29,13072.74379
-32.27,36,13073.456726
35.298182,30,13073.91237
41.447876,21,13074.251983
-42.0,24,13074.642918
-39.0,30,13075.079763
-43.51,33,13075.702886
-37.55,34,13076.286846
-43.92,41,13077.079105
-36.0,29,13077.660157
35.652174,23,13078.09769
40.191761,27,13078.590233
32.219512,25,13079.029874
-38.49,24,13081.417459
38.5,110,13083.290828
-38.49,22,13083.682201
-32.81,29,13084.202507
-38.51,27,13084.805991
-32.34,40,13085.428117
35.821138,24,13085.835778
-38.63,30,13086.337531
-40.3,25,13086.724972
-41.53,23,13087.322585
-35.14,25,13087.831028
-35.35,35,13088.508149
-41.78,20,13088.927392
-36.0,26,13089.442865
-39.0,30,13090.030239
-38.81,33,13092.836189
38.238539,28,13093.406812
-38.71,24,13094.032368
-41.3,17,13094.346155
-42.0,25,13094.783164
-35.62,31,13095.359065
-37.64,32,13096.087271
-32.15,26,13096.681736
-41.05,25,13097.185694
-38.18,20,13097.571987
-38.22,45,13098.337335
-38.44,29,13098.786661
32.186508,35,13099.630833
35.004444,61,13100.758621
-41.13,28,13101.234277
-38.43,29,13101.774838
-40.99,26,13102.258868
-41.12,23,13102.667199
-38.59,23,13105.153807
-38.81,50,13106.166507
35.695279,36,13106.886308
-38.24,25,13107.367425
-38.62,30,13107.884563
-43.38,23,13108.296143
-33.0,56,13109.24867
-33.0,29,13109.675508
32.034615,36,13110.237683
-37.61,46,13110.851576
32.254902,48,13111.779197
-41.23,40,13112.40683
-32.08,30,13112.97448
-38.56,23,13113.315092
-44.98,25,13115.516685
-35.63,27,13116.124297
34.515674,27,13116.600381
-38.11,25,13117.010794
-38.72,30,13117.51279
-38.44,25,13117.91481
-37.74,27,13118.390663
-38.08,22,13118.783137
40.923407,28,13119.302042
-32.09,29,13119.845866
34.582181,32,13120.373636
-41.2,31,13120.79625
-39.0,25,13121.356153
-35.67,39,13121.961282
34.336044,33,13122.523447
38.288633,30,13123.064141
-35.68,37,13123.721499
-41.54,33,13124.301805
-39.0,33,13126.745166
-32.81,27,13127.203395
37.934182,26,13127.655985
-39.0,23,13128.055362
-32.25,31,13128.562244
35.230453,33,13129.140529
-30.0,35,13129.762465
-35.07,24,13130.135214
-32.54,32,13130.648722
-38.45,38,13131.203897
-47.36,14,13131.44628
-40.95,31,13131.920732
-38.81,26,13132.317393
-46.97,20,13132.637703
-39.0,33,13133.130031
37.770982,30,13133.800145
-38.56,41,13134.441956
-39.0,32,13136.92829
-39.0,34,13137.487085
-41.19,27,13137.954801
-35.71,29,13138.596815
-41.01,25,13139.046168
32.354312,41,13139.734653
-38.18,35,13140.319221
34.385328,29,13140.793528
-41.4,26,13141.245199
-41.81,27,13141.72728
-43.66,24,13142.08898
38.463346,29,13142.525616
-41.04,39,13143.080301
-38.41,28,13143.499789
-39.0,27,13143.93522
-41.2,25,13144.356318
32.484099,35,13144.874586
-35.53,34,13147.467364
-41.28,30,13147.955321
-45.0,22,13148.389356
-42.8,31,13148.9739
-39.0,25,13149.411818
33.0,28,13149.868328
-35.07,29,13150.360269
-41.85,27,13150.846176
-35.29,25,13151.289374
32.223602,42,13151.97454
32.507463,29,13152.494818
-35.08,26,13152.839348
-38.96,22,13153.171046
-44.33,19,13153.459476
-37.97,26,13153.809627
-35.45,31,13154.241404
33.0,32,13154.660012
-38.52,29,13155.104597
35.462046,20,13155.439406
-35.45,26,13157.935942
35.345763,44,13158.784057
-35.57,27,13159.205156
38.403941,27,13159.682599
32.253788,28,13160.33861
-41.14,22,13160.702018
-44.04,17,13161.025461
-35.65,33,13161.612739
-41.57,25,13162.119146
-38.11,30,13162.621506
-40.7,38,13163.251658
38.159259,23,13163.641291
-41.17,33,13164.108608
-38.37,23,13164.440683
-40.08,27,13164.815305
-37.5,30,13165.236282
32.554054,33,13165.714725
38.186335,26,13166.106381
-35.53,26,13168.414371
-37.99,28,13168.951741
-38.42,37,13169.616685
-32.88,34,13170.242293
-42.0,23,13170.63316
-35.27,43,13171.351213
-43.22,23,13171.747524
-41.31,23,13172.144375
-35.05,34,13172.742235
-43.81,26,13173.187606
41.247148,26,13173.62337
-35.82,49,13174.451212
-41.23,21,13174.763352
-32.46,117,13176.376824
-38.5,32,13179.340622
-35.54,25,13179.767374
-39.0,26,13180.424558
-42.0,23,13180.832771
33.0,26,13181.234864
-47.45,12,13181.438287
32.172414,48,13182.350147
-41.36,20,13182.828191
-38.58,25,13183.257217
-32.72,30,13183.784586
-44.45,23,13184.205878
32.216667,42,13185.01541
-35.21,38,13185.610747
-35.52,30,13186.046096
35.429054,28,13186.404455
-35.38,26,13186.738679
-41.62,29,13187.083704
-37.52,56,13189.824514
-38.78,23,13190.216979
-41.0,23,13190.62956
-43.7,21,13190.978271
-38.07,28,13191.457821
-36.0,39,13192.131197
-44.54,20,13192.475998
32.903101,39,13193.186776
-42.0,29,13193.691806
-41.03,26,13194.136652
-39.0,29,13194.620163
-44.5,26,13195.063128
-41.34,30,13195.5674
-47.21,17,13195.870959
-32.5,49,13196.575076
-32.91,27,13196.924192
-41.82,29,13197.271748
-39.0,23,13197.658056
32.541667,46,13200.309618
35.303448,24,13200.698852
34.461736,25,13201.150342
-35.39,32,13201.712295
-41.22,29,13202.281066
32.505525,65,13203.591935
-35.18,31,13204.109832
-35.66,23,13204.495045
-38.9,24,13204.91395
-35.75,26,13205.379095
-38.07,34,13206.091754
40.831589,19,13206.429198
-39.0,29,13206.933187
-32.6,29,13207.346872
-38.26,30,13207.754598
32.331967,35,13208.240217
-41.69,22,13208.54233
-38.44,26,13210.924193
-32.74,36,13211.589045
-37.81,36,13212.217636
-39.0,26,13212.682559
-32.34,30,13213.193072
-43.86,19,13213.533533
-45.0,26,13213.977642
32.564885,38,13214.625316
-41.76,32,13215.181629
-35.13,37,13215.767547
35.100775,23,13216.172974
-32.44,44,13216.902565
-40.01,39,13217.558064
-41.25,28,13218.028347
35.411985,26,13218.376594
-33.0,49,13218.961914
-32.08,33,13221.344947
-35.58,26,13221.826521
-35.68,29,13222.390625
42.789752,18,13222.718081
-44.81,17,13223.045435
-42.0,26,13223.475579
-41.73,26,13223.92628
-41.31,21,13224.254243
-38.66,28,13224.801037
-47.34,25,13225.220139
-35.22,23,13225.616377
-41.88,19,13226.078734
-41.25,25,13226.647871
-44.51,21,13227.04644
38.142857,23,13227.446845
37.822845,20,13227.800658
35.81194,31,13228.345117
-41.62,15,13228.780033
-39.0,23,13229.176439
32.252918,26,13229.514135
-42.0,25,13229.830808
-33.0,26,13232.274888
-38.7,29,13232.757623
-44.58,24,13233.177698
-38.82,25,13233.584798
-42.0,24,13234.008197
32.160643,37,13234.460123
-37.79,25,13234.920194
-38.38,34,13235.500703
-37.69,68,13236.810307
-34.92,25,13237.266042
-40.87,26,13237.742341
37.949477,38,13238.39546
-38.78,30,13238.910365
38.128617,26,13239.346886
35.229242,28,13239.732638
-44.13,28,13240.146776
33.0,37,13242.362509
-35.71,23,13242.76138
-38.52,28,13243.255824
-41.24,30,13243.76209
32.023404,34,13244.337757
-41.32,33,13244.918178
-38.29,19,13245.259455
-32.91,38,13245.921589
-38.56,26,13246.549953
-42.0,31,13247.082683
-44.91,23,13247.575902
34.644541,31,13248.160162
-38.22,33,13248.758482
-32.02,39,13249.402564
-38.39,42,13250.28358
35.900641,29,13250.694964
-36.0,30,13251.148651
35.542169,29,13253.527677
32.45,73,13254.761637
-38.7,31,13255.351968
35.247813,24,13255.788302
36.0,29,13256.306798
-44.11,23,13256.685217
-39.0,22,13257.077193
-38.05,33,13257.659131
-38.51,25,13258.106638
-39.0,68,13259.274358
-40.99,20,13259.598074
30.0,33,13260.17758
-43.28,33,13260.695172
-38.82,32,13261.181507
-38.25,33,13261.717203
-32.55,26,13262.117158
-42.0,21,13264.226333
-38.94,25,13264.68199
-41.04,18,13264.988158
36.0,28,13265.449939
-38.12,31,13265.988436
37.314091,31,13266.600261
-41.07,29,13267.096211
-47.07,29,13267.609995
-41.26,30,13268.153474
-38.67,31,13268.666092
-41.66,27,13269.129841
-35.16,26,13269.648636
-41.54,17,13269.97523
-35.37,35,13270.590093
38.038023,30,13271.044121
-33.0,32,13271.526447
-34.68,26,13271.88819
-32.4,37,13272.425865
-32.14,31,13274.858645
-32.11,30,13275.290968
37.711511,87,13276.958549
-45.0,21,13277.36014
-39.0,30,13277.890395
-38.9,29,13278.389634
-35.48,32,13278.96169
-37.76,31,13279.930185
-38.11,26,13280.27838
-40.88,24,13280.688675
-32.68,37,13281.39452
-38.32,33,13281.975666
-39.0,20,13282.303363
-40.63,26,13282.692089
38.007732,29,13283.14803
40.256121,24,13283.488205
-43.48,25,13285.814208
-43.34,39,13286.344901
38.503968,33,13286.924609
-36.0,32,13287.475379
-41.2,23,13287.854713
-45.0,87,13289.383427
-41.14,23,13289.771772
36.0,33,13290.330509
35.333677,39,13291.037893
35.083019,22,13291.476475
33.0,49,13292.367904
40.966244,20,13292.707017
-38.0,25,13293.097877
-40.56,27,13293.534834
-42.0,19,13293.795146
-34.7,29,13296.122191
-44.68,23,13296.454405
-32.7,25,13296.805425
-38.07,20,13297.095725
-36.0,25,13297.542877
36.0,23,13297.944556
-35.66,31,13298.681192
32.875912,26,13299.118518
-41.9,25,13299.562748
35.982639,27,13300.032244
-32.65,28,13300.644619
-38.81,30,13301.209441
-42.0,52,13302.11277
-43.63,30,13302.880347
-42.0,30,13303.371066
-38.83,30,13303.804638
-42.0,25,13304.210043
-37.81,31,13304.683196
-41.69,29,13305.152866
34.597122,23,13307.474821
-34.58,29,13307.904457
35.440514,28,13308.320015
38.397112,27,13308.764981
-34.68,31,13309.329438
-40.69,25,13309.75589
32.36246,36,13310.392782
-41.42,27,13310.841686
32.42053,28,13311.304274
-44.53,16,13311.656099
-35.73,26,13312.134004
37.107686,24,13312.538391
-46.75,14,13312.766153
-44.46,24,13313.162999
-41.84,26,13313.571715
34.192234,40,13314.163557
-42.0,24,13314.512501
-37.72,40,13315.101761
-32.76,26,13317.388981
32.519573,29,13317.807508
-35.9,38,13318.322625
-32.63,22,13318.633866
-36.0,36,13319.128797
-41.43,24,13319.557978
-41.74,20,13319.906006
-35.27,25,13320.652687
35.620253,39,13321.319672
-33.0,36,13321.956439
-39.0,26,13322.4322
-35.04,30,13323.103197
-45.0,15,13323.357781
-34.75,37,13324.015368
-35.25,22,13324.547046
-38.27,26,13325.038625
-38.51,29,13325.517424
-37.5,34,13325.999536
-36.0,33,13328.350043
32.361217,33,13328.787997
32.749049,38,13329.340796
-38.6,28,13329.758824
-45.0,26,13330.181663
35.111511,25,13330.49193
32.494774,26,13330.928241
-39.0,25,13331.402927
-34.01,30,13331.90558
-38.83,34,13332.486946
-39.0,21,13332.857266
-37.77,20,13333.238261
-47.21,21,13333.662683
-38.78,30,13334.336632
-42.0,26,13334.757417
33.0,28,13335.227489
-32.71,35,13335.826798
-41.02,21,13336.254624
-44.59,26,13336.596723
-41.58,24,13338.956868
-32.56,32,13339.56343
-38.91,26,13340.017765
-42.0,29,13340.449547
-39.0,16,13340.726232
-44.2,19,13341.086509
-46.17,22,13341.479647
32.054945,39,13342.163942
-42.0,22,13342.656269
-41.01,32,13343.340959
-38.18,24,13343.853613
-40.59,31,13344.443572
35.327935,33,13345.189201
-46.47,24,13345.636604
-36.0,25,13346.072339
-38.16,25,13346.534002
-32.52,28,13347.017211
-32.66,27,13347.70308
-44.12,18,13347.971197
35.048746,27,13350.565706
-33.0,23,13351.108902
-40.28,17,13351.485895
-35.17,23,13351.966041
-38.91,31,13352.585411
-46.07,21,13352.979033
35.164234,30,13353.511092
-38.34,24,13353.929614
32.031008,31,13354.433501
38.5,29,13354.898488
-40.82,30,13355.451016
32.395604,40,13356.309062
-35.49,26,13356.826041
-33.0,29,13357.682195
-41.35,31,13358.313916
37.508596,23,13358.753062
-38.03,27,13359.327445
-38.88,36,13359.939525
-40.9,29,13360.405648
-35.51,27,13363.697568
-38.7,21,13364.08255
32.052045,33,13364.812366
-38.88,25,13365.27951
-42.0,27,13366.069604
35.215827,29,13366.656603
37.853413,33,13367.234138
-41.46,27,13367.675426
-32.01,29,13368.187079
-41.76,24,13368.561308
-38.7,30,13369.084907
-36.0,37,13369.767103
-32.06,36,13370.413809
-40.99,24,13370.883848
-38.84,31,13371.455996
-34.7,33,13372.248827
-41.41,27,13372.797083
-41.08,27,13373.386826
-38.23,34,13376.569961
-32.02,29,13377.234216
-42.0,26,13378.520807
-40.21,25,13379.075926
37.500857,27,13379.718934
-32.62,26,13380.513125
-32.46,33,13381.119366
-43.74,26,13381.54026
32.191667,25,13381.966113
-39.0,22,13382.302514
-32.74,35,13382.94534
-36.0,26,13383.402426
-40.83,29,13383.954162
-41.92,24,13384.422892
-42.0,31,13385.093075
36.0,26,13385.65971
-44.04,27,13386.083825
32.663194,30,13386.586771
-44.05,28,13389.175875
32.895683,28,13389.744541
-35.32,34,13390.377292
35.17094,25,13390.8596
-32.74,39,13391.641124
-38.74,21,13392.024248
-43.03,19,13392.337868
-46.97,31,13392.933796
-44.83,21,13393.290383
-41.52,27,13393.712922
38.543408,24,13394.069067
-44.37,30,13394.591766
-40.89,22,13394.941608
-35.61,37,13395.58886
-35.23,32,13396.163548
-35.81,29,13396.712875
-44.14,23,13397.122208
-32.69,35,13397.707404
-44.08,36,13400.409954
-41.4,35,13401.051549
-44.32,19,13401.421208
-32.89,35,13402.109009
-32.52,40,13402.877592
-44.81,29,13403.5133
-37.76,21,13403.959726
-35.84,31,13404.546489
-32.05,31,13405.367796
34.807209,27,13405.845772
-41.8,30,13406.333261
-35.6,23,13406.945603
-40.85,28,13407.41133
-38.08,26,13407.968153
-41.42,18,13408.325786
-38.79,22,13408.763486
-35.63,29,13409.308976
-40.67,26,13409.728468
-35.48,28,13412.303661
-35.84,29,13412.835359
-35.72,29,13413.43372
38.707031,23,13413.874351
35.836819,38,13414.890746
33.0,31,13415.48322
35.290678,30,13416.094221
32.364706,28,13416.580984
-35.39,27,13417.044135
-38.56,31,13417.54769
-41.21,31,13418.052672
-44.5,23,13418.418662
-35.19,30,13418.868073
35.104027,25,13419.286743
-36.0,28,13419.824225
-31.99,28,13420.32167
-44.13,20,13420.721119
-38.02,29,13421.313154
-38.4,43,13424.13124
-41.09,25,13424.650236
-35.01,30,13425.159364
-44.84,20,13425.53248
-35.21,32,13426.072538
-38.97,31,13426.661354
-32.01,29,13427.19858
-42.0,23,13427.591904
-38.01,25,13428.068531
-38.67,33,13428.671001
37.782041,36,13429.263514
32.291262,34,13429.840405
-35.8,23,13430.205996
-32.18,29,13430.660695
-44.69,38,13431.378596
-44.5,23,13431.896029
-38.68,22,13432.267294
-44.24,34,13433.306265
-44.41,23,13435.762362
-38.88,28,13436.293416
-32.88,30,13436.837552
-47.42,16,13437.158641
-41.88,23,13437.601411
35.24026,41,13438.423184
-39.0,23,13438.86245
-33.0,27,13439.35708
-38.62,25,13439.864519
-35.15,28,13440.378667
-38.64,36,13441.023788
-40.0,24,13441.429321
-45.0,23,13441.800942
-38.23,40,13442.432592
38.502008,25,13442.841099
-41.17,25,13443.264069
-44.42,20,13443.664674
-40.93,28,13444.183783
-44.65,23,13444.599607
-41.83,28,13447.13194
-35.53,39,13447.920612
32.095092,37,13448.580293
-46.76,22,13448.853219
-35.41,30,13449.381362
34.740168,38,13450.099608
-32.35,33,13450.732793
-39.0,22,13451.139839
-36.0,24,13451.566193
-37.89,21,13451.943414
-41.49,39,13452.665187
34.256205,24,13453.135669
-38.8,23,13453.477536
-34.55,27,13453.917106
-42.0,24,13454.31157
-39.87,24,13454.679484
33.0,29,13455.108259
35.15727,23,13455.496025
-39.0,36,13458.279764
-35.64,26,13458.771128
-42.0,34,13459.462481
34.840541,29,13460.237899
32.124138,29,13460.866581
-37.94,31,13461.608876
-41.45,24,13462.018798
-32.43,26,13462.499295
-41.07,29,13463.021756
-41.7,24,13463.50627
-41.68,22,13463.933093
-32.66,30,13464.484489
-38.98,70,13465.749177
-35.33,33,13466.266652
-37.62,24,13466.648128
-41.4,28,13467.097702
-38.65,39,13469.610814
-40.04,25,13470.076829
-38.09,43,13470.891375
30.0,43,13471.682424
-39.0,27,13472.196728
35.580645,30,13472.728267
40.407751,24,13473.153743
-44.55,26,13473.667502
-38.66,40,13474.404782
-44.12,26,13474.878391
-38.69,34,13475.498292
-38.45,25,13475.989678
-38.58,23,13476.485776
41.075472,26,13477.161927
-41.92,20,13477.529518
-38.23,28,13477.932714
-42.0,22,13479.100987
-32.47,28,13479.556461
32.498069,35,13482.183849
-32.44,32,13482.772558
35.013378,31,13483.344693
-35.74,35,13483.972213
32.355172,36,13484.625591
-38.06,23,13485.0625
38.015209,15,13485.371244
-32.42,32,13485.959425
-41.33,22,13486.384434
-41.16,24,13487.105946
36.0,57,13488.463691
39.502786,26,13489.012089
-35.88,26,13489.519291
-35.31,27,13489.950913
-43.54,29,13490.421314
-35.38,30,13491.004943
-39.0,23,13491.346966
34.185166,32,13494.01142
-36.0,32,13494.796322
-38.5,52,13496.009835
-44.87,25,13496.569231
-35.21,37,13497.40449
-35.44,19,13497.7431
-44.39,27,13498.254142
-40.47,22,13498.643153
-32.85,32,13499.389014
35.333333,25,13499.886063
-42.0,25,13500.493722
41.506039,24,13500.89251
33.0,31,13501.483423
-44.27,22,13501.914355
-36.0,30,13502.460647
-35.81,26,13502.828544
-41.44,22,13503.144091
-37.26,31,13503.571772
-38.91,42,13506.265445
-36.0,25,13506.8727
-43.61,29,13507.444185
-43.85,20,13507.786826
-33.0,25,13508.289325
-36.0,28,13508.892426
-41.11,25,13509.404953
-41.28,23,13509.906243
-41.49,27,13510.448741
38.158088,21,13510.907087
32.371212,30,13511.506418
35.375839,23,13512.020927
-44.28,24,13512.618436
37.843265,24,13513.113687
-41.77,35,13513.835407
-38.19,30,13514.919614
-43.61,17,13515.473241
35.21865,26,13516.280018
-41.23,16,13516.613356
-36.0,44,13517.386886
-36.0,27,13519.906454
38.179661,24,13520.395292
37.716809,23,13520.842043
-42.0,30,13521.466139
34.394788,28,13522.006922
32.176955,31,13522.617009
36.0,29,13523.201334
-35.81,37,13523.906602
-38.01,22,13524.395202
-36.0,30,13524.968838
38.267054,25,13525.427354
-40.85,26,13525.979496
-46.52,18,13526.33431
-41.2,30,13526.910469
-41.76,32,13527.719814
-38.78,32,13528.342286
-36.0,28,13528.841098
-41.54,27,13529.246152
-39.0,24,13531.687872
-37.77,41,13532.489481
32.567568,28,13532.976581
-41.85,25,13533.554994
-43.58,49,13534.643423
34.638655,26,13535.152328
-37.71,26,13535.660756
34.392879,33,13536.289282
38.054237,24,13536.730136
-38.59,24,13537.168142
35.224467,39,13537.965958
-38.91,34,13538.59095
-38.38,23,13539.011761
-35.8,31,13539.609915
32.333333,31,13540.171189
35.443609,25,13540.679009
35.041436,37,13541.274395
-35.55,32,13543.874951
32.046358,27,13544.631007
-35.2,25,13545.32773
-38.12,27,13545.836026
-38.08,29,13546.408301
-37.59,22,13546.814598
-33.0,33,13547.433451
-38.67,28,13547.960005
36.0,23,13548.363698
-41.06,31,13549.018194
-44.35,21,13549.421577
-43.68,22,13549.866126
-39.0,23,13550.340239
-35.56,24,13550.820186
39.0,22,13551.22712
-39.0,20,13551.592725
-42.0,22,13551.998269
-38.48,26,13552.569897
-35.81,28,13553.103147
-39.0,26,13553.526033
-41.3,20,13555.808666
-37.94,36,13556.546129
-38.77,32,13557.201167
-35.69,33,13557.891427
-32.14,25,13558.419188
-35.72,24,13558.941129
-33.0,42,13559.75254
-38.11,29,13560.911592
-38.93,30,13561.509494
-42.0,25,13561.838551
-41.65,23,13562.223232
-38.6,23,13562.654174
-44.6,23,13563.060842
-35.76,23,13563.524098
36.0,33,13564.136317
-44.39,20,13564.478018
-32.29,30,13565.033423
-41.52,30,13565.50928
-41.89,22,13565.879318
-41.6,30,13568.527512
-35.11,32,13569.077815
-40.17,26,13569.592903
-35.01,25,13570.058378
-35.14,31,13570.656668
-41.91,22,13571.154253
32.513619,29,13571.87086
-42.0,41,13572.85781
-38.04,21,13573.228618
-43.8,23,13573.612573
-42.0,20,13573.991639
-37.37,32,13574.574011
32.137931,31,13575.175712
-44.6,33,13575.783088
-35.88,25,13576.281953
-44.13,20,13577.182077
-39.0,20,13577.555539
35.875502,27,13577.999616
-37.08,25,13580.412179
35.220149,22,13580.772574
-40.83,24,13581.246248
-34.87,34,13581.935388
-44.82,21,13582.383441
-35.53,31,13582.988972
-41.35,42,13583.810045
-41.43,24,13584.211538
36.0,21,13584.617301
-33.7,33,13585.230006
-41.47,27,13585.718099
-39.0,47,13586.623071
-43.93,26,13587.241992
-40.58,25,13587.754658
-38.42,29,13588.309109
-42.0,30,13588.837599
32.758355,32,13589.390922
-35.66,25,13589.864837
-35.95,33,13592.337525
-38.34,25,13592.704166
-32.13,38,13593.518962
-41.87,25,13593.984603
-40.31,23,13594.45175
-35.81,27,13594.940749
-41.03,36,13595.642609
-39.0,27,13596.151028
-40.96,27,13596.6728
-36.0,38,13597.454402
-38.31,24,13598.011415
-39.0,35,13598.813116
-45.0,26,13599.309679
-38.39,26,13599.854697
-41.81,26,13600.643131
-38.7,28,13601.176987
-33.0,26,13601.641487
-38.15,31,13602.209874
-43.21,20,13604.605201
38.174949,37,13605.189614
-39.0,36,13605.774663
-38.3,21,13606.142103
-36.0,33,13606.785461
-37.2,33,13607.505827
35.829457,38,13608.256511
-41.18,30,13608.857457
-41.91,22,13609.277346
-35.11,23,13609.716701
-38.26,20,13610.082537
-32.53,35,13610.762062
-38.38,29,13611.297946
-44.22,27,13611.817886
38.708502,19,13612.177568
37.90967,24,13612.63193
-32.47,35,13613.225918
-32.83,26,13613.672805
-39.0,37,13617.069709
34.497274,36,13617.631675
-35.99,29,13618.170051
-40.61,25,13618.660466
-41.7,30,13619.228138
-41.01,30,13619.836722
-41.38,35,13620.517764
-35.32,31,13621.097049
-44.69,23,13621.516453
-32.11,50,13622.444721
-41.81,22,13622.848789
-44.31,22,13623.274813
-38.94,32,13623.90899
-35.33,25,13624.330961
-33.0,25,13624.753353
-38.77,32,13625.36708
32.385093,31,13626.23944
-35.87,25,13628.919772
-32.18,27,13629.401528
-40.63,31,13629.930909
-38.06,26,13630.387849
35.273148,22,13630.856606
-35.86,26,13631.319718
-35.16,32,13631.936029
-32.49,37,13632.615219
-36.0,25,13633.057474
-32.53,26,13633.623315
-41.72,37,13634.337569
-35.13,32,13634.89816
-41.1,25,13635.384468
-35.49,27,13635.864805
-35.27,37,13636.574989
34.68254,24,13636.984171
-42.0,25,13637.398215
-36.0,29,13637.870687
-35.46,23,13640.428545
-33.0,35,13641.011145
-42.0,50,13641.848399
-41.84,28,13642.346781
32.398754,35,13643.033557
-41.55,23,13643.473321
41.309609,38,13644.207767
-35.53,41,13644.988198
35.875556,20,13645.352559
-38.7,31,13645.969606
-46.84,16,13646.278123
-32.61,28,13646.808489
35.735099,32,13647.367471
-38.55,31,13647.884532
-32.19,30,13648.397411
-44.46,25,13648.816541
-33.0,34,13649.418124
-41.09,21,13652.26285
-38.78,31,13652.780934
32.188862,29,13653.256928
-32.97,37,13653.834791
-38.5,26,13654.260098
-35.35,27,13654.771386
-39.0,28,13655.3205
32.278912,34,13656.205559
-38.52,31,13656.839569
34.91334,33,13657.445925
-44.27,31,13658.042289
-41.61,23,13658.8017
-38.88,36,13659.466133
-36.0,23,13659.871352
-40.14,24,13660.252052
-39.0,28,13660.691827
39.0,23,13661.11454
-43.76,26,13661.578699
-32.14,28,13664.200549
-38.25,30,13664.735177
-38.79,24,13665.116277
-35.05,33,13665.629961
-41.27,23,13666.019324
39.656873,26,13666.4941
-41.46,24,13666.97706
-38.32,29,13667.511315
-38.11,38,13668.220631
-33.0,35,13668.89468
-37.77,30,13669.469308
-33.0,31,13670.079641
-44.64,25,13670.598753
32.074576,34,13671.208104
-38.6,33,13671.833105
34.47376,35,13672.524687
-39.0,26,13673.023041
-38.02,28,13675.718527
40.165067,23,13676.222707
44.036496,15,13676.528152
38.38143,24,13677.008981
-39.89,26,13677.48026
32.901478,33,13678.103542
-44.61,19,13678.435225
32.902985,25,13678.838604
-32.35,38,13679.495039
-40.74,25,13679.977549
-40.73,25,13680.708593
32.835664,35,13681.463406
-34.89,34,13682.109728
-46.6,18,13682.446187
-44.1,25,13683.142284
-44.44,26,13683.708025
-35.04,36,13684.321105
-38.48,27,13684.773156
-35.89,32,13685.274275
-32.3,32,13688.003541
35.439014,24,13688.457384
-41.17,24,13688.922502
-32.85,37,13689.588736
33.0,39,13690.247966
-33.0,28,13690.703235
32.538776,29,13691.385027
-40.87,28,13691.899924
-36.0,46,13692.777274
32.610526,35,13693.402948
32.469466,31,13694.002594
-38.38,31,13694.55435
-38.94,31,13695.126587
-38.88,28,13695.584198
-35.22,32,13696.102292
-41.08,25,13696.538286
-32.88,30,13699.237991
-41.77,29,13699.818034
-46.87,23,13700.276093
-41.29,20,13700.660033
-39.0,28,13701.25088
-39.0,23,13701.628688
-39.0,40,13702.276284
-38.86,17,13702.524513
-35.57,25,13702.969102
-43.74,23,13703.357234
-38.47,26,13703.839108
-33.0,32,13704.434165
-40.87,33,13705.036536
-35.67,24,13705.479019
-38.72,29,13706.032253
36.544987,35,13706.676127
-42.0,21,13706.979275
-40.54,32,13707.806449
-35.55,25,13708.201174
-41.58,23,13710.857089
33.0,30,13711.481034
-44.18,28,13712.032054
37.322154,24,13712.469387
-44.37,23,13712.923078
-38.68,33,13713.537927
-38.91,43,13714.249239
-35.04,32,13714.723471
-35.24,35,13715.270732
32.617424,33,13715.779187
-38.66,42,13716.600084
-36.0,80,13718.091344
-38.92,25,13718.534466
-39.0,31,13719.043029
-34.95,34,13719.636146
-41.2,39,13722.510527
-35.52,35,13723.162133
-32.43,25,13723.663193
-41.0,24,13724.092055
-35.2,32,13724.727885
-44.61,26,13725.259476
-32.53,29,13725.900853
-38.8,31,13726.382529
35.107036,29,13726.886879
35.138996,35,13727.47193
34.928955,36,13728.132082
41.022814,24,13728.559023
38.209059,27,13729.088347
-41.13,20,13729.444719
33.0,34,13730.145495
35.082353,30,13730.629277
-41.15,29,13731.120698
35.248704,33,13733.7617
-40.34,41,13734.618549
-45.0,21,13735.284556
35.9,28,13735.819182
-41.18,30,13736.389044
-35.79,37,13737.357322
-33.0,30,13737.871881
-42.0,27,13738.434707
-35.52,24,13739.394922
-41.84,32,13739.90581
34.754427,37,13740.49298
-38.02,25,13740.918134
-38.42,27,13741.404426
-47.12,14,13741.678882
34.563366,35,13742.281242
-37.87,37,13742.925584
-37.86,26,13743.378181
-41.65,24,13743.787152
-35.04,31,13746.551655
-32.37,32,13747.14654
-35.16,44,13748.026061
-33.0,29,13748.630312
-40.45,27,13749.232024
-44.38,25,13749.761722
-41.13,27,13750.299323
37.480645,30,13750.916008
-38.7,30,13751.529049
-34.24,27,13751.981063
-41.75,34,13752.514455
32.406844,27,13753.290102
-41.11,26,13753.759378
-41.09,36,13754.337996
-38.91,27,13754.839
-47.38,15,13755.051727
-41.4,29,13755.571558
35.788889,31,13758.374434
-42.87,22,13758.858516
-41.36,24,13759.332699
-38.29,26,13759.877681
-35.2,28,13760.378845
-36.0,28,13760.946572
-35.98,42,13762.033872
-41.5,36,13762.744572
-32.02,34,13763.41229
-38.3,32,13763.929896
-41.09,26,13764.346179
35.444068,23,13764.759559
-32.64,26,13765.415278
-38.87,56,13766.255453
38.645051,22,13766.675082
-38.81,29,13767.190238
-35.5,42,13768.088513
-33.0,37,13771.005646
-35.91,38,13771.738781
-38.45,27,13772.319863
-32.43,30,13772.910079
-43.88,29,13773.478205
-35.62,37,13774.344699
-44.27,20,13774.763778
38.513109,53,13775.958047
-39.0,24,13776.326597
32.2249,34,13776.891675
35.182363,36,13777.430245
38.066924,20,13777.716851
-41.59,21,13778.070424
-38.36,24,13778.521465
-40.99,27,13778.971812
-41.57,30,13779.529393
-38.47,22,13779.922983
-42.0,21,13782.55514
-30.0,29,13783.077412
-38.85,28,13783.593166
-44.14,26,13784.100106
-43.9,22,13784.507933
-41.65,23,13785.035094
-35.28,37,13785.758746
-38.64,27,13786.336627
-43.67,28,13786.911469
-35.33,28,13787.462214
-32.17,30,13788.207726
-38.78,24,13788.69679
-44.64,24,13789.074737
-34.97,48,13789.810272
-47.41,28,13790.248035
35.402439,28,13790.710155
-38.78,21,13791.078015
-39.0,32,13791.795449
33.0,25,13794.730268
-38.4,45,13795.568289
-37.54,31,13796.165582
-36.0,29,13796.728179
32.656757,35,13797.379573
-38.4,21,13797.77521
-33.0,30,13798.324246
-37.54,19,13798.698961
-41.66,24,13799.164828
34.40356,27,13799.688461
-44.84,35,13800.377519
-40.61,34,13800.958095
34.514742,40,13801.520223
-38.58,26,13801.908877
32.247148,44,13802.60372
-34.74,32,13803.500215
-41.26,24,13807.345356
-32.1,30,13810.585215
-41.36,23,13811.061325
-38.49,27,13811.619154
-38.39,45,13812.635152
-39.0,26,13813.189203
-40.67,31,13813.867181
39.0,23,13814.337537
32.536765,40,13815.112278
-38.56,22,13815.533193
35.164444,28,13816.121976
-41.85,23,13816.563322
-43.84,21,13817.027756
-36.0,32,13817.519701
-39.0,27,13818.073644
-41.36,20,13818.408462
-37.25,26,13818.802151
-38.56,26,13819.145686
-44.34,19,13819.442076
-41.4,22,13819.86904
-36.0,27,13822.710361
-33.0,33,13823.381506
-31.92,30,13824.249241
-35.35,29,13824.823183
-41.16,30,13825.459229
-32.74,27,13826.025922
-41.36,26,13826.581516
36.0,33,13827.275253
-39.0,28,13827.85013
-41.65,21,13828.263545
-44.76,24,13828.734004
-38.82,30,13829.358252
40.92053,19,13829.726377
-32.04,27,13830.242992
-38.64,23,13830.705285
-34.6,29,13831.13218
-35.7,26,13831.520451
-39.0,26,13831.927324
-44.73,25,13832.302547
-35.36,29,13835.171526
33.0,32,13835.952578
-39.0,23,13836.496399
-38.51,33,13837.456544
-40.85,25,13838.059803
-34.95,34,13838.848428
-40.6,24,13839.436719
-43.0,27,13840.024178
-37.63,39,13840.862469
-38.44,36,13841.551566
-41.1,20,13841.967725
-35.08,24,13842.464356
-41.67,26,13842.974191
-40.98,25,13843.467485
-36.0,30,13843.943599
32.5,28,13844.311332
-36.0,25,13844.691846
-41.69,27,13845.087785
-38.3,30,13847.748235
-43.74,24,13848.252846
-39.0,25,13848.963668
34.471408,23,13849.504458
32.226866,47,13850.430194
-40.92,29,13851.014351
-44.28,32,13851.680173
32.0,28,13852.2333
-39.0,29,13852.892519
-41.7,22,13853.497312
-34.96,30,13854.066295
-38.58,27,13854.608026
-44.5,41,13855.471655
35.470833,35,13856.149786
-38.13,30,13856.691482
-42.0,19,13857.080091
-41.14,30,13857.564473
-35.31,29,13860.37691
-35.65,26,13860.924212
-41.07,33,13861.623892
-38.85,28,13862.216371
-38.88,19,13862.592134
-38.12,28,13863.20091
-40.83,22,13863.63591
32.07438,35,13864.35107
37.883969,29,13864.938278
-33.0,36,13865.612302
-39.0,42,13866.459338
-42.0,20,13866.890327
-33.0,31,13867.526159
-41.26,28,13868.032066
32.003745,28,13868.520403
-41.88,24,13868.933629
38.549587,22,13869.331724
37.528463,27,13869.814799
-33.0,41,13872.706095
-41.36,31,13873.370645
-38.91,20,13873.827446
-41.69,23,13874.278528
-36.0,37,13875.011822
-39.0,28,13875.662948
-36.0,22,13876.110875
-41.13,20,13876.493479
-43.3,40,13877.531877
40.71743,32,13878.203997
-44.04,27,13878.72267
-41.15,25,13879.216048
-39.0,31,13880.10298
-38.61,36,13880.80846
-41.66,24,13881.260991
37.785614,42,13882.06
35.191489,28,13882.566426
-40.31,22,13883.009346
32.90393,33,13885.788402
32.155425,28,13886.277513
-38.67,25,13886.763461
-39.47,26,13887.266255
-45.0,27,13887.835119
34.422881,30,13888.451101
-37.89,28,13888.99498
-40.97,21,13889.396891
-44.27,19,13889.818349
-32.51,38,13890.558951
-38.19,25,13891.073589
-32.81,28,13891.683207
-40.67,31,13892.322126
-32.2,37,13892.964941
-41.66,30,13893.500604
-41.53,36,13894.184661
-41.8,26,13894.739791
46.81229,17,13895.115296
-41.34,28,13897.763434
40.11213,36,13898.471744
-39.0,34,13899.129713
-32.58,31,13899.702368
-39.0,26,13900.262805
-46.63,17,13900.639969
-34.84,23,13901.080586
-32.81,33,13901.833187
34.834601,31,13902.527991
-40.85,26,13903.144213
-41.55,23,13903.678236
-36.0,39,13904.538251
-41.54,26,13905.00241
-35.41,17,13905.554626
-36.0,25,13905.996552
-32.67,28,13906.696738
-33.0,29,13907.296971
-35.52,29,13907.871503
41.131687,16,13908.228579
-44.62,23,13910.863605
-38.7,23,13911.316345
-36.0,53,13912.487909
32.11245,30,13913.140903
35.178862,26,13913.690489
-41.17,25,13914.162019
32.046875,31,13914.821339
-38.46,25,13915.30605
-38.18,26,13915.800531
-32.04,38,13916.573827
-34.71,28,13917.138277
-32.28,33,13917.702406
-38.46,32,13918.220287
39.0,26,13918.63816
-44.88,26,13919.089778
-38.56,32,13919.675506
-40.24,32,13920.37661
36.0,23,13923.365284
33.0,27,13923.834877
-38.78,31,13924.483514
-44.5,29,13925.086626
-35.74,33,13925.827468
-43.4,16,13926.150343
-44.88,29,13926.717175
-33.0,50,13927.739964
-36.0,36,13928.430432
-40.3,33,13929.101111
-43.66,28,13929.576874
-33.0,31,13930.104039
-39.0,24,13930.49632
-32.36,27,13930.956784
35.238866,28,13931.454922
-44.04,21,13932.006764
-35.41,31,13932.764188
-36.0,22,13933.196909
-41.65,21,13935.844058
-44.31,24,13936.265751
-40.74,24,13936.969758
-38.33,39,13937.670405
-38.57,29,13938.267796
-37.93,30,13938.880859
-44.31,18,13939.255992
34.83617,27,13939.765551
-35.7,50,13940.801385
-36.0,26,13941.351651
-40.12,24,13941.812635
34.454019,30,13942.316983
-38.5,21,13942.646967
-41.91,27,13943.113183
-40.65,20,13943.470651
-36.0,22,13943.8642
-44.31,21,13944.294456
-39.77,25,13944.738037
-44.06,28,13945.339273
-41.5,19,13947.97419
35.0674,26,13948.397254
-41.69,28,13948.881377
-38.65,25,13949.337699
-38.07,23,13949.840897
-32.06,27,13950.382992
-32.68,47,13951.302284
34.802064,35,13951.996373
-37.84,27,13952.551828
38.033262,27,13953.082573
-42.0,25,13953.576844
-32.84,36,13954.242
-43.93,28,13954.743368
-35.94,48,13955.547365
-38.1,22,13955.960406
-41.85,34,13956.646373
-35.81,29,13957.207194
-38.81,25,13959.957698
-36.0,31,13960.512936
-43.57,29,13961.263868
32.597786,45,13962.077832
-38.24,25,13962.53455
-35.67,27,13963.052575
-31.87,34,13963.697885
-35.88,30,13964.328611
-36.0,63,13965.550218
-38.34,26,13966.052829
-43.36,33,13966.632411
-35.92,29,13967.120509
-43.4,24,13967.589865
-44.45,40,13968.31677
-38.94,20,13968.717931
37.502454,21,13969.203723
-41.66,25,13969.728067
-38.86,28,13972.509947
-44.05,29,13972.985536
32.744681,30,13973.451236
-38.91,29,13973.908362
37.416767,23,13974.339392
-32.03,24,13974.854321
-32.34,26,13975.35083
-40.64,24,13975.828307
-36.0,26,13976.324387
-39.0,31,13977.035642
-34.42,36,13977.766125
34.436685,28,13978.307087
-44.13,25,13978.723744
-35.42,29,13979.191774
-41.92,32,13979.708262
38.120307,22,13980.111649
-41.25,24,13980.559983
-39.79,23,13981.056224
-38.54,22,13981.519408
-32.15,30,13984.447178
-40.74,30,13985.008324
-35.62,23,13985.475611
-36.0,29,13985.968288
-38.38,21,13986.319712
-33.0,83,13988.1257
-41.16,29,13988.743724
-32.81,31,13989.337175
-35.93,36,13990.074169
-38.7,25,13990.515846
-38.88,24,13991.15667
-33.0,41,13991.855553
35.404858,44,13992.656308
37.72365,23,13993.151642
-37.87,30,13993.789357
-41.56,26,13996.592133
35.399142,28,13997.121282
-38.64,30,13997.631542
-36.0,24,13998.035176
35.05098,28,13998.503844
37.24206,38,13999.132166
-35.66,26,13999.632209
38.44052,29,14000.199481
-35.16,42,14001.02252
-37.23,34,14001.699123
-35.1,24,14002.214394
-41.49,28,14002.744604
-41.58,28,14003.719236
-43.79,26,14004.208362
-38.79,30,14004.859274
-32.78,35,14005.538378
-44.02,21,14005.959467
-41.18,22,14006.409951
-35.13,40,14009.386165
-38.13,28,14009.886449
-38.45,27,14010.36672
32.5,26,14011.010799
36.999307,22,14011.413504
34.757717,27,14011.867341
-42.0,25,14012.39817
34.456878,24,14012.869104
-34.76,39,14013.674782
-35.52,31,14014.381774
-35.01,26,14015.017206
-41.17,27,14015.524722
-38.42,20,14015.868784
-39.0,26,14016.348689
-41.12,26,14016.871104
-38.28,26,14017.362071
-43.48,25,14017.860695
-37.63,29,14018.428924
-34.29,25,14018.905517
-41.56,21,14021.544826
35.789655,28,14022.104321
38.254318,35,14022.658093
36.0,27,14023.122678
-38.77,37,14023.711142
-38.16,26,14024.166584
-43.44,29,14024.705424
-38.24,26,14025.230974
-32.57,39,14025.980774
-38.16,27,14026.430445
-35.49,29,14026.88857
-35.39,28,14027.354275
-41.43,24,14027.788622
-35.71,25,14028.21323
-36.0,32,14028.809627
-44.77,23,14029.268882
-41.92,18,14029.64069
-44.31,22,14030.03876
-35.17,29,14032.848024
-44.15,28,14033.484845
-47.53,29,14034.053285
-38.08,24,14034.54693
-32.53,34,14035.145897
34.935726,30,14035.643256
-38.07,30,14036.469191
-41.27,33,14037.085939
-48.0,19,14037.485438
-43.69,33,14038.136474
-32.79,30,14038.623818
32.87594,36,14039.280243
-34.97,24,14039.677184
-44.33,21,14040.03488
-30.0,29,14040.573007
-38.9,41,14041.597225
-38.24,49,14042.552983
32.903361,32,14045.428655
-43.95,27,14045.947008
-39.0,48,14046.95773
-41.7,29,14047.410974
-35.44,31,14047.926957
-38.53,25,14048.338877
-35.94,28,14048.963494
-40.55,28,14049.478271
-41.0,32,14050.128785
38.576923,38,14050.765192
-45.0,25,14051.200677
32.656371,25,14051.61655
-37.49,34,14052.215332
38.067786,28,14052.765431
-47.07,28,14053.307756
38.213855,28,14053.837945
-41.99,34,14054.507628
-35.26,31,14057.428003
-32.07,32,14058.075884
-38.31,25,14058.618906
-35.73,26,14059.072604
-44.89,23,14059.806032
-38.29,27,14060.362868
-38.14,26,14060.782183
-35.51,28,14061.287316
-30.0,31,14061.802408
-44.43,25,14062.210912
-41.97,21,14062.851281
-32.36,26,14063.306056
35.72973,31,14063.826821
-38.2,39,14064.514723
-41.36,29,14065.060414
-43.85,23,14065.54127
32.178295,29,14066.156881
-38.59,28,14066.687666
-42.79,20,14069.328802
37.98632,25,14069.82011
32.039924,31,14070.469272
-47.0,22,14070.925341
39.0,19,14071.270758
-44.64,20,14071.698788
32.630597,25,14072.193638
-40.3,25,14072.756971
-38.5,26,14073.269995
-32.68,39,14073.937293
32.5,27,14074.381172
38.041861,26,14074.801716
-32.88,29,14075.237041
-32.03,39,14075.8337
-35.75,28,14076.383898
36.815184,31,14077.175655
-38.16,22,14077.657315
-35.87,29,14078.205716
-43.98,22,14078.637934
-32.81,31,14081.416376
-41.6,26,14081.949743
-44.32,19,14082.395391
37.819016,24,14082.845067
-38.08,36,14083.584671
-32.71,40,14084.423115
-40.69,22,14084.862318
-40.77,23,14085.337497
-41.04,25,14085.984506
40.676471,21,14086.43931
-36.0,23,14086.880468
-44.78,17,14087.15956
-38.53,30,14087.580998
32.901478,30,14088.077171
-35.66,32,14088.630771
33.0,27,14089.309806
-43.82,21,14089.738144
37.759478,24,14090.24025
-38.11,28,14090.794251
33.0,28,14091.374748
-38.97,27,14094.076002
-35.38,31,14094.837319
-41.49,23,14095.379605
-38.57,31,14096.014558
32.801471,39,14096.793165
-38.72,33,14097.466294
-44.08,25,14097.979957
35.755556,26,14098.521165
-41.52,21,14098.957808
-44.53,19,14099.29592
32.540856,28,14099.719053
-44.4,29,14100.187292
-41.64,23,14100.523851
35.692098,22,14100.908789
-38.48,25,14101.32269
-38.84,29,14101.835437
-44.31,16,14102.220306
-39.0,22,14102.705676
-40.9,30,14103.304117
-42.0,21,14103.677424
32.23053,29,14106.469847
38.402597,30,14107.117096
-35.34,29,14107.684427
-43.46,32,14108.342489
38.807692,35,14109.089299
-41.88,27,14109.613663
34.996061,36,14110.394897
35.294964,29,14111.029391
-39.0,25,14111.564229
-44.11,19,14111.942428
-35.42,30,14112.481853
32.133333,29,14112.915363
-39.0,25,14113.277695
-41.45,24,14113.650451
-44.53,26,14114.049962
-37.32,24,14114.455254
-35.57,32,14115.106136
-32.59,27,14115.820379
-41.67,24,14118.70841
-39.0,27,14119.207101
-40.98,25,14119.77065
39.850025,30,14120.381938
-36.0,28,14120.927451
-39.0,25,14121.584958
32.839286,35,14122.267634
32.179688,28,14122.980496
37.734848,24,14123.460953
-32.91,33,14124.119638
-38.99,35,14124.794555
-35.29,23,14125.195965
-38.67,22,14125.560115
-35.23,28,14126.012994
32.5,29,14126.461998
-44.41,25,14126.843971
32.411371,39,14127.507244
-38.34,29,14128.08376
-39.66,37,14131.134663
-35.64,34,14131.848329
34.985138,31,14132.503715
32.135417,36,14133.170594
-35.71,33,14133.804222
-42.0,24,14134.308853
38.448718,22,14134.76252
-36.0,32,14135.409571
-43.79,27,14135.95027
-38.43,23,14136.442153
-33.0,29,14137.026416
35.611111,22,14137.421663
32.196364,35,14137.967148
32.253333,33,14138.457253
32.458621,40,14139.028629
-44.48,27,14139.45458
-41.39,16,14139.747463
-41.34,33,14142.538111
-38.88,23,14142.997324
35.574144,24,14143.600582
-32.41,37,14144.340258
-32.09,37,14145.048331
-37.7,27,14145.557346
-32.96,36,14146.325484
-32.24,37,14147.037213
-41.76,26,14147.552871
-40.47,22,14148.184094
-43.95,24,14148.729648
-41.13,19,14149.132442
41.075,21,14149.536967
-43.56,26,14149.97038
-37.43,30,14150.499873
-38.88,47,14151.263
-41.94,32,14151.833709
32.383803,32,14152.345747
-45.0,23,14154.995662
-32.77,28,14155.532341
-44.21,28,14156.119377
-44.04,19,14156.489539
-35.95,33,14157.175571
-38.04,28,14157.764703
-35.14,29,14158.342237
-43.48,31,14158.97023
-41.71,18,14159.312246
-38.16,37,14160.029383
-40.31,28,14160.574185
-38.34,22,14160.961147
35.876543,26,14161.43413
-44.88,32,14161.996799
-35.11,28,14162.483741
-39.0,22,14162.85648
-37.94,27,14163.269957
-35.42,29,14163.713432
32.25974,29,14166.288624
-32.28,27,14166.85362
-47.41,11,14167.053126
-35.25,21,14167.477397
-38.12,21,14167.886868
-32.25,45,14168.803119
-38.37,23,14169.451425
-36.0,27,14170.02952
-38.56,21,14170.52526
-44.53,14,14170.796838
32.824138,28,14171.376186
-42.0,38,14172.160123
32.574344,29,14172.747202
33.0,46,14173.630767
-41.66,27,14174.383786
-44.44,25,14174.758693
-32.24,33,14175.312676
-32.13,42,14176.075435
-35.45,23,14176.490012
-41.26,25,14179.138354
37.545506,22,14179.564652
-44.24,32,14180.277356
-32.21,46,14181.177874
-38.02,29,14182.332028
38.026706,23,14182.794817
-38.16,29,14183.35257
-47.4,21,14183.735816
-39.0,22,14184.184056
-45.0,23,14184.623074
38.115854,33,14185.26665
-35.67,31,14185.816011
-39.0,30,14186.326698
-35.49,26,14186.7638
-38.36,26,14187.248764
-35.79,30,14187.874563
-32.25,30,14188.501277
-32.77,37,14189.228618
-41.23,30,14191.952898
-41.88,30,14192.594988
-38.17,30,14193.221444
-35.91,26,14193.756499
-40.36,31,14194.423465
38.687747,24,14194.912646
-46.21,44,14196.165791
-47.25,19,14196.514611
-38.45,25,14196.983781
-44.43,20,14197.39089
-38.32,24,14197.858665
30.0,29,14198.375319
-42.0,23,14198.758961
-34.97,27,14199.203592
32.420863,38,14199.857576
-35.65,19,14200.246065
-41.2,33,14200.88532
-38.13,26,14201.373908
33.0,27,14204.141762
-46.28,17,14204.420078
-41.96,43,14205.262992
-46.77,21,14205.64554
-32.17,32,14206.261954
-41.59,27,14206.794736
34.643257,51,14207.814641
-41.74,34,14208.470769
-32.34,30,14209.061157
35.016759,34,14209.660919
-38.39,40,14210.407084
-32.37,36,14211.131191
-39.0,21,14211.473779
-41.28,25,14212.02651
-32.63,29,14212.640638
-42.94,17,14212.989304
-38.86,20,14213.477103
-41.71,22,14213.968612
-43.39,19,14216.470172
-44.02,18,14216.800634
32.093023,33,14217.37069
-44.01,23,14217.825815
-44.61,17,14218.170458
-41.88,19,14218.52593
-38.36,29,14219.120773
-41.35,26,14219.598605
38.772727,42,14220.561106
36.355523,41,14221.375114
-42.0,30,14222.009683
-39.0,27,14222.603116
-39.0,96,14224.304034
-41.06,23,14224.769353
-39.0,28,14225.33595
44.234201,15,14225.631928
-32.47,30,14228.512737
-38.17,24,14228.920626
-41.34,25,14229.302769
-41.5,25,14229.710316
-44.43,28,14230.220248
-42.0,31,14230.813141
-35.67,34,14231.479986
-44.5,19,14231.887777
-41.23,24,14232.357908
32.375465,32,14232.970647
38.168067,21,14233.364573
38.726574,29,14233.874522
-38.92,28,14234.392778
-32.61,31,14234.955439
-41.6,28,14235.447893
-35.88,27,14235.998973
-44.33,21,14236.454409
-44.74,17,14236.816545
34.425351,29,14237.447589
-32.59,27,14237.989528
38.113793,23,14240.674949
-44.36,27,14241.203884
-42.0,22,14241.547624
-39.0,29,14242.033054
-32.72,28,14242.506944
-33.0,28,14243.041395
37.862753,26,14243.585323
-36.0,31,14244.143932
38.218266,36,14244.88137
-41.69,28,14245.389314
34.702457,35,14245.960331
32.041494,31,14246.484329
-38.49,27,14246.976539
38.724528,30,14247.511388
32.649007,31,14248.275589
-42.0,22,14248.733284
-32.66,31,14249.366425
-41.56,21,14249.726455
-42.0,19,14252.252381
-37.85,30,14252.902906
-41.81,27,14253.354089
-36.0,30,14253.848083
38.082237,24,14254.211801
-38.33,42,14254.927733
-42.0,16,14255.164418
-38.2,27,14255.818302
-41.47,27,14256.412776
-41.3,26,14256.945032
-37.9,32,14257.592784
-39.0,31,14258.220402
-42.0,25,14258.630296
-43.58,28,14259.140422
32.296073,32,14259.74287
-35.52,31,14260.329382
38.383212,19,14260.817219
32.988636,35,14261.529457
-44.72,24,14262.028365
-41.21,27,14264.693303
36.0,40,14265.556773
-37.88,27,14266.08118
-35.88,24,14266.47631
-35.84,42,14267.268
-37.71,31,14267.886614
39.0,24,14268.339949
-32.18,27,14268.87075
-35.69,33,14269.504235
-32.86,26,14270.069252
40.283957,32,14270.763957
-31.73,45,14271.490805
32.327586,29,14272.036839
-41.68,30,14272.526141
-41.62,90,14276.504855
-44.37,21,14276.922911
35.152542,31,14277.576775
-41.17,31,14278.203134
-39.0,34,14278.95401
38.270833,25,14279.513265
32.105263,32,14280.164105
-30.0,27,14280.691972
-44.1,41,14281.65571
-41.26,22,14282.253795
-35.48,23,14283.428209
-38.6,24,14284.072922
-39.0,21,14284.777597
35.013953,25,14285.328226
-41.44,27,14286.012393
-37.66,18,14286.431336
38.801471,22,14286.846204
-34.98,26,14287.358394
-44.31,20,14287.866519
-41.33,21,14288.301096
-38.64,30,14292.016505
-40.02,30,14292.718623
-36.0,33,14293.471071
-41.39,22,14293.946069
-38.09,32,14294.639252
41.29582,23,14295.18058
-35.27,27,14295.651471
32.395973,31,14296.136173
-35.48,39,14296.858135
-38.1,39,14297.672529
-42.98,19,14298.110344
32.432624,49,14299.00798
32.234568,27,14299.424
-32.21,33,14300.335253
-42.0,20,14300.676744
32.028112,28,14301.220983
-35.68,36,14301.932184
35.625,26,14304.475651
34.767923,26,14305.169233
-41.07,23,14305.612258
-38.47,28,14306.118318
-38.8,30,14306.676144
36.0,27,14307.194458
-35.49,45,14307.970161
38.812274,25,14308.464407
-41.88,57,14309.417214
-45.0,26,14309.981608
32.734848,29,14311.139889
-44.42,25,14311.664227
35.803636,24,14312.122734
-39.0,29,14312.627186
-43.82,20,14313.036633
37.953438,26,14313.522339
-41.18,28,14314.082252
-38.51,26,14317.228128
-32.26,31,14317.778581
-35.13,25,14318.297914
38.249147,26,14318.766181
35.734082,27,14319.265904
-40.72,44,14320.039735
-36.0,44,14320.766036
-37.3,28,14321.246009
32.475352,34,14321.82471
-35.61,35,14322.487137
-41.67,23,14322.83731
-44.27,32,14323.401881
-35.73,58,14324.364851
32.333333,35,14325.039173
35.156379,31,14325.784578
-42.0,26,14326.380204
-38.89,26,14329.351602
32.485597,31,14329.9666
-35.75,37,14330.748914
-37.63,24,14331.365518
-39.0,22,14331.804332
-44.22,41,14332.499241
-39.0,33,14332.968565
-41.24,28,14333.414682
-43.73,30,14333.868918
-35.44,30,14334.529624
-41.11,30,14335.013828
37.559036,29,14335.606675
-38.25,30,14336.131812
-38.19,26,14336.605686
-35.59,30,14337.349602
38.330303,26,14337.827957
-38.85,24,14338.292426
-38.48,42,14341.410138
-36.0,26,14341.852961
-32.49,26,14342.464756
-37.47,27,14343.04553
-43.24,27,14343.65679
-33.0,32,14344.339432
35.272226,26,14344.858365
-38.57,27,14345.495499
-32.56,27,14345.951951
-36.0,32,14346.466985
-35.14,27,14346.862358
-35.71,25,14347.165593
38.208754,27,14347.581789
35.536496,23,14348.025616
34.641574,31,14348.519449
-41.32,24,14348.95581
-44.01,27,14349.934883
-34.99,62,14353.808197
32.522337,27,14354.471597
-41.21,24,14355.040263
-38.93,29,14355.770347
-35.62,26,14356.33468
-33.0,26,14356.922754
32.453532,32,14357.854944
-38.52,24,14358.41448
-38.5,34,14359.15553
-32.6,32,14359.736335
32.167315,32,14360.437979
32.901478,29,14360.876679
-41.14,28,14361.371893
32.085938,28,14361.930897
-38.08,26,14362.528528
-38.5,35,14363.266492
-38.35,26,14363.817755
-41.25,21,14364.278893
33.0,39,14367.745908
40.128833,32,14368.478577
-32.04,32,14369.279494
-32.04,37,14370.084213
-41.43,22,14370.565104
-41.71,39,14371.43312
-35.5,35,14372.229329
-41.69,22,14372.814236
-38.51,32,14373.525169
35.192308,23,14373.951818
-35.68,34,14374.543281
-39.0,24,14374.923266
-38.22,45,14375.829096
34.557975,30,14376.502007
-41.63,25,14377.111817
-45.24,22,14377.638917
-41.7,28,14378.154431
-36.0,27,14381.344039
-38.41,31,14382.035038
-42.0,19,14382.499112
-41.21,22,14383.122953
-39.0,22,14383.630568
32.600746,51,14384.77512
-41.42,23,14385.383782
32.007937,36,14386.236288
-37.42,50,14387.510154
-35.91,25,14387.945414
-38.22,28,14388.372811
32.51711,32,14388.863989
-41.92,20,14389.188494
32.189103,33,14389.736665
-41.17,18,14390.068398
-32.55,27,14390.693366
-38.79,30,14391.36822
-38.21,27,14391.972816
-31.53,30,14395.259775
-41.18,34,14396.021531
-39.0,44,14396.924141
-44.33,19,14397.326523
-32.47,27,14397.918963
-38.82,29,14398.560213
-33.0,26,14399.083457
-44.61,16,14399.4413
34.742419,25,14399.985207
36.767359,24,14400.516775
35.226619,35,14401.320711
-35.85,28,14401.783911
-37.64,41,14402.526102
-38.75,20,14402.856705
-44.4,17,14403.131647
-38.52,27,14403.601103
-32.1,28,14404.240594
-44.58,35,14405.004653
40.685091,19,14405.422372
40.292408,24,14408.363453
-37.88,28,14409.126486
-35.64,24,14409.76888
-38.84,28,14410.392989
-38.08,28,14411.014956
-41.14,21,14411.470397
-41.27,24,14411.996587
-36.0,26,14412.634543
36.0,30,14413.317105
-44.09,19,14413.776649
38.131579,26,14414.434286
-41.27,24,14415.064928
-35.35,25,14415.50966
-38.32,26,14415.939481
34.68007,36,14416.473001
32.901141,25,14416.964056
32.372483,32,14417.500454
-38.44,49,14418.336787
-33.0,28,14421.004674
32.30597,32,14421.757957
-35.71,36,14422.94521
32.24812,34,14423.714599
-43.87,37,14424.487611
-35.53,28,14425.047827
-32.27,32,14425.768509
-35.41,26,14426.385782
-42.0,25,14426.854582
36.0,34,14427.49444
33.0,29,14427.98875
-39.0,32,14428.533255
-42.0,19,14428.832394
-39.0,26,14429.22083
-35.9,34,14429.715231
-43.67,22,14430.069806
-35.08,29,14430.594103
-39.0,22,14431.047881
-41.55,22,14434.062725
-38.03,31,14434.914737
35.647666,25,14435.442665
-35.58,35,14436.164239
-32.7,30,14436.807697
-41.05,25,14437.450584
-35.35,32,14438.191111
-33.0,26,14438.804417
-40.77,21,14439.253892
-44.05,42,14440.245903
-41.82,23,14440.862315
-45.0,22,14441.354542
33.0,27,14441.908695
-44.15,23,14442.469919
-32.66,28,14443.002378
-47.33,18,14443.249687
33.905082,28,14444.518853
-35.51,35,14445.24404
-39.0,43,14448.561
-34.73,31,14449.215769
-40.46,24,14449.792967
-47.02,31,14450.448831
-37.69,33,14451.075458
43.612224,27,14451.6266
-35.19,25,14452.358927
-41.28,24,14452.832243
-32.74,38,14453.628479
-39.0,18,14453.99539
-35.3,23,14454.398945
-38.13,32,14454.911112
-41.62,26,14455.358548
-38.86,35,14455.928264
33.0,27,14456.38426
-32.52,41,14457.131629
-38.74,27,14457.598756
32.573134,27,14458.038429
-35.76,27,14460.861758
-35.94,43,14461.653023
-32.91,29,14462.236809
-43.67,32,14462.874721
42.0,19,14463.273504
-32.4,34,14463.975788
-38.66,24,14464.449052
-42.0,32,14465.102674
-42.0,30,14465.601051
-38.86,30,14466.2225
-32.4,27,14466.715385
-38.17,24,14467.13916
-35.17,38,14467.77897
32.187266,34,14468.373957
-41.16,22,14468.788164
32.445833,25,14469.494404
-41.65,22,14469.882071
44.096429,23,14470.329056
-38.56,21,14473.065384
-32.8,35,14473.775766
-47.58,17,14474.117081
-40.21,30,14474.778397
-34.57,35,14475.499992
-35.39,28,14476.163682
-41.77,21,14476.567471
-36.0,31,14477.20734
-32.11,29,14477.846381
-47.33,26,14478.52416
32.160714,51,14479.520736
-38.1,33,14480.1274
-41.42,22,14480.509956
-41.32,27,14480.993346
-34.71,31,14481.554567
33.543699,37,14482.204983
37.389903,25,14482.606587
-35.67,26,14485.266783
-35.16,29,14485.847906
32.351648,34,14486.515712
-35.91,30,14487.158195
33.0,27,14487.674182
-41.76,21,14488.114403
-30.0,31,14488.59343
-41.5,63,14489.91161
-38.69,26,14490.47858
-39.0,29,14491.061883
38.018356,29,14491.624321
-38.13,34,14492.358003
-39.0,16,14492.709281
-38.04,31,14493.263864
-36.0,40,14494.082344
-41.3,20,14494.451848
-35.51,25,14495.156442
-32.84,40,14498.173958
-41.63,29,14498.787771
-38.18,25,14499.304427
-37.71,34,14499.991565
-36.0,30,14500.616676
-38.91,43,14501.555843
-43.56,26,14502.055571
-38.09,31,14502.720422
-35.21,29,14503.318993
-35.61,29,14503.889109
32.108108,24,14504.440396
40.564883,22,14504.988708
-39.0,46,14505.812586
-40.73,29,14506.353951
-38.76,32,14507.006576
-34.1,30,14507.563829
-38.83,25,14507.942687
-44.5,29,14510.697129
-35.68,39,14511.55989
32.154762,42,14512.462254
-41.78,30,14513.226813
-47.23,13,14513.470526
-32.3,32,14514.112807
-32.06,53,14515.13868
-42.0,26,14515.740736
33.0,34,14516.374906
-44.88,32,14516.992641
-38.86,26,14517.488226
-39.0,34,14518.051577
-41.66,21,14518.477329
-41.07,26,14519.002409
-37.59,28,14519.617001
35.283489,23,14520.088144
-35.06,31,14522.914654
-34.84,32,14523.545084
-41.74,23,14524.01338
33.0,37,14524.733005
-44.44,21,14525.19614
-32.59,32,14525.871795
38.60903,23,14526.339981
-38.08,24,14526.85375
-41.28,24,14527.332485
-41.17,28,14527.934932
-35.78,40,14528.716185
-37.44,55,14529.675072
-38.67,33,14530.269182
-35.11,29,14530.793837
37.725178,25,14531.559099
-38.04,26,14532.092668
-44.75,20,14532.510518
-41.42,22,14533.025314
35.742972,24,14535.528363
-35.02,30,14536.082262
-41.05,23,14536.56309
-43.4,21,14537.031185
-38.76,26,14537.516781
-38.85,26,14538.034959
-38.5,26,14538.607531
38.121771,20,14539.049015
-41.49,24,14539.57712
-40.75,26,14540.14965
38.263065,38,14540.934056
37.50733,18,14541.265326
-34.52,26,14541.741355
-34.88,27,14542.218271
-38.71,24,14542.618522
-32.81,29,14543.172602
-32.43,37,14543.909267
37.217247,33,14544.652683
-41.29,30,14545.283213
-45.0,20,14547.696436
-38.49,33,14548.550815
-41.12,38,14549.337455
-40.55,25,14549.880881
33.0,26,14550.428088
-37.56,35,14551.167716
-31.79,36,14551.874824
-44.52,19,14552.265533
-38.82,30,14552.884528
-41.31,25,14553.345535
-44.62,24,14553.801812
-32.56,30,14554.386997
-31.75,28,14554.910035
-44.3,22,14555.300525
32.158879,31,14555.832626
-37.83,44,14556.707454
39.0,20,14557.117254
-41.24,27,14557.677988
-37.87,24,14560.450519
-33.0,32,14561.02285
-36.0,25,14561.459695
32.146417,31,14562.102512
-36.0,27,14562.646049
-41.77,23,14563.102465
-41.33,23,14563.581055
-32.42,30,14564.171823
37.995725,27,14564.72407
-41.8,25,14565.20468
-39.0,28,14565.875015
-38.2,23,14566.259733
-41.06,21,14566.6205
-34.56,52,14567.518678
-38.74,31,14568.090074
-33.0,35,14568.862022
-44.08,18,14569.26538
39.0,20,14569.708523
-44.12,20,14570.173064
-41.14,20,14572.846799
-42.0,32,14573.390948
-35.48,25,14573.780908
-38.78,21,14574.382424
-45.0,22,14574.834537
35.476364,25,14575.368721
-36.0,29,14575.917415
-38.65,30,14576.47065
-35.5,29,14577.06162
32.576159,33,14577.704737
39.764243,18,14578.060266
-33.0,34,14578.651791
30.0,32,14579.245112
35.572347,25,14579.911142
-32.13,28,14580.434874
-35.29,26,14581.037056
-34.76,41,14581.880991
32.675768,34,14582.71343
-37.78,26,14585.562977
-36.0,32,14586.104836
-36.0,26,14586.562457
-41.53,26,14586.994619
-41.19,35,14587.711545
-32.49,39,14588.545966
-36.0,32,14589.246192
-39.0,31,14589.89203
-36.0,49,14590.830777
-35.31,36,14591.45031
-38.86,27,14591.947273
-43.94,35,14592.59023
-39.0,37,14593.312638
32.249057,25,14593.770818
-44.65,25,14594.288262
38.977778,30,14594.852176
31.569106,35,14597.709399
-35.24,36,14598.368856
-41.1,29,14598.873785
38.802824,25,14599.308851
-42.0,19,14599.668057
-44.64,22,14600.369291
35.22973,21,14600.817325
-37.95,26,14601.361905
-41.47,23,14601.839618
-35.82,28,14602.411543
-38.23,21,14602.833277
33.0,28,14603.334578
-38.34,28,14603.792009
-41.71,26,14604.2187
-44.23,19,14604.570644
33.0,24,14605.061412
35.972414,30,14605.82741
-38.08,21,14606.28486
-42.0,28,14606.819463
-38.86,28,14607.398435
31.633891,42,14610.56252
35.479087,35,14611.243832
-38.43,28,14611.922305
-44.46,30,14612.440018
32.858108,31,14613.031427
-37.24,28,14613.604994
-44.16,21,14613.975255
-35.6,30,14614.564057
-41.06,34,14615.22753
-41.41,39,14615.915157
-32.39,44,14616.616812
-35.35,36,14617.221535
32.780303,27,14617.669831
-39.0,24,14618.133713
33.609954,29,14618.711673
-34.43,56,14622.188775
38.494024,28,14622.754661
-32.17,36,14623.344186
-44.38,23,14623.70872
35.463158,33,14624.245297
-39.0,22,14624.634197
-31.6,32,14625.434619
-36.0,20,14625.799006
-44.69,21,14626.220822
-33.0,28,14626.760776
-40.49,28,14627.317591
-44.11,18,14627.666927
-35.1,29,14628.158483
37.965296,23,14628.534997
-39.0,28,14629.017941
-39.0,25,14629.437393
-41.01,31,14630.038267
-36.0,33,14630.777701
-40.97,36,14631.550923
-41.19,30,14634.564805
38.407115,20,14634.967544
-44.32,23,14635.427511
-35.23,28,14635.936596
-41.31,28,14636.384483
-36.0,26,14636.805499
-35.14,31,14637.340533
-42.0,24,14638.097093
-32.22,41,14638.969198
32.638889,29,14639.604726
-32.32,36,14640.538867
-42.0,20,14640.855984
34.932432,28,14641.347286
-41.38,28,14641.861282
-35.29,34,14642.614257
34.54943,23,14643.059891
-41.16,23,14643.560392
-44.51,24,14644.069655
-44.75,25,14644.675638
-32.84,30,14647.517005
-33.0,27,14648.030912
-41.71,31,14648.606421
32.458175,32,14649.219764
-41.11,28,14649.752011
-38.78,20,14650.159922
-35.73,29,14650.650591
-41.2,23,14651.287174
38.414384,24,14651.982863
-38.51,37,14652.685798
38.131387,27,14653.173159
-38.47,30,14653.706299
-42.0,22,14654.105541
-44.04,31,14654.692674
-35.87,39,14655.46388
-35.75,22,14655.904896
-39.0,23,14656.415074
-38.41,26,14657.104339
-40.65,34,14660.731023
-36.0,30,14661.349805
-41.35,19,14661.779109
32.587121,26,14662.286977
-38.2,33,14662.810215
32.349776,35,14663.723089
34.864342,37,14664.401924
-38.1,32,14665.221902
35.9,34,14665.875986
32.157025,30,14666.443682
-32.04,24,14666.860597
-33.0,27,14667.348513
-38.48,31,14667.871915
32.051136,32,14668.431911
-32.27,30,14669.018809
-36.0,33,14669.716976
-35.25,30,14670.317794
-38.18,28,14673.1721
-32.22,41,14674.045384
-41.48,25,14674.645763
-41.25,26,14675.135094
-38.52,32,14675.694349
-35.68,28,14676.201623
-40.82,54,14677.217674
-42.0,22,14677.722438
-32.02,27,14678.508084
-38.33,22,14678.936276
37.857154,26,14679.422453
-39.0,37,14680.144194
-36.0,34,14680.746002
-32.21,29,14681.323785
33.0,42,14682.171721
-35.81,28,14682.870254
-47.06,15,14683.195985
40.688835,22,14686.019075
-44.13,28,14686.670017
-42.0,49,14687.719677
-35.8,22,14688.12267
33.665767,28,14688.745499
35.481239,31,14689.297632
-38.76,24,14689.712029
-35.3,27,14690.191854
-37.3,31,14690.772634
-43.84,29,14691.307912
-35.18,34,14692.414225
-35.49,38,14693.265408
38.42446,25,14693.821189
-38.55,26,14694.503056
37.806945,26,14695.099873
32.243728,29,14695.613388
38.003774,29,14696.152946
-38.81,41,14698.99078
35.0,55,14700.061803
35.682119,26,14700.546223
-35.46,35,14701.232425
-41.72,20,14701.633641
-32.91,35,14702.348865
-41.13,29,14703.29648
-38.41,37,14704.013159
-43.54,25,14704.483738
-36.0,28,14705.164313
-44.27,32,14705.718675
-41.33,29,14706.240166
-41.65,23,14706.663822
-37.79,24,14707.143901
41.334375,17,14707.494395
37.885141,23,14707.960827
-40.72,33,14708.59984
-38.32,27,14711.286872
-38.37,21,14711.8153
-41.55,39,14712.577005
-41.63,34,14713.238615
-41.05,21,14713.638117
-44.41,22,14714.127709
-38.27,29,14714.571131
-35.81,37,14715.141804
32.649007,27,14715.53901
37.288104,30,14716.015665
-32.8,42,14716.671641
38.553846,32,14717.206326
-44.28,23,14717.594438
-35.69,37,14718.246318
35.710602,25,14718.699698
-35.45,24,14719.339838
-35.5,25,14719.808596
-35.69,35,14720.625402
-41.84,24,14723.376523
32.359431,30,14723.966242
-32.18,39,14724.734724
35.469091,26,14725.243745
-35.6,30,14725.821252
-39.0,42,14726.560002
-41.7,20,14726.953133
32.275194,28,14727.41076
-38.29,27,14727.853853
-44.74,25,14728.308418
-32.26,37,14728.993011
-41.67,31,14729.471197
35.403023,20,14729.796737
-35.31,31,14730.370595
-36.0,22,14730.841475
-30.0,36,14731.957791
-38.12,28,14732.572387
-42.0,32,14735.540158
-35.37,22,14735.935133
-38.17,29,14736.568364
-37.38,28,14737.209453
32.94717,32,14737.819624
36.625743,22,14738.281144
33.0,32,14738.873917
31.583333,38,14739.661848
32.662222,29,14740.243134
38.373913,19,14740.602563
-33.0,30,14741.047584
-45.0,21,14741.412545
-35.2,29,14741.88011
-44.0,30,14742.444681
-35.34,25,14742.928066
-41.71,20,14743.324221
-38.65,24,14743.807167
-35.23,33,14744.739808
-35.13,28,14745.269406
-41.75,29,14747.928039
-41.54,39,14748.695669
-40.8,34,14749.343776
-39.0,33,14749.994319
-37.74,37,14750.777237
-32.01,28,14751.298316
35.791667,40,14752.132759
-32.12,28,14752.63948
-38.83,25,14753.0225
-35.58,24,14753.406276
-36.0,38,14754.107596
31.714789,40,14754.87378
-32.95,57,14755.942645
-35.01,28,14756.448997
-35.67,28,14757.110669
-41.54,23,14759.742341
-47.09,17,14760.093899
-32.42,35,14760.764808
-38.6,24,14761.258133
-33.0,28,14761.789572
-35.8,37,14762.47703
-32.45,32,14763.104768
32.184848,33,14763.76496
-35.76,29,14764.303841
-32.7,41,14764.863676
-41.44,22,14765.450388
-41.2,25,14765.805902
-41.88,26,14766.187129
-45.0,20,14766.492019
32.596542,27,14766.916404
-39.0,26,14767.322352
-32.25,26,14767.77456
-32.91,29,14768.303733
-33.0,32,14771.188934
-32.28,27,14771.796085
-38.06,25,14772.330282
-41.29,18,14772.690625
-35.42,25,14773.240526
-44.07,24,14773.742728
-33.0,30,14774.375163
37.852788,24,14774.881173
-38.14,24,14775.389722
-38.16,28,14775.920779
35.467811,35,14776.579392
-41.9,22,14777.041811
35.182663,20,14777.385772
39.720396,20,14777.75145
35.470588,30,14778.13438
-38.83,27,14778.479817
32.940397,24,14778.833217
35.192,33,14779.329585
-39.0,22,14779.678056
-39.0,26,14780.168563
-43.23,22,14782.872137
-32.29,28,14783.764526
-41.08,27,14784.325951
-39.0,36,14785.172675
-32.11,23,14785.63439
-38.63,23,14786.087874
-42.0,19,14786.439639
34.307891,39,14787.002577
-41.62,26,14787.28599
-42.0,28,14787.772327
38.226277,23,14788.550735
-40.55,21,14788.949226
-42.0,32,14789.565301
-41.04,28,14790.085359
-39.0,22,14790.472889
-38.78,23,14790.870095
-44.02,24,14791.252355
43.609304,25,14791.654683
-35.31,29,14792.152235
-43.65,26,14792.547719
-32.18,38,14795.479778
-37.96,28,14796.005135
-36.0,27,14796.624886
-43.87,19,14797.101158
-35.01,27,14797.651522
32.062044,34,14798.283504
-38.41,28,14798.827565
-43.78,25,14799.311525
-41.58,34,14799.957377
-41.91,24,14800.37957
-38.69,24,14801.291807
-38.32,29,14801.867919
-35.19,28,14802.406813
-38.74,26,14802.870951
-32.66,23,14803.428452
-38.26,31,14803.99989
-38.09,25,14804.480286
-39.67,27,14804.901115
-38.71,36,14807.501035
-36.0,30,14808.008138
-47.38,23,14808.440587
-38.81,22,14808.82888
32.062731,33,14809.646179
-38.29,26,14810.180988
-35.52,27,14810.717467
-41.67,21,14811.151009
-37.04,44,14812.003878
33.0,24,14812.466672
-41.81,52,14813.534003
34.99131,52,14814.641629
34.430668,35,14815.271843
-38.55,18,14815.600833
-37.89,24,14815.961875
-41.53,31,14816.479793
41.611354,30,14816.913806
-38.57,29,14819.501307
-33.0,24,14819.982659
-44.4,23,14820.440016
-38.22,24,14820.892935
-38.88,28,14821.460709
-44.36,25,14822.02518
35.384314,27,14822.919483
35.052209,28,14823.525736
-47.9,58,14825.033281
-43.66,31,14825.74412
-42.0,27,14826.244164
-40.52,29,14826.803337
-38.55,28,14827.263303
-38.94,23,14827.706285
38.040441,25,14828.112347
-41.8,27,14828.586393
-32.2,29,14829.04636
-35.96,25,14829.439533
-38.43,33,14832.258521
-45.0,37,14832.957995
-38.61,30,14833.577651
32.353846,34,14834.250736
-40.81,29,14835.05332
-36.0,40,14835.810113
36.0,23,14836.249791
-44.73,26,14836.745942
-41.84,35,14837.384063
-44.03,32,14838.015874
-41.41,23,14838.45857
-35.6,29,14838.965292
-41.39,31,14839.424622
-36.0,31,14839.962172
-39.0,24,14840.364868
32.389503,25,14840.809064
-38.19,30,14841.325243
35.051613,33,14844.025974
-41.63,28,14844.578041
-39.79,39,14845.379812
43.9387,18,14845.756875
32.90146,38,14846.514546
-44.58,22,14846.928117
-46.48,24,14847.598034
32.257463,28,14848.917541
-42.0,30,14849.471373
-41.17,22,14849.889209
-35.8,29,14850.390532
-44.56,16,14850.690663
40.08997,28,14851.192201
-33.0,24,14851.55225
34.98846,25,14852.008456
34.573647,30,14852.763746
-41.64,40,14853.635433
-38.35,37,14854.225422
32.107969,28,14857.567752
-40.57,22,14857.998977
-41.19,46,14858.896852
-38.03,25,14859.36658
-44.83,14,14859.608712
-32.34,31,14860.341801
-39.0,31,14861.05693
-38.56,24,14861.474315
-38.64,28,14861.989968
-44.65,29,14862.5899
-32.22,29,14863.132824
-35.75,34,14863.754385
33.0,34,14864.351462
-32.72,31,14864.903911
40.054081,24,14865.376976
-38.54,26,14865.990114
-32.58,25,14866.412204
-36.0,35,14866.957596
-41.81,16,14869.328881
34.139047,31,14869.92004
-35.88,44,14870.777569
-33.0,26,14871.280442
32.265455,25,14871.772142
-44.3,23,14872.234374
-41.78,32,14872.933292
-35.39,36,14873.849863
38.248331,26,14874.381002
-41.73,22,14874.834176
-35.5,25,14875.26897
-38.24,33,14875.850071
-44.57,28,14876.355355
-32.52,28,14876.876814
38.018462,24,14877.31716
-41.7,27,14877.858837
-32.81,34,14878.562532
-37.12,28,14878.999143
32.491279,32,14881.653123
32.00625,30,14882.272924
-39.0,30,14882.848296
-43.82,22,14883.308376
-38.77,27,14883.825768
-35.58,24,14884.301923
-36.0,40,14885.012504
35.018957,24,14885.364479
32.449393,28,14886.124734
32.25387,29,14886.722074
-38.13,23,14887.143057
-43.44,21,14887.496599
-32.78,35,14888.044167
-42.0,30,14888.633254
-41.5,23,14889.013455
-38.19,27,14889.636962
-39.0,27,14890.165008
34.614286,27,14890.740225
41.068501,25,14893.35455
-38.39,38,14894.096399
-42.0,27,14894.663258
-44.65,19,14895.083026
-39.0,22,14895.50451
-38.83,24,14895.960344
-38.23,41,14896.720899
-44.42,14,14896.980012
-41.81,27,14897.51677
-42.0,20,14897.942081
35.34749,29,14898.600661
-47.39,18,14899.032016
-38.48,23,14899.457067
-41.5,27,14899.955268
-38.75,42,14900.764262
-38.24,37,14901.343688
-38.37,31,14902.043712
37.880206,30,14902.859381
-41.0,28,14903.397969
32.11284,26,14906.146471
-40.83,23,14906.649115
32.552347,26,14907.137902
44.148438,16,14907.529283
-41.33,24,14908.01105
-32.37,30,14908.637027
-38.91,21,14909.05365
32.714829,31,14909.729141
-44.47,17,14910.135719
-44.78,23,14910.613259
-39.0,31,14911.239474
-32.5,31,14911.900511
-41.7,30,14912.490779
35.070857,32,14913.382286
-36.0,35,14914.012466
-41.14,37,14914.769121
35.900735,25,14915.295017
-44.12,34,14915.967037
-35.49,29,14916.548551
-38.77,26,14919.198256
-47.82,14,14919.46111
-35.25,35,14920.192065
35.721362,23,14920.625363
-38.66,28,14921.210962
-44.04,21,14921.636799
-38.69,21,14922.099644
-38.14,23,14922.662696
32.6375,36,14923.418869
-41.68,24,14923.927666
-35.16,25,14924.466101
-39.0,24,14925.008156
-42.0,31,14925.841954
34.796517,32,14926.435067
32.313253,24,14926.900195
33.0,30,14927.506703
33.0,37,14928.22626
-38.42,27,14928.793621
-38.57,24,14929.330508
-41.67,23,14932.078332
-32.89,30,14932.639447
-36.0,25,14933.10673
-32.55,25,14933.630263
-33.0,25,14934.644186
-43.55,26,14935.196716
-41.86,33,14935.921115
-41.7,37,14936.692487
-38.87,30,14937.364396
-38.52,29,14937.905158
37.133611,38,14938.570678
44.00639,17,14938.857299
-38.95,31,14939.420017
-42.0,29,14939.926674
-36.0,33,14940.868641
-38.69,24,14941.379956
-38.31,29,14942.034817
-35.69,25,14942.592919
-35.71,30,14945.397958
-35.8,40,14946.124907
-44.8,27,14946.745954
-35.7,27,14947.325948
-41.57,27,14947.860227
-41.86,27,14948.472794
38.6625,31,14949.113733
-40.98,22,14949.567107
-36.0,24,14950.066427
35.178439,31,14950.5907
-33.0,36,14951.323588
-44.91,28,14951.834694
-41.54,24,14952.262007
-41.38,19,14952.641779
-34.62,27,14953.24372
-35.63,27,14954.030294
41.495171,30,14954.724282
35.147975,25,14955.228564
-35.08,33,14958.229371
-44.7,42,14959.014494
-38.15,23,14959.39857
35.788793,23,14959.91208
-41.79,27,14960.421983
-32.41,31,14961.055331
-41.5,23,14961.483968
-35.69,21,14961.952842
32.409091,33,14962.622366
38.40561,25,14963.174539
-36.0,28,14963.748001
35.069106,26,14964.241239
-38.83,33,14964.872884
35.090909,31,14965.540387
32.033962,29,14966.102343
-38.34,22,14966.541136
-41.12,21,14967.107057
-44.1,22,14967.59658
32.746667,56,14970.99391
-40.36,20,14971.366694
32.901639,25,14971.822269
-38.12,31,14972.353496
-45.0,39,14973.137036
-44.18,22,14973.603305
-32.52,28,14974.210918
-41.29,30,14974.818858
-35.3,34,14975.591557
-41.37,23,14976.072861
-35.47,30,14976.578486
-41.5,34,14977.231071
-44.51,20,14977.578114
37.74233,26,14978.016341
-39.0,24,14978.415209
-35.35,55,14979.588622
-41.55,25,14980.097771
-37.89,29,14980.687413
-37.77,28,14983.67209
38.875445,26,14984.18726
-42.0,28,14984.652358
-41.46,29,14985.178144
-41.64,22,14985.590305
-35.09,29,14986.086854
-41.3,29,14986.693253
-35.39,32,14987.461081
-35.32,27,14988.027366
-38.97,29,14988.604213
-38.38,49,14989.424922
-38.69,41,14990.207125
-37.5,30,14990.833457
-41.43,37,14991.581172
-41.27,39,14992.472516
-35.36,29,14993.305906
-42.0,24,14996.081896
34.69251,36,14996.764974
-41.8,26,14997.207357
-41.62,19,14997.503941
-41.64,34,14998.154289
-39.83,33,14998.712729
-44.34,26,14999.185033
32.505455,35,14999.811727
-41.34,48,15000.850538
-42.0,26,15001.376411
-42.0,22,15002.00768
-32.26,32,15002.583648
34.543796,24,15003.0121
-38.79,23,15003.428001
-32.31,26,15003.904598
-37.73,27,15004.404369
-41.41,24,15004.847117
-37.62,36,15005.557289
-32.73,31,15008.717552
41.287273,21,15009.186603
-40.89,51,15010.211962
-44.55,21,15010.630451
-41.83,30,15011.213562
-38.75,30,15011.684076
-35.61,23,15012.063048
43.346337,24,15012.509696
32.916968,32,15013.207405
-40.88,24,15013.739428
-41.61,20,15014.123314
-38.9,25,15014.614936
-41.12,27,15015.102064
-44.67,20,15015.433593
-38.03,28,15015.885989
-40.89,25,15016.912194
-44.86,29,15017.529372
35.262424,53,15018.656742
37.486077,31,15021.627482
-41.56,23,15022.076772
32.247967,36,15023.07067
-36.0,25,15023.560228
-41.17,21,15024.005498
-38.49,25,15024.448403
-35.73,37,15025.086407
-32.63,36,15025.745482
-44.24,24,15026.163205
-41.52,24,15026.695558
-40.6,27,15027.291949
-44.58,27,15027.750094
-38.12,32,15028.284967
-41.37,35,15028.899008
33.0,68,15030.264216
-38.85,20,15030.688709
-35.65,52,15033.833334
38.363636,25,15034.354515
-41.43,23,15034.777853
-37.98,21,15035.131336
-43.91,27,15035.796725
-38.58,36,15036.458874
-38.91,58,15037.475285
-41.02,22,15037.849581
-41.28,27,15038.29838
37.329975,25,15038.813703
-41.54,28,15039.303482
-40.85,31,15039.79735
-42.0,25,15040.202863
-35.32,35,15040.778806
36.0,31,15041.400939
-41.36,25,15041.916976
39.0,24,15042.400992
-44.2,27,15045.031979
-42.0,20,15045.413824
-41.43,27,15046.005631
-44.53,21,15046.429609
-44.07,23,15047.126183
-38.61,29,15047.733028
33.0,27,15048.258567
-38.32,26,15049.069627
-41.59,23,15049.532582
-32.1,35,15050.153099
-44.36,24,15050.571416
-41.07,20,15050.897128
33.0,31,15051.457362
35.979508,43,15052.240157
-38.95,29,15052.834268
-39.0,18,15053.137552
-37.97,24,15053.653167
-41.07,33,15054.222773
-38.14,20,15054.585486
-43.4,26,15055.067963
-38.24,29,15057.832558
32.082822,42,15058.59112
35.659026,35,15059.280581
-39.0,34,15059.895641
-35.34,27,15060.358418
-32.38,38,15061.145647
-41.81,21,15061.55176
-38.17,34,15062.08211
-38.88,31,15062.595182
-41.57,22,15062.928362
32.440233,31,15063.425946
-41.91,29,15063.911362
-36.0,26,15064.297955
-41.07,27,15064.776431
-43.87,26,15065.248573
-40.32,31,15065.938359
-41.16,27,15066.474993
-38.44,32,15069.449926
-44.03,18,15069.78949
-34.75,49,15070.711731
-38.05,25,15071.164518
-38.33,24,15071.62303
-41.01,21,15072.015618
37.985377,26,15072.635651
-36.0,41,15073.817713
-39.0,26,15074.308349
-36.0,32,15074.859656
-41.18,62,15075.841432
-34.84,52,15076.718609
-38.58,30,15077.304966
-40.83,33,15077.886786
-44.51,24,15078.340208
-41.75,24,15078.896537
-37.68,27,15081.773174
-38.75,24,15082.282783
-34.77,27,15082.793324
-37.84,30,15083.412985
32.742972,29,15084.263351
-38.58,26,15084.76121
-41.47,24,15085.295966
-35.12,28,15085.899538
36.907934,31,15086.499892
-38.71,31,15087.113278
33.0,29,15087.833671
-36.0,52,15088.667025
-38.37,28,15089.113008
-38.6,34,15089.68825
-39.0,26,15090.158707
-35.13,31,15090.656417
38.44719,23,15091.112301
-38.45,24,15093.759877
35.494253,38,15094.525517
-36.0,30,15095.102645
-43.78,29,15095.682395
38.299384,28,15096.257982
-35.31,55,15097.30333
-39.0,25,15097.760461
-32.03,33,15098.24719
-35.4,29,15098.834999
-43.12,25,15099.550696
-34.98,29,15100.100443
-38.1,26,15100.718534
-43.32,30,15101.146348
-44.27,36,15101.731728
-35.68,26,15102.099135
-38.85,23,15102.475674
-32.29,33,15103.082651
40.544505,22,15105.83546
-38.73,29,15106.421844
-38.19,21,15106.831986
-38.81,28,15107.61296
-41.1,39,15108.543682
-38.74,31,15109.165253
-35.83,35,15109.918496
-32.3,37,15110.597794
32.061433,35,15111.243561
-34.93,27,15111.72938
-36.0,40,15112.461777
-32.21,32,15112.985913
-39.0,22,15113.296335
-41.54,23,15113.674839
-41.36,29,15114.262918
-35.95,28,15114.697032
-38.3,28,15115.135265
-32.69,31,15118.082873
-42.0,29,15118.650745
-32.68,25,15119.074071
-39.94,26,15119.543441
-32.9,52,15120.776764
35.1375,24,15121.191272
-32.45,25,15121.684279
-42.0,20,15122.080853
-41.24,23,15122.498405
-45.0,21,15122.896077
-33.0,30,15123.457393
-32.48,30,15124.016452
-47.15,20,15124.573113
-39.0,26,15125.128801
-35.79,34,15125.7532
-40.58,26,15126.08908
40.656985,22,15126.456986
-45.0,20,15126.759718
-35.06,26,15127.241975
-42.0,22,15129.812426
-44.12,23,15130.238909
-36.0,27,15130.582436
-35.69,26,15130.866135
-38.37,24,15131.271089
-34.58,30,15131.827503
-44.1,18,15132.207524
30.0,31,15132.780917
-47.33,23,15133.215681
-32.4,28,15133.730196
-39.0,31,15134.275071
-35.62,30,15134.824359
-38.71,37,15135.544661
34.884171,35,15136.2517
32.438953,37,15136.935096
-47.72,17,15137.339102
-41.37,18,15137.673699
-32.44,36,15138.272066
35.447514,30,15138.796538
-38.02,39,15141.825505
-35.23,42,15142.679904
-41.61,18,15143.108779
-35.54,26,15143.581512
-44.55,36,15144.274414
-32.49,31,15144.866092
-32.44,50,15145.918619
-38.29,24,15146.373576
-40.62,25,15146.859749
-41.21,19,15147.265134
-47.05,21,15147.656344
-32.84,31,15148.256866
-39.0,39,15149.003411
-38.15,25,15149.537646
33.0,31,15150.085393
-38.48,24,15150.498772
-44.11,25,15150.95287
-41.41,39,15153.902708
-35.9,36,15154.597646
-38.04,25,15155.09801
-41.35,20,15155.515816
35.992063,30,15156.244562
-37.85,28,15156.763912
-38.53,28,15157.335026
-41.32,36,15157.974116
-41.67,37,15158.689345
-32.68,25,15159.184001
-41.09,28,15159.727062
-41.28,24,15160.230981
-41.63,21,15160.619479
-38.52,25,15161.080913
-40.3,31,15161.652947
-34.83,30,15162.141
36.879518,26,15162.555909
37.067801,23,15162.917743
-41.93,24,15165.360924
-44.38,34,15165.929881
32.188811,46,15167.064753
35.175097,30,15167.656282
-41.0,20,15168.074868
-38.66,33,15168.718464
-38.64,21,15169.131641
-36.0,59,15170.275727
-44.24,22,15170.718125
-44.37,23,15171.283836
-38.86,34,15171.908494
-37.95,26,15172.387639
-43.97,23,15172.82754
-43.82,25,15173.302554
-32.15,44,15174.089622
-33.0,25,15174.524297
-40.39,34,15177.389515
37.468719,23,15177.823909
-40.55,24,15178.189427
-46.89,24,15178.672317
35.168385,30,15179.291443
-47.63,26,15179.813075
-40.55,33,15180.492689
-41.66,21,15180.911273
-35.33,38,15181.592514
-38.64,24,15182.057595
35.097744,25,15182.522573
-44.3,21,15182.907251
35.550562,35,15183.678965
32.5,30,15184.238944
-44.72,24,15184.69067
39.0,21,15185.102741
32.011236,26,15185.55732
-44.46,27,15186.029531
-41.47,32,15186.533511
-35.86,37,15189.436082
-38.22,24,15189.866547
32.084211,30,15190.387177
-44.79,26,15190.851664
-44.65,29,15191.375301
42.0,25,15191.823468
38.592157,24,15192.35368
-44.85,30,15193.147441
-41.24,22,15193.594515
-34.86,27,15194.087715
-42.7,38,15194.834882
-39.0,35,15195.493778
-38.37,30,15196.087356
-38.09,32,15196.743956
-41.87,23,15197.214501
-36.0,27,15197.69407
-45.0,18,15198.003627
-41.71,21,15198.366339
-35.18,30,15198.934513
37.770861,24,15201.524672
-35.44,28,15202.071994
-40.89,29,15202.793814
-44.51,17,15203.055464
-35.71,33,15203.612314
32.764205,36,15204.226578
38.297959,27,15204.726
-32.88,35,15205.364477
-38.46,27,15205.92496
-38.69,25,15206.439501
-32.42,36,15207.154255
-35.91,24,15207.797532
-41.45,29,15208.33996
-44.08,28,15208.905005
-41.04,28,15209.415596
-38.5,30,15209.967624
39.0,28,15210.415998
40.651707,25,15210.831307
-41.91,18,15213.090421
38.778598,24,15213.543709
32.691964,38,15214.299325
-44.94,28,15214.770426
-42.0,13,15215.00488
-41.59,25,15215.382118
-41.19,26,15215.76596
32.488095,34,15216.360234
-35.91,28,15216.860235
-32.09,34,15217.522524
-41.03,22,15217.938354
-41.83,79,15219.723815
-41.88,26,15220.257846
-42.0,21,15220.666058
-41.25,19,15221.048877
-43.65,42,15221.854909
-44.5,31,15222.388917
-38.06,30,15224.96198
34.256266,26,15225.431808
-44.32,20,15225.811654
33.0,56,15226.884181
32.571429,40,15227.769249
33.0,25,15228.185086
-41.54,36,15229.111144
36.0,28,15229.64084
-35.66,25,15230.624189
-32.13,41,15231.423983
-35.46,32,15232.004906
-35.87,36,15232.835105
-38.08,28,15233.396284
-41.25,18,15233.760199
-38.91,27,15234.304977
-35.3,35,15234.932937
-41.24,22,15235.301228
-35.5,30,15237.981502
-41.18,31,15238.577163
32.330612,40,15239.262679
-36.39,42,15239.97985
-44.05,16,15240.223372
33.0,34,15240.952797
-41.75,28,15241.497424
-32.24,30,15242.123842
-38.69,23,15242.564651
-42.0,24,15243.056451
35.272642,23,15243.517725
40.515007,24,15243.957279
-37.76,33,15244.576314
-35.77,26,15245.109069
-48.0,15,15245.554679
32.567686,32,15246.140027
-38.97,29,15246.733854
-35.36,47,15249.620404
-41.94,19,15250.064729
-43.43,20,15250.526692
-33.0,27,15251.012421
-46.96,16,15251.331589
-34.89,27,15251.757761
-32.23,33,15252.251245
-41.02,24,15252.655867
-41.41,30,15253.315598
-39.97,22,15253.762198
-45.0,31,15254.536157
-41.4,22,15254.964377
-42.0,34,15255.574945
-43.44,21,15255.987859
-44.16,25,15256.453038
40.536516,29,15257.054858
-35.34,26,15257.554831
-38.14,23,15258.010838
-41.75,27,15258.535918
-35.22,25,15258.972815
40.547221,26,15261.462435
34.270781,32,15262.047857
-38.31,31,15262.600919
-36.0,20,15262.991516
-37.58,35,15263.617923
-42.0,24,15264.031207
-38.81,25,15264.436616
-35.8,30,15264.933449
38.085586,26,15265.73168
-33.0,32,15266.377921
35.614092,52,15267.520931
-32.24,42,15268.401907
40.244908,23,15268.878317
38.024306,23,15269.336106
35.226027,25,15269.848376
-41.04,32,15270.415638
-38.57,25,15270.91248
32.641379,39,15273.943736
-42.0,24,15274.36028
-44.02,24,15274.814541
32.795775,32,15275.404384
-37.8,24,15275.786685
-37.36,40,15276.402469
-38.86,25,15276.829394
32.754967,33,15277.373975
-35.17,25,15278.485696
35.241722,20,15278.849939
35.151943,29,15279.423537
38.555556,25,15280.08898
-41.59,33,15280.828516
-42.0,24,15281.316672
-38.69,29,15281.864704
-38.09,32,15282.463722
-36.0,32,15283.202217
-39.0,23,15283.725783
-33.0,31,15286.348202
-32.2,29,15286.909224
-38.12,29,15287.488312
-38.48,30,15288.024337
32.457778,38,15288.699546
32.123675,32,15289.278802
-44.91,20,15289.65481
-48.0,25,15290.194755
-40.86,29,15290.770629
-37.84,32,15291.422738
-39.0,28,15292.015438
-41.26,29,15292.555372
-38.07,24,15292.977247
-40.92,25,15293.419855
-43.97,24,15293.826071
-35.8,44,15294.67336
-36.0,36,15295.394073
-32.19,32,15295.965062
-34.79,29,15298.597953
-35.05,25,15299.321437
36.0,28,15299.835166
-41.33,26,15300.248913
-35.56,31,15300.78589
-47.91,17,15301.044969
-41.24,26,15301.45748
-35.81,31,15302.0151
35.17603,24,15302.545889
33.0,24,15303.009368
32.752266,34,15303.616099
-42.0,22,15304.008998
-37.48,25,15304.488988
-35.65,25,15304.938361
-44.34,25,15305.377908
-35.83,35,15306.264405
-39.0,28,15306.806807
-38.57,29,15307.417242
-41.5,27,15308.021757
-35.46,29,15310.702775
32.902622,44,15311.553341
32.08547,30,15312.153133
-42.0,22,15312.572126
35.362205,25,15312.957703
32.107383,30,15313.442623
-40.98,26,15313.878319
36.970176,27,15314.318027
-32.69,27,15314.827842
-41.46,21,15315.205898
-44.9,21,15315.606457
-37.83,36,15316.240548
-41.67,26,15316.750644
-39.62,31,15317.398596
-32.83,29,15317.955517
33.0,30,15318.523836
33.0,26,15319.046926
-32.77,30,15319.652477
-31.82,32,15322.382958
-36.0,49,15323.301675
-38.69,26,15323.823263
-35.53,24,15324.455419
-38.22,25,15324.906633
-41.02,21,15325.231363
-41.16,25,15325.617677
-35.03,30,15326.089251
-42.0,23,15326.458208
-35.19,30,15327.071061
-35.43,39,15327.812051
-32.47,32,15328.382657
-41.78,26,15328.939134
-39.0,23,15329.385763
-38.66,26,15329.864254
-44.17,21,15330.257684
-44.18,16,15330.5755
-38.21,43,15331.762284
-41.14,23,15334.272237
-40.86,26,15334.696545
-41.34,23,15335.100096
-35.72,26,15335.645475
-41.05,22,15336.07791
-41.84,30,15336.629886
-35.02,34,15337.283989
-32.25,29,15337.746211
-44.74,24,15338.132741
-39.0,25,15338.590882
-41.89,28,15339.077925
-33.0,30,15339.601972
-39.0,21,15340.037154
-34.03,30,15340.614671
-38.74,27,15341.145329
-36.0,34,15341.761597
-37.72,24,15342.269974
-32.78,34,15343.132186
40.22117,26,15344.027994
32.715447,30,15346.61468
-32.41,38,15347.372173
-44.87,21,15347.755579
-44.14,19,15348.127712
32.088889,49,15349.055218
-38.68,28,15349.609668
-34.96,33,15350.189615
-32.68,54,15351.353718
-40.36,27,15351.794896
-38.04,44,15352.66564
38.017662,25,15353.142606
-35.52,41,15353.945583
-47.1,18,15354.339941
-32.04,37,15355.262555
-38.0,25,15355.814626
-39.0,23,15356.268753
-44.03,28,15358.959882
-42.0,28,15360.074369
32.773723,130,15362.551034
-42.0,21,15362.889132
-35.01,28,15363.314317
-44.04,24,15363.687357
-38.12,19,15364.017126
-39.0,24,15364.378067
-42.0,35,15364.99283
-41.16,31,15365.546952
32.444816,29,15366.145153
-41.88,17,15366.443937
-41.59,20,15366.862761
-32.35,46,15367.647789
-35.11,32,15368.319117
-44.88,16,15370.802701
-40.9,18,15371.147995
-41.87,21,15371.585202
-41.09,36,15372.343922
-46.76,24,15372.783351
-37.8,26,15373.309043
-33.0,30,15373.85723
-35.25,29,15374.349319
32.125,33,15374.893735
-32.57,34,15375.436508
-32.88,31,15376.20643
-32.83,39,15376.927747
-35.53,30,15377.515317
-38.34,27,15378.038059
-38.9,25,15378.592552
-38.44,24,15379.109447
-41.32,23,15379.57089
-36.0,23,15380.006415
36.249761,24,15380.514158
31.860231,48,15383.559602
-33.0,35,15384.220407
-41.29,26,15384.873711
-38.91,21,15385.336826
-37.48,31,15386.035452
35.390671,33,15386.727828
-44.62,24,15387.281218
-36.0,27,15387.837206
-33.0,25,15388.36227
-32.28,42,15389.199707
-35.65,36,15390.330822
-33.0,21,15390.759015
-41.62,37,15391.68989
34.211456,28,15392.394944
35.876761,29,15393.071622
-37.83,33,15393.732151
-31.97,31,15396.550775
-34.33,30,15397.102667
-38.43,31,15397.697056
-41.82,28,15398.336748
-33.0,28,15399.020439
-35.27,26,15399.676219
-39.0,22,15400.131135
-47.86,19,15400.548297
32.04329,31,15401.134335
-45.0,20,15401.581561
36.0,28,15402.092929
-38.15,36,15402.707237
-40.92,26,15403.298957
-35.19,30,15404.019943
-41.56,25,15404.712095
-33.0,28,15405.248473
35.708978,23,15405.739003
-38.08,28,15406.395762
-38.68,23,15406.851068
-41.7,35,15409.543795
36.637498,23,15410.078182
-33.0,32,15410.747885
-41.11,27,15411.200146
38.302158,25,15411.841229
-38.33,24,15412.317521
-32.27,42,15413.217279
35.569231,27,15413.661732
-38.54,32,15414.180374
-32.38,46,15414.923239
-36.0,50,15415.847452
41.109848,20,15416.161293
-40.6,28,15416.654072
-41.11,27,15417.189449
35.231544,26,15417.824382
-44.59,21,15418.352538
-39.0,29,15419.067898
33.0,26,15421.973242
-35.16,23,15422.421835
-38.71,28,15423.03206
-39.0,27,15423.581145
-33.0,35,15424.31835
-38.01,27,15424.937954
-38.51,24,15425.451027
-35.47,38,15426.269929
-39.0,35,15427.009458
-40.34,25,15427.532163
-37.67,27,15428.185477
43.294342,23,15428.629607
-42.0,60,15429.974168
-35.91,30,15430.610615
-41.18,36,15431.632804
-41.24,29,15432.334471
-35.57,33,15433.065405
-40.81,29,15435.787077
32.802974,24,15436.346175
-36.0,29,15436.933649
-35.41,43,15437.871476
-38.75,24,15438.370248
37.713036,22,15438.843598
35.192308,33,15439.485878
-32.5,28,15440.070862
-38.52,33,15440.744561
34.537778,26,15441.427224
-46.55,25,15442.085028
-32.65,46,15442.966174
-41.06,28,15443.582357
-36.0,24,15444.145807
-40.69,25,15444.708039
-44.2,22,15445.205503
-44.26,29,15445.779706
-32.82,30,15448.682914
-44.63,21,15449.14626
-44.15,88,15451.01894
-37.66,23,15451.517702
-35.06,26,15452.076119
38.394406,21,15452.560274
-43.4,18,15452.950066
-37.8,29,15453.491533
32.32967,43,15454.340037
36.0,31,15454.933839
-32.83,32,15455.497035
-41.71,22,15455.921897
39.0,30,15456.452253
31.523569,50,15457.520605
32.483755,27,15458.056429
-35.06,41,15459.003028
-35.94,24,15461.683552
-35.28,55,15462.725985
-43.52,28,15463.241854
-35.71,30,15463.784784
-36.0,26,15464.30746
-41.64,33,15464.923066
-38.5,36,15465.572049
-45.0,12,15465.816793
-43.73,106,15468.10558
-41.41,18,15468.730446
-38.48,24,15469.209123
-38.64,31,15469.803955
32.492647,33,15470.426542
32.457912,29,15471.019851
-38.41,28,15471.597393
-37.54,21,15473.95531
-32.72,29,15474.512348
-38.36,36,15475.22407
-42.0,30,15475.838301
-41.51,25,15476.325504
-39.0,25,15476.860964
-35.63,54,15477.96749
-44.16,22,15478.422812
-42.0,25,15478.915068
32.42953,42,15479.565921
-30.0,31,15480.035737
-41.26,25,15480.425638
32.647287,37,15481.044477
-31.58,59,15482.146381
-41.07,26,15482.625394
-40.21,34,15485.232027
37.70418,27,15485.673957
-35.64,24,15486.160097
39.322244,22,15486.581642
-42.0,25,15487.265686
37.46441,35,15487.903824
-36.0,43,15488.733703
-41.03,26,15489.196374
-38.06,27,15489.718426
40.53865,23,15490.191954
-34.97,29,15490.720145
35.496212,37,15491.355716
-42.0,25,15491.812417
-44.43,22,15492.339861
-30.0,32,15493.07199
-38.13,33,15493.713835
-38.91,35,15494.368676
38.397059,30,15494.978437
-41.31,23,15497.482893
-36.0,38,15498.133773
-39.0,25,15498.69
-40.68,25,15499.222264
-44.01,23,15499.699956
-31.72,30,15500.291296
-40.98,48,15501.225785
-44.38,22,15501.648113
-36.0,18,15502.009261
35.659401,28,15502.6324
-32.1,36,15503.307543
-41.53,33,15503.931932
-44.79,22,15504.357785
-32.3,31,15504.901152
-35.29,39,15505.532854
-39.0,29,15506.00719
38.075472,24,15506.693143
33.0,29,15509.335684
-38.69,35,15509.996243
-35.59,25,15510.484641
-36.0,27,15511.04874
-43.67,31,15511.669696
-38.65,28,15512.214374
-31.69,35,15512.926083
-41.16,22,15513.958049
-38.9,29,15514.580552
-35.21,27,15515.191732
32.673387,27,15515.780462
-34.52,32,15516.491914
-31.92,38,15517.230794
-38.56,27,15517.673359
-44.39,20,15517.9908
32.272414,28,15518.542368
43.124183,22,15518.995
-34.54,24,15519.581398
-36.59,34,15522.627073
35.56446,25,15523.288974
-36.0,29,15523.992389
-32.36,29,15524.638908
35.902027,23,15525.169818
-32.27,42,15526.129771
-47.01,17,15526.502651
-38.56,29,15527.139472
-39.0,37,15527.950927
-35.02,30,15528.613691
-39.0,21,15529.096183
35.096552,28,15529.759274
39.0,21,15530.217017
-38.31,18,15530.630229
32.652985,25,15531.0852
-41.12,30,15531.61142
34.799213,29,15532.139063
37.691964,27,15532.694309
35.771242,28,15533.228915
-32.05,30,15536.009487
-36.0,32,15536.738485
-32.5,36,15537.522554
-38.6,21,15537.977467
-41.4,18,15538.375464
-35.82,33,15539.023769
-41.63,26,15539.580907
-38.42,22,15540.047444
-37.99,39,15540.843197
32.404412,34,15541.783232
-41.57,72,15543.434544
35.903226,24,15543.923724
-33.0,32,15544.546773
32.676056,32,15545.323704
-36.0,26,15545.839377
35.265322,46,15546.648415
-38.33,22,15549.140933
32.683453,23,15549.769519
-38.81,23,15550.258874
-35.26,25,15550.764385
-42.67,30,15551.442585
-35.42,47,15552.483624
37.717391,112,15554.809595
-38.91,19,15555.224745
-41.03,28,15555.901429
-35.42,41,15556.701977
-45.0,22,15557.153882
-35.88,40,15557.876059
32.516854,25,15558.370941
35.582822,24,15558.73057
-35.2,39,15559.373242
35.419463,25,15561.881989
-38.84,28,15562.430096
-35.91,30,15563.003646
32.832727,29,15563.579941
-38.55,23,15564.06447
32.609756,24,15564.573452
32.560372,74,15565.971316
-35.95,25,15566.494871
-38.72,27,15567.042478
-32.07,34,15567.676644
35.235294,28,15568.267524
38.883436,21,15568.774315
35.174194,32,15569.530916
-44.88,25,15570.052139
32.784768,47,15571.10617
-38.87,32,15571.659886
35.361878,26,15574.733111
-38.08,27,15575.259342
-44.1,25,15575.95581
30.0,30,15576.530238
-35.19,28,15577.080704
-41.08,25,15577.68195
38.509653,20,15578.083381
35.587283,31,15578.689861
-35.89,38,15579.425211
-32.29,34,15580.022953
-35.89,45,15580.913821
41.020896,22,15581.336788
-32.32,28,15581.858191
-36.0,27,15582.438241
-41.59,27,15583.088647
-44.6,21,15583.545736
-41.48,20,15583.949096
40.607757,22,15584.344089
-34.69,34,15586.869269
-38.6,41,15587.739277
-41.99,32,15588.406608
32.729323,45,15589.970588
40.5725,32,15590.600388
-38.47,25,15591.139841
-44.88,32,15591.853771
-36.0,33,15592.516043
-34.95,25,15593.023675
-41.59,29,15593.553307
-37.6,33,15594.170207
-44.5,33,15594.775381
-36.0,27,15595.4963
35.14221,27,15596.096527
-32.9,41,15596.807908
-32.15,29,15597.29975
-38.67,26,15599.826283
-41.69,20,15600.188993
32.285141,44,15601.045177
-35.25,24,15601.520575
-37.58,26,15602.015278
-38.83,22,15602.710006
-36.94,24,15603.165699
38.070896,36,15603.950739
-36.0,24,15604.410407
32.5,28,15605.078242
-44.94,17,15605.426589
-39.0,28,15606.044811
-41.3,31,15606.751874
32.172794,27,15607.355599
-32.48,29,15607.954017
-33.0,42,15608.757947
-38.57,25,15609.263767
-38.68,25,15609.685327
-38.82,25,15610.114611
40.348589,24,15612.578517
40.287625,19,15612.964718
-46.25,18,15613.30274
-38.22,70,15614.793066
32.70566,32,15615.422967
-41.08,26,15615.923549
38.265766,18,15616.291001
-38.5,32,15616.89738
32.511029,30,15617.392502
-40.94,28,15617.920666
35.299242,30,15618.549072
-35.05,31,15619.170036
-39.0,24,15619.622028
-41.16,22,15620.054102
-41.86,28,15620.591582
-40.91,42,15622.042764
35.645533,27,15622.579168
-36.0,27,15625.697479
-43.96,29,15626.335361
-38.19,40,15627.145957
-38.17,24,15627.628423
-44.33,20,15628.054044
-40.55,27,15628.583596
-41.62,28,15629.19837
38.121037,21,15629.700566
-35.57,32,15630.595217
32.064639,31,15631.220004
-38.1,33,15631.866805
-35.3,29,15632.508342
-36.85,31,15633.157929
-40.43,31,15633.737717
-40.81,26,15634.419818
-38.3,47,15635.525892
-41.77,19,15635.864498
-37.18,36,15636.468358
34.485089,30,15639.137252
-41.78,26,15639.641702
-35.75,24,15640.129453
-35.4,27,15640.672273
-41.48,27,15641.205808
30.0,26,15641.787281
39.0,23,15642.253959
-44.57,27,15642.882435
34.716717,32,15643.494714
-36.0,55,15644.568834
-38.6,27,15645.101189
-37.93,31,15645.717796
-43.72,20,15646.107684
-32.43,33,15646.854976
-35.47,31,15647.750925
-44.43,30,15648.281023
-35.21,27,15648.717115
32.505703,34,15651.662241
-38.51,29,15652.254467
-38.77,26,15652.598708
-43.93,24,15652.881337
-38.76,21,15653.150632
-41.95,20,15653.51849
32.206478,35,15654.170126
-44.08,45,15655.190522
-38.91,23,15655.649158
-37.29,33,15656.548383
-32.25,35,15657.325942
-41.23,25,15657.868559
-44.57,25,15658.429117
-32.67,30,15659.167872
34.719274,31,15659.919861
-41.71,20,15660.395936
35.554688,33,15661.125696
-42.0,24,15661.616669
-44.17,22,15664.117645
-38.9,21,15664.41211
-41.3,23,15664.814033
-41.27,33,15665.536987
-44.32,18,15665.971457
-38.76,25,15666.567538
-40.31,21,15667.029529
-38.46,24,15667.757891
37.622321,29,15668.402039
32.191057,29,15669.107883
-41.53,23,15669.677741
-47.86,25,15670.202147
37.49188,33,15670.97407
-38.97,33,15671.619134
-33.0,37,15672.394806
-38.5,32,15673.07058
32.155844,33,15673.761134
33.0,94,15677.670709
-36.0,23,15678.047753
-38.15,24,15678.487773
-32.23,41,15679.39793
-46.79,21,15679.820596
-44.09,29,15680.419896
-35.8,31,15681.092775
-32.26,29,15681.664143
-47.01,30,15682.335856
33.0,25,15683.000768
-41.15,22,15683.448524
35.387622,22,15683.893096
-39.0,39,15684.950619
-45.0,19,15685.416357
-33.0,40,15686.239553
-41.11,30,15687.128968
31.568966,54,15688.268948
-38.71,31,15691.061177
35.076324,24,15691.438923
-39.0,30,15692.015881
-38.67,31,15692.635485
34.903396,42,15693.491256
-44.21,21,15693.902245
-35.37,25,15694.480073
32.150183,27,15695.126463
33.0,20,15695.644734
-36.0,30,15696.374491
-44.42,26,15696.901582
-38.15,40,15697.755954
-44.11,25,15698.247234
-39.0,18,15698.77673
32.252199,34,15699.495622
-38.38,24,15699.97994
-34.48,28,15700.499449
32.031746,34,15701.169846
-38.4,26,15703.684284
-38.93,35,15704.220032
-38.63,29,15704.699251
36.0,24,15705.101195
33.0,36,15705.99982
-35.31,28,15706.720083
-39.0,26,15707.26483
-40.27,26,15707.759746
-38.94,58,15708.884859
32.234615,35,15709.545414
-38.9,34,15710.200983
-41.3,32,15711.07832
37.432228,32,15711.798882
-41.1,28,15712.356724
-38.24,27,15712.935388
-38.45,25,15713.512753
34.96292,31,15716.500633
32.162362,32,15716.978078
-34.8,29,15717.365734
-42.0,21,15717.72307
32.631179,51,15718.690232
-44.12,30,15719.314579
-39.0,33,15719.989563
-41.15,50,15721.055806
-37.87,32,15721.726758
-39.0,21,15722.19622
36.784071,40,15723.010015
-31.9,34,15724.10487
-39.0,22,15724.609537
-42.0,29,15725.246476
31.801493,29,15726.019564
34.507547,39,15726.809279
-35.3,32,15729.733657
-41.2,24,15730.143244
47.319549,14,15730.439322
-38.02,31,15730.949523
-42.86,24,15731.372214
-32.49,27,15731.852441
35.107407,29,15732.336403
-47.25,24,15732.776439
-41.12,24,15733.291528
35.00813,22,15733.772139
-37.79,35,15734.471128
-38.81,29,15735.167629
-39.0,33,15735.851016
-38.43,33,15736.516019
-35.21,25,15737.026362
-39.0,25,15737.571621
-42.0,19,15737.951842
-36.0,40,15739.026214
-35.99,28,15739.634325
-35.88,27,15742.420891
-35.83,38,15743.099242
-35.94,37,15743.75998
37.929495,28,15744.229384
-41.46,24,15744.678188
-41.53,27,15745.139558
37.671834,23,15745.536891
-38.65,28,15746.093723
-41.8,23,15746.58017
-46.29,21,15747.027526
35.445483,26,15747.594903
32.71875,38,15748.38471
47.227941,13,15748.659793
-35.72,28,15749.271884
-41.01,24,15749.763614
-38.71,29,15750.56571
-39.0,27,15751.086473
-38.71,27,15751.713688
37.215226,26,15752.272288
-38.88,22,15754.973084
-41.26,27,15755.567053
-35.41,24,15756.042196
38.700637,24,15756.572118
-38.73,35,15757.133547
-41.78,16,15757.388215
-37.75,26,15757.828211
-36.0,32,15758.39062
-32.48,28,15758.834519
-41.55,23,15759.318301
-35.22,30,15759.902132
-44.89,23,15760.347006
-33.0,37,15761.106967
-35.4,36,15761.787875
-31.97,35,15762.475192
-44.23,21,15762.907378
-36.0,27,15763.515788
-38.12,26,15764.096781
-31.95,32,15767.077518
37.214087,32,15767.814629
-39.0,23,15768.628941
-32.78,29,15769.121497
-38.61,32,15769.668598
-40.64,31,15770.149836
-44.43,21,15770.52269
-32.54,31,15771.049419
-32.31,30,15771.58681
-38.32,24,15771.997129
-32.53,30,15772.608548
35.257969,34,15773.294125
-35.25,31,15773.981972
-43.62,28,15774.612437
-38.67,27,15775.162469
-38.72,25,15775.800596
-38.01,28,15776.415306
-41.81,23,15777.002335
-35.44,24,15780.185187
-35.52,35,15781.072422
-35.07,21,15781.476446
32.708487,41,15782.312143
-41.6,25,15782.752695
32.109966,29,15783.317472
-44.67,23,15783.797797
-41.24,19,15784.114252
-35.19,26,15784.52361
-38.19,32,15784.948838
-32.36,27,15785.300011
-35.57,30,15785.83247
-32.77,34,15786.495401
-33.0,25,15787.080322
-44.21,40,15788.013814
35.292776,43,15788.919327
32.167315,34,15789.646739
-41.04,32,15792.516833
-41.83,20,15793.024167
35.482866,23,15793.783663
-40.48,20,15794.260333
-32.45,29,15794.867932
-41.71,32,15795.484477
-35.89,27,15795.995727
32.080119,29,15796.535758
-41.04,46,15797.342311
-35.48,25,15797.732083
-47.06,41,15798.428685
-39.0,24,15798.843703
32.188119,30,15799.422564
39.0,26,15799.992292
-32.53,37,15800.754144
-44.04,22,15801.077534
31.846154,32,15801.75621
-38.14,24,15802.400704
-31.56,33,15805.26781
-32.8,32,15805.945025
-41.04,19,15806.376248
32.722892,28,15807.13186
-34.81,26,15807.671684
35.622642,31,15808.241343
-35.94,46,15809.011971
40.546026,23,15809.424276
-38.05,21,15809.824333
-32.28,31,15810.483396
-41.34,28,15810.974106
-44.02,28,15811.425681
-41.33,24,15811.903262
-35.71,30,15812.581787
-41.03,22,15813.046898
-35.47,34,15813.822694
-40.86,21,15814.283398
38.369963,33,15814.960779
-39.0,34,15817.917024
-38.52,25,15818.505358
-38.82,26,15819.048087
35.404444,36,15820.071115
-38.78,30,15820.705281
-33.0,34,15821.47879
-35.5,35,15822.023565
-38.6,24,15822.429275
32.876068,35,15823.043151
-41.04,33,15823.667319
33.0,42,15824.430777
34.333206,30,15824.97173
32.172297,27,15825.426383
-38.11,38,15826.123596
-38.2,32,15826.802995
-36.0,31,15827.420167
-32.16,29,15830.233805
-41.63,26,15830.761037
-44.45,23,15831.268967
37.235381,22,15831.797751
-39.0,33,15832.435419
-38.1,22,15832.873052
32.639073,34,15833.713237
-41.88,31,15834.34316
-35.42,26,15834.854857
33.0,35,15835.566281
-41.42,26,15836.149477
-35.15,28,15836.628125
32.628959,35,15837.227637
-41.32,25,15837.635236
-35.15,27,15838.102285
-39.0,25,15838.571167
-38.03,28,15839.162126
-39.0,31,15839.933415
33.0,31,15843.009764
-41.61,20,15843.41697
-41.06,27,15844.062523
-36.0,21,15844.540551
-38.09,37,15845.514763
-37.85,40,15846.884716
38.114666,32,15847.444795
-42.0,30,15848.018202
-38.1,25,15848.526501
-37.43,27,15849.08779
-41.53,22,15849.550407
38.06993,29,15850.186032
-33.62,35,15850.947159
-40.7,26,15851.434445
-42.0,24,15851.96142
-42.0,25,15852.354063
-38.76,21,15852.721848
35.571942,36,15853.50819
-35.82,27,15854.102237
-39.0,21,15856.937407
-39.0,49,15857.84423
-36.0,27,15858.506138
-35.89,26,15859.036899
-40.5,31,15859.668675
-38.62,41,15860.552224
32.685714,43,15861.354115
-41.23,21,15861.73922
-37.69,24,15862.151229
-38.24,36,15862.931952
-44.6,26,15863.440783
32.532819,33,15864.135769
-44.6,31,15864.712622
-41.02,29,15865.162381
-41.06,29,15865.639292
-43.58,21,15865.987218
35.513353,23,15866.37544
37.982235,25,15869.140959
-35.68,43,15870.023058
37.562166,23,15870.426166
-38.39,22,15870.872478
-41.37,28,15871.403167
34.66956,36,15872.165529
-37.74,21,15872.495266
-32.76,39,15873.478823
35.262826,27,15873.988562
-38.95,22,15874.497669
-32.36,29,15875.061648
35.230025,28,15875.622423
-32.45,33,15876.352295
-38.94,28,15876.94862
-36.0,26,15877.407952
-38.88,24,15877.837733
-35.63,26,15878.443372
-41.51,24,15878.870654
-33.0,36,15881.803647
32.955631,32,15882.497119
-32.03,32,15883.880755
-33.0,31,15884.487357
-38.68,40,15885.238163
-39.0,31,15885.810839
-34.63,28,15886.274699
-38.49,30,15886.757273
-38.0,23,15887.200723
32.854331,33,15887.860685
-40.72,19,15888.199838
-33.0,25,15888.76258
32.186047,29,15889.53399
32.036304,45,15890.404099
34.44137,27,15890.864025
-33.0,31,15891.397796
-38.81,36,15894.358715
-44.1,17,15894.701357
-36.0,35,15895.485903
-39.0,43,15896.476109
-41.64,30,15897.126242
35.004425,29,15897.743948
-38.78,29,15898.324582
-41.24,27,15898.884187
-44.52,17,15899.180619
38.382838,21,15899.866211
-39.0,20,15900.365675
-35.88,25,15901.47724
-32.55,36,15902.420317
-37.95,36,15903.266575
35.802198,23,15903.853117
40.845669,28,15904.376139
-41.52,43,15905.124011
32.463878,33,15905.742329
-41.82,21,15908.562437
-35.24,25,15908.998333
-40.56,24,15909.519001
32.267442,40,15910.385922
-35.91,23,15910.853545
-36.87,30,15911.378264
-38.08,22,15911.780523
-44.06,25,15912.290777
38.471774,30,15912.97322
-38.68,25,15913.46902
-33.0,29,15914.11865
-32.47,29,15914.646087
-35.12,34,15915.413733
-32.57,41,15917.578211
38.775194,25,15918.125769
-41.17,18,15919.212363
-43.73,25,15919.608735
-35.58,29,15920.13324
32.677419,43,15923.050061
-32.15,30,15923.619279
-42.0,32,15924.186095
37.423096,37,15924.90887
-35.1,33,15925.613388
-38.68,35,15926.33457
-42.0,22,15926.778608
-37.57,35,15927.424105
-36.0,43,15928.508057
-32.84,34,15929.34059
-39.0,24,15929.851688
-41.47,26,15930.347354
31.562069,29,15931.025758
35.03125,28,15931.556504
-32.01,48,15932.662248
-36.0,26,15933.094724
-38.79,28,15935.729786
-41.09,33,15936.337183
-38.2,34,15937.004163
-36.0,27,15937.517646
-41.6,29,15938.056041
-38.86,20,15938.422945
-35.51,39,15939.240163
-32.91,28,15939.815753
-32.45,26,15940.348127
-41.62,20,15940.806308
-41.5,22,15941.238773
-44.2,21,15941.639613
-41.77,18,15942.009314
-33.0,27,15942.539593
32.26,42,15943.624687
-35.59,31,15944.320721
-47.33,16,15944.67555
-32.69,70,15945.997521
-39.0,28,15948.633839
-32.65,25,15949.107438
32.423387,33,15949.774974
-38.47,22,15950.358413
-41.8,18,15950.786196
-41.47,39,15951.669353
35.085821,28,15952.275862
-38.62,33,15953.050743
-39.0,29,15953.659447
39.0,18,15954.077742
-37.53,25,15954.711784
-44.39,17,15955.14786
33.0,39,15956.348976
38.996,71,15957.86072
35.577778,26,15958.370303
-44.63,25,15958.833473
-35.68,27,15959.742196
42.747338,18,15961.991069
-38.78,34,15962.520332
38.737616,23,15962.874892
-36.57,34,15963.440367
-35.11,27,15963.862027
-32.87,27,15964.316351
-39.0,31,15965.116069
-42.0,17,15965.441088
-32.42,34,15966.114501
-40.35,25,15966.58042
33.0,32,15967.143486
-42.0,29,15967.741325
-39.0,34,15968.323981
-38.26,27,15968.852354
-41.52,25,15969.267776
-35.34,27,15969.773375
38.619848,36,15970.53692
-41.32,20,15970.8998
37.748834,27,15973.156616
-32.14,52,15973.977689
-35.1,30,15974.366634
-40.8,19,15974.685325
-35.48,36,15975.361768
-35.56,24,15975.790545
-38.34,28,15976.267043
-44.24,19,15976.580742
-32.41,43,15977.58832
-32.23,42,15978.371983
-43.81,33,15978.932103
-39.0,27,15979.598604
-36.0,45,15980.476654
32.3829,30,15981.028931
35.870229,23,15981.250795
37.392685,27,15981.573673
-40.89,34,15984.107512
-48.0,22,15984.448236
-44.1,45,15985.125969
-35.29,68,15986.017211
-39.93,34,15986.564514
40.522412,20,15986.898397
-39.0,24,15987.348423
-38.05,26,15987.80478
37.88886,25,15988.265909
-41.59,25,15988.725027
-37.95,31,15989.265485
-38.64,28,15989.763817
-44.37,34,15990.368596
-38.58,23,15990.768762
-41.19,24,15991.187644
-41.81,25,15991.61606
38.163495,34,15992.303528
-41.68,20,15992.774654
35.655303,31,15995.466337
-38.62,33,15995.943244
-44.42,16,15996.227558
-42.0,38,15996.742145
-38.38,26,15997.097986
-32.52,37,15997.623545
-43.37,18,15997.970197
-32.43,27,15998.408828
40.637795,31,15998.944964
39.0,26,15999.417781
-41.71,28,15999.897393
-35.23,25,16000.28327
-42.0,32,16000.85489
-41.04,21,16001.215097
-37.62,28,16001.699209
32.465587,27,16002.200104
-41.85,32,16002.731504
35.23853,34,16003.490271
-42.0,26,16005.833197
34.62854,30,16006.328552
-41.16,25,16006.686729
-44.1,24,16006.996502
-38.07,24,16007.383275
35.60076,22,16007.675532
-35.7,37,16008.152045
-41.52,23,16008.476217
-44.42,18,16008.768747
-39.0,26,16009.171915
-42.0,19,16009.519143
-36.0,31,16010.063711
39.0,21,16010.417226
-35.23,28,16010.897705
-41.79,31,16011.492449
-38.6,22,16011.847656
-41.53,25,16012.364151
35.252747,29,16012.872937
-35.79,28,16013.348003
-39.0,65,16016.871449
-41.56,22,16017.208089
-32.58,40,16017.91373
-41.54,21,16018.236246
41.00678,21,16018.567636
-37.55,26,16018.945888
-38.9,24,16019.29178
-44.35,27,16019.657049
-35.76,34,16020.12688
-44.91,18,16020.388133
-41.37,26,16020.813068
-38.44,29,16021.316201
-41.5,30,16021.908929
-41.5,23,16022.316113
32.155894,33,16022.880881
-45.86,22,16023.211017
-46.83,20,16023.543772
-44.51,26,16024.070149
-41.08,29,16024.572312
-38.45,31,16027.198214
-36.0,45,16028.029509
-44.23,21,16028.398959
-44.46,29,16028.99111
-41.07,25,16029.437357
35.90106,29,16029.853419
-39.0,25,16030.226015
-38.38,107,16031.834557
-35.49,41,16032.541863
40.538072,76,16033.933035
35.638629,33,16034.343586
-41.2,23,16034.761866
-36.0,24,16035.15543
-34.68,36,16037.771472
-38.42,62,16038.992171
-36.0,24,16039.369525
-43.52,21,16039.723689
-42.0,41,16040.452797
-35.62,33,16041.108928
-38.51,21,16041.3812
34.633758,23,16041.677854
-44.04,22,16041.961441
-36.0,34,16042.510155
32.877729,31,16043.075244
-39.91,34,16043.661456
-34.57,50,16044.567758
-38.82,27,16045.017262
-41.88,39,16045.721868
-35.26,27,16048.208857
-35.72,33,16048.749954
-43.97,29,16049.258727
-36.0,35,16050.049463
-40.84,23,16050.469244
37.442743,23,16050.724209
-35.79,30,16051.196946
-38.93,22,16051.542324
-45.0,23,16051.900595
-38.0,29,16052.359643
-38.58,32,16052.758139
-45.0,24,16053.064208
-43.39,24,16053.442962
-41.16,44,16054.115746
-39.0,26,16054.563376
32.71223,29,16055.117359
-38.87,31,16055.71301
-38.17,22,16056.117672
-38.87,37,16059.400645
-32.23,27,16059.873722
-35.42,32,16060.395058
-41.5,26,16060.882433
-41.71,24,16061.288743
-45.0,24,16061.807296
33.0,38,16062.517214
-38.36,27,16063.080271
-34.73,35,16063.574813
-35.33,36,16064.089102
-38.61,37,16064.609595
-44.65,21,16064.931757
-36.0,29,16065.353218
-38.2,36,16065.991699
-47.84,19,16066.316872
-38.43,26,16066.760402
-38.05,23,16067.169888
-38.32,27,16067.633605
-40.53,31,16070.13485
-38.33,26,16070.601391
-38.58,24,16071.051564
32.732824,39,16071.738384
-41.33,30,16072.415643
-32.65,32,16072.913257
-41.12,35,16073.429643
-32.23,37,16074.00931
-35.54,27,16074.41983
-36.0,40,16075.041082
-35.48,25,16075.419402
-35.06,30,16075.862334
-41.71,27,16076.244905
-41.3,25,16076.678677
-38.47,32,16077.238584
-35.31,33,16077.993474
-44.32,25,16078.444618
-43.33,25,16080.865911
-35.73,26,16081.274215
-38.37,26,16081.734812
-32.78,37,16082.416994
-40.77,28,16082.932995
-38.71,27,16083.404018
-37.83,30,16083.828631
-44.87,30,16084.287361
-41.91,22,16084.604244
-38.79,38,16085.504637
-36.0,38,16086.260633
35.087121,31,16086.693936
38.403042,18,16086.967626
-41.62,28,16087.387197
34.436039,46,16088.123512
-41.81,23,16088.532298
-44.39,23,16088.918782
32.451737,36,16091.550366
-35.51,29,16092.151304
35.422053,25,16092.542189
-38.1,36,16093.190639
-44.43,38,16093.830854
32.512605,29,16094.28705
-42.0,28,16094.877249
-32.49,39,16095.464464
-42.0,29,16095.945378
-38.38,30,16096.50634
-35.23,35,16097.289587
37.768834,26,16097.685152
35.099707,27,16098.21066
-38.69,34,16098.739008
-45.0,14,16098.966924
-37.23,27,16099.438457
-44.21,25,16099.891262
-41.08,29,16102.391439
33.0,31,16102.906244
-47.29,23,16103.330624
-41.55,27,16103.782809
-42.0,23,16104.161376
-40.83,23,16104.493439
-39.0,29,16104.919444
-39.0,24,16105.305745
-39.0,32,16105.766775
-41.72,25,16106.212452
-41.9,30,16106.765351
-38.89,35,16107.374613
-35.05,25,16107.810743
-35.69,60,16108.701776
34.122677,34,16109.373524
-36.0,26,16109.900151
33.0,33,16110.464709
-35.94,36,16113.045253
-45.0,22,16113.487091
34.876742,24,16113.892287
-37.67,32,16114.414492
-40.64,31,16114.940515
-39.0,37,16115.498853
-35.51,29,16115.943138
34.512048,24,16116.283751
-40.73,26,16116.743738
-44.2,24,16117.174107
-41.5,38,16117.977271
-44.98,20,16118.322047
-41.78,24,16118.756764
-32.88,34,16119.264735
35.489209,24,16119.646755
-38.72,32,16120.140116
-35.43,39,16120.704753
-41.52,23,16121.112692
35.5,27,16123.523988
-41.88,23,16123.997904
-38.91,21,16124.332597
-38.87,29,16124.817415
-38.79,27,16125.902556
-41.7,28,16126.361079
-38.87,26,16126.760064
-35.4,31,16127.25205
-32.63,31,16127.693492
-41.98,20,16128.037304
34.647059,35,16128.646986
-39.0,29,16129.163401
-32.2,28,16129.643286
-38.24,20,16129.969499
-38.48,32,16130.447451
-32.8,25,16130.836553
-38.09,30,16131.304352
-38.65,30,16131.741243
-35.08,40,16132.500134
-38.09,34,16135.136117
-33.0,45,16135.904449
-39.0,31,16136.38289
-41.46,24,16136.784868
-41.28,23,16137.132408
-38.07,31,16137.59895
40.264135,26,16138.00345
-47.32,24,16138.364701
-39.0,35,16138.948058
-39.0,43,16139.699403
-32.35,55,16140.723682
41.192118,22,16141.192694
-38.62,24,16141.647258
-39.0,22,16141.965518
37.549534,35,16142.489866
-38.71,37,16143.036269
-34.93,38,16145.596671
-35.18,37,16146.305566
-35.73,26,16146.753722
-35.67,26,16147.212328
-47.04,15,16147.45543
38.305135,26,16147.953928
-34.29,34,16148.48736
-38.45,31,16148.953954
-38.26,36,16149.499699
-41.81,22,16149.887673
32.634328,31,16150.422881
35.901141,23,16150.841287
-35.67,30,16151.382806
-44.61,24,16151.807475
-32.24,29,16152.292063
-35.99,22,16152.686198
46.807393,16,16152.940465
-41.01,26,16153.337614
-38.02,24,16153.718622
-41.57,30,16156.228802
-47.56,14,16156.533468
-38.78,23,16156.905683
-41.79,21,16157.301414
-37.66,33,16157.867139
-41.77,19,16158.171328
-35.84,44,16158.918249
-41.78,25,16159.306542
-38.5,24,16159.688452
-35.49,22,16160.015033
-43.83,16,16160.296207
-41.49,25,16160.730221
-35.74,30,16161.366132
-41.91,32,16161.893653
-41.37,21,16162.29059
-39.0,23,16162.678619
-40.48,30,16163.19823
-41.79,23,16163.638715
-42.49,24,16164.061176
32.069853,37,16166.668879
-41.71,22,16167.065058
-33.0,26,16167.533181
-38.85,24,16167.942699
-35.7,37,16168.525226
-32.35,31,16169.054625
-39.0,37,16169.638629
-38.35,26,16170.023408
37.719313,25,16170.469824
35.019841,34,16171.132422
-35.59,38,16171.847546
-38.81,39,16172.539678
-42.0,18,16172.855006
33.0,32,16173.386843
-40.75,32,16173.959278
-32.94,23,16174.361825
-35.29,26,16174.930153
-38.03,28,16175.462304
-42.0,23,16177.713522
-38.95,22,16178.039282
-41.7,26,16178.512177
-38.35,38,16179.103352
-37.73,42,16179.844945
-37.53,31,16180.407667
-38.48,24,16180.821916
-41.91,32,16181.39456
32.143969,31,16181.930383
-35.85,29,16182.454059
-35.63,28,16182.935896
-32.6,26,16183.375954
-41.9,19,16183.692173
-47.42,18,16184.036777
-41.6,23,16184.399374
-37.67,27,16184.855169
37.749665,28,16185.358873
35.059438,30,16185.862474
-42.0,23,16186.270345
-41.36,21,16188.575851
33.0,39,16189.163828
-38.35,26,16189.565866
36.0,29,16190.031974
-36.0,36,16190.583706
-41.4,24,16190.92908
-41.74,26,16191.341182
-36.0,27,16191.897235
-41.45,28,16192.387125
-32.11,35,16192.988657
38.144848,22,16193.369288
-41.5,23,16193.72808
-41.79,25,16195.042592
-38.14,27,16195.491845
34.589349,31,16196.005707
-44.7,32,16196.601296
-38.35,26,16197.060695
40.85679,22,16197.481913
-37.5,28,16199.884189
-38.23,30,16200.299441
40.666964,20,16200.581899
35.108844,27,16200.929925
-44.02,23,16201.259678
-38.27,24,16201.824727
-41.69,26,16202.307642
-41.09,25,16202.722586
-37.55,33,16203.282046
-38.31,48,16204.336778
-44.57,24,16204.826407
-41.14,21,16205.234199
33.0,27,16205.701389
-44.15,22,16206.108634
-43.21,35,16206.747425
37.571351,30,16207.203712
-35.91,29,16207.637402
-41.97,30,16208.130044
-37.46,25,16208.572952
-35.78,26,16210.754846
-32.53,28,16211.170324
-40.8,67,16212.048174
-35.94,36,16212.583555
-38.62,23,16213.028654
-41.32,30,16213.62156
37.695508,28,16214.122154
38.070683,23,16214.597308
-41.63,24,16215.029608
-38.51,46,16215.866369
-35.66,28,16216.328073
-38.73,30,16216.855988
-39.0,31,16217.41619
-35.93,24,16217.877898
32.546875,42,16218.590469
-36.0,28,16221.06541
35.540478,37,16221.698878
-41.79,26,16222.084882
-41.4,31,16222.497691
-39.0,21,16222.759584
-44.5,24,16223.104952
-38.57,40,16223.70106
35.249057,33,16224.206386
38.78125,21,16224.556369
-32.03,30,16225.120258
35.69112,24,16225.519275
-38.77,26,16225.968504
-35.75,46,16226.886171
-41.15,21,16227.239718
33.826163,36,16227.975397
41.241636,18,16228.306159
32.315018,34,16228.879387
-44.52,18,16229.436324
-44.75,27,16231.842879
-32.65,35,16232.389192
44.766423,18,16232.690239
-38.63,31,16233.163825
44.023048,22,16233.532494
-38.73,25,16233.909367
-44.26,21,16234.279177
33.0,31,16234.764794
-44.88,21,16235.088781
-41.88,25,16235.458707
41.262069,20,16235.974407
-42.0,28,16236.629631
-39.0,27,16237.09907
-32.6,31,16237.632742
-38.71,27,16238.130635
-38.66,25,16238.726453
-32.27,30,16239.266571
-38.82,36,16239.8616
-38.99,32,16240.517618
-36.0,27,16242.937369
32.274648,31,16243.397344
-43.92,31,16243.863506
-35.68,28,16244.297214
-35.69,52,16245.128208
-41.33,21,16245.456688
-44.35,29,16245.876885
-38.42,59,16246.741965
-39.0,65,16247.828108
35.237209,26,16248.281681
-32.45,37,16248.904757
-38.08,29,16249.422139
-32.26,37,16250.066174
33.0,42,16250.803617
-38.75,23,16251.233303
-40.8,27,16253.712939
-35.52,20,16254.048128
-41.56,30,16254.475462
-32.25,37,16255.096988
37.721403,26,16255.610086
-41.38,36,16256.176809
47.012397,31,16256.626585
38.442748,31,16257.072628
-32.04,46,16257.733806
-38.11,21,16258.08541
-44.72,32,16258.672467
-35.29,41,16259.446229
-38.45,24,16260.083287
-38.41,26,16260.630211
-41.49,19,16261.047265
-38.68,28,16261.588488
-40.83,27,16262.117589
-44.76,31,16264.808221
-33.0,31,16265.275681
-40.89,25,16265.672835
-45.91,23,16266.068096
34.495387,33,16266.640686
-38.88,24,16267.090655
-38.66,23,16267.553278
-32.26,29,16268.033692
35.002997,25,16268.427029
-37.45,27,16268.846768
-35.03,41,16269.46186
-33.0,35,16270.159834
34.025415,30,16270.734662
-35.43,29,16271.206851
41.197761,20,16271.573733
32.123239,29,16272.160996
-42.0,28,16272.780411
-41.83,30,16273.642702
-38.51,35,16277.328523
-42.0,23,16277.785301
-35.17,33,16278.392894
-38.31,23,16278.852773
-38.01,35,16279.918001
-36.0,22,16280.35553
-38.19,24,16280.772641
-35.64,29,16281.299301
-32.63,28,16281.766652
-38.91,21,16282.081643
-37.43,34,16282.643911
-42.0,25,16283.009252
-35.94,35,16283.639144
-37.66,32,16284.259047
33.0,33,16284.85599
-38.28,35,16285.516212
-39.0,23,16285.983297
-44.17,22,16286.388924
-35.61,28,16289.073537
-35.74,29,16289.567517
-38.31,37,16290.240433
35.814103,26,16290.62606
-41.13,25,16291.06646
32.64486,32,16291.630876
-39.0,25,16292.159453
-38.84,24,16292.619979
-35.56,31,16293.22709
-32.1,40,16293.904833
-38.27,23,16294.290353
-35.77,29,16294.686316
-39.0,26,16295.084883
-40.71,24,16295.521312
-35.34,28,16296.015474
-41.21,27,16296.528362
-36.0,38,16297.372319
32.321306,76,16300.700907
33.0,35,16301.260889
35.030202,28,16301.703154
-38.14,21,16302.036685
-35.29,32,16302.648579
-34.89,49,16303.473552
-35.88,29,16304.014695
32.821012,30,16304.562193
-40.29,25,16305.180124
32.056338,35,16305.725025
35.372549,28,16306.145343
-32.25,27,16306.582055
-33.0,33,16307.198709
-38.77,31,16307.75451
-41.17,26,16308.416577
-35.94,30,16308.911042
-39.0,26,16311.521067
-41.33,28,16311.946751
-32.84,27,16312.364931
35.446043,25,16312.7687
-41.64,22,16313.37541
33.0,29,16313.95186
-41.34,22,16314.35601
-37.27,25,16314.821825
35.118483,28,16315.296827
-36.0,36,16315.957113
-43.03,28,16316.43305
38.52027,22,16316.800287
-35.93,25,16317.185204
-44.21,29,16317.945713
-35.19,25,16318.320714
-36.0,30,16318.813399
-32.11,33,16319.43698
-32.41,30,16319.986643
-38.43,26,16320.453918
-43.68,28,16322.976814
-35.41,30,16323.427689
32.806452,38,16324.099586
-41.23,29,16324.607232
-39.0,26,16325.092331
-39.0,29,16325.608167
-32.11,26,16326.063522
33.0,29,16326.630082
-43.82,20,16326.974644
-32.3,33,16327.545125
-39.74,25,16328.011056
-32.16,32,16328.524297
-38.59,24,16328.944152
-44.58,21,16329.252965
-38.38,23,16329.627493
-35.2,37,16330.471391
-44.27,18,16330.826652
-41.61,25,16331.28891
-32.91,34,16333.77868
-45.8,26,16334.217426
-32.52,30,16334.773328
-40.63,21,16335.198741
35.93985,27,16335.729846
-40.61,21,16336.115627
-35.8,25,16336.700075
-38.29,27,16337.349643
37.936189,33,16337.941292
32.931034,52,16338.87298
-41.35,26,16339.360487
-41.41,34,16340.334739
-41.6,24,16340.716189
-44.5,22,16340.989954
35.452675,29,16341.354933
37.831077,38,16341.918976
-44.51,33,16342.540086
-36.0,23,16343.000587
-44.36,25,16345.492963
-37.91,26,16345.925275
-38.67,37,16346.494096
35.5,40,16347.193453
-39.0,32,16347.814143
-38.38,26,16348.310356
-42.0,18,16348.652639
32.305136,34,16349.25824
-38.08,38,16349.976324
32.490798,64,16351.126795
-35.71,24,16351.562057
-41.16,28,16352.029703
-35.47,27,16352.478465
-38.81,20,16352.792229
-41.86,23,16353.14817
36.0,39,16353.794203
32.180556,31,16356.297332
-38.94,35,16356.864175
-38.37,34,16357.600154
-47.36,18,16357.897209
34.980338,27,16358.377045
-38.51,63,16359.460429
-40.65,32,16360.020117
-36.0,31,16360.601068
38.018741,32,16361.166861
-38.64,34,16361.776253
-47.14,22,16362.286671
-41.82,23,16362.718959
-38.48,27,16363.13817
-39.84,30,16363.56496
32.475862,31,16364.143378
-38.8,23,16364.481324
-36.0,25,16364.870199
-33.0,29,16367.346205
-44.38,19,16367.655548
42.747518,17,16367.920804
-33.0,48,16368.605705
-35.26,24,16369.029485
-38.56,25,16369.455677
-41.35,22,16369.868755
-39.82,24,16370.296197
-37.51,34,16370.85287
-36.0,29,16371.377139
-35.28,29,16371.866517
-41.83,19,16372.244194
-41.46,26,16372.660182
35.477912,30,16373.2055
-35.37,28,16373.645312
37.514913,24,16374.083541
-38.55,23,16374.540732
-38.91,24,16374.992817
-38.06,26,16375.436131
-35.18,28,16377.748179
-38.53,27,16378.155542
-34.94,51,16378.98053
-42.0,27,16379.434803
-41.88,26,16379.884615
-41.22,27,16380.39621
-44.33,21,16380.776611
-32.91,30,16381.320827
32.589404,25,16381.816968
-40.65,25,16382.415777
-32.86,36,16383.075482
-38.22,27,16383.539903
-41.45,24,16383.993652
37.620109,27,16384.464593
-41.36,17,16384.764231
-31.89,30,16385.282444
-46.81,17,16385.63792
-35.44,22,16386.000959
-33.0,24,16386.527452
-41.54,19,16386.881821
-32.2,61,16389.632872
38.333333,22,16389.982692
-38.83,23,16390.34048
-41.9,22,16390.720829
-38.45,22,16391.177285
-37.97,25,16391.626248
-41.81,23,16392.061013
-38.67,27,16392.521059
32.37457,36,16393.198863
-43.85,25,16393.657913
-47.09,19,16394.004062
-38.2,31,16394.542179
-38.54,24,16395.174192
-35.61,24,16395.576992
-36.0,30,16396.064095
-41.27,25,16396.474288
-47.41,20,16396.902168
-37.28,25,16397.407897
-38.28,23,16397.806104
-38.6,30,16400.151214
32.762082,27,16400.615656
35.447368,18,16400.911244
32.240157,37,16401.581483
-38.6,27,16402.036543
-36.0,31,16402.594509
-44.41,22,16402.997282
-41.58,21,16403.384377
-39.0,28,16403.872386
-40.87,25,16404.314248
-36.0,29,16404.921521
-32.56,28,16405.415044
-42.0,29,16405.925205
-35.44,42,16406.657406
-35.64,28,16407.398926
-38.34,26,16408.150499
-41.47,23,16408.54638
38.630522,26,16409.019545
-39.0,25,16409.469895
-39.0,34,16411.716667
-38.74,38,16412.363008
-41.32,23,16412.806412
-41.57,21,16413.178289
-35.83,28,16413.710193
-38.56,28,16414.393142
-38.61,36,16415.070315
-38.42,27,16415.510068
-32.26,32,16416.076626
-32.01,33,16416.651085
-41.48,25,16417.069087
-33.0,34,16417.711121
-41.88,25,16418.163584
-35.81,32,16418.773358
-35.89,37,16419.567364
38.139706,28,16420.178055
-41.71,29,16420.880403
-32.39,33,16423.567575
-37.35,27,16423.997789
-37.12,34,16424.661029
-44.28,27,16425.401188
-40.86,37,16426.238575
-35.38,23,16426.794473
-35.24,37,16427.605623
-35.2,28,16428.224924
-38.82,22,16428.801038
-36.0,27,16429.436653
-39.0,21,16429.974555
-40.34,27,16430.538817
-38.72,23,16431.056486
-38.12,22,16431.588405
-37.78,47,16432.576237
-39.0,28,16433.243198
-33.0,32,16434.05144
37.720361,25,16436.728371
-38.74,31,16437.174032
32.903226,31,16437.607264
-35.09,23,16437.986023
-35.18,28,16438.489729
37.736396,28,16438.997998
-35.13,47,16439.877541
-41.03,21,16440.256916
-44.85,38,16441.003801
40.418294,19,16441.361845
-38.13,37,16442.235449
35.141104,26,16442.667274
-41.33,24,16443.087586
-38.04,26,16443.556116
-35.76,30,16444.089616
-44.66,18,16444.391322
-41.27,30,16444.935906
-38.57,29,16445.424543
-37.92,26,16447.909287
35.292373,29,16448.295945
-35.87,30,16448.758504
-38.83,23,16449.102595
32.130435,35,16449.592245
-35.61,38,16450.266457
-36.0,31,16450.826279
-37.53,25,16451.322467
-41.68,24,16451.767991
-41.79,33,16452.348232
-41.78,27,16452.878809
-33.0,28,16453.445717
-40.96,25,16453.888706
-38.31,23,16454.293672
38.030579,32,16454.826081
-38.37,26,16455.269071
-42.0,22,16455.701467
-37.04,26,16456.143603
-44.39,33,16458.623976
-41.41,26,16459.004717
40.038403,41,16459.632521
-41.58,48,16460.359869
-41.17,20,16460.647284
-40.35,33,16461.162189
34.398102,39,16461.823901
-41.78,25,16462.287909
-38.79,27,16462.964802
-35.05,36,16463.618729
32.38189,40,16464.300737
-38.24,38,16465.050159
-41.2,36,16465.670411
-35.35,26,16466.171436
-44.24,23,16466.785029
35.498392,26,16467.290954
-38.41,22,16467.751377
36.0,32,16470.450304
-39.0,26,16470.912411
-32.3,32,16471.44646
-41.46,23,16471.838043
-38.71,25,16472.281091
-35.02,28,16472.797946
-41.53,22,16473.168767
35.307985,33,16473.731608
35.173228,29,16474.217803
40.322078,24,16474.717743
39.0,23,16475.132316
38.377637,23,16475.626181
-40.78,21,16476.058862
-37.87,29,16476.647318
-46.7,21,16477.079104
-38.42,49,16477.984316
-37.85,37,16478.692701
-35.56,42,16481.563948
-37.09,27,16481.960693
-32.59,30,16482.477797
-38.61,26,16482.865507
-42.0,36,16483.394321
-41.54,23,16483.784434
-36.0,26,16484.20273
-41.75,26,16484.596241
-43.92,25,16484.94047
-36.0,33,16485.436646
-44.0,19,16485.72836
-44.5,80,16487.334626
33.0,31,16487.94952
-41.69,35,16488.811209
-43.95,32,16489.423484
32.759615,33,16490.052631
-44.65,26,16490.753398
-38.27,23,16493.134518
-35.82,28,16493.604723
-44.87,46,16494.563366
31.819392,25,16494.954959
-38.49,35,16495.571272
-33.0,29,16496.064725
-44.35,21,16496.348974
-33.0,29,16496.815965
38.151724,25,16497.208625
-38.62,26,16497.616677
-36.0,29,16498.281868
-38.85,28,16498.742441
-34.93,43,16499.550605
-43.81,26,16500.001137
37.623765,29,16500.537079
-38.5,46,16501.477713
-32.61,82,16504.954747
-35.91,31,16505.427194
40.860551,36,16505.994567
-35.41,35,16506.638622
-38.01,43,16507.344428
-41.21,16,16507.623188
-41.73,29,16508.117824
32.554585,26,16508.518649
-34.91,34,16509.013709
-35.71,35,16509.58871
-39.0,24,16510.07269
-38.0,22,16510.48745
-38.76,31,16511.127011
-41.41,36,16511.738795
42.0,21,16512.095753
35.021807,28,16512.566285
-32.28,38,16515.363649
-38.34,36,16515.846662
34.781511,25,16516.273738
-32.75,35,16516.849717
-35.23,30,16517.584363
-38.62,47,16518.42209
-37.59,34,16519.009527
36.0,30,16519.519411
-43.92,39,16520.516343
32.485232,31,16520.979872
32.349776,37,16521.742868
-38.59,34,16522.455511
-38.49,26,16522.971578
-38.44,28,16523.529378
-38.61,24,16523.982771
-38.51,25,16524.464239
-32.74,30,16527.419867
-35.08,31,16527.958349
38.010345,20,16528.272271
38.288194,22,16528.626249
-43.37,23,16529.022077
-44.41,29,16529.454607
-41.4,33,16530.095792
32.555172,29,16530.666384
-36.0,34,16531.229903
-35.32,28,16531.676926
-32.08,35,16532.251818
32.448052,33,16532.737689
33.0,33,16533.343156
-35.14,38,16534.019765
-33.0,29,16534.525311
-41.21,35,16535.212673
-46.41,27,16535.732199
-41.12,19,16538.10082
32.536585,39,16538.705024
-43.65,20,16539.012065
-40.63,33,16539.560467
-40.91,44,16540.29016
-41.74,26,16540.726306
-38.42,21,16541.099444
35.9,24,16541.585424
33.0,26,16542.063005
-32.69,32,16542.561385
-44.25,20,16542.777539
-38.08,29,16543.232895
-36.0,36,16544.019772
-38.47,23,16544.442799
-32.99,26,16544.885723
-44.13,26,16545.377355
-41.08,24,16545.810783
-38.32,27,16546.305547
39.51126,32,16549.281919
-39.0,22,16549.63921
-36.0,29,16550.190943
-35.18,22,16550.570331
-32.62,38,16551.258645
33.0,24,16551.594976
-39.0,29,16552.052699
-35.27,23,16552.472078
-38.69,28,16552.974946
-39.0,23,16553.416746
-35.72,25,16553.883932
-35.9,38,16554.483114
-35.5,127,16556.520729
32.451178,35,16557.176687
-34.93,25,16557.668121
-42.0,25,16560.135493
-42.0,26,16560.60033
-40.65,22,16561.002246
-41.63,25,16561.382615
-37.22,28,16561.828404
-42.0,25,16562.224458
-38.71,21,16562.574408
-38.34,31,16563.10025
-41.39,29,16563.595208
-35.37,36,16564.249647
-38.45,22,16564.634978
-38.04,27,16565.114667
-39.0,29,16565.551558
-35.46,23,16565.956527
-41.85,30,16566.404445
-41.35,36,16567.023758
-37.79,32,16567.637041
-42.0,25,16568.099239
-41.31,25,16568.59499
-35.35,29,16571.248448
-42.0,26,16571.773583
-38.35,25,16572.271394
-38.5,26,16572.678772
32.27972,37,16573.748429
-35.45,24,16574.127507
-41.64,21,16574.43532
41.885827,34,16575.03324
-45.0,25,16575.507259
-44.64,23,16575.951543
32.262238,27,16576.472124
-38.52,30,16576.999962
-38.45,21,16577.366068
-35.59,25,16577.75604
32.566406,30,16578.297249
33.0,28,16578.776179
-44.03,25,16579.170594
-44.1,14,16579.439888
-41.33,24,16579.817883
-38.45,23,16580.187844
-32.49,35,16582.857433
34.774275,30,16583.386354
-32.3,33,16583.894334
-38.88,23,16584.218453
-44.28,22,16584.62067
-38.36,24,16585.054667
-41.2,22,16585.44177
37.967471,22,16585.802472
35.076727,31,16586.356436
-35.08,36,16587.010216
-41.62,18,16587.318467
-32.43,29,16587.838137
-38.17,39,16588.557287
-41.01,30,16589.030217
33.0,27,16589.453634
-35.26,28,16590.031413
-42.0,20,16590.334551
-42.0,23,16590.722385
-32.5,23,16591.138971
35.906977,32,16593.695926
-32.81,33,16594.254067
-35.51,42,16594.882456
-35.62,30,16595.360684
-32.68,29,16595.885859
-41.5,30,16596.586347
-41.76,31,16597.101477
-41.09,23,16597.534303
-38.84,33,16598.252731
-41.34,23,16598.674454
-39.0,38,16599.578393
-41.08,21,16599.931644
32.43346,28,16600.38949
-41.53,24,16600.765876
-38.56,23,16601.0826
-39.0,33,16601.5804
-38.91,28,16602.013897
-32.7,30,16604.549597
35.337349,30,16605.078113
-35.13,26,16605.455911
-38.06,32,16605.967679
-35.61,31,16606.438021
-38.91,36,16606.986426
30.0,24,16607.40516
-37.97,30,16607.908991
-38.91,26,16608.268062
-32.47,36,16608.990689
-41.64,22,16609.36796
32.661818,32,16609.936542
-38.1,27,16610.446051
-35.61,27,16610.92612
-32.85,31,16611.451826
-40.98,23,16611.885484
-41.23,25,16612.316934
-41.62,26,16612.711243
-38.26,32,16615.169283
-36.85,26,16615.665461
-41.75,19,16615.989905
-37.97,26,16616.396109
-37.69,31,16616.869152
-41.21,31,16617.376645
-38.24,28,16617.913162
-38.28,42,16618.664971
-32.27,31,16619.089572
-36.0,33,16619.608819
-40.91,20,16619.983914
-42.0,32,16620.560964
-38.04,26,16621.049677
35.56,23,16621.469575
-32.62,31,16622.047868
38.480687,27,16622.830678
32.584314,29,16623.370692
-41.48,26,16623.818857
34.340669,37,16626.505674
34.568466,31,16627.108214
32.778523,25,16627.544506
-44.5,29,16627.977722
-32.19,25,16628.408856
-41.27,31,16628.86943
-41.83,23,16629.24597
-32.47,32,16629.864445
-32.36,25,16630.352328
35.915789,36,16631.042374
-32.07,37,16631.700586
-33.0,28,16632.217335
35.083333,24,16632.704224
-41.02,24,16633.304112
-36.0,25,16633.834938
32.794326,51,16635.011162
-35.23,25,16635.427472
-43.57,22,16637.912971
-37.17,30,16638.511232
36.643925,37,16639.314169
32.137143,24,16639.810445
-38.44,33,16640.340801
-41.04,28,16640.808986
32.207407,38,16641.435666
-47.09,18,16641.787731
-38.62,25,16642.23065
-38.28,32,16642.798764
-39.0,21,16643.19082
32.621908,37,16643.841281
-34.73,31,16644.385345
35.359375,29,16645.0044
-38.62,23,16645.445969
-41.11,43,16646.350071
-44.45,17,16646.665746
32.800712,26,16647.118713
-41.36,32,16649.508928
-32.88,32,16650.074156
-38.4,26,16650.970929
-40.86,28,16651.428694
-39.0,22,16651.841423
-31.77,39,16652.617934
-38.72,32,16653.166442
-41.42,28,16653.711684
38.878543,24,16654.23435
-36.0,29,16655.108458
-38.88,25,16655.712473
35.656566,25,16656.374068
-35.73,27,16657.021423
-37.62,39,16657.832184
-40.57,24,16658.410999
-35.81,22,16659.128126
-38.43,32,16660.032561
-35.54,25,16660.624744
37.59403,27,16663.460101
-39.0,36,16664.061528
32.058824,31,16664.506836
-41.09,27,16664.9268
-38.75,30,16665.528949
-44.27,22,16665.973904
-35.38,24,16666.377062
-38.82,39,16667.009252
34.608498,29,16667.48004
-38.22,24,16667.906115
46.142394,16,16668.613002
-38.48,27,16669.174942
-33.0,34,16669.961761
-39.0,25,16670.545269
-41.74,21,16670.974619
-36.0,34,16671.583171
-41.19,41,16672.364348
-41.38,43,16675.164872
35.030227,31,16675.639203
-38.1,23,16676.007087
-38.32,27,16676.436342
-35.25,36,16677.15132
35.033457,33,16677.645158
-38.94,31,16678.214337
-41.49,26,16678.65095
-40.13,24,16679.032594
-39.0,30,16679.528341
-34.8,38,16680.215035
-38.6,32,16680.992696
35.472656,28,16681.489845
36.0,25,16681.900229
32.821429,32,16682.488275
-47.14,19,16682.820366
-44.06,25,16683.288451
-35.31,21,16683.659216
-38.34,26,16686.277607
-43.9,38,16686.831559
-44.54,18,16687.13344
-39.0,34,16687.613509
-41.38,25,16688.023718
32.902834,24,16688.520404
-36.0,28,16688.967004
-42.0,42,16689.583749
-41.13,23,16689.916604
-43.35,39,16690.550534
-38.06,43,16691.286117
-32.06,39,16691.974296
-38.61,26,16692.472818
-36.0,27,16692.949465
-38.78,26,16693.472139
-40.9,23,16693.977562
-38.54,22,16694.380213
-41.63,21,16694.797528
-40.96,27,16697.593969
-40.9,25,16697.972547
-41.14,22,16698.302689
-38.23,25,16698.659314
38.285714,20,16699.020722
-45.0,24,16699.398065
-39.0,37,16699.976389
-39.0,36,16700.535755
32.538182,27,16700.992055
-41.59,26,16701.348803
-35.01,55,16702.248483
-35.07,33,16702.859625
-40.61,30,16703.408801
-38.99,23,16703.96042
-39.0,30,16704.530069
-41.32,53,16705.49119
35.249097,27,16706.165671
38.132075,25,16708.67722
-38.35,23,16709.057024
-41.39,30,16709.530082
-39.0,21,16709.838755
-42.0,22,16710.199452
-34.78,24,16710.73477
-38.45,27,16711.168735
-32.83,31,16711.682016
-36.0,24,16712.049547
-32.54,30,16712.536522
35.372549,26,16713.014294
-44.32,29,16713.55731
-47.32,23,16714.002719
-32.57,32,16714.577706
-44.76,19,16714.916605
41.353948,18,16715.258885
-35.23,30,16715.680213
35.603113,27,16716.357423
-44.56,25,16716.753307
31.789575,31,16719.341395
-44.07,24,16719.720549
-40.23,23,16720.106999
-42.0,18,16720.46222
-43.11,25,16720.872086
-35.61,29,16721.290861
-38.71,31,16721.770856
-35.86,32,16722.218282
-38.15,24,16722.609856
-39.0,39,16723.273
38.196963,18,16723.603088
-38.22,24,16724.041589
32.661871,29,16724.638001
32.262774,32,16725.226887
-44.38,16,16725.504995
-36.87,28,16726.033567
-33.0,29,16726.576153
-32.63,27,16727.060527
35.160305,31,16727.578259
-41.72,23,16727.985214
-38.82,20,16730.397628
32.736695,24,16730.825412
-41.17,28,16731.365965
-41.96,26,16731.843018
37.759228,25,16732.256997
-41.38,22,16732.858313
-38.09,32,16733.790666
-40.92,27,16734.244637
-35.29,33,16734.81483
-36.0,32,16735.295635
-43.56,21,16735.65634
-38.53,27,16736.131061
-36.0,22,16736.518875
-34.75,26,16737.035537
-37.64,27,16737.577047
-44.36,34,16738.343374
-41.52,30,16738.881549
-39.0,24,16739.28274
-38.8,34,16739.957978
-42.0,24,16742.385024
-34.12,37,16743.050379
-43.52,38,16743.71663
-41.63,22,16744.06061
32.021898,27,16744.395424
-38.38,22,16744.705384
-38.07,25,16745.233247
-38.59,29,16745.652601
-32.08,31,16746.14756
-35.86,34,16746.728818
-33.0,23,16747.180111
-36.0,24,16747.611882
32.305455,33,16748.187797
-36.0,25,16748.672321
-38.22,32,16749.244875
-32.42,32,16749.805157
-46.81,23,16750.203771
-40.48,23,16750.61075
-38.68,21,16753.043313
-40.62,28,16753.554778
38.407843,28,16754.056025
-35.41,38,16754.787203
39.0,20,16755.149691
-35.8,28,16755.586999
-34.51,29,16756.052716
32.577465,25,16756.493692
35.246291,30,16757.027981
-41.77,26,16757.590279
-35.88,34,16758.164505
-37.84,30,16758.845698
-37.69,27,16759.446843
-41.5,24,16760.235135
35.688172,25,16760.879832
38.003802,21,16761.307379
-45.0,33,16761.851753
38.069536,24,16762.525402
-38.6,21,16762.975778
-42.0,23,16766.472101
-35.3,36,16767.254293
-38.99,23,16767.676024
-38.28,23,16768.12338
-35.15,36,16768.965645
-38.8,25,16769.465811
-38.17,28,16770.00854
37.848722,21,16770.357748
-44.48,22,16770.778494
-39.0,27,16771.291346
42.09334,25,16771.742697
34.271152,31,16772.230436
32.309091,45,16772.988425
35.378723,25,16773.555737
-32.7,34,16774.383361
-36.0,26,16775.023585
-38.27,26,16775.599992
-39.0,25,16776.422546
-38.31,22,16777.070843
-44.78,25,16780.150599
-31.88,29,16780.811644
-38.75,33,16781.590552
35.101167,29,16782.21042
32.126667,34,16782.916461
-35.06,35,16783.664064
-38.57,29,16784.161973
-40.75,26,16784.560342
-32.58,33,16785.06402
-41.21,33,16785.536725
-34.93,27,16785.936794
-36.0,27,16786.387636
-33.0,43,16787.117515
-32.02,31,16787.738359
-37.93,25,16788.18938
-38.32,31,16788.781209
32.042017,40,16792.068214
-32.8,46,16792.982906
-35.91,29,16793.628133
-38.81,39,16794.301466
32.066372,35,16795.170919
-32.27,34,16795.87628
-35.02,25,16796.295671
-35.44,27,16796.733409
38.09322,25,16797.180854
32.5,27,16797.590096
-37.59,27,16798.051738
-38.5,25,16798.491149
-39.0,20,16798.799772
-37.44,26,16799.304652
-35.41,25,16799.768884
-32.26,31,16800.343556
-38.63,23,16800.817135
-37.69,26,16801.400994
-33.0,26,16804.235358
-39.0,27,16804.81253
34.276978,31,16805.412482
-40.57,28,16805.97619
-32.09,30,16806.503234
-37.58,19,16806.953227
-37.53,35,16807.734383
-41.08,28,16808.574975
38.399281,23,16809.01987
41.205882,18,16809.386263
-33.0,29,16809.793823
-40.61,23,16810.109529
-36.0,22,16810.519128
-44.91,37,16811.17744
-39.0,27,16811.619117
34.836113,31,16812.203344
-38.5,65,16813.351458
34.49676,45,16816.185754
-39.0,32,16816.739389
-38.47,38,16817.518044
-41.87,23,16818.352497
-35.91,42,16819.214428
34.655642,24,16819.717033
-35.78,23,16820.348076
-41.61,26,16820.835536
35.681115,41,16821.701833
-41.61,30,16822.561094
-37.4,35,16823.191066
-38.26,23,16823.639512
-35.17,26,16824.117059
-38.67,25,16824.630466
-39.0,16,16824.931374
33.0,27,16825.493009
-38.1,26,16826.055607
-40.76,34,16828.822675
-35.1,28,16829.363825
-41.16,22,16829.851964
-41.03,25,16830.272406
-44.2,23,16830.717063
-39.0,27,16831.417349
-41.33,26,16831.857514
-48.0,22,16832.334108
36.0,24,16832.841574
-42.0,30,16833.622102
-38.48,23,16834.116819
-42.39,30,16834.587393
-38.07,36,16835.18983
32.651163,30,16835.623304
32.901515,26,16836.013081
-39.0,27,16836.464428
36.0,23,16836.907053
-40.98,26,16837.488251
-41.05,35,16838.177843
-36.0,28,16840.848583
-38.21,27,16841.54634
32.03937,34,16842.147584
-39.0,24,16842.405092
-35.54,35,16842.892347
-38.25,37,16843.622239
-32.99,30,16844.188009
-41.09,26,16844.666306
-44.25,18,16845.02922
-32.49,35,16845.72747
-37.88,28,16846.266374
-44.22,28,16846.783004
-38.66,28,16847.244384
-36.0,34,16847.743691
-41.26,28,16848.173542
-44.59,32,16848.935049
-44.68,19,16849.2876
39.112399,26,16849.783669
-41.14,24,16852.624259
35.628378,25,16853.087846
-32.19,34,16853.728857
-39.0,21,16854.125292
-38.22,27,16854.64625
-41.42,19,16855.034151
-38.69,25,16855.49111
32.180812,28,16856.011824
-38.43,27,16856.516348
32.699187,54,16857.469489
-37.85,25,16857.866879
35.633333,32,16858.473159
-38.12,37,16859.150898
-38.16,24,16859.552297
-47.15,23,16859.960135
-40.88,26,16860.422197
32.540541,30,16860.88737
30.0,41,16861.593326
-47.12,17,16864.191442
-35.65,26,16864.700917
-38.71,35,16865.396149
-36.0,29,16865.976997
-38.6,27,16866.617558
-47.31,46,16867.922029
-41.5,24,16868.421999
-38.34,24,16869.067972
32.179878,38,16869.952932
-35.29,30,16870.614332
-35.65,22,16871.165199
-42.0,19,16871.60239
-38.2,27,16872.095073
-38.5,27,16872.590379
-32.78,45,16873.291702
-41.5,24,16873.624575
-35.61,27,16873.985974
-44.09,26,16874.426126
-38.88,31,16876.850227
41.273885,21,16877.436589
-40.78,28,16877.913713
-38.13,25,16878.397821
-41.66,29,16879.007244
-32.79,29,16879.654399
34.599812,25,16880.127536
-38.86,22,16880.515558
33.0,29,16881.03934
-38.58,33,16881.61831
-38.31,28,16882.156427
-47.22,21,16882.593343
35.375389,28,16883.094899
32.056911,37,16883.7682
-41.35,30,16884.190337
-34.45,56,16885.080392
-37.32,33,16885.514303
-46.77,22,16887.800399
-43.75,25,16888.254029
33.0,36,16888.870316
-39.0,25,16889.295023
-44.6,24,16889.75375
35.902724,27,16890.270891
-38.64,35,16890.855285
-39.0,24,16891.301651
32.362538,33,16891.87105
-38.5,24,16892.342291
-47.15,20,16892.729841
-38.1,31,16893.275391
-35.14,35,16893.954197
-38.24,24,16894.355637
-35.94,33,16895.010967
-41.14,25,16895.452607
-33.0,46,16896.219305
-40.6,29,16896.653955
-38.63,20,16898.846878
-38.91,30,16899.518292
-35.05,31,16900.409308
44.13308,15,16900.664259
-43.69,29,16901.201845
-44.64,24,16901.638606
-37.99,26,16902.107025
32.34,31,16902.758072
-32.56,30,16903.445562
32.539924,30,16904.040641
35.060606,23,16904.706245
-35.97,30,16905.254845
-32.81,28,16905.755755
-35.61,30,16906.368881
-41.43,27,16906.893784
-38.88,28,16907.441903
-32.27,30,16907.989915
-35.91,26,16908.434592
-44.37,24,16908.780562
-41.09,32,16911.248961
35.09375,29,16911.788678
-34.3,34,16912.428229
-35.87,39,16913.04424
-38.8,39,16913.779609
-35.81,24,16914.318309
32.209877,27,16914.896227
32.261194,31,16915.538875
-38.74,23,16915.953591
-35.77,25,16916.424421
-35.16,27,16916.972188
-33.0,34,16917.611448
-38.66,29,16918.128792
-36.0,26,16918.596269
-36.0,30,16919.094558
-43.75,23,16919.460273
-41.28,23,16919.831973
-43.42,20,16920.174634
-35.88,41,16922.759486
-40.72,21,16923.219067
-38.79,19,16923.540151
-38.32,24,16923.960062
38.168919,22,16924.222427
-41.43,23,16924.625453
-43.68,32,16925.277894
-38.39,26,16925.804248
-35.53,24,16926.256301
39.0,25,16926.719684
-35.9,33,16927.395392
-35.57,26,16927.840832
-41.41,28,16928.363261
-32.11,32,16929.174584
38.080247,30,16929.748277
-38.46,32,16930.348122
-35.41,32,16930.961282
-47.43,14,16931.264956
-41.93,28,16931.831584
-38.51,28,16934.310677
-32.27,31,16934.888476
38.88189,24,16935.336701
-32.39,31,16935.930093
-40.62,24,16936.419257
-34.47,39,16937.068729
-33.0,36,16937.728627
-35.59,27,16938.249439
-35.44,25,16938.66381
-36.0,27,16939.165839
-35.16,32,16939.772743
-46.63,58,16940.876184
-33.0,30,16941.470762
-35.4,24,16941.938323
-41.18,29,16942.464395
-36.0,25,16942.869152
-40.55,25,16943.252412
-38.76,25,16945.681053
32.237864,37,16946.262914
-35.88,42,16946.96539
-36.0,33,16947.631531
-34.14,37,16948.329946
-41.81,22,16948.759389
32.362416,27,16949.239127
-41.11,23,16949.646272
-37.93,30,16950.229205
-41.24,29,16950.75378
34.396745,27,16951.258316
-38.28,38,16951.944723
46.497505,20,16952.301927
-44.94,20,16952.669581
37.827873,41,16953.363094
39.0,27,16953.786248
-40.81,27,16954.284775
-41.55,28,16956.766454
-41.71,21,16957.14795
-34.72,28,16957.897928
32.055233,37,16958.507511
-43.56,23,16958.946483
-47.12,15,16959.265599
-41.67,23,16959.686199
-35.52,32,16960.311853
-36.0,30,16960.783999
-35.57,30,16962.03564
-41.29,28,16962.571059
35.165307,33,16963.183304
-37.82,23,16963.633144
40.578548,23,16964.044112
-36.0,31,16964.600633
32.901887,31,16965.13191
-39.0,28,16965.640983
-32.75,34,16966.162672
-32.91,29,16968.623946
-35.87,25,16969.021247
-38.78,27,16969.437719
-42.0,21,16969.77153
35.130435,23,16970.131274
-38.37,26,16970.545213
-38.41,43,16971.317827
33.0,26,16972.018109
-38.88,24,16972.438543
-41.38,26,16972.899631
38.49026,61,16974.346921
32.641026,26,16974.869202
-45.0,21,16975.205873
34.621648,31,16975.780743
-36.0,33,16976.439754
-36.0,30,16977.002365
32.338078,43,16977.670957
-38.54,25,16979.964365
-35.79,33,16980.415557
-44.37,59,16981.358489
38.901961,21,16981.688136
-38.17,20,16982.041213
-43.15,21,16982.393311
-38.17,25,16983.105772
-37.73,27,16983.666274
-41.04,27,16984.329559
-35.93,28,16984.862462
38.448034,25,16985.34466
32.278226,27,16985.949546
-41.03,29,16986.501294
-35.59,26,16986.993838
-35.63,32,16987.626286
-36.0,31,16988.254379
-38.66,22,16988.688292
-38.75,26,16989.169625
-32.12,30,16990.241966
-38.18,25,16992.904376
-41.77,25,16993.325073
32.230189,26,16993.908185
-41.77,25,16994.323084
40.362194,24,16994.702164
-42.0,24,16995.17526
-41.22,24,16995.635885
-38.66,28,16996.176026
-43.74,23,16996.581817
-35.11,37,16997.225934
34.209812,34,16997.839989
-41.6,32,16998.436284
-42.0,12,16998.636148
-39.0,22,16999.06868
-41.2,19,16999.420952
-38.77,20,16999.788316
-44.67,29,17000.320729
-43.99,22,17000.651476
-44.11,19,17000.934925
38.485597,30,17001.454098
-41.94,25,17003.836332
-38.79,21,17004.223351
-41.75,37,17004.866174
43.683977,19,17005.153856
-35.76,25,17005.575437
-39.0,23,17005.931097
32.917647,31,17006.400594
-36.0,30,17006.868993
-47.55,23,17007.295064
-35.97,31,17007.844089
-32.75,25,17008.442536
-36.0,26,17008.981661
-35.38,25,17009.657911
-41.04,29,17010.393635
-36.0,29,17011.000125
37.590063,31,17011.632403
-32.33,31,17012.26169
-44.03,15,17012.506657
-31.63,32,17013.106238
34.566871,32,17015.954957
-41.42,16,17016.346111
-44.53,20,17016.750799
41.435556,30,17017.34024
-38.91,33,17018.049971
-35.49,30,17018.505933
-35.15,26,17018.889922
-41.44,22,17019.269162
-39.0,23,17019.633137
34.440959,26,17020.04468
-39.0,29,17020.547659
-44.8,18,17020.899547
-37.84,31,17021.530068
-35.11,26,17021.99876
-39.0,30,17023.031119
-44.59,20,17023.378443
-41.44,29,17023.810997
-35.91,33,17024.406267
-38.33,27,17024.910768
41.000079,26,17025.368228
-35.2,25,17027.808795
-45.0,21,17028.204393
-48.0,19,17028.612928
-32.33,38,17029.342833
-38.5,28,17029.856892
-35.76,43,17030.560251
-44.68,34,17031.103112
-44.0,21,17031.393516
-38.29,26,17031.771778
-44.19,27,17032.367139
-38.21,26,17032.838388
-38.49,88,17034.361192
-38.06,30,17034.845756
-41.71,32,17035.34918
-37.57,51,17036.255284
-38.38,33,17039.136432
-38.68,37,17039.879074
-41.41,27,17040.35897
34.821915,36,17041.047267
32.90393,28,17041.573414
32.458333,32,17042.180769
-37.98,27,17042.660265
-35.6,33,17043.123456
-35.18,27,17043.504251
-37.71,33,17043.992481
-41.61,23,17044.337826
-38.52,25,17044.749509
-38.91,37,17045.41776
-41.45,23,17045.78711
-41.08,27,17046.208191
-38.33,29,17046.668883
32.900398,23,17047.037051
-42.0,31,17049.656513
-38.54,24,17050.317939
-43.94,28,17050.859658
-39.0,48,17051.699208
35.030742,35,17052.374799
-41.23,28,17052.87989
-41.93,25,17053.350409
-44.39,21,17053.761844
-36.76,29,17054.30631
-39.0,24,17054.628914
32.284444,41,17055.192657
-39.0,28,17055.603456
-41.58,32,17056.17769
-36.0,29,17056.729557
-38.41,26,17057.109485
-35.09,44,17057.773607
-37.55,32,17058.257111
38.233577,34,17060.90887
-38.74,29,17061.409379
-40.33,24,17061.869504
-35.98,31,17062.672406
-42.0,24,17063.164344
-39.0,27,17063.870034
35.128743,26,17064.366844
-36.0,33,17064.920467
-41.16,25,17065.386086
32.315589,33,17065.970332
-39.0,28,17066.492589
-35.72,33,17067.069559
-35.74,24,17067.466323
-32.76,31,17067.952353
-36.0,29,17068.426759
34.454802,37,17068.957776
-32.38,27,17069.389522
-41.09,27,17071.771054
-35.83,25,17072.158922
-44.66,21,17072.548533
-32.52,33,17073.191957
-40.7,32,17073.758823
37.13685,23,17074.214811
-38.09,22,17074.64491
-38.1,27,17075.16557
-41.4,21,17075.557115
-39.0,23,17076.020952
32.04878,32,17076.612834
-32.39,27,17077.123129
-44.45,28,17077.63435
-40.77,31,17078.176961
-35.17,34,17078.996976
34.668552,29,17079.53993
37.447166,24,17079.889259
-39.0,27,17080.26913
-32.91,32,17080.758822
-35.13,32,17083.295268
-36.0,27,17083.823555
37.546829,39,17084.527243
-35.34,43,17085.348901
-41.18,27,17085.898302
-35.19,32,17086.512403
-32.33,28,17087.083989
-38.64,27,17087.609451
-41.08,20,17088.176911
-38.31,24,17088.636613
-35.56,32,17089.234201
-41.72,26,17089.701958
-39.0,30,17090.472902
-41.44,31,17091.008596
-41.15,36,17091.715879
-44.78,20,17092.040081
-32.47,27,17092.409543
-38.87,28,17094.73029
-38.62,24,17095.167598
-39.78,28,17095.743007
37.889768,31,17096.25484
-41.31,18,17096.627074
-36.0,33,17097.241534
-35.34,31,17097.853814
-35.07,31,17098.417592
-39.0,27,17098.908952
-38.06,26,17099.382437
32.902724,30,17099.927448
32.089147,34,17100.51667
35.056891,28,17101.083698
-36.0,33,17101.717905
-43.08,42,17102.576108
-32.07,26,17103.053073
44.084574,21,17103.365935
33.0,30,17103.799699
-44.07,21,17105.981683
30.0,26,17106.48439
-35.11,35,17107.092878
-45.0,23,17107.508261
32.903346,31,17108.071113
-41.13,31,17108.753317
32.270968,38,17109.494922
-42.0,20,17109.877874
35.282051,28,17110.433885
-44.04,31,17111.123411
-41.54,28,17111.747814
-38.39,24,17112.185355
-35.88,21,17112.576171
32.34375,36,17113.457349
-38.8,19,17113.827662
-38.18,51,17114.78539
33.0,32,17115.306087
32.032407,43,17117.969784
-38.94,30,17118.753006
-38.39,27,17119.253817
-37.89,23,17119.653146
33.0,23,17120.078791
40.280254,21,17120.456627
-37.68,34,17121.156421
-41.42,27,17121.667129
-35.07,37,17122.333467
-38.91,35,17122.948992
-35.67,28,17123.459184
35.608163,23,17123.888692
-38.61,40,17124.654135
35.650376,35,17125.350106
-42.0,22,17125.704848
-38.07,27,17126.218084
38.26087,22,17126.766225
-40.8,50,17129.424074
-32.46,58,17130.490112
-32.44,33,17131.145682
32.25817,35,17131.735084
38.171103,26,17132.203884
32.772727,40,17132.99373
31.936137,28,17133.532914
-40.65,38,17134.266978
-35.64,31,17134.876918
-32.64,30,17135.483735
33.0,29,17136.090458
-35.22,27,17136.789698
-38.43,28,17137.324011
-41.41,19,17137.673088
-38.52,27,17138.157125
37.828956,28,17138.647995
-43.46,21,17138.99578
-35.36,36,17141.655637
-45.0,21,17142.002012
-36.0,29,17142.416213
-41.29,22,17142.813453
34.46902,29,17143.323873
-44.68,24,17143.802998
37.754502,26,17144.332383
-41.1,29,17145.148741
-41.4,31,17145.681657
-41.66,23,17146.101136
-41.14,25,17146.495238
-41.06,22,17146.895143
-34.82,31,17147.486245
-36.0,29,17148.003642
-32.47,31,17148.63678
-44.84,30,17149.275399
-41.38,26,17149.751776
32.877953,31,17150.24176
36.0,23,17150.609699
-41.34,20,17152.88107
-37.68,23,17153.173144
35.79257,35,17153.700505
-35.15,83,17155.094915
-37.84,25,17155.597601
-40.3,23,17156.012569
-44.6,17,17156.345231
-36.0,27,17156.865397
-44.36,29,17157.439842
38.026316,34,17158.101515
37.008781,21,17158.422321
-32.91,33,17159.056315
-32.23,32,17159.63946
-42.0,30,17160.197758
-45.0,24,17160.644406
-42.0,23,17161.071149
-35.67,36,17161.695697
32.389091,32,17164.226423
-42.0,41,17164.870334
-37.4,26,17165.26253
-42.0,22,17165.62202
-43.53,28,17166.040164
-34.95,31,17166.518049
-36.0,24,17166.918066
-41.38,28,17167.739094
-39.0,49,17168.661883
-37.96,28,17169.168359
-42.0,47,17170.140178
-41.38,26,17170.630337
-41.42,21,17171.014881
-38.61,26,17171.53037
-41.52,29,17172.064306
32.902985,31,17172.594353
-39.0,25,17172.989609
-41.27,42,17175.799676
-42.0,23,17176.198019
-35.3,34,17176.798935
-44.77,20,17177.107363
-41.33,30,17177.630929
-32.91,39,17178.213688
-40.88,29,17178.636408
-32.99,32,17179.351426
-41.75,21,17179.741867
-38.2,23,17180.173015
35.571429,23,17180.624834
-41.05,25,17181.124929
-41.71,27,17181.695426
-34.95,38,17182.593695
-40.94,32,17183.234032
-37.65,28,17183.757334
-32.41,32,17184.326902
38.043024,30,17186.988332
-43.63,31,17187.588974
-34.51,30,17188.147385
-47.87,20,17188.486753
-41.57,26,17188.960442
-41.56,22,17189.320384
-41.73,26,17189.728131
35.334471,31,17190.218554
-39.0,32,17190.732755
37.688285,26,17191.19317
-38.2,61,17192.332859
-38.13,28,17192.838982
-46.8,21,17193.416612
-35.05,26,17193.926701
-41.32,39,17194.704003
-38.48,21,17195.291102
-31.7,49,17196.128522
35.681818,28,17198.715002
-32.99,24,17199.263767
-38.28,36,17200.032494
-41.55,38,17200.813461
-47.14,25,17201.228688
-36.0,36,17201.826177
-41.88,25,17202.446972
32.352713,26,17202.884371
-36.0,26,17203.371562
-41.8,29,17203.912454
-41.65,25,17204.422524
-35.77,39,17205.217754
37.358495,21,17205.622962
-43.53,23,17206.092209
-44.33,23,17206.482238
38.217054,28,17206.949279
37.525096,32,17207.470207
-38.34,23,17207.843351
-38.63,40,17210.716765
-38.52,23,17211.126039
34.567157,24,17211.483916
40.496568,19,17211.817943
-39.0,21,17212.245496
-37.06,31,17212.851457
37.736079,24,17213.244389
-37.65,30,17213.77989
38.45493,22,17214.18465
-41.91,20,17214.507831
41.606529,21,17214.842616
-35.33,26,17215.34914
-42.0,26,17215.847809
-44.24,47,17216.683588
-35.35,34,17217.258695
32.269076,57,17218.155017
-43.57,19,17218.475872
35.121727,28,17219.390579
-38.09,47,17223.022306
-35.21,28,17223.549697
-35.01,25,17223.995631
-41.04,40,17224.768183
-38.78,17,17225.063849
-41.05,21,17225.450938
-44.7,28,17225.910654
-36.0,30,17226.393792
-41.29,26,17226.797997
-39.0,33,17227.323859
-34.58,25,17227.741079
-41.81,26,17228.230908
-41.79,28,17228.737437
-35.26,34,17229.350161
-35.64,25,17229.807025
40.346394,30,17230.303985
-40.73,31,17230.877707
-43.98,19,17231.268006
-32.67,31,17234.412052
37.257481,30,17234.896698
-36.0,28,17235.236825
-43.98,21,17235.670493
38.903061,52,17236.581943
-43.97,23,17237.020705
-32.33,33,17237.621037
-36.0,35,17238.181995
-39.0,25,17238.617993
-44.43,20,17238.970105
-38.28,22,17239.308897
-39.0,24,17239.643732
-41.19,23,17239.9943
-40.58,30,17240.473509
-44.48,27,17240.962451
-32.38,24,17241.373249
-38.86,37,17242.0003
-38.62,24,17242.472852
-44.79,19,17245.154668
32.365314,29,17245.725103
-32.42,25,17246.432508
-44.07,16,17246.749649
-35.11,27,17247.316203
-41.71,30,17247.987302
32.452703,36,17248.829004
-39.0,25,17249.312685
-39.0,18,17249.690358
-41.58,36,17250.321052
-32.59,34,17250.891969
-35.91,27,17251.307439
34.523763,27,17251.746989
-38.02,31,17252.190476
36.96632,23,17252.54262
-41.14,28,17253.056827
-41.38,23,17253.461307
-35.16,26,17253.937356
35.901141,24,17254.45946
-42.0,25,17257.417337
-38.57,32,17258.007263
-40.93,27,17258.515134
-35.82,29,17259.04099
-39.0,28,17259.574576
37.961548,28,17260.085751
-38.27,30,17260.751256
-33.0,35,17261.353781
35.944444,29,17261.896798
-36.0,30,17262.385224
-38.79,30,17262.844173
37.316075,26,17263.208644
-38.72,22,17263.538495
-40.86,31,17264.020753
-36.0,23,17264.396551
-38.04,33,17264.951782
-39.0,22,17265.354663
35.054676,25,17265.806564
-32.88,26,17266.283072
-37.47,27,17268.777246
-44.61,17,17269.108647
-41.17,20,17269.533438
-40.74,25,17270.084659
-35.66,28,17270.645963
-35.95,30,17271.430236
-38.33,21,17271.87069
-41.0,30,17272.434402
-41.71,33,17273.063142
-32.28,26,17273.586111
-40.5,38,17274.479239
-40.65,17,17274.692447
-39.0,29,17275.076933
-43.35,44,17275.678262
32.054717,32,17276.148424
-41.75,31,17276.639156
-45.0,32,17277.317556
38.173228,36,17278.048997
-44.62,19,17280.502783
34.75752,29,17281.054076
-40.34,18,17281.433209
40.330717,23,17281.901623
-35.02,24,17282.393376
-39.0,44,17283.158139
32.016194,35,17283.816989
-35.39,25,17284.254804
-41.02,25,17284.726526
37.125851,24,17285.174572
-38.95,23,17285.63919
-35.33,31,17286.192966
-40.07,28,17286.607598
-38.8,33,17287.119945
-38.91,24,17287.454796
-33.0,32,17287.920758
35.472727,25,17288.412687
35.037464,25,17288.895627
-45.0,34,17291.534555
-41.34,25,17292.029014
-32.17,51,17292.922478
35.366667,29,17293.644682
-38.32,36,17294.335403
-41.82,19,17294.647603
-36.0,34,17295.30374
-44.27,21,17295.684298
-33.0,33,17296.281295
37.268297,26,17296.797019
38.110108,19,17297.342199
34.317693,32,17297.888957
-36.0,31,17298.295494
36.0,24,17298.634626
-38.87,45,17299.248746
-41.35,31,17299.774021
-39.0,28,17300.236328
-41.93,20,17300.55223
-44.26,20,17303.070229
32.821818,29,17303.833007
38.167286,22,17304.324527
-39.0,28,17304.889323
-42.0,23,17305.365151
-45.0,55,17306.411232
-31.76,24,17306.904866
-38.82,25,17307.385835
-36.0,30,17308.018779
36.0,24,17308.509351
-40.6,30,17309.091693
-38.06,34,17309.708893
-32.09,33,17310.253195
-38.74,29,17310.794673
34.851677,34,17311.246474
32.093496,34,17311.797185
-35.71,29,17312.270148
-37.57,22,17314.845367
32.885106,27,17315.319178
37.032378,32,17315.884965
-41.65,24,17316.305526
-35.54,31,17316.798035
-32.01,34,17317.404919
-41.78,26,17317.852261
-44.16,24,17318.336592
-40.9,26,17318.870164
32.399254,28,17319.3796
-35.9,29,17319.902067
-33.0,30,17320.604642
37.867668,29,17321.155454
-47.55,17,17321.450571
-44.31,25,17321.77716
35.091052,34,17322.265897
-38.25,27,17322.656456
-35.5,33,17323.309893
-39.67,30,17326.804287
35.128714,29,17327.32684
35.583942,27,17327.837632
-38.81,23,17328.380494
-37.86,41,17329.125878
-35.08,33,17329.768425
-38.46,26,17330.566206
-38.46,30,17331.105175
32.755102,35,17331.788676
-41.43,26,17332.231136
-34.53,37,17333.042889
-36.0,39,17333.720656
-35.03,28,17334.107453
-38.24,28,17334.538483
-35.72,31,17335.083398
37.634479,27,17335.463612
-32.42,32,17336.590593
-41.81,20,17338.966364
-41.85,19,17339.392468
-36.0,27,17339.936527
-38.5,28,17340.601526
-38.59,25,17341.081159
36.0,27,17341.586798
-38.76,30,17342.15145
-38.2,29,17342.744854
39.0,20,17343.155716
-41.8,27,17343.657264
-35.19,29,17344.196272
-37.71,30,17344.732921
-32.18,32,17345.234535
-40.92,24,17345.590381
-32.72,30,17346.038136
-35.26,28,17346.429179
-36.0,54,17347.328111
-31.75,39,17348.099832
-44.02,36,17351.238618
-39.0,21,17351.585729
-38.88,33,17352.288828
-38.47,25,17352.838066
-31.66,33,17353.604702
-36.0,24,17354.191029
-38.65,27,17354.773686
-44.26,22,17355.232471
-43.74,39,17356.31673
-35.22,34,17356.979621
-38.61,24,17357.434174
35.224265,23,17357.831704
-35.84,25,17358.252801
-47.12,28,17358.710361
-39.0,33,17359.178211
-38.17,29,17359.600075
-37.56,25,17360.010427
-32.01,29,17360.462955
-41.03,20,17362.935305
-35.77,32,17363.42937
-34.82,32,17364.094455
-35.07,26,17364.534532
-39.0,24,17365.023101
-38.62,23,17365.462009
-38.37,28,17366.027994
-35.34,29,17366.601225
-38.41,26,17367.084759
-37.89,34,17367.736318
-41.76,29,17368.268561
-32.34,26,17368.691082
35.418972,27,17369.134229
38.45283,34,17369.719257
-36.0,25,17370.139811
-33.0,32,17370.616926
-45.0,23,17370.968519
-35.5,26,17371.414527
-42.0,22,17371.741895
-41.13,20,17374.426905
-41.67,19,17374.854806
34.741898,31,17375.508565
34.385336,30,17376.074204
-40.88,26,17376.581938
-44.63,24,17377.281944
-38.03,31,17377.894634
-37.55,25,17378.366993
-33.0,29,17378.893868
-38.91,34,17379.524243
-41.36,26,17380.021955
-38.47,25,17380.526133
-35.33,26,17381.211791
-42.0,26,17381.722578
-38.77,27,17382.365284
-32.02,28,17382.832062
-38.02,37,17383.362707
-34.98,41,17383.907453
-38.88,24,17386.187798
-38.96,24,17386.582099
33.0,28,17387.080821
-44.15,27,17387.588279
36.0,27,17388.070814
-40.67,22,17388.474043
-47.9,20,17388.816535
-35.91,26,17389.303955
-38.62,28,17389.856577
-40.52,21,17390.21051
-41.51,23,17390.617682
-44.41,25,17391.071222
32.182927,22,17391.467668
-38.73,34,17392.080383
-37.52,23,17392.508556
32.74812,33,17393.120418
-38.59,30,17393.636412
-38.14,28,17394.045024
37.155702,34,17394.562354
33.0,28,17396.793882
-40.53,26,17397.301597
35.089147,26,17397.790335
-33.0,37,17398.554181
-38.48,28,17399.125428
-32.28,34,17399.847991
-38.79,22,17400.251541
-37.99,32,17400.842476
-41.23,25,17401.310956
-44.1,25,17401.842547
-36.0,25,17402.536544
-35.72,27,17403.172707
37.037702,29,17403.712133
-44.19,23,17404.160344
-37.71,29,17404.72388
-42.0,34,17405.29745
-41.2,25,17405.672718
-44.16,26,17406.081593
41.261029,21,17406.415322
-36.94,30,17408.818068
-36.0,35,17409.781135
-45.0,17,17410.090611
-44.46,40,17410.813421
-35.03,25,17411.283985
-41.23,28,17411.774212
-41.54,23,17412.201031
-35.31,55,17413.248109
-44.65,20,17413.634655
-35.87,32,17414.224331
-41.14,24,17414.666651
-41.53,21,17415.06007
-38.74,24,17415.499517
35.298859,37,17416.203692
-35.89,36,17416.836137
-31.56,38,17417.38546
-44.34,21,17417.726257
35.020982,40,17420.317313
32.659091,28,17420.842011
-31.79,25,17421.314867
-38.35,22,17421.768676
33.0,29,17422.321775
-35.51,31,17422.878865
-35.69,32,17423.526691
-40.18,30,17424.091568
32.316199,29,17425.337718
-39.0,23,17425.776519
-35.51,39,17426.523243
32.5,28,17427.046706
44.412766,17,17427.397465
-41.13,32,17428.020773
-35.9,31,17428.748474
-36.0,33,17429.35432
-36.0,26,17429.823181
-44.11,20,17430.141573
-39.0,30,17432.60086
-33.0,29,17433.169815
-33.0,25,17433.593711
-37.88,22,17434.10202
-41.45,19,17434.457725
35.064039,26,17434.929799
32.780612,30,17435.44259
-40.55,27,17436.164709
-45.0,26,17436.604417
-38.94,37,17437.332508
-41.34,26,17437.800019
-42.0,80,17439.212152
-33.0,34,17439.771562
-41.51,35,17440.320458
-41.69,24,17440.712022
-38.33,45,17441.600496
32.437063,32,17443.980921
-40.97,31,17444.576422
-38.75,30,17445.167358
-41.42,27,17445.684743
-45.0,18,17446.079373
-32.34,32,17446.731899
-38.7,35,17447.269472
-33.0,70,17448.650204
-41.8,25,17449.126615
-41.12,28,17449.594765
30.0,30,17450.656929
-37.91,49,17451.508417
30.0,26,17451.902271
-44.67,24,17452.247781
-41.63,24,17452.614577
-35.65,27,17453.046457
32.669065,39,17455.799653
-35.88,40,17456.445235
38.033131,25,17456.919068
-40.99,30,17457.458938
30.0,28,17457.980084
-35.73,26,17458.504174
-38.6,26,17458.971915
-42.0,20,17459.388031
-44.21,18,17459.710419
32.370861,28,17460.295769
-37.96,27,17460.804283
-41.05,25,17461.252603
-42.0,46,17462.220254
-41.77,22,17462.676313
-36.0,20,17463.055571
-38.14,35,17463.620485
-39.0,24,17464.038584
-32.16,32,17464.560159
35.515504,26,17467.030218
-39.0,25,17467.444558
-37.8,33,17467.955431
-35.81,29,17468.517915
-41.22,23,17468.951189
-35.72,27,17469.440769
37.037932,27,17469.982537
33.0,28,17470.506131
-32.27,27,17471.09125
-44.23,36,17471.815624
-41.17,24,17472.262409
-44.22,29,17472.808728
-35.55,52,17473.778211
-41.06,34,17474.398939
-32.49,34,17474.974056
-32.62,61,17476.115481
-39.0,22,17478.749378
-38.9,29,17479.190591
-35.92,37,17479.802984
-34.51,25,17481.071681
-41.54,34,17481.865676
-32.68,31,17482.43495
-38.51,27,17482.967413
-44.76,26,17483.416348
-34.27,41,17484.161556
-39.0,26,17484.65912
-38.82,24,17485.101793
-38.2,29,17485.613298
-41.49,34,17486.230103
38.126198,27,17486.779644
-41.54,23,17487.167919
-43.48,28,17487.60605
-41.11,31,17488.08405
-35.97,51,17490.990203
-38.68,28,17491.49989
-41.31,25,17491.975651
-41.2,23,17492.400418
-41.15,31,17493.012243
-37.98,34,17493.640462
-32.55,30,17494.196909
-41.44,25,17494.671364
32.102941,30,17495.274101
-32.99,31,17495.837518
-35.83,29,17496.356974
41.021429,22,17496.748762
-36.0,21,17497.104347
-38.82,31,17497.701807
-44.01,17,17497.999269
-35.26,32,17498.493033
-38.55,33,17499.053951
35.198444,48,17499.763981
-32.39,26,17502.265862
-38.2,29,17502.6671
39.0,34,17503.291543
-44.28,31,17503.88261
-31.61,36,17504.587385
-32.83,32,17505.147834
-32.2,31,17505.720107
-44.69,15,17505.956094
-35.78,25,17506.367296
-44.33,31,17507.130527
-33.0,31,17507.733346
-38.91,27,17508.323506
-35.4,27,17508.841312
-41.7,35,17509.356926
-36.0,33,17509.934678
32.40493,31,17510.50785
-38.29,29,17510.971865
-40.38,24,17513.43955
-40.71,29,17513.912842
-41.81,27,17514.288674
-41.17,19,17514.614594
-41.18,22,17515.081597
-32.81,55,17516.324152
44.131274,29,17516.8832
-43.71,23,17517.395412
-42.0,25,17517.864064
-37.65,39,17518.58678
-41.19,26,17519.099113
-35.4,47,17519.993414
37.004788,35,17520.682465
-35.41,35,17521.260632
-41.5,23,17521.683726
-38.8,22,17522.063504
-32.59,38,17522.727486
32.451493,31,17525.225692
-35.33,26,17525.67391
-39.0,46,17526.436127
-41.85,19,17526.813975
40.151826,24,17527.248834
-33.0,39,17527.96338
-36.0,39,17528.702316
-41.44,18,17529.054322
-38.91,20,17529.573322
-33.0,27,17530.145859
-41.35,32,17530.702215
-38.89,31,17531.292691
-44.25,29,17531.831993
-44.88,24,17532.204788
-38.51,30,17532.659897
-38.32,25,17533.093644
-35.4,30,17533.807234
-39.0,26,17534.287072
-36.0,23,17536.60981
-37.67,30,17537.03956
-35.17,38,17537.601141
-38.33,34,17538.103141
-38.13,33,17538.590738
-40.72,28,17539.106438
-37.41,26,17539.635503
-43.8,21,17540.051111
35.081297,30,17540.614667
-35.31,27,17541.112437
-36.0,26,17541.77971
-37.93,29,17542.397794
-35.5,36,17543.335965
-32.91,47,17544.274179
-43.26,24,17544.705705
-35.82,33,17545.228737
-35.24,35,17548.374831
-40.93,26,17548.832878
-38.91,23,17549.265559
32.955128,31,17549.787649
-44.04,27,17550.216624
-42.0,25,17550.596996
-41.17,29,17551.016048
-38.12,20,17551.301956
-41.92,40,17552.083137
32.330935,57,17553.099293
-39.0,22,17553.498994
-34.8,31,17554.086393
32.90393,24,17554.608459
-38.52,21,17554.941803
-38.88,23,17555.324468
32.218519,27,17555.848042
-34.86,39,17556.651015
35.416667,30,17557.471907
-40.03,26,17560.501899
-41.58,54,17561.594084
-38.57,36,17562.120569
-35.64,35,17562.707242
-33.0,41,17563.316236
-38.34,25,17563.681771
-41.99,36,17564.236405
-44.51,24,17564.710823
-46.45,20,17565.101932
-38.27,28,17565.594323
-32.19,34,17566.295609
-34.54,36,17566.881348
-38.13,28,17567.286948
-35.95,53,17568.168762
-35.74,34,17568.852351
-41.49,36,17571.888044
-41.99,22,17572.291594
-36.0,28,17572.803783
-38.51,24,17573.179991
-44.3,17,17573.524038
-42.0,23,17573.932171
-42.0,24,17574.269767
-38.63,34,17574.804355
-35.2,31,17575.30788
-33.0,32,17575.804879
-39.0,37,17576.57123
-40.52,20,17577.260395
32.440972,34,17577.820083
-35.1,31,17578.278256
-35.51,25,17578.658102
33.0,27,17579.101587
-38.24,24,17579.529418
32.034056,31,17580.070453
-35.91,24,17580.538204
-32.91,30,17583.086976
-40.71,25,17583.511872
-35.76,34,17584.16808
-44.36,27,17584.642119
-38.41,22,17585.013512
37.015186,31,17585.812407
-35.83,34,17586.393121
-38.65,47,17587.101641
-40.68,21,17587.416702
-38.25,38,17588.501487
34.820712,30,17588.984331
-38.6,26,17589.416904
-38.5,27,17589.843571
-41.21,25,17590.26527
35.608448,35,17590.806286
-41.08,31,17591.326899
35.045113,54,17594.304229
-41.37,26,17594.709452
-32.77,29,17595.159535
-35.12,24,17595.679071
-40.81,29,17596.331147
37.288642,28,17596.818101
-44.95,28,17597.325569
-38.34,26,17597.778467
-41.44,24,17598.223435
-41.72,24,17598.590796
-35.56,29,17599.127864
-41.87,27,17599.552313
36.798578,23,17599.936726
-32.03,32,17600.525614
-32.53,29,17600.956051
-43.78,37,17601.54738
-35.88,36,17602.196404
-38.81,27,17602.640278
-35.48,38,17605.343823
-45.89,32,17605.973648
34.99126,31,17606.506786
-44.63,25,17606.944932
36.0,25,17607.391319
-38.3,29,17607.917746
37.407394,26,17608.380619
32.22541,29,17608.887775
32.805556,36,17609.520988
-36.0,33,17610.015529
-35.06,30,17610.4733
-36.0,30,17611.103678
36.820515,41,17611.738613
-43.44,30,17612.191848
-38.07,24,17612.560447
-42.0,38,17613.150034
-32.44,28,17615.704801
35.473684,26,17616.148544
-41.66,31,17616.691377
-32.64,26,17617.234868
-44.23,17,17617.563927
-35.4,30,17618.246578
-35.51,32,17618.829576
36.2826,27,17619.326728
-40.93,30,17619.891222
35.477273,26,17620.440021
-32.08,30,17621.285286
-38.23,52,17622.106439
-38.74,21,17622.437331
-38.09,30,17622.873044
35.038983,28,17623.239267
-35.15,28,17623.70616
-41.35,28,17624.205709
35.581538,26,17624.649458
-41.3,22,17625.062247
-35.39,29,17627.648964
35.392241,31,17628.204218
-40.95,27,17628.689141
37.720219,22,17629.058658
-34.44,36,17629.700664
-38.2,24,17630.147222
-41.85,19,17630.473008
-44.14,31,17631.072715
32.727273,34,17631.701026
-32.27,28,17632.186649
-42.0,27,17632.688426
-39.0,23,17633.074216
32.584459,41,17633.657293
-34.68,23,17633.979134
-39.0,21,17634.27492
-37.74,30,17634.662144
-32.55,34,17635.18871
34.542328,29,17635.837806
-39.0,24,17638.585284
-35.81,33,17639.181202
-47.71,18,17639.503481
-38.93,26,17639.944134
-34.58,43,17640.715196
-37.87,31,17641.224392
-38.21,24,17641.689567
-35.7,30,17642.226921
-32.81,27,17642.734128
-38.61,23,17643.136624
-38.64,22,17643.545595
-44.18,23,17644.249775
-32.63,51,17644.935502
-40.65,36,17645.498295
34.845775,25,17645.851818
-41.01,49,17646.731715
32.151292,45,17649.719085
-44.42,23,17650.17645
-38.15,29,17650.749963
-41.71,31,17651.371824
-32.61,36,17652.184577
-39.0,25,17652.762272
-35.12,37,17653.519519
-38.69,23,17653.978133
-44.17,22,17654.371451
-35.71,39,17655.191286
32.66,30,17655.882165
47.687243,20,17656.337075
35.069835,27,17656.823104
-36.0,27,17657.314354
35.740602,33,17657.849954
-39.0,34,17658.410242
-40.47,28,17658.952421
-38.88,41,17661.906506
31.693103,26,17662.405504
-41.14,23,17662.803067
-35.61,29,17663.688223
-44.3,20,17664.110738
-40.55,28,17664.654356
-32.65,35,17665.281269
-41.64,23,17665.907282
-34.75,26,17666.397873
-39.0,30,17666.965879
33.0,27,17667.468436
-33.0,29,17667.980714
-38.8,29,17668.488414
38.564202,28,17668.914392
-35.81,34,17669.471378
-38.56,25,17669.841147
-43.37,39,17670.446724
-38.49,25,17670.824458
-41.42,24,17671.130765
38.611321,26,17673.646422
-35.72,37,17674.487456
-38.77,24,17674.9144
32.33213,26,17675.373267
-42.78,28,17675.872951
-44.3,19,17677.087234
35.486792,25,17677.573902
-36.0,22,17677.987573
-38.81,26,17678.470101
-35.88,31,17679.035211
-39.0,25,17679.474325
-36.0,26,17679.934688
-38.69,37,17680.434581
-43.51,25,17680.811648
36.0,23,17681.103303
35.341264,28,17681.476619
35.702703,32,17681.920954
-44.35,23,17682.341337
-34.52,35,17685.043634
-42.78,27,17685.546981
-38.51,25,17685.977993
-32.45,31,17686.525963
-35.05,27,17687.071184
-44.8,26,17687.521806
-40.94,23,17687.957241
-41.73,18,17688.451354
-38.97,79,17690.034122
-36.0,30,17690.586121
-32.16,26,17691.017631
38.196507,29,17691.481106
33.0,32,17691.957425
-39.0,28,17692.367824
-38.04,26,17692.725904
-32.49,39,17693.909187
36.854517,28,17694.429378
-37.73,26,17696.892
-33.0,33,17697.526452
-38.73,23,17697.943759
-44.57,16,17698.246874
-41.82,24,17698.647381
32.447674,33,17699.246984
-38.7,26,17699.688388
32.161184,29,17700.390252
-38.38,37,17701.035625
-41.48,22,17701.458838
-37.92,25,17701.966117
-35.85,26,17702.463107
-35.49,26,17702.862192
-35.34,28,17703.308406
-34.39,44,17703.896383
-31.62,31,17704.368501
-35.25,33,17704.847922
-44.24,18,17705.162058
-38.33,25,17705.605558
-41.2,20,17708.037039
-35.39,89,17709.618709
45.0,39,17710.293363
-35.44,28,17710.774736
-37.77,33,17711.300575
-44.04,26,17711.809896
-35.52,34,17712.438891
32.216511,25,17712.889203
-37.91,35,17713.664358
-44.89,23,17714.065275
-41.96,20,17714.403251
32.008299,30,17714.848313
-32.49,35,17715.364086
36.0,26,17715.782462
35.626556,21,17716.094709
35.842444,34,17718.697651
-39.0,30,17719.232141
-43.9,19,17719.623852
-35.27,32,17720.218616
-35.91,26,17720.745694
-32.67,48,17722.270275
33.0,31,17722.908576
35.205882,31,17723.4566
-33.0,35,17724.090817
-40.84,23,17724.576442
32.437318,32,17725.168814
-44.62,14,17725.448037
34.354227,27,17725.783066
32.07265,33,17726.496336
32.216981,32,17727.082908
-35.06,24,17727.475907
41.350689,24,17727.81134
-38.32,29,17728.272107
-44.09,22,17730.660691
-33.0,25,17731.103241
-42.0,29,17731.697499
-41.1,32,17732.225054
-31.81,31,17732.78654
32.019011,37,17733.464575
-35.49,28,17733.979923
-32.7,39,17734.696726
-38.26,26,17735.150739
32.066421,43,17735.918767
-44.63,29,17736.336412
-32.17,34,17736.882591
-37.27,32,17737.38503
-36.0,32,17737.925761
-37.43,22,17738.329165
-38.76,60,17739.287957
-35.85,35,17741.847012
-38.4,26,17742.176348
-47.1,54,17743.098161
-32.51,45,17743.931363
-44.35,22,17744.303867
-36.0,20,17745.530313
-35.64,32,17746.050577
32.864583,28,17746.510438
32.659375,46,17747.404791
-38.22,28,17747.858204
-38.93,25,17748.273878
-41.98,26,17748.677291
32.428016,28,17749.126472
-35.59,31,17749.701604
-42.0,27,17750.199193
-36.0,43,17750.956656
34.52446,33,17753.34358
-38.07,32,17754.012235
-37.86,23,17754.474516
-34.64,34,17755.147988
35.749049,25,17755.539835
32.592453,27,17756.027276
-35.11,37,17756.696741
33.0,26,17757.161762
-36.0,33,17757.800632
-35.45,58,17758.96697
-32.36,43,17759.665081
35.188312,41,17760.292864
-38.11,31,17760.79703
35.017065,28,17761.297242
-47.15,19,17761.629892
-38.75,43,17764.240929
34.906778,39,17764.925327
-38.62,27,17765.413399
-44.07,20,17765.767451
-31.7,49,17766.849346
-41.13,21,17767.240864
-36.0,24,17767.659896
-40.76,41,17768.449984
-36.0,24,17768.898806
-35.02,26,17769.352107
-41.19,36,17769.899814
41.590278,16,17770.17318
-39.0,28,17770.616371
-38.38,31,17771.084363
-41.5,20,17771.428962
-38.81,32,17771.975008
-41.45,20,17772.344825
-33.0,36,17772.960219
-35.6,33,17775.342874
-41.3,18,17775.643499
-35.24,31,17776.103595
38.312704,22,17776.560576
-38.15,28,17777.242788
-33.0,33,17777.835893
-35.91,42,17778.744005
-41.37,44,17780.156565
-37.55,33,17780.706572
-32.68,36,17781.325625
37.67598,31,17781.795513
32.82716,33,17782.348868
36.178627,36,17783.039843
-32.38,31,17783.640591
-32.57,32,17784.22737
37.68118,22,17784.674611
-33.0,31,17787.670276
-36.0,29,17788.174889
33.0,27,17788.565452
-35.66,32,17789.233622
-39.0,26,17789.761855
34.021972,30,17790.44907
-32.74,34,17791.137625
-33.0,26,17791.715585
41.256098,29,17792.266799
-32.8,37,17792.895104
37.194619,23,17793.274145
-42.0,31,17794.105386
-39.85,29,17794.708814
-45.0,22,17795.087802
-44.43,23,17795.467405
38.456349,41,17796.106349
-35.23,33,17796.703761
-39.0,26,17799.231209
-44.92,26,17799.671758
-38.38,80,17800.859915
-40.83,18,17801.136126
-38.51,23,17801.536886
-32.49,39,17802.379592
-36.0,31,17803.045542
-35.41,27,17803.511287
-40.09,27,17804.004284
-38.82,27,17804.488464
-37.86,33,17805.030262
-44.39,18,17805.28489
-35.44,27,17805.779879
-41.61,30,17806.307091
-38.62,25,17806.750847
-35.02,39,17807.958207
-44.62,20,17808.332858
-43.68,23,17810.793698
-32.6,24,17811.275812
34.485835,31,17811.810471
38.571429,24,17812.169076
-38.61,19,17812.479977
-37.61,27,17812.898918
-42.0,19,17813.222651
32.161137,27,17813.619266
-39.0,29,17814.174336
-32.27,29,17814.707502
37.423393,27,17815.151743
-35.61,37,17815.878137
-38.71,48,17816.685008
-38.31,29,17817.090377
-35.49,37,17817.675495
-32.9,34,17818.223058
32.740614,29,17818.726385
-41.56,31,17819.566862
-41.68,26,17822.174965
-44.3,34,17822.789417
-36.0,31,17823.321023
-33.0,27,17823.729631
-38.78,28,17824.180772
-37.41,33,17824.682679
32.625954,44,17825.366564
-41.46,27,17825.869797
-44.69,23,17826.278152
-35.51,31,17826.80509
33.0,33,17827.359217
-44.67,24,17827.756078
-38.54,27,17828.159557
-38.57,26,17828.599385
-35.4,28,17829.228188
-40.88,20,17829.698629
-41.05,19,17830.021797
-38.07,23,17830.458716
-41.09,23,17832.985247
33.0,35,17833.821024
32.525,33,17834.486293
-38.23,28,17835.042547
35.940945,31,17835.600599
-35.65,27,17836.054029
-35.3,31,17836.579746
-37.37,29,17837.05008
-33.0,28,17837.602566
32.29588,26,17838.151638
-44.33,34,17838.782683
-39.0,33,17839.358588
-47.26,24,17839.773136
-38.49,36,17841.119995
-41.67,22,17841.564939
-41.26,29,17842.119985
-41.25,36,17842.803207
-35.37,42,17845.806507
-41.25,28,17846.45147
-35.58,35,17847.102484
-38.39,26,17847.655517
-42.0,35,17848.284633
35.211726,21,17848.625792
-41.96,19,17848.98461
42.917793,19,17849.314061
-41.3,22,17849.675408
-38.88,35,17850.150743
-38.43,34,17850.66858
-35.15,58,17851.53848
38.779116,22,17851.95238
-39.0,28,17852.424759
-32.17,32,17852.995718
-35.16,27,17853.46173
-38.73,30,17853.974072
-32.56,49,17856.795574
-41.8,29,17857.356344
-38.13,39,17858.117308
-38.54,32,17858.768276
-32.31,27,17859.307211
-32.51,24,17859.85924
38.225191,26,17860.27366
-44.89,15,17860.526221
-35.24,29,17861.143411
-44.36,28,17861.589418
-38.25,28,17862.054504
38.180455,24,17862.444567
34.871584,24,17862.834008
-39.0,26,17863.324442
-38.75,23,17863.746567
-43.87,27,17864.225904
-44.96,32,17864.913111
-35.4,39,17865.757287
-33.0,29,17868.518487
-44.23,24,17869.002775
-33.0,29,17869.500773
-35.45,27,17869.95851
35.526066,22,17870.330173
-36.0,28,17870.823686
-33.0,34,17871.596202
35.255144,35,17872.154539
-35.26,34,17872.720579
-37.42,28,17873.759469
-37.92,25,17874.220786
-32.71,38,17874.935491
32.514706,32,17875.545339
-32.35,34,17876.403033
-35.08,26,17876.980183
35.498099,24,17877.441777
-43.48,23,17877.931663
-37.67,30,17878.53247
32.293233,31,17881.372736
-35.19,30,17882.07919
-34.73,29,17882.714431
-35.13,25,17883.204936
-44.91,32,17883.920557
-41.26,23,17884.458932
-39.0,23,17884.817255
35.671875,27,17885.247916
-32.38,28,17885.715409
38.660256,23,17886.053661
-41.24,28,17886.4568
-43.15,30,17887.009186
-35.25,25,17887.467781
-36.0,32,17888.010526
-34.63,27,17888.552293
34.395124,28,17889.084874
-38.82,29,17889.916269
-38.71,22,17890.362051
-35.78,25,17893.021124
-42.0,25,17893.462956
37.667819,26,17893.923044
-38.17,34,17894.498955
-39.0,25,17894.935869
-43.42,25,17895.386896
-39.0,34,17895.965084
-41.75,58,17896.836809
-35.57,32,17897.345946
35.730375,25,17897.87789
-39.0,32,17898.285321
-32.01,29,17898.700485
-32.38,32,17899.105253
38.033333,33,17899.687142
35.728401,29,17900.337339
-39.0,30,17901.001095
-41.65,24,17901.401872
-35.51,31,17903.984161
-41.52,30,17904.53534
-32.39,28,17905.093731
-35.41,30,17906.006616
-39.0,33,17906.605954
-33.0,25,17907.059246
-41.17,31,17907.633041
-33.0,34,17908.138707
-40.84,35,17908.592013
-38.49,31,17909.145721
35.003559,27,17909.621523
-32.6,32,17910.124421
-44.05,48,17910.779944
-35.62,38,17911.315152
-47.88,22,17911.673815
-41.18,29,17912.235862
-44.8,21,17912.576832
37.493639,28,17915.049115
43.06329,25,17915.512264
-47.55,18,17915.817971
-38.66,25,17916.508472
-43.94,31,17917.047382
-41.73,28,17917.587609
-32.28,34,17918.229443
-41.87,26,17918.655884
-41.01,24,17919.119386
-36.0,30,17919.658993
-44.51,14,17919.920877
33.650047,30,17920.452514
-41.31,28,17920.968111
-41.28,23,17921.317798
-41.65,41,17921.887223
-34.58,31,17922.675467
40.610323,16,17922.931087
-35.8,33,17923.506542
-39.0,27,17924.000195
-35.78,25,17926.627069
-41.71,26,17927.091583
-32.19,46,17927.91144
32.66548,35,17928.557935
-44.56,23,17928.91084
-41.76,30,17929.459181
-41.56,22,17929.866719
-41.64,30,17930.383122
33.0,28,17930.945642
-44.2,21,17931.319934
-35.17,23,17931.709575
-34.27,36,17932.331503
38.196911,21,17932.67742
-38.83,24,17933.030383
-41.88,32,17933.490737
47.268966,14,17933.742749
41.645522,25,17934.092017
-38.5,46,17934.819824
-33.0,35,17937.683434
-41.13,21,17938.123178
-38.88,33,17938.84832
-32.66,27,17939.439339
-41.46,29,17940.053744
36.0,33,17940.73591
38.391892,22,17941.168082
-40.56,29,17942.027693
32.255172,37,17942.837943
-38.24,30,17943.491834
-38.78,24,17943.929948
-37.74,31,17944.435619
-37.74,36,17944.971395
-39.0,34,17945.5025
-32.04,34,17945.954747
37.810219,28,17946.38046
34.90605,41,17948.992046
-38.4,28,17949.397845
-47.03,19,17949.732707
34.984008,31,17950.285932
-35.16,29,17950.783999
-35.05,40,17951.525148
-35.35,24,17951.947232
-41.18,25,17952.397422
-38.87,27,17953.083316
34.871262,31,17953.640132
-41.11,24,17954.095648
-41.59,26,17954.517576
-38.89,33,17954.893816
-41.79,25,17955.344796
-41.01,21,17955.722816
-44.23,31,17956.244499
-38.32,24,17956.607735
-38.39,25,17957.025378
-39.0,18,17957.288183
-32.29,29,17959.693533
-38.47,29,17960.242115
-44.1,28,17960.868892
-46.69,19,17961.281567
-45.92,22,17961.745897
-35.21,33,17962.307858
-38.61,24,17962.826817
-35.73,24,17963.274343
-41.79,27,17963.795859
-35.35,37,17964.43163
-35.78,46,17965.240016
-44.07,38,17965.916914
39.80074,23,17966.328158
-38.91,43,17967.036123
32.072797,36,17967.574942
-38.29,24,17968.180741
-36.0,23,17968.764803
-39.0,28,17969.181955
-32.71,37,17971.64976
-32.62,31,17972.207415
32.762264,26,17972.82527
-41.5,31,17973.383568
-38.78,32,17974.018896
-32.07,29,17974.53867
-37.65,31,17975.234095
-41.24,41,17976.002922
32.690763,34,17976.600959
-35.19,24,17977.130175
-38.27,43,17978.017363
-44.5,29,17978.566562
-39.0,26,17978.970437
-36.0,25,17979.357051
-41.33,33,17979.934036
-44.09,19,17980.214833
-40.24,45,17983.083513
-41.38,33,17983.707362
-39.0,26,17984.206615
-32.37,40,17984.911134
-41.45,24,17985.328902
-41.05,27,17985.813232
-38.47,74,17987.072855
-39.0,33,17987.879845
-41.59,24,17988.354908
-42.0,35,17989.035551
-38.86,24,17989.432723
-38.04,26,17989.845125
-33.0,33,17990.403033
-41.92,36,17990.932409
32.336032,23,17991.321836
-44.01,18,17991.65383
-32.45,50,17994.524645
-35.25,24,17994.981161
-47.72,30,17995.494392
-32.78,37,17996.185665
-44.88,21,17996.574921
-36.0,30,17997.087475
-43.39,28,17997.610719
-33.0,41,17998.317898
-35.02,35,17999.056151
-35.08,39,17999.735833
-44.2,29,18000.240129
-33.0,29,18000.717061
-39.0,38,18001.289044
40.99933,26,18001.732992
-41.05,26,18002.197792
32.504202,29,18002.720707
-35.91,36,18005.275501
-32.3,38,18006.129112
-36.0,31,18006.683776
-37.76,25,18007.118203
-38.69,36,18007.780116
35.183246,51,18008.684529
-44.23,32,18009.313596
-38.76,31,18009.876706
-34.96,22,18010.254566
-41.55,30,18010.830192
-38.58,27,18011.285623
-40.59,28,18011.810196
-38.37,23,18012.275189
-35.36,36,18012.836858
-35.83,28,18013.278466
38.457364,19,18013.59567
-38.91,27,18014.194322
-38.43,25,18016.560338
-35.42,30,18017.058871
44.256757,21,18017.433885
-40.56,31,18017.979884
-41.94,30,18018.449918
-38.48,29,18018.925575
34.271652,34,18019.516019
-42.0,27,18020.183046
42.0,20,18020.494226
-38.51,48,18021.355044
-44.42,27,18022.223749
32.288809,34,18022.769644
37.194589,23,18023.195775
-32.23,30,18023.666618
-35.62,31,18024.097255
-43.9,23,18024.437033
-43.92,26,18024.850953
-40.91,19,18025.132696
-48.0,54,18028.242704
35.299625,32,18028.832052
32.875389,24,18029.251087
-44.34,35,18029.881602
35.09215,29,18030.528338
39.946639,26,18031.069794
32.930556,67,18032.469295
33.0,26,18032.919368
-33.0,42,18033.923186
-39.0,29,18034.457396
-41.35,27,18035.12075
-41.32,26,18035.592583
-36.0,32,18036.115626
-35.03,34,18036.6917
-44.72,23,18037.113194
34.547872,35,18040.304008
-37.72,28,18040.860862
-35.91,35,18041.442665
-35.28,22,18041.811275
-33.0,41,18042.449965
-39.0,21,18042.810201
38.615686,105,18044.588303
-36.0,33,18045.169688
-35.33,21,18045.595181
-44.98,28,18046.157156
36.746134,24,18046.632311
-37.1,31,18047.374279
-32.83,33,18047.932051
-35.73,31,18048.418409
-32.78,32,18048.92223
-41.64,32,18051.562943
-41.08,27,18052.132418
-35.62,23,18052.508918
-47.05,28,18052.919577
-38.67,27,18053.270113
-41.15,26,18053.698035
-38.87,22,18054.054198
-32.48,30,18054.546336
-44.27,20,18054.949594
-45.0,24,18055.387872
-41.85,17,18055.695573
-40.66,30,18056.261443
-32.45,32,18056.832375
32.274834,32,18057.539588
-40.96,27,18058.148237
-35.66,27,18058.62807
35.666667,22,18059.012309
-41.03,23,18059.401151
-42.71,23,18059.774331
-35.3,23,18060.155587
32.431734,64,18063.197942
32.746212,28,18063.642004
-41.92,23,18064.00559
-37.88,29,18064.424206
-38.72,25,18064.790385
-35.77,31,18065.234141
32.869732,28,18065.695686
-44.58,20,18066.088094
-41.25,31,18066.636524
-41.16,24,18067.116779
-38.76,19,18067.452055
-43.02,22,18067.821677
-42.0,26,18068.297181
34.511501,40,18069.001468
37.463239,27,18069.726479
-38.91,39,18070.34856
-43.69,26,18070.775809
-40.56,27,18073.214791
-41.12,31,18073.784452
-42.0,23,18074.210457
-41.63,27,18074.690617
34.500204,32,18075.340528
-39.0,27,18075.791616
38.237918,22,18076.132992
-44.28,24,18076.497978
-38.42,24,18076.881731
-44.2,30,18077.445126
-41.2,25,18077.874451
-32.47,26,18078.343608
-32.44,34,18078.948427
38.512195,28,18079.448536
-41.7,28,18080.401457
-38.61,31,18080.948822
-35.88,32,18081.414655
-38.82,28,18081.822702
-32.4,32,18082.360311
-38.35,34,18085.040748
-41.71,28,18085.52395
-41.28,34,18086.063102
-38.26,30,18086.505825
-38.78,27,18086.890596
-38.7,30,18087.343084
-38.39,29,18087.800771
-37.25,30,18088.290346
-38.9,28,18088.800484
-38.42,27,18089.275369
-33.0,54,18090.250695
37.537389,37,18090.886238
-35.15,32,18091.454498
-44.45,26,18091.89714
-41.03,23,18092.306912
44.038732,15,18092.542684
-38.6,27,18093.019958
-44.7,18,18095.26551
-41.09,23,18095.663743
-36.0,38,18096.356989
-40.84,27,18096.845859
-45.0,51,18097.669606
-38.2,38,18098.248165
-38.41,39,18099.016217
-36.0,24,18099.454335
32.670588,32,18099.997106
-35.19,29,18100.52408
37.766315,27,18101.002236
-35.32,42,18102.145402
43.357465,25,18102.602653
-38.53,25,18103.094212
41.461537,51,18103.942002
31.893162,29,18106.363049
-38.3,23,18106.754783
-44.61,30,18107.286161
-38.36,26,18107.753018
37.713146,25,18108.157743
-32.33,29,18108.705335
-37.36,24,18109.151781
-33.0,40,18109.724586
-38.7,25,18110.301232
-38.17,21,18110.628679
-38.15,22,18110.996851
-35.21,34,18111.589432
-39.0,30,18112.107084
-36.0,37,18112.767053
-38.83,24,18113.172792
-35.87,30,18113.711913
-41.52,26,18114.178833
-41.4,32,18114.744967
-38.51,27,18115.163788
-41.46,22,18117.499247
-38.69,32,18118.124182
-32.91,30,18118.528523
-42.0,26,18118.896181
-44.32,21,18119.265952
-38.53,33,18119.865481
-41.19,25,18120.360662
-33.0,36,18121.016132
-39.0,22,18121.321613
-41.81,29,18121.772021
-38.27,30,18122.241997
-38.38,22,18122.581465
-42.0,22,18122.941947
-38.08,35,18123.568138
32.588957,28,18124.111085
-35.5,24,18124.7208
36.0,33,18125.354583
-41.88,29,18125.844857
-35.06,25,18128.210251
-35.67,27,18128.674516
-34.29,38,18129.367753
-47.58,20,18129.738599
-38.33,32,18130.344305
-35.66,26,18130.848208
-44.04,24,18131.311314
32.474747,31,18131.914249
-44.64,20,18132.291111
-47.8,37,18132.964778
-35.57,54,18133.760742
35.522634,23,18134.11001
-45.0,15,18134.710283
-40.03,30,18135.248998
-41.52,27,18135.933542
-35.76,25,18136.407548
-42.0,32,18137.010431
-45.0,29,18137.620771
-31.71,40,18140.312683
-32.37,35,18140.898899
40.88357,25,18141.354867
-44.46,16,18141.662753
-37.64,25,18142.096457
32.195946,40,18142.840906
-41.48,25,18143.258196
-41.64,19,18143.574453
-41.03,25,18144.16052
-40.7,33,18144.712581
-38.25,29,18145.150818
-35.91,28,18145.524296
-42.0,22,18145.887944
-38.58,30,18146.373859
-45.0,17,18146.65516
-41.68,28,18147.139145
32.185185,39,18147.789227
35.777778,29,18148.243812
-32.26,44,18150.905367
-32.67,30,18151.664476
-43.78,25,18152.103561
-44.05,21,18152.35065
32.930612,35,18152.885002
-31.67,33,18153.440241
-41.16,30,18153.962622
-41.38,23,18154.352018
-41.18,20,18154.720946
-41.28,27,18155.229628
-41.85,30,18155.80133
-38.59,28,18156.355388
-37.54,22,18156.767977
-43.58,26,18157.201769
-41.68,26,18157.552408
-33.0,28,18157.959639
-39.0,25,18158.37377
-41.53,22,18158.696042
-38.16,31,18159.151909
-32.55,48,18162.53254
34.136939,32,18163.208452
-41.9,78,18164.901721
-44.68,26,18165.442723
-41.29,29,18166.025184
-43.95,24,18166.463428
-40.21,35,18167.116233
-44.72,26,18167.612665
-31.8,31,18168.145671
-35.42,34,18168.754687
-41.18,28,18169.326843
-38.2,32,18169.85319
-47.44,26,18170.243167
-38.63,36,18170.750924
-38.63,23,18171.077696
-42.0,18,18173.293944
-44.66,26,18173.69986
-40.76,22,18174.145097
-38.33,32,18174.676176
-35.46,27,18175.123768
-38.54,41,18175.834003
-33.0,28,18176.314091
-44.35,22,18176.692476
-41.21,28,18177.213395
-41.21,18,18177.52901
-40.68,26,18178.134421
-33.0,27,18178.610658
-39.0,32,18179.270852
-42.0,23,18179.681329
40.207412,20,18180.035331
-38.73,32,18180.530316
31.818493,32,18180.996869
-43.94,25,18181.415653
-38.08,27,18181.874915
-42.0,26,18184.056662
-41.04,22,18184.41936
-38.37,23,18184.815027
-38.31,35,18185.430558
-38.55,22,18185.838878
-44.5,102,18188.079551
-40.54,28,18188.658859
-41.7,34,18189.322133
32.870504,26,18189.837801
-38.74,52,18190.740116
-33.0,32,18191.356314
35.275735,26,18191.841468
-41.5,24,18192.239646
35.657588,23,18192.590037
-41.11,40,18193.203736
-39.0,27,18195.460864
-44.43,26,18195.929511
-38.45,37,18196.606761
-37.92,31,18197.239747
-35.52,32,18197.82777
34.340751,31,18198.399781
39.354627,26,18198.887646
-35.28,31,18199.533196
-36.0,26,18200.125764
-44.33,25,18200.589717
-38.38,28,18201.116158
-31.85,34,18201.708061
-37.85,32,18202.322239
-38.79,24,18202.756361
-37.98,29,18203.391317
-38.08,29,18203.96862
-36.0,26,18204.345998
36.0,27,18204.766322
-41.77,29,18207.173282
-33.0,117,18209.232068
-33.0,29,18209.658619
-38.59,25,18210.114263
35.550672,32,18210.689907
-44.02,33,18211.28532
-38.19,25,18211.736879
34.390669,27,18212.185306
-43.31,38,18213.040144
-38.11,27,18213.595087
-41.23,28,18214.149713
-41.23,32,18214.692451
-41.2,37,18215.356883
-41.11,25,18215.795413
-41.32,45,18218.412245
-38.88,25,18219.020573
-41.41,28,18219.537479
-42.0,26,18220.074284
-44.13,40,18220.732393
-35.32,25,18221.194778
32.842466,40,18221.892361
39.266923,21,18222.281968
-42.0,29,18222.867286
-37.61,30,18223.422204
-35.59,33,18224.003978
-42.0,19,18224.290662
-38.44,28,18224.854149
-32.64,29,18225.42224
-39.0,29,18226.141068
-35.28,29,18226.681748
41.646113,51,18229.296404
-36.0,27,18229.759181
38.313253,23,18230.17747
-38.1,54,18231.356593
-42.0,18,18231.826941
-38.32,26,18232.32726
-43.74,19,18232.648656
-45.0,25,18233.093092
35.119403,34,18233.827721
-38.0,28,18234.427985
-36.0,24,18234.871504
-41.59,26,18235.384646
-38.41,28,18235.866153
-35.39,27,18236.334208
-36.0,40,18237.013733
-36.0,33,18237.551974
-41.63,27,18238.080391
-32.89,50,18240.972323
-44.66,21,18241.329911
-34.62,32,18241.913489
-41.29,35,18242.560366
37.421535,30,18243.138376
41.298013,19,18243.456646
-35.74,26,18244.278883
-33.0,50,18245.19875
35.622611,30,18245.729078
35.09854,29,18246.241487
35.803636,33,18246.863302
34.674455,24,18247.318704
-35.81,28,18247.790595
32.182759,32,18248.425126
-38.33,26,18249.136784
-34.9,27,18249.593004
-38.86,22,18250.037333
-32.79,32,18250.602133
37.042941,26,18252.893162
-32.39,31,18253.431734
-41.91,23,18253.898179
-38.51,28,18254.442893
34.735736,25,18254.92462
-44.6,43,18255.761372
-41.33,26,18256.485411
-44.05,21,18256.877987
-32.13,33,18257.489891
-35.66,30,18258.011984
-31.65,35,18258.633548
38.875,20,18259.024453
-38.46,28,18259.522573
34.188202,32,18260.182739
32.900641,33,18260.821297
-38.93,23,18261.231871
-37.64,25,18261.747872
-44.48,37,18262.327049
-41.88,30,18264.793628
38.408088,31,18265.939286
-39.0,23,18266.371269
38.563636,27,18267.163315
32.058182,34,18268.015427
-35.09,22,18268.482813
-39.0,26,18268.939995
-33.0,25,18269.54413
-41.3,24,18270.088671
-41.88,21,18270.545507
-41.16,26,18271.026383
-36.0,25,18271.442725
-41.91,27,18271.977468
37.448069,24,18272.26919
-38.68,27,18272.733745
-38.04,43,18273.480924
-41.04,29,18273.94809
-34.65,27,18274.373875
-32.11,31,18276.642366
-41.67,23,18276.99441
-44.05,23,18277.396164
-38.71,29,18277.860101
32.693182,29,18278.365824
-32.15,87,18279.940844
-38.91,23,18280.389603
-35.4,33,18281.027464
-44.79,19,18281.399307
-43.6,17,18281.761465
-44.62,58,18282.918798
37.406259,29,18283.719553
-41.27,31,18284.399958
32.677233,32,18285.121877
35.064103,25,18285.687537
-32.29,35,18286.234507
-37.65,23,18288.625654
36.0,21,18289.049112
-43.16,21,18289.464321
35.158845,29,18290.113917
-34.54,30,18290.785803
-38.31,32,18291.463214
-41.16,25,18292.024096
-42.0,21,18292.432586
-35.72,28,18292.929815
42.0,19,18293.282459
-33.0,40,18293.972394
-35.77,38,18294.770599
-45.43,24,18295.323613
33.0,26,18295.785803
-35.19,37,18296.479984
-44.73,20,18296.82741
33.0,30,18297.351255
-35.8,30,18297.842654
-38.09,30,18298.299177
34.398979,29,18300.659257
-32.03,36,18301.216837
38.398406,20,18301.554398
-32.43,34,18302.160578
-43.71,27,18302.664501
-41.61,21,18303.003118
-38.44,35,18303.672492
-38.7,28,18304.164945
33.0,37,18304.788825
-38.22,23,18305.202041
-43.99,26,18305.644302
-36.0,25,18306.209617
-38.94,28,18306.717665
-35.5,23,18307.100921
-42.0,21,18307.486758
-40.88,29,18308.002999
-44.84,19,18308.351688
-32.72,38,18308.946304
-38.07,33,18311.366375
-40.76,33,18311.87485
-44.05,33,18312.436304
36.0,32,18312.929121
-35.44,25,18313.314512
-35.5,63,18314.586584
-41.75,26,18315.098569
32.393939,28,18315.777587
-41.14,37,18316.545797
42.0,18,18316.861467
-40.95,28,18317.393085
-41.39,29,18317.932852
-41.15,28,18318.425707
-38.79,22,18318.840784
-38.16,34,18319.563341
-41.91,24,18319.997564
-41.85,18,18320.322188
-44.79,19,18320.765122
-32.47,27,18323.138564
-44.91,18,18323.446977
-35.84,35,18323.982403
31.730769,67,18325.03712
-41.91,37,18325.654261
35.167273,28,18326.200395
32.278195,70,18327.460273
-34.91,35,18328.058024
-38.7,33,18328.665031
-33.0,37,18329.317517
-38.86,24,18329.717851
-36.0,23,18330.154335
-38.5,24,18330.55424
-41.91,30,18331.096606
-36.0,31,18333.577251
-35.53,27,18334.041742
-38.5,30,18334.546741
-33.0,31,18335.048073
-41.21,35,18335.779833
-38.0,23,18336.124206
-40.79,24,18336.470057
-39.0,30,18337.065196
35.928058,30,18337.613392
-40.09,25,18338.026456
-41.64,19,18338.416897
34.802043,28,18338.940452
-35.61,31,18339.54929
-38.76,24,18339.989393
35.054662,22,18340.399506
-35.89,45,18341.153687
33.0,26,18341.600505
-39.0,23,18341.995699
-43.93,29,18342.505741
-38.19,27,18344.943893
-37.64,25,18345.350511
-41.46,22,18345.794817
35.505618,33,18346.373834
-38.49,30,18347.220773
-38.77,48,18348.086569
-38.04,147,18350.685143
-42.0,21,18351.105744
35.031111,27,18351.552234
33.0,26,18351.978192
-35.48,33,18352.529136
-38.37,21,18352.888095
-41.33,22,18353.286716
-40.04,30,18353.778187
-41.1,21,18356.116073
-39.0,36,18356.981595
-41.93,23,18357.354422
-35.58,36,18357.942805
33.0,32,18358.471614
-38.58,27,18358.915917
-38.1,26,18359.363127
-40.99,30,18359.881495
-44.52,27,18360.355214
-42.0,26,18360.797766
38.110795,26,18361.583177
-44.57,19,18361.946959
-38.91,39,18362.743464
-40.71,28,18363.298795
34.967836,28,18363.990786
-37.64,26,18364.412078
-34.55,28,18364.887066
-35.61,27,18365.33661
36.952569,31,18367.815514
-35.49,24,18368.270644
-36.0,31,18368.772787
-36.0,26,18369.53879
-35.37,38,18370.018805
-35.04,29,18370.495647
37.98558,28,18371.024865
-34.53,35,18371.611139
-41.95,25,18371.981033
-41.01,19,18372.229519
-32.76,35,18372.731265
35.042254,30,18373.151312
43.38254,23,18373.482577
-41.75,29,18373.885739
-41.54,24,18374.19716
-44.81,21,18374.474575
-32.54,35,18375.112319
-34.57,26,18375.525578
34.481481,30,18377.756984
-35.47,28,18378.136936
-41.54,68,18379.12817
33.0,35,18379.56021
-35.25,26,18379.887423
-47.21,24,18380.62188
-35.47,30,18381.068341
-39.0,21,18381.389446
-35.19,30,18381.793643
36.0,35,18382.327451
-36.0,32,18382.78897
34.778255,38,18383.276181
-32.89,30,18383.713194
-41.92,32,18384.14948
38.130326,26,18384.519031
34.768456,22,18384.799965
-40.9,27,18386.932026
35.901408,26,18387.28495
-38.06,29,18387.660802
-42.0,22,18387.964313
-32.78,53,18388.514934
-38.8,22,18388.752853
32.496795,31,18389.125887
35.004857,28,18389.497118
32.430976,34,18389.898426
-38.31,29,18390.295872
-45.0,17,18390.535118
-41.24,26,18391.025229
-32.49,33,18391.521487
-41.16,24,18391.863765
35.59364,31,18392.313244
-41.11,30,18392.724417
-32.12,35,18393.216154
-33.0,36,18395.453243
-41.39,21,18395.758207
-35.77,29,18396.289859
-41.13,27,18396.668568
-32.78,27,18397.034217
-40.44,26,18397.442852
-33.0,36,18398.010888
38.238842,24,18398.377682
-42.0,17,18398.687256
-38.74,30,18399.050242
-38.13,27,18399.396939
31.809623,29,18399.760499
-46.69,21,18400.038285
-47.32,12,18400.162522
35.07833,30,18400.5944
-37.8,27,18400.997159
-42.0,28,18401.387464
-35.11,29,18401.848178
-38.44,31,18402.316623
-32.23,41,18404.669858
-41.11,22,18405.005502
-41.54,20,18405.352081
-40.66,28,18405.718343
33.0,29,18406.03712
-32.52,37,18406.552966
-37.69,26,18406.898286
-44.21,27,18407.24248
33.0,36,18407.744359
35.258824,27,18408.120757
36.804252,28,18408.479344
-43.8,25,18408.842653
32.64751,34,18409.410372
-44.62,21,18409.664319
-38.79,33,18410.075305
-38.15,28,18410.432179
-35.31,28,18410.814961
32.568493,34,18411.302389
40.09013,22,18411.64818
-40.12,21,18413.808894
-38.83,28,18414.204602
-38.42,27,18414.59811
-36.0,45,18415.217036
-45.0,64,18416.117368
38.115254,29,18416.557117
-36.0,51,18417.287803
37.117808,29,18417.70639
-44.45,20,18418.147888
-38.46,22,18418.40312
35.380228,30,18418.782191
-38.81,24,18419.050514
-42.69,35,18419.468826
-32.34,32,18419.822397
-44.16,21,18420.10502
32.010417,29,18420.527359
39.0,22,18422.506297
-43.51,25,18422.858106
-43.98,29,18423.275255
-38.55,102,18424.71307
-35.43,30,18425.119675
38.034722,33,18425.596713
-40.97,32,18426.028962
-44.51,24,18426.356655
34.024673,38,18426.867938
-35.32,32,18427.348388
-35.16,42,18428.003357
-41.29,23,18428.318212
32.398374,30,18428.668242
36.0,24,18429.025042
32.046358,40,18431.303753
-42.0,31,18431.70559
-32.86,38,18432.238912
37.364407,28,18432.626187
-41.94,61,18433.462633
-35.05,32,18433.893646
-32.11,43,18434.48117
-40.46,109,18435.931288
32.613372,33,18436.400559
-35.77,30,18436.838318
-32.51,25,18437.181511
-41.68,27,18437.508105
-35.81,28,18437.850074
-44.52,28,18439.849477
-41.4,24,18440.220865
-32.8,38,18440.700127
-39.0,29,18441.109329
32.45122,31,18441.504762
-41.75,24,18441.899983
-40.62,29,18442.400221
35.109963,43,18443.011302
37.993294,44,18443.677126
40.193934,22,18443.995314
-44.35,30,18444.526896
-41.35,18,18444.914194
-44.11,25,18445.225831
-44.11,21,18445.592845
-45.0,23,18445.921184
-37.5,27,18446.301903
-43.71,35,18446.786151
41.387211,23,18447.074507
