#{"t_start": 1789619950.4135435, "env_id": "poke-env-v0"}
r,l,t
-41.41,32,3.384851
-44.51,24,3.773047
-45.0,22,4.143547
-44.81,21,4.500991
-37.56,29,4.989183
-40.48,25,5.402795
-41.45,47,6.218104
-41.61,44,6.91282
-34.62,42,7.685986
-38.83,41,8.440723
-47.0,21,8.866583
-41.76,32,9.458217
-44.68,25,9.974559
-41.11,29,10.539294
-47.7,20,10.964547
-41.35,22,11.341284
-38.71,33,11.951642
-41.34,48,15.235422
-44.72,31,15.736002
-35.78,34,16.336742
-42.0,47,17.087476
-44.05,28,17.590665
-44.01,22,17.894941
-41.86,27,18.36277
-47.12,21,18.706371
-40.82,32,19.259062
-42.0,26,19.767036
-44.15,25,20.257679
-39.0,27,20.728028
-41.16,28,21.26911
-42.0,24,21.72842
-41.81,30,22.311406
-41.25,33,22.954308
-37.27,23,23.390309
-35.81,25,26.147979
-41.29,24,26.559844
-41.38,25,26.993504
-38.94,26,27.393097
-40.62,28,27.841415
-41.66,31,28.360411
-42.0,34,28.926864
-38.91,27,29.356542
-45.0,19,29.676894
-33.0,57,30.575981
-38.48,30,31.060779
-41.78,29,31.605903
-41.74,29,32.159598
-43.51,21,32.577133
-37.89,33,33.22998
-44.24,24,33.679688
-41.41,30,34.24017
-41.49,19,34.584588
-47.14,27,37.472757
-41.32,22,37.886146
-33.0,29,38.407077
-44.09,21,38.760542
-44.19,32,39.307147
-44.82,24,39.685795
-39.0,25,40.182582
-41.67,58,41.264164
-43.4,39,41.935116
-43.76,27,42.364956
-38.11,25,42.770766
-33.0,41,43.46844
-38.83,28,44.024866
-42.0,28,44.563656
-35.75,28,45.125416
-40.81,29,45.723176
-38.11,25,46.190368
-45.0,25,49.013342
-43.94,25,49.415097
-32.44,31,49.948267
-43.82,24,50.36102
-44.64,29,50.823972
-44.25,26,51.247662
-44.55,25,51.709993
-42.0,30,52.460108
-38.77,33,53.01558
-44.1,21,53.373048
-38.26,39,54.035969
-41.41,33,54.571943
-41.35,36,55.257092
-41.29,25,55.775319
-39.0,33,56.439193
-41.54,26,56.95726
-42.0,21,57.370624
-43.88,20,57.735335
-44.34,19,58.113719
-47.41,18,60.69922
-44.02,26,61.128514
-41.29,28,61.589217
-41.56,30,62.036972
-44.15,21,62.414175
-38.15,43,63.160154
-41.23,39,63.908223
-46.78,28,64.421886
-38.95,26,64.837025
-41.07,25,65.245505
35.012461,33,65.831377
-41.08,24,66.205956
-44.23,32,66.757403
-31.85,111,68.916212
-41.5,26,69.425934
-41.14,27,72.161388
-32.19,36,72.71402
-41.02,23,73.077841
-41.44,24,73.433626
-41.11,31,73.897081
-33.0,23,74.298765
-41.51,23,74.705897
-41.78,28,75.236611
-45.0,19,75.585686
-41.47,35,76.124521
-42.0,24,76.521647
-32.7,34,77.112257
-41.09,17,77.386068
-44.21,23,77.830492
-41.54,31,78.459341
-38.5,31,79.107311
-35.6,31,79.667565
-43.7,25,80.17262
-38.78,26,80.697554
-41.75,28,83.423395
-38.03,37,84.08304
-41.91,24,84.458264
-38.39,33,85.018065
-43.72,28,85.460315
-35.26,26,85.965757
-45.0,20,86.356935
-42.0,24,86.833048
-35.18,31,87.455329
-41.73,21,87.86771
-35.06,35,88.525568
-37.71,109,90.71105
-44.64,20,91.159573
-41.45,27,91.782174
-44.1,19,92.199191
-44.24,33,92.95079
-35.2,42,95.824514
-35.35,31,96.267259
-42.0,33,96.779703
-44.84,19,97.115122
-38.2,35,97.676672
-44.6,19,98.018314
-38.7,27,98.560143
-41.43,29,99.10945
-35.34,29,99.595596
-46.96,20,99.907881
-38.83,34,100.485084
-43.13,33,101.059273
-41.49,28,101.59557
-40.56,29,102.047174
-40.62,25,102.614374
-38.6,34,103.218262
32.585526,27,103.708809
-38.27,28,106.494479
-42.0,23,106.937206
-34.81,44,107.676301
-42.0,23,108.071135
-41.25,23,108.43494
-41.03,30,108.931914
-41.81,64,110.113722
-41.44,27,110.550884
-44.56,20,110.935398
-44.16,67,112.088431
-38.79,24,112.494631
-42.0,31,112.958048
-39.0,33,113.627841
-38.54,29,114.084713
-44.47,34,114.744524
-35.45,29,115.316171
-38.92,25,118.053565
-38.51,26,118.472259
-33.0,40,119.159217
-38.4,30,119.651014
-38.61,38,120.396844
-35.62,29,120.950612
-44.49,29,121.656278
-42.0,17,121.969288
-38.03,32,122.557135
-39.0,25,123.003641
-40.67,33,123.64234
-33.0,32,124.226804
-43.81,34,124.896238
-44.13,24,125.523498
-38.99,22,126.002017
-42.81,29,126.667798
-41.78,25,127.289176
-32.15,67,131.216971
-35.8,40,131.821343
-43.89,28,132.245445
-41.85,30,132.756755
-38.34,29,133.287898
-38.03,33,133.906104
-35.41,35,134.472095
-45.0,28,135.018817
-40.93,34,135.651031
-32.82,30,136.176045
-47.33,24,136.564058
-38.33,36,137.108331
-38.9,27,137.557375
-44.89,18,137.865932
-35.28,30,138.365301
-37.68,32,138.880505
-47.58,22,141.882673
-42.0,30,142.335274
-40.99,29,142.770177
-44.53,38,143.399311
-41.3,34,143.960929
-38.08,35,144.567794
-35.88,30,145.113819
-41.84,22,145.538326
-44.45,26,146.101507
-43.74,18,146.477659
-32.87,28,147.068846
-39.0,27,147.532762
-39.0,34,148.023896
-35.64,29,148.416491
-44.62,31,148.870908
-43.51,28,149.416178
-38.16,27,149.976154
-32.59,30,150.496736
-38.08,27,153.017401
-38.88,34,153.488063
-44.68,22,153.83699
-39.0,29,154.242525
-43.94,28,154.705313
-33.0,40,155.444057
-41.76,22,155.830512
-41.03,29,156.294666
-44.19,16,156.567693
-40.74,33,157.130352
-35.83,29,157.603532
-43.74,25,158.052845
38.233645,29,158.551092
-32.16,57,159.344619
-41.48,21,159.661891
-40.33,40,160.282363
-41.02,35,160.948356
-42.0,19,163.754368
-41.63,28,164.174545
-32.35,31,164.687119
-47.21,15,165.008786
34.438777,28,165.513227
-38.56,36,166.172345
-39.0,27,166.700839
-35.23,69,167.975913
-39.0,50,168.917644
-44.67,33,169.532539
-41.74,19,169.883828
-35.38,31,170.365947
-44.23,23,170.717052
-44.72,17,170.968606
-38.26,42,171.737772
-41.94,27,172.747072
-41.05,40,175.67419
-38.33,36,176.223844
-32.87,43,176.876637
-35.42,46,177.728297
-41.68,22,178.114817
-41.08,65,179.32827
-41.36,29,179.865939
-38.55,37,180.458963
-47.32,28,180.953336
-40.41,32,181.458419
-33.0,42,182.055585
-44.52,24,182.443031
-35.28,34,183.039982
-38.89,79,186.580925
-36.0,27,187.001108
-38.05,30,187.455621
-35.51,33,187.960472
-45.0,15,188.175134
-41.05,21,188.526867
-40.97,22,188.929964
-40.95,40,189.592649
-35.31,25,189.935686
-41.43,27,190.398006
-39.0,24,190.795907
-33.0,32,191.265645
-44.84,20,191.594108
-42.0,25,192.039398
-38.07,45,192.706155
-33.0,42,193.491941
-44.35,15,193.810941
-35.49,32,194.390226
-38.31,38,197.050422
-35.94,87,198.35784
-32.42,43,198.983742
-42.0,21,199.367427
-44.34,24,199.750419
-44.32,18,200.081455
-41.05,31,200.67942
-41.08,23,201.064502
-39.0,23,201.394908
-42.0,36,201.937725
-32.61,29,202.358856
-38.88,31,202.825803
-39.0,29,203.261071
-35.73,35,203.876725
-35.17,31,204.437779
-43.3,26,204.905859
-36.0,26,207.826176
-38.58,25,208.274595
-38.71,35,208.901138
-41.66,22,209.321754
-38.16,67,210.470526
-39.0,20,210.884564
-38.5,25,211.299731
-46.87,26,211.773731
-44.54,27,212.415774
-32.52,39,213.026099
-35.91,29,213.514751
-41.38,25,213.949702
-40.9,27,214.36541
-45.0,48,215.157611
-41.68,19,215.513601
-42.0,25,216.046436
-36.0,26,216.555016
-46.46,17,218.926193
-34.39,39,219.479175
-35.42,27,219.869781
-41.71,21,220.185638
-42.0,23,220.527543
-40.67,27,220.985455
-40.75,30,221.520047
-41.08,22,221.887844
-42.0,26,222.375523
-38.62,25,222.801769
-38.91,35,223.401087
-38.42,33,223.919609
-42.12,52,224.660907
-37.55,29,225.100641
-43.75,34,225.609828
-40.39,28,226.082625
-36.94,30,226.610102
-34.98,22,229.018878
-38.38,23,229.241069
-39.0,24,229.477976
-38.49,23,229.817768
-41.31,22,230.169405
-38.49,26,230.587549
32.145833,37,231.156414
-41.71,25,231.537398
-33.0,35,232.153993
-41.11,35,232.792414
-35.34,33,233.373409
-43.72,24,233.839477
-42.0,19,234.24152
-41.66,26,234.727797
-39.0,21,235.033069
-38.2,32,235.501525
34.540426,44,236.186809
-37.57,28,236.604096
38.833,46,239.406681
-36.0,34,240.000665
-35.11,32,240.514498
-39.0,24,240.860079
-35.03,32,241.327711
-44.78,26,241.728793
-35.91,35,242.248019
-42.0,19,242.542629
-47.08,18,242.846788
-40.43,39,243.46471
-32.43,35,244.098556
-41.21,22,244.540628
-39.0,28,245.008999
-35.26,24,245.435786
-38.14,30,245.972333
-42.0,25,246.330837
-44.26,42,246.920363
-41.3,26,247.295485
-41.39,25,249.938535
-35.25,36,250.588764
-35.71,33,251.7048
-38.48,20,252.032439
-35.75,36,253.726381
-41.23,30,254.342241
-38.69,25,254.83304
-35.87,26,255.28873
-40.26,28,255.785726
-41.32,22,256.153952
-35.41,33,256.542084
-37.66,34,257.136907
-38.39,26,257.55896
-38.02,27,258.026869
37.864843,23,258.414898
-32.37,28,258.883874
-38.91,27,259.25756
-41.07,38,259.83435
-41.35,26,262.551685
-35.71,24,262.984048
-43.96,24,263.470356
-38.71,37,264.127724
-40.55,27,264.630242
-43.39,19,264.980664
-38.35,35,265.667127
-32.1,47,266.495624
-38.39,27,266.986138
-38.02,34,267.628021
-44.24,21,268.065333
-38.13,23,268.422504
-35.21,31,268.969794
-41.72,19,269.284441
-41.39,29,269.818817
-38.01,25,270.212165
-41.9,58,271.069032
-41.46,29,273.640211
-35.31,27,274.121807
-41.75,29,274.66272
-39.0,28,275.161861
-40.14,20,275.505962
-40.94,30,276.156994
-41.78,22,276.532857
-35.58,26,277.01975
-44.09,30,277.544755
-40.33,22,277.922626
-35.61,29,278.404249
-41.24,24,278.806395
-38.32,34,279.435101
-42.0,15,279.700053
32.565693,46,280.484771
-40.58,63,281.56337
-41.77,21,281.889147
-34.94,24,282.209858
-38.41,25,284.733464
-35.43,36,285.392094
-35.66,32,286.193556
-38.32,40,286.879283
32.193146,30,287.433457
-38.22,31,287.924414
-41.87,21,288.287998
-33.0,32,288.821609
-37.32,32,289.382527
-41.12,20,289.823738
-38.56,29,290.317909
-38.26,28,290.765447
-41.65,25,291.220221
-38.78,30,291.743948
-36.0,39,292.38393
-41.27,31,292.890611
-35.4,34,295.574852
-38.49,27,296.018018
-33.0,31,296.528017
-44.51,18,296.899127
-40.6,23,297.393134
-38.17,27,297.880196
-41.37,25,298.341964
-32.23,29,299.298532
-34.81,38,299.982508
-32.57,27,300.851752
-41.04,22,301.29183
-35.5,34,301.956677
-38.74,34,302.581561
-44.41,22,302.993346
-32.75,27,303.509765
-40.95,22,303.928731
-42.0,27,304.399585
-35.52,37,304.966697
-38.73,31,305.477423
-35.2,25,308.034012
-40.63,21,308.384186
-40.89,30,308.913311
-35.43,36,309.577907
-41.51,33,310.191838
-36.0,24,310.657338
-32.67,33,311.292232
-41.78,27,311.787248
-35.6,41,312.719959
-35.36,23,313.098105
-33.0,33,313.656441
-41.01,30,314.159369
-38.1,120,316.114652
-41.09,32,316.559547
-38.84,23,319.118798
-41.61,30,319.75618
-38.09,23,320.16204
-44.16,13,320.377218
-37.53,24,320.799449
-38.58,26,321.254779
-44.33,41,321.997443
33.0,41,322.656933
-44.24,22,323.04901
-41.35,28,323.498947
-35.26,31,324.031654
-35.18,27,324.58619
-38.17,27,325.112771
-32.08,37,325.763656
-38.21,25,326.199936
-38.75,29,326.704895
-38.03,21,327.049368
-32.78,29,327.475481
-41.57,25,327.836112
-38.15,24,330.328933
-32.81,43,331.155106
-40.99,25,331.683835
-40.51,33,332.254016
-42.0,21,332.611427
-38.71,25,333.014405
-41.63,26,333.475437
-35.81,27,333.983
-40.52,25,334.427624
-33.0,30,334.998205
-38.44,26,335.43549
-38.12,41,336.172217
-42.79,41,336.970946
-32.65,24,337.389845
-41.69,20,337.728545
-35.03,41,338.341921
-35.5,32,338.79628
-44.5,25,341.336076
-35.74,24,341.80271
-39.0,19,342.158533
-38.04,28,342.500595
-47.3,24,342.848711
-40.16,25,343.293897
-41.53,30,344.813184
-35.12,27,345.244666
31.648148,25,345.608308
32.04943,21,346.027355
-38.25,47,346.976691
-41.7,17,347.305851
-35.59,25,347.76397
-41.03,26,348.19255
-41.91,30,348.740977
-37.4,27,349.251751
-33.0,28,349.82758
-38.5,26,350.345699
-38.38,28,350.889765
-38.12,53,353.848059
-35.91,26,354.353267
-41.92,21,354.768567
-40.44,27,355.310405
-35.72,39,356.100001
-36.76,28,356.675991
-43.27,28,357.223476
32.22973,26,357.73848
-32.59,42,358.578183
-34.88,32,359.258109
-35.12,35,359.871593
-40.84,23,360.263305
-38.48,23,360.661116
-38.65,28,361.149624
-32.69,33,361.664712
-33.0,38,362.261013
-38.2,25,362.691065
-38.52,33,365.218894
-41.67,21,365.529205
-36.0,28,366.066392
-35.43,29,366.66675
-36.0,45,367.507304
-38.13,24,367.949871
38.111764,29,368.520659
-41.12,21,368.922976
-37.52,34,369.533609
-41.26,26,370.012794
-39.0,23,370.42154
-41.76,28,370.878735
-32.47,32,371.434049
-36.0,26,371.910096
-35.13,23,372.308044
35.096235,28,372.801214
-35.61,27,373.296078
-35.69,27,373.779233
32.309524,47,376.478405
-40.97,22,376.818462
-38.9,29,377.265059
-35.88,32,377.908636
-35.09,39,379.011592
35.775735,33,379.625356
32.34632,34,380.208805
-37.26,32,380.825626
31.602662,33,381.463295
-40.68,28,381.994024
-32.83,27,382.600995
-47.04,19,382.961979
-32.41,38,383.653524
-43.88,17,384.053298
-37.99,25,384.555387
-39.0,32,385.156755
35.147541,34,385.762041
-41.38,23,388.966125
-35.13,30,389.435766
-35.65,32,390.26889
32.084806,39,391.044497
-44.44,20,391.541306
-39.0,26,392.021334
-44.78,26,392.547709
-40.3,23,392.999382
-38.83,28,393.509112
-37.69,25,393.992467
-32.64,33,395.152673
-39.0,35,395.831692
32.501608,24,396.283471
-32.43,30,396.916188
-38.91,18,397.274071
-32.88,26,397.707928
-38.45,32,398.31031
-41.42,42,399.134094
-38.23,27,401.496255
-36.0,37,402.02954
-35.21,52,403.399458
-38.28,34,404.104905
-44.46,21,404.566257
36.810004,37,405.31416
-36.0,21,405.780865
-44.26,18,406.141957
-35.69,35,406.897217
-40.79,41,407.695024
-35.82,32,408.338882
-45.0,17,408.674908
37.54198,28,409.201948
-40.22,35,409.90344
-35.17,25,410.374453
-38.42,20,410.755238
-44.15,19,411.182498
-38.83,21,413.723166
32.35873,26,414.153342
-38.6,31,414.643318
-38.38,32,415.092099
-42.0,30,415.722191
-35.18,24,416.200991
-35.52,28,416.779427
-39.0,23,417.656948
-38.2,37,418.362329
-36.0,26,419.035239
-44.35,30,419.602557
-38.58,25,420.103509
-46.09,14,420.372639
-38.61,22,420.853055
32.154412,27,421.633599
-39.0,24,422.174966
-35.39,30,422.692981
-37.75,25,423.149957
-38.91,28,423.691564
-45.0,26,424.177503
-43.88,20,426.683128
-41.03,36,427.174369
-40.0,24,427.549566
-32.23,37,428.152413
-41.23,21,428.514449
-44.54,26,429.002089
-35.04,30,429.549328
-41.4,29,430.107317
-44.64,19,430.450258
-35.56,28,431.624091
-35.68,37,432.465648
-38.49,36,433.244991
-38.71,22,433.658211
-35.0,27,434.167934
-41.29,19,434.537827
-35.5,37,435.212365
37.645219,24,435.657407
-41.45,26,436.179409
-37.92,26,438.82223
-41.13,26,439.188794
-35.73,27,439.575167
-35.52,24,439.968139
-35.94,34,440.527156
-38.69,34,441.101443
-32.64,36,441.834982
-38.58,29,442.384753
32.035484,36,443.075736
-38.74,24,443.539207
32.450794,25,444.054579
-34.54,29,444.595471
-32.53,44,445.483935
-39.0,34,446.152228
-41.16,28,446.699202
-41.11,19,447.091553
-32.6,34,447.73338
-41.61,20,450.395842
-35.35,25,450.750623
-42.0,18,450.989703
32.744828,33,451.465591
-35.5,91,453.679293
32.219931,28,454.208905
-41.53,23,454.66949
-41.36,25,455.137147
-32.39,34,455.814427
34.990332,35,456.503036
-32.33,34,457.164331
32.10274,32,457.822856
-36.0,31,458.429425
-41.07,23,458.897121
-35.68,36,459.613027
-39.0,31,460.257661
-38.11,31,462.92565
-41.0,25,463.270061
-35.3,25,463.554585
-38.57,25,463.905957
-41.71,33,464.44927
-36.0,34,465.021766
-40.81,29,465.551739
-39.0,30,466.038092
-43.44,24,466.432519
-41.24,22,466.829885
-41.2,27,467.27926
-41.07,22,467.970033
-36.0,27,468.454332
-38.13,22,468.828777
-35.16,43,469.979994
-38.15,21,470.33475
-38.94,27,470.757564
-35.2,37,471.372685
-33.0,30,474.012637
35.049808,32,474.467442
-37.52,31,474.83566
-41.48,26,475.164307
-36.0,29,475.639012
-35.03,28,475.959668
-42.0,29,476.220691
-32.64,31,476.5127
-38.42,32,476.912047
-38.47,23,477.288712
-38.68,38,478.594595
-33.0,23,479.392503
-35.28,33,479.934942
31.885075,30,480.692989
-35.34,36,481.279773
-37.65,29,481.827943
-33.0,27,482.260642
-38.47,23,482.684452
-33.0,34,485.275106
-38.12,24,486.111895
-38.59,29,486.637191
-41.31,28,487.075703
-40.66,95,488.321678
-36.0,26,488.951655
-36.0,29,489.41785
-38.28,24,489.814128
32.038911,35,490.4076
-39.0,31,491.233578
-38.61,22,491.689583
-38.31,23,492.077696
-36.0,36,492.654877
-38.37,31,493.17025
-41.38,26,494.13456
32.232932,33,496.573279
37.424789,33,497.151295
-35.28,29,497.615344
-38.68,26,497.87143
-44.6,25,498.10605
32.564912,48,498.750776
-38.08,22,499.064121
-44.26,28,499.419015
-39.0,27,499.740371
-38.27,32,500.133935
-35.23,23,500.465667
-39.0,29,501.290169
-42.0,24,501.775463
-41.9,42,502.496681
-38.64,24,502.922962
-39.0,23,503.257082
32.255892,36,503.852844
-35.82,27,504.318685
-35.52,24,506.980706
-44.98,89,508.415087
-41.88,27,508.942766
-40.63,25,509.366733
-32.75,32,509.843774
-37.05,33,510.242085
-35.08,23,510.543636
-36.0,30,510.918952
32.14121,28,511.406795
-35.03,29,511.87693
-38.65,69,513.161292
43.249473,24,513.583283
-32.81,33,514.141716
-41.05,27,514.467556
-42.0,18,514.785867
-32.93,40,517.535299
-32.47,37,518.183099
-38.38,27,518.691094
-35.84,32,519.244671
-32.3,37,519.86825
-39.0,25,520.313715
-37.53,30,520.746368
-38.74,27,521.073483
-38.45,30,521.458704
-41.21,28,521.818285
-35.46,26,522.148762
-35.49,23,522.491069
-31.83,29,522.992687
-38.48,32,523.518055
-40.92,39,524.149608
-44.37,28,524.62724
-41.09,26,526.793741
-32.4,32,527.298483
-35.91,28,527.841813
-35.68,45,528.647901
33.0,25,529.084594
-43.88,18,529.381458
-38.69,22,529.768421
-35.87,29,530.244119
-32.07,35,530.831942
-35.71,25,531.220938
32.390244,32,531.795819
-39.0,32,532.197295
-32.84,35,532.584142
-44.55,20,532.836246
-35.71,27,533.170001
-33.0,37,533.740035
41.617686,78,537.52039
-34.46,26,538.036188
-41.49,20,538.36177
-41.58,25,538.870657
-32.06,33,539.462562
-35.5,24,539.855204
-35.46,24,540.351331
-32.84,38,541.09886
-44.36,41,542.014266
-37.82,37,542.764173
-35.95,26,543.219643
-38.56,47,543.998069
-40.25,25,544.359271
-32.06,37,544.887702
-35.08,30,545.824808
34.458245,55,546.797672
34.135613,27,549.585709
-34.76,34,550.354166
32.085044,31,551.074486
-42.0,18,551.429935
-38.4,23,551.932318
-44.26,18,552.318976
-32.6,34,553.260459
-35.82,25,553.642498
-38.19,28,553.938112
-41.52,24,554.334162
-41.64,24,554.803648
-34.71,26,555.431489
33.0,48,556.259639
-43.33,25,556.604835
-46.92,15,556.800027
-35.16,31,557.226434
-38.52,25,557.545376
-41.04,28,557.935411
-35.27,34,558.431583
-38.42,29,560.89485
-35.31,25,561.473217
-34.64,35,562.251464
-35.39,29,562.767153
35.098425,47,563.616954
-36.0,24,564.088226
-44.45,20,564.448881
-46.79,14,564.708952
-39.0,26,565.182158
-37.57,31,565.756141
-32.56,34,566.390686
-38.84,31,566.987761
-38.64,26,567.458366
32.174905,35,568.016511
-33.0,36,568.485968
-35.7,40,568.993066
-44.4,27,569.37733
-41.02,27,571.963627
-41.5,23,572.426898
-33.0,28,572.939742
-35.72,24,573.423594
35.205776,24,573.873765
-34.65,22,574.344454
-36.0,22,574.757041
-38.88,22,575.178707
-41.1,29,575.71217
35.10023,30,576.295838
-32.86,30,576.865993
-38.31,25,577.393129
35.040323,29,577.921041
32.585761,29,578.50459
-37.28,34,579.047052
-42.0,25,579.464258
32.182203,36,579.987592
-44.26,19,580.249345
-32.7,42,580.81098
34.931074,30,583.46709
-35.37,30,584.043608
-41.28,28,584.658849
-39.0,25,585.109105
-35.91,56,586.070214
-33.0,27,586.537288
-40.77,22,587.160783
-38.09,23,587.572993
35.00722,32,588.173211
-36.0,24,588.629631
32.795222,31,589.21821
-41.19,30,589.787762
-38.23,23,590.213854
-38.25,32,590.74867
-33.0,28,591.226671
-36.0,26,591.620445
-44.07,23,591.948201
-41.43,20,592.224304
43.344605,30,594.93307
-41.57,27,595.569966
-32.14,30,595.98547
-41.03,22,596.403869
-38.7,29,596.941616
-41.18,25,597.424607
-32.74,35,598.132814
-41.53,21,598.537894
-32.53,26,599.044733
-35.54,30,599.595092
-32.06,28,600.092662
-36.0,32,600.656404
-38.19,36,601.432705
-33.0,31,602.590794
-38.12,29,603.115707
-32.01,25,603.37518
-41.42,23,603.737041
-32.81,30,604.190516
-32.56,40,606.846152
-36.0,30,607.555096
-35.62,25,607.973845
-36.87,26,608.437212
-38.13,26,608.870853
32.537162,26,609.32736
-37.96,23,609.768756
-36.0,25,610.204543
-36.0,28,610.704819
-37.51,29,611.201584
-33.0,37,611.86341
32.726277,30,612.386509
32.102941,37,613.041967
31.867491,30,613.625546
33.0,26,614.194462
-40.53,38,614.820846
-41.39,27,615.182571
-35.41,21,617.280382
-34.29,39,617.845511
-34.37,35,618.378315
-41.62,36,619.565281
-35.42,30,620.04591
-38.26,28,620.523315
-38.65,32,621.101655
-38.1,24,621.52968
-38.25,23,621.907675
-41.23,88,623.407599
-38.85,24,623.804098
-35.74,30,624.302194
-38.44,32,624.833834
32.538983,36,625.39342
-38.2,31,625.809704
-39.0,26,627.99396
-41.09,23,628.370375
-35.25,26,628.821227
-35.18,31,629.372344
-38.16,22,629.772836
-35.34,25,630.238581
-41.13,24,630.618362
35.805233,41,631.479683
-38.39,24,632.001907
-35.83,31,632.530139
-32.39,30,633.06916
-36.0,26,633.546686
-41.46,21,633.874979
-36.0,34,634.440685
-33.0,27,634.894233
-36.0,28,635.352381
32.838006,30,636.305216
-35.51,24,636.688515
-35.95,34,637.146906
-43.54,61,640.100315
-33.0,51,640.965594
-38.57,28,641.40906
-38.28,31,641.948236
-40.87,20,642.265354
-38.1,30,642.758471
-35.35,31,643.291476
-32.11,30,643.797177
-35.34,30,644.316476
-38.86,24,644.729976
-35.76,30,645.207449
-41.47,25,645.637033
-42.0,33,646.184685
-38.29,25,646.562094
-35.32,30,646.979273
32.220339,31,647.457297
32.061889,28,649.712681
-41.44,25,650.131574
-40.43,26,650.574255
-38.53,34,651.163341
-33.0,40,651.839321
-38.12,33,652.489735
32.337255,30,652.975964
-32.99,33,653.521952
-40.47,30,654.064064
-35.63,32,654.566789
-32.71,33,655.246822
-32.28,34,655.881593
-32.66,32,656.449698
38.323741,21,656.825868
32.131105,22,657.298528
-32.88,27,657.806762
-35.49,28,658.209798
-35.47,31,660.532378
-35.56,35,661.1276
-41.13,26,661.521067
-35.13,25,661.941015
-40.54,27,662.379618
-38.87,23,662.732107
-37.63,27,663.340247
-38.36,21,663.731928
-35.33,27,664.183453
-41.2,22,664.571986
-38.67,25,664.981498
41.704724,18,665.264695
39.0,16,665.542422
-32.91,30,666.022077
-38.63,43,666.762817
-39.0,29,667.243311
-41.54,29,667.645376
-38.97,24,668.739929
-35.8,25,669.134587
-36.0,33,671.421324
-40.81,26,671.853697
-35.91,31,672.296206
-38.12,29,672.753277
-33.0,34,673.311181
32.816794,31,673.778823
-35.61,26,674.253002
-35.49,37,674.897382
-37.54,35,675.465512
-33.0,32,675.96314
32.327103,31,676.473594
-38.34,27,676.885658
-38.59,26,677.333901
-44.16,19,677.663483
-38.37,30,678.117193
-38.52,26,678.507051
-39.0,30,679.04372
-38.77,28,679.679479
-35.63,27,682.393325
-35.78,26,682.782252
-41.89,20,683.134606
-36.0,26,683.578391
-39.0,28,684.040562
-35.42,25,684.427638
-32.71,58,685.388193
-42.0,23,685.734529
-32.31,28,686.167936
-35.47,27,686.57964
-32.67,25,686.995452
-35.13,28,687.49315
-43.58,22,687.910736
-39.0,21,688.202222
-32.47,39,688.747899
34.596804,37,689.324244
-37.68,24,689.700422
32.630137,34,692.686382
-35.36,46,693.405802
-38.4,35,693.899187
-35.37,26,694.5272
-35.71,34,695.082487
-35.86,21,695.74721
32.531008,36,696.341362
-35.27,31,696.857715
-41.57,25,697.250201
-36.0,27,697.676652
-44.91,22,698.117479
-35.1,29,698.586902
-40.43,28,699.045408
-38.91,29,699.452295
-41.84,22,699.77491
-35.19,28,700.173082
-32.38,37,700.705352
-43.99,28,701.114375
-38.55,24,704.13773
-30.0,37,705.174713
36.0,25,705.550001
-37.12,27,705.988934
-35.22,35,706.850917
-35.3,37,707.532472
-32.27,34,708.133956
-32.35,28,708.7217
-37.87,29,709.186352
-38.07,41,709.94313
-38.12,29,710.371118
-40.23,25,710.772797
36.826432,24,711.088058
-35.41,31,711.543171
-38.4,27,711.975551
33.0,26,712.385236
-38.02,27,712.934184
32.215278,42,715.910433
35.5,35,716.502666
-35.77,26,716.891615
-42.0,26,717.343091
32.09854,27,717.767982
-36.0,36,718.379531
-41.52,27,718.972443
32.631179,31,719.468692
-41.61,25,719.892223
-35.54,28,720.293689
-41.17,25,720.640053
-38.18,26,721.034088
-35.81,26,721.465567
-37.88,33,721.942582
-38.04,30,722.40918
-41.06,35,723.036354
32.147679,30,723.51885
-35.39,30,725.978803
-36.0,26,726.433561
-41.42,25,726.878797
-41.46,23,727.309892
-41.32,20,727.623578
42.0,20,727.981671
-42.0,23,728.380339
-35.81,24,728.811327
-38.49,21,729.194884
-37.93,36,729.79125
32.872964,34,730.326676
-39.0,27,730.692128
-35.31,33,731.164139
34.120237,31,731.623358
-42.0,27,732.009985
-38.78,22,732.383981
-35.47,24,732.804466
-35.88,29,733.372873
-35.67,24,733.826301
-35.4,31,736.321654
35.041543,45,736.97633
-41.68,24,737.319705
-32.21,32,737.749211
-38.5,22,738.11699
-41.35,25,738.566954
-38.44,22,739.087859
35.626761,30,739.611479
-33.0,28,740.095336
-35.62,24,740.520421
-35.24,28,740.97723
-32.48,28,741.379607
-38.82,27,741.821433
-34.75,34,742.373234
-40.96,23,742.745757
-35.7,56,743.77606
-39.0,32,744.320608
-38.7,30,747.022996
-32.76,29,747.450302
-40.61,31,747.949635
-42.0,24,748.330761
-36.0,24,748.810087
-39.0,29,749.466808
-35.84,39,751.253902
-33.0,26,751.74858
-38.36,23,752.176121
-38.5,43,752.878071
-47.82,13,753.088058
-35.9,27,753.52347
-33.0,44,754.172932
-42.0,24,754.494264
-35.17,24,754.923748
-41.54,26,755.40853
-35.98,33,756.053136
-32.13,30,756.58379
32.031128,41,759.273695
-35.56,30,759.71185
-37.62,29,760.126927
-43.74,27,760.558877
-38.18,27,761.214226
-41.86,24,761.6391
-41.7,47,762.468472
-40.6,24,762.907591
32.586572,35,763.447279
-43.52,24,763.781299
-41.52,28,764.193674
-34.51,30,764.640242
-41.7,24,765.156437
-40.66,31,765.770531
-32.06,38,766.505595
-33.0,36,767.078674
-39.0,24,767.527988
-40.71,21,769.79043
-39.0,25,770.152476
-38.32,26,770.514525
-35.67,39,771.04274
-41.92,29,771.554432
35.0125,29,772.040671
-41.23,25,772.472954
-38.73,40,773.173487
-35.57,38,773.771355
-35.48,26,774.140076
-32.39,32,774.611343
41.118498,25,774.961853
-41.02,23,775.294363
-32.91,45,776.036217
-41.75,26,776.487249
-40.83,29,776.982883
-35.22,32,777.549058
-44.56,25,780.34661
-36.0,41,780.900244
-43.73,23,781.236705
-39.0,27,781.677389
-37.6,31,782.160693
-38.6,30,782.891141
-35.59,31,783.445751
-42.0,30,783.898926
-44.67,17,784.146642
-33.0,28,784.535074
-42.0,24,784.883836
-42.0,20,785.173554
32.317073,32,785.699856
-32.96,37,786.318705
-38.91,28,787.18426
-41.6,27,787.646226
-38.54,29,788.167859
-44.07,20,788.535815
-33.0,33,791.436394
-45.0,16,791.664288
-35.26,44,792.331212
-38.19,29,792.796679
-35.68,24,793.231857
38.302549,44,793.918105
-32.87,32,794.395144
32.199288,29,794.796762
-37.26,46,795.509266
-32.43,41,796.175729
-38.82,30,796.692497
-35.32,28,797.149207
-36.0,22,797.548504
33.0,31,798.121798
-32.07,31,798.681572
-35.29,27,799.161264
-41.68,23,799.545125
-38.28,28,801.923198
34.416966,26,802.311417
-35.82,26,802.772665
-35.47,34,803.822818
-36.0,33,804.301376
-41.73,44,804.948638
-35.36,22,805.265266
-40.4,27,805.69732
-36.0,28,806.117378
-35.53,30,806.743935
-34.71,30,807.327627
-47.32,80,808.899807
35.153641,31,809.435028
-44.06,26,809.835412
-45.0,26,810.276988
-44.24,26,810.71818
-35.73,35,813.213953
-34.3,48,814.033082
-35.84,41,815.055042
-41.29,22,815.419133
-42.0,24,815.785412
-41.18,18,816.038976
-41.42,27,816.417281
-34.86,37,816.934468
-47.01,19,817.209338
32.496144,31,817.736215
-36.0,45,818.56973
-38.3,23,819.041496
-40.85,18,819.372436
-43.52,38,820.21719
32.46875,32,820.740407
-35.82,26,821.209023
32.193333,35,823.796193
-41.45,22,824.102581
35.055923,33,824.569849
-40.65,27,824.979116
-41.08,25,825.406175
-43.34,32,825.935999
-32.39,28,826.329813
38.448819,30,826.821909
-36.0,26,827.304526
-40.19,24,827.63558
-32.43,31,828.071396
-36.0,26,828.532109
-38.12,61,829.589464
-38.94,32,830.136482
-35.77,30,830.766666
-38.81,28,831.366104
-38.66,29,831.966679
-38.05,30,834.423204
-38.88,27,834.967299
-44.29,24,835.316789
-41.27,30,835.811882
-38.42,35,836.4213
-38.65,28,837.007862
-42.0,19,837.338442
-32.35,47,838.164195
-35.35,25,838.569037
-38.59,28,839.039798
-41.04,24,839.509329
-38.2,28,840.038902
-41.35,31,840.847555
-38.1,24,841.380058
33.0,28,841.908134
-38.62,22,842.350338
-40.97,30,842.934203
32.426357,27,843.389688
-38.38,30,843.950808
-35.76,30,846.59499
-32.4,24,846.95444
32.856667,44,847.836867
32.129032,30,848.359747
31.647651,44,848.998497
-35.79,28,849.445807
-38.83,34,849.989492
34.993798,35,850.473532
-38.29,33,851.017803
32.614286,28,851.470761
-35.5,26,851.971716
32.07874,36,852.882391
-39.0,18,853.165266
-32.15,27,853.612488
35.271375,24,854.067358
-35.8,49,854.912981
-41.26,22,857.384144
-34.52,25,857.766241
-43.29,25,858.238181
-36.0,24,858.636193
-41.22,35,859.214442
-38.76,52,859.953995
-35.88,31,860.541545
-32.16,44,861.158866
-38.87,29,861.650829
-36.0,20,862.073437
-38.84,23,862.581769
-38.23,38,863.437211
-44.42,19,863.795987
-38.74,35,864.428372
-38.83,28,864.921091
-35.21,24,865.337936
-35.04,36,865.975737
-39.0,29,868.579262
-38.29,29,869.047849
-32.49,28,869.473444
-37.17,40,870.115969
-38.05,26,870.55119
-39.0,25,870.938245
-41.83,23,871.301882
-41.8,36,871.851729
-39.0,21,872.194096
-39.0,27,872.593071
-38.24,26,873.044135
38.385757,27,873.540242
-45.0,59,874.57081
-35.12,27,875.062547
-41.36,23,875.455688
32.115894,34,876.078948
-38.42,25,876.517334
-39.0,36,879.212187
-41.23,19,879.526815
35.322917,27,879.950461
-38.91,24,880.34583
-32.46,31,880.809405
-37.37,26,881.25139
-38.25,18,881.506344
-38.71,25,881.864406
-35.76,33,882.352183
-41.4,20,882.641908
33.0,34,883.137897
-38.63,27,883.537163
32.334746,32,884.083762
-40.65,37,884.759299
-34.8,29,885.505514
-37.92,27,885.996939
-37.42,25,886.529847
-36.0,23,886.989508
-44.7,20,887.616371
-39.0,29,890.409832
-38.11,27,890.867633
-38.05,31,891.393457
-44.43,18,891.679114
-38.75,37,892.242163
-38.97,65,893.466117
-37.35,31,894.060994
32.139319,31,894.489012
-35.12,26,894.926489
-41.37,26,895.38508
-38.34,25,895.844769
-32.73,29,896.391674
-36.0,21,896.751146
-44.32,25,897.202744
-41.03,25,897.667449
32.044715,32,898.22769
-46.8,20,898.594413
-32.27,39,901.351415
-35.28,27,901.690813
-36.0,31,902.171858
-40.31,24,902.513783
-38.88,26,902.907463
34.953299,32,903.45312
-32.18,32,903.894599
32.188811,52,904.645321
-32.38,37,905.160199
-32.04,35,905.719598
-41.61,23,906.050833
-33.0,31,906.459599
35.40012,27,906.945853
-41.22,23,907.308522
-41.69,30,907.712684
33.0,30,908.177806
-33.0,32,908.609627
34.512121,22,910.87191
-36.0,25,911.228058
-35.42,35,911.719125
-35.17,28,912.152564
-34.66,61,913.177516
-41.35,31,913.611205
-35.56,22,913.864634
32.675676,29,914.193552
-38.8,25,914.572716
-41.17,16,914.746152
-36.0,41,915.337744
-35.34,34,915.780864
32.682243,30,916.14748
-32.62,32,916.623748
-36.0,29,917.143241
38.208889,22,917.45685
37.493084,29,917.999788
-41.07,32,920.68016
-39.0,32,921.214985
-38.65,31,921.799549
-35.45,46,922.734133
41.283188,30,924.505174
35.60303,40,925.100336
-33.0,28,925.510338
-33.0,29,925.958035
-38.25,21,926.21802
-32.38,33,926.632746
-37.52,26,926.998694
44.607914,14,927.223989
-42.0,26,927.60744
-36.0,23,928.019577
-35.03,33,928.512475
-32.63,35,929.048744
32.910569,37,929.664102
-35.66,33,932.370288
-38.52,23,932.913599
-35.47,33,933.643822
40.469033,27,934.319487
32.350181,33,935.05203
-35.51,28,935.639524
-39.0,31,936.213699
-38.18,28,936.719717
-32.72,29,937.201764
-44.24,24,937.59728
-41.99,18,937.82042
-33.0,27,938.227557
-39.0,19,938.583116
-32.16,40,939.238557
36.0,20,939.579736
-36.0,29,940.018633
-35.27,30,940.691081
33.0,36,941.448192
32.128302,24,944.39958
-44.16,18,944.784748
-40.92,26,945.358794
-33.0,35,946.173783
-38.37,26,946.942767
-33.0,33,947.73219
-38.69,30,948.464957
-41.5,25,948.915796
-38.48,30,949.440998
35.076923,28,949.930842
-37.81,35,950.553994
-34.54,33,951.14897
-40.53,29,951.694374
-40.77,27,952.544322
-37.72,31,953.413427
-35.64,35,954.274886
-41.47,21,954.870222
-38.65,26,955.572221
38.269076,19,958.647959
33.0,34,959.325975
-39.0,30,959.90667
-38.78,28,960.465659
-35.1,25,960.94079
-38.05,20,961.320557
35.069767,29,962.286948
-32.88,37,962.973789
-35.04,24,963.388554
42.456073,22,963.775011
32.330189,33,964.41332
-35.1,35,965.027546
-32.57,31,965.574545
-35.22,27,966.021681
-42.0,32,966.56878
-32.69,31,967.085267
35.211382,32,967.729945
-32.32,44,971.286597
-38.25,31,971.94297
-38.68,22,972.402133
-33.0,29,973.053331
-38.23,21,973.464934
-36.0,34,974.171797
32.489933,48,974.996827
-32.17,30,975.52795
-47.21,22,975.881639
-41.27,21,976.242164
-41.84,20,976.644258
-38.69,22,977.050763
-35.1,27,977.733113
-32.8,34,978.301964
-33.0,37,978.930862
-35.32,27,979.415676
-38.73,59,980.551433
-41.08,25,983.462924
-32.65,50,984.506261
-33.0,49,985.361657
-32.63,35,986.006679
-38.23,40,986.762167
-42.69,24,987.172859
-39.0,24,987.566872
37.710969,26,988.015886
-35.46,78,989.429189
-34.96,27,989.901973
-38.45,26,990.32739
37.341168,50,991.096718
-32.92,31,991.570263
-35.85,29,992.109897
-32.94,41,995.705155
-38.7,20,996.109803
35.277358,20,996.500008
-43.99,19,996.83193
-35.24,29,997.332846
-39.0,28,997.808371
40.694931,25,998.283401
-35.2,25,998.680959
-38.04,28,999.105885
-32.28,27,999.50949
-35.64,24,999.874732
-38.79,34,1000.515892
-38.81,30,1001.02334
-38.43,27,1001.445661
-32.37,39,1001.990491
-41.52,27,1002.380363
-36.0,28,1002.770959
-35.64,29,1003.15978
-41.14,21,1003.44981
34.422457,31,1006.228324
-47.23,18,1006.553446
-45.0,32,1007.143706
-32.69,30,1007.651475
-41.71,18,1007.955745
-38.88,34,1008.534749
-40.28,26,1009.21722
35.536122,31,1009.740942
-37.96,27,1010.151405
31.953488,39,1011.145769
32.863333,44,1011.925409
-35.5,35,1012.544221
-35.19,45,1013.234233
-38.2,44,1013.856337
-36.0,25,1014.192785
-41.94,25,1014.561227
-38.23,35,1017.61021
-35.37,32,1018.19288
31.516461,31,1018.721562
-35.91,24,1019.13037
-38.18,27,1019.59204
-36.0,26,1020.004009
32.81405,24,1020.348259
34.651032,25,1020.736183
-35.84,34,1021.261643
-41.19,23,1021.657061
-32.69,32,1022.186715
-38.71,25,1022.716761
-36.0,30,1023.271116
-32.52,28,1023.804912
-32.52,32,1024.422806
-39.0,27,1024.842833
-47.19,21,1025.137553
-38.33,26,1025.552143
34.531373,56,1028.83561
-35.42,33,1029.521146
-32.9,47,1030.349666
-41.37,22,1030.751093
-36.0,27,1031.450056
32.74812,30,1031.974755
-38.4,25,1032.881432
-38.15,28,1033.457777
-34.68,26,1033.958956
-41.57,29,1034.582071
-34.81,27,1035.060595
35.112676,28,1035.671198
-33.0,34,1036.493337
-38.42,28,1036.90903
-38.6,33,1037.649676
-41.12,25,1038.049908
-38.25,24,1038.468268
-32.67,27,1041.110981
-39.0,25,1041.653494
32.381625,33,1042.278054
-35.89,26,1042.708186
-41.3,25,1043.12616
-44.72,16,1043.390153
-42.0,20,1043.774248
35.266409,24,1044.156256
-41.67,25,1044.563775
-42.0,25,1045.015759
-35.3,20,1045.36505
-42.0,26,1045.786097
-35.51,28,1046.27236
-43.4,19,1046.628143
-39.0,25,1047.081482
-44.84,27,1047.547043
-44.45,26,1047.967657
32.202381,33,1048.428378
34.124799,33,1048.925531
-44.43,15,1049.177706
32.669173,28,1051.618692
-34.76,30,1052.138792
37.603508,19,1052.455211
-38.06,23,1052.855847
-38.1,37,1053.417788
-44.08,32,1053.913776
-32.25,38,1054.51174
-39.0,21,1054.870163
-36.0,28,1055.44601
-35.91,27,1055.915878
34.420388,29,1056.415203
-37.64,28,1056.911738
-35.15,30,1057.413324
-37.97,30,1058.162585
-38.31,27,1058.657293
-35.53,30,1059.093233
-41.59,24,1059.529277
-36.0,23,1059.894697
35.256654,31,1060.373439
40.456942,29,1063.023777
-41.45,19,1063.376067
-38.82,30,1063.914484
32.064103,50,1064.617904
-38.67,28,1065.077064
-32.45,51,1065.866443
-41.53,23,1066.314672
-37.65,24,1066.761789
-36.0,26,1067.214945
-41.03,23,1067.598375
-38.08,20,1067.965968
35.273434,47,1068.791555
-35.29,28,1069.277455
-35.85,23,1069.763805
-32.39,29,1070.232606
-33.0,26,1070.591627
-44.03,17,1070.88305
-39.0,25,1073.831069
-36.0,31,1074.380244
-38.51,32,1074.887914
-38.42,28,1075.331643
-38.91,26,1075.775729
-35.88,26,1076.785333
33.0,26,1077.296782
32.239946,41,1078.07497
-35.63,25,1078.567087
-41.04,28,1079.17609
-43.91,33,1079.848827
-38.61,34,1080.454362
-38.4,28,1080.986085
-32.71,30,1081.570724
-32.72,55,1082.527953
-42.0,24,1082.903693
-35.02,24,1083.246956
34.884106,31,1086.188865
-41.46,23,1086.705402
-35.49,27,1087.246018
-30.0,30,1087.773815
-41.81,37,1088.38288
-35.13,38,1089.022018
-38.22,27,1089.620032
-41.65,23,1090.04609
-42.0,21,1090.409423
-38.44,28,1090.891876
-39.0,34,1091.469758
-36.0,37,1092.12727
-35.73,28,1093.270461
34.97931,31,1093.786323
-41.04,24,1094.12835
-45.0,68,1095.264525
-35.88,24,1097.748791
-44.29,19,1098.044271
-38.29,27,1098.437654
-32.91,41,1099.120137
-37.01,29,1099.647691
-45.0,21,1100.011045
-35.19,32,1100.595611
-35.29,31,1101.137561
-33.0,45,1101.876471
-38.33,26,1102.323232
-39.93,21,1102.705464
-41.53,24,1103.137029
41.161049,18,1103.446347
-35.65,36,1104.098912
-41.4,39,1104.771158
-40.72,23,1105.100102
-34.22,31,1105.556611
-41.7,23,1105.889844
-40.76,26,1108.185042
-35.63,24,1108.573875
-34.84,32,1109.056356
-35.04,28,1109.469214
-41.75,37,1110.09058
-38.38,25,1110.499647
32.070111,30,1110.999871
-35.59,29,1111.489543
-38.83,30,1112.096424
-41.06,32,1112.655333
-34.84,37,1113.25411
-40.41,24,1113.663358
-37.61,25,1114.115778
-40.39,24,1114.633927
-39.0,49,1115.552973
-36.0,26,1115.934934
-32.67,29,1116.318211
34.523034,30,1118.513094
-41.66,18,1118.772094
-43.72,49,1119.472564
-39.0,31,1119.945937
-44.47,16,1120.208521
-42.86,30,1120.860702
-41.05,21,1121.195388
-38.62,27,1121.660105
32.278195,29,1122.13388
-41.5,38,1122.799642
-47.31,19,1123.124517
-38.42,24,1123.490098
-41.17,28,1123.956474
-41.3,21,1124.303382
-35.58,31,1124.791393
-38.29,25,1125.221263
-41.13,40,1125.863403
-35.75,32,1126.341464
-41.08,23,1126.648017
-44.25,23,1128.783316
-39.0,37,1129.338882
-35.4,29,1129.776362
-38.34,35,1130.35605
-39.0,28,1130.814406
-48.0,16,1131.082574
30.0,31,1131.568229
-38.11,29,1132.035032
-31.62,42,1132.702932
-35.61,40,1133.399025
-32.48,32,1134.017231
-41.51,32,1134.614273
-44.35,27,1135.064064
-37.67,32,1135.593379
-38.71,30,1136.073092
-34.75,26,1136.624775
32.49,27,1137.038494
-37.92,27,1139.368891
-39.0,37,1139.949979
-36.0,20,1140.266813
-35.02,31,1140.834798
-35.78,42,1141.727813
-32.81,35,1142.279004
-43.79,21,1142.62513
39.385889,28,1143.124175
-40.69,28,1143.597268
-38.72,28,1144.0617
-44.66,21,1144.406224
-34.13,41,1145.09154
-40.55,29,1145.572835
-38.36,22,1145.926389
-38.68,26,1146.330667
32.106299,39,1146.958848
-38.14,26,1147.302054
-41.4,32,1149.981289
-33.0,36,1150.545416
-32.55,31,1151.098075
-38.51,34,1151.677641
-39.0,38,1152.328269
-38.15,26,1152.75766
-38.86,26,1153.19736
-32.69,41,1153.850947
-44.38,23,1154.211073
-38.5,32,1154.727848
-38.91,36,1155.353806
-41.77,29,1155.819144
-32.79,33,1156.335863
-35.28,28,1156.807589
-41.43,20,1157.088779
-47.23,22,1157.411177
-44.85,99,1161.308979
-33.0,26,1161.791259
-33.0,33,1162.534015
-35.2,31,1163.040693
-38.37,21,1163.399586
-33.0,34,1164.292385
-34.47,29,1164.839804
-36.0,30,1165.361404
34.922329,33,1165.956503
-36.0,21,1166.333897
-42.0,48,1167.170361
-41.31,24,1167.592254
-32.36,39,1168.16841
-32.5,32,1168.603203
-43.46,28,1169.011359
-40.59,22,1169.356025
-39.0,25,1171.655735
33.0,34,1172.242987
-38.7,34,1172.877097
-35.22,43,1173.621082
-46.69,25,1174.175193
-41.5,114,1176.369449
-34.76,25,1176.931999
-38.46,27,1177.486637
-44.89,17,1177.77211
-32.02,31,1178.410449
-38.24,40,1179.27403
-40.25,32,1179.827415
-37.73,32,1180.269011
-40.52,34,1180.755476
-45.0,28,1183.176957
-44.23,22,1183.580356
-34.8,31,1184.129175
-32.7,41,1184.865983
-42.0,25,1185.285709
-32.47,33,1185.850018
30.0,26,1186.274646
32.772436,36,1186.973981
-32.66,27,1187.452328
-38.63,40,1188.14546
-41.94,24,1188.710936
-38.61,34,1189.371364
-39.0,29,1190.023124
-35.29,28,1190.708594
-36.0,36,1191.217512
-38.23,25,1191.546559
-38.48,28,1191.95657
-36.0,29,1194.238437
-39.99,32,1194.786609
-35.37,24,1195.221012
-42.48,21,1195.610912
-41.91,24,1196.007779
-41.16,22,1196.390462
-32.51,34,1196.937893
-40.79,22,1197.325615
-38.36,27,1197.790169
34.658771,31,1198.321415
34.572872,34,1198.893027
-38.52,39,1199.562513
-41.63,28,1199.976018
-35.84,43,1201.019322
-41.65,26,1201.447885
-32.53,26,1201.866733
-35.49,29,1202.293549
-37.72,24,1204.323465
-35.19,24,1204.694028
-43.49,27,1205.186662
-43.59,22,1205.559889
-38.9,31,1206.07888
-37.8,28,1206.533853
-41.15,30,1206.89449
-39.0,29,1207.182882
-38.38,30,1207.728155
-35.45,26,1208.202165
-36.0,34,1208.856244
-36.0,29,1209.380675
-44.22,21,1209.794166
35.862205,65,1210.944666
34.948842,27,1211.459228
-36.0,28,1211.91856
-41.39,23,1212.307259
-41.21,26,1212.726479
-36.0,24,1214.873829
-38.46,26,1215.454324
-32.17,43,1216.177074
-44.6,21,1216.953287
33.0,24,1217.427603
-38.81,25,1217.898912
-39.0,21,1218.376791
-35.48,30,1219.019739
-42.0,27,1219.53181
-42.0,31,1220.281784
-38.56,30,1220.983078
-35.75,34,1221.728832
-32.61,28,1222.344348
-41.58,21,1222.736817
-32.7,35,1223.534995
-39.0,19,1223.915984
-38.82,30,1224.635299
-38.3,32,1225.525032
-44.86,26,1228.126399
-35.7,28,1228.742659
-41.91,27,1229.287522
-38.66,29,1229.829711
37.528207,29,1230.398437
-38.15,23,1230.861134
-35.35,28,1231.371436
32.268657,26,1231.811397
-44.04,25,1232.243819
-32.34,32,1232.827203
-32.91,30,1233.348912
-32.09,32,1233.902641
-35.52,31,1234.495459
-44.75,18,1234.888641
-44.35,21,1235.276302
-32.2,46,1236.406044
-41.12,19,1236.839747
-32.51,37,1237.504769
-38.5,33,1240.003349
-41.41,27,1240.407659
-44.56,27,1240.888241
-35.59,26,1241.383517
-38.65,28,1241.920466
-35.46,27,1242.43909
-36.0,49,1243.363573
-38.59,33,1244.044702
-38.62,25,1244.563303
-40.68,23,1244.940466
-32.94,24,1245.348341
33.0,25,1246.00316
-37.54,23,1246.430475
-38.34,25,1246.855848
-39.0,31,1247.373381
-47.67,29,1247.88016
-39.0,27,1248.373287
-35.36,24,1248.76749
-38.34,25,1249.228646
-38.62,25,1251.345998
-35.01,39,1251.864214
-39.0,29,1252.285486
-38.57,29,1252.822753
-35.62,32,1253.507691
-39.0,29,1254.095986
-38.08,32,1254.889112
-35.7,28,1255.475495
-47.08,23,1256.079447
-35.43,40,1256.810912
-38.67,32,1257.397834
-32.63,28,1257.972021
-38.61,24,1258.434478
-35.31,34,1259.078726
-44.56,22,1259.48267
-34.96,32,1260.181262
39.728643,33,1260.802592
32.295455,32,1263.557785
-42.85,24,1263.937828
-38.38,17,1264.145009
-35.66,39,1264.786097
-38.47,26,1265.429305
-38.1,34,1266.168119
-33.0,30,1266.658439
-32.45,32,1267.312218
-41.47,18,1267.61885
-32.47,25,1268.061944
-38.56,30,1268.569857
-41.55,26,1269.034638
-44.14,20,1269.413883
-38.23,30,1269.930627
-35.43,27,1270.43044
35.506726,31,1271.057894
-32.13,28,1271.542043
-38.31,32,1272.622918
-32.22,25,1275.349036
-38.95,24,1275.664704
-33.0,33,1276.18442
32.873239,32,1276.685119
-31.77,29,1277.181001
-41.79,29,1277.656829
-35.26,26,1278.191113
-35.16,31,1278.718173
-37.47,34,1279.293943
-38.58,31,1279.897653
-42.0,26,1280.400184
-35.6,26,1280.877491
38.356618,25,1281.359751
-38.69,26,1281.817316
-39.0,24,1282.250785
-41.81,20,1282.606932
-41.08,25,1283.032755
-38.63,22,1283.385388
-35.71,27,1283.939336
-38.79,26,1286.308416
-37.61,25,1286.680713
33.0,22,1286.999343
-32.68,28,1287.440171
35.094375,32,1288.04698
-35.23,29,1288.638106
-35.09,38,1289.434062
-32.01,27,1289.857864
-44.07,18,1290.042394
35.358333,24,1290.427677
-40.68,22,1290.835949
-41.25,25,1291.358749
35.677914,28,1291.865738
-35.8,28,1292.581047
-35.57,29,1293.126892
-38.79,26,1293.655624
-38.5,24,1294.071555
-41.63,21,1294.435651
-38.09,30,1294.972982
-38.51,23,1295.348543
-41.79,20,1297.57247
-44.54,26,1297.8809
-41.32,33,1298.293915
-38.27,27,1298.631932
-36.0,32,1299.05469
35.429471,26,1299.518203
-35.62,43,1300.262056
-38.5,20,1300.698189
-35.8,37,1301.449311
-35.16,49,1302.385922
-32.87,38,1303.051651
-44.26,18,1303.381653
-47.22,22,1303.765673
-32.27,28,1304.24458
-35.34,30,1304.800192
-41.78,30,1305.318486
-37.91,28,1305.821418
-44.33,46,1309.239626
-34.75,34,1309.655263
-41.48,34,1310.116196
-41.82,23,1310.436795
-38.6,25,1310.861823
-38.11,30,1311.374141
-41.12,21,1311.739428
38.192308,25,1312.1835
-42.0,23,1312.587609
-41.32,25,1313.040077
-44.33,21,1313.510954
34.586608,30,1314.100345
-38.06,35,1314.731784
37.511224,27,1315.221761
-37.92,25,1315.867836
-41.17,28,1316.35572
32.056225,43,1317.155642
32.876513,30,1320.27585
-38.83,27,1320.627035
-34.67,32,1321.572052
-41.18,27,1321.967227
-40.67,38,1322.620938
-41.35,26,1323.137224
-41.33,22,1323.535761
-33.0,30,1324.064179
38.636364,25,1324.497838
-38.47,26,1324.960243
-35.67,34,1325.60193
-38.63,24,1326.028339
-38.71,27,1326.723264
-38.32,23,1327.176802
30.0,36,1327.800774
-41.29,22,1328.207331
-39.0,28,1328.698092
-32.48,35,1329.366302
-44.71,18,1330.172463
-35.09,28,1332.310713
-41.61,23,1332.663468
-42.0,20,1332.95934
-30.0,30,1333.481599
-36.0,27,1333.94831
-35.13,38,1334.658043
-35.24,26,1335.105917
-32.19,31,1335.690007
-41.26,32,1336.198685
-35.45,32,1336.782601
-41.78,22,1337.169114
-32.36,37,1337.814923
35.072398,25,1338.27571
-39.0,22,1338.681939
-35.03,33,1339.275325
-32.63,29,1339.799549
-41.42,25,1340.221037
-38.5,38,1340.917681
32.424149,26,1343.139081
-39.0,31,1343.608361
-36.0,23,1343.944783
-38.34,20,1344.259059
-38.32,22,1344.650716
-35.65,33,1345.253756
-41.4,20,1345.792252
-39.0,25,1346.209399
-38.02,27,1346.643377
-38.29,31,1347.216506
-38.5,23,1347.619944
-35.91,29,1348.128823
-35.17,32,1348.755947
-41.45,20,1349.206794
-35.56,31,1349.771284
-38.33,26,1350.209903
-32.05,33,1350.787791
-33.0,25,1351.767335
38.046095,37,1354.425269
-41.45,26,1354.784238
-38.67,27,1355.214239
-38.97,25,1355.637144
33.0,82,1357.059627
-43.49,20,1357.438142
-38.41,28,1357.970055
-35.67,42,1358.763959
-38.79,24,1359.205985
-33.0,31,1359.712735
-38.04,34,1360.280503
-38.5,23,1360.672231
-35.26,22,1361.097224
34.7311,37,1361.755121
-44.31,23,1362.194021
-34.85,39,1362.993047
-33.0,30,1365.329864
-41.44,22,1365.64495
-47.26,32,1366.160716
37.318813,29,1366.596101
-35.09,29,1367.141549
-32.44,32,1367.697078
34.152425,35,1368.347394
-38.91,28,1369.098483
-36.0,30,1369.595282
-38.7,25,1370.015381
-38.43,31,1370.545334
32.03169,34,1371.438146
-38.59,21,1371.81195
-42.97,22,1372.2588
-42.0,21,1372.623266
-41.5,19,1372.97077
-41.07,24,1373.393788
34.420315,38,1374.026027
-37.09,32,1374.584646
-32.88,28,1376.83367
-39.0,32,1377.294778
-41.45,24,1377.639779
-36.0,28,1378.039927
32.272358,35,1378.681341
-41.48,24,1379.081436
-41.41,25,1379.676531
-32.66,39,1380.389127
-35.57,29,1380.922864
-35.04,33,1381.519752
39.0,23,1381.926923
-35.16,31,1382.521603
-35.34,38,1383.337291
32.414545,39,1384.275349
-38.12,25,1384.793322
-41.81,23,1385.277427
-41.47,37,1385.986442
32.423208,41,1388.68262
-35.39,24,1389.081378
-41.24,29,1389.55538
-33.0,29,1389.985548
32.215447,33,1390.441683
-41.71,27,1390.83391
-38.88,28,1391.296631
-38.28,23,1391.691554
-38.29,24,1392.081253
32.158177,33,1392.720356
-38.74,33,1393.266129
-33.0,42,1394.017095
32.112727,31,1394.592405
-41.16,31,1395.161548
-35.43,27,1395.630192
-39.0,25,1396.037045
-41.48,30,1397.146803
-41.6,20,1399.384311
-32.38,32,1399.883364
-35.19,35,1400.348063
-41.49,28,1400.754681
-44.06,15,1400.977688
-35.17,35,1401.442424
-41.39,22,1401.775221
-33.0,30,1402.296789
-38.36,22,1402.673181
-32.17,50,1403.389812
-33.0,34,1404.011631
-34.97,33,1404.642358
36.78285,28,1405.333491
-38.09,20,1405.71812
37.671901,32,1406.347738
-39.0,28,1406.815791
-35.1,34,1407.845154
-41.07,22,1410.105047
-41.68,49,1411.076599
-47.01,25,1411.528167
-38.7,36,1412.028198
-38.61,26,1412.38339
-35.58,41,1412.969848
-42.0,24,1413.468997
-32.31,30,1414.228545
-38.62,29,1414.741616
34.724323,28,1415.240139
-38.71,25,1415.692599
-38.16,28,1416.193122
-38.74,29,1416.730789
32.427984,40,1417.397835
-37.55,26,1417.956141
-38.3,26,1418.47923
-39.0,34,1419.080167
-37.27,28,1421.405319
-44.11,16,1421.715278
-41.02,27,1422.166528
34.239169,38,1422.712348
-35.7,41,1423.299772
-38.17,24,1423.877919
-37.9,39,1424.446645
32.937956,36,1425.407241
-40.76,21,1425.739306
32.843866,31,1426.299294
-35.19,23,1426.693122
-36.0,29,1427.207323
33.0,46,1427.995481
32.214545,36,1428.645019
-35.88,26,1429.077881
-41.77,20,1429.428136
-35.74,23,1429.851127
-36.0,33,1432.336919
-35.2,46,1433.109956
-44.29,24,1433.473944
-41.32,35,1433.954973
-41.71,21,1434.244477
-34.59,30,1434.685043
-38.42,26,1435.068157
-41.22,29,1435.622157
-38.37,28,1436.233829
-32.47,32,1436.815236
-35.05,31,1437.347195
-41.31,27,1437.797795
-38.41,29,1438.431856
-34.99,33,1439.02235
33.0,26,1439.459376
32.070552,37,1440.152096
41.58547,20,1440.48516
-35.24,32,1442.899067
-42.01,19,1443.228156
-35.81,28,1443.692325
-44.27,19,1443.998616
32.72242,29,1444.436139
-41.1,30,1444.912756
-35.11,29,1445.308864
-44.39,29,1445.734062
-34.78,30,1446.278113
-38.37,21,1446.624318
-44.47,20,1446.962507
-35.32,27,1447.464957
-41.51,23,1447.939018
-37.78,25,1448.535439
-38.93,28,1449.096899
-35.57,36,1449.770984
-32.12,37,1450.449413
-38.32,20,1450.786568
-35.94,23,1451.171159
-35.17,26,1451.601416
32.041509,38,1454.094285
-37.79,30,1454.599618
34.551204,33,1455.10447
-41.62,31,1455.600273
-39.0,30,1456.496675
32.212851,39,1457.059549
-45.0,20,1457.365948
-45.0,44,1458.243119
-41.34,28,1458.75816
-44.56,21,1459.085034
-38.19,20,1459.438218
-42.0,26,1459.886875
-35.81,32,1460.413069
-40.91,30,1460.924539
-39.61,34,1461.545321
-35.21,29,1462.035898
-33.0,38,1464.546387
-41.57,21,1464.878674
-42.0,25,1465.331095
32.42616,27,1465.796593
-33.0,35,1466.328672
-32.27,27,1466.824637
-45.0,29,1467.314213
-44.72,17,1467.583239
-44.53,24,1467.945521
-38.39,25,1468.348197
-41.76,30,1468.873734
-41.91,24,1469.276942
-41.91,19,1469.606701
-39.0,19,1469.939193
-34.98,27,1470.492184
-44.23,27,1471.006499
-38.33,19,1471.359837
32.149606,43,1472.160064
-44.08,21,1472.565839
-44.57,24,1472.975259
-38.25,39,1475.610749
-33.0,29,1476.100201
-41.33,25,1476.592672
32.784906,32,1477.170501
-40.96,27,1477.622362
33.0,25,1477.977992
-35.19,53,1478.793606
-32.71,27,1479.168959
-41.71,30,1479.610951
35.148012,25,1480.107657
-32.7,36,1480.729792
-35.99,29,1481.452748
-38.6,34,1482.04323
-38.91,24,1482.479372
-32.61,29,1482.997083
-41.89,28,1483.530645
35.492481,26,1483.965266
-32.78,36,1486.421731
-35.68,29,1486.883317
33.0,37,1487.536428
-38.1,29,1488.033752
-40.1,27,1488.491915
-44.18,23,1488.835369
-35.58,27,1489.213099
-38.23,28,1489.579139
-35.78,24,1489.883183
-38.99,30,1490.303535
-44.34,22,1490.630786
-38.88,25,1491.074641
-35.5,38,1491.746613
-35.29,27,1492.209851
-38.43,31,1492.736509
32.490566,28,1493.244525
-35.04,32,1493.782166
-44.26,63,1496.699234
-36.0,23,1497.06545
-35.39,26,1497.50614
32.418182,35,1498.068378
-35.53,26,1498.59951
36.0,25,1499.1034
-36.0,40,1499.678807
-38.17,27,1500.048701
-32.53,30,1500.456529
35.577358,29,1500.847175
-42.0,20,1501.179937
-38.49,24,1501.63435
-41.67,25,1502.102842
-38.91,18,1502.385452
-41.34,26,1502.816329
-38.2,24,1503.208859
32.753846,31,1503.728639
35.30566,25,1504.111536
-35.65,29,1504.680951
-44.46,25,1507.016443
-41.23,17,1507.280268
-32.17,43,1508.001151
32.24,34,1508.549821
-42.0,20,1508.881868
-32.83,32,1509.431395
-37.98,24,1509.796509
-47.79,20,1510.146337
-45.0,28,1510.54081
32.577778,21,1510.831247
-37.74,31,1511.259288
-41.42,22,1511.559729
-35.32,25,1511.92781
-44.38,29,1512.366541
43.20644,24,1512.790197
-33.0,22,1513.144806
-38.54,22,1513.501087
-42.0,29,1513.985387
36.0,28,1514.464018
-38.27,27,1516.759528
-33.0,33,1517.296958
-36.0,24,1517.668299
-41.12,25,1518.085132
-41.88,20,1518.422492
-32.59,31,1518.911896
-35.39,26,1519.348594
-41.43,23,1519.729896
-32.91,38,1520.334027
35.15139,42,1520.928783
-41.63,16,1521.187519
-40.29,23,1521.481532
-35.32,40,1522.013075
-44.47,17,1522.256133
-35.91,22,1522.720504
-36.0,36,1523.390023
-34.35,40,1524.148304
-38.73,33,1524.718134
32.685393,32,1527.541831
-44.22,20,1527.929425
-35.72,25,1528.465381
32.051471,44,1529.2332
-39.0,33,1529.785354
-35.41,35,1530.618215
-43.54,23,1531.049586
-38.66,30,1531.586673
-35.82,43,1532.331073
31.605114,34,1532.819433
-38.68,27,1533.216451
-35.46,27,1533.604557
-32.93,36,1534.11483
32.235521,59,1535.413756
-35.17,40,1536.24348
-36.0,32,1539.08834
-38.89,34,1539.660129
-41.64,34,1540.296151
-32.55,33,1540.87513
-41.6,20,1541.194554
-42.0,21,1541.613199
-39.0,33,1542.411513
-42.0,31,1543.006556
-32.17,47,1543.797533
-34.74,33,1544.320638
-38.51,25,1544.703373
-41.27,21,1545.013976
-41.96,23,1545.354271
35.033333,24,1545.699629
-41.7,21,1546.028625
-36.0,30,1546.500104
-32.59,30,1547.15652
-41.13,23,1548.243202
-38.74,22,1552.410992
-41.6,26,1552.991546
-38.04,28,1554.069536
-38.88,26,1554.94439
-37.2,22,1555.528502
-37.8,28,1556.295466
-35.49,25,1556.820108
-35.03,26,1557.481136
-41.51,25,1558.038485
-36.0,32,1558.607347
32.20438,33,1559.213405
-38.49,29,1559.884177
38.028278,25,1560.258979
-44.73,23,1560.609719
33.0,35,1561.348159
-39.0,21,1561.720554
-40.92,27,1562.201277
-44.4,30,1562.770593
-35.18,30,1563.300086
-45.0,19,1566.127144
-36.86,33,1566.607753
35.636364,30,1567.052578
-37.87,21,1567.532249
-43.69,25,1568.072913
-35.26,27,1568.574028
-41.01,30,1569.107513
32.003891,38,1569.790957
-36.0,26,1570.267416
-38.3,30,1570.793187
33.0,81,1572.200995
-32.28,31,1572.676491
-41.13,25,1573.027511
-38.12,32,1573.470392
-41.81,25,1573.856971
-35.32,46,1574.465482
-38.0,22,1576.889952
-41.39,19,1577.225088
-38.03,29,1577.773458
-32.9,32,1578.422701
31.930712,26,1578.89123
-41.94,27,1579.478015
-35.14,26,1579.955519
35.279338,27,1580.542664
-35.78,27,1581.183773
-32.26,24,1581.579605
-35.46,30,1582.120663
-32.95,32,1582.73772
35.158371,39,1583.498762
-44.09,15,1583.791242
-41.88,27,1584.260061
33.0,27,1584.690571
-40.53,40,1585.326133
-35.28,27,1585.73112
35.004065,25,1586.095551
35.396226,27,1588.553944
-47.5,21,1588.781784
-35.19,24,1589.382387
35.432203,27,1589.913592
-33.0,33,1590.50521
-35.5,22,1590.997523
-41.74,31,1591.555425
-32.57,35,1592.195054
-39.0,26,1592.689715
-36.0,27,1593.158735
-35.24,26,1593.611608
-35.64,33,1595.157826
-35.13,25,1595.626249
-40.3,39,1596.197604
-35.74,26,1596.575989
32.235915,40,1597.20717
-35.15,27,1597.598853
-32.46,28,1599.908853
-38.26,26,1600.287334
-35.34,23,1600.641343
38.133301,20,1601.002549
-40.37,24,1601.425575
35.620896,22,1601.813706
-39.0,25,1602.258708
-41.42,20,1602.652222
-35.68,25,1603.147088
33.0,34,1603.740393
30.0,42,1604.467264
-41.37,25,1604.897004
-35.41,41,1605.640177
-38.22,31,1606.194272
-32.05,51,1607.081056
35.137195,117,1610.975809
-42.81,31,1611.459122
35.164474,32,1612.002885
35.30231,34,1612.596464
-38.18,27,1613.077249
33.0,27,1613.513402
-38.18,26,1614.005033
-36.0,36,1614.902735
-36.0,27,1615.380956
32.682848,33,1615.942081
-37.98,36,1616.590486
-43.91,26,1617.629404
-33.0,31,1618.16237
-38.49,34,1618.707352
-35.66,27,1619.101138
-38.52,31,1619.541112
-41.95,23,1619.875082
-39.0,24,1622.248515
-36.0,36,1622.812052
-38.72,35,1623.375249
-35.83,24,1623.836013
-33.0,26,1624.298462
-32.61,29,1624.822706
-42.0,26,1625.319535
-32.62,34,1625.923666
-33.0,31,1626.47963
-30.0,26,1626.925199
-35.86,32,1627.505525
-41.07,32,1628.108348
-38.55,26,1628.581196
-35.09,37,1629.157565
-33.0,30,1629.656796
38.671186,22,1630.021487
-32.36,26,1630.401976
32.146341,48,1633.024505
-40.92,23,1633.371609
-38.63,27,1633.777149
-36.0,31,1634.354778
34.797812,27,1634.811205
-38.67,34,1635.594218
-37.82,28,1636.058624
-35.64,24,1636.507167
-35.91,22,1636.902322
-40.46,44,1637.729317
-44.32,22,1638.123009
-32.07,34,1638.725019
32.622517,37,1639.377821
-44.52,22,1639.968696
-41.61,21,1640.364927
-32.52,29,1640.855344
-32.61,33,1641.373322
-41.23,109,1644.86646
32.136986,29,1645.36417
-35.17,26,1645.822775
32.328622,33,1646.414904
-41.57,36,1647.055143
-32.61,31,1647.570219
-41.41,22,1647.96552
-35.06,39,1648.772026
-41.17,27,1649.251628
-41.17,21,1649.61688
-38.81,26,1650.074159
-44.6,22,1650.497419
-47.18,21,1650.841691
-32.21,37,1651.479991
-37.72,25,1651.928617
-35.81,26,1652.350298
-38.42,25,1654.562031
32.262391,37,1655.128502
-38.69,32,1655.631008
32.025455,53,1656.758446
-42.0,26,1657.197047
-39.0,25,1657.634623
-32.33,30,1658.537179
-38.78,29,1659.033921
-32.28,32,1659.624262
-33.0,31,1660.457532
-38.5,27,1660.992232
32.444649,93,1662.721045
39.983219,27,1663.192763
-41.23,22,1663.609469
-41.81,20,1663.884799
-43.95,41,1666.334129
-41.03,23,1666.684665
-38.39,30,1667.178025
-38.91,24,1667.861367
-38.57,33,1668.46947
-35.59,30,1669.038041
-35.74,34,1669.634948
-35.91,28,1670.148192
-33.0,35,1670.728881
45.0,25,1671.160306
-32.39,39,1671.821352
-38.36,115,1673.83741
35.207547,28,1674.321046
-37.5,28,1674.815415
32.162264,45,1677.247068
-39.0,30,1677.685111
-36.0,30,1678.211898
-44.32,29,1678.74353
-44.31,25,1679.182359
-46.24,22,1679.564158
-44.16,20,1680.04795
32.105263,32,1680.593757
-40.4,39,1681.271573
32.914676,30,1681.807767
-38.73,28,1682.300415
34.812849,35,1682.932397
-39.0,22,1683.334204
-38.7,30,1683.876743
-36.91,23,1684.285398
32.597173,26,1684.793421
-47.58,22,1685.199143
-35.64,31,1685.719354
-32.68,32,1688.318388
-43.57,20,1688.646869
-33.69,34,1689.209161
38.384208,120,1691.39287
-35.41,21,1691.849407
-35.28,27,1692.418759
-41.52,21,1692.782676
-35.64,40,1693.495054
-35.68,23,1693.892077
-32.39,41,1694.607615
-43.89,21,1694.973333
-41.77,21,1695.280937
-32.09,41,1696.001005
32.423841,26,1696.457216
-44.31,19,1696.805999
-32.46,33,1699.082166
-40.55,33,1699.507982
-35.91,25,1699.948978
-37.88,24,1700.423671
32.5,27,1700.902804
-40.46,30,1701.451689
-36.0,24,1701.922902
-41.56,28,1702.427687
-32.75,24,1702.844374
-43.7,23,1703.255563
-41.72,22,1703.632451
-38.65,32,1704.199994
-35.7,36,1704.816578
35.125424,27,1705.295706
-42.0,36,1705.956822
-35.69,35,1706.558889
-37.51,58,1707.618372
-32.22,36,1710.027858
-38.03,27,1710.402549
-41.64,40,1710.936409
34.766713,30,1711.36043
-41.35,28,1711.945625
-35.56,26,1712.564207
-47.42,16,1712.920187
-42.0,19,1713.347289
-41.81,26,1713.91408
-36.0,44,1715.068355
-44.3,18,1715.454093
-40.28,29,1716.001096
-32.02,28,1716.546842
-41.2,22,1717.003833
-41.83,19,1717.373983
-35.11,24,1717.834746
-35.3,30,1718.375096
-44.74,25,1718.941436
32.084806,30,1719.722042
-38.93,24,1722.447183
-35.02,26,1722.854509
-38.13,26,1723.203107
-44.17,22,1723.532004
-35.37,33,1724.026467
-38.13,27,1724.475852
-32.48,28,1724.971633
-36.0,28,1725.515668
-32.05,43,1726.375098
-36.0,23,1726.778583
-34.65,28,1727.30587
-32.39,44,1728.114134
-35.16,31,1728.702109
-35.86,28,1729.271173
-44.36,26,1729.744333
-38.44,25,1730.233419
-32.74,34,1730.881144
-36.86,28,1734.013671
-32.89,28,1734.457121
-38.73,22,1734.798069
43.936899,27,1735.198138
-35.09,30,1735.669571
-38.3,34,1736.156623
-41.53,26,1736.612605
-44.03,19,1736.98938
32.768293,30,1737.547642
-38.77,27,1738.060307
-38.02,23,1738.514701
-36.0,32,1739.140255
-35.83,26,1739.693852
-42.9,24,1740.110879
-38.8,32,1740.705157
-40.76,23,1741.15519
-41.0,20,1741.516874
-41.55,31,1742.380174
35.605263,27,1742.963007
-34.69,34,1745.954834
-44.55,22,1746.328949
-41.4,24,1746.677605
-37.13,37,1747.190655
-38.41,35,1747.674597
-44.12,21,1747.97088
-35.77,23,1748.578811
-37.2,23,1748.93457
-38.51,23,1749.33057
-41.27,28,1749.810591
-32.91,26,1750.312695
-35.9,28,1750.780183
-35.49,72,1752.145316
-35.0,34,1752.842611
-36.0,35,1753.492375
-38.39,30,1754.114165
-41.21,23,1754.587823
-36.0,23,1757.407097
-32.28,25,1757.83806
-44.5,22,1758.183394
-41.39,24,1758.573939
-33.0,35,1759.133682
41.168033,29,1759.513483
-43.0,23,1759.873388
-38.88,30,1760.307298
-44.15,21,1760.642636
-42.58,21,1761.027393
-32.29,32,1761.638858
32.465863,37,1762.350601
34.843417,25,1762.795984
-39.0,34,1763.163483
-41.36,32,1763.75165
-41.8,38,1764.470606
-38.76,28,1765.001921
-38.05,26,1765.524267
-38.21,26,1766.039086
-39.0,27,1769.503778
-38.73,28,1769.956311
32.736626,31,1770.44364
32.047782,39,1771.075374
-32.73,31,1771.535083
-35.01,42,1772.142582
32.325203,39,1772.766276
-38.06,25,1773.156333
-40.8,26,1773.697818
-38.52,37,1774.429295
-41.39,24,1775.084091
-40.46,26,1775.614052
-41.53,22,1776.059078
-41.78,25,1776.534037
-41.55,29,1777.096093
38.332578,23,1777.548706
32.297229,31,1778.100859
37.685305,28,1780.973097
39.308558,28,1781.420058
-38.47,26,1781.845793
-39.0,30,1782.329975
-32.59,28,1782.710179
37.087121,27,1783.134304
-34.54,33,1783.685817
-32.38,36,1784.222684
-41.64,21,1784.545968
-41.68,24,1784.980979
-37.16,40,1785.734598
-40.12,24,1786.180307
-41.13,32,1786.849643
36.982477,32,1787.476506
-38.38,25,1787.912193
-33.0,44,1788.72963
-43.58,33,1789.305789
32.526104,41,1792.444391
-38.73,20,1792.772977
-35.42,25,1793.292913
-39.94,28,1793.742268
-35.71,25,1794.13324
-38.91,51,1795.014771
35.616935,26,1795.476767
-36.95,32,1796.616127
-41.36,22,1797.209423
-35.12,28,1797.772731
-36.0,29,1798.303772
-41.08,35,1798.944977
-44.8,17,1799.26433
-39.0,22,1799.695695
35.044326,47,1800.533298
-38.03,41,1801.287673
32.055728,33,1802.266145
-35.81,26,1804.953552
-41.34,25,1805.359959
-41.01,26,1805.796682
-42.0,35,1806.350887
-39.0,22,1806.784264
-41.33,28,1807.271742
-38.0,29,1807.7663
-35.26,31,1808.295543
-47.13,14,1808.538417
-37.86,29,1809.083347
32.623616,36,1809.737757
-38.35,28,1810.235473
-35.21,31,1810.817364
-41.6,23,1811.269935
-35.41,32,1811.872704
-41.42,26,1812.569237
-35.1,32,1813.195656
-42.0,24,1813.663074
-44.37,20,1816.173736
-33.0,28,1816.648669
32.129707,25,1817.057641
-33.0,36,1817.744367
-35.67,32,1818.245123
34.142909,41,1818.9114
-44.24,18,1819.197766
-38.56,28,1819.627104
-38.01,24,1819.992005
-37.9,25,1820.446433
-44.53,29,1820.980717
-32.55,40,1821.719764
43.517124,23,1822.150909
-32.66,32,1822.747068
-39.0,32,1823.455798
32.25,31,1824.142505
-32.9,38,1824.864989
-38.39,26,1827.559214
-32.14,41,1828.209859
-38.58,24,1829.195113
-39.0,22,1829.795249
-41.82,21,1830.174919
-37.94,27,1830.648172
-38.01,28,1831.062773
-38.61,26,1831.456693
32.877133,29,1831.885873
-35.91,25,1832.45435
32.451064,25,1832.858429
-38.36,33,1833.481314
-35.27,32,1834.10693
-40.94,21,1834.522195
-35.47,31,1835.124162
-41.11,21,1835.783926
-41.11,20,1836.219869
-41.09,17,1836.551252
-40.88,31,1837.208103
-32.91,27,1837.647939
-32.15,39,1840.312335
-35.16,29,1840.890936
-38.81,27,1841.394377
32.560976,56,1842.328471
-36.0,29,1842.774719
-38.47,36,1843.335799
-41.53,26,1843.745215
-41.93,20,1844.058002
-32.91,31,1844.648012
-41.88,69,1845.919999
-38.71,28,1846.413635
-42.0,22,1846.834079
-32.49,27,1847.322444
-35.39,21,1847.740024
-42.0,18,1848.086208
-39.0,18,1848.366905
-41.91,36,1851.326904
-38.21,23,1851.837433
-35.67,26,1852.32809
-41.68,17,1852.655384
-40.12,26,1853.156692
-35.45,28,1853.62889
-40.52,30,1854.05157
-31.8,31,1854.567605
42.594017,27,1854.972417
-32.5,32,1855.958384
32.251701,29,1856.608127
-32.29,28,1857.255213
-44.64,28,1857.834115
32.273312,31,1858.746364
-39.0,23,1859.206345
-32.14,31,1859.861511
-42.0,18,1860.360369
-40.66,26,1861.098397
-38.93,29,1861.688461
-37.1,28,1863.911164
-35.79,26,1864.372253
-42.0,21,1864.829167
-38.55,28,1865.326825
-39.0,30,1865.874807
-38.12,24,1866.342157
-35.06,31,1866.918067
-41.31,16,1867.244671
-44.55,29,1867.699032
-35.7,28,1868.106106
-41.19,25,1868.476303
-38.2,27,1868.872409
-36.0,33,1869.473362
-32.05,33,1870.112883
-36.0,30,1870.678332
-38.79,29,1871.181778
-33.0,26,1871.647537
-44.81,29,1872.151204
-34.9,81,1875.714085
37.429893,58,1876.947554
-38.71,23,1877.315208
-38.72,26,1878.04246
-35.61,31,1878.768296
-38.34,34,1879.524938
32.71875,29,1879.953754
-32.32,28,1880.358251
-35.89,34,1880.844913
-38.71,24,1881.232554
-32.29,30,1881.735209
-41.86,28,1882.242248
-38.67,24,1882.819885
-32.11,31,1883.510877
-32.11,31,1883.99246
-41.33,23,1884.37011
35.362229,47,1887.172075
-44.45,21,1887.600677
-32.62,32,1888.193373
-41.3,21,1888.59918
-42.0,29,1889.156069
-35.22,34,1889.834242
-35.09,25,1890.315263
-38.2,18,1890.710805
-41.29,25,1891.193238
-44.44,23,1891.60561
-35.55,34,1892.152164
35.602941,33,1892.970814
35.540284,28,1893.428265
-44.56,22,1893.823921
-35.5,29,1894.526115
-41.37,25,1895.054461
-35.18,28,1895.582077
-35.12,30,1896.093151
30.0,37,1899.410038
-39.0,17,1899.760418
37.552297,32,1900.420143
-39.0,26,1901.023971
-39.0,39,1901.791348
-38.25,21,1902.233069
33.0,34,1902.934329
-39.0,27,1903.481136
-41.88,20,1903.940938
-44.18,22,1904.408951
-38.69,22,1904.811364
32.890196,25,1905.216769
-41.41,25,1905.654304
-40.89,30,1906.177298
-39.0,35,1906.753498
-35.45,38,1907.689845
-36.77,31,1908.217817
-30.0,31,1908.756976
-35.51,25,1911.65501
-38.04,33,1912.334696
-35.57,28,1912.89719
-40.61,31,1913.552084
-33.0,29,1914.177756
-32.09,31,1914.801401
-42.0,26,1915.317306
-35.16,26,1915.836429
-35.57,29,1916.435504
-42.0,27,1917.008189
-35.53,26,1917.521058
-33.0,30,1918.024034
35.385666,24,1918.405312
-47.91,28,1918.915156
-44.93,27,1919.312641
-38.11,28,1919.707709
-35.73,26,1920.197312
-44.61,23,1920.656973
-43.45,20,1920.974903
-40.57,28,1923.80213
-35.8,34,1924.482036
-38.25,26,1925.004731
-41.72,21,1925.527344
40.915999,22,1926.165817
-34.72,41,1927.538766
-41.8,25,1928.032901
-36.0,42,1928.874965
-35.74,26,1929.369344
-40.71,23,1929.855901
-38.55,31,1930.446329
30.0,34,1930.949887
-38.78,24,1931.288229
32.708171,30,1931.699227
32.22973,35,1932.165703
-37.75,29,1932.606872
-35.04,29,1933.133976
-38.15,30,1933.787604
-34.94,28,1936.517521
-35.33,31,1937.302898
-38.0,31,1937.861892
-38.43,26,1938.360036
-38.38,26,1938.863864
-41.61,28,1939.577465
-41.51,25,1940.071045
32.513725,39,1940.819728
32.776567,32,1941.434152
35.964444,31,1941.990489
-41.51,19,1942.458669
35.17663,37,1943.081566
30.0,36,1943.582448
37.476945,25,1943.890803
35.12,26,1944.217117
-33.0,40,1944.751585
-41.67,18,1945.045581
32.119718,35,1947.866385
-38.88,27,1948.390739
-35.76,46,1949.230518
32.412,37,1949.898978
-38.21,23,1950.320034
-35.23,27,1950.818343
-32.4,29,1951.280296
-38.05,26,1951.701376
-47.4,22,1952.077675
-36.0,26,1952.511447
-38.38,27,1952.988724
-38.68,27,1953.463479
-41.5,22,1953.828061
-44.79,24,1954.148302
-35.63,27,1954.503264
-47.76,22,1954.785013
-35.33,23,1955.084111
-35.3,27,1955.418612
-36.0,28,1955.854476
35.051852,35,1958.776929
32.607477,28,1959.372025
-41.15,23,1959.953019
-42.0,24,1960.445831
-36.0,39,1961.175946
32.836299,44,1961.940501
-38.62,22,1962.348761
-38.93,23,1963.001659
-38.08,26,1963.661918
-38.02,27,1964.290807
-41.8,23,1965.057977
-38.99,29,1965.689436
-33.0,45,1966.503881
-41.61,27,1966.905915
-41.27,19,1967.164398
-41.09,25,1967.666656
-32.75,26,1968.082529
-35.58,25,1968.497586
37.34906,26,1971.231067
-32.91,29,1971.829879
-42.0,19,1972.157044
-43.58,24,1972.651216
-35.54,26,1973.15484
-38.8,20,1973.513422
-41.18,20,1973.832687
-38.18,25,1974.242126
32.714765,30,1974.76449
-42.0,29,1975.264435
-34.8,28,1976.28446
-44.23,30,1976.784169
-35.59,32,1977.284991
-38.93,25,1977.634664
-38.18,24,1977.991693
-41.02,26,1978.354047
-41.32,26,1978.685859
-38.5,45,1979.339045
-41.11,18,1979.594829
-44.32,19,1982.28035
-36.0,27,1982.794242
-38.27,30,1983.29295
-35.74,23,1983.657034
-38.77,28,1984.141109
-32.62,24,1984.552081
-38.43,29,1985.06985
-32.84,45,1985.844276
-44.73,17,1986.116412
-38.43,22,1986.506721
-44.9,21,1986.866639
-42.0,23,1987.266118
-41.54,21,1987.636193
-35.11,25,1988.037679
-32.72,23,1988.387805
-38.84,22,1988.702997
-39.0,22,1989.03194
-41.41,37,1989.746386
-32.54,30,1990.176925
-35.59,27,1990.569713
-41.21,28,1993.245761
-40.6,17,1993.579634
-32.96,30,1994.078209
-32.81,32,1994.750585
-38.24,32,1995.434112
-40.67,40,1996.356275
-40.96,30,1997.02721
-35.63,27,1997.582316
-38.23,34,1998.249711
38.550218,21,1998.622775
32.631068,34,1999.748185
-41.23,23,2000.243969
-41.61,31,2000.801155
32.490385,36,2001.470834
-40.84,43,2002.083961
-41.8,34,2002.583591
-41.39,21,2002.967078
-43.54,23,2005.597867
-38.84,23,2006.124656
-43.74,28,2006.622574
-32.5,32,2007.139556
-44.75,16,2007.422704
-40.92,34,2007.999646
-32.3,28,2008.356699
-38.84,24,2008.813519
-32.04,38,2009.614827
-32.18,31,2010.22582
-37.88,22,2010.673906
35.444444,29,2011.22788
-32.23,31,2012.01474
-39.0,39,2012.848146
-35.92,30,2013.373576
35.8,28,2013.865411
-35.6,31,2014.487648
32.114545,37,2017.342221
-39.0,30,2018.028594
-38.35,30,2018.715108
32.658621,32,2019.348384
-35.38,35,2020.013149
-38.41,26,2020.80095
-44.31,18,2021.168798
-36.0,29,2021.749585
-32.36,30,2022.332957
-33.0,26,2022.927569
-44.3,23,2023.444174
31.757353,39,2024.200918
32.402439,24,2024.616294
-38.52,23,2024.922783
-35.42,34,2025.559231
-41.65,20,2025.909133
35.241667,29,2026.335125
34.352242,27,2026.757477
-41.88,23,2027.136811
-39.0,19,2029.914206
-40.53,22,2030.324685
-35.6,29,2030.86989
-43.52,25,2031.509902
-35.88,32,2032.125946
-38.4,18,2032.46649
-36.0,32,2033.111724
-41.08,25,2033.652529
-35.59,40,2034.652716
-35.39,29,2035.253075
-35.0,27,2035.791567
-38.03,23,2036.20763
-38.13,22,2036.608783
-32.17,26,2037.035563
-38.25,23,2037.404829
-38.71,31,2037.900285
-35.02,39,2038.509717
-32.25,32,2039.047114
-41.95,24,2039.897503
-41.71,19,2042.30225
-38.41,25,2042.779923
-43.74,32,2043.41915
-36.0,29,2043.962254
-38.11,34,2044.593774
-35.81,27,2045.089648
-44.09,34,2045.921057
-37.51,34,2046.58787
36.0,31,2047.351105
-41.58,25,2047.834502
-32.93,35,2048.485423
-32.05,32,2049.018768
-43.69,31,2049.508378
-41.1,22,2049.875797
-43.81,18,2050.190523
-38.61,29,2050.648322
-32.3,34,2051.276728
-35.38,29,2053.887072
-35.5,35,2054.445599
-35.1,38,2055.14131
-43.33,46,2055.950186
-41.46,24,2056.403621
-38.22,30,2056.945017
-36.0,46,2058.471214
-35.5,33,2059.075491
-39.0,22,2059.475779
33.0,27,2059.97199
35.44403,31,2060.519672
-42.0,19,2060.831977
42.0,31,2061.361402
-42.0,14,2061.581219
-38.58,28,2062.020987
-44.28,26,2062.465259
-38.69,23,2062.924595
-35.78,37,2066.204002
-38.53,25,2066.678001
-32.83,38,2067.351415
-35.45,31,2067.91074
-41.03,45,2068.723869
-38.48,26,2069.239481
-32.66,33,2069.859676
-44.09,19,2070.246801
-32.76,38,2070.963663
-41.19,27,2071.453562
-40.73,19,2071.77499
-37.49,34,2072.3289
-38.1,23,2072.853017
-44.5,21,2073.29628
-35.37,27,2074.06286
-38.08,35,2074.727343
32.065693,35,2075.354258
-35.7,26,2075.823847
-38.77,23,2078.185709
-39.0,25,2078.66951
-35.62,27,2079.158767
-36.0,28,2079.665102
-41.02,27,2080.17497
-38.22,29,2080.717829
-35.27,27,2081.234316
38.215545,26,2081.716324
-47.33,31,2082.327409
-42.0,22,2082.725589
-40.62,25,2083.136679
-36.0,26,2083.562932
-41.49,24,2084.002758
-42.0,29,2084.482849
-35.4,30,2085.011635
35.184934,29,2085.67403
-33.0,38,2086.349225
-32.55,26,2086.847066
-38.73,28,2087.379351
-38.0,24,2090.755122
34.708721,35,2091.481148
-32.46,35,2092.165871
32.103175,27,2092.675571
-35.41,23,2093.115862
37.644751,27,2093.575951
33.0,36,2094.196542
31.937262,31,2094.696476
-32.96,32,2095.210672
-38.75,22,2095.614782
35.725191,25,2096.095093
-38.18,27,2096.564147
-39.0,22,2096.955922
-38.25,43,2097.731988
-33.0,34,2098.456273
-35.35,28,2099.111867
31.799342,38,2100.002818
-35.54,29,2103.421929
35.020747,24,2103.876301
-35.49,25,2104.32414
-38.67,21,2104.679737
-32.15,28,2105.134892
-38.91,34,2105.672581
-43.86,28,2106.125067
-37.94,33,2107.120789
-32.85,47,2107.959029
-32.58,37,2108.638663
-35.62,25,2109.112733
-42.0,29,2109.658178
-38.31,41,2110.414815
-34.95,34,2111.080136
-41.86,19,2111.448335
-32.91,28,2112.078238
-33.0,33,2112.725825
35.572368,27,2115.287598
38.281139,31,2115.762273
-38.59,24,2116.138113
-41.79,25,2116.529665
-32.57,35,2117.08972
-38.13,24,2117.512336
-43.47,21,2117.913162
-38.21,35,2118.561787
-42.0,22,2118.937062
-35.91,33,2119.516222
-32.66,26,2119.978287
32.369863,31,2120.532992
-39.0,24,2120.996449
-31.54,42,2121.771025
-35.4,34,2122.408657
-32.24,38,2123.370607
-38.91,29,2123.906365
36.0,30,2126.569919
-44.85,19,2126.843885
-33.0,28,2127.245951
-35.16,36,2128.02732
-38.25,32,2128.584245
-38.81,27,2129.039984
-42.91,20,2129.453692
31.842205,29,2129.977835
-32.77,41,2130.71407
-35.02,22,2131.173872
-32.63,32,2131.848786
-44.42,31,2132.459042
-36.0,30,2133.066371
-33.0,29,2133.652435
-32.67,29,2134.216283
-34.19,29,2134.766133
-38.81,29,2135.381627
-41.17,27,2135.93718
-35.04,42,2138.614389
-39.0,29,2139.028201
32.355872,30,2139.508771
42.881951,22,2139.855713
-38.27,29,2140.312407
-38.82,26,2140.777298
36.72401,24,2141.230572
-41.22,28,2141.755075
-38.4,40,2142.494089
-41.76,23,2142.943669
-41.55,21,2143.309358
-34.75,30,2143.855759
-41.38,21,2144.246758
-40.67,27,2144.825752
35.711027,28,2145.342324
-32.34,28,2146.000068
-40.69,33,2146.58493
-32.58,39,2149.19728
-35.53,55,2149.92564
32.255193,31,2150.393384
-38.05,31,2150.858433
-32.18,27,2151.317994
-33.0,33,2152.590399
-35.33,33,2153.479505
-38.05,28,2154.056743
-33.0,33,2154.829869
-32.27,27,2155.736688
-38.21,37,2156.560323
32.472656,42,2157.428667
-40.59,29,2158.000225
-38.48,39,2158.84971
-33.0,31,2159.382228
-38.55,41,2162.579802
-38.22,23,2162.85511
-41.09,24,2163.236109
37.737423,35,2163.789221
-32.43,35,2164.541463
-38.85,30,2165.115685
-38.08,25,2165.567553
-44.26,20,2165.90477
35.169811,25,2166.368583
-38.45,28,2166.859025
33.0,22,2167.266832
-34.74,23,2167.693259
-41.9,28,2168.194493
-35.68,39,2168.928723
-36.0,40,2169.741063
37.417762,26,2170.237887
-41.9,23,2170.661606
-37.13,38,2171.429143
-38.33,24,2174.52738
-34.97,30,2174.947178
32.077441,33,2175.485361
32.098039,33,2176.046857
-38.37,25,2176.512844
-43.14,20,2176.892294
-41.19,21,2177.27768
-35.49,28,2177.787033
-39.0,22,2178.16471
-39.0,19,2178.491578
-38.41,28,2178.985625
-44.42,68,2180.260833
-42.0,19,2181.082709
-35.34,31,2181.694302
-34.89,34,2182.368123
-35.26,32,2183.021027
-38.66,23,2183.526849
32.097015,41,2184.450031
-38.41,23,2186.805041
-35.68,30,2187.277199
-38.91,24,2187.730117
32.015504,37,2188.629916
-41.05,23,2189.028905
-36.0,29,2189.563925
-41.71,23,2190.043321
-35.11,30,2190.567518
-40.96,30,2191.138987
-35.13,34,2191.771768
-41.5,43,2192.565364
-34.81,28,2193.1217
-36.0,30,2193.766485
-44.28,28,2194.361214
-38.18,27,2194.896363
-33.0,34,2195.585255
35.367442,31,2196.259206
-41.3,23,2198.609828
-40.88,30,2199.014331
34.211388,24,2199.446424
-47.18,25,2199.869865
-32.75,40,2200.558214
-36.0,31,2201.09253
34.645759,35,2201.854025
-41.73,24,2202.274544
-40.42,26,2202.744239
-39.0,46,2203.550919
-41.18,21,2203.906075
-41.78,23,2204.31426
-42.0,25,2204.71148
-36.0,27,2205.176553
-34.65,24,2205.600878
-38.11,29,2206.262394
-44.78,32,2206.986388
-41.24,23,2207.403279
-37.54,26,2209.675044
-35.54,24,2209.998466
-44.49,32,2210.520443
-41.21,35,2211.058679
35.022059,24,2211.453169
-35.79,30,2211.971564
-38.88,35,2212.627722
-32.58,40,2213.293452
-33.0,24,2213.731001
-44.12,18,2214.010637
-35.46,25,2214.440879
-32.81,33,2215.000226
31.958333,25,2215.414965
-34.1,48,2216.207526
-40.97,21,2216.601147
-44.29,27,2217.102881
-35.6,39,2217.772694
-41.91,31,2220.25608
32.083916,32,2220.647469
-35.26,37,2221.17487
-36.0,38,2221.80528
-36.0,36,2222.381399
-41.89,24,2222.80165
-34.37,31,2223.307767
-43.96,32,2223.845967
-43.69,21,2224.229079
-35.84,32,2224.773106
-41.84,24,2225.224441
-39.0,24,2225.584578
-40.98,28,2226.125372
-39.0,26,2226.601093
-44.33,28,2227.078068
-33.0,31,2227.586024
-41.87,19,2227.914584
-38.48,22,2228.315774
37.257922,27,2230.688819
-35.73,25,2230.971155
-35.31,22,2231.251231
-35.37,28,2231.631368
-36.0,48,2232.61168
-33.0,31,2233.112439
-39.0,38,2233.754054
35.650177,30,2234.244508
-40.95,23,2234.62606
41.575892,32,2235.204427
-35.67,31,2235.712677
-41.56,27,2236.165472
-35.89,36,2236.749335
35.34375,35,2237.399224
-35.55,27,2237.870486
-38.81,27,2238.329116
35.602273,24,2238.757493
-34.95,25,2241.121554
-35.69,26,2241.43521
-34.83,28,2241.762882
-35.86,39,2242.263951
-36.0,28,2242.708039
-42.0,22,2243.64848
-39.0,25,2244.065996
-32.18,30,2244.585571
-44.82,29,2245.084647
-41.63,22,2245.445549
34.418705,30,2245.972429
-41.72,25,2246.393889
41.519435,25,2246.815851
-42.0,25,2247.275744
-38.3,27,2247.716717
-34.82,44,2248.503268
32.804878,26,2248.951458
-36.0,32,2249.441216
32.266667,36,2251.804306
-35.6,26,2252.143564
-47.31,22,2252.415833
-33.0,27,2252.83576
-35.56,29,2253.317693
-35.18,31,2253.797575
-44.03,23,2254.120815
-41.15,28,2254.802694
40.854151,16,2255.222744
33.0,29,2255.705577
-44.52,27,2256.17244
-38.22,32,2256.696801
-38.92,26,2257.135865
32.764901,49,2257.944174
-43.8,21,2258.32836
-32.91,34,2258.906054
32.301493,35,2259.524655
-35.5,32,2260.078757
-40.5,46,2262.970089
-33.0,32,2263.420475
-35.2,27,2263.838591
-45.0,24,2264.272654
33.0,28,2264.776467
-44.51,21,2265.140812
-38.11,29,2265.613847
35.902985,46,2266.394159
-35.91,27,2266.967343
-39.0,21,2267.388796
-32.44,42,2268.316129
36.960507,32,2268.94792
-38.57,28,2269.472582
-41.76,31,2270.197813
-44.8,19,2270.555096
-36.0,27,2271.06008
-32.91,45,2274.162247
-38.67,28,2274.665927
-38.49,27,2275.027897
-38.88,23,2275.381105
-35.23,24,2275.753611
36.980218,27,2276.242603
40.938123,22,2276.620346
-36.0,28,2277.062634
-48.0,15,2277.337694
35.2589,22,2277.726978
-35.34,25,2278.159765
-41.69,27,2278.603809
32.815789,46,2279.59943
-32.32,37,2280.383135
-44.2,27,2280.873344
-35.68,35,2281.451734
-42.0,22,2281.866835
-35.56,30,2282.391151
-35.41,31,2282.916172
-42.0,47,2285.618786
32.096085,25,2285.936215
32.3375,32,2286.375082
-36.0,38,2286.95267
-35.52,30,2287.458575
-43.81,23,2287.907097
-44.16,26,2288.345002
-38.38,32,2288.918025
-33.0,31,2290.201489
-41.83,32,2290.804543
-38.79,25,2291.217999
-38.54,28,2291.720272
-41.38,30,2292.296657
-41.12,29,2292.770804
-32.54,29,2293.283088
-32.31,29,2293.77193
-38.32,34,2294.388274
33.0,44,2297.205309
-32.39,27,2297.630713
-36.0,25,2298.051169
-40.72,22,2298.412158
-32.11,27,2298.859592
-41.25,21,2299.231373
-39.0,32,2299.782143
-32.57,31,2300.296115
-38.81,34,2300.894806
-34.85,39,2301.541693
-38.88,28,2301.98411
-30.0,31,2302.530898
-38.71,30,2303.228762
-38.41,35,2304.188927
-44.52,14,2304.457643
38.155642,24,2304.883601
-32.53,37,2305.506835
-39.0,25,2307.601243
-39.0,28,2308.066649
-36.0,33,2308.816429
-35.05,22,2309.250284
-41.81,29,2309.817774
-37.83,35,2310.511862
-41.98,26,2311.001134
32.931655,26,2311.440334
38.111952,25,2311.88692
35.898649,28,2312.787751
-43.37,18,2313.163477
-41.32,25,2313.679258
-44.64,24,2314.215742
-39.0,83,2315.73722
32.335938,34,2316.491491
-34.98,38,2317.217999
-35.11,29,2319.379182
-40.67,23,2319.636693
-32.07,34,2320.171454
-41.05,30,2320.668588
35.361702,26,2321.096598
38.367953,31,2321.597635
-36.0,25,2321.981902
38.920863,23,2322.398366
-38.26,23,2322.782414
-37.83,33,2323.45194
-41.77,21,2323.889344
38.297189,21,2324.319345
32.451362,45,2325.159622
-47.78,29,2325.674443
-40.62,25,2326.157634
-35.88,31,2326.710291
32.595833,27,2327.199633
-38.86,42,2327.951674
-38.4,27,2330.404009
-44.16,28,2330.794193
35.065147,25,2331.198987
41.012725,35,2331.809632
-38.85,24,2332.475004
31.768085,29,2333.027054
-38.82,35,2333.737505
-35.5,32,2334.318854
-44.62,29,2334.86013
-41.58,22,2335.29814
-42.0,17,2335.789552
-38.85,26,2336.275162
32.345833,32,2336.851258
-35.18,30,2337.438924
-39.0,26,2337.987635
-38.17,41,2338.780739
-44.06,38,2339.618269
35.508264,33,2340.498976
-43.07,33,2344.134217
-41.58,26,2344.575726
-41.71,27,2345.064598
-38.38,26,2345.495391
32.164444,33,2346.252678
32.67803,30,2346.902541
-41.56,23,2347.459409
-44.65,20,2347.920914
-32.82,34,2348.663233
37.169931,28,2349.289948
-42.72,22,2349.689288
-38.46,21,2350.146778
-35.72,26,2350.641024
-38.01,41,2351.416929
-44.07,25,2352.274854
-43.9,59,2353.354871
-44.17,29,2353.944096
-32.88,30,2356.620797
-41.19,25,2356.957171
-38.54,34,2357.387355
-32.06,32,2357.799737
41.211339,28,2358.307226
-36.0,26,2358.78394
-41.76,23,2359.23686
-38.32,23,2359.894888
-40.99,26,2360.484965
-38.3,42,2361.414421
-32.91,44,2362.332862
-44.88,24,2362.804737
-35.13,28,2363.320434
-41.7,25,2363.890676
-45.0,18,2365.12873
-43.25,25,2365.687668
-39.72,51,2366.721117
-38.91,24,2369.22576
-35.51,36,2369.863646
32.51004,25,2370.213549
-41.06,32,2370.695979
-32.83,36,2371.184793
-35.94,21,2371.541654
-44.59,47,2372.436246
-38.71,34,2373.202909
-38.91,25,2373.68245
-35.16,39,2374.416335
-43.79,23,2375.130815
-39.0,28,2375.664435
-33.0,29,2376.462831
-35.38,34,2377.062044
-44.19,15,2377.357342
-38.54,35,2378.086037
-38.26,31,2378.697102
-36.0,33,2381.536126
-38.13,33,2382.087673
35.077922,26,2382.438738
-35.96,24,2382.749989
-44.88,19,2382.995327
-44.03,24,2383.31777
32.750973,29,2383.739372
35.146104,32,2384.252917
-44.75,29,2385.10719
32.259124,31,2385.713701
-38.62,30,2386.300015
-38.49,25,2386.771754
-32.81,38,2387.753198
34.62279,41,2388.595866
-36.0,30,2389.429874
-37.8,25,2389.995766
-44.14,28,2390.572819
-35.99,30,2391.174832
-35.65,28,2393.750025
-31.88,35,2394.260561
32.387597,30,2394.642855
32.082781,25,2394.985777
33.0,28,2395.409482
-39.0,26,2395.81831
-35.33,30,2396.259765
-39.0,24,2396.670511
-38.59,25,2397.148692
-41.91,35,2397.797418
38.427229,33,2398.417686
32.605898,36,2399.088241
-36.09,31,2399.678245
-32.29,29,2400.180887
32.28777,32,2400.828879
-38.71,26,2401.627028
30.0,32,2402.321378
-36.0,32,2404.777859
-35.92,35,2405.309335
-37.57,22,2405.667043
32.64918,31,2406.151649
-42.0,33,2406.646151
-35.02,37,2407.26307
-41.48,23,2407.613519
-42.0,26,2408.019415
-39.0,31,2408.516958
-38.12,26,2409.057765
-38.18,28,2409.63887
-42.0,21,2410.037166
-35.81,28,2410.589896
-38.65,31,2411.176342
-36.0,31,2411.790884
-41.07,23,2412.260807
34.586093,27,2412.76333
-41.33,21,2413.152006
32.528139,43,2416.285212
-42.0,27,2416.700771
-35.39,32,2417.166975
-38.84,35,2417.931738
32.35743,41,2418.709315
35.606557,24,2419.067207
-41.23,29,2419.520241
-41.88,25,2419.885368
-43.99,27,2420.327716
-33.0,39,2420.942085
-41.22,29,2421.488485
35.704545,26,2421.970417
-44.15,26,2422.508569
-40.65,25,2422.982957
-43.85,26,2423.437877
32.011673,48,2424.317611
-38.54,51,2427.308547
-35.6,24,2427.701936
-32.79,33,2428.244185
-32.75,36,2428.831556
-38.63,25,2429.302784
-44.11,22,2429.753998
-36.0,36,2430.372977
-41.05,23,2430.763999
-38.91,22,2431.113862
31.619454,30,2431.610127
-39.0,21,2431.933124
-35.38,36,2432.533293
-32.91,39,2433.331382
-39.0,27,2434.273768
32.571429,35,2434.907125
-35.5,26,2435.391678
-38.67,32,2435.994971
-39.93,25,2438.821209
35.662252,24,2439.203181
-35.02,28,2439.643473
34.784889,29,2440.406398
34.724555,37,2441.075735
-39.0,27,2441.632594
-35.64,28,2442.102227
-35.33,25,2442.774851
-41.49,20,2443.100315
-32.77,42,2443.733182
-38.41,23,2444.099381
-39.0,28,2444.635905
-39.0,112,2446.66714
-38.32,29,2447.221847
-41.32,27,2447.736279
-33.0,27,2448.220774
-32.62,38,2451.140714
-38.52,26,2451.577099
35.433447,27,2452.043826
-35.35,26,2452.508004
-32.63,29,2453.080468
32.474074,35,2453.694009
-40.77,26,2454.124854
-38.61,27,2454.574236
-44.08,21,2454.893669
-40.41,27,2455.322249
-41.5,23,2455.71663
-44.35,30,2456.342137
32.566667,30,2456.921627
32.575758,34,2457.559996
-35.9,31,2458.126768
-32.49,31,2458.776875
-33.0,28,2459.335733
-38.3,25,2459.810278
-38.41,27,2462.385249
-41.91,35,2462.950408
-37.46,23,2463.355504
-34.59,39,2464.018959
-38.49,27,2464.507407
-40.11,22,2464.905401
-44.69,23,2465.258519
-32.49,35,2465.770954
32.05814,30,2466.204559
-38.47,23,2466.561038
32.072289,30,2467.191754
-47.07,19,2467.566163
41.630282,25,2468.248717
41.501548,31,2468.811875
-43.62,23,2469.26164
-37.1,27,2469.742197
-41.9,32,2470.362447
-43.46,22,2470.790418
-45.0,18,2471.12944
-38.81,23,2473.723539
32.662539,30,2474.243019
32.275,29,2474.798202
-32.75,33,2475.35929
-35.13,27,2475.852043
41.371644,18,2476.175195
-37.71,64,2477.19891
-36.0,34,2477.720736
-41.19,30,2478.167013
-38.46,25,2478.54757
-42.0,17,2478.811054
-35.91,33,2479.440201
32.60219,31,2480.061818
-39.0,23,2480.53021
-34.67,39,2481.257285
-39.88,31,2481.84197
35.30622,35,2484.659174
-41.77,26,2485.085069
-38.21,37,2485.689272
-35.67,30,2486.157249
-33.0,32,2486.649454
33.0,25,2487.116691
-35.26,26,2487.63651
-32.88,34,2488.230017
-35.05,23,2488.568821
-36.0,22,2488.857733
-35.1,29,2489.260159
-38.12,18,2489.528957
-38.03,28,2489.945729
-38.84,26,2490.362453
-41.48,23,2490.711657
-35.29,23,2491.071222
-32.29,27,2491.505971
-38.82,35,2492.163596
32.091549,28,2492.737383
-35.68,26,2495.511032
-44.18,20,2495.907266
-44.03,18,2496.222166
-35.6,39,2496.854132
-40.97,22,2497.170525
-43.96,21,2497.509094
-35.44,29,2497.937824
-36.0,23,2498.331384
41.001818,23,2498.748816
-35.87,31,2499.536341
-32.09,31,2500.117374
-39.0,24,2500.585711
-41.25,16,2500.903616
-37.42,31,2501.475935
-32.2,46,2502.203903
-44.91,20,2502.525818
-38.56,25,2502.910038
-40.56,35,2503.48784
-32.21,40,2504.19481
-38.32,25,2506.560813
32.479167,32,2507.192389
-38.66,27,2507.651058
-44.14,26,2508.052443
-35.18,27,2508.590394
-38.66,27,2509.061818
-32.34,27,2509.490489
-38.48,29,2510.05436
-32.35,27,2510.585202
-38.57,25,2511.074822
-41.06,23,2511.529784
-44.71,19,2511.900515
35.08046,39,2512.657836
32.30038,30,2513.250637
-41.34,25,2513.766554
30.0,29,2514.227879
-32.42,26,2514.654506
32.860169,30,2515.099191
32.610895,26,2517.596497
-38.08,26,2518.044319
-39.0,20,2518.390419
32.084906,25,2518.820313
-41.09,24,2519.409366
-38.41,28,2520.001819
-47.87,20,2520.702401
-36.0,26,2521.331157
-44.48,20,2521.82709
-38.78,27,2522.385011
-44.18,30,2523.027688
36.0,35,2523.699426
37.869601,38,2524.39388
-32.19,25,2524.858509
37.436094,25,2525.37968
-35.53,31,2525.995851
-35.11,29,2526.505676
-47.63,22,2526.857927
33.0,28,2527.287726
-32.83,28,2527.736058
35.065421,37,2530.995382
-44.09,17,2531.320198
-32.28,36,2531.906485
-32.61,30,2532.380919
-33.0,39,2533.114244
-37.69,23,2533.512886
-45.0,31,2534.109825
-41.11,23,2534.562858
-36.0,35,2535.172652
40.026644,88,2536.865595
-35.31,24,2537.331852
32.872587,29,2537.838126
-44.23,28,2538.314854
-35.38,30,2538.749488
-36.0,24,2539.098307
-32.49,28,2541.521919
32.235741,49,2542.353353
-32.87,28,2542.868253
-44.91,37,2543.568169
-42.0,22,2543.967821
-41.5,32,2544.555783
-32.33,35,2545.279815
-38.89,30,2546.093054
32.160377,31,2546.641947
-44.15,28,2547.259918
-38.29,21,2547.659143
-44.79,21,2548.032266
-41.59,28,2548.515609
-41.71,19,2548.831868
-47.77,14,2549.092748
34.144537,36,2549.709058
-43.71,18,2549.974383
-41.21,21,2550.277523
-35.62,27,2550.723298
-35.09,28,2552.990669
-38.44,28,2553.408762
-32.15,28,2553.843579
-44.37,24,2554.238777
-38.27,26,2554.715735
-35.74,35,2555.303307
-41.68,28,2555.751927
-35.91,30,2556.367557
-35.71,27,2556.861102
-35.14,25,2557.268003
-41.67,21,2557.622463
32.524138,37,2558.231829
-32.46,30,2558.746941
-38.42,26,2559.248659
38.301695,30,2559.730726
-37.89,25,2560.142811
-33.0,37,2560.693138
-35.19,25,2561.050002
-35.67,31,2563.301826
32.583333,25,2563.683415
32.318681,31,2564.174319
33.0,36,2564.706927
-32.75,40,2565.321987
39.016797,23,2565.743457
-32.19,29,2566.227144
-47.78,24,2566.653146
-42.0,21,2567.018533
-39.0,41,2567.704954
-44.4,28,2568.228615
-42.0,33,2568.927133
32.289062,37,2569.606781
-41.81,20,2570.006858
-41.46,22,2570.393391
-41.1,17,2570.676719
-31.84,27,2571.43106
40.54305,20,2571.763094
-32.7,35,2574.198859
-32.9,38,2574.792108
-44.92,17,2575.05703
-41.45,22,2575.420893
32.003663,47,2576.325043
-44.09,22,2576.831813
-43.39,22,2577.228246
-39.0,29,2577.796836
-35.45,31,2578.30108
-38.75,27,2578.778942
-40.8,36,2579.351475
-43.33,26,2579.902546
-35.09,26,2580.354546
-38.5,35,2581.242594
-39.0,30,2581.906976
-32.54,25,2582.461958
-40.92,29,2583.063906
-35.17,44,2585.894842
32.297189,26,2586.344687
35.454849,43,2587.076197
-35.7,25,2587.512302
-37.81,30,2588.068965
-41.77,31,2588.741103
-38.11,30,2589.295297
-35.02,30,2589.847866
-38.56,24,2590.312636
-41.58,18,2590.69418
-44.72,23,2591.12612
33.0,38,2592.022583
30.0,32,2592.652611
-32.73,39,2593.416257
38.180505,28,2594.000479
35.236364,28,2594.892434
-44.39,26,2595.366743
-38.37,24,2595.762615
-35.18,29,2598.399031
-35.4,34,2599.008105
-36.0,27,2599.453758
-32.19,37,2600.27902
-36.0,31,2600.987133
38.112033,26,2601.451998
-35.11,32,2602.040561
-38.48,30,2602.610876
-38.63,25,2603.085946
-47.01,24,2603.542268
-36.0,26,2604.040525
-41.28,23,2604.479522
39.756048,24,2604.921548
-32.32,30,2605.52965
-32.04,36,2606.162527
-33.0,28,2606.732827
-43.71,21,2607.153674
-36.0,24,2607.547656
-35.29,27,2610.217193
-39.0,31,2610.703975
-35.51,36,2611.316799
-44.22,20,2611.66961
-41.11,24,2612.167376
32.135659,56,2613.200567
-43.99,20,2613.693503
38.610723,27,2614.22293
-41.88,21,2614.595618
-37.93,26,2615.288074
-35.78,27,2615.796122
-41.62,27,2616.332748
-32.75,24,2616.795223
35.109023,29,2617.338443
-32.78,30,2617.928089
-35.8,29,2618.419609
-38.88,38,2619.968811
-40.52,27,2620.343262
-41.02,24,2622.594618
-41.99,23,2622.967137
-32.61,40,2623.727592
-38.72,22,2624.314409
-39.0,27,2624.846038
-44.69,27,2625.358863
-32.42,47,2626.105387
-38.68,37,2626.821353
-35.65,33,2627.673114
32.141026,29,2628.201502
38.045455,25,2628.681327
-38.31,29,2629.197801
-40.46,25,2629.633468
-35.11,30,2630.193196
-44.33,35,2630.872211
32.669173,53,2631.862615
-34.91,31,2634.248885
-38.79,20,2634.562423
-35.29,29,2635.075505
-41.58,37,2635.770486
-45.0,22,2636.193922
-38.91,33,2636.860797
-36.0,29,2637.414291
-37.42,31,2637.993419
-47.73,21,2638.410223
-41.15,27,2638.94034
-38.44,85,2640.490644
-30.0,27,2640.963938
32.268966,27,2641.492702
-35.19,49,2642.370643
-35.56,25,2642.83175
-35.16,35,2645.408229
-42.0,20,2645.694112
-41.07,40,2646.484223
-38.55,48,2647.423194
-44.2,29,2648.132681
-37.4,32,2648.803635
-35.55,42,2649.568892
35.353175,25,2650.034103
-35.5,25,2650.724254
-41.16,36,2651.387709
-41.31,25,2651.858095
-35.42,26,2652.335908
32.457627,31,2653.098892
-37.77,36,2653.76089
-41.4,26,2654.228441
32.629091,42,2655.028228
-36.0,24,2657.509806
-43.9,35,2658.025097
-38.23,20,2658.271874
32.015209,28,2658.832484
-39.0,30,2659.471903
-37.62,37,2660.188278
-38.14,28,2660.708416
-44.6,17,2661.004456
-35.68,26,2661.458186
-34.63,26,2661.979079
-38.44,32,2662.687136
-38.51,21,2663.084728
-32.22,47,2663.9078
-38.45,21,2664.294045
-32.3,29,2664.827878
-38.16,27,2665.273818
-32.3,32,2665.80965
-35.75,27,2666.255039
-35.66,23,2666.664713
32.573427,58,2669.222951
-41.72,21,2669.503876
-42.0,30,2669.984342
-41.65,20,2670.324126
-33.0,36,2671.074627
-44.55,19,2671.403787
33.0,26,2671.80997
-41.16,22,2672.178482
-42.0,22,2672.567058
-48.0,17,2672.876349
-36.0,24,2673.298059
-32.09,27,2673.737969
-37.76,25,2674.161278
-44.49,25,2674.596838
-32.0,30,2675.102821
-41.82,31,2675.818455
32.662162,29,2676.357719
38.144444,26,2676.798374
-35.64,25,2677.233656
-41.05,24,2679.943303
-38.04,24,2680.312422
-41.74,31,2680.830395
-38.01,31,2681.369178
-32.05,30,2682.439017
-38.85,30,2683.129922
-38.09,18,2683.543153
-43.84,25,2684.186238
41.903101,19,2684.642473
34.119748,26,2685.225852
-35.48,37,2686.006903
-44.64,31,2686.751499
-38.88,25,2687.275804
39.0,23,2687.799202
-43.4,27,2688.349538
32.805755,29,2688.939904
-35.8,24,2689.485429
37.329568,27,2690.017101
-38.21,24,2690.45164
-41.3,23,2693.003641
37.735928,25,2693.423274
-42.0,33,2694.026656
-45.0,33,2694.660206
-35.06,23,2695.06487
-40.8,24,2695.90235
-33.0,22,2696.432592
-35.38,29,2697.073489
-35.35,109,2699.689468
-38.31,24,2700.257157
-36.0,29,2700.903677
-44.12,16,2701.211068
-38.88,28,2701.857723
-37.94,47,2702.801787
-35.04,29,2703.372861
-38.77,35,2706.661856
-41.36,20,2706.94936
32.124514,35,2707.449274
-35.28,28,2707.916166
-38.56,26,2708.383777
-44.5,18,2708.716566
-38.08,24,2709.154687
34.90566,39,2710.154385
-35.14,38,2710.841024
-35.58,27,2711.32581
32.425,43,2712.150279
-44.39,34,2712.794721
-38.94,33,2713.453949
-37.9,31,2714.020402
-39.0,28,2714.530847
35.108225,27,2715.026125
34.652721,31,2715.617304
-38.52,27,2718.844993
32.192623,26,2719.233561
-41.11,31,2719.739095
-35.68,32,2720.35043
-33.0,39,2721.149919
-35.55,29,2721.713186
38.037915,26,2722.190167
36.0,23,2722.609393
-32.5,30,2723.271685
-32.3,26,2723.930395
-41.24,25,2724.488907
-41.28,35,2725.240975
-35.83,27,2725.665041
-44.66,24,2726.079881
38.571429,29,2726.580348
-38.75,31,2727.113186
-39.0,26,2727.555042
-40.52,22,2728.444556
-33.0,37,2731.01604
-32.08,34,2731.523047
-41.25,31,2732.017974
-44.35,27,2732.740691
-36.0,29,2733.269044
-37.26,31,2733.872336
-35.95,26,2734.593949
-38.44,24,2734.98712
-38.62,24,2735.416552
-44.35,32,2736.011919
-38.6,23,2736.475886
-32.7,31,2737.198339
-39.0,21,2737.56973
-34.76,26,2738.195129
-39.0,29,2739.131879
-44.01,18,2739.688894
-47.03,18,2740.13232
-39.0,24,2740.739177
-36.0,24,2741.211157
-44.18,17,2741.546351
32.324723,35,2744.472174
-35.28,29,2745.014505
33.0,34,2745.616947
-38.49,20,2746.032506
32.252308,27,2746.810913
-38.71,22,2747.453257
-32.01,31,2748.329838
-35.63,26,2748.9221
32.436782,31,2749.566044
-41.68,20,2750.157761
-38.53,20,2750.567524
-41.11,27,2751.174359
-41.31,27,2751.837893
-32.41,28,2752.450585
-38.74,27,2753.104623
-38.16,22,2753.688895
-35.49,42,2754.761633
-42.0,22,2755.36959
-38.27,30,2756.007754
-41.42,25,2758.408684
-38.91,25,2758.844172
-44.44,17,2759.124111
36.965702,28,2759.680301
-32.88,32,2760.327391
34.990842,29,2760.928442
-32.17,31,2761.533162
-35.18,25,2762.119184
-39.0,25,2762.631097
-38.47,28,2763.212855
-38.26,28,2763.883456
-41.08,33,2764.719953
-35.61,32,2765.31979
-35.12,30,2765.924163
-36.7,40,2766.854245
-34.62,41,2767.672512
-35.57,28,2768.208546
-44.38,23,2770.392162
-44.8,28,2770.763725
-44.06,35,2771.271948
38.494297,33,2771.800274
-34.52,34,2772.435279
-36.0,40,2773.279701
-44.83,31,2773.911379
-32.27,33,2774.56383
-47.23,24,2774.969557
-41.91,29,2775.51486
-37.49,32,2776.091842
-36.0,30,2776.633374
-41.95,23,2776.991364
-47.31,15,2777.267109
32.218107,36,2777.884052
-43.88,23,2778.272797
-32.69,34,2778.916502
35.467797,35,2781.503257
-41.7,28,2781.887872
35.162162,26,2782.291517
-38.05,23,2782.64664
-35.47,30,2783.096881
-41.8,26,2783.619175
-44.95,22,2784.084752
-35.17,33,2784.716922
32.449838,27,2785.169322
-37.5,28,2785.679926
32.459184,24,2786.252457
-39.0,23,2786.600647
-44.64,37,2787.256131
-41.07,23,2787.648436
-38.45,48,2788.517983
34.287584,29,2789.432002
-35.29,26,2789.951572
-44.8,27,2790.527398
-32.45,38,2793.032022
-38.22,25,2793.656853
-35.26,25,2794.166025
-32.94,35,2794.779565
33.0,45,2795.710918
-35.42,32,2796.30419
-36.0,23,2796.744278
-32.2,30,2797.285672
41.338926,20,2797.612428
-41.24,24,2798.145221
-35.64,24,2798.571258
-39.0,24,2799.018409
35.679803,30,2799.566357
32.363344,28,2800.032399
-41.64,23,2800.42757
-41.06,27,2800.915627
-41.0,27,2801.376907
32.489796,34,2801.987095
-44.25,32,2804.535828
-35.21,27,2805.005533
-35.4,30,2805.542102
-35.67,28,2806.051837
-38.31,25,2806.488999
-38.77,24,2806.845415
32.616858,26,2807.472635
-46.99,24,2808.080079
-43.75,22,2808.506778
-38.91,25,2808.982072
-38.17,27,2809.469499
-44.32,21,2810.259021
46.550848,25,2810.720114
-41.71,33,2811.297552
-32.46,31,2811.86513
-41.32,27,2812.365131
34.723418,29,2812.883179
32.675926,36,2813.527202
-35.63,28,2813.995257
34.927152,26,2816.627121
-39.0,26,2817.010168
-32.05,37,2817.582047
-38.93,23,2817.958903
35.291339,26,2818.375717
-44.68,17,2818.685021
-43.57,26,2819.139598
33.0,30,2819.850161
-41.22,25,2820.294921
-33.0,30,2820.878844
-35.06,41,2821.614817
-41.02,24,2822.041375
-35.38,29,2822.599766
-38.28,34,2823.228651
-32.29,26,2823.670428
-44.85,32,2824.244544
-32.74,36,2824.927718
-32.5,31,2825.580995
-41.58,20,2828.148921
-35.65,33,2828.629604
-38.77,36,2829.164845
-41.41,23,2829.496251
-38.09,24,2829.879184
-35.31,26,2830.359016
-36.0,23,2830.773128
-41.29,21,2831.140608
-38.55,23,2831.546894
-33.0,30,2832.094043
-41.64,25,2832.539746
-42.4,23,2832.962269
-37.89,25,2833.397489
-39.0,24,2833.824838
36.0,22,2834.273917
38.368056,22,2834.675581
-38.8,25,2835.141721
-35.1,36,2835.760306
34.944441,30,2836.318105
-38.08,23,2836.729823
34.846874,38,2839.619278
35.554955,26,2840.028725
-32.62,25,2840.364034
-35.14,31,2840.799232
37.701434,30,2841.192577
-33.0,27,2841.833552
-41.12,20,2842.221399
-41.36,31,2842.766073
-41.93,20,2843.226771
-43.59,23,2843.678215
-35.15,37,2844.386815
34.930173,29,2845.076612
-38.21,115,2847.688864
32.671642,28,2848.341478
38.235075,23,2848.978398
32.00361,32,2851.419276
-43.62,19,2851.743995
-32.61,37,2852.31475
-35.54,24,2852.653722
-39.0,27,2853.063375
-38.71,22,2853.381645
-41.59,27,2853.757811
-38.47,40,2854.389967
-35.41,33,2854.967402
-32.91,24,2855.368531
-35.72,29,2855.865109
-40.55,22,2856.252127
-44.56,27,2856.732316
-44.05,36,2857.398227
-32.54,30,2858.00986
-38.91,28,2858.574229
-37.59,23,2858.895153
-41.81,19,2859.220688
-35.25,25,2859.64323
36.0,33,2862.115303
-38.45,32,2862.692246
35.456954,37,2863.343196
30.0,28,2863.758304
-35.29,30,2864.21009
-35.2,28,2864.63117
34.547917,27,2865.049996
-38.4,30,2865.52964
-41.19,24,2865.982792
35.053954,32,2866.521626
-38.05,21,2866.893823
-44.58,16,2867.50949
-38.02,28,2868.02502
32.365385,19,2868.376319
-36.0,28,2868.860055
-44.36,36,2869.545402
-41.94,24,2870.071976
41.114597,36,2870.904125
-38.04,30,2873.489145
-42.0,22,2873.930656
-39.0,18,2874.262638
-35.36,27,2874.79503
34.658118,36,2875.617127
32.940945,48,2876.366014
-43.46,33,2876.870615
-41.52,25,2877.257774
-38.72,39,2877.95651
32.744361,33,2878.756494
-41.5,25,2879.274534
-42.0,22,2879.693986
-38.71,32,2880.265357
-38.72,28,2880.99717
-40.95,25,2881.411279
-35.31,27,2881.95949
-35.49,30,2882.674969
37.45213,23,2885.265563
32.258065,36,2886.054713
-40.75,41,2886.99951
-41.22,26,2887.554157
-40.77,24,2887.979136
-41.72,26,2888.455434
34.718975,32,2888.943358
37.365763,22,2889.314605
-40.25,28,2889.781803
-39.0,26,2890.266398
33.0,25,2890.712299
-38.2,23,2891.183531
-32.38,24,2891.692953
-35.95,31,2892.301445
-39.7,27,2892.863216
34.319853,31,2893.490723
-33.0,43,2894.593448
-40.84,34,2895.257166
-41.18,27,2897.99078
32.108365,28,2898.559864
-33.0,26,2899.368175
-41.75,24,2899.912276
-39.0,41,2900.786198
-41.88,44,2901.673147
35.935361,22,2902.000622
-32.18,35,2902.637951
33.931358,41,2903.327944
-38.34,24,2903.777509
-44.94,22,2904.170556
-38.83,30,2904.731417
-34.78,31,2905.330563
-35.27,40,2906.124588
-42.0,27,2906.670737
-41.82,32,2907.19949
-45.0,31,2909.485013
-40.64,31,2910.06308
41.075172,22,2910.483604
-35.46,25,2910.989364
32.393443,30,2911.562359
-47.16,23,2912.04409
-35.68,27,2912.597132
-35.29,30,2913.216616
-41.42,23,2913.649569
-44.08,19,2914.046102
-32.25,32,2914.701939
-33.0,38,2915.407592
-38.92,25,2915.873959
-33.0,41,2916.663145
-35.05,26,2917.152176
-41.66,23,2917.565664
41.027886,23,2918.096956
-38.23,29,2918.703608
-35.55,23,2919.091057
-33.0,42,2921.918061
-35.74,27,2922.46225
32.170279,31,2923.287031
-36.0,30,2923.871945
-41.5,30,2924.467484
-44.62,20,2924.862532
-30.0,33,2925.488835
-36.0,43,2926.704716
-35.37,37,2927.349852
36.0,24,2927.78014
-41.08,26,2928.182369
-34.75,35,2928.695755
-47.56,16,2928.921893
-35.72,25,2929.301262
31.679487,28,2929.805974
-38.07,36,2930.4584
-33.0,30,2931.073487
-36.0,20,2933.845527
-37.74,36,2934.696382
-32.93,29,2935.328412
-32.29,28,2935.986376
-41.9,24,2936.514246
-33.0,30,2937.197035
35.483131,32,2937.822354
-35.6,26,2938.327594
-36.0,31,2938.987041
-47.01,23,2939.43132
-41.7,27,2939.945725
33.0,25,2940.39069
-35.57,22,2940.70477
-31.8,43,2941.819623
-33.0,25,2942.218153
-35.11,29,2942.675621
-36.0,27,2943.096651
-38.87,24,2943.518454
-41.43,24,2943.947437
36.615837,34,2946.834059
-44.16,24,2947.256429
-38.29,26,2947.761046
-38.99,34,2948.393671
-35.27,25,2948.861307
37.951431,29,2949.601318
-40.8,23,2950.035737
38.159091,28,2950.523573
-43.22,32,2951.117172
-32.91,27,2951.625629
-34.9,47,2952.508722
-39.0,27,2952.958027
-40.91,41,2953.827427
-32.49,30,2954.306752
-41.42,22,2954.672719
-34.85,30,2955.184541
-41.16,27,2955.646996
-32.6,31,2958.305564
-36.0,29,2958.875806
-37.83,25,2959.330999
-38.18,25,2959.747639
-32.17,36,2960.25268
32.092251,47,2961.261174
-32.13,25,2961.836829
-44.83,21,2962.262238
-34.79,31,2962.996169
-32.12,31,2963.663537
-32.74,32,2964.350928
-38.44,26,2964.888467
-44.14,21,2965.355157
-41.47,44,2966.107497
-38.5,27,2966.59559
-37.37,25,2967.024746
-32.92,31,2967.54204
-45.0,28,2970.254157
-44.61,20,2970.671677
-33.0,40,2971.40932
-44.08,20,2971.752798
-33.0,38,2972.489466
-32.86,36,2973.156284
-35.53,28,2973.661549
-38.6,28,2974.24795
-38.39,25,2974.716835
-35.3,29,2975.543454
-36.0,23,2976.453372
-41.5,32,2977.187212
-45.0,24,2977.660993
37.032074,26,2978.130796
-41.25,24,2978.526634
-41.59,37,2979.058414
36.0,34,2979.627603
-35.42,30,2980.058981
35.161099,22,2982.66595
31.533784,52,2983.587826
-36.0,20,2983.951509
32.537267,34,2984.579263
-35.02,39,2985.323167
-35.69,24,2985.778198
-41.08,26,2986.30742
-44.25,22,2986.718672
-37.94,29,2987.251591
-41.86,26,2987.736758
-38.85,30,2988.59313
-41.1,28,2989.116333
-37.59,22,2989.556292
-32.56,26,2990.063137
-38.45,26,2990.491242
-39.0,21,2990.841912
-39.0,33,2991.49991
-44.22,24,2991.880403
-41.64,20,2994.566093
34.954268,38,2995.3042
-44.33,28,2995.829185
-42.0,30,2996.3866
-42.0,28,2996.875515
-43.89,36,2997.642161
-33.0,50,2998.734301
-38.75,27,2999.273816
-43.51,28,2999.827538
-32.39,31,3000.403804
-41.91,19,3000.84911
-41.03,27,3001.386124
32.097122,36,3002.337787
-44.4,26,3003.007149
-35.65,31,3003.505855
-38.01,23,3003.847744
-38.19,30,3004.241993
-43.7,31,3006.883711
-33.0,31,3007.484944
-41.34,35,3008.132966
-41.95,25,3008.58568
-41.32,24,3009.085345
-43.54,23,3009.689791
-42.0,22,3010.066005
-39.0,28,3010.599084
-41.62,22,3011.007014
33.0,29,3011.678092
-40.31,27,3012.16768
-32.67,26,3012.635774
-35.11,30,3013.200535
-32.84,28,3013.876706
-32.12,33,3014.555023
34.029353,29,3015.18003
-44.42,28,3015.710406
-32.24,35,3016.313101
-41.52,25,3018.935585
-40.14,23,3019.354136
-32.8,34,3019.996692
-41.03,21,3020.382647
-43.86,60,3021.526259
-36.0,22,3021.937522
36.534312,29,3022.484882
-44.2,22,3022.862443
39.464858,22,3023.270344
32.418868,34,3023.927561
-39.0,41,3024.683469
-41.59,19,3025.043908
30.0,30,3025.573087
-42.0,31,3026.174683
-38.4,38,3026.882695
-41.17,23,3027.256447
-35.87,33,3027.732795
-38.77,28,3030.639229
36.593522,27,3031.509164
-40.75,27,3032.07462
-36.0,60,3033.425532
34.988513,30,3034.134609
36.0,38,3034.959779
-39.0,29,3035.560685
-41.49,29,3036.522234
-42.0,23,3037.096098
-42.0,33,3037.87845
-32.35,101,3040.101032
-40.86,25,3040.684332
31.701238,44,3041.620317
-41.01,25,3042.03488
-32.57,60,3045.760301
-35.75,25,3046.265565
-35.47,73,3047.66648
-44.29,17,3048.027355
-39.0,31,3048.624764
-39.0,24,3049.107237
-35.77,31,3050.024502
-38.6,25,3050.672731
-33.0,32,3051.412516
-41.01,25,3052.007084
33.0,36,3052.759559
38.221927,22,3053.2811
42.897319,22,3053.752288
-41.2,33,3054.48108
-35.17,24,3055.070715
-32.58,28,3055.716624
-38.79,30,3058.519245
-32.24,44,3059.504925
-37.61,40,3060.313389
-47.17,24,3061.171969
33.0,39,3062.060911
-44.26,20,3062.479556
-42.0,33,3063.192261
-35.28,29,3063.840754
35.411042,31,3064.487659
30.0,31,3065.127233
-41.05,23,3065.627887
-45.0,19,3066.084372
-35.48,28,3066.715558
-41.32,28,3067.513692
-38.72,24,3067.959906
32.064057,27,3068.493421
-38.85,30,3069.051157
-47.08,28,3069.607648
-37.44,33,3072.69865
-35.39,28,3073.304835
-39.0,28,3073.943603
-33.0,29,3074.523891
-32.91,27,3075.061108
32.203463,28,3075.635267
-41.58,23,3076.07741
-42.0,28,3076.611904
-35.2,30,3077.217269
-40.55,22,3077.697495
-32.63,37,3078.485288
-45.0,24,3078.943546
-41.85,26,3079.392499
-38.03,31,3080.010418
-45.0,28,3080.608352
-32.62,29,3081.235686
-40.55,27,3081.823726
-44.66,21,3082.2447
-32.89,32,3085.318207
-35.69,32,3086.013607
-36.0,28,3086.633124
-42.0,32,3087.324854
-35.99,26,3087.95303
-32.19,37,3088.881784
34.630032,31,3089.990924
-38.4,25,3090.683873
-35.29,37,3091.591388
-38.76,24,3092.216388
-32.26,31,3092.969069
35.009959,27,3093.61946
-39.0,26,3094.216208
-38.46,29,3094.754144
-32.68,33,3095.464698
32.939271,30,3096.018103
36.0,22,3096.396379
-38.13,29,3097.273932
-39.0,23,3099.721512
-35.6,24,3100.176957
-38.35,25,3100.640623
-34.92,32,3101.260988
-40.64,30,3101.833731
-44.07,21,3102.218998
-37.98,40,3102.979117
38.19697,22,3103.366932
-32.28,29,3103.939526
-41.05,20,3104.298228
-32.69,29,3104.832993
-44.21,27,3105.366811
-39.0,21,3105.663126
-38.06,26,3106.254679
-38.64,35,3106.887732
-41.54,19,3107.224495
-35.91,31,3107.771525
-38.66,31,3108.282316
-32.16,50,3110.985326
-41.35,33,3111.545892
-38.3,28,3112.107699
-35.16,31,3112.670789
-47.83,27,3113.155865
-32.4,31,3113.813427
34.139116,31,3114.417886
-38.26,26,3114.942707
34.322821,36,3115.620264
-35.28,34,3116.468069
41.736842,25,3116.912686
-31.93,30,3117.462876
-41.53,18,3117.823455
-36.0,29,3118.430752
32.17217,32,3119.010102
-40.37,23,3119.397533
-38.09,31,3119.926329
-32.26,24,3120.307836
-37.87,41,3123.065008
-34.39,33,3123.58798
-35.13,32,3124.443651
-32.3,31,3125.002363
-35.77,26,3125.489732
-38.3,19,3125.843271
-44.67,31,3126.450975
-40.81,31,3127.094456
-36.0,25,3127.523309
32.318898,26,3128.026495
-37.94,28,3128.509161
-47.17,25,3129.024073
-35.77,33,3129.685489
-36.0,28,3130.252616
-35.43,27,3130.743963
-37.92,34,3131.329582
-41.86,19,3131.678656
-32.64,30,3134.611253
-33.0,31,3135.13857
-38.3,32,3135.692739
-30.0,33,3136.294753
-38.17,27,3136.805591
-36.0,24,3137.343991
-35.59,34,3138.272611
-45.0,17,3138.777559
-32.33,41,3139.800155
-36.0,26,3140.370493
-36.0,40,3141.371194
-32.63,34,3142.160042
-35.34,26,3142.769111
-32.35,26,3143.621864
-40.98,22,3144.162719
-41.76,27,3144.65956
-45.0,24,3145.060072
32.017606,36,3145.80174
-33.0,33,3148.475619
-41.38,27,3149.069541
-44.24,18,3149.426596
-45.0,22,3149.858647
-35.47,28,3150.41462
-37.08,37,3151.572554
32.610442,25,3152.121343
-42.0,16,3152.555279
-38.52,35,3153.374574
-38.61,29,3154.087383
-44.15,25,3154.519961
-41.88,25,3155.077541
-44.41,23,3155.552313
-38.14,30,3156.142971
32.038168,32,3156.790881
-41.15,24,3157.29354
-36.0,32,3157.913048
-35.73,32,3158.535456
-41.89,23,3159.017191
-41.55,29,3161.805864
-41.85,24,3162.185184
35.505455,25,3162.631727
-38.11,31,3163.245296
-41.54,20,3163.642297
-39.0,27,3164.180339
-44.62,22,3164.661368
-33.0,28,3165.37733
-43.88,31,3166.071048
-41.52,21,3166.4888
-35.85,58,3167.777708
33.0,32,3168.634667
-38.98,24,3169.229533
41.924769,32,3169.911539
-42.84,20,3170.778994
33.0,26,3171.661418
-41.11,25,3172.230031
-42.0,23,3172.616191
-32.39,36,3175.331096
-35.59,32,3175.823441
-34.85,32,3176.337414
-32.78,27,3176.733642
-47.22,25,3177.170598
-47.03,30,3177.761201
38.67614,31,3178.427567
-35.69,24,3178.870014
-40.24,23,3179.307529
-32.26,23,3179.740554
-44.65,22,3180.207405
-41.05,28,3181.018653
-37.96,23,3181.501237
-32.93,28,3182.013214
-44.13,27,3182.530896
33.0,28,3183.081482
-32.82,53,3184.048306
-35.46,25,3184.432294
-41.11,21,3186.758193
-41.7,21,3187.170636
-37.85,45,3187.892447
35.536424,26,3188.316227
-41.08,28,3188.738454
-41.34,30,3189.213296
-35.71,27,3189.684617
-38.18,30,3190.264318
-39.0,27,3190.77718
-32.15,26,3191.271946
-42.0,25,3191.767553
35.822086,43,3192.541589
-35.09,38,3193.302624
43.502184,25,3193.763065
32.291667,30,3194.367937
35.703008,28,3194.937418
-35.22,31,3195.452066
38.13141,18,3195.836001
-41.76,23,3198.679457
-41.05,30,3199.25658
32.436823,28,3199.658375
-45.0,47,3200.328896
32.678082,30,3200.780936
-32.91,31,3201.323492
-32.91,27,3201.853342
32.12628,39,3202.813249
-32.29,73,3204.258923
-37.22,32,3204.868855
-38.07,30,3205.4327
-32.66,29,3206.081225
-35.0,24,3206.665353
-32.07,26,3207.137784
32.196154,34,3207.678908
-41.57,54,3211.18688
-39.0,28,3211.645745
-47.19,15,3211.91289
-35.89,24,3212.300465
-33.83,25,3212.684795
43.900179,19,3213.015574
-35.57,31,3213.532273
-37.52,28,3214.092812
-38.7,20,3214.475858
-40.88,27,3215.087593
-33.0,27,3215.630959
-44.73,19,3216.661676
31.916988,28,3217.175235
-44.46,19,3217.518609
-36.0,27,3218.024287
-33.0,26,3218.495976
-41.28,23,3218.908544
-41.41,24,3219.327199
-43.33,27,3219.762556
-40.73,23,3220.13699
-32.15,30,3222.785393
-35.93,27,3223.381316
-35.48,24,3223.91441
35.950178,31,3224.479021
-35.32,32,3225.081197
-35.09,36,3225.726451
-41.21,28,3226.270293
-35.47,32,3226.864584
-33.0,27,3227.53982
-37.99,32,3228.200748
-39.0,25,3228.658188
32.758993,38,3229.370311
-42.0,23,3229.851862
-38.14,26,3230.318696
-41.8,25,3230.771508
-37.9,26,3231.303868
36.98247,34,3231.869239
-38.37,31,3234.668793
-32.8,32,3235.239636
-38.16,35,3235.820258
-44.44,27,3236.2373
-38.68,33,3236.748565
-38.85,24,3237.107293
-38.15,26,3237.674995
-34.52,28,3238.181968
-36.73,26,3238.676069
-35.47,38,3239.378486
-41.21,27,3239.893377
-38.81,22,3240.334569
-36.0,24,3240.7686
-41.44,22,3241.169739
-41.06,30,3241.717825
-41.94,35,3242.350967
-40.31,32,3242.924094
38.411647,28,3243.385598
-44.56,19,3243.692609
-33.0,35,3246.527401
-40.19,30,3246.997027
-35.12,29,3247.445804
-32.16,28,3247.852225
-40.41,26,3248.287889
-33.0,65,3249.624072
-38.82,29,3250.190731
-38.82,33,3250.845202
-35.81,33,3251.459789
37.06965,32,3252.344854
-42.0,23,3252.719754
-32.66,49,3253.619623
32.821053,51,3254.530409
-32.49,53,3257.453336
-35.25,30,3257.997024
-41.2,25,3258.624698
-35.9,26,3259.042985
-35.65,30,3259.49606
-40.65,20,3259.840805
-35.89,30,3260.293063
39.837928,28,3260.713008
-40.69,40,3261.443018
39.0,22,3261.867382
-35.17,35,3262.515279
-41.87,23,3262.980016
-32.89,48,3263.885468
-31.63,32,3264.521257
32.316667,35,3265.258783
-43.89,24,3265.705701
-35.17,28,3266.223298
-35.25,28,3266.690508
37.664644,33,3269.670716
-36.0,31,3270.241947
-35.91,24,3270.664212
-38.2,24,3271.030629
-38.6,30,3271.526426
-32.02,25,3271.886467
-34.95,29,3272.362919
-45.0,26,3272.750802
-35.18,27,3273.279498
32.091912,34,3274.182553
-38.6,25,3274.643593
-38.31,26,3275.124201
-47.03,30,3275.686759
-38.17,23,3276.103842
38.100719,18,3276.423035
36.0,26,3276.921676
37.307941,46,3277.84033
-41.54,22,3278.199805
-40.58,23,3280.89378
-45.0,29,3281.523273
-35.91,40,3282.308542
-44.06,20,3282.841947
-44.24,27,3283.319587
-37.69,30,3284.108084
-36.0,24,3284.683741
-44.28,30,3285.237835
32.902439,25,3285.777197
-35.36,31,3286.396249
32.902724,34,3287.108283
-38.75,26,3287.665262
32.184314,35,3289.181504
38.107759,24,3289.636119
-37.6,21,3290.089148
-36.0,24,3290.564653
-36.0,24,3291.089921
-41.16,28,3291.616036
-33.0,25,3292.083657
-36.0,22,3294.791688
32.537671,33,3295.375925
-40.37,19,3295.750616
-35.29,37,3296.368934
-36.0,27,3296.752676
-41.71,36,3297.343328
-32.76,33,3297.910706
32.24359,29,3298.482935
-41.09,26,3298.946064
-38.89,32,3299.555576
-35.04,27,3300.081516
-35.69,24,3300.521026
-35.87,24,3301.179356
32.702206,31,3301.82286
-37.82,29,3302.408451
-39.0,47,3303.273779
-38.76,23,3303.673408
-32.5,30,3306.262244
-35.56,24,3306.718403
-39.0,25,3307.194782
-36.0,29,3307.736641
-41.79,39,3308.443966
-38.08,36,3309.058541
-35.57,30,3309.495797
32.13624,42,3310.166288
-44.56,23,3310.543531
-38.07,32,3311.330643
-41.31,25,3311.818645
-41.28,30,3312.423698
-32.5,39,3313.169955
-36.0,25,3313.628481
-35.48,37,3314.362461
-40.87,19,3314.725466
34.970405,31,3315.243246
37.253796,24,3317.87162
-41.25,28,3318.328382
-41.32,22,3318.742337
-43.54,25,3319.247217
-32.51,28,3319.740738
-38.35,40,3320.492312
-36.0,25,3320.966393
-32.61,34,3321.484408
-41.02,24,3321.830495
-37.09,35,3322.363651
-38.3,28,3322.816168
-36.0,31,3323.371913
-42.0,27,3323.831242
-38.67,29,3324.378361
-36.0,24,3324.830249
-32.06,33,3325.419757
-41.33,21,3325.855885
-38.78,28,3326.477579
-38.74,31,3329.194801
37.251634,31,3329.781761
-44.59,20,3330.191961
-44.56,23,3330.706463
-41.48,19,3331.104025
-38.03,23,3331.55968
-39.69,32,3332.176657
-38.16,24,3332.640134
-41.11,27,3333.043631
-33.0,47,3333.661985
-40.79,18,3333.984837
-41.76,25,3334.368208
-33.0,34,3335.124858
-41.03,21,3335.526698
-37.27,26,3336.22791
35.689767,33,3336.858749
-39.0,29,3337.391979
-41.92,23,3337.812915
-43.77,29,3338.391868
-41.86,27,3340.926401
34.963191,27,3341.422889
32.287162,30,3341.989162
-41.91,27,3342.484858
-35.11,27,3342.99167
-34.92,30,3343.57138
-36.0,30,3344.125234
37.629281,27,3344.509577
-43.66,20,3344.837198
-32.21,40,3345.394871
-41.23,27,3346.288928
-38.3,36,3347.00708
35.289318,25,3347.517347
-32.52,26,3347.980684
34.528426,29,3348.527074
32.174419,34,3349.234514
34.317166,41,3350.696602
35.521886,23,3351.129216
-38.03,23,3354.203218
-37.61,38,3354.947277
-41.85,24,3355.355021
-35.63,43,3356.031975
-44.02,20,3356.315434
-38.21,39,3356.899626
-41.84,23,3357.264185
-32.07,30,3357.771064
35.48,27,3358.255577
-41.28,28,3358.755571
-35.79,31,3359.314337
-31.93,28,3359.870716
-39.68,35,3360.542151
-33.0,31,3361.219133
-47.54,24,3361.775426
37.338734,31,3362.35759
-41.51,28,3362.860687
32.943463,32,3365.508591
-38.58,26,3366.018013
32.672026,29,3366.374819
-35.33,33,3366.949225
35.297376,36,3367.601229
37.650179,23,3367.953552
-32.2,31,3368.428986
-32.28,29,3368.871143
-38.54,41,3369.517814
-44.24,20,3369.877285
34.754528,26,3370.326849
-38.59,20,3370.71891
-44.37,23,3371.153845
-38.5,80,3372.68464
32.192878,35,3373.379479
40.529871,27,3373.886811
-41.81,21,3376.379431
-38.77,24,3376.840218
-38.68,26,3377.465084
34.264245,29,3378.095595
32.714894,41,3378.897571
32.5,27,3379.39988
-35.34,28,3379.826649
-44.64,21,3380.173249
-41.61,21,3380.505182
-36.0,23,3380.849524
-35.64,35,3381.383123
-38.3,30,3382.027535
-41.85,21,3382.753958
-37.51,30,3383.356436
32.676923,31,3383.981127
-41.03,22,3384.51104
-41.07,34,3385.654144
-35.75,45,3386.530509
-35.02,24,3389.258579
32.524862,34,3389.931989
-35.48,44,3390.907155
-44.05,21,3391.378193
40.073153,26,3391.86438
35.860795,25,3392.241644
-41.19,28,3392.677617
31.697917,26,3393.111948
-32.21,38,3393.689208
-35.51,21,3394.020894
-35.78,37,3394.727725
-35.77,28,3395.251984
38.640678,24,3395.684595
-32.74,33,3396.298392
-42.0,44,3397.693009
-41.65,26,3398.122335
-39.0,31,3398.980917
32.235099,52,3402.268138
-41.22,27,3402.79982
35.0,31,3403.387174
-35.68,31,3404.044257
37.760343,22,3404.622346
35.201657,27,3405.104421
-35.83,37,3405.653064
35.157785,24,3406.022295
32.483871,29,3406.460718
-32.91,31,3406.937278
-40.81,40,3407.789729
-39.0,28,3408.441447
-35.67,38,3409.236188
31.619342,31,3409.847539
-41.69,23,3410.22823
-38.12,30,3410.695839
-40.43,34,3413.456693
38.330508,26,3414.098832
-44.34,26,3414.635781
-36.0,22,3415.06772
-32.71,32,3415.662969
-41.08,21,3416.037202
-32.93,24,3416.529223
32.777778,31,3417.069895
-36.0,23,3417.427109
-44.05,31,3417.922445
35.409449,23,3418.28615
36.840123,26,3418.684047
-35.42,33,3419.174
-35.91,31,3419.784167
33.0,24,3420.246861
-41.58,64,3422.01076
-38.59,28,3422.499706
-32.45,33,3423.056686
-32.64,30,3425.74094
32.609756,33,3426.420076
-32.54,29,3426.978662
32.25641,34,3427.686644
33.0,29,3428.250097
-35.75,38,3428.912241
-39.0,34,3429.473213
-43.03,37,3430.205976
-38.91,31,3430.826982
-34.43,25,3431.308016
-38.77,28,3431.69713
-38.17,22,3432.06468
-44.05,23,3432.475425
-38.37,48,3433.33465
-37.63,26,3433.743524
-36.0,27,3434.166636
-38.81,34,3436.983246
35.726351,24,3437.481711
39.0,24,3437.977001
-35.49,25,3438.515324
35.385214,27,3439.031917
-38.61,39,3440.112449
-43.14,22,3440.541597
-37.22,40,3441.217601
-39.0,23,3441.549394
-37.08,25,3441.93397
-41.79,37,3442.557101
-41.88,25,3442.929319
-33.0,42,3443.728668
-40.97,23,3444.150549
-39.0,28,3444.66998
-35.21,30,3445.179591
-32.82,26,3445.73346
44.5,20,3446.065292
-38.49,38,3448.805783
-33.0,34,3449.52448
-32.91,26,3450.030376
-41.59,23,3450.445679
-39.0,23,3450.920825
-40.64,29,3451.474234
-44.72,14,3451.734319
-44.12,18,3452.08833
32.930233,29,3452.651747
32.113636,34,3453.17663
-35.72,29,3453.703576
-40.74,26,3454.133212
-47.57,19,3454.447013
-41.58,25,3454.970842
-44.71,34,3455.729921
-33.0,37,3456.35058
-35.45,28,3456.844409
-41.69,26,3457.252342
-35.35,28,3457.724093
-38.29,31,3460.749121
-32.45,36,3461.524327
-35.25,40,3462.362072
-38.81,24,3462.847188
38.381295,23,3463.276297
-39.0,23,3463.727229
32.574932,48,3465.076226
-44.13,22,3465.465674
40.303445,21,3466.198768
-41.13,27,3466.666383
-38.15,23,3467.063133
-44.23,23,3467.466122
-38.16,22,3467.914719
32.700704,32,3468.590579
-35.52,33,3469.204781
-36.0,32,3469.779781
-40.53,27,3470.235912
38.012461,37,3470.894756
35.45122,22,3473.718143
32.819484,31,3474.304511
32.403774,40,3475.057683
35.732203,27,3475.589169
-35.31,27,3476.121124
-40.87,55,3477.132509
-38.07,53,3478.134966
-38.03,52,3478.963865
-38.08,27,3479.405256
-39.0,23,3479.839399
-32.72,29,3480.331842
-39.0,23,3480.679965
-38.41,23,3481.073428
32.279412,33,3481.814696
34.786772,31,3482.357167
-36.0,30,3485.142531
-34.58,38,3485.865239
-40.36,26,3486.344362
-34.88,36,3487.001827
35.429245,26,3487.502375
-41.91,26,3488.026628
-35.84,30,3488.594295
-41.52,27,3489.125669
36.0,23,3489.490796
-38.43,27,3489.912769
-35.49,28,3490.325485
34.984794,26,3490.746752
-38.04,33,3491.52248
-39.0,26,3491.998854
-35.52,30,3492.556389
-35.16,35,3493.087009
-39.0,30,3493.579184
35.509259,21,3494.004797
-38.02,25,3496.72402
-39.0,23,3497.040243
-32.53,27,3497.375751
-40.96,18,3497.717292
34.570509,29,3498.26583
37.4686,24,3498.713281
-35.91,32,3499.324059
-35.26,23,3499.739257
-30.0,27,3500.242859
-39.0,30,3500.925527
-39.0,25,3501.436616
-41.02,28,3501.859409
-40.26,24,3502.240608
-32.71,27,3502.654546
35.364964,29,3503.100371
-35.32,23,3503.459973
-41.16,22,3503.865603
35.901478,28,3504.325782
-32.54,35,3504.874903
-36.0,31,3505.337509
-42.0,20,3508.063267
33.0,25,3508.521957
35.582707,38,3509.257778
-45.0,23,3509.669041
-36.0,30,3510.211611
-35.11,28,3510.690204
-46.84,27,3511.217088
38.188953,30,3511.779392
35.612167,26,3512.330028
-35.55,27,3512.89952
-38.66,28,3513.509001
31.568273,37,3514.110576
32.549488,71,3515.203786
-41.76,25,3515.681088
-41.69,27,3516.164508
-43.91,33,3516.756191
-41.39,19,3519.404691
37.483678,28,3519.941851
-45.0,34,3520.587734
-36.0,24,3521.062423
-42.0,30,3521.599514
-44.02,25,3522.113845
-35.88,28,3522.629019
41.432461,22,3523.044916
33.0,31,3523.630847
-38.75,26,3524.127883
-44.63,24,3524.583607
-38.66,22,3525.005643
34.899,29,3525.552074
-40.95,23,3525.91131
-32.51,32,3526.395501
-38.56,28,3526.838206
-32.69,28,3527.228118
-35.78,48,3527.924813
38.227799,20,3528.256299
-38.11,18,3530.643047
-35.1,35,3531.31785
-42.0,34,3532.187718
-37.98,38,3532.866988
-41.63,24,3533.3673
34.827547,29,3533.891245
-36.0,28,3534.407681
34.500215,35,3535.0487
-35.65,29,3535.572947
-44.03,16,3535.910877
-41.47,30,3536.476923
-38.4,18,3536.802062
-35.39,38,3537.573386
-42.94,22,3537.982598
-41.28,26,3538.375795
-38.07,29,3538.79049
-41.06,21,3539.084528
41.002344,25,3539.456252
32.5,36,3542.106364
-32.05,44,3543.364866
-44.62,20,3543.810101
-34.47,27,3544.338566
-38.44,25,3544.822259
-41.81,22,3545.234917
32.074803,24,3545.706094
-42.0,33,3546.914261
-32.78,27,3547.437933
35.368821,24,3547.865913
41.900524,21,3548.252625
-32.48,33,3548.86173
-44.32,23,3549.288476
-40.56,30,3549.87018
-38.42,26,3550.288342
-41.98,31,3550.806461
-32.72,33,3551.285121
-38.34,32,3551.729955
-35.58,35,3554.417095
-33.0,30,3554.963416
-41.36,22,3555.363628
38.371212,25,3555.83523
-38.39,27,3556.377524
-33.0,37,3557.06227
34.915677,27,3557.803939
-41.25,27,3558.377687
-42.49,34,3559.149864
-41.27,25,3559.743317
32.062016,30,3560.363961
-40.12,34,3561.05508
32.249027,25,3561.724791
-33.0,38,3562.345153
-41.54,36,3562.959995
30.0,41,3563.703492
-41.15,41,3564.313952
-44.44,22,3566.992213
-35.57,35,3567.673577
-38.13,22,3568.147228
32.369718,38,3568.997571
35.638889,26,3569.617393
-35.21,24,3570.17737
-39.0,37,3570.878274
-36.0,34,3571.580208
-38.94,38,3572.436044
-38.81,30,3573.087543
-42.0,21,3573.524585
-38.88,31,3574.181126
-41.26,23,3574.745792
-32.15,25,3575.266079
-41.19,27,3575.640992
-41.5,25,3576.036683
-36.0,26,3576.421561
-35.98,36,3579.149268
-38.07,26,3579.730507
-41.9,27,3580.311738
-38.5,25,3580.829844
-41.32,23,3581.332787
-39.0,26,3581.932076
-34.47,28,3582.509609
32.174342,35,3583.289643
-38.65,26,3583.819775
36.0,25,3584.336263
-38.52,25,3584.834362
-37.54,28,3585.440248
-38.51,26,3586.10233
37.517586,27,3586.678971
32.463504,31,3587.469259
33.0,24,3588.038409
-35.44,43,3588.842589
-38.26,23,3589.260557
-32.33,52,3591.921761
-38.62,36,3592.517089
-40.77,26,3592.981767
-38.71,27,3593.604815
-41.07,88,3595.149081
-33.0,31,3595.630702
-36.0,32,3596.271382
-32.08,30,3596.923321
-41.82,31,3597.615877
-32.01,32,3598.214786
-38.14,26,3598.685661
-38.5,25,3599.192135
-35.04,29,3599.745737
-38.27,25,3600.191387
-36.0,37,3600.859816
-37.43,31,3603.38624
-32.71,25,3603.764663
32.233333,32,3604.371931
-35.11,28,3604.877306
-41.66,21,3605.255072
-32.18,25,3605.702108
-38.42,21,3606.079259
-35.99,26,3606.559666
-41.08,18,3606.892974
-41.75,23,3607.301067
-42.0,29,3607.818935
-35.77,23,3608.269772
-35.23,33,3608.896812
-39.0,39,3609.618225
-39.0,25,3610.120616
35.259649,49,3611.121387
-42.0,16,3611.347161
-35.83,38,3612.357966
32.187919,26,3612.810361
32.709571,32,3615.2032
38.146825,25,3615.593571
-41.45,30,3616.117481
-41.08,31,3616.709656
-38.56,28,3617.191895
37.62332,29,3617.736196
38.487116,26,3618.156695
-41.38,20,3618.557439
35.603077,22,3618.969861
-38.55,34,3619.608547
-35.8,31,3620.201704
-32.11,35,3620.885054
-44.75,29,3621.441628
-44.95,21,3621.890686
-35.22,29,3622.558084
-30.0,38,3623.323827
-35.22,25,3623.871878
-40.46,31,3624.510854
32.252525,28,3626.88515
-38.02,25,3627.282569
-40.92,24,3627.663748
-32.74,22,3628.092017
-33.0,27,3628.571537
-41.5,23,3628.988519
-39.0,23,3629.388244
-40.9,25,3629.873883
-36.0,24,3630.291151
-41.35,20,3630.668768
-32.94,28,3631.215833
-38.5,20,3631.60499
-32.07,34,3632.216658
-41.71,20,3632.594736
31.801205,42,3633.375354
-41.73,39,3634.16412
32.384196,35,3634.814456
-38.65,27,3635.530705
37.031774,33,3638.119557
-41.5,24,3638.46918
38.088889,24,3638.818306
-38.45,43,3639.624737
-41.06,23,3640.124206
32.513619,29,3640.74256
-36.0,30,3641.355239
-41.41,21,3641.751061
-38.1,23,3642.156323
32.165441,35,3642.796884
-41.47,44,3643.603069
-32.64,28,3644.400817
-39.0,37,3645.115157
-32.4,23,3645.543655
-41.49,22,3645.921782
-41.66,37,3646.56462
-42.0,21,3647.006126
-38.66,22,3647.844466
-37.57,30,3650.722234
-36.0,33,3651.211099
-44.3,25,3651.554471
34.987633,20,3651.930289
35.148148,30,3652.469402
-38.84,31,3653.107227
-35.44,27,3653.636875
-44.34,33,3654.357139
-32.44,31,3655.32259
-37.85,25,3655.826653
-44.53,31,3656.390828
-33.0,41,3657.046773
-38.53,27,3657.62219
-37.96,51,3658.53897
-42.0,22,3659.041247
-42.0,27,3659.627699
-35.94,35,3660.330782
-41.76,23,3662.700089
-37.58,23,3663.045684
-41.13,27,3663.43127
-35.76,27,3663.838972
-41.07,17,3664.125024
-35.61,23,3664.616493
32.045732,24,3665.126957
-35.7,42,3665.824528
-43.06,19,3666.305134
-32.57,26,3666.781264
-32.69,30,3667.344675
34.935985,46,3668.20131
40.775076,19,3668.978451
-32.36,32,3669.593301
32.262548,38,3670.289217
-38.88,28,3670.744576
35.5,38,3671.500731
-43.23,19,3671.877163
-41.38,30,3674.623435
40.557697,43,3675.253286
-42.0,28,3675.602611
-41.6,26,3676.003564
-41.01,27,3676.674284
-38.09,22,3677.0501
-38.01,27,3677.573677
-33.0,28,3678.139915
34.874489,30,3678.644014
-38.08,27,3679.126106
-38.49,34,3679.717019
-41.3,29,3680.228379
-38.89,46,3681.105137
-38.71,31,3681.671773
-32.53,29,3682.206022
-35.84,37,3682.903095
-39.0,30,3683.470229
-36.0,37,3686.231503
-44.62,32,3686.673639
37.52354,22,3686.990394
-41.88,29,3687.386851
-41.94,45,3688.047872
-41.44,19,3688.419797
-41.32,23,3689.076345
32.956667,41,3689.810745
-40.53,24,3690.24623
-42.0,18,3690.601017
-46.98,64,3691.777185
-38.45,49,3692.730019
-35.91,31,3693.400218
-34.89,24,3693.850466
-38.81,42,3694.620328
-41.77,26,3695.116856
-41.85,29,3697.84108
-35.91,49,3698.522495
-42.0,28,3698.923448
-35.88,72,3700.024416
-35.64,55,3701.080304
-41.39,26,3701.871371
-38.11,34,3702.558336
-41.88,21,3702.964388
38.227586,56,3704.128108
37.386552,20,3704.584074
-41.94,23,3704.967674
-44.43,30,3705.563687
-46.63,21,3705.977927
-40.93,20,3706.379689
32.516364,35,3709.13711
-35.67,30,3709.648831
-44.74,25,3710.025154
-38.11,29,3710.400758
-31.88,33,3711.611076
-35.44,25,3712.015707
-38.12,32,3712.615782
32.038961,25,3713.060516
-39.0,24,3713.522718
-38.24,24,3714.146986
-32.55,30,3714.71711
-41.32,28,3715.220383
-38.14,33,3715.876746
32.902778,24,3716.328586
-35.16,43,3717.099643
-44.67,21,3717.45975
39.273469,61,3718.639297
-32.72,29,3721.277396
40.913027,22,3721.596098
-41.2,33,3722.031578
-38.09,31,3722.497296
-41.13,29,3722.933316
-40.64,18,3723.200514
-43.3,22,3723.536287
-38.22,25,3723.992551
37.574018,27,3724.492217
-34.67,35,3725.145948
-38.3,22,3725.558667
-38.55,21,3725.986863
-37.96,28,3726.477654
-32.39,68,3728.105804
-38.14,29,3728.674941
-35.12,30,3729.223231
-42.0,19,3729.6002
-38.5,36,3730.272483
-35.48,29,3733.020315
33.0,35,3733.498141
-33.0,34,3733.95746
-32.68,29,3734.354292
-41.84,19,3734.634797
-38.34,27,3735.040328
-38.37,24,3735.426116
-35.88,48,3736.305269
-42.0,21,3736.692947
-44.41,22,3737.115393
-38.42,27,3737.686399
35.66171,26,3738.217504
37.67004,28,3738.991343
-32.03,30,3739.565832
32.415094,28,3740.075929
34.294231,27,3740.599048
32.342205,29,3741.173209
-40.57,32,3741.791021
-35.0,52,3744.766696
-32.46,38,3745.467448
35.206311,25,3746.00809
-40.4,24,3746.479131
38.085174,25,3746.866622
-37.74,35,3747.446732
-44.56,25,3747.862553
37.931406,22,3748.261024
37.06564,35,3749.005906
-35.55,35,3749.659979
-33.0,26,3750.135675
-41.81,34,3751.309759
-42.0,29,3751.96072
-39.0,37,3752.647186
-38.45,36,3753.484816
-32.81,26,3754.032576
-44.26,23,3756.675408
-41.49,27,3757.186451
-38.16,19,3757.566831
-38.19,28,3758.117661
-38.37,22,3758.504167
-38.36,27,3758.969573
-44.89,19,3759.328365
-41.71,40,3760.024245
-38.82,27,3760.509645
-35.06,25,3761.031797
36.0,26,3761.569399
-35.75,26,3762.051843
-32.5,35,3762.726423
-41.41,24,3763.268118
-41.49,27,3763.782978
32.268293,27,3764.321296
-38.43,25,3764.98974
-41.4,25,3765.696717
35.029032,23,3766.142197
-32.6,27,3766.59631
-36.0,32,3769.4204
-37.42,31,3770.04889
-40.66,33,3770.623799
-41.31,30,3771.056406
-38.56,25,3771.46251
35.236364,29,3771.951987
-40.57,34,3772.493557
32.471939,30,3773.029615
-42.0,25,3773.495455
-32.85,29,3774.112655
-37.54,27,3774.696334
-36.0,29,3775.274429
35.27486,34,3775.898339
-41.43,28,3776.391606
-35.29,28,3777.016439
-37.18,26,3777.501436
-41.48,26,3778.059021
-38.9,24,3780.710698
-37.82,29,3781.182084
-41.05,23,3781.671062
-33.0,30,3782.296302
-38.35,35,3782.862131
-38.48,35,3783.436906
-41.57,32,3783.903213
30.0,31,3784.699908
-42.0,20,3785.065769
-34.58,30,3785.621826
-37.77,32,3786.205151
-32.25,41,3786.957049
-42.0,26,3787.542704
-33.0,35,3788.225069
-35.52,32,3788.804145
-36.0,23,3789.230271
-41.08,29,3789.841231
-44.54,19,3790.267362
-41.11,19,3792.683422
-45.0,34,3793.246403
-37.53,27,3793.733193
-35.22,31,3794.268882
-44.34,29,3794.704957
40.924291,22,3795.110142
32.162037,34,3795.626789
-38.55,22,3795.931749
-41.34,21,3796.260174
-41.96,32,3796.790741
-38.41,22,3797.206215
-34.9,27,3797.707486
-32.91,33,3798.31952
-32.22,37,3799.131592
-35.25,30,3800.607307
-41.84,21,3801.026308
-33.0,31,3801.658464
-37.84,32,3802.282861
-38.15,30,3805.083635
-41.65,24,3805.507141
-41.84,29,3805.999632
-44.12,23,3806.391684
32.577703,34,3806.945236
-41.18,28,3807.372356
-36.0,28,3807.825203
-38.92,27,3808.236983
-36.0,28,3808.979325
-41.53,24,3809.421161
35.351613,24,3809.881048
-42.0,22,3810.257811
-30.0,27,3810.736653
-44.24,31,3811.287693
-43.37,19,3811.976538
-38.49,28,3812.572296
35.33935,24,3813.08388
30.0,29,3813.653466
-32.06,35,3814.296307
-35.61,25,3816.779669
-37.6,28,3817.265727
-33.0,38,3818.195502
-44.9,24,3818.636172
-33.0,30,3819.219078
36.0,28,3819.65683
-41.88,17,3819.925328
-36.0,27,3820.338313
-32.31,37,3820.958286
-41.64,27,3821.473956
-40.84,27,3822.027905
-38.26,30,3822.611858
-35.05,30,3823.195745
35.429719,32,3823.994798
-37.96,33,3824.664065
-38.88,26,3825.236654
35.516729,25,3825.764575
-39.0,27,3826.296358
-32.59,45,3829.326455
-37.14,28,3829.77101
36.0,28,3830.308644
38.107143,26,3830.819747
35.307947,31,3831.317121
33.0,30,3831.775184
-35.88,57,3832.671887
-35.93,21,3833.045269
-35.08,29,3833.512586
-40.67,32,3834.146063
-38.72,25,3834.653801
-38.42,25,3835.479633
35.623978,21,3835.862921
-35.35,27,3836.373489
-41.05,27,3836.89249
35.645915,29,3837.421037
-32.51,40,3838.173423
-39.0,23,3840.689262
37.60616,53,3841.690403
-38.43,23,3842.088706
-41.58,25,3842.553419
-44.2,27,3843.057871
-38.26,26,3843.446275
-41.58,26,3844.187655
-33.0,34,3844.728961
32.073171,32,3845.200943
33.0,37,3845.878021
-41.6,37,3846.602623
-38.12,30,3847.171246
32.541667,30,3847.734206
-32.04,27,3848.243451
-37.3,31,3848.790995
-36.0,23,3849.230003
-41.55,17,3849.521763
-41.19,18,3851.924456
-43.72,26,3852.438564
-37.12,29,3852.949232
-32.66,30,3853.503033
-44.67,30,3854.086997
-41.19,26,3854.557807
-41.53,28,3854.993668
-35.24,29,3855.420656
-43.98,20,3855.733165
-41.05,31,3856.20284
-35.06,26,3856.566739
-35.71,36,3857.158698
-43.84,30,3857.723542
-34.85,36,3858.376093
36.687573,26,3858.856419
-35.15,26,3859.363864
-32.21,29,3860.109224
-35.81,25,3860.579805
-34.17,39,3863.332203
34.36701,27,3863.816487
-45.0,33,3864.461612
36.0,24,3864.859604
33.0,24,3865.309483
-44.17,30,3865.863455
-42.0,27,3866.344785
-41.54,23,3866.699828
-42.0,27,3867.116944
32.666667,42,3867.73954
-35.18,38,3868.327814
-44.32,18,3868.818769
-44.7,21,3869.27668
-41.34,32,3870.0004
-39.0,24,3870.433627
-38.35,25,3870.917032
-41.5,35,3871.596051
-39.0,26,3872.106313
-33.0,32,3874.724188
37.604166,25,3875.212775
-41.5,21,3875.677302
-40.92,20,3876.086401
-45.0,25,3876.614376
-35.37,31,3877.272168
-32.23,26,3877.820584
33.0,31,3878.510262
-38.88,38,3879.177216
-40.95,25,3879.529122
-38.09,19,3879.78922
-39.0,32,3880.2465
-43.29,16,3880.480251
35.690595,27,3880.878645
-32.91,24,3881.252017
-41.18,23,3881.891029
-39.0,24,3882.307887
-38.38,30,3882.830585
-42.0,19,3883.191047
-38.2,31,3883.766538
-43.9,21,3885.900044
-32.26,35,3886.663304
35.055215,35,3887.302055
-32.35,26,3887.768853
-41.87,26,3888.21753
39.302569,55,3889.22978
-32.9,25,3889.663219
-39.0,22,3890.182253
-38.48,61,3891.254793
-32.11,36,3891.782504
-32.49,34,3892.279572
-38.89,27,3892.707806
-32.17,26,3893.128059
-35.74,30,3893.696545
-38.26,27,3894.320673
-38.67,26,3894.815863
-32.6,28,3897.254446
-41.51,23,3897.680582
35.103448,30,3898.275107
-38.9,29,3898.761582
-32.45,30,3899.353951
-37.59,52,3900.328009
32.117871,30,3900.993981
35.057498,28,3901.553987
-38.41,26,3902.210829
-41.38,18,3902.535001
-32.15,29,3902.96717
32.208333,23,3903.327523
35.161703,31,3903.791152
32.520913,34,3904.313057
37.850961,30,3904.829196
-42.0,23,3905.239922
-45.0,30,3905.869594
-35.39,28,3906.370799
-37.14,28,3908.802557
-44.12,21,3909.207531
-32.79,41,3909.926654
-36.0,25,3910.400103
-35.44,27,3911.073693
-32.81,26,3911.570693
-37.24,29,3912.209624
-38.23,24,3912.596691
35.302158,24,3913.303696
-33.0,24,3913.785956
-42.0,24,3914.802332
-39.0,21,3915.108555
-36.0,23,3915.454911
-36.0,25,3915.806879
32.31457,31,3916.243734
32.102459,39,3916.809718
38.047619,27,3917.232339
-34.65,33,3917.779695
-35.59,31,3920.287653
-33.0,23,3920.650094
32.07234,30,3921.388552
-41.58,44,3922.194718
-34.99,35,3922.934141
-39.0,24,3923.455362
-38.59,31,3924.056226
-32.49,34,3924.816996
35.811111,24,3925.262357
-36.0,37,3925.938446
-35.02,31,3926.602114
-38.85,21,3926.910511
-35.81,30,3927.477255
-35.21,26,3927.887385
-41.09,21,3928.204226
35.028846,27,3928.704221
-41.31,20,3929.042213
32.181507,26,3929.490356
-41.61,28,3932.2737
-35.39,22,3932.690314
-39.0,23,3933.07743
-36.0,27,3933.661692
-47.92,33,3934.28021
32.157303,35,3935.000921
-32.62,37,3935.707189
-32.65,29,3936.246059
-38.46,28,3936.765929
35.383051,29,3937.253693
-38.9,28,3937.874968
-35.18,23,3938.341933
-32.31,42,3939.115378
-35.16,26,3939.489138
35.13245,24,3939.855
-38.13,34,3940.346622
34.759093,34,3940.842238
-44.04,22,3941.181689
-41.78,21,3943.882359
-44.29,25,3944.35013
-36.0,36,3945.095214
-41.85,23,3945.616576
-41.56,32,3946.236687
-35.26,41,3947.330269
-34.55,39,3948.101815
-41.56,28,3948.635803
34.679929,27,3949.100493
-38.0,33,3949.756878
-44.39,42,3950.583664
-38.49,22,3950.989081
-45.0,20,3951.23403
37.662835,25,3951.624044
-37.83,38,3952.353636
-41.76,20,3952.648374
33.0,37,3953.211708
-40.58,23,3955.583075
-44.17,28,3956.10478
-35.49,27,3956.563192
-40.3,27,3957.024906
-33.0,50,3957.89986
32.073427,35,3958.501049
-38.8,29,3959.01572
-44.37,17,3959.314085
-41.29,27,3959.80282
-41.89,25,3960.213231
-38.83,27,3960.686938
-41.64,25,3961.202433
-40.78,22,3961.670085
-32.24,42,3962.599705
-40.84,29,3963.034532
-41.61,21,3963.428528
35.044828,30,3964.012135
-41.77,26,3964.415812
-38.03,42,3967.160446
-32.62,32,3967.711671
-44.25,31,3968.281827
-38.93,28,3968.771776
-34.75,34,3969.384835
-42.0,16,3969.655201
-39.0,33,3970.26076
-40.67,26,3970.709601
-43.52,19,3971.061541
-40.58,29,3971.986642
-38.44,29,3972.61315
-44.03,18,3972.935278
-37.76,26,3973.425925
-36.0,35,3974.053813
43.721411,15,3974.323366
-41.65,18,3974.552906
-44.37,24,3974.909457
-41.66,23,3975.268948
-38.77,25,3975.623482
-41.04,37,3978.13841
-41.2,26,3978.628014
-44.26,22,3979.022936
-38.44,27,3979.49755
32.933594,27,3979.976909
35.277778,24,3980.444422
-44.14,31,3981.03756
-32.9,30,3981.819757
-36.0,29,3982.468253
-35.63,33,3983.193381
-41.74,26,3983.832318
-41.64,19,3984.246561
-41.56,25,3984.735989
-41.13,32,3985.384665
-36.0,29,3986.0309
-43.4,28,3986.61802
-44.5,28,3987.087294
-41.31,29,3987.560567
-44.67,49,3990.297519
35.160883,35,3990.996231
-38.45,23,3991.858412
-40.88,28,3992.34401
-38.46,32,3992.904411
-41.51,27,3993.384392
-47.21,43,3994.193639
-40.65,29,3994.718672
-36.0,58,3995.829134
-39.0,22,3996.196486
-35.66,25,3996.642827
-38.31,29,3997.480352
-40.59,36,3998.13223
35.144863,32,3998.661771
-41.38,22,3998.959126
-40.57,32,3999.366605
-41.28,26,4001.907531
-40.92,24,4002.360193
-43.95,50,4003.311882
-37.98,29,4003.901932
-37.91,28,4004.488111
-35.21,24,4004.970332
-41.41,22,4005.384536
-36.0,28,4005.912205
35.491477,45,4006.877919
-41.52,19,4007.198166
-47.31,28,4007.739615
32.466783,37,4008.564626
-42.0,35,4009.319984
-35.91,43,4010.137368
-41.93,55,4011.084596
-43.51,25,4011.416151
-41.74,28,4013.996695
-35.25,26,4014.471623
38.438095,21,4014.836673
-37.9,25,4015.307827
-33.0,36,4015.967185
-32.16,46,4017.057138
-38.66,32,4017.667053
-41.28,28,4018.193955
-44.87,17,4018.514293
35.123188,31,4019.107046
-38.41,25,4019.577447
32.74,26,4020.096455
-32.72,49,4021.414894
-41.33,35,4022.196823
32.361486,30,4022.742021
-38.03,50,4023.550261
-32.62,25,4023.897245
-35.65,29,4026.875876
-38.53,30,4027.611101
-44.73,21,4028.080631
-39.0,31,4029.054221
37.695287,35,4029.746815
-36.0,22,4030.299283
35.08,23,4030.851233
-36.0,38,4031.641387
-32.67,30,4032.209431
40.542499,24,4032.699803
32.030418,30,4033.276696
-35.27,34,4033.890285
-45.0,17,4034.212009
-35.47,30,4034.77692
-38.25,28,4035.282384
35.811847,31,4035.71118
-44.42,24,4036.058629
34.623058,35,4036.545218
-37.65,31,4039.213669
32.764259,26,4039.699127
-38.6,22,4040.098191
-35.51,24,4040.571513
-37.64,34,4041.247104
-41.81,24,4041.78326
-43.79,21,4042.205298
-44.61,29,4042.79397
-32.51,31,4043.437206
-44.26,24,4044.135665
-33.0,30,4044.767044
-37.94,32,4045.351528
-35.8,28,4045.914722
-35.56,30,4046.494204
-32.68,28,4047.139085
35.009648,32,4047.719557
-32.04,31,4048.185438
32.025532,25,4048.576076
-41.59,22,4051.232495
-38.18,28,4051.768687
-41.5,25,4052.27733
-38.94,52,4053.37018
-44.09,33,4054.109039
-43.89,27,4054.701411
-32.57,33,4055.499329
-30.0,28,4056.134633
-41.9,40,4056.849293
-41.54,25,4057.285349
-43.75,24,4057.730508
-42.0,29,4058.283692
-44.58,28,4058.869159
-41.29,20,4059.232998
-33.0,36,4059.79567
-47.08,15,4060.029346
32.398754,36,4060.525776
-32.93,32,4062.951153
-43.73,28,4063.475614
-35.03,35,4064.245365
-44.34,61,4065.400322
-36.0,26,4065.865308
-36.0,25,4066.288793
-32.46,31,4067.114813
-39.0,32,4067.705244
-41.6,25,4068.099231
35.506098,24,4068.573939
-34.78,27,4069.087751
40.575379,24,4069.530004
-37.5,32,4070.0915
-41.14,22,4070.674742
-44.14,20,4071.166056
-41.29,24,4071.552507
-38.06,29,4072.010869
-41.8,27,4072.450338
-35.76,33,4075.204025
-35.91,30,4075.726563
-32.88,36,4076.38213
-35.66,25,4076.828629
-35.83,38,4077.507001
34.668224,27,4077.986619
-44.75,28,4078.500282
-36.0,26,4079.045348
-41.19,24,4079.493312
-38.37,32,4080.086633
-40.79,28,4080.598595
37.238387,37,4081.338037
-38.62,31,4082.00762
-33.0,30,4082.553378
-32.88,35,4083.142655
-32.82,29,4083.592917
-41.19,39,4086.365018
-39.0,28,4086.860175
-41.29,22,4087.256752
-34.17,43,4088.025962
-36.0,29,4088.630898
-44.66,27,4089.129085
-42.0,28,4089.63655
-44.51,24,4090.285816
-41.94,21,4090.657533
-39.0,23,4091.097286
-37.52,33,4091.697773
-36.0,32,4092.290993
-32.53,33,4092.857511
-32.64,38,4093.477568
-41.71,20,4093.779623
40.745794,22,4094.137966
-42.0,16,4094.402196
-42.0,28,4094.965517
-35.91,21,4095.392386
-32.28,25,4098.403374
32.932886,64,4099.796592
-36.0,25,4100.355582
38.329205,28,4101.077741
-38.44,37,4101.777099
-36.0,30,4102.18289
-44.54,24,4102.436324
-41.91,26,4102.914693
32.643617,38,4103.621087
37.483241,39,4104.445458
-32.71,34,4105.160849
-38.23,34,4105.801659
-46.42,17,4106.147176
-41.79,50,4107.10429
-42.0,21,4107.488803
-41.1,28,4108.080601
-40.81,24,4110.924851
-41.49,24,4111.351806
-38.17,30,4111.946704
-38.07,26,4112.47567
36.688521,28,4113.111604
-41.12,21,4113.574453
32.629139,29,4114.209084
-44.32,24,4114.711689
-33.0,60,4115.832313
-48.0,12,4116.055186
-41.76,32,4116.646426
39.0,21,4117.056433
-38.65,25,4117.489167
37.478257,23,4117.877944
-40.84,20,4118.181616
-44.52,18,4118.47346
-47.36,21,4118.798332
-40.77,29,4119.25485
-44.81,16,4119.55557
-41.15,28,4120.07313
-44.5,18,4122.658356
-41.57,27,4123.125737
-35.88,24,4123.576794
-38.38,24,4124.124799
-36.0,25,4124.670594
-44.57,21,4125.228227
-35.69,27,4126.084477
-41.19,26,4126.577006
38.392183,31,4127.397738
-38.91,32,4128.05964
35.443431,28,4128.751379
-41.88,21,4129.138166
-41.15,27,4129.679604
-42.0,21,4130.030182
-41.6,26,4130.467251
-38.3,34,4131.030147
-44.21,19,4131.3593
38.394834,23,4131.739844
-40.77,23,4132.218014
-46.44,27,4132.848676
-39.83,33,4135.673762
-41.18,20,4135.965349
-44.37,24,4136.339478
-36.0,24,4136.721186
-43.26,20,4137.087203
-35.33,24,4137.52804
-34.25,43,4138.332414
-35.91,27,4138.82478
-41.27,18,4139.162378
-38.56,33,4139.762394
-38.32,30,4140.314852
-35.53,32,4140.88202
-32.35,39,4141.563019
-39.0,22,4141.967112
-41.63,27,4142.388625
-37.48,19,4142.718628
-38.59,30,4143.117958
-38.55,27,4143.749948
-35.23,30,4144.397109
-47.99,14,4147.296891
32.826923,34,4147.870531
-42.0,32,4148.394513
-32.55,33,4148.970939
-40.61,31,4149.643772
-41.15,26,4150.221844
-40.03,37,4151.152509
-41.4,22,4151.737942
-39.0,19,4152.112199
-35.36,26,4152.950272
-42.0,23,4153.389222
-45.0,25,4153.835205
34.755917,29,4154.341589
-41.83,27,4154.777353
-34.56,39,4155.609346
-43.74,25,4156.046531
-43.01,30,4156.624994
-35.79,37,4157.350911
-41.36,30,4159.862406
-43.17,35,4160.450332
-32.26,37,4160.994858
-41.9,23,4161.376992
34.749666,39,4162.073846
-35.35,29,4162.686187
-41.48,31,4163.432609
-35.81,29,4163.994523
-39.0,28,4164.499877
-36.0,21,4164.913787
-41.77,33,4165.557364
-44.09,22,4165.962374
-32.46,30,4166.478869
-41.57,26,4166.909041
-41.27,22,4167.310989
-38.98,21,4167.650794
-38.21,21,4168.002101
-34.74,34,4168.629226
-38.5,36,4171.425921
-41.81,23,4171.786178
-42.0,18,4172.075807
40.958602,39,4172.663772
-35.32,34,4173.173395
-41.53,23,4173.556133
-41.46,30,4174.172693
-36.0,30,4174.883799
-41.6,22,4175.301066
-41.23,21,4175.620888
-45.0,23,4176.081825
-38.5,27,4176.573106
-41.41,24,4177.007872
-42.0,30,4177.56495
32.505618,27,4178.334891
-36.55,22,4178.793319
-41.74,24,4179.176459
-35.32,29,4179.671798
37.031437,25,4180.146506
-41.63,27,4183.259674
-36.0,22,4183.684567
-34.83,30,4184.268494
-38.66,24,4184.695983
-41.71,24,4185.108116
-38.01,29,4185.558295
-35.23,22,4185.922142
-41.24,21,4186.354724
-33.0,30,4187.79458
-44.0,21,4188.195326
-39.0,27,4188.691544
-47.76,25,4189.168438
-41.8,23,4189.56684
-32.72,27,4189.988505
-41.07,30,4190.5032
-38.08,25,4190.925932
-41.07,37,4191.647866
-44.36,24,4192.132612
32.734266,32,4192.841273
-35.91,34,4196.138607
-41.4,37,4196.841569
-38.52,38,4197.511725
-44.32,22,4198.002397
-32.73,29,4198.649807
39.0,29,4199.285677
37.581759,22,4199.708101
-38.09,49,4200.624469
-42.0,28,4201.155126
32.847682,28,4201.738241
-42.0,23,4202.259234
-43.67,38,4202.985975
-38.7,35,4203.513233
-41.13,22,4203.888779
-41.11,21,4204.246849
46.037448,17,4204.57167
-39.0,27,4205.101559
-32.59,35,4205.957459
-35.14,27,4208.653502
-32.86,32,4209.215973
-35.81,34,4209.801139
-43.17,24,4210.326742
-48.0,25,4211.146407
-33.0,26,4211.631251
-38.07,24,4212.081788
-32.25,27,4212.547616
-41.87,23,4212.988408
-42.0,23,4213.418079
-32.47,27,4213.973813
-35.02,28,4214.560971
-38.51,25,4215.006829
32.566901,29,4215.535105
-38.72,25,4215.946861
-38.89,32,4216.481701
39.0,21,4216.831722
32.563333,39,4217.580898
-41.74,22,4218.045393
32.088235,26,4220.908286
-40.99,39,4221.62449
-42.0,27,4222.313569
-30.0,34,4223.084876
-37.81,30,4223.696861
-44.35,28,4224.222767
-35.84,31,4224.722091
-41.81,29,4225.364208
-39.0,24,4225.823559
-41.45,31,4226.400325
-39.0,40,4227.053274
34.441895,60,4228.26336
-35.34,30,4228.784719
-39.0,21,4229.114205
32.486166,28,4229.729822
-35.69,28,4230.384682
-46.09,24,4233.028685
-44.07,25,4233.728201
-38.11,36,4234.410285
-38.14,31,4235.001371
-35.49,26,4235.543667
-43.63,21,4235.976845
33.0,28,4236.657405
-32.47,25,4237.173068
-38.56,22,4237.686698
-40.67,27,4238.414459
-38.29,23,4238.857582
32.118252,26,4239.330612
-41.5,20,4239.688118
-47.29,26,4240.107239
-40.9,31,4240.737219
-32.21,44,4241.939984
-35.14,25,4242.402613
-45.0,20,4242.783886
32.428571,28,4243.282732
32.277778,34,4246.060851
-32.08,26,4246.413674
-41.59,21,4246.745009
-43.42,31,4247.220437
-39.0,21,4247.555745
-41.15,33,4248.112325
32.233871,27,4248.625171
-41.22,21,4249.002012
-35.3,28,4250.221436
-38.06,38,4251.058058
-40.75,27,4251.543299
-38.6,29,4251.999491
-38.9,38,4252.570712
-36.0,32,4253.09421
-32.38,32,4253.657497
38.214744,81,4255.270509
-36.0,27,4257.964589
-32.84,27,4258.342322
-41.5,30,4258.774029
-38.73,22,4259.131479
-32.48,31,4259.61303
-41.01,25,4260.051697
-35.59,33,4260.699147
-41.16,21,4261.069781
-43.78,24,4261.702831
-38.89,27,4262.198761
-42.0,24,4262.659296
-35.75,34,4263.247534
-38.04,37,4264.05446
-39.0,25,4264.479486
-36.0,27,4264.903625
-41.78,28,4265.375819
-44.67,27,4265.919425
-44.43,27,4266.458799
-32.75,44,4269.520838
-41.27,34,4270.03038
-41.25,28,4270.448176
-38.51,26,4270.84328
-44.35,23,4271.173203
-38.47,23,4271.570787
-43.74,25,4272.063905
-47.06,44,4273.107448
-43.67,24,4273.576505
-41.4,23,4274.126027
-39.0,26,4274.738587
-35.94,34,4275.339136
32.304029,29,4275.876398
-41.66,21,4276.276163
-44.05,20,4276.721015
-41.77,22,4277.165903
-32.24,30,4277.817248
-38.3,27,4278.406912
-40.78,22,4278.855175
-48.0,20,4281.749742
-44.2,26,4282.226271
-44.51,27,4282.730254
-41.91,20,4283.068189
-41.16,35,4283.673516
-41.19,31,4284.144466
-35.81,33,4284.641453
33.0,26,4285.206893
32.711744,27,4285.686102
33.0,24,4286.166323
35.300134,28,4286.644444
-41.84,32,4287.190114
-39.0,28,4288.032983
37.702562,28,4288.51385
33.0,33,4289.064234
-32.87,34,4289.742023
-36.0,28,4290.663227
-36.0,26,4291.393419
-35.05,24,4294.042376
-44.68,36,4294.720724
35.005519,27,4295.12618
-35.15,27,4295.556505
-38.21,21,4295.866536
38.335878,27,4296.257758
-42.0,27,4296.712793
-41.59,24,4297.13318
-35.43,27,4297.596997
-38.14,19,4297.989338
-35.34,30,4298.620527
-41.76,26,4299.072252
-43.81,23,4299.493769
-35.26,32,4300.064866
-34.09,35,4300.76752
-41.31,21,4301.344307
32.175258,48,4302.322023
-41.52,23,4302.727296
-32.75,39,4305.808992
-40.83,29,4306.382932
35.01893,34,4306.910683
-32.16,31,4307.332282
-38.92,27,4307.703257
-41.54,37,4308.249418
-41.43,33,4308.719937
-44.14,20,4309.028759
-44.75,25,4309.465113
-40.68,23,4309.882321
-42.89,23,4310.301826
-34.78,35,4310.91379
-40.94,26,4311.418315
-35.01,82,4312.795167
-44.68,24,4313.307293
-41.77,40,4314.069773
-41.35,25,4316.872897
-41.43,31,4317.655024
35.405747,38,4318.342065
-35.27,28,4318.84456
-44.68,26,4319.285492
-32.91,62,4320.225214
-38.72,28,4320.667019
-41.6,33,4321.224259
-38.29,27,4321.703565
-38.24,26,4322.142347
32.901818,29,4322.595558
-35.35,24,4322.940784
-32.85,34,4323.678984
34.118057,32,4324.218401
-39.0,30,4324.782451
-38.33,23,4325.192254
-41.82,31,4325.751447
-39.0,28,4328.521116
-36.54,26,4329.021746
32.501805,27,4329.590785
-35.42,31,4330.239443
32.380753,33,4330.76951
-34.96,29,4331.309489
-41.34,24,4331.6858
-38.01,26,4332.080914
-32.44,34,4332.570199
35.750988,24,4333.027391
-39.0,28,4333.532345
30.0,35,4334.06492
-35.13,31,4334.563652
-38.94,24,4334.92304
-35.68,64,4336.054084
-38.66,24,4336.806555
-44.16,18,4337.152973
32.21673,37,4339.739156
32.294776,31,4340.317486
-41.58,31,4341.072934
-41.63,25,4341.741225
-35.59,32,4342.356702
35.876543,30,4342.855708
-40.07,25,4343.254083
-41.45,41,4343.858892
-44.91,39,4344.450531
-46.49,16,4344.698872
-42.12,23,4345.049741
-35.36,30,4345.508197
-35.91,25,4345.926792
-33.0,27,4346.412104
-45.0,17,4346.686162
-35.52,28,4347.170854
-32.71,41,4347.901715
-41.78,28,4350.352073
-32.66,31,4350.913348
-44.13,29,4351.52438
-35.13,26,4352.065091
-41.88,31,4352.784804
-38.72,20,4353.234055
37.699076,33,4353.990883
-38.91,22,4354.482858
-35.85,21,4354.916455
-33.0,28,4355.437078
-34.94,25,4355.863186
-38.91,25,4356.286936
-44.14,26,4356.708958
36.0,26,4357.104928
-34.79,34,4357.556833
33.0,32,4358.066984
-40.75,28,4358.474756
32.04451,42,4359.136327
-38.0,29,4361.817367
31.917021,33,4362.420425
35.065517,28,4362.963434
-41.01,29,4363.604704
-37.88,27,4364.173244
-33.0,28,4364.792571
-44.05,16,4365.146904
-39.0,25,4365.686714
32.886121,34,4366.400452
-44.49,25,4366.955372
-38.0,27,4367.479248
-32.05,40,4368.25683
-32.67,28,4368.723802
-41.99,23,4369.084792
-33.0,32,4369.574953
35.81877,30,4370.048982
-38.56,27,4370.472078
-35.34,29,4370.946366
-32.61,32,4373.789927
-38.12,35,4374.446724
35.794479,28,4375.002437
-38.56,27,4375.565902
-44.17,26,4376.113892
-33.0,30,4376.776428
32.577206,39,4377.500249
-40.61,33,4378.110114
38.619772,23,4378.530518
33.0,37,4379.283486
-41.42,26,4379.741731
-38.39,34,4380.337541
-32.49,54,4381.2142
-32.48,33,4381.770438
-41.42,21,4382.146014
-41.79,29,4382.69451
34.942257,32,4383.334028
-39.0,29,4386.061503
31.603704,28,4386.553108
-41.88,31,4387.240351
-39.0,31,4387.888894
-38.08,28,4388.350977
38.116618,25,4388.679151
-38.58,21,4388.930092
-40.55,27,4389.420759
-38.76,27,4389.916982
-35.2,27,4390.422328
35.167939,29,4390.955755
-41.97,31,4391.484368
-35.49,25,4391.878085
35.029316,26,4392.243481
-44.05,19,4392.532602
-35.15,28,4393.224114
-38.75,30,4393.786202
-38.64,36,4394.778335
-35.01,20,4397.745407
-43.43,25,4398.319052
-38.13,28,4398.921754
-35.13,27,4399.524877
-35.52,31,4400.104743
37.331032,32,4400.691262
-47.59,16,4400.980071
-40.76,31,4401.560091
-34.93,26,4402.097175
-38.1,30,4402.692352
-32.81,33,4403.323881
-32.42,37,4403.998769
36.0,28,4404.432792
-38.11,39,4405.092475
-41.2,21,4405.407276
-38.68,30,4405.85326
32.503497,28,4406.554235
32.147059,30,4407.096101
-32.49,63,4410.490003
-38.57,28,4411.021247
-44.67,19,4411.385505
-41.42,23,4411.791315
-42.0,23,4412.205548
-38.5,38,4412.890188
35.160584,29,4413.441791
-38.34,24,4413.911161
-38.42,23,4414.339334
-44.5,18,4414.669305
-38.12,23,4415.102366
-44.09,20,4415.499884
-38.23,30,4415.954581
-46.96,25,4416.297184
-35.18,25,4416.641831
35.953704,34,4417.134292
-41.63,35,4417.628263
-32.46,31,4418.17991
-36.0,25,4420.928954
-32.35,39,4421.65653
-41.88,19,4422.032597
-41.82,27,4422.532228
-37.65,32,4423.146845
-35.22,29,4423.653594
-32.14,26,4424.178239
-42.0,22,4424.63203
-38.22,28,4425.136762
31.979087,35,4425.781114
-35.71,33,4426.416997
38.652778,26,4426.903453
-41.72,24,4427.365847
-32.88,32,4427.844882
-32.71,26,4428.187164
-41.14,28,4428.577722
-32.72,35,4429.041243
37.098017,29,4429.481785
-38.54,32,4432.239052
-40.88,24,4432.662092
-38.67,24,4433.067187
35.132353,30,4433.595158
-35.34,34,4434.211079
-41.34,25,4434.631367
-32.18,41,4435.366121
-33.0,31,4435.934387
-35.73,25,4436.376052
-35.37,31,4436.941055
-32.15,36,4437.920449
33.0,30,4438.480932
32.309783,29,4438.929039
38.00365,22,4439.344725
-38.85,24,4439.615433
-41.37,38,4440.25103
-32.72,32,4440.677758
-32.73,34,4443.360892
-38.27,25,4443.828895
-35.09,28,4444.324968
-33.0,33,4444.955772
-35.84,26,4445.61013
36.0,30,4446.702824
-36.0,22,4447.130508
38.611842,24,4447.613214
34.274516,30,4448.202472
-36.0,32,4448.834172
-32.2,34,4449.567128
-35.6,53,4450.503386
-35.69,25,4450.882913
35.15668,26,4451.289829
-41.21,27,4451.739064
37.19958,36,4452.195643
-39.0,29,4452.871546
-40.23,33,4455.622169
-38.54,50,4456.538363
-41.66,32,4457.116318
-40.26,27,4457.631326
-35.51,41,4458.355681
39.0,25,4458.829013
35.460674,24,4459.267562
-36.0,41,4460.026293
33.0,30,4460.566286
-35.5,44,4461.276551
-44.15,25,4461.667018
36.0,28,4462.112643
-36.0,26,4462.531251
-41.07,30,4463.087784
-32.31,32,4463.676704
-35.62,26,4464.114004
-35.22,32,4466.693315
-40.93,30,4467.247615
-40.59,23,4467.662047
-32.71,27,4468.144986
-41.32,21,4468.505056
-36.0,25,4468.998982
-32.3,25,4469.44509
-44.32,19,4469.849573
-41.88,36,4470.59826
-38.42,28,4471.322083
-38.68,29,4472.152729
-44.12,18,4472.456033
-44.07,27,4472.883136
-36.0,30,4473.371541
-35.65,30,4473.849058
35.263158,34,4474.416629
32.575862,31,4475.042181
-38.86,31,4475.665764
-42.0,21,4476.066108
-44.74,19,4478.498492
-38.65,24,4478.927705
34.65493,30,4479.491043
-43.88,23,4479.905942
-35.91,34,4480.52074
-44.88,27,4481.019502
-32.33,26,4481.4776
32.127273,35,4482.115397
-37.67,42,4482.848845
-44.3,29,4483.391166
-35.7,26,4483.845752
-43.63,26,4484.268795
34.951973,26,4484.689387
-45.0,21,4485.031895
40.358335,20,4485.351406
-44.41,24,4485.833482
-32.57,26,4486.316564
-38.14,25,4487.368299
35.0125,27,4487.881692
-34.52,27,4490.70501
-41.26,22,4491.119361
-40.14,28,4491.663282
-37.03,26,4492.13961
-37.94,21,4492.541947
-41.21,24,4492.991081
-39.0,46,4493.742237
-36.0,29,4494.332711
-44.16,31,4494.881687
32.354312,32,4495.386801
-44.08,20,4495.702837
-41.85,21,4496.023954
-41.48,32,4496.530525
37.850316,28,4497.015549
-38.33,29,4497.641011
32.088561,47,4498.842727
-37.71,59,4499.949451
-44.48,18,4502.515214
-43.84,23,4502.948572
-44.33,16,4503.237496
-38.28,31,4503.922943
-35.38,38,4504.623083
-44.91,46,4505.59424
32.006494,29,4506.219541
-31.52,33,4506.90099
-38.12,24,4507.305593
-35.22,29,4507.770645
-35.45,29,4508.241807
37.89636,25,4508.629227
-32.5,35,4509.261652
-35.73,29,4509.769304
35.011628,27,4510.302092
-38.91,30,4510.990575
-41.74,33,4511.588108
-39.0,22,4514.064596
-40.29,42,4514.700144
-38.72,27,4515.074496
-39.0,34,4515.728632
-38.88,27,4516.196702
-40.33,28,4516.723195
-35.32,24,4517.187286
-41.34,22,4517.634108
-35.66,32,4518.267384
-38.94,42,4519.012004
-33.0,25,4519.423871
-38.14,37,4519.967403
-35.68,25,4520.460619
-41.81,25,4520.99844
-37.96,23,4521.43871
-37.2,39,4522.172019
30.0,24,4522.607641
37.788175,24,4523.108565
-35.7,28,4526.042434
35.254753,30,4526.54095
-38.62,58,4527.526532
-37.0,24,4527.914313
35.773256,26,4528.325106
-42.0,28,4528.823291
-38.27,30,4529.361316
-41.19,19,4529.718997
-43.78,34,4530.32373
-47.64,23,4530.74972
-41.25,22,4531.141568
-35.19,41,4531.905369
-35.96,42,4532.771323
-38.42,27,4533.292731
-38.89,132,4538.091977
-41.01,27,4538.503576
-38.71,38,4539.070923
-41.83,25,4539.44886
35.220974,25,4539.819506
-44.09,26,4540.20798
-40.32,38,4540.939685
35.647273,27,4541.469339
-33.0,26,4542.010464
-41.73,24,4542.47165
-38.71,25,4542.883914
-41.55,30,4543.484898
35.368421,23,4543.9053
-42.0,24,4544.297
-44.13,21,4544.715403
-35.13,28,4545.221683
-41.4,25,4545.706463
33.0,36,4546.439054
-44.41,22,4549.454919
-37.76,42,4550.393255
-38.88,27,4551.059489
-42.0,30,4551.52075
-37.33,35,4552.713228
-44.75,23,4553.198014
-45.6,28,4553.755143
-41.69,24,4554.198502
-38.82,29,4554.752033
-35.49,45,4555.564708
41.297297,23,4555.957684
35.758065,27,4556.414195
-32.42,40,4557.203061
-47.44,21,4557.635494
-42.0,30,4558.2691
-41.04,24,4558.779312
38.268852,21,4559.289356
-41.56,30,4562.305548
32.589091,35,4562.87569
-44.39,18,4563.214115
32.401487,36,4563.860646
32.273092,38,4564.513579
34.538314,29,4565.04138
-35.9,23,4565.458285
-38.23,21,4565.903136
-40.88,31,4566.530482
-32.81,39,4567.292528
-41.81,25,4567.795916
-35.29,24,4568.24494
-35.09,29,4568.770125
-42.0,26,4569.187591
-40.1,23,4569.598035
-44.82,31,4570.174312
-32.42,35,4570.845651
-42.86,26,4571.319843
-38.45,34,4574.227836
-44.84,16,4574.608505
37.672903,25,4575.129141
-32.7,34,4575.726135
32.134483,37,4576.35493
37.233236,21,4576.795422
37.325412,26,4577.335674
-44.07,19,4577.74972
-32.23,30,4578.468565
-32.21,27,4579.219712
35.782209,28,4579.79187
-38.63,28,4580.299948
-41.4,32,4580.805655
-35.31,32,4581.459816
-39.0,27,4582.007557
-35.15,30,4582.678503
-38.18,23,4583.228241
-35.25,28,4583.837907
33.0,30,4584.596877
-35.17,25,4587.501951
32.200772,41,4588.288246
-41.25,23,4588.636637
36.0,23,4588.974936
-35.64,31,4589.475986
-38.11,18,4589.720577
-33.0,33,4590.207681
-40.92,28,4590.670346
-44.03,21,4591.009248
-32.67,44,4591.744081
-35.87,31,4592.23549
-47.15,18,4592.552388
32.415493,29,4593.011777
-31.58,38,4593.694159
-40.78,25,4594.161507
-35.09,29,4594.649933
-41.5,26,4595.091999
-44.04,26,4595.557282
-42.0,26,4598.743118
-36.0,25,4599.269699
-33.0,29,4599.839345
-35.51,23,4600.228094
33.0,27,4600.630904
-44.45,24,4600.990377
-32.71,27,4601.364961
-41.33,30,4601.81174
-32.55,31,4602.255172
-37.14,38,4602.89371
-32.62,32,4603.396142
30.0,34,4603.952985
-39.0,31,4604.46247
-38.54,45,4605.538929
-38.19,40,4606.406114
-38.63,42,4607.236339
-41.27,28,4610.195523
-33.0,29,4610.827465
-32.74,28,4611.56593
-38.61,24,4612.034741
35.077519,25,4612.492687
-38.39,28,4612.878326
32.583871,34,4613.403358
-38.71,25,4613.84361
32.388199,29,4614.403454
-35.71,53,4615.464175
32.313008,32,4616.088125
32.315972,32,4616.62456
-38.47,28,4617.129337
-38.54,21,4617.516285
-39.0,28,4618.020463
-41.14,24,4618.461167
41.577358,19,4618.794498
37.891121,27,4619.29143
-38.31,27,4621.848305
-44.9,69,4623.344286
-38.2,26,4623.96002
-32.05,45,4624.758145
33.0,28,4625.180006
-35.73,34,4625.662853
-35.5,46,4626.258067
-41.37,31,4626.661107
-35.58,25,4627.046322
-41.6,22,4627.465992
-44.17,28,4628.068266
-38.1,33,4628.696732
-45.0,40,4629.431188
-38.4,35,4630.169379
36.0,23,4630.569177
-41.52,29,4633.40681
-42.0,14,4633.731968
-47.27,22,4634.154479
-47.47,23,4634.6423
35.119342,25,4635.177522
-38.43,30,4635.715639
-44.35,30,4636.276227
37.831217,26,4636.694515
-39.0,28,4637.091703
-38.49,26,4637.465348
-40.73,22,4637.72195
-38.14,35,4638.160331
38.246914,22,4638.442472
-38.44,35,4638.987623
-42.0,22,4640.146808
-33.0,37,4640.832755
38.21374,26,4641.368012
33.0,29,4641.901141
-35.34,31,4642.506786
-33.0,76,4646.125766
33.0,32,4646.488766
-35.06,30,4647.046123
-36.0,22,4647.43161
-44.35,38,4648.089079
-41.76,26,4648.477991
34.393182,29,4648.89376
-48.0,26,4649.227358
-32.19,27,4649.584696
-41.15,21,4649.866017
-41.5,40,4650.431105
41.273975,22,4650.874985
-41.15,23,4651.364919
-40.6,23,4651.860582
31.865517,37,4652.532385
-41.53,35,4653.170319
32.875776,121,4658.502479
35.511706,24,4658.98314
-40.82,28,4659.531328
-44.65,21,4659.998393
-36.0,27,4660.524005
-41.54,22,4660.852952
34.187283,43,4661.409755
-41.59,28,4661.775589
-44.91,29,4662.139755
-35.68,48,4662.993627
-38.16,25,4663.45962
-42.0,22,4663.872435
-34.99,30,4664.467309
33.0,31,4665.107147
32.751004,31,4668.197103
-41.12,31,4668.921622
35.49434,21,4669.397854
-39.0,25,4669.887515
-43.02,28,4670.464548
-37.75,26,4671.064078
-35.17,35,4671.728942
-35.56,27,4672.21739
37.354379,28,4672.71243
-41.14,33,4673.232695
-41.3,18,4673.471107
-37.67,37,4673.940631
-42.0,24,4674.242699
-35.22,31,4674.637167
-38.41,37,4675.211735
-44.94,19,4675.566672
-41.05,25,4675.97963
-35.73,28,4676.471839
-39.0,24,4676.925762
33.0,31,4679.685787
-41.62,31,4680.236312
-42.0,24,4680.669014
-43.52,28,4681.192696
-41.05,95,4683.266369
-44.8,20,4683.687125
-38.37,25,4684.346533
-38.74,27,4684.815462
-38.31,23,4685.135725
32.140845,37,4685.609343
-33.0,29,4686.038753
-36.0,39,4686.556899
-46.42,30,4686.999435
-34.22,28,4687.631847
-39.0,25,4688.277543
-39.0,24,4688.843581
-32.15,32,4691.905517
-35.17,31,4692.504924
-38.46,33,4693.140534
35.10461,25,4693.628026
-38.9,21,4694.01952
-37.28,30,4694.591264
32.603715,28,4695.062904
-38.41,31,4695.685215
-40.45,23,4696.1341
-41.47,25,4696.618779
-33.0,68,4697.648915
-38.91,18,4697.868479
-32.69,30,4698.287475
-41.62,28,4698.682735
-35.01,22,4699.02073
-38.77,26,4699.315986
-39.0,30,4699.873395
35.935897,30,4702.443784
32.240964,36,4703.063003
33.0,30,4703.654397
-34.92,27,4704.117334
-35.76,24,4704.554854
-41.74,31,4705.220002
-42.0,33,4705.899163
-42.0,28,4706.600564
-31.58,30,4707.305838
-38.95,25,4707.829645
30.0,35,4708.578578
35.321839,24,4709.070034
-38.25,26,4709.480711
-34.52,32,4710.269688
-42.0,21,4710.740898
-38.61,26,4711.109245
-42.0,27,4711.692601
-38.13,24,4712.079916
-33.0,34,4714.730045
-41.92,23,4715.1732
-39.0,27,4715.668327
34.951644,28,4716.190404
32.903846,27,4716.648558
-42.65,20,4717.008101
-41.27,28,4717.473064
38.878151,25,4717.902747
-44.69,51,4718.8088
-40.3,25,4719.234946
-35.49,23,4719.627949
-47.35,25,4720.208656
-41.74,28,4720.635368
-41.91,23,4721.139294
-37.44,27,4721.690006
-38.38,55,4722.393298
-41.09,21,4722.738174
40.855172,22,4723.069361
-32.32,27,4726.192364
-35.69,30,4726.732693
-40.66,26,4727.18988
-35.67,32,4727.783979
-48.0,14,4728.022887
-36.0,34,4728.64849
38.045072,32,4729.39521
-37.66,24,4729.864799
-41.51,36,4730.697054
-38.5,24,4731.237706
39.0,24,4731.917798
-32.22,28,4732.502446
-35.07,26,4733.072073
-36.0,29,4733.66233
-38.38,29,4734.254973
-35.6,24,4734.656755
-35.24,32,4735.111037
-35.52,29,4735.501864
32.034221,38,4738.299009
32.004115,36,4739.16813
32.701818,33,4739.740055
-42.0,25,4740.237861
-45.0,20,4740.611249
-32.24,30,4741.148672
35.9,31,4741.713598
-35.33,31,4742.301901
-43.64,23,4742.710347
-44.56,24,4743.168309
-44.76,21,4743.538264
-41.75,31,4744.10208
-40.84,27,4744.476125
-41.23,27,4744.796917
-41.45,26,4745.271962
-38.82,26,4745.737452
-35.91,25,4746.125642
-41.26,32,4746.645723
-44.75,25,4747.063699
-42.0,19,4749.218568
-38.73,26,4749.723376
-38.3,39,4750.452061
-41.71,30,4751.437181
-39.0,29,4751.991849
-41.13,89,4753.574054
41.124528,19,4753.889181
35.022222,26,4754.340118
-39.0,24,4754.766029
33.0,34,4755.353186
-38.17,23,4755.793221
-41.07,29,4756.285638
40.993169,23,4757.064227
-44.7,24,4757.476501
-35.3,29,4757.989624
-41.59,20,4758.311483
-44.31,27,4758.796545
40.458205,30,4761.296154
-41.34,24,4761.754076
-44.7,32,4762.300575
-35.88,39,4763.130665
-38.81,24,4763.789241
-32.7,33,4764.400603
-47.21,19,4764.958883
-36.0,25,4765.428655
-41.93,43,4766.174981
-38.44,31,4766.751645
-38.35,25,4767.20982
-41.06,28,4767.741601
-37.86,28,4768.282761
-40.2,21,4768.679819
-41.5,33,4769.195536
-44.32,17,4769.480633
-38.54,33,4769.977792
-35.46,30,4770.444613
-39.0,29,4773.006144
-34.68,34,4773.716508
32.332046,32,4774.445344
-37.56,36,4775.240953
-41.5,22,4775.648841
32.804979,23,4776.068551
-38.27,22,4776.46614
-39.0,26,4776.955156
-35.88,30,4777.5166
32.9,24,4777.936184
-42.0,21,4778.388418
-36.0,21,4778.85638
-35.91,28,4779.445294
35.901887,20,4779.835086
-39.0,35,4780.550731
-42.0,19,4781.095017
32.041825,36,4781.785496
-37.86,59,4782.938067
37.583233,27,4785.388854
-36.0,33,4785.970582
-38.69,24,4786.418822
35.79322,29,4786.958228
-39.0,25,4787.438076
-38.49,25,4787.903805
-35.33,49,4788.787457
-37.69,30,4789.346819
-36.0,20,4789.691194
-41.64,30,4790.649117
-32.53,26,4791.18338
-33.0,31,4791.751623
-38.62,28,4792.333071
32.71987,37,4792.981463
-33.0,28,4793.441621
-41.69,17,4793.703239
32.719512,30,4794.185891
-39.0,22,4794.553279
-41.71,27,4797.253715
-35.24,23,4797.597514
-41.25,16,4797.877739
-44.76,23,4798.484252
-34.77,23,4798.924772
-35.52,27,4799.436389
-33.0,33,4800.043236
40.685805,18,4800.391685
-38.85,35,4801.036385
-36.61,31,4801.68687
-40.63,24,4802.17509
-38.32,26,4802.670798
-35.51,54,4803.671999
-38.27,24,4804.191319
-44.74,23,4804.719376
-36.0,26,4805.224378
-35.81,24,4805.695335
-38.46,32,4806.246434
-44.55,26,4806.733463
33.0,26,4809.205664
-35.31,27,4809.59425
-36.0,26,4810.087361
-43.53,22,4810.596722
-35.94,29,4811.259982
33.0,24,4811.707545
41.201651,25,4812.171233
-39.0,29,4812.803659
-44.51,24,4813.322092
-33.0,31,4814.54146
-36.0,23,4814.969868
-43.84,20,4815.327421
-38.1,28,4815.854558
-47.16,26,4816.289707
-33.0,34,4817.223675
-35.37,30,4817.794155
-32.67,45,4818.552867
34.442853,33,4819.190107
-41.5,27,4822.134279
-41.7,23,4822.523315
35.448148,23,4822.946561
38.514599,29,4823.477561
-38.2,28,4823.960089
42.888232,20,4824.308306
-38.33,28,4824.805033
-36.0,28,4825.405039
-35.36,27,4825.90774
-32.26,33,4826.453582
-35.5,32,4827.007199
35.008159,29,4827.510318
-41.44,24,4827.944591
-38.32,27,4828.3797
-38.8,32,4828.870538
34.366659,33,4829.349395
-35.62,26,4829.751748
32.333333,31,4830.279288
34.348176,31,4832.78117
-35.27,24,4833.127098
-35.95,30,4833.551816
37.564893,32,4834.132761
-41.6,26,4834.628324
-38.16,21,4835.095292
-38.81,27,4835.744526
-41.12,22,4836.139345
-37.63,22,4836.580166
-40.55,22,4837.001727
32.702206,24,4837.523648
-44.47,30,4838.097906
-41.17,20,4838.458377
-41.71,30,4838.956828
32.191919,30,4839.408026
-35.99,24,4839.783791
-35.47,27,4840.201514
34.702804,27,4840.592034
-41.5,17,4840.875144
-44.84,17,4841.219734
-35.68,31,4841.750216
-33.0,29,4844.422637
-35.81,28,4844.870764
32.342657,26,4845.240142
32.332103,38,4845.782508
-35.03,29,4846.223981
-44.24,30,4846.91236
-33.0,28,4847.410963
-46.46,20,4847.921456
-35.54,26,4848.494954
-38.52,26,4848.931209
-40.89,23,4849.35925
-35.5,26,4849.846328
-38.29,32,4850.369581
-45.0,24,4850.751659
-44.71,24,4851.138999
-42.0,20,4851.462549
-36.0,28,4851.91958
-42.0,20,4852.292872
-37.68,27,4852.757648
-41.1,31,4855.373723
-35.44,29,4855.845804
-38.53,39,4856.477229
-32.9,31,4857.0217
35.205174,30,4857.605322
-38.81,28,4858.078179
-32.88,31,4858.677029
-37.93,31,4859.210422
-41.68,25,4859.700657
-39.0,26,4860.138399
-35.38,26,4860.609418
-38.57,29,4861.156785
-38.52,27,4861.5477
-41.8,26,4862.005171
-38.69,32,4862.607157
-32.19,89,4866.712786
-35.21,31,4867.234151
32.432886,55,4868.526307
-41.96,34,4869.283023
-41.04,22,4869.706667
-33.0,32,4870.300971
-38.67,29,4870.799017
-35.29,30,4871.398059
-35.41,35,4872.869604
-35.57,28,4873.384757
-42.0,22,4873.710068
-32.58,36,4874.260778
-38.34,42,4874.871989
-42.0,17,4875.121887
-47.7,24,4875.490797
-42.0,21,4875.845571
-38.81,29,4876.335712
-38.4,27,4878.968697
-38.46,24,4879.240299
-32.23,30,4879.622498
36.676342,27,4880.14432
-35.79,23,4880.546903
-38.38,26,4880.971397
-39.0,31,4881.478713
-38.2,26,4881.983156
34.648443,26,4882.547665
-35.85,27,4883.135593
32.7,35,4883.81398
-40.14,23,4884.269312
-41.38,27,4884.728341
-42.0,24,4885.294167
-33.0,29,4885.865996
36.960769,27,4886.294046
-37.51,22,4886.71471
-35.37,35,4887.405568
38.762646,23,4887.793127
31.542471,33,4890.78701
-32.45,32,4891.408331
-32.06,45,4892.253126
-34.82,37,4892.849746
32.171642,28,4893.26363
-44.13,23,4893.595338
-34.97,27,4894.181517
-35.0,27,4895.131974
35.036784,37,4895.873832
-34.98,44,4896.903485
-39.0,32,4897.598152
-35.8,33,4898.168503
-32.67,27,4898.584092
-41.64,23,4898.934001
-38.25,26,4899.349474
-35.64,25,4899.711212
-32.14,26,4900.115593
33.979359,34,4902.823481
-41.45,31,4903.365148
-42.0,20,4903.71746
35.263736,33,4904.30861
-32.65,31,4904.856983
-38.2,30,4905.285337
38.083636,21,4905.709979
36.0,20,4906.060087
-32.88,24,4906.61582
-41.64,25,4907.133759
32.632399,33,4907.963038
-34.66,29,4908.474772
38.801471,20,4908.860748
32.750853,36,4909.592324
35.311078,29,4910.097335
32.293173,32,4910.643736
-42.0,21,4910.966064
32.087227,32,4911.777529
-41.7,25,4914.72812
-35.71,25,4915.206074
-39.0,25,4915.654116
-32.28,28,4916.095948
-38.02,24,4916.483511
35.418972,29,4917.103168
-32.04,28,4917.67131
-41.54,30,4918.214089
-44.85,22,4918.629265
-38.68,31,4919.147484
-35.91,30,4919.724519
-41.2,21,4920.14794
-41.17,25,4920.569644
-35.48,23,4920.958548
-35.29,27,4921.601014
-38.5,28,4922.378692
-35.77,27,4922.868547
-37.58,27,4923.416947
-38.7,26,4923.986495
-35.45,42,4927.365176
-48.0,17,4927.737721
-35.89,31,4928.260472
-41.65,28,4928.920408
32.201987,29,4929.397654
-35.34,27,4929.81547
-40.54,25,4930.314783
-34.56,25,4930.796076
-41.26,22,4931.201738
-38.32,30,4931.911416
-35.74,30,4932.562618
-41.88,36,4933.24921
-41.27,28,4933.73807
-35.63,29,4934.240944
-36.0,26,4934.613785
-38.76,26,4935.032266
-35.56,29,4935.591699
40.827292,25,4936.088445
38.073529,21,4936.437724
-38.75,30,4939.37215
-41.58,20,4939.747965
-39.0,30,4940.211565
-44.18,29,4940.611871
-35.5,28,4941.037159
-38.5,23,4941.409515
-31.7,30,4941.872394
-38.42,24,4942.268493
32.190141,35,4942.91276
-44.54,24,4943.344133
-38.13,28,4943.839275
-35.63,24,4944.245273
-36.0,21,4944.611295
-41.63,19,4945.004332
-35.55,34,4945.67886
33.0,25,4946.112274
-44.24,40,4946.947511
-41.36,26,4947.627667
-34.67,29,4948.456387
-32.26,31,4951.688086
-35.35,23,4952.10587
-38.74,25,4952.608426
-41.1,32,4953.222408
-35.2,35,4953.860528
-41.82,33,4954.469594
-41.02,28,4954.906179
-34.65,34,4955.593291
36.0,30,4956.187203
-41.07,28,4956.795252
-32.93,41,4957.63474
-41.21,33,4958.302056
-40.29,43,4959.123675
-32.61,29,4959.80161
32.196787,29,4960.3442
-35.75,25,4961.190418
-35.02,32,4964.020796
-36.0,26,4964.641603
-32.11,29,4965.378138
40.911952,23,4965.926168
-35.19,29,4966.437371
-39.0,18,4966.772582
-38.39,35,4967.276765
-41.91,24,4967.650755
-41.36,32,4968.134454
41.286921,31,4968.630439
-43.18,27,4969.084024
-32.78,32,4969.602513
-38.68,26,4970.021201
32.5,34,4970.654101
-41.11,24,4971.187106
35.408333,28,4971.769643
-39.0,25,4972.325325
-37.81,47,4973.374758
-38.39,35,4976.375042
-40.75,23,4977.042051
-44.26,21,4977.561645
-39.0,21,4977.954918
-35.88,27,4978.434873
-38.1,25,4978.84351
-38.14,24,4979.198047
-36.0,29,4979.653593
-35.14,28,4980.096009
-35.38,28,4980.536139
32.7125,29,4980.996859
41.041725,50,4981.764036
-35.46,29,4982.243499
-35.71,37,4982.974603
36.0,26,4983.450227
-34.75,28,4983.963916
-41.72,32,4984.551645
-38.53,21,4984.957412
-44.25,16,4987.445973
-39.0,38,4988.279497
-32.78,77,4990.041095
-38.2,37,4990.587267
-41.18,23,4990.942336
-38.66,27,4991.356884
-42.0,30,4991.805997
-38.09,30,4992.256287
-38.3,30,4992.763128
32.532819,28,4993.301761
-41.94,22,4993.762831
-38.88,33,4994.502781
-32.12,26,4995.184581
-41.4,20,4995.544564
-41.44,37,4996.400414
32.789091,29,4997.074605
-41.88,16,4997.379758
-42.0,21,4999.992076
-35.78,46,5000.816907
-32.5,35,5001.68581
-41.29,20,5002.053952
32.477612,60,5003.028198
36.0,20,5003.601085
32.170732,30,5004.095135
-39.0,24,5004.411913
-44.89,20,5004.741989
-38.7,25,5005.146081
37.955224,28,5005.571816
-38.78,25,5006.089053
-43.55,18,5006.533481
-43.19,24,5007.98544
-32.12,31,5008.509847
-41.84,25,5008.963852
-35.43,31,5009.489894
-41.51,20,5009.806728
-42.0,22,5012.882891
38.19697,21,5013.265703
-38.5,24,5013.698399
-41.73,28,5014.217375
-35.17,32,5014.761858
-43.79,22,5015.075633
-41.48,28,5015.42462
-38.67,48,5016.0384
-38.02,23,5016.351931
32.189922,29,5016.763832
-35.7,32,5017.311669
-44.03,28,5017.820698
-35.4,27,5018.362433
32.390805,29,5018.91589
-41.6,22,5019.310304
-41.6,35,5020.129808
36.0,32,5020.803452
-32.69,29,5021.415778
-40.87,32,5024.217235
-38.04,20,5024.654374
-38.9,28,5025.220686
-41.55,21,5025.724705
-35.76,26,5026.22042
-44.41,34,5026.808287
-35.97,29,5027.188825
-41.64,22,5027.60481
35.369403,28,5028.149688
-42.0,22,5028.471176
-41.86,22,5028.794852
-40.89,37,5029.50724
-35.5,28,5029.983201
-41.31,25,5030.604144
32.558583,31,5031.21158
-41.17,36,5031.881645
32.181818,27,5032.363193
-39.0,32,5033.055026
-38.31,26,5033.480753
-38.58,23,5036.024537
-35.95,27,5036.547834
33.0,28,5037.087258
-38.9,67,5038.360016
-32.86,42,5038.951346
33.0,30,5039.355458
-32.45,27,5039.749408
-32.28,33,5040.176281
-33.0,30,5040.694037
-41.27,31,5041.239452
32.054475,33,5041.867203
-38.94,32,5042.44083
-41.01,28,5043.621943
37.224823,33,5044.252959
-41.05,27,5044.798059
-33.0,32,5047.581577
-36.0,29,5048.168811
-42.0,25,5048.66503
32.06383,30,5049.227093
-44.6,26,5049.61307
-36.0,39,5050.183203
-38.55,27,5050.522145
-38.6,28,5050.855636
-35.55,28,5051.219007
-37.96,29,5051.615162
-44.83,26,5051.988799
-41.16,28,5052.446337
-38.61,24,5052.891842
-41.06,28,5053.554075
-32.42,31,5054.088753
34.37704,28,5054.562449
-35.31,25,5055.053353
-38.85,21,5055.483306
32.484127,31,5058.172491
-32.2,36,5062.466923
-40.33,26,5063.060479
-44.69,27,5063.758467
-34.97,37,5064.68321
-33.0,28,5065.202207
32.089431,33,5065.695564
-41.27,28,5066.088737
-35.3,27,5066.497361
-38.56,37,5067.044909
-36.0,28,5067.461066
32.083969,38,5068.122373
-38.77,34,5068.765446
-32.42,38,5069.490253
32.10219,31,5070.07022
32.679537,33,5070.698758
-32.72,34,5073.527104
-35.94,24,5074.023188
-38.02,31,5074.587311
-38.62,32,5075.264104
-38.92,30,5075.734128
-32.36,21,5076.074555
-37.97,18,5076.360966
-36.0,26,5076.751496
-38.85,34,5077.225655
-45.0,18,5077.462788
-44.81,26,5077.860304
35.241581,26,5078.388232
-32.92,44,5079.09627
-35.91,29,5079.646532
32.338129,33,5080.28084
-40.68,29,5080.877158
-35.76,29,5081.602912
38.65,21,5082.016487
-32.18,30,5082.598392
-41.57,20,5085.162282
37.229969,27,5085.90972
-41.19,22,5086.292368
-38.21,24,5086.532675
-39.0,26,5086.807151
-41.31,20,5087.075988
-32.21,27,5087.577837
-41.6,34,5088.127076
-38.07,30,5088.590649
-47.1,19,5088.889329
-44.26,20,5089.21356
-46.99,38,5089.804982
32.232727,29,5090.257882
-35.58,38,5090.826455
-41.04,25,5091.232234
-41.88,22,5091.559463
-40.88,30,5092.191331
-32.55,27,5092.712366
-44.78,33,5093.489983
-37.96,38,5096.309939
-32.88,30,5096.86889
-41.28,23,5097.282944
-32.38,37,5097.985885
33.0,32,5098.650097
-34.92,29,5099.08758
-38.8,25,5099.511162
-43.52,22,5099.841981
-41.91,27,5100.301431
-35.25,35,5100.892421
-35.48,29,5101.327229
33.0,40,5101.968679
-44.63,26,5102.408858
-40.77,23,5102.759496
-41.0,29,5103.229447
-38.25,26,5103.72937
-42.0,29,5104.363397
-35.21,24,5107.001119
37.587273,31,5107.821717
-38.43,25,5108.415494
-35.78,28,5109.018353
-32.24,28,5109.569842
-38.29,19,5110.00022
-32.47,37,5110.636321
35.189816,46,5111.301311
32.444444,34,5111.792543
-34.87,40,5112.583685
-38.48,32,5113.058573
-44.02,19,5113.351817
-32.23,35,5114.560266
-38.09,66,5115.644276
-38.71,35,5116.240255
-44.16,19,5116.609662
-39.0,28,5119.126179
-35.45,28,5119.605927
-41.32,20,5119.961765
-38.74,26,5120.414449
-39.0,23,5120.778996
-44.71,21,5121.122253
32.084559,29,5121.543622
-45.0,33,5122.035491
-34.78,27,5122.462484
-31.94,33,5123.052041
-38.32,28,5123.50128
-41.52,24,5123.83182
-35.88,25,5124.19875
32.567901,31,5125.227132
-32.84,28,5125.70271
-39.0,38,5126.359735
-38.62,24,5126.788807
33.0,25,5127.209309
-41.46,28,5127.718573
-38.9,29,5130.266482
-38.34,29,5130.860873
-37.68,49,5131.857553
-44.15,38,5132.422195
-41.91,21,5132.734536
-32.92,28,5133.142266
-43.64,31,5133.620848
-36.0,27,5134.044897
-40.78,27,5134.407869
41.00167,21,5134.70365
-38.24,24,5135.048723
-41.63,23,5135.367175
32.878049,39,5135.893808
32.112727,31,5136.601116
-42.0,20,5136.937585
41.384106,21,5137.311087
-38.62,22,5137.682435
-41.89,33,5138.228079
33.0,25,5140.748958
-31.93,36,5141.764192
-32.8,30,5142.282719
32.810289,32,5142.753251
32.51711,23,5143.108134
-39.95,25,5143.495958
37.894207,27,5143.894104
32.018634,42,5144.542163
32.53405,26,5144.896282
-45.71,24,5145.245871
-36.0,29,5145.675696
30.0,29,5146.080405
-32.77,29,5146.521008
-35.12,34,5147.151168
-44.46,20,5147.522258
32.02795,34,5148.124429
-38.01,27,5148.611547
35.330128,23,5148.991373
-34.67,32,5151.619581
-38.66,24,5151.876316
33.0,31,5152.171854
-32.72,33,5152.498177
-38.78,26,5153.046789
-41.6,24,5153.444093
-33.0,37,5154.047252
37.951081,28,5154.489571
-38.77,23,5154.820644
-44.59,25,5155.398495
-33.0,22,5155.803075
-35.76,25,5156.312584
-40.51,44,5157.003364
32.795745,41,5157.564974
-39.0,21,5157.881226
-35.59,30,5158.331565
-36.0,31,5158.888967
-41.26,20,5161.309748
-42.51,28,5161.897076
-44.67,18,5162.229328
-35.8,30,5162.775906
-36.0,32,5163.360682
-41.52,27,5163.842308
-31.72,36,5164.450712
-38.43,26,5164.827067
-41.5,26,5165.233436
-33.0,28,5165.64326
32.058935,33,5166.143853
-36.0,28,5166.589396
-41.42,22,5166.970634
-38.23,29,5167.394939
-44.82,24,5167.726798
-35.06,29,5168.154098
-38.06,23,5168.48868
-42.0,20,5168.796551
34.59176,34,5169.430156
-41.71,21,5171.840565
-38.23,29,5172.330449
33.0,27,5172.788282
37.986755,23,5173.177841
-44.49,23,5173.543657
-45.0,30,5173.905872
-38.32,25,5174.381042
-38.23,26,5174.849921
-38.22,27,5175.322307
-41.66,48,5176.05028
-35.38,31,5176.489094
32.003876,36,5177.04445
-40.91,39,5177.635811
-40.66,26,5178.005391
-35.76,28,5178.557287
-46.74,34,5179.097688
-44.07,29,5179.523722
-41.4,22,5179.912947
-41.5,22,5182.362055
-38.34,34,5182.931552
-38.19,22,5183.332063
-32.89,36,5183.902384
-41.47,38,5184.655385
-42.0,29,5185.21993
-41.27,28,5185.701868
-41.91,45,5186.446254
-38.44,30,5186.907564
39.0,21,5187.206783
-38.81,33,5187.692241
-38.91,32,5188.212391
-38.24,29,5188.610203
-35.7,32,5189.046184
-41.09,25,5189.401533
-44.34,18,5189.626926
-42.0,22,5190.028398
-44.2,16,5190.291034
-41.37,23,5192.742421
-36.0,30,5193.314729
-37.8,29,5193.828352
-41.88,21,5194.227937
-32.62,39,5194.867937
35.274074,31,5195.4014
-39.0,21,5195.764783
-45.0,26,5196.234931
-41.1,28,5196.644743
33.0,29,5197.078995
35.942446,29,5197.490571
-35.3,32,5197.969983
-36.0,25,5198.390305
-44.42,22,5198.717814
-35.28,31,5199.180999
-39.0,22,5199.491769
32.5,31,5199.936886
-38.61,28,5200.347514
33.0,29,5202.866288
-41.3,29,5203.336759
-39.0,24,5203.762468
38.503205,45,5204.549023
32.437229,29,5205.062805
35.421456,30,5205.568023
-39.0,34,5206.199734
-41.5,22,5206.61301
35.578182,30,5207.143816
35.230769,21,5207.438636
32.334405,38,5208.025315
-32.58,24,5208.347385
-41.5,22,5208.690146
-32.15,30,5209.401941
-32.82,24,5209.82949
-44.62,22,5210.141119
-33.0,31,5210.583876
-40.89,32,5211.038756
-44.79,28,5213.442691
-38.0,37,5214.10034
-35.47,29,5214.587579
-41.77,18,5214.970917
-41.04,20,5215.374591
-34.72,29,5215.898234
-36.0,24,5216.313137
-40.89,22,5216.655537
-38.21,26,5217.152549
35.142857,24,5217.638988
-35.78,24,5218.007934
32.582192,36,5218.542747
-38.23,24,5218.895115
39.476431,31,5219.343163
-37.88,29,5219.847437
-33.0,27,5220.312595
-35.44,54,5221.094257
-42.0,26,5221.472873
-32.61,28,5223.844374
38.259386,26,5224.286478
-35.63,34,5224.872811
-32.69,24,5225.269691
38.029667,28,5225.940945
-36.0,67,5227.098283
-41.21,25,5227.540438
-38.25,32,5228.092369
32.040498,26,5228.485892
-33.0,29,5228.933766
35.862816,26,5229.338974
-42.9,26,5229.737167
32.268775,32,5230.295219
44.184265,39,5231.021061
-38.14,33,5231.561963
-32.18,56,5232.353796
-35.88,38,5235.032482
-37.72,28,5235.52064
-40.21,27,5235.977832
38.05738,29,5236.487239
-35.53,29,5237.019393
32.266949,33,5237.563295
-38.68,30,5238.077871
-45.0,61,5239.005618
-42.0,25,5239.471919
-41.38,29,5239.907987
32.525223,30,5240.379904
31.57455,29,5240.952196
-35.86,32,5241.538069
-35.73,27,5242.127317
35.064151,25,5242.567868
-38.88,24,5242.959647
-37.35,27,5245.298305
-44.57,21,5245.66733
31.692547,36,5246.305523
-32.61,31,5246.854526
-36.0,33,5247.452094
-32.17,37,5248.108878
-42.0,20,5248.46142
-43.06,20,5248.750015
-38.7,26,5249.111041
-32.37,33,5249.807129
-44.47,28,5250.324527
38.19708,26,5250.733121
-32.64,33,5251.937486
-38.15,32,5252.462647
-37.32,25,5252.890871
32.328814,28,5253.409535
-32.84,32,5253.962221
-35.77,29,5254.414908
-38.36,28,5256.747317
-41.16,25,5257.231846
32.875,25,5257.734558
-39.0,26,5258.350165
-36.0,30,5258.862932
-40.83,24,5259.222655
-38.39,30,5259.683128
-38.18,70,5260.72348
-41.39,29,5261.229886
-35.6,28,5261.733835
-32.11,32,5262.309945
-38.24,31,5262.822787
35.902724,22,5263.233026
-40.48,25,5263.652053
33.0,33,5264.248391
-45.0,22,5264.64854
-32.6,29,5265.159144
-33.0,33,5267.550813
-34.73,27,5268.02942
-41.03,30,5268.582106
-40.86,29,5269.059354
-32.25,31,5269.541028
-40.33,30,5270.021819
-44.7,22,5270.339572
-40.81,34,5270.838886
-38.81,22,5271.234353
-44.1,23,5271.614694
-33.0,35,5272.224936
34.298925,40,5272.891613
-35.3,31,5273.446542
-37.4,24,5273.897671
35.273038,35,5274.717074
-39.0,25,5275.142854
-44.49,25,5275.642203
32.532787,25,5276.096636
-38.1,29,5278.37484
-40.71,26,5278.806787
-38.96,25,5279.248018
-41.22,31,5279.767124
-32.31,31,5280.232643
-41.15,29,5280.750286
32.616197,43,5281.389525
35.403774,30,5281.86751
-32.37,33,5282.644009
-35.32,35,5283.272774
-35.38,30,5283.780028
-44.25,20,5284.118773
-38.85,23,5284.53306
-35.71,37,5285.252327
-32.11,32,5285.942904
41.506024,20,5286.306192
-38.46,36,5287.138088
-38.84,53,5290.733874
-42.0,29,5291.345393
-38.79,40,5292.034972
-36.0,33,5292.526762
-34.36,26,5292.97242
-47.74,27,5293.466706
38.078312,34,5294.060681
-39.0,25,5294.506381
-32.37,36,5295.181107
-32.21,25,5295.673618
-44.21,27,5296.254331
32.530864,33,5296.922783
-35.67,32,5297.558385
-34.35,29,5298.086616
-35.68,27,5298.563344
-35.56,28,5299.103826
-41.38,22,5301.592246
-42.0,37,5302.313844
-44.12,25,5302.825176
34.856115,29,5303.362985
-32.15,29,5303.837
-35.38,35,5304.423799
-35.52,24,5304.814639
-35.66,30,5305.323306
-44.11,18,5305.703535
34.983652,29,5306.244215
-35.36,28,5306.754346
-34.71,31,5307.321599
-43.48,37,5308.004785
35.493506,30,5308.625227
-37.06,33,5309.495853
-39.0,30,5310.040902
-33.0,28,5310.526923
-40.08,35,5313.138689
-41.15,31,5313.607371
-35.06,38,5314.186961
-40.32,29,5314.59284
-44.73,27,5315.089775
-40.64,33,5315.692711
-32.05,32,5316.246761
-35.75,28,5316.685591
-38.18,26,5317.1076
32.680921,34,5317.651821
37.845015,31,5318.217896
-35.64,31,5318.828101
34.517467,31,5319.422534
-39.0,19,5319.774527
33.0,27,5320.291477
-41.43,26,5320.79282
-38.36,24,5321.279494
-38.1,30,5321.837386
-40.82,21,5324.27743
-38.78,27,5324.705199
-33.0,32,5325.265598
-44.94,22,5325.710832
-38.03,19,5326.052271
41.033044,22,5326.528457
-41.72,30,5327.244242
-35.25,34,5327.787459
-44.9,23,5328.165097
-42.41,31,5328.663215
-46.27,24,5329.129956
37.936014,23,5329.551297
-32.8,23,5330.00147
40.02516,30,5330.51885
-38.66,38,5331.246636
38.465714,23,5331.656106
-38.47,25,5332.162915
-38.26,25,5332.665423
35.261589,28,5333.407894
33.0,42,5336.180782
-43.66,20,5336.502012
-42.0,25,5336.89116
-38.57,37,5337.558205
-40.75,23,5337.998893
-44.25,26,5338.447237
-35.7,24,5338.848732
-30.0,46,5339.552849
-41.33,25,5339.981847
-32.04,33,5340.593946
-41.56,28,5341.129544
40.332496,26,5341.663271
-32.24,27,5342.213952
-41.01,25,5342.672234
-47.03,19,5343.06608
-41.45,26,5343.58544
-43.63,29,5344.204413
-39.0,21,5344.580857
-44.01,27,5345.109277
-41.41,29,5347.738252
-44.59,24,5348.083096
-43.61,27,5348.511123
-39.98,21,5348.919933
-35.58,32,5349.55848
-40.7,24,5349.902078
-35.49,51,5350.713578
-44.43,20,5351.030906
-35.46,29,5351.533067
-44.94,20,5351.894838
37.945452,27,5352.334548
37.226654,26,5352.873259
-38.8,25,5353.399536
-41.19,21,5353.83842
-38.49,32,5354.384984
36.63982,25,5354.814877
-33.0,32,5355.38333
-38.59,28,5355.845293
-40.77,37,5358.511325
-37.59,43,5359.069367
-41.88,22,5359.315678
32.109155,29,5359.679816
-46.11,23,5359.978269
-38.14,35,5360.536962
-32.33,33,5361.269123
-39.0,24,5361.633631
-38.73,30,5362.099201
-37.9,36,5362.64788
-41.35,27,5363.044366
-35.9,33,5363.625925
-38.03,29,5364.149172
-38.8,34,5364.764154
-45.0,34,5365.417385
38.141331,28,5365.923025
38.158537,22,5366.320666
-36.0,26,5368.905304
-33.0,32,5369.361022
-38.57,28,5369.776229
-41.08,21,5370.10529
-41.2,29,5370.537018
-35.91,33,5371.04731
-37.83,37,5371.721165
-32.11,30,5372.192734
38.501767,21,5372.537311
-34.74,78,5373.728506
-36.0,36,5374.396386
32.069444,25,5374.866387
-35.64,22,5375.312348
-38.81,37,5376.001782
-35.49,25,5376.44574
32.263566,32,5377.012037
-32.07,35,5379.811616
-42.0,28,5380.235955
32.087137,26,5380.645112
-41.86,34,5381.131987
-32.44,29,5381.571269
-39.0,32,5382.083402
-41.73,53,5382.985446
40.872544,26,5383.410002
-41.61,28,5383.85601
-33.78,31,5384.365119
32.277778,32,5385.010366
-38.72,29,5385.559813
-41.51,31,5386.267408
-33.0,42,5387.133931
-36.0,29,5387.713116
38.027345,25,5388.233629
38.968254,31,5391.175405
-41.13,26,5391.770102
-41.67,21,5392.149846
35.275304,24,5392.547764
32.481595,29,5393.021538
32.1125,32,5393.513346
37.480807,29,5393.897941
-40.98,21,5394.202552
-40.69,25,5394.560884
-36.0,41,5395.187964
-41.03,22,5395.508808
42.264056,26,5395.903159
-36.0,29,5396.392007
-38.13,43,5397.100757
-40.87,22,5397.480878
-37.81,23,5397.880909
-36.0,44,5398.662108
-38.91,25,5399.08636
-41.32,24,5401.509614
-45.0,20,5401.876128
-40.64,33,5402.451004
-41.79,26,5402.774916
-44.16,25,5403.311483
-35.16,24,5403.692904
35.019045,25,5404.022254
-47.32,26,5404.384926
-38.45,27,5404.754048
-37.99,31,5405.217215
-35.03,31,5405.678755
-37.74,27,5406.088553
-32.18,28,5406.523053
-36.0,29,5407.054219
34.885898,30,5407.525735
-41.29,22,5407.934347
-38.31,28,5408.541502
-39.0,25,5409.040691
-38.68,27,5409.538441
-43.59,23,5409.946093
-41.34,27,5412.470246
-41.35,22,5412.883654
-38.24,32,5413.470533
-38.65,29,5413.946213
32.34472,33,5414.434839
-44.12,37,5414.913973
-38.56,24,5415.232158
32.452769,44,5415.834405
-39.0,25,5416.376356
35.105455,26,5416.763312
-35.95,26,5417.185753
-39.0,22,5417.540858
32.087302,31,5418.086796
-39.0,23,5418.481018
-38.03,39,5419.176559
-43.53,30,5419.799255
-44.57,21,5420.15911
-39.0,35,5422.780671
-41.0,24,5423.207955
41.125,26,5423.672836
-39.0,25,5424.090075
-38.7,24,5424.440343
-34.6,35,5424.927409
-32.71,29,5425.319852
38.320833,26,5425.632419
-35.07,33,5426.036119
-36.0,23,5426.368148
-41.55,29,5426.810598
-38.48,29,5427.246099
-37.77,37,5428.005528
32.092369,36,5428.721218
-44.61,39,5429.373309
-39.0,29,5429.907531
-45.0,18,5430.223674
-39.0,50,5433.077453
-40.57,26,5433.504627
-35.46,35,5434.131627
-40.87,30,5434.660206
-35.09,36,5435.759951
-44.52,21,5436.13682
-32.11,34,5437.09157
-38.7,36,5437.613125
-32.55,33,5438.10905
-41.03,25,5438.531895
-39.0,43,5439.412287
-40.64,31,5439.960154
-32.75,27,5440.398156
-32.37,33,5440.97986
-37.58,34,5441.602281
-41.46,31,5442.307037
-41.41,29,5444.78653
-38.63,34,5445.363859
-38.48,27,5445.750211
-39.0,25,5446.071836
-42.0,22,5446.358397
39.607529,23,5446.695649
-38.49,24,5447.04548
-44.8,23,5447.411835
-41.24,21,5447.720398
-44.02,21,5448.026724
-38.92,30,5448.478287
-35.13,44,5449.135982
34.898154,43,5449.85759
-37.9,23,5450.235715
-43.85,28,5450.69837
-38.36,33,5451.250591
-44.73,23,5451.664092
-35.58,25,5452.114819
34.531563,22,5452.479536
-38.9,26,5455.082504
40.344755,23,5455.521355
-38.59,23,5455.885269
33.0,37,5456.383151
-34.63,24,5456.732888
-43.79,22,5457.040054
-36.0,27,5457.403768
-31.52,29,5457.79012
35.489209,27,5458.171735
-36.0,29,5458.596717
-33.0,27,5458.987339
-33.0,27,5459.365516
-41.07,24,5459.72682
-44.7,26,5460.381978
-44.19,26,5460.895042
-31.88,30,5461.415148
35.277778,23,5461.802761
-38.22,24,5462.177279
-38.44,23,5462.569389
32.457338,28,5463.059936
-41.27,39,5465.834906
35.243542,19,5466.192854
-32.23,33,5466.757781
-37.85,25,5467.166888
-47.35,24,5467.559814
-38.03,36,5468.153725
-38.48,79,5469.177176
-40.87,27,5469.579838
-32.81,36,5470.182275
-41.6,25,5470.641329
-41.32,24,5471.048136
-41.03,21,5471.388971
-44.01,20,5471.740513
-33.0,31,5472.255912
-32.35,28,5472.715912
-38.98,27,5473.177119
35.047926,32,5475.695132
-44.48,26,5476.127296
-35.31,37,5476.964667
-35.43,28,5477.767795
-38.84,27,5478.326226
36.0,24,5478.822318
-40.71,21,5479.145915
39.191305,26,5479.542314
-38.56,23,5479.842721
-38.16,54,5480.582798
37.509574,25,5480.936762
35.039683,31,5481.415983
-41.18,23,5481.819293
-32.61,31,5482.418979
-38.39,25,5483.163617
-35.48,26,5483.788295
-43.91,28,5484.398497
32.182927,38,5485.147852
-33.0,38,5488.372371
-35.5,34,5489.030901
32.592453,27,5489.547515
-40.6,30,5490.216279
-42.0,30,5490.812445
-38.25,21,5491.107459
-41.72,30,5491.518679
-44.74,25,5491.82971
-44.28,35,5492.272023
32.777778,29,5492.605919
-35.17,25,5492.982439
-47.54,13,5493.179927
-41.3,28,5493.67612
34.659005,26,5494.094963
-35.86,23,5494.496016
-41.32,24,5494.902742
-35.32,35,5495.496861
-37.9,27,5495.9591
-38.54,25,5498.328357
37.462479,27,5498.771291
31.796736,26,5499.182626
-38.96,24,5499.586465
-32.6,60,5500.575023
-40.87,30,5501.016427
-32.12,38,5501.675449
-32.45,40,5502.187685
-44.46,25,5502.488662
31.534722,28,5502.803807
32.746667,34,5503.238827
-35.5,25,5503.603383
-38.51,41,5504.283486
-40.7,26,5504.785755
-40.08,32,5505.536337
-45.9,26,5505.986083
-43.37,19,5506.309577
-32.36,37,5508.873209
-35.45,27,5509.357673
-38.13,23,5509.774758
-44.29,12,5509.949683
-38.94,27,5510.402786
32.385281,35,5510.988245
32.691643,37,5511.738374
-38.67,35,5512.67225
32.80695,31,5513.14718
-41.36,27,5513.54318
-38.25,22,5513.865263
-37.91,29,5514.385474
-38.38,26,5514.770633
35.336806,29,5515.260459
32.333333,38,5515.930593
-32.65,27,5516.418082
-41.03,23,5516.846238
-44.56,34,5519.378198
-36.0,36,5519.974735
-39.0,29,5520.519657
-37.89,29,5521.0293
-40.85,38,5521.690159
-44.45,21,5522.085295
-41.28,23,5522.459322
-32.18,29,5522.952409
37.387911,28,5523.41558
40.079425,25,5523.794186
-36.0,29,5524.143386
-41.1,25,5524.449615
-38.47,21,5524.682865
-38.35,21,5524.976492
-38.02,38,5525.474411
-38.45,27,5525.890747
-41.07,31,5526.395046
-44.56,17,5526.686167
-38.69,26,5527.152225
-39.0,35,5530.228154
32.406716,33,5530.879133
-37.6,32,5531.41509
32.900763,29,5531.902825
-43.69,25,5532.327922
-35.3,30,5532.848825
-44.2,32,5533.370006
-43.87,26,5534.388541
40.803888,25,5534.806855
-37.33,24,5535.109734
-35.29,24,5535.40039
33.0,26,5535.699244
32.655629,25,5536.009628
-39.43,29,5536.35719
-30.0,29,5536.76459
-41.27,28,5537.228559
-35.04,23,5537.801351
37.680556,27,5538.289303
-38.81,29,5540.908234
35.015267,27,5541.35809
-34.23,46,5542.089018
-35.38,22,5542.447805
-35.91,28,5542.927905
-38.13,31,5543.477153
-38.06,23,5543.858876
-38.15,32,5544.39125
-41.5,34,5544.934414
-37.84,31,5545.427166
-41.03,28,5545.83615
-35.5,27,5546.182202
32.147727,28,5546.483666
-44.32,26,5546.83385
-36.0,37,5547.317775
-38.61,25,5547.679109
-39.0,30,5548.160377
41.036349,33,5548.786283
-38.11,36,5550.838306
-41.91,27,5551.322685
-35.54,30,5551.832604
34.374571,29,5552.300922
-41.81,26,5552.744306
-41.93,26,5553.191041
40.422148,26,5553.661965
35.261364,25,5554.192108
34.906546,35,5554.776979
41.259109,24,5555.276515
-33.0,27,5555.813587
-38.21,27,5556.431581
32.520202,35,5557.13703
-32.32,27,5557.559171
-42.0,22,5557.84655
-39.0,30,5558.277605
-38.68,30,5558.669326
35.443709,29,5559.06106
-40.66,23,5561.513329
-39.0,32,5562.078119
-35.22,30,5562.627008
-44.22,21,5563.156368
-36.0,24,5563.592648
36.0,30,5564.139151
-47.42,20,5564.44422
-38.13,23,5564.911502
38.327913,21,5565.278386
-42.0,21,5565.645235
-44.56,20,5565.967011
-35.01,37,5566.694808
-38.31,25,5567.133341
-44.29,24,5567.531271
-39.0,28,5567.934196
-33.0,28,5568.32466
-41.88,21,5568.604523
-38.52,24,5568.9064
-35.56,28,5569.259011
-44.46,33,5569.712032
-32.53,27,5572.347254
32.387755,29,5572.824073
-41.25,22,5573.187452
-38.85,23,5573.605598
-44.24,23,5574.037323
-38.81,33,5574.603555
-36.0,31,5575.214176
-38.86,37,5575.874578
-35.61,45,5576.691728
-43.74,25,5577.197968
-32.2,28,5577.788125
-40.98,23,5578.295498
34.535219,31,5578.938195
-35.71,32,5579.536575
33.0,32,5580.002202
-41.74,29,5580.396992
-38.78,22,5580.735014
-44.32,31,5583.453826
37.482844,30,5583.993348
-43.83,29,5584.457881
-35.07,33,5585.031583
33.0,28,5585.48543
-44.25,25,5585.881988
-38.9,28,5586.461438
-41.03,21,5586.84743
-44.25,42,5587.574032
-38.87,60,5588.629157
-41.32,24,5589.173645
-34.86,23,5589.712834
-39.0,23,5590.057038
36.0,27,5590.403218
-41.93,49,5591.60194
-38.54,33,5591.986368
-35.06,25,5592.295281
-35.4,28,5594.557574
-38.44,27,5595.008229
-44.5,72,5596.344972
-44.77,23,5596.746195
-35.73,28,5597.219805
-35.29,32,5597.749573
-34.45,28,5598.18919
-36.0,41,5598.894709
-42.0,98,5600.588629
32.675497,25,5601.027985
-35.72,28,5601.435172
-42.0,24,5601.792667
-41.34,28,5602.081245
35.401845,26,5602.399304
-47.61,22,5604.535867
-36.0,23,5604.923601
-32.23,27,5605.371747
-38.12,32,5605.871558
37.347909,21,5606.252672
-38.75,19,5606.589266
-42.0,29,5607.034237
-41.91,24,5607.438529
-36.0,24,5607.912893
37.350391,24,5608.414302
-42.0,23,5608.810097
-38.55,29,5609.27445
-38.32,29,5609.800555
-38.31,27,5610.249014
38.443478,63,5611.266244
37.099237,24,5611.615256
-32.08,30,5612.038088
-35.64,28,5612.473559
-43.8,20,5612.763729
38.463557,34,5615.168758
-45.0,19,5615.569241
-37.33,32,5616.106196
-32.74,32,5616.654224
-43.12,24,5617.076876
-47.78,25,5617.481286
-32.14,30,5617.975727
-41.91,34,5618.564977
-32.33,48,5619.440227
-35.53,29,5619.939914
-32.52,28,5620.43184
-38.69,26,5620.863961
32.301887,56,5621.663609
-44.27,21,5621.982584
-41.41,21,5622.291943
-36.0,26,5622.770394
41.139847,20,5623.094431
-35.22,21,5625.427876
-38.8,35,5626.004228
-42.0,29,5626.486028
-40.28,23,5626.872347
-41.02,24,5627.26575
-33.0,35,5628.042944
35.676806,40,5628.686388
36.0,32,5629.230336
-41.58,29,5629.741085
-40.85,24,5630.108209
-35.65,44,5630.829249
35.684466,25,5631.197489
-41.89,30,5631.916375
-35.08,36,5632.463228
-32.77,29,5633.074209
-40.14,27,5633.531251
-37.36,67,5636.409651
-34.28,33,5636.9616
-41.4,30,5637.475588
-44.33,23,5637.861691
35.167702,30,5638.447611
-41.68,23,5638.828842
-38.05,29,5639.331466
-43.75,29,5639.974801
-41.74,21,5640.327656
-39.0,47,5641.142363
-41.93,28,5641.57992
-36.0,28,5641.970174
32.216718,31,5642.438525
-32.86,29,5642.845875
-33.0,30,5643.305115
-36.88,30,5643.812165
-35.93,24,5644.193316
32.114583,29,5646.501827
-39.0,30,5647.026027
-41.39,18,5647.31489
32.111111,28,5647.784664
-41.2,26,5648.271042
-44.6,25,5648.674707
-38.84,28,5649.248616
-44.47,18,5649.538998
-33.0,36,5650.107105
-33.0,29,5650.607351
-35.16,33,5651.150692
-36.0,24,5651.466558
-41.79,25,5651.811954
-38.54,28,5652.217509
-38.27,24,5652.562217
39.715358,26,5652.945962
-32.0,24,5653.371243
32.01938,29,5653.848418
-36.0,25,5654.270565
-35.16,26,5656.584221
37.435385,29,5657.0142
-38.41,24,5657.419743
38.195205,30,5657.95452
32.242798,28,5658.612165
-38.12,30,5659.093818
32.326599,32,5659.632381
32.708333,34,5660.204377
-41.5,23,5660.58445
-44.64,21,5660.923104
-32.15,29,5661.403687
32.450893,34,5661.875177
38.275964,26,5662.255316
34.695402,30,5662.69623
-41.44,21,5663.038887
38.044518,28,5663.4911
35.47351,26,5664.209278
-32.09,36,5664.795645
-44.23,25,5665.203474
-38.25,23,5667.378109
-39.0,25,5667.809947
-44.11,27,5668.244223
-42.0,17,5668.521622
-32.51,30,5668.996612
-41.22,26,5669.458122
34.781424,29,5669.967364
-37.57,32,5670.497833
-41.42,26,5670.928269
33.0,29,5671.367887
-44.55,28,5671.787323
35.27092,28,5672.183085
-38.82,23,5672.544916
-38.52,26,5672.9182
-38.25,25,5673.322974
-43.57,25,5673.714095
-44.92,20,5674.139442
-35.03,26,5674.60804
-39.0,21,5674.962405
-37.91,23,5675.33691
-41.81,23,5677.489325
-39.0,31,5677.975244
-35.47,34,5678.517076
-45.0,22,5678.859476
-38.66,34,5679.422107
-35.12,26,5679.875777
-38.2,25,5680.286338
-47.37,23,5680.654691
-38.64,29,5681.015867
-44.44,36,5681.623848
-47.05,27,5682.18386
-38.21,20,5682.486478
-38.44,29,5682.904747
-32.94,26,5683.260679
32.925697,47,5683.993285
-38.81,22,5684.366007
-43.52,22,5684.763509
-38.71,35,5685.329626
-44.13,29,5687.597745
-41.69,28,5688.014896
35.461017,23,5688.389292
-41.33,21,5688.824585
-41.31,21,5689.178131
-41.17,30,5689.900863
39.841042,29,5690.409528
-36.0,23,5690.779136
-43.68,21,5691.137681
-40.93,30,5691.644604
-38.91,27,5692.05975
-32.33,34,5692.564621
-41.63,33,5693.06399
-41.86,26,5693.43083
32.622047,42,5694.082284
-32.58,38,5694.669737
-35.52,33,5695.205338
32.04661,48,5697.80032
-35.76,22,5698.116862
-39.0,33,5698.583212
36.0,26,5699.031825
41.104533,20,5699.387983
-35.98,31,5699.880848
35.270588,25,5700.330338
-33.0,35,5700.90778
-41.29,28,5701.382421
-32.39,31,5701.908362
-42.0,24,5702.286317
-39.0,39,5702.824482
-38.38,28,5703.231569
-35.71,23,5703.554191
-35.61,29,5704.04582
-45.0,35,5704.634084
38.310185,29,5705.21945
33.0,35,5705.837324
-41.85,22,5708.111468
-39.0,24,5708.451209
-38.08,23,5708.750605
34.978435,31,5709.185958
37.956619,30,5709.705727
31.660839,70,5710.918196
35.596552,28,5711.3891
-39.0,15,5711.600283
-42.0,24,5712.033998
-34.04,36,5712.560815
-40.37,32,5713.030607
32.278302,30,5713.455033
32.780488,36,5713.972051
-47.62,15,5714.305363
-41.39,22,5714.811456
31.56338,28,5715.319313
-36.0,27,5715.780188
-34.73,39,5718.161891
41.246037,25,5718.501106
-35.67,31,5718.905725
34.394422,31,5719.316706
-36.0,30,5719.746279
-34.54,29,5720.247339
-32.69,32,5720.758678
39.2448,29,5721.287194
-38.55,22,5721.637328
37.070485,26,5722.065462
-38.89,23,5722.416336
-35.5,26,5722.783454
-41.79,27,5723.201576
35.026119,28,5723.58921
-45.0,28,5724.036678
-41.44,45,5724.741185
-35.95,35,5725.302732
-38.78,30,5727.724208
-38.6,21,5728.021936
-44.49,25,5728.363112
-42.0,22,5728.643447
34.153341,31,5729.060863
34.902808,31,5729.495848
38.266684,27,5729.929612
-32.11,35,5730.489368
-32.38,58,5731.509851
37.858244,24,5732.001354
-39.0,37,5732.588261
-40.15,22,5732.880961
-32.33,34,5733.369107
-42.0,22,5733.692794
-35.45,28,5734.076372
-38.06,30,5734.558125
-38.44,24,5734.961242
-39.0,24,5735.370555
-39.0,26,5737.715697
-39.0,34,5738.198793
35.642384,24,5738.520101
38.372624,17,5738.746625
-32.09,29,5739.126327
-41.46,22,5739.440466
32.8,35,5740.225904
38.037315,27,5740.711894
-30.0,31,5741.232755
-38.86,36,5741.814354
38.067234,27,5742.26227
-43.43,110,5743.841652
32.201166,31,5744.287362
-44.41,23,5744.658477
-38.26,26,5745.101543
-35.82,26,5745.569028
-35.76,36,5748.061061
35.674627,25,5748.410534
-32.91,29,5748.804838
-38.4,29,5749.194626
-41.02,29,5749.592504
-38.21,29,5749.989201
-46.66,28,5750.380714
-41.52,32,5750.937351
-44.48,20,5751.272709
-32.54,32,5751.809877
-38.35,27,5752.228495
-34.86,30,5752.660122
32.019305,24,5753.010026
-38.5,26,5753.382084
-42.81,25,5753.728972
-45.0,25,5754.140612
32.666667,28,5754.693152
-38.48,39,5755.353602
-38.47,29,5757.80659
35.32906,21,5758.151014
-41.89,81,5759.448577
-35.14,32,5759.868953
-42.0,27,5760.245776
-40.61,21,5760.533924
35.876364,28,5760.932987
35.800797,30,5761.424101
-41.9,22,5761.80211
-45.0,21,5762.134468
35.078652,28,5762.627475
-32.33,31,5763.078027
-36.0,45,5763.83019
-39.0,24,5764.166877
-38.5,26,5764.568703
-35.58,29,5765.304965
-38.81,25,5767.617382
-36.0,38,5768.229891
-32.04,30,5768.703436
32.450704,29,5769.178606
35.265455,22,5769.514719
-44.6,27,5769.88273
-35.79,39,5770.393456
39.0,25,5770.731325
-38.94,24,5771.041766
-39.0,23,5771.353689
32.416058,36,5771.959861
-41.31,27,5772.473902
-37.44,28,5772.874677
-41.08,24,5773.236073
-38.62,27,5773.634347
-32.6,39,5774.167482
-35.58,26,5774.561179
-38.32,21,5774.933545
-41.24,28,5777.321392
-41.3,24,5777.714534
-33.0,29,5778.22201
35.547771,23,5778.598105
36.899564,31,5779.966109
-39.0,37,5780.505916
-38.5,40,5781.074459
-41.25,24,5781.397802
31.746862,35,5782.024472
-42.0,18,5782.318778
-35.27,29,5782.822954
32.387205,27,5783.253391
-41.84,27,5783.626562
-48.0,18,5783.888861
-39.0,27,5784.2672
37.57985,28,5784.671978
-32.22,35,5785.244555
-40.5,28,5785.702106
32.696319,33,5788.186614
-39.0,18,5788.486907
-32.55,37,5789.060192
35.464286,27,5789.532659
-32.29,26,5790.109159
-41.12,26,5790.530852
-38.7,26,5790.972433
-37.86,21,5791.249625
35.226067,27,5791.620777
-41.25,21,5791.92564
-38.89,31,5792.377844
-39.0,21,5792.682745
35.308271,28,5793.086432
-41.14,32,5793.590335
-45.0,16,5793.809737
-32.82,29,5794.218578
-36.0,25,5794.562769
32.486381,26,5794.955105
-32.49,32,5795.449649
-33.0,29,5795.945029
-38.05,23,5798.184264
-36.0,29,5798.664484
-32.5,30,5799.1614
42.782388,28,5799.630394
-41.39,23,5800.011597
37.739394,21,5800.397271
32.24186,33,5801.009507
32.13245,30,5801.392977
-34.44,32,5801.85605
34.665517,31,5802.293639
-41.28,29,5802.701334
35.422951,28,5803.127887
-38.14,28,5803.535468
-41.35,23,5803.88825
-44.21,17,5804.1384
-32.39,32,5804.574196
-41.27,29,5805.013423
34.69062,25,5805.419603
-35.02,38,5808.196486
-36.0,31,5808.718547
-38.38,24,5809.112296
32.412162,30,5809.594489
-38.51,27,5810.058942
41.648889,19,5810.399048
40.826466,24,5810.762903
39.0,23,5811.166986
-47.05,18,5811.554414
38.676923,28,5811.944779
32.070039,31,5812.362244
38.384328,23,5812.671478
-38.06,32,5813.143311
-44.06,20,5813.381506
34.919407,31,5813.834789
-36.0,28,5814.228147
-35.12,31,5814.702925
-35.12,48,5815.70718
34.946563,33,5816.27413
35.051181,25,5818.59151
-32.48,26,5819.024933
-43.03,19,5819.351312
-46.48,22,5819.690028
-35.29,24,5820.114679
-36.0,31,5820.623161
-38.71,29,5821.145536
-44.14,26,5821.619719
34.37154,34,5822.110769
-38.13,28,5822.495538
-38.79,34,5822.916294
38.116041,27,5823.256751
-42.0,23,5823.546949
-41.66,27,5823.885793
-38.79,40,5824.420506
32.049618,32,5824.890788
37.946687,31,5825.37502
-38.44,31,5825.918526
32.703704,27,5828.139703
-45.0,25,5828.520946
35.007353,45,5829.491801
-35.45,26,5829.908552
-32.48,29,5830.399929
34.301538,28,5830.923119
-38.45,39,5831.809752
-40.88,44,5832.528086
37.382921,26,5832.882091
-33.0,29,5833.264429
32.675497,22,5833.546814
-30.0,24,5833.86153
32.45122,26,5834.215322
-38.78,29,5834.595995
-39.0,23,5834.921999
-41.09,31,5835.374605
-44.8,22,5835.712731
-42.0,26,5838.077886
35.006263,29,5838.526366
-38.12,28,5838.975848
-42.0,18,5839.303111
-41.7,21,5839.652211
-41.56,27,5840.053107
-37.16,30,5840.786491
37.328112,24,5841.216346
-38.31,25,5841.61346
-32.51,32,5842.154937
-35.23,23,5842.549982
32.464286,23,5842.92128
35.155102,26,5843.30711
-41.41,23,5843.633614
-38.78,22,5843.923049
-35.51,25,5844.449667
43.554549,18,5844.644052
-35.25,32,5845.031721
-41.53,16,5845.294452
-35.31,30,5845.701711
-41.03,43,5848.429213
36.620184,31,5848.953588
-32.14,28,5849.429446
37.506893,25,5849.850988
36.0,26,5850.292754
35.198171,32,5850.884122
-44.37,28,5851.341355
-39.0,32,5851.865302
-41.68,24,5852.330512
-41.83,24,5852.75038
-39.0,21,5853.077819
-38.39,25,5853.450194
-32.99,36,5853.917865
-43.28,32,5854.298051
-35.65,23,5854.597588
-44.62,23,5854.857486
-31.75,33,5855.249462
-42.0,27,5855.630128
-32.2,32,5856.141533
-41.34,21,5858.514983
37.453158,29,5858.99178
-38.8,26,5859.381433
-38.45,23,5859.75264
-44.5,24,5860.173031
-41.22,23,5860.854253
-32.47,31,5861.381257
-38.11,23,5861.798903
-46.65,34,5862.370017
-35.41,28,5862.847796
36.0,32,5863.427526
37.761595,25,5863.811558
-32.11,29,5864.217577
-35.83,25,5864.532105
-38.85,31,5864.892912
46.509615,24,5865.16103
-42.0,39,5865.66495
-41.5,31,5866.34923
-38.2,24,5868.709732
-35.06,35,5869.297792
-44.62,22,5869.666805
-38.44,29,5870.133421
-35.07,26,5870.580714
-42.0,23,5870.986434
-47.5,36,5871.558428
32.204819,38,5872.190733
35.343511,24,5872.57743
-37.38,31,5873.067869
-33.0,37,5873.691182
33.0,33,5874.178262
-38.55,22,5874.457515
-38.41,26,5874.787877
-37.49,34,5875.192201
-32.16,40,5875.869893
-40.93,31,5876.391902
-32.21,33,5878.866522
-38.45,34,5879.414964
-41.16,23,5879.803109
35.095675,25,5880.208572
-44.12,18,5880.489296
-38.68,28,5881.124544
-38.11,25,5881.537992
35.063739,43,5882.48496
-39.0,30,5883.005125
-36.0,34,5883.773463
-37.75,28,5884.214628
-35.35,22,5884.571633
-38.5,25,5884.894536
-38.45,20,5885.122026
32.775758,31,5885.484024
-38.38,31,5885.878832
-34.85,30,5886.23812
-38.75,27,5886.643146
-35.16,32,5889.073932
-41.05,28,5889.521016
-38.6,34,5890.086075
-38.53,26,5890.50607
34.632052,36,5891.087013
-36.0,24,5891.502852
-38.98,24,5892.084774
-45.0,16,5892.38452
-39.0,26,5892.824672
-32.1,31,5893.323226
-35.81,21,5893.67324
-41.47,24,5894.091284
-38.31,28,5894.552418
-32.91,31,5895.02352
-38.91,95,5896.153971
-45.0,33,5896.576057
-39.0,20,5896.837304
-41.43,29,5899.194293
35.239625,28,5899.685965
-39.0,27,5900.102658
-34.89,27,5900.546768
-35.11,40,5901.209934
-35.04,24,5901.606855
-41.21,25,5902.044817
38.621818,23,5902.390172
32.350816,54,5903.406791
-44.61,21,5903.779324
-36.0,27,5904.227361
-32.13,33,5904.755657
38.478883,27,5905.187774
-47.6,33,5905.614157
32.877953,30,5905.98637
-44.09,20,5906.278639
-32.3,30,5906.664894
-35.09,22,5909.091803
-38.96,27,5909.519049
-36.0,41,5910.182208
-38.85,31,5910.67643
-38.2,22,5911.032975
-41.56,37,5911.659551
32.127586,28,5912.104242
-45.0,29,5912.579693
-40.28,28,5913.041506
-42.0,25,5913.447349
-41.52,32,5913.959893
-44.73,23,5914.362931
-37.53,27,5914.826769
32.095975,52,5915.634602
-41.5,25,5915.928001
-41.79,26,5916.272283
35.404255,28,5916.755502
-35.81,31,5919.087382
-44.62,21,5919.451946
-41.45,28,5919.922761
-39.0,26,5920.334892
-44.65,26,5920.779265
-35.43,34,5921.343075
37.86593,31,5921.872959
38.234932,32,5922.391527
-38.51,26,5922.811501
33.0,33,5923.355901
37.901139,31,5923.863568
-32.56,47,5924.653395
-39.0,33,5925.213066
-38.17,28,5925.653496
-33.0,46,5926.30518
32.754967,36,5926.745791
-39.0,22,5927.027898
-41.23,31,5929.364112
32.489583,33,5929.939798
35.525597,28,5930.321375
-32.43,29,5930.83246
-33.0,29,5931.300632
-38.88,32,5931.807942
-38.44,37,5932.667362
32.626168,31,5933.225544
32.205298,28,5933.687099
32.596078,30,5934.17067
-43.38,22,5934.556895
-44.22,26,5934.977022
-38.18,33,5935.542076
-35.8,23,5935.956378
-35.11,31,5936.417157
-32.67,30,5936.826095
-41.12,25,5937.132064
-43.32,31,5939.358455
-39.0,24,5939.740182
-42.33,18,5940.014095
-41.06,20,5940.375362
-32.84,38,5941.042658
-38.42,27,5941.503163
-37.06,35,5942.143188
-38.44,21,5942.536448
-35.42,29,5943.019768
-44.4,23,5943.59686
-32.53,42,5944.302323
-38.37,26,5944.729951
-44.31,23,5945.102175
-41.13,26,5945.53102
-40.66,21,5945.988674
32.686411,29,5946.434777
-45.0,30,5946.84328
34.934087,30,5947.38164
35.566038,26,5947.993242
-37.84,28,5950.119056
-39.0,26,5950.595796
-35.38,31,5951.117018
-35.54,57,5952.207588
41.458891,17,5952.516773
-37.94,21,5952.850001
-40.49,28,5953.354023
-38.79,24,5953.759521
-35.8,24,5954.166588
-43.72,22,5954.539716
-32.51,25,5954.955713
-37.79,43,5955.668828
-41.3,27,5956.115214
-32.56,39,5956.699016
35.154639,30,5957.103437
-36.0,24,5957.435752
-41.58,23,5957.748771
-35.09,26,5958.18748
-32.08,27,5960.527558
34.991714,33,5960.9624
-40.62,40,5961.667685
-38.78,24,5962.064683
-41.46,28,5962.576848
32.642384,25,5962.987992
-32.65,27,5963.427933
35.5,32,5963.97669
-42.0,26,5964.418002
-41.23,28,5964.90906
-32.36,29,5965.382702
-38.56,28,5965.984827
-38.09,32,5966.463608
-47.55,19,5966.761351
33.0,25,5967.120006
-41.91,14,5967.331327
33.0,28,5967.723543
-35.31,36,5968.337311
-38.4,26,5971.112501
-44.68,16,5971.383116
-38.36,24,5971.78727
-35.1,26,5972.237847
-45.0,14,5972.465375
-41.56,25,5972.89097
-44.7,33,5973.436776
-41.1,23,5973.809295
-35.29,33,5974.377719
-38.5,27,5974.837477
-34.92,29,5975.333901
37.071517,31,5975.871915
-42.0,39,5976.464805
-32.58,34,5976.954658
-36.0,27,5977.325122
-37.68,24,5977.665328
-43.32,24,5978.01332
-41.24,22,5978.406181
-44.67,23,5978.828384
30.0,28,5979.302265
-41.76,23,5981.463966
-35.11,29,5981.954713
-44.7,22,5982.299674
-44.92,19,5982.627478
40.926797,24,5983.008745
-35.45,26,5983.428815
-36.0,38,5984.323562
-41.07,22,5984.666319
-42.0,20,5985.018589
-34.51,31,5985.554937
32.900726,22,5985.913185
40.852062,19,5986.245664
-35.25,32,5986.680933
-35.1,36,5987.155717
-41.91,18,5987.450781
-45.0,30,5987.898611
-41.12,25,5988.280957
-43.61,25,5988.656732
-34.91,28,5989.080249
-38.4,29,5989.574154
-43.54,19,5991.704327
41.271128,21,5992.055501
-41.1,24,5992.445872
-38.91,27,5992.898324
-46.83,24,5993.318995
-37.93,21,5993.663893
-38.64,25,5994.054696
-44.53,26,5994.539543
-38.78,31,5995.042746
-44.21,21,5995.403132
32.534296,33,5996.260064
-44.21,25,5996.7009
-39.0,40,5997.33204
-35.91,23,5997.666306
-35.16,29,5998.086845
32.4,31,5998.624529
-38.25,109,6002.283448
-32.57,37,6002.943528
-38.06,35,6003.545381
-33.0,35,6004.146209
-44.17,27,6004.58142
-35.48,24,6005.028754
32.122449,38,6005.632897
34.74686,26,6006.078207
-42.0,25,6006.541571
32.55814,31,6007.068471
-35.62,30,6007.512685
-38.68,31,6007.951492
-35.81,39,6008.517994
-38.91,26,6008.885379
34.901753,34,6009.645765
32.534247,48,6010.478825
-31.88,31,6012.842388
-32.13,33,6013.328463
-35.19,29,6013.784433
37.714216,25,6014.193139
-37.79,31,6014.698984
-44.68,24,6015.105712
-35.9,26,6015.530069
-35.28,26,6015.950716
-32.58,33,6016.503393
33.0,37,6017.181706
-44.23,31,6017.636537
-42.0,24,6017.979692
-36.0,23,6018.320904
-37.46,31,6018.787624
-44.05,24,6019.191725
-41.24,22,6019.672817
-38.28,19,6020.020674
34.776753,32,6020.607748
-40.81,25,6022.921773
-35.42,26,6023.265254
32.360595,27,6023.92146
-42.0,19,6024.280083
-40.62,46,6025.028518
33.0,38,6025.675474
-39.0,26,6026.126189
-42.0,27,6026.596359
-32.64,35,6027.167684
-38.67,26,6027.620508
-32.63,38,6028.225299
-35.92,31,6028.695959
41.091812,22,6029.032686
35.325,25,6029.402937
-35.11,33,6029.95083
35.587549,28,6030.408853
-41.25,30,6030.932464
-44.78,24,6031.339573
-35.76,32,6033.606837
37.739796,20,6033.865612
-35.3,44,6034.421129
-38.25,27,6034.825492
-38.5,33,6035.394307
-42.0,21,6035.780401
-41.04,29,6036.473163
-35.75,34,6037.03258
-38.86,20,6037.356174
-33.0,35,6038.230968
-41.07,24,6038.619567
-44.03,18,6038.953866
-44.47,28,6039.424047
-32.76,42,6040.063674
-38.47,28,6040.483904
-39.0,22,6040.792788
-47.3,18,6041.088646
37.87181,22,6041.459306
37.694776,33,6043.875592
-35.46,29,6044.272907
-35.38,38,6044.794188
-38.45,27,6045.169553
-37.9,28,6045.608077
-42.0,22,6046.013916
-35.2,36,6046.630102
36.0,27,6047.099627
-33.0,26,6047.536043
-35.62,34,6048.098319
-41.71,18,6048.39031
-35.13,42,6049.087386
-37.54,24,6049.708364
-38.04,24,6050.058126
-39.0,22,6050.373134
-41.32,25,6050.758817
-31.55,37,6051.324943
37.262545,28,6051.775853
-41.64,27,6054.175466
-41.07,28,6054.542233
-35.46,30,6054.957364
-44.15,31,6055.387767
-38.78,30,6055.790987
-37.29,26,6056.312225
-40.62,28,6056.830835
-41.57,23,6057.21682
-41.66,26,6057.657612
31.82,39,6058.320424
-41.26,28,6058.76519
-37.82,28,6059.192996
-35.78,42,6060.117485
38.165323,26,6060.491592
-37.66,22,6060.957246
-35.17,27,6061.418871
-36.0,31,6062.146441
-44.22,22,6062.532233
-32.06,26,6064.802922
-35.24,27,6065.157993
38.289199,21,6065.467956
-41.91,47,6066.096888
-39.73,27,6066.489653
-35.96,33,6067.041385
-43.86,19,6067.338345
-35.23,24,6067.720747
39.368809,28,6068.117704
-41.78,22,6068.487668
-38.39,27,6068.9405
-39.0,20,6069.247091
-36.0,31,6069.704169
32.454545,36,6070.221969
-32.01,27,6070.636418
-41.78,24,6070.981235
-35.44,27,6071.416994
-41.73,18,6071.721652
-43.78,20,6072.067384
-41.92,58,6074.894434
-41.72,25,6075.235801
38.513834,21,6075.776042
-41.13,28,6076.181627
-47.23,24,6076.514346
-41.89,28,6076.940691
-41.94,26,6077.385526
-39.0,19,6077.69221
-38.05,29,6078.179662
35.490637,36,6078.759851
-39.0,26,6079.203164
-40.01,22,6079.508301
32.276265,31,6079.937953
-38.01,27,6080.334361
-44.16,30,6080.786916
34.697186,35,6081.31378
-38.92,23,6081.699307
-41.42,24,6082.085183
33.0,29,6084.552816
34.481177,29,6085.031548
32.365625,32,6085.498124
-37.85,27,6085.896446
-44.68,32,6086.332053
-35.17,33,6086.771859
-38.44,21,6087.121304
-44.9,25,6087.637317
-34.12,51,6088.668074
-41.61,30,6089.201273
-35.56,24,6089.582652
-41.41,26,6089.961917
-41.08,26,6090.353399
-36.0,59,6091.213946
-35.81,27,6091.66066
-39.0,31,6092.160581
-44.13,19,6092.46263
-44.52,19,6094.758932
35.555172,50,6095.549522
-39.0,37,6096.04754
32.232394,30,6096.476984
-41.76,27,6096.840111
38.107914,23,6097.153209
-38.2,26,6097.601405
37.478207,28,6098.091378
-41.21,25,6098.5247
-35.42,38,6099.159329
-32.09,25,6099.50373
-32.05,35,6099.995625
-41.5,28,6100.392375
-36.0,39,6100.974641
-36.0,31,6101.744468
-32.91,28,6102.221052
-41.31,33,6102.779546
-40.07,28,6105.25926
39.262186,20,6105.58887
38.882353,28,6105.955191
-40.42,35,6106.438532
35.624161,35,6106.889858
-41.5,23,6107.235383
-41.38,25,6107.598245
-36.0,29,6108.042099
-35.91,37,6108.622929
32.783333,46,6109.310727
-41.76,25,6109.641155
-38.25,38,6110.191015
35.334902,27,6110.589282
-39.0,23,6110.931674
39.0,23,6111.270913
35.035433,30,6111.763942
36.0,22,6112.152881
-35.88,26,6114.62985
-36.0,35,6115.181205
-40.8,23,6115.556506
-38.54,32,6116.051296
-41.55,27,6116.424083
32.244361,28,6116.818223
-41.01,25,6117.14114
-32.4,31,6117.552529
-35.81,30,6117.994935
-41.51,22,6118.365623
-36.0,25,6118.780191
-41.76,21,6119.113608
34.438075,32,6119.616385
39.0,25,6119.987859
-38.37,25,6120.394528
-44.1,25,6120.73942
-44.24,21,6121.080604
-41.7,31,6121.606707
-45.0,21,6121.981381
-41.03,33,6124.524462
41.174282,24,6124.915484
-40.63,25,6125.352414
-35.91,28,6125.812001
-39.0,27,6126.222354
-32.3,30,6126.591673
-35.09,26,6127.186173
-38.01,30,6127.597919
-41.02,22,6127.898044
-32.22,24,6128.248346
34.68026,30,6128.781107
-34.57,32,6129.332731
37.662471,25,6129.74099
-40.58,20,6130.055979
-35.67,25,6130.430048
-36.0,31,6130.877639
35.6375,29,6131.286459
-40.68,29,6131.762685
34.589849,35,6132.34501
-35.04,21,6135.145719
-32.58,42,6135.85266
-40.38,29,6136.29524
-34.87,36,6136.838953
-44.18,17,6137.087745
32.456044,33,6137.505437
37.700131,27,6137.90544
-44.69,24,6138.218434
-38.5,30,6138.697058
-41.76,34,6139.483955
32.027397,42,6140.075384
-40.98,20,6140.361748
39.0,21,6140.659966
-44.61,15,6140.88481
-38.35,30,6141.312522
32.652174,35,6141.904502
-44.08,17,6142.167931
-36.0,22,6142.56172
-38.94,47,6145.307063
-41.65,29,6145.843027
-32.38,29,6146.32178
-39.0,24,6146.743567
32.492711,34,6147.201097
-39.0,29,6147.612368
-41.39,26,6147.969091
-32.27,41,6148.505128
-41.77,26,6148.942547
-38.81,21,6149.295558
-38.71,38,6149.877216
-40.44,28,6150.27206
39.0,44,6150.884224
-41.48,40,6151.506406
-32.69,33,6152.061527
-42.0,27,6152.516333
-41.7,29,6155.155048
-38.75,29,6155.547096
-38.41,27,6156.010244
-36.0,26,6156.448592
-44.67,21,6156.827346
-40.18,37,6157.508745
-41.46,21,6157.81105
-33.0,33,6158.263565
32.256506,38,6158.793973
41.333498,23,6159.12889
-41.69,44,6159.836545
-42.0,22,6160.18311
-38.74,31,6160.636308
31.952756,31,6161.069359
-32.21,27,6161.454669
-41.06,29,6161.905352
-44.73,25,6162.3765
-38.48,26,6162.824197
-38.58,30,6165.379304
-44.49,19,6165.78766
-42.0,20,6166.106144
-35.64,32,6166.654386
-47.06,17,6167.002487
38.112297,26,6167.445095
42.812046,23,6167.848478
-35.78,28,6168.245086
-41.71,26,6168.624851
-41.3,33,6169.076474
43.389817,27,6169.440612
-41.43,18,6169.692516
35.448267,29,6170.137325
-38.36,23,6170.438665
-38.56,34,6170.967311
-41.33,24,6171.328713
-41.48,23,6171.670906
-40.47,27,6172.053991
-32.36,36,6172.610517
34.290268,36,6173.203304
-44.53,20,6175.538122
-40.7,30,6176.040139
-47.23,18,6176.390371
-38.23,33,6176.899248
-34.3,30,6177.445945
-41.36,22,6177.811339
-35.82,27,6178.215894
-39.0,23,6178.526613
-41.87,22,6178.95288
-32.77,32,6179.519513
-41.69,21,6179.808634
-40.01,24,6180.135957
-44.02,22,6180.519187
-41.67,33,6181.00236
41.003876,21,6181.292242
-38.11,27,6181.683559
-35.34,22,6182.028429
-41.01,27,6182.421857
32.258993,28,6182.870701
-39.0,26,6183.298136
-41.49,30,6185.726062
-32.08,31,6186.270291
-38.54,26,6186.691427
-38.42,32,6187.213824
-41.24,36,6188.369943
32.7375,42,6188.925004
-41.66,40,6189.495429
-41.42,26,6189.901023
-41.61,20,6190.158854
-32.07,32,6190.667535
-36.0,29,6191.050263
-35.81,27,6191.686491
-38.18,35,6192.309746
-36.0,26,6192.739731
-38.15,56,6193.718656
30.0,26,6194.155552
-30.0,34,6196.783433
-32.41,28,6197.286184
-35.72,29,6197.852352
-38.33,40,6198.543225
-41.02,19,6198.878372
-36.0,30,6199.297186
-32.74,52,6200.008037
-38.5,30,6200.411432
-41.06,21,6200.69257
-44.88,23,6200.995491
-44.55,23,6201.359896
32.189815,31,6201.823885
-35.4,36,6202.366071
-44.08,19,6202.625436
-44.34,28,6203.088197
-37.92,26,6203.527567
35.063559,37,6204.174371
-38.92,23,6206.574322
-43.68,21,6206.997995
-38.36,26,6207.466306
32.704918,34,6208.057496
-38.23,26,6208.479854
-36.0,33,6209.052181
-35.39,36,6209.660572
-38.15,31,6210.143644
-38.91,22,6210.447413
-36.0,31,6210.873503
-38.53,49,6211.492848
40.593469,27,6211.882689
-38.4,32,6212.326167
-32.62,62,6213.245759
-39.0,30,6213.781608
-43.57,48,6216.577538
-47.16,21,6216.916548
-47.1,24,6217.367909
-41.18,30,6218.034779
-41.95,32,6218.662965
32.045936,33,6219.229916
-38.34,26,6219.752026
-38.24,26,6220.215428
-41.35,35,6220.774104
-40.29,30,6221.19011
-42.0,30,6221.589926
-38.63,25,6221.928855
-41.19,22,6222.227756
-41.9,20,6222.468817
-41.57,29,6222.878731
31.839623,33,6223.374364
-41.22,26,6223.792665
-35.55,42,6224.462855
34.616571,34,6226.991372
-36.0,24,6227.380442
-39.0,28,6227.97405
-41.08,25,6228.413259
-42.0,22,6228.772509
-33.0,29,6229.265747
-35.23,29,6229.757975
34.762289,29,6230.310537
-37.5,25,6230.757133
-41.65,25,6231.137289
-47.0,29,6231.551955
32.162791,31,6231.972895
-32.55,36,6232.52047
-35.43,34,6233.009297
-37.8,25,6233.709077
-44.88,25,6234.149979
-32.15,29,6234.653904
35.340909,27,6235.127507
-38.77,21,6235.497787
-34.87,33,6237.933506
-39.0,30,6238.510552
-47.08,19,6238.810275
-44.17,65,6239.905571
32.5,40,6240.630521
-38.91,21,6241.026014
32.57563,32,6241.578169
-48.0,28,6242.043206
-41.36,61,6242.879677
-41.29,21,6243.140041
-32.62,28,6243.472909
-42.0,20,6243.734606
-32.5,26,6244.070486
-38.9,24,6244.661835
35.116418,27,6245.10615
-37.88,39,6245.760795
-41.01,24,6248.090766
-36.0,27,6248.544457
-38.91,28,6249.009112
-35.7,30,6249.507807
35.716511,22,6249.932242
32.157706,32,6250.687385
-42.0,34,6251.251328
-35.8,31,6251.775688
-38.41,31,6252.316609
-38.79,29,6252.770591
-44.14,33,6253.180288
-41.8,25,6253.501008
-42.0,23,6253.805263
-38.67,24,6254.119709
44.01845,16,6254.302264
-40.82,24,6254.616431
-35.95,28,6255.07698
-38.77,30,6255.625894
38.23565,26,6257.950094
-34.82,30,6258.482454
-44.37,43,6259.181445
-35.55,30,6259.928026
-38.3,34,6260.495557
-38.35,26,6260.913149
-41.64,27,6261.349376
-41.68,28,6261.834348
-39.0,22,6262.201172
-35.39,24,6262.634774
-32.5,33,6263.133308
31.966667,37,6263.721588
-35.3,38,6264.192434
-41.85,35,6264.642476
-35.42,29,6265.029894
-32.13,34,6265.483492
-41.31,19,6265.803858
-38.26,30,6268.293001
33.0,30,6268.795086
-44.02,23,6269.143693
-40.57,24,6269.479108
-31.77,28,6270.000956
-32.29,23,6270.381116
-44.56,22,6270.996446
-44.33,22,6271.402515
-42.0,32,6271.953966
-41.7,23,6272.346509
-32.91,34,6272.91698
-42.0,22,6273.316566
-38.62,29,6273.769701
-33.0,34,6274.224129
-41.1,34,6274.673305
-44.6,20,6274.96858
-39.0,39,6275.488522
-44.18,25,6275.834652
-32.47,29,6276.45951
-40.67,24,6278.802075
36.0,32,6279.345448
-41.33,23,6279.737381
-32.49,34,6280.354513
-35.74,31,6280.870614
-38.71,22,6281.240102
-43.78,18,6281.551807
-32.82,24,6281.947822
32.256545,43,6282.722095
-41.39,28,6283.224751
-38.74,23,6283.614521
-39.0,29,6284.017938
-44.91,18,6284.265957
-45.0,17,6284.470773
-40.67,35,6284.912737
-35.43,41,6285.406736
-43.66,22,6285.702847
-39.0,28,6286.457026
32.833962,29,6288.950422
-41.11,27,6289.408711
-35.84,28,6289.862026
36.0,27,6290.318764
-35.44,37,6290.919116
-41.29,33,6291.472754
-41.35,26,6291.928479
-32.78,31,6292.543616
-32.44,33,6293.115728
-40.56,33,6293.677361
-38.39,31,6294.165737
33.0,28,6294.570185
-42.0,22,6294.85807
-38.91,31,6295.227503
38.332104,25,6295.527132
-41.45,30,6295.885345
-39.0,26,6296.251546
-46.92,30,6296.745799
37.591906,28,6299.324754
-32.5,25,6299.781865
32.068548,25,6300.169435
-35.91,25,6300.589168
-35.82,45,6301.382584
-41.82,26,6301.872389
-41.07,25,6302.331131
-35.33,41,6303.035007
-44.76,44,6303.761584
-39.0,17,6304.051811
-44.75,15,6304.303988
-31.7,35,6304.856439
-38.82,28,6305.260852
-35.69,28,6305.686516
35.11838,35,6306.140663
-40.21,19,6306.411959
-38.7,25,6306.762284
-33.0,27,6307.135418
-41.19,19,6309.358348
39.0,25,6309.772959
-41.72,32,6310.271662
-44.71,29,6310.611052
-44.32,24,6310.983537
-35.23,31,6311.509114
-39.0,20,6311.813645
-38.21,38,6312.491214
-38.49,22,6313.077742
33.0,25,6313.49093
-41.35,25,6313.887774
-32.35,38,6314.516804
-38.64,29,6315.01553
-47.23,16,6315.239626
-32.01,35,6315.733294
36.0,25,6316.069952
32.112546,68,6316.999272
-38.91,31,6319.267101
-45.0,25,6319.666319
-36.97,34,6320.242344
36.0,25,6320.675295
-34.44,28,6321.148674
37.305015,30,6321.748103
-38.75,26,6322.184442
-42.0,29,6322.64519
-38.42,24,6323.037791
-38.41,29,6323.514076
-32.97,30,6324.243264
-36.0,27,6324.68806
-38.06,30,6325.150547
-32.18,30,6325.456471
35.208333,33,6325.851585
-42.0,27,6326.245931
-35.62,29,6326.651896
-32.53,34,6327.126935
-38.51,29,6329.419727
-44.36,29,6329.926498
-38.07,27,6330.419213
38.737609,25,6330.801461
-41.66,28,6331.270233
32.194561,46,6332.046303
-40.59,28,6332.521782
-35.11,33,6333.071477
-38.76,20,6333.395395
-38.3,22,6333.741573
43.311216,22,6334.113258
-38.91,27,6334.570309
-35.5,26,6334.9869
35.075758,24,6335.361614
32.040541,26,6335.756117
-32.48,32,6336.205105
-41.88,31,6336.637985
32.714286,28,6337.049114
-41.64,26,6339.328997
-44.49,18,6339.584869
-36.0,26,6340.241668
-41.79,28,6340.738087
-41.09,32,6341.299893
40.430439,28,6341.802603
-44.33,25,6342.230285
-38.1,37,6342.824919
-38.5,25,6343.445878
-35.65,30,6343.974549
-42.0,23,6344.375222
-38.49,28,6344.835813
-32.43,40,6345.50037
-41.57,53,6346.258212
-38.16,26,6346.675009
-37.78,26,6347.060748
-31.55,29,6347.515851
-38.42,27,6347.986281
-35.81,26,6350.279241
-40.99,31,6351.085174
-38.08,32,6351.599528
35.726708,21,6351.968563
-38.91,26,6352.40484
-38.71,49,6353.144164
35.805447,27,6353.563138
-36.0,31,6354.100975
35.713178,26,6354.509556
-41.22,32,6355.086244
-35.15,30,6355.569949
35.148438,29,6356.0066
-40.83,33,6356.518415
-43.43,22,6356.829208
35.105556,35,6357.320737
-47.17,29,6357.781333
-38.34,28,6358.270992
-35.01,35,6360.664646
38.396402,23,6361.014919
40.095432,26,6361.436086
-32.82,33,6361.981834
-41.07,24,6362.381485
-39.0,24,6362.788825
-38.58,34,6363.351194
-38.57,23,6363.752077
-35.59,64,6364.806326
-36.0,33,6365.356128
-44.24,18,6365.888385
-42.0,24,6366.268866
-38.42,22,6366.594438
-37.67,34,6367.058487
-32.65,30,6367.491053
-37.94,41,6368.177127
-41.31,22,6368.582949
-41.13,27,6370.961544
-38.12,30,6371.380788
32.076046,26,6371.787163
39.0,22,6372.162267
-41.38,24,6372.564302
-38.5,25,6372.981714
-44.63,26,6373.442823
-38.16,28,6373.983494
35.291513,24,6374.410088
-41.81,31,6374.938592
45.0,25,6375.365338
-38.57,28,6375.848812
-41.95,22,6376.224946
-39.0,23,6376.832815
-33.0,28,6377.229608
-41.47,22,6377.523926
-38.88,30,6377.948698
40.166183,22,6378.291903
-38.32,20,6378.658529
-37.7,23,6379.043486
-32.49,34,6381.478633
-38.2,24,6381.825673
-38.51,21,6382.114313
-42.0,19,6382.425373
-44.88,22,6382.801254
-35.42,34,6383.350902
-41.2,30,6383.836962
-35.55,30,6384.42722
-33.0,29,6384.898287
-32.81,36,6385.514026
-41.19,27,6385.940327
-35.01,39,6386.516618
-42.0,27,6386.906066
-38.07,25,6387.261199
-36.0,25,6387.61466
-35.18,32,6388.044533
-39.0,22,6388.456971
-41.62,22,6388.803066
-38.9,33,6389.35065
33.766531,28,6391.736404
-38.47,28,6392.110883
-35.54,28,6392.61757
-32.15,23,6393.161406
-38.81,50,6394.014471
-44.84,26,6394.48584
-38.43,34,6395.052601
-39.0,27,6395.519909
-41.22,24,6395.909674
-35.32,29,6396.529992
-37.9,30,6396.980345
-36.0,29,6397.424447
-36.0,31,6397.870858
-38.83,28,6398.284671
-41.05,25,6398.711601
31.851852,26,6399.137591
32.460076,35,6399.76771
-41.49,23,6402.056385
34.273491,32,6402.752177
-32.23,30,6403.184726
-45.0,28,6403.649623
32.026022,30,6404.139238
37.68507,25,6404.569617
-35.07,25,6405.056763
-44.1,29,6405.543418
32.294278,31,6406.073727
-41.19,31,6406.601294
-44.42,42,6407.336281
-38.65,25,6407.699737
-33.0,43,6408.341224
-41.2,24,6408.723499
-39.0,19,6409.02518
32.531365,41,6409.675831
-32.05,37,6410.269072
-43.86,20,6412.519378
-44.02,21,6412.843755
38.422764,28,6413.231612
-41.8,22,6413.520049
-47.16,25,6413.910231
-41.79,22,6414.272726
31.562914,29,6414.730129
-44.33,28,6415.178378
-47.39,20,6415.544889
-41.86,36,6416.146608
-36.0,41,6416.804279
-44.2,21,6417.115513
-41.91,36,6417.633772
-41.19,20,6417.937469
-37.94,34,6418.678032
-38.63,45,6419.477707
-35.13,27,6419.944322
-35.2,26,6420.402896
-41.25,24,6422.687541
-44.29,24,6423.003444
-35.1,30,6423.429706
34.928029,30,6423.852641
-41.27,24,6424.178912
34.323418,30,6424.68633
-34.57,23,6425.076085
-35.39,28,6425.570597
-36.0,25,6425.991284
-41.6,20,6426.318499
-44.09,28,6426.742872
36.69878,29,6427.146829
-35.47,26,6427.54046
-41.74,32,6428.24596
-34.49,39,6428.87677
-38.8,24,6429.283242
32.258675,31,6429.801536
33.0,52,6430.711653
-32.17,32,6433.141013
-38.23,29,6433.531353
-42.0,26,6433.896322
-42.0,44,6434.498944
-39.0,35,6435.075971
32.62701,28,6435.579972
-44.47,17,6435.893491
35.062069,24,6436.297997
35.247863,28,6436.661384
-38.93,27,6437.049939
-32.5,27,6437.427635
35.019142,26,6437.811106
-44.28,21,6438.121685
-34.31,34,6438.775765
-38.81,30,6439.279912
35.120536,32,6439.825222
-42.0,17,6440.160754
34.191277,32,6440.692678
-32.88,35,6443.182524
35.361538,28,6443.586388
-38.46,27,6443.993305
-37.7,33,6444.453712
-41.4,23,6444.765887
-41.58,24,6445.210605
-41.93,37,6446.016825
-40.32,26,6446.476164
-40.52,30,6446.918289
-32.12,43,6447.560626
-41.79,23,6447.901803
38.535552,21,6448.196148
-38.25,27,6448.566672
32.144522,41,6449.245872
-44.09,28,6449.896092
-41.33,24,6450.27559
-35.81,24,6450.673012
-35.7,82,6454.252069
-44.33,27,6454.630861
37.940827,25,6454.966271
32.345455,37,6455.490887
-38.09,28,6455.948224
-32.71,33,6456.479889
-38.15,25,6456.887815
-41.5,21,6457.177466
-37.9,30,6457.634434
-41.15,25,6457.991988
-45.0,15,6458.232491
-35.0,29,6458.638649
-39.0,31,6459.185886
-41.34,27,6459.652761
-41.83,27,6460.102314
-41.17,48,6460.943111
-41.13,37,6461.540484
-44.71,29,6463.886185
-35.38,37,6464.403096
-39.0,36,6464.928641
-32.81,28,6465.29775
-41.87,29,6465.735779
34.909091,26,6466.158937
-38.24,24,6466.587797
-35.5,34,6467.09462
36.0,32,6467.532872
-39.0,35,6468.036979
-37.19,24,6468.416766
32.046693,32,6468.934441
-32.24,30,6469.410467
-37.76,32,6469.911881
-46.84,38,6470.61548
-41.06,31,6471.339005
-32.2,35,6473.918246
-32.41,26,6474.289763
-45.0,23,6474.59515
32.092715,72,6475.52399
-41.38,33,6475.97456
-41.44,22,6476.356586
-35.46,27,6476.763567
-32.27,41,6477.325214
-42.0,23,6477.651742
-41.48,37,6478.199526
-35.46,32,6478.710965
-35.09,28,6479.381122
35.266667,26,6479.787656
-38.31,25,6480.212635
-36.0,34,6480.816616
-37.7,21,6481.189241
-39.0,20,6481.526211
38.247462,21,6483.468169
-41.81,24,6483.857971
-42.0,33,6484.447685
-41.54,32,6485.000607
-38.64,26,6485.431582
37.488747,24,6485.760409
-30.0,58,6486.535296
-41.68,28,6486.907469
-40.75,30,6487.310774
-41.52,27,6487.895885
-32.26,26,6488.255918
40.644826,27,6488.652039
38.072487,31,6489.095302
-35.64,33,6489.612987
-41.5,33,6490.141328
-32.57,41,6490.820884
-44.43,28,6493.254414
-41.5,28,6493.705408
-35.83,37,6494.328715
-35.33,25,6494.744982
-32.75,31,6495.283823
33.0,26,6495.729165
-44.55,26,6496.064235
-43.8,27,6496.417625
-38.81,31,6497.003791
-45.54,27,6497.536619
-35.65,27,6497.914085
-36.0,35,6498.41496
-35.43,35,6498.915437
-41.78,25,6499.240535
-44.74,23,6499.65445
-36.0,40,6500.465077
-40.93,22,6500.846751
-31.75,29,6501.343906
35.228832,30,6503.690376
-38.3,27,6504.175952
-41.42,28,6504.64445
34.802242,27,6505.073695
-35.57,29,6505.849262
-35.03,30,6506.245881
-41.88,27,6506.613498
-35.36,27,6506.999893
34.381354,28,6507.42661
-39.0,31,6507.92238
31.769962,28,6508.345299
-43.74,21,6508.619996
-43.8,22,6508.911301
34.990111,33,6509.578813
-38.34,27,6510.024506
-38.1,22,6510.412158
-35.0,29,6510.911794
-47.26,21,6511.265997
38.27572,22,6511.659352
-33.0,36,6514.184457
-39.0,29,6514.694272
-42.0,43,6515.411053
-34.35,28,6515.889182
-32.26,35,6516.374439
34.890549,27,6516.750661
-40.97,22,6517.086412
-41.55,28,6517.608275
-41.58,41,6518.158888
37.614881,28,6518.560333
-42.0,19,6519.070016
43.793096,25,6519.436638
-35.02,26,6519.889836
34.969555,31,6520.719602
33.0,30,6521.202238
-32.04,42,6521.863842
-32.26,35,6522.459536
-32.55,34,6525.041735
37.523833,30,6525.582338
38.096774,24,6525.976261
35.255034,26,6526.404783
-32.61,32,6526.807742
-44.06,24,6527.118311
-35.25,30,6527.520545
32.852459,29,6527.882286
-35.81,39,6528.359007
-39.0,26,6528.697197
-44.59,20,6529.025329
-38.39,30,6529.464787
-39.0,26,6529.892848
32.003559,33,6530.41317
-40.59,24,6530.828159
-41.23,28,6531.50986
-44.34,22,6531.913913
-32.91,27,6532.368606
-32.17,30,6534.852621
-41.0,25,6535.333632
37.208837,28,6535.806891
36.0,32,6536.349237
-38.01,31,6536.865737
-39.0,35,6537.384892
32.003876,27,6537.743854
-36.0,30,6538.143777
-40.83,41,6538.637648
35.645244,32,6539.088616
-44.63,27,6539.472447
-37.84,32,6539.986724
-39.0,25,6540.399869
-35.85,34,6540.949144
-41.61,32,6541.47834
-35.24,28,6542.011472
-32.07,29,6542.567408
-33.0,26,6545.41027
40.222932,23,6545.749276
-41.73,29,6546.219012
-41.4,35,6546.862133
-35.74,27,6547.327669
-44.14,22,6547.913108
-40.67,25,6548.230929
-42.0,25,6548.555244
-35.55,34,6549.295047
-41.23,29,6549.686199
-47.5,18,6549.989066
35.393522,32,6550.540154
-38.43,23,6551.170125
-32.62,30,6551.700892
37.494248,24,6552.169883
-36.0,25,6552.57977
-39.0,21,6552.957478
-33.0,30,6553.465122
-35.38,39,6556.016233
-44.45,24,6556.412113
-42.0,47,6557.229278
-38.19,30,6557.869974
32.264822,33,6558.38587
-41.71,26,6558.765016
32.428082,25,6559.046101
-44.06,37,6559.49362
-44.21,24,6559.819076
-47.85,29,6560.161813
-41.28,22,6560.451212
-36.0,28,6560.927883
-33.0,35,6561.511006
32.2,30,6561.96823
-40.38,31,6562.455727
-36.0,37,6563.082838
-44.73,16,6563.341533
32.14786,30,6563.839378
-45.0,22,6566.158607
-36.58,30,6566.748478
-43.63,16,6567.026463
-36.0,31,6567.57229
-35.45,28,6568.03875
-37.69,35,6568.617337
-42.0,23,6568.929756
-35.89,30,6569.304839
35.420875,30,6569.660741
-47.49,15,6569.830468
32.514599,29,6570.183731
39.0,23,6570.508304
-32.17,30,6570.970939
-35.77,29,6571.44634
-41.6,19,6571.800309
37.493532,24,6572.205793
-42.0,20,6572.536128
-33.0,28,6573.022265
-41.76,35,6573.696691
-41.18,35,6576.22639
-36.0,28,6576.704254
-38.52,60,6577.937037
-44.28,23,6578.302194
-38.85,24,6578.717638
-32.71,22,6579.083491
-32.15,43,6579.644776
-36.0,31,6580.018644
-36.0,21,6580.26528
-41.76,29,6580.65693
-41.25,29,6580.997954
-39.0,36,6581.485839
-41.85,26,6581.890491
-41.11,27,6582.374407
-45.27,53,6583.348017
-35.85,27,6583.941049
-38.88,17,6584.250821
-32.91,27,6586.56434
-44.14,19,6586.90094
-41.84,30,6587.379806
34.525808,34,6587.964781
-41.57,21,6588.31424
-38.61,31,6588.855267
34.373348,29,6589.328299
39.0,18,6589.621857
-39.0,24,6590.018044
-38.75,22,6590.320883
-32.42,52,6590.904134
-38.41,30,6591.278863
-41.37,20,6591.577834
-38.68,65,6592.532543
36.873705,24,6592.957387
-42.0,27,6593.407509
-42.0,28,6593.903112
-36.0,24,6596.282632
-35.63,31,6596.793575
-33.98,22,6597.195725
-41.5,23,6597.559978
-35.43,31,6598.086316
-38.76,36,6598.6693
-35.55,25,6599.096495
38.454545,25,6599.458967
-35.19,30,6599.90801
-41.08,36,6600.43123
31.736111,34,6600.868182
32.23839,33,6601.333489
32.288732,34,6601.863324
-32.36,37,6602.394145
-39.0,44,6603.074788
-32.06,27,6603.666189
-39.0,27,6604.202996
-44.19,27,6606.539686
-32.47,30,6607.043752
-33.0,31,6607.592641
-38.94,27,6608.042278
33.0,32,6608.813575
-37.66,29,6609.282771
-35.8,30,6609.77525
-33.0,37,6610.325921
-35.91,21,6610.659205
32.155629,33,6611.140713
-38.43,21,6611.429594
-38.44,28,6611.820942
-39.0,25,6612.169961
-39.0,29,6612.576226
-43.72,25,6612.905818
-44.42,22,6613.198505
-41.59,28,6613.624021
32.566978,50,6616.354872
-38.3,33,6616.881881
-35.73,26,6617.311239
-33.0,29,6617.83649
-40.99,21,6618.192721
-35.01,33,6619.210035
-44.3,21,6619.522481
-32.55,32,6620.028625
-38.46,34,6620.495493
-40.03,22,6620.83092
-38.04,28,6621.227823
-35.28,33,6621.787317
-41.36,26,6622.222472
37.593248,19,6622.504807
-38.28,31,6622.906786
-41.26,41,6623.454249
-39.0,26,6623.81179
-40.86,27,6624.181774
-41.84,27,6627.166645
32.122449,40,6627.855822
-39.0,22,6628.219974
-45.0,19,6628.563042
-44.03,22,6628.98489
-35.85,28,6629.355854
32.450704,30,6629.775197
-44.98,22,6630.18942
39.0,29,6630.786222
-38.06,30,6631.256648
-37.82,27,6631.731528
37.828183,24,6632.230272
-38.28,28,6632.684287
-35.47,38,6633.225672
-40.97,32,6633.679299
-32.37,35,6634.193306
-35.58,32,6634.747304
-38.39,24,6635.325034
-43.61,27,6637.739514
42.647356,20,6638.093345
-38.71,27,6638.532713
37.079777,27,6638.994275
-35.0,32,6639.471359
-42.0,27,6639.858982
-35.95,34,6640.352973
-44.13,28,6640.753814
-41.72,23,6641.101787
-34.24,28,6641.631726
-32.92,37,6642.230386
-32.83,35,6642.8554
-41.62,20,6643.209691
-38.23,23,6643.578727
-38.11,24,6643.890865
-35.85,24,6644.21894
-35.49,32,6644.639868
-44.16,23,6644.961932
-41.65,22,6645.251607
-32.07,30,6647.705349
-44.5,17,6648.015744
34.824925,27,6648.464488
-41.91,37,6649.067685
-38.67,29,6649.518691
-41.03,26,6649.941065
-41.12,32,6650.422739
-33.0,31,6650.91
-41.53,19,6651.199975
-37.12,28,6651.774059
-35.49,38,6652.590872
-38.52,39,6653.350469
-34.94,25,6653.814435
35.483333,22,6654.265871
-32.39,31,6654.747219
-38.04,27,6655.128069
-38.11,39,6655.673686
37.576801,24,6656.003829
-44.81,23,6658.501028
37.397851,41,6659.219439
-41.41,21,6659.446362
-38.42,26,6659.914743
-39.0,27,6660.311211
-38.14,22,6660.647886
-37.77,26,6661.352744
-44.07,39,6662.022238
-43.74,24,6662.437523
38.088134,22,6662.823076
39.0,24,6663.197577
-44.36,39,6663.886853
-36.0,28,6664.34809
-42.0,26,6664.790416
-38.62,32,6665.354413
-39.0,23,6665.675232
32.869186,41,6666.172896
-42.0,32,6666.606457
-41.61,27,6668.954615
-41.49,26,6669.3817
42.607799,30,6669.849429
-35.53,26,6670.212399
-41.88,26,6670.613522
-38.23,32,6671.063518
-44.16,25,6671.434375
-43.53,38,6672.071083
35.259386,29,6672.543116
-38.15,26,6672.971952
32.874587,28,6673.443762
-44.2,23,6673.835083
-41.46,97,6675.454196
-40.48,21,6675.806439
-38.98,30,6676.292743
-38.67,24,6676.605449
-35.44,28,6678.931751
-42.0,22,6679.308768
-44.7,20,6679.609997
-44.25,27,6680.033081
-36.68,29,6680.468423
-44.65,19,6680.758273
-43.5,28,6681.14697
-44.05,26,6681.597743
-38.03,30,6682.106765
-41.77,27,6682.537282
-41.39,23,6682.927312
-33.0,37,6683.834297
-42.0,23,6684.243818
-35.52,47,6685.038388
32.063333,34,6685.618204
-44.04,26,6686.063791
-41.21,18,6686.550355
32.672897,29,6687.028727
-39.0,30,6687.542994
-41.69,25,6689.767925
-41.41,18,6690.030663
-38.08,24,6690.356899
-32.5,32,6690.850557
34.632081,23,6691.183089
-32.07,43,6691.875882
34.421909,35,6692.450382
-44.63,27,6692.920131
-38.75,23,6693.289746
-35.81,42,6693.99426
-44.83,24,6694.406466
35.542056,22,6694.773832
-33.0,29,6695.30052
35.45,26,6695.720603
-42.0,26,6696.194044
-37.98,29,6696.69986
-41.3,27,6697.183553
-38.69,24,6697.646811
-38.7,24,6699.852018
33.0,28,6700.265319
-41.34,27,6700.645516
-35.67,31,6701.082247
-41.22,27,6701.485552
-40.83,35,6702.036924
-42.0,23,6702.444983
-35.37,32,6703.025285
37.86726,27,6703.475291
-35.66,31,6703.97387
-42.0,24,6704.367126
-45.0,16,6704.622937
-41.27,29,6705.10767
-33.0,29,6705.622085
-36.0,45,6706.400401
-35.48,126,6710.155528
-38.92,27,6710.701802
-35.91,40,6711.404921
-47.88,24,6711.772283
-37.67,30,6712.275139
-32.91,29,6712.948315
-43.31,24,6713.416409
35.275982,26,6713.964
-38.82,30,6714.493194
-41.09,24,6714.873278
32.448718,38,6715.51956
-42.0,28,6715.97936
-38.79,33,6716.507187
-35.09,31,6717.049782
-38.71,31,6717.606544
-41.03,21,6717.974016
-39.0,23,6718.397453
-35.71,33,6720.758654
-32.75,32,6721.151029
-44.14,19,6721.431993
-34.6,41,6722.037778
-37.77,28,6722.507924
-38.19,28,6722.99072
-44.56,32,6723.524512
-37.61,45,6724.289834
-38.51,32,6724.866018
-35.31,32,6725.403028
-38.29,24,6725.824704
-44.21,24,6726.264403
-38.57,27,6726.716014
-47.88,23,6727.101343
-32.5,33,6727.715918
-41.36,31,6728.234121
-41.33,26,6728.654999
-38.38,36,6731.157835
32.295019,28,6731.520426
-32.64,38,6732.040296
-38.84,35,6732.612567
34.932,27,6733.057602
-32.02,32,6733.605985
-32.15,31,6734.123961
-39.0,23,6734.526033
-44.91,18,6734.848716
-38.21,32,6735.396867
-32.44,39,6736.083724
-35.72,27,6736.715647
-35.23,34,6737.314048
35.907258,29,6737.808978
34.869149,30,6738.298236
-39.0,26,6738.845901
-40.54,20,6739.324244
38.551331,29,6739.785434
-32.88,33,6742.121651
-38.02,22,6742.372396
-35.1,36,6742.845855
-35.31,36,6743.438087
-39.0,26,6744.517578
41.65442,27,6744.975442
-41.57,23,6745.393381
-41.8,27,6745.845356
-32.71,28,6746.341711
-44.92,25,6746.758512
-41.37,29,6747.226306
-36.0,29,6747.714092
-34.68,23,6748.18222
-42.0,17,6748.484988
32.55298,32,6749.018955
-35.69,27,6749.451643
-39.0,28,6749.934051
-41.74,36,6750.519176
-44.02,20,6752.647712
-42.0,21,6752.922997
38.368243,27,6753.330773
-35.68,28,6753.80907
-41.71,21,6754.139787
-44.35,20,6754.482865
35.454902,36,6755.085043
-36.0,36,6755.719921
-41.91,24,6756.109697
-38.5,27,6756.564081
35.018986,32,6757.074078
-38.51,30,6757.647618
-41.7,24,6758.068139
-35.88,39,6758.775458
-35.2,30,6759.297168
-35.81,32,6759.846722
-44.46,24,6760.251823
-41.74,32,6760.80414
-40.84,38,6763.181231
33.0,26,6763.684915
-38.84,23,6764.079146
-41.14,20,6764.422665
34.352979,31,6764.936723
-40.97,20,6765.265577
-41.0,27,6765.832488
-42.37,19,6766.268466
-38.84,24,6766.65597
-41.22,36,6767.277722
-41.47,29,6767.817282
-41.53,29,6768.265378
-37.32,23,6768.645699
-32.24,30,6769.147771
-42.0,30,6769.640549
-35.1,26,6770.096919
-41.61,19,6770.459573
35.268482,27,6770.893911
-35.58,33,6771.510926
-38.72,30,6773.939567
-43.79,31,6774.36541
-41.56,23,6774.701383
-35.44,39,6775.348753
-32.74,30,6775.883495
-35.54,29,6776.429128
-38.41,28,6777.023541
-32.87,31,6777.561353
-44.42,23,6777.94833
-40.9,43,6778.665925
-32.6,35,6779.262027
-41.72,22,6779.657961
-38.58,17,6779.909333
40.226688,19,6780.265868
-41.18,38,6780.919811
-32.91,27,6781.378502
40.267704,25,6781.819831
-42.74,30,6782.350458
-46.57,17,6782.638484
-43.57,27,6784.832361
33.0,33,6785.292788
-38.69,27,6785.700695
-35.47,40,6786.412481
-38.88,28,6786.877061
-32.03,29,6787.382931
-42.0,21,6787.902773
-41.64,31,6788.549129
32.409594,45,6789.311543
35.188525,25,6789.727667
32.075529,32,6790.289763
-45.0,26,6790.714993
-44.14,32,6791.264484
-37.2,31,6792.048531
-35.7,25,6792.510262
-38.91,27,6792.994409
-45.0,14,6793.199855
32.440741,31,6795.48137
35.482636,24,6795.839474
-39.0,33,6796.29879
-34.95,43,6796.961485
-36.0,26,6797.400138
-41.17,22,6797.761871
-32.88,38,6798.454549
-39.0,35,6799.020715
-38.86,44,6799.761734
-35.8,26,6800.163156
-38.41,22,6800.532558
-36.0,28,6801.004872
-38.45,31,6801.566129
-44.05,21,6801.954984
-32.81,30,6802.463195
-41.39,24,6802.864564
-37.61,31,6803.387136
-40.97,26,6805.585158
32.556122,34,6806.027317
-39.0,21,6806.340872
-44.17,22,6806.60728
-32.27,28,6806.975289
32.902778,26,6807.386594
-36.0,23,6807.784159
-41.53,24,6808.254254
-42.0,18,6808.56586
-32.07,34,6809.139802
-37.04,48,6810.059542
38.036437,24,6810.481428
-36.0,27,6810.880458
-44.08,24,6811.281311
-44.88,16,6811.559095
-44.56,19,6811.885412
-32.16,41,6812.618469
-38.24,26,6813.271881
-42.0,24,6813.726869
-45.0,24,6814.153752
-41.63,32,6816.435973
-38.76,24,6816.768927
34.471316,27,6817.127061
-41.33,20,6817.409876
-38.44,31,6817.82168
-35.16,22,6818.184727
-35.1,30,6818.69108
37.434949,27,6819.398059
-39.0,18,6819.718411
-40.32,27,6820.256378
-36.0,31,6820.773978
-37.64,32,6821.375667
-47.8,29,6821.845595
-42.0,25,6822.289483
-41.19,34,6822.861923
35.517483,30,6823.351852
-41.91,27,6823.801361
-37.32,21,6824.158075
-38.54,24,6824.511744
-40.85,32,6826.832312
35.268482,23,6827.17083
-35.85,28,6827.586896
-37.42,34,6828.030077
-37.79,25,6828.396016
-40.4,31,6828.767528
-41.4,20,6829.072375
-32.65,28,6829.519727
-38.59,31,6830.053745
-35.62,34,6830.590095
-36.0,32,6831.132828
-41.05,20,6831.450504
35.279528,25,6831.881924
38.802469,23,6832.226259
-42.0,20,6832.592185
-35.84,23,6833.032633
-32.86,29,6833.474991
-35.79,35,6833.98542
-47.05,23,6834.403642
-41.6,23,6836.671631
-38.05,48,6837.419791
-38.87,26,6837.824198
-40.92,36,6838.294365
-38.8,21,6838.606272
-39.0,25,6838.942571
-35.28,29,6839.375576
34.198746,31,6839.91926
-36.0,28,6840.534878
-35.13,31,6841.143886
-35.43,28,6841.618253
-39.0,20,6841.952734
-44.08,25,6842.407709
35.599291,35,6842.989078
39.767418,32,6843.572335
-38.32,26,6844.222575
-35.48,40,6844.890748
-39.0,34,6847.324105
-44.19,20,6847.651961
-38.18,31,6848.126401
31.6841,42,6848.714749
35.690037,35,6849.18311
-34.54,23,6849.50258
-38.25,25,6849.861412
-41.21,29,6850.360975
-44.59,31,6850.890858
41.113402,22,6851.272894
-41.57,20,6851.581734
37.854545,22,6851.985603
-39.0,28,6852.487404
-35.42,29,6852.963796
-44.55,21,6853.312053
-36.89,25,6853.803151
-44.17,12,6854.034172
-38.5,36,6854.675006
-39.97,19,6854.978988
-38.91,22,6857.118496
-38.19,29,6857.576481
-41.41,24,6857.958399
-38.57,28,6858.384456
38.362069,30,6858.80026
-41.47,22,6859.09432
-35.53,28,6859.471121
-36.0,32,6859.905635
-34.86,37,6860.394863
-40.86,19,6860.733304
-41.65,23,6861.120785
35.68915,31,6861.640829
-35.15,31,6862.151002
-38.5,20,6862.500936
-38.51,32,6863.018652
-38.69,25,6863.44896
-38.58,21,6863.83211
-41.68,22,6864.229764
-36.0,26,6864.65493
-41.42,19,6864.994344
-39.0,21,6867.153825
-44.51,19,6867.460705
-35.7,30,6867.958763
-35.25,37,6868.593524
-41.83,28,6869.064376
-38.92,27,6869.427979
41.291667,27,6869.766554
-40.35,28,6870.379599
-44.7,31,6870.847921
32.529825,35,6871.345252
-35.76,33,6871.904064
-39.0,21,6872.258301
-41.89,34,6872.802715
-41.17,20,6873.19017
-39.0,47,6873.997154
-40.72,22,6874.396581
32.959854,78,6877.599066
-41.21,21,6877.931952
37.659668,27,6878.387933
32.007752,29,6878.878942
33.0,38,6879.517429
-38.55,24,6879.87788
-35.78,28,6880.253077
38.43346,25,6880.612872
-32.63,30,6881.021739
-38.15,27,6881.384053
-32.69,28,6881.810845
-35.53,29,6882.306109
-35.8,32,6882.824134
-38.16,32,6883.428382
-38.75,23,6883.822953
34.486109,35,6884.398146
-35.88,33,6884.947601
-38.53,28,6885.389416
-41.82,19,6887.535617
32.261029,25,6887.957052
-44.07,22,6888.353534
32.204947,30,6888.870174
-41.86,27,6889.314017
-39.0,24,6889.71091
-36.0,33,6890.237319
-35.05,32,6890.662578
-41.54,23,6890.983839
32.161616,29,6891.534564
-38.63,30,6892.154321
-41.96,24,6892.56375
-38.62,23,6892.940069
37.937593,25,6893.35064
32.292517,63,6894.485291
-45.0,41,6895.172999
-32.4,32,6895.701607
-33.0,31,6898.317266
-38.96,28,6898.800663
-41.41,24,6899.200636
-43.3,31,6899.725327
-36.7,39,6900.390986
-38.36,29,6900.805269
-39.0,23,6901.127477
-38.42,25,6901.525406
35.521739,35,6902.074261
-32.23,31,6902.51362
32.020576,32,6902.953295
-38.2,22,6903.43754
-40.06,28,6903.928247
-38.75,35,6904.539287
-39.0,17,6904.799722
-35.17,41,6905.475817
32.537143,29,6905.991225
-36.0,39,6908.492611
-34.92,33,6909.048292
-34.87,34,6909.628518
-38.76,29,6910.117224
-38.05,31,6910.646861
-36.0,29,6911.126967
-32.65,35,6911.651037
40.313186,22,6911.986891
-38.61,26,6912.328256
-35.21,39,6912.866346
34.895998,26,6913.199218
-39.0,24,6913.516472
-41.46,29,6913.985925
-34.97,28,6914.435091
-35.58,43,6915.121631
-39.0,27,6915.58675
-44.92,28,6916.049188
36.0,28,6918.391439
-42.0,27,6918.957322
-32.88,49,6919.765965
35.245223,27,6920.214982
-38.8,26,6920.624697
35.321678,27,6921.134681
-38.01,23,6921.521113
34.320833,28,6921.984406
34.679432,32,6922.755841
-41.09,27,6923.186161
-40.92,33,6923.699617
-42.0,20,6923.997603
-40.95,22,6924.288391
-38.89,24,6924.665156
-39.0,50,6925.472368
-38.81,31,6926.043023
-36.0,30,6926.545593
41.018416,19,6926.828029
-43.0,34,6929.320319
35.772727,31,6929.826611
-38.69,33,6930.355796
-39.0,29,6930.875074
-32.45,38,6931.507477
32.064815,40,6932.182835
-44.01,22,6932.542092
-34.61,32,6933.011765
-35.76,34,6933.473508
32.405405,36,6933.964426
-38.42,23,6934.303639
32.427481,36,6934.791968
-37.4,34,6935.388473
-36.0,37,6935.992363
35.59507,26,6936.415119
-41.69,27,6936.812762
-41.61,32,6939.376075
-38.61,27,6939.891265
-32.91,31,6940.438517
-35.77,35,6941.119321
-38.5,27,6941.580664
-40.71,25,6942.034212
-38.45,24,6942.441914
-33.0,29,6942.936344
-41.24,24,6943.322532
-37.78,29,6943.724451
-38.03,27,6944.411966
-41.5,25,6944.787007
-32.69,46,6945.497691
-37.69,27,6945.988103
-32.64,30,6946.51377
-41.31,32,6947.059453
32.38,30,6947.550799
-41.6,22,6949.843992
-35.26,29,6950.36301
-40.51,27,6950.809124
-44.22,18,6951.140318
-37.83,33,6951.70467
-41.4,27,6952.177801
-32.5,37,6952.782293
-41.57,86,6954.235554
38.50566,20,6954.491627
-43.6,33,6954.960109
35.901639,32,6955.381042
-38.09,27,6955.725671
38.085603,33,6956.184135
-35.6,28,6956.621475
-44.78,24,6957.062239
-41.27,30,6957.627074
-42.0,21,6957.976692
-41.46,22,6960.257567
-40.33,27,6960.715183
-38.47,31,6961.228059
-40.61,28,6961.699988
-38.86,27,6962.208353
-36.0,25,6962.637925
-40.57,25,6963.047117
-43.5,23,6963.420275
-35.11,24,6963.804789
-35.71,26,6964.257236
-41.68,25,6964.670747
32.877778,32,6965.143187
32.051661,28,6965.503214
35.288591,27,6965.895788
-38.82,28,6966.279665
36.0,28,6966.679155
-44.67,21,6967.018734
32.528428,43,6967.683268
-44.26,29,6970.008178
-32.72,29,6970.462744
-32.23,35,6971.114138
-33.0,32,6971.760569
-35.32,25,6972.198304
-41.49,22,6972.527128
-44.43,72,6974.757694
-35.91,27,6975.209562
-35.12,27,6975.659326
-38.63,19,6975.990819
-41.11,25,6976.421079
-38.34,22,6976.737054
-41.48,27,6977.310983
42.376253,23,6977.604277
34.545139,20,6977.848484
35.110976,28,6978.182716
-40.86,24,6978.4849
-39.0,22,6978.780694
-38.1,25,6979.182545
-38.0,27,6981.564324
-42.0,22,6981.937046
-35.62,26,6982.38318
-41.8,23,6982.764699
-44.28,20,6983.102626
-32.53,31,6983.613816
-39.0,23,6984.204575
-42.92,21,6984.570831
-41.75,29,6985.059857
-42.0,24,6985.474665
-35.31,27,6985.949316
-35.91,27,6986.357594
-38.0,30,6986.891599
-36.0,28,6987.271365
-41.66,28,6987.628038
-35.24,33,6988.047945
-35.41,29,6988.397785
-46.73,25,6988.707375
32.041322,36,6989.68207
-37.9,27,6992.218287
32.270161,40,6992.947637
-36.0,23,6993.363665
-32.05,33,6993.951113
38.005535,31,6994.513927
-38.63,35,6995.139986
-41.08,21,6995.475962
-38.12,23,6995.864923
-42.0,20,6996.233539
-41.0,22,6996.597963
-35.31,30,6997.225319
-37.79,31,6997.764319
-38.43,30,6998.120506
35.304636,34,6998.54119
-41.58,40,6999.026058
-32.22,33,6999.443777
-41.06,26,6999.880603
-38.21,21,7000.216588
-41.42,26,7002.73456
-41.08,25,7003.132392
-43.4,17,7003.457309
37.843702,25,7003.886651
-44.3,32,7004.492491
-35.72,31,7005.009167
-43.69,24,7005.465014
-38.15,30,7006.113202
34.412194,30,7006.626165
-44.21,24,7007.286391
32.051471,35,7007.858637
-34.61,29,7008.324919
38.544402,26,7008.657156
-38.78,28,7009.025757
-44.62,20,7009.267389
-41.02,21,7009.515226
-42.0,24,7009.834484
-41.31,22,7010.092015
-41.29,21,7010.40573
-39.0,24,7010.878649
-46.68,27,7013.490862
-38.3,24,7013.912582
-41.23,27,7014.370392
-40.18,25,7014.807467
-44.43,26,7015.235494
-37.51,26,7015.679361
-35.43,30,7016.231083
38.462963,27,7016.738338
-32.91,41,7017.429876
-42.0,17,7017.726577
32.823293,30,7018.220462
-42.0,29,7018.671129
-39.0,28,7019.058116
-38.73,30,7019.422357
-35.97,26,7019.747072
-38.02,28,7020.070792
-40.54,17,7020.269022
-35.76,26,7020.622596
-38.04,25,7021.019578
-36.0,24,7023.263533
-37.97,35,7023.816182
-33.0,35,7024.385762
-35.07,26,7025.05053
-38.07,38,7025.645517
35.182156,21,7025.98704
-38.83,31,7026.514287
-38.29,30,7027.023031
37.534574,32,7027.735294
-35.62,22,7028.106196
-41.13,32,7028.675762
-32.45,36,7029.18227
-44.73,21,7029.497985
-38.68,23,7029.837134
-42.0,20,7030.123319
-44.09,30,7030.552464
-37.73,31,7030.976085
-32.07,29,7033.262031
-38.52,46,7034.008718
-38.26,28,7034.373689
-41.54,29,7034.885777
-41.88,24,7035.336597
32.510121,33,7035.916839
-41.82,30,7036.419354
-40.88,25,7036.847627
-41.91,30,7037.354567
-37.68,26,7037.795305
32.060498,41,7038.556897
32.707165,28,7038.974019
-39.0,36,7039.486388
-34.94,35,7040.008403
33.0,36,7040.517357
32.096273,38,7041.027825
-41.1,26,7041.3729
-37.73,23,7043.637876
32.012461,27,7044.112088
-35.84,82,7045.551478
-41.44,24,7045.940398
-33.0,26,7046.385228
37.591514,29,7046.933857
-38.67,20,7047.28001
-41.39,21,7047.633492
-35.76,39,7048.27115
-41.26,24,7048.678496
-41.31,28,7049.106136
-42.0,24,7049.457489
-37.71,27,7049.829757
-41.08,31,7050.561611
-38.24,32,7051.083776
-42.0,33,7051.522845
32.75,43,7054.124837
32.441077,41,7054.715796
-38.07,22,7055.091566
-36.0,31,7055.593289
-41.71,77,7056.83765
-39.0,31,7057.404681
-35.46,26,7057.842564
-39.0,23,7058.242348
-40.93,25,7058.691258
-30.0,43,7059.432764
-38.53,37,7059.966227
-41.05,25,7060.7716
-39.0,49,7061.543272
-43.89,27,7062.007993
-41.25,34,7062.528222
-39.0,20,7064.760588
-34.54,29,7065.273288
-38.2,27,7065.714894
-41.73,25,7066.139903
32.241509,37,7066.759462
-44.38,43,7067.633934
-38.21,28,7068.095803
-40.78,22,7068.44828
-38.48,34,7069.084578
-40.57,20,7069.412282
-32.26,41,7070.044713
-44.28,31,7070.466292
34.912098,29,7070.908392
-38.36,36,7071.563786
-44.59,17,7071.871469
-44.57,26,7072.251665
35.165385,37,7072.960643
-43.7,34,7075.39557
-41.68,20,7075.764229
35.113821,33,7076.292401
-41.51,29,7077.000743
-38.51,35,7077.592071
-43.29,41,7078.296856
-38.27,26,7078.725199
-44.23,27,7079.186563
34.520962,27,7079.628235
-43.72,22,7080.237823
-35.45,74,7081.309417
-37.68,30,7081.808299
-37.62,26,7082.260315
-41.76,18,7082.578048
33.0,42,7083.286089
-38.49,28,7083.718257
-41.17,28,7086.082684
-38.37,30,7086.591851
-44.75,18,7086.874249
37.677537,28,7087.344023
-39.0,25,7087.780677
37.420761,26,7088.21514
-41.39,30,7088.71578
-45.0,19,7089.024163
-43.96,35,7089.600353
-41.18,27,7090.008064
-43.6,25,7090.400169
34.268245,32,7090.866983
-42.0,42,7091.525119
-46.19,36,7092.115823
-43.7,35,7092.698071
-41.79,28,7093.155877
-38.61,20,7093.496536
37.450757,22,7093.863984
-41.71,23,7096.023273
-36.0,35,7096.722927
-39.0,19,7097.030829
-41.75,25,7097.501642
35.461538,31,7098.033578
-45.0,32,7098.559404
-38.82,36,7099.135152
-47.02,15,7099.386549
-38.12,30,7100.378654
-35.22,23,7100.718205
-35.41,24,7101.057712
37.521474,29,7101.480684
-46.67,25,7101.845722
35.42963,26,7102.241924
-41.58,17,7102.526047
-33.0,28,7102.98148
-41.19,27,7103.431679
-44.25,23,7104.070949
35.17623,27,7104.565199
-41.42,31,7105.077967
36.826116,39,7107.799798
-38.91,25,7108.215377
-39.0,24,7108.58681
35.876596,21,7108.951961
-36.0,28,7109.409314
-36.0,29,7109.874521
-41.8,26,7110.355288
-38.61,28,7110.785859
-36.0,27,7111.164788
-39.0,21,7111.461973
-40.84,26,7111.856002
-41.71,22,7112.190315
-44.05,33,7112.678822
-32.22,35,7113.277076
-35.28,21,7113.55867
-38.73,24,7113.970964
-38.43,35,7114.564406
-32.81,44,7115.286721
-41.91,21,7117.435687
-35.65,25,7117.748431
33.0,29,7118.179257
35.321429,40,7118.862631
-36.0,22,7119.237472
-38.68,26,7119.714503
-32.44,41,7120.377027
-33.0,33,7120.883601
37.398218,28,7121.310018
35.012048,49,7122.004846
-44.46,20,7122.327201
-36.0,24,7122.692929
-43.7,17,7122.963544
-38.91,30,7123.503486
-39.0,30,7124.004346
-44.73,31,7124.529919
-37.76,31,7125.047108
-41.91,21,7125.422857
-32.01,57,7128.153544
-41.62,21,7128.50625
35.684211,27,7128.950666
-44.34,23,7129.345298
-41.52,32,7129.911484
33.0,31,7130.680895
-39.0,25,7131.116783
-41.45,32,7131.620708
-35.79,27,7132.084113
-48.0,24,7132.448563
32.489437,28,7133.129704
-32.79,28,7133.635047
34.952778,48,7134.411384
-32.19,24,7134.825067
-35.32,29,7135.304332
-38.14,27,7135.788448
-32.94,30,7138.301415
-38.49,28,7138.668813
32.530864,35,7139.153926
-37.5,27,7139.608948
-39.0,28,7140.096788
-35.56,33,7140.773628
-39.0,21,7141.115381
-38.27,23,7141.444067
32.269091,33,7141.92885
-35.45,27,7142.358332
-32.79,37,7142.902004
-38.04,29,7143.375628
-32.32,31,7143.869537
-47.3,14,7144.1077
-32.38,31,7144.673309
-35.22,20,7145.031411
-38.91,25,7145.451306
32.886598,46,7146.24885
-38.27,26,7148.548913
32.453815,26,7148.838598
-43.96,16,7149.293438
-35.09,30,7149.785656
-32.7,38,7150.499845
-41.85,24,7150.957997
32.008361,37,7151.536545
-35.2,25,7151.907347
-38.38,36,7152.455271
35.252964,34,7152.970212
-41.66,17,7153.256241
-38.61,32,7153.781538
-38.33,28,7154.262561
-35.57,33,7154.847621
-44.42,20,7155.172967
-41.04,24,7155.604203
-38.19,32,7156.133326
-38.59,27,7156.726007
-35.52,25,7157.229903
-38.11,24,7159.489177
-35.38,31,7159.89038
-35.58,28,7160.293605
36.0,24,7160.598651
-38.01,29,7161.057603
-38.31,22,7161.478997
-35.51,30,7161.927378
-35.02,26,7162.298342
-39.0,29,7163.451822
-41.57,33,7163.989383
33.0,29,7164.472779
-38.48,31,7164.981604
-41.39,24,7165.377172
-39.0,23,7165.740507
-35.67,40,7166.402974
-44.72,29,7166.987632
40.138265,26,7167.451515
-38.99,25,7167.862411
-41.56,30,7170.224579
35.173077,38,7170.748619
35.060693,31,7171.174734
-35.25,30,7171.546571
-36.0,24,7171.858291
-41.75,36,7172.372513
-41.86,24,7172.715356
-35.84,26,7173.125135
34.348539,26,7173.578649
-41.61,24,7174.00088
-38.43,25,7174.424202
-41.42,31,7174.955172
-38.9,24,7175.352182
-38.18,27,7175.87952
-41.2,36,7176.541592
-42.0,29,7177.047605
-44.63,23,7177.413278
-39.0,31,7177.934906
-33.0,30,7180.400959
-38.83,25,7180.755617
-41.98,20,7181.036095
-44.62,16,7181.29186
32.549669,25,7181.595099
-44.61,37,7182.025317
37.958955,30,7182.45532
-41.12,19,7182.736688
-41.16,27,7183.121581
-38.9,31,7183.593844
-35.37,28,7184.374323
-42.0,23,7184.924464
-37.79,28,7185.380558
-33.0,30,7185.873785
-38.2,25,7186.339802
32.754658,31,7186.838554
32.19214,33,7187.467471
-41.49,29,7187.955159
-31.96,38,7190.520764
-41.09,33,7191.048245
-38.32,21,7191.337063
35.468992,32,7191.765968
-42.0,28,7192.127452
-35.43,28,7192.466285
-36.0,28,7192.780954
-39.0,27,7193.154383
-32.39,25,7193.556728
30.0,35,7194.051595
32.105455,33,7194.638791
-38.67,23,7195.122542
35.562992,42,7195.865864
-32.47,27,7196.336395
-40.58,19,7196.644483
-40.19,27,7197.084405
-41.02,22,7197.436751
-38.13,26,7197.849628
-44.66,21,7198.199811
-38.14,27,7200.594035
-44.73,19,7200.898821
-38.68,23,7201.3032
-39.0,32,7201.992493
-41.73,31,7202.410584
-35.88,35,7202.795289
-44.19,22,7203.081598
-41.17,29,7203.435322
35.403774,29,7203.791837
-41.16,29,7204.193481
40.376743,22,7204.525537
-35.68,24,7204.892701
-35.33,51,7205.728046
-38.03,32,7206.419197
-41.61,29,7206.875929
-43.83,20,7207.255235
-35.3,30,7207.757826
-32.09,26,7208.191954
-35.84,36,7211.176219
-41.25,16,7211.416086
-38.76,34,7212.003545
-38.48,30,7212.499127
33.0,33,7212.995535
-42.0,22,7213.308901
-44.7,19,7213.536824
-44.49,32,7213.959249
-44.88,24,7214.242802
-41.67,34,7214.661242
-44.38,24,7215.005896
-34.73,28,7215.470539
-44.12,20,7215.809383
-39.0,30,7216.30595
-44.13,22,7216.705721
-38.32,21,7217.084653
-35.92,55,7217.990902
-35.01,73,7221.16026
35.314961,50,7222.044597
-43.78,25,7222.477992
-38.88,28,7222.961903
-38.42,34,7223.490198
-38.06,25,7223.819673
-44.45,19,7224.041274
-41.08,25,7224.33642
-35.71,27,7224.687223
-35.43,25,7226.133511
-42.0,24,7226.489245
34.852715,29,7226.976432
-47.35,21,7227.397075
40.185757,20,7227.756924
-39.0,18,7228.050534
-36.0,29,7228.534224
-38.2,30,7229.049259
-32.77,28,7229.521104
-39.0,19,7229.857582
-36.0,32,7232.343268
-44.75,23,7232.780117
-33.0,37,7233.392329
33.0,28,7233.796316
-41.5,25,7234.097974
-38.08,35,7234.505682
-44.91,42,7235.369569
-35.43,31,7235.928711
-41.06,31,7236.722311
-40.96,27,7237.412108
-41.16,31,7238.031816
-44.5,30,7238.536645
-44.3,16,7238.826653
33.0,25,7239.228772
-41.12,49,7240.055633
-36.0,82,7243.140609
32.205426,31,7243.462665
-40.95,30,7243.985771
-35.23,30,7244.470848
-32.11,33,7245.028646
-44.98,21,7245.273689
38.40559,27,7245.593149
32.252918,29,7245.946596
-44.42,19,7246.15426
-41.21,39,7246.625823
33.0,32,7247.069319
-41.62,26,7247.483418
-37.68,26,7247.939182
-41.68,22,7248.334318
-44.35,28,7248.868102
-40.81,35,7249.474963
-44.38,21,7249.735465
-38.64,28,7250.19771
-41.72,30,7252.659423
-32.53,35,7253.25227
33.0,34,7253.797602
-35.5,27,7254.250341
-41.22,24,7254.659944
-44.38,32,7255.206311
32.258278,32,7255.67855
-41.33,23,7255.958036
-35.61,33,7256.353704
-33.0,24,7256.656087
-39.0,22,7256.927413
-37.75,28,7257.286842
-32.81,43,7257.986385
-40.16,26,7258.431077
-32.21,33,7258.968917
36.0,30,7259.466156
-44.31,20,7259.809925
-35.72,26,7260.250507
-45.0,29,7262.879665
-38.91,23,7263.278244
33.0,33,7264.121006
-38.83,36,7264.731088
-41.02,24,7265.156347
-41.52,24,7265.587959
-35.72,23,7265.972338
-37.49,36,7266.537951
32.338235,26,7266.872819
-41.86,25,7267.194946
-35.2,32,7267.547524
32.709184,27,7267.890369
-35.37,34,7268.304725
-33.0,32,7268.787019
40.847272,28,7269.270178
-32.17,39,7269.990967
-32.37,35,7270.540747
-41.19,25,7273.026389
32.418605,46,7273.823859
-38.54,32,7274.369395
35.589928,28,7274.826713
-39.0,32,7275.359432
-39.0,26,7275.773306
-44.04,22,7276.172837
-38.46,25,7276.5683
32.297794,36,7277.120512
32.652866,29,7277.43766
-41.22,21,7277.708744
-38.1,27,7278.065264
30.0,30,7278.458703
-35.62,31,7278.885799
-38.34,31,7279.419228
-41.56,40,7280.086247
-41.26,23,7280.468034
32.363014,31,7282.901432
-32.81,43,7283.604317
-38.5,23,7283.990871
-38.53,64,7285.127682
-38.2,25,7285.556751
-40.84,26,7285.990092
-36.0,32,7286.497396
-44.12,23,7286.825225
-36.0,40,7287.379444
-39.0,27,7287.721325
-35.91,23,7288.000084
-38.11,24,7288.291996
-34.99,39,7288.913662
38.556727,28,7289.583973
33.0,30,7290.195174
-36.0,27,7290.6523
32.171103,33,7293.142383
-46.11,16,7293.437546
-44.04,24,7293.872732
-38.52,21,7294.234766
-41.06,20,7294.617332
-33.0,39,7295.271008
37.129507,31,7295.800378
-41.8,22,7296.187499
35.508197,35,7296.780173
-38.56,28,7297.287368
-32.19,48,7297.993827
-35.2,31,7298.418716
-35.51,28,7298.770626
-38.32,27,7299.173024
-41.46,20,7299.474229
-41.62,29,7299.855664
39.0,22,7300.35982
37.471965,30,7300.864914
-35.88,35,7303.46345
-38.44,24,7303.859396
-44.81,21,7304.227502
-41.22,33,7304.808777
-32.38,28,7305.299255
32.231707,39,7305.940737
-35.67,45,7306.763768
-41.32,34,7307.311854
-35.17,34,7307.815163
-41.45,18,7308.090895
32.178182,30,7308.479621
35.92,29,7308.878779
-32.69,39,7309.367503
-33.0,33,7309.814146
-38.2,32,7310.266328
-35.35,33,7310.811256
-38.84,49,7313.608135
-32.34,35,7314.192926
-36.0,29,7314.925495
-32.26,35,7315.828508
-39.0,25,7316.254502
-44.18,19,7316.571883
-36.0,28,7317.029054
-41.83,20,7317.380229
-41.83,26,7317.816982
-47.18,19,7318.094325
-38.14,29,7318.525942
-40.61,24,7318.866379
-34.77,40,7319.396201
-35.16,32,7319.828356
35.67623,30,7320.240128
-41.62,25,7320.611365
-38.4,28,7321.000034
-44.48,26,7321.437612
-32.26,36,7324.190195
-36.0,54,7325.150543
35.273038,25,7325.637053
-41.24,37,7326.305808
-40.21,20,7326.650605
-38.85,23,7327.063118
-32.6,31,7327.632453
-32.8,35,7328.276351
-35.71,37,7328.78759
-37.91,35,7329.331462
-37.45,23,7329.614969
-41.62,18,7329.844971
-42.0,29,7330.252641
-41.28,29,7330.64164
-43.73,24,7330.984448
-36.0,38,7331.683257
-41.05,28,7332.155446
-41.31,26,7334.549552
-39.0,31,7335.073188
-41.38,22,7335.429465
-40.72,28,7335.921442
-44.4,24,7336.35857
-34.81,25,7336.803209
-37.54,29,7337.282264
-38.14,25,7337.706619
38.04943,25,7338.245564
-33.0,27,7338.681252
-44.01,22,7339.109874
-41.17,21,7339.427262
-32.43,29,7339.836818
-41.53,24,7340.436239
-40.59,33,7340.851106
32.903475,31,7341.491141
-41.47,17,7341.725969
-38.06,22,7342.035026
-43.38,29,7342.586539
-44.62,19,7343.063028
-42.0,24,7345.47213
-38.32,42,7346.200968
32.020243,43,7346.950256
-38.22,26,7347.391226
32.248276,28,7347.855547
-38.5,26,7348.293828
32.503311,37,7348.999919
-36.0,23,7349.450222
35.511364,30,7349.888715
-40.05,26,7350.283012
-41.6,29,7350.696134
-41.92,31,7351.120482
-35.29,37,7351.610258
-35.81,29,7352.023291
34.38248,33,7352.46198
-37.88,46,7353.163403
-41.81,23,7353.560004
-38.84,26,7355.926356
-32.49,29,7356.246464
-38.53,21,7356.637045
32.188552,35,7357.238167
-38.27,29,7357.743938
-44.95,43,7358.516799
-32.69,33,7359.099016
-38.62,24,7359.525044
-35.3,28,7359.99054
-41.34,30,7360.419007
-39.0,50,7361.118269
32.444444,35,7361.637423
-44.85,26,7361.980558
-38.05,26,7362.339981
32.418182,33,7362.788356
-33.0,28,7363.174749
-38.71,28,7365.588333
-42.0,25,7366.044161
-38.25,25,7366.434333
-41.64,30,7367.030159
34.588715,25,7367.601382
-44.88,27,7368.107763
-41.36,21,7368.658203
-39.0,25,7369.097797
-38.96,27,7369.552427
32.304196,57,7370.448234
34.916206,38,7371.015883
37.231124,40,7371.603525
-39.0,29,7372.035719
-43.37,23,7372.424333
-35.99,27,7372.797359
-41.67,22,7373.104752
-41.2,38,7373.841958
-37.78,25,7376.114889
-32.35,34,7376.722647
-38.99,22,7377.108415
-32.83,34,7377.660293
-38.24,29,7378.169957
-36.0,30,7378.672867
-32.49,35,7379.238284
-41.39,27,7379.708328
-41.52,27,7380.145011
-32.15,33,7380.674534
32.645669,35,7381.186377
-38.47,21,7381.504993
-32.69,26,7381.856083
-40.82,30,7382.291867
-32.23,30,7382.751971
-32.36,28,7383.142475
-44.14,25,7383.492682
-38.66,22,7383.781643
-32.41,31,7386.396115
-35.81,26,7386.856472
-41.32,22,7387.210825
-36.0,23,7387.606917
-44.24,21,7387.95788
-36.0,27,7388.431333
-34.97,30,7388.951514
-41.33,20,7389.293265
-43.73,24,7389.700151
-35.51,34,7390.246003
-33.0,29,7390.663226
-36.0,25,7391.052694
-35.91,25,7391.545454
37.486758,27,7391.938051
43.67142,45,7392.853435
-36.0,28,7393.28182
-41.22,33,7393.732607
-41.32,26,7394.336974
-42.0,27,7394.739955
-41.72,33,7397.220212
-41.1,21,7397.584606
-41.33,27,7398.050897
-35.38,32,7398.54591
-40.77,21,7398.906945
38.483516,30,7399.421577
-41.8,29,7399.892026
-38.39,32,7400.402157
-38.63,35,7400.963564
-36.0,24,7401.308422
-39.0,28,7401.717933
-32.05,27,7402.116661
43.431634,26,7402.622313
-41.53,26,7403.058095
-38.37,27,7403.472235
37.6966,24,7403.785782
-38.35,47,7404.452024
-41.32,32,7404.897934
32.120344,53,7407.765177
-35.71,35,7408.327595
-35.23,30,7408.899921
-35.55,26,7409.309359
-45.0,20,7409.672575
37.585203,33,7410.316501
-38.61,19,7410.636921
-34.76,31,7411.084964
-46.93,28,7411.510267
-45.18,19,7412.009229
-38.04,25,7412.374936
-38.35,25,7412.752537
-38.22,41,7413.332054
35.630189,25,7413.754515
-41.6,32,7414.229376
-36.0,40,7414.827741
-38.75,26,7415.214874
-38.92,28,7417.619317
-33.0,27,7418.087904
-44.71,24,7418.497632
-35.68,30,7419.252096
-43.99,23,7419.657925
-40.96,21,7420.004142
-38.46,25,7420.639409
32.487097,28,7421.141344
-36.0,41,7421.741538
-38.83,27,7422.131567
-38.13,31,7422.568465
-35.15,34,7423.077306
-32.82,31,7423.608376
-37.71,28,7424.080738
33.951921,30,7424.53765
-36.0,44,7425.11514
-44.91,28,7425.494108
-34.69,40,7428.038628
-38.68,31,7428.597399
-39.0,26,7429.038689
-41.1,22,7429.429058
38.900641,22,7429.786747
-38.4,25,7430.194014
-32.27,28,7430.738767
34.33405,29,7431.314078
-37.55,31,7431.762511
-38.71,30,7432.181117
35.250883,26,7432.536224
-41.74,34,7433.08126
-38.14,27,7433.573519
-37.66,42,7434.372555
-44.04,29,7434.874254
34.928571,33,7435.334437
-42.93,20,7435.581246
-41.01,21,7435.865048
35.341564,33,7438.302196
34.793683,34,7438.855801
-32.4,31,7439.349894
-41.34,22,7439.720154
-33.0,26,7440.135854
-32.42,28,7440.702564
32.415323,43,7441.382314
34.117141,26,7441.764526
-36.0,34,7442.276203
32.931408,28,7442.675308
-41.61,24,7443.064661
-35.52,32,7443.6081
-38.19,29,7444.172259
32.144781,30,7444.645969
-41.3,22,7445.478253
35.551839,26,7445.892599
-32.51,31,7446.343946
-41.09,37,7448.644947
-41.41,29,7449.132457
-41.16,24,7449.5155
-39.0,22,7449.880213
35.115854,26,7450.331619
-32.69,25,7450.77658
-38.06,28,7451.277831
-36.0,26,7451.723485
32.031546,26,7452.16194
-41.88,35,7452.68301
-35.72,23,7453.00779
32.996226,30,7453.469192
-39.0,23,7453.798493
-38.28,34,7454.316924
-42.0,25,7454.736221
35.463235,28,7455.255871
-41.63,29,7455.739036
-38.35,25,7456.123769
-41.94,23,7456.43174
-39.0,34,7458.823668
-37.38,38,7459.463767
-41.61,24,7459.897912
37.363016,25,7460.306271
-43.97,23,7460.726674
32.47619,43,7461.47839
-35.21,27,7461.927138
38.902098,25,7462.238419
-44.12,25,7462.905236
-32.94,27,7463.293641
-38.86,30,7463.922045
-34.77,36,7464.466823
-36.0,30,7465.005574
33.994629,55,7465.91503
37.721237,30,7466.435942
-38.24,26,7466.87046
-39.0,31,7467.346721
-39.0,30,7469.662415
-38.76,40,7470.297876
-44.19,23,7470.677724
-34.78,26,7471.114101
-39.0,23,7471.85054
34.936562,27,7472.489449
-38.08,28,7472.916749
-38.11,31,7473.348806
-41.38,28,7473.786091
-38.42,26,7474.153319
-41.17,28,7474.581958
-44.6,19,7474.899698
-38.99,24,7475.378325
-42.0,19,7475.854384
-38.44,32,7476.502172
-41.68,26,7476.927115
-41.29,23,7477.395742
-40.91,28,7477.87256
38.102827,26,7478.343632
40.85506,29,7480.46701
-41.3,23,7480.82798
-36.0,30,7481.321618
-41.75,27,7481.761873
-39.0,23,7482.162779
-43.63,27,7482.609392
41.596026,22,7482.970347
-45.0,17,7483.247235
33.0,32,7483.857657
38.788732,24,7484.264713
-39.0,30,7484.67609
-43.67,25,7485.015409
-34.88,36,7485.514284
-38.66,27,7485.90371
-37.75,37,7486.522205
-38.25,26,7486.948922
-41.55,27,7487.440178
38.217949,27,7487.912893
-41.66,32,7488.449006
-39.0,50,7490.915132
32.625,28,7491.23167
-44.4,30,7491.763423
-37.8,28,7492.232787
-41.24,27,7492.680809
-38.78,48,7493.551234
-44.7,26,7493.968307
-41.7,29,7494.476431
-41.24,26,7494.848414
31.958621,29,7495.258612
-35.37,31,7495.708776
36.0,25,7496.05617
-38.38,23,7496.380493
-35.79,29,7496.886574
-38.27,44,7497.646723
-44.29,33,7498.60843
-33.0,33,7501.038959
31.615894,34,7501.509766
-32.42,31,7501.914154
-36.0,27,7502.313241
-32.91,34,7502.920196
-38.51,30,7503.413573
-35.84,47,7504.205338
-36.0,31,7504.708623
-32.28,27,7505.145895
-38.56,23,7505.494205
-35.6,38,7506.043968
-39.0,25,7506.420576
-36.0,28,7506.809402
32.305882,32,7507.277852
-42.0,25,7507.710173
-36.0,29,7508.167941
-44.79,18,7508.466327
-38.76,26,7510.734999
-36.0,26,7511.082039
-32.34,31,7511.5094
-47.47,23,7511.82235
-44.39,20,7512.095608
-34.35,34,7512.670603
-41.49,27,7513.109428
-41.8,26,7513.540278
-32.87,30,7514.045033
-38.71,46,7514.876198
32.477352,43,7515.491615
-35.85,32,7515.972982
-32.61,32,7516.430292
-44.73,17,7516.660168
-44.94,25,7517.037164
-46.92,16,7517.316784
37.604923,45,7518.079835
-35.98,37,7520.665489
-43.98,19,7520.931152
-41.39,28,7521.30612
-44.41,24,7521.630924
-39.0,27,7522.006801
-35.62,22,7522.290207
-47.04,36,7522.854219
-43.62,30,7523.58815
-43.73,26,7524.030778
-38.63,27,7524.724635
-35.09,29,7525.280192
35.411538,24,7525.633774
-42.0,21,7525.934551
-36.0,28,7526.310807
38.277956,33,7526.832479
-35.76,43,7527.490574
38.528814,19,7527.844091
32.681452,28,7528.310649
-40.63,24,7528.728145
-41.52,28,7531.155793
-41.74,23,7531.541998
-37.82,25,7531.873202
32.185771,27,7532.217451
-41.54,19,7532.495405
35.130564,26,7532.848406
-33.0,31,7533.257741
-38.57,34,7533.796581
-36.0,32,7534.327324
-41.96,23,7534.698616
-38.47,24,7535.136123
-38.12,27,7535.526939
-35.26,31,7535.931034
38.505455,26,7536.488812
-37.39,34,7537.017672
32.193916,31,7537.521966
-38.8,19,7537.832709
-41.8,19,7538.157848
-32.7,31,7538.642206
35.377622,28,7541.085453
-45.0,18,7541.400912
-38.92,23,7541.810336
32.541516,36,7542.264349
-35.73,52,7542.947987
-41.28,30,7543.376664
32.398601,35,7543.871468
-41.41,20,7544.125448
-38.66,23,7544.536477
36.856977,28,7545.036231
32.640625,34,7545.886747
-43.91,22,7546.225485
-40.51,25,7546.640497
-41.37,19,7546.950889
-41.71,21,7547.290051
-39.0,26,7547.703825
32.832579,39,7548.360892
-47.3,26,7549.045696
-35.74,25,7551.526475
-38.44,28,7552.016944
41.114173,18,7552.308491
35.054745,20,7552.66238
-32.28,28,7553.109026
31.849614,39,7553.640474
-41.2,23,7553.97618
-38.41,33,7554.436465
-41.47,25,7554.792795
-35.22,30,7555.22312
-44.27,18,7555.499864
-44.64,21,7555.800662
-44.23,22,7556.13976
38.441317,40,7556.722551
-38.48,29,7557.174106
35.214286,25,7557.599043
-41.35,19,7557.892087
-33.0,36,7558.512123
-36.0,28,7559.007255
-35.28,37,7561.55368
32.267606,48,7562.374375
-38.49,25,7562.798223
-44.67,24,7563.187495
-38.42,30,7563.649432
32.662963,35,7564.159371
-36.0,28,7564.539077
-39.0,33,7564.99115
-32.27,29,7565.32239
-32.73,33,7565.812077
-41.64,23,7566.156325
-38.9,31,7566.591243
-32.91,31,7567.04096
-41.47,34,7567.627487
-38.42,42,7568.337108
-32.22,29,7568.824968
35.525,24,7571.174562
-36.0,30,7571.645004
-32.29,27,7572.106517
34.298393,39,7572.720397
32.212014,26,7573.163185
-38.71,28,7573.635811
-35.78,31,7574.051948
-38.43,25,7574.621795
32.621528,33,7575.12945
-40.33,38,7575.888642
-38.02,34,7576.370808
-32.96,34,7576.864086
37.539152,31,7577.319646
-35.23,29,7577.785084
-37.5,23,7578.296354
-41.38,24,7578.725777
32.419847,26,7579.151511
-38.95,26,7579.620304
-38.2,43,7582.321634
-37.45,42,7583.051838
-38.33,25,7583.474848
-38.82,34,7584.017269
-40.6,29,7584.429641
-32.18,28,7584.819146
-38.39,45,7585.46623
32.67931,35,7585.928742
-38.62,22,7586.260559
-41.51,24,7586.622196
-39.0,34,7587.116003
-32.39,32,7587.630229
-38.91,26,7588.072395
-33.0,30,7588.605182
-41.0,21,7588.957491
-40.05,27,7589.425761
-40.71,25,7591.778509
-42.0,44,7592.457238
-41.39,23,7592.849011
-35.62,33,7593.438086
37.626073,25,7593.862121
-44.29,30,7594.316672
-38.55,34,7595.033719
-39.0,60,7595.882348
-38.81,35,7596.367582
-47.54,22,7596.735618
39.989715,28,7597.127739
-38.04,26,7597.573292
-35.96,37,7598.151804
-45.0,29,7598.596303
-32.38,29,7599.102173
-35.37,27,7599.5393
-41.33,23,7599.957762
-40.56,28,7602.359465
-35.59,22,7602.722759
-41.25,26,7603.17809
-38.61,24,7603.569845
-35.5,38,7604.285264
-38.7,43,7605.013543
-41.11,32,7605.484703
-32.95,32,7605.958858
-46.48,25,7606.333411
-33.0,31,7606.880572
40.930226,22,7607.198925
-35.67,29,7607.588072
-35.89,27,7607.994948
-35.42,33,7608.484609
-32.88,29,7608.961714
32.418868,42,7609.728344
-41.27,34,7612.252832
-38.69,25,7612.752739
-37.81,24,7613.157984
-34.96,29,7613.774941
-44.32,17,7614.082838
38.638577,26,7614.509856
-42.0,33,7615.034106
-41.2,33,7615.568886
-41.78,25,7615.925746
-38.86,24,7616.281274
-39.0,28,7616.661206
-38.16,22,7616.955117
35.539783,22,7617.219872
-41.45,108,7619.072001
-38.91,22,7619.431148
38.094697,29,7619.95208
-35.45,27,7620.374702
37.174555,27,7622.744443
-42.0,30,7623.242837
-33.0,31,7623.777223
-35.06,35,7624.352484
32.286275,33,7624.934892
-43.28,18,7625.264044
-38.66,33,7625.819296
-38.61,26,7626.348341
-41.49,30,7626.877983
-32.91,23,7627.173327
-39.0,37,7627.916016
-35.24,31,7628.376205
-35.59,24,7628.777779
-35.12,34,7629.354717
36.319943,28,7629.969297
32.645833,43,7630.679837
-32.1,33,7631.229928
-42.0,21,7633.511796
-41.01,24,7633.943597
-33.0,24,7634.375434
-41.94,27,7634.829931
-37.39,35,7635.383801
-32.11,29,7635.899696
-36.0,27,7636.315063
35.712727,24,7636.648709
-38.56,24,7636.977343
-35.91,29,7637.358924
-38.12,24,7637.668704
32.217241,47,7638.250909
-41.18,26,7638.618046
-43.97,92,7640.150509
-32.31,31,7640.651196
-43.34,22,7641.028559
-37.51,29,7643.412764
-39.0,26,7643.850759
-32.02,33,7644.410487
-32.34,36,7645.058503
-41.15,26,7645.480036
-38.72,20,7645.815218
33.0,31,7646.330887
41.058009,27,7646.772562
38.387324,33,7647.299911
-42.0,23,7647.57771
-31.84,33,7647.967867
34.960939,41,7648.452895
-40.87,23,7648.743053
32.609756,33,7649.27097
-35.94,32,7649.819941
-41.39,25,7650.217587
-41.12,21,7650.562843
-35.56,76,7654.098702
-32.88,30,7654.626972
-35.24,32,7655.129693
-38.47,29,7655.591888
-35.67,38,7656.200632
-35.28,18,7656.494884
37.482228,22,7656.866444
-32.29,26,7657.302743
-37.38,33,7657.804549
41.366351,22,7658.047009
-44.06,21,7658.311687
-44.05,26,7658.628036
-33.0,38,7659.105466
34.655488,26,7659.442862
-43.05,28,7659.907337
-41.11,26,7660.331258
-44.22,22,7660.725091
-38.18,33,7661.277326
-38.02,43,7663.871134
-41.47,24,7664.287737
-35.25,35,7664.913642
-47.36,30,7665.426654
-35.24,28,7665.928725
-36.0,38,7666.567572
-41.81,26,7666.987689
-36.0,31,7667.48104
35.556391,31,7667.958456
35.433071,37,7668.40253
-45.0,23,7668.711747
-32.21,30,7669.058595
-38.88,22,7669.350917
-33.0,33,7669.75373
34.763929,32,7670.300475
-44.42,19,7670.628515
-38.43,26,7671.047758
34.745876,31,7673.450181
-35.67,33,7673.988196
-39.0,19,7674.314077
-32.42,32,7674.847674
-32.31,41,7675.529756
32.590734,27,7675.967664
-39.0,25,7676.399654
-40.62,20,7676.709004
-36.0,23,7677.115042
-33.0,42,7677.807245
-32.67,32,7678.559413
-38.88,31,7679.172076
-38.6,26,7679.484613
-39.98,31,7679.897141
35.07931,32,7680.3456
-32.45,43,7681.087194
-35.88,29,7681.541714
32.512195,30,7684.116676
-42.0,27,7684.619479
-35.3,32,7685.175046
-44.91,18,7685.474323
31.612281,40,7686.170479
36.0,25,7686.602623
-37.78,28,7687.035196
-35.2,37,7687.643299
-41.19,21,7687.959372
38.188755,26,7688.382621
-41.88,36,7688.955801
-32.17,33,7689.353956
-38.82,27,7689.692204
-38.36,23,7689.964969
-32.42,45,7690.615552
-38.33,33,7691.150778
-38.42,29,7691.645641
-32.58,32,7694.062712
35.496599,36,7694.693861
-38.5,24,7695.100869
-47.51,24,7695.549896
-40.67,48,7696.350411
-43.56,27,7696.829104
-38.41,32,7697.346364
-40.52,25,7697.724128
-41.36,23,7698.091329
-38.46,23,7698.483312
-46.17,19,7698.785859
-34.71,33,7699.245797
-35.51,34,7699.65748
-45.83,18,7699.881277
-35.25,30,7700.254985
-44.59,27,7700.577807
-32.78,37,7701.052372
37.427977,29,7703.446701
-35.54,34,7704.026889
32.42069,26,7704.449492
-41.68,26,7705.261725
36.654961,31,7705.903886
33.0,30,7706.405391
-41.59,25,7706.84101
38.625954,23,7707.2209
-47.18,19,7707.527404
34.785171,36,7708.129197
-32.66,34,7708.739102
37.703863,28,7709.187582
35.90411,22,7709.50852
-32.56,31,7709.978499
-38.57,29,7710.371145
-41.51,25,7710.70576
-38.86,27,7711.075377
-42.0,18,7711.317291
-35.68,51,7713.975781
-42.0,19,7714.282114
-44.38,24,7714.674208
34.844896,35,7715.26832
-35.91,28,7715.773857
32.632035,33,7716.326749
-41.47,17,7716.618367
-39.0,22,7716.977124
-35.92,23,7717.335432
31.779152,26,7717.79338
-41.7,22,7718.177853
34.973157,28,7718.660231
-44.11,23,7719.068866
-38.98,44,7719.704628
-41.16,57,7720.577083
-38.48,23,7720.864314
-32.08,29,7721.253725
-41.28,22,7721.571211
-33.0,32,7723.940003
-37.63,28,7724.409055
-35.8,26,7724.8421
-34.56,34,7725.432044
-38.82,33,7725.977745
35.30605,27,7726.440836
-38.28,24,7726.847347
-41.1,23,7727.251608
34.434999,30,7727.771581
-38.3,33,7728.33007
35.432692,31,7728.83286
32.114894,28,7729.280438
-40.14,25,7729.653452
-44.32,24,7730.000741
44.034843,35,7731.053471
-35.22,27,7731.46005
-41.47,26,7731.826885
-37.74,26,7732.201554
34.54328,27,7732.588675
34.909218,33,7735.032559
-35.28,31,7735.538316
32.636691,28,7736.022249
38.796094,26,7736.472415
-38.31,28,7736.949264
32.097222,31,7737.45213
-38.81,29,7737.954548
-44.32,21,7738.272226
-46.74,20,7738.625636
-35.23,32,7739.084458
-34.69,25,7739.45994
-35.4,26,7739.844261
-41.4,35,7740.349923
-40.85,32,7740.841548
-38.77,21,7741.223125
-41.32,26,7741.612418
-47.21,27,7742.009745
-41.12,19,7742.245284
-38.71,31,7744.605477
-38.28,36,7745.256268
32.602941,33,7745.801044
-41.78,33,7746.38097
-40.7,25,7746.784399
-38.36,24,7747.176002
40.04536,37,7747.821871
-36.0,27,7748.283452
-41.24,27,7748.733203
-37.96,25,7749.071459
-33.0,37,7749.607877
33.0,44,7750.252208
32.596273,35,7750.829968
-37.34,29,7751.407984
-36.0,24,7751.847674
-39.0,23,7752.238131
32.779468,28,7752.611961
-38.79,24,7754.871022
-38.6,29,7755.384178
-41.66,30,7755.882356
34.991204,36,7756.72865
-42.0,21,7757.272196
35.925234,21,7757.693101
-35.88,27,7758.134958
-35.22,32,7758.736691
32.141379,56,7759.632923
-39.0,27,7760.013311
-38.45,36,7760.527962
-38.65,32,7760.982532
-38.99,32,7761.459455
38.110266,27,7761.937578
-38.44,24,7762.338621
-33.0,28,7762.833018
-39.38,41,7763.431822
-38.07,22,7765.680856
-42.0,31,7766.196006
-35.58,27,7766.641912
33.0,25,7767.062386
-41.46,21,7767.425564
-35.91,25,7767.914527
36.0,27,7768.339398
-32.09,29,7768.830684
35.599338,27,7769.311866
-38.62,32,7769.787784
-39.0,39,7770.349425
-43.31,37,7770.8886
34.276841,27,7771.317857
-38.76,23,7771.730052
-35.66,30,7772.237992
-38.65,28,7772.714036
-39.0,31,7773.227877
41.055601,27,7773.679727
-44.3,23,7775.737093
-40.92,26,7776.23292
-38.55,31,7776.757012
36.954028,30,7777.268385
-38.28,26,7777.698872
-38.85,41,7778.369202
-35.46,25,7778.79464
34.747729,37,7779.442209
-39.0,39,7780.117082
-32.85,31,7780.567302
-41.52,22,7780.922526
-32.14,30,7781.352409
32.054688,29,7781.787158
-35.5,26,7782.167926
-39.0,21,7782.72077
32.53125,28,7783.439727
-32.91,33,7784.039806
32.069091,30,7786.360774
-39.0,29,7786.863144
-32.77,42,7787.568876
-36.0,24,7787.991403
-32.98,38,7788.637385
-40.75,22,7789.007951
-44.22,26,7789.432905
-43.05,28,7789.874525
-44.16,17,7790.172863
-37.16,35,7790.78927
32.323718,40,7791.378557
-41.68,23,7791.726223
-47.52,26,7792.119215
-47.63,31,7792.543957
-35.38,27,7792.963555
-34.97,38,7793.618285
35.369697,32,7794.177211
-32.43,27,7794.62956
32.063433,34,7797.048802
-35.3,30,7797.544808
-38.91,24,7797.933758
35.431124,31,7798.494997
-41.33,22,7798.862059
-35.63,25,7799.309714
-32.71,28,7799.759333
-36.0,19,7800.062351
-35.89,25,7800.477469
-32.1,30,7800.970369
-35.25,29,7801.391238
32.344262,29,7801.848046
-41.71,18,7802.16199
-36.0,33,7802.680947
35.902685,25,7803.052562
-35.85,35,7803.670615
35.012864,31,7804.191552
-32.87,38,7804.832749
-38.79,28,7807.124893
-35.06,24,7807.509124
-38.88,28,7807.983327
34.873041,58,7809.222904
-35.14,29,7809.730381
-36.84,24,7810.173807
-36.0,31,7810.898483
36.0,25,7811.291716
-36.0,28,7811.719327
38.334746,28,7812.145584
31.874517,35,7812.624761
-38.07,22,7812.919797
-39.0,26,7813.344447
-33.0,25,7813.758483
-31.62,33,7814.339649
-37.65,46,7815.135415
-36.0,30,7817.55792
-35.19,37,7818.108283
-41.16,20,7818.469826
-42.0,40,7819.207404
34.947445,35,7819.779191
-41.31,22,7820.140638
-35.91,28,7820.624967
35.074935,47,7821.505414
-32.58,25,7821.8488
-47.32,18,7822.14046
-33.0,32,7822.634825
35.654545,31,7823.086847
-41.43,29,7823.675971
-32.55,29,7824.171007
-38.13,24,7824.566186
32.661871,40,7825.253876
-37.29,34,7825.793924
-36.93,24,7828.165675
36.532475,26,7828.52423
-44.14,25,7828.932241
-38.0,26,7829.395475
-31.92,27,7829.813769
-35.89,28,7830.340944
-41.22,26,7830.812397
-44.02,18,7831.10381
-44.12,18,7831.401995
35.382671,26,7831.786205
-41.14,28,7832.167397
-38.85,32,7832.678352
-39.85,24,7833.047084
35.501433,34,7833.597593
-37.58,29,7834.080068
-41.26,33,7834.63073
-38.21,25,7835.287202
43.353315,19,7835.631881
-43.88,31,7836.40598
-33.0,34,7838.908142
32.195122,33,7839.420205
32.986486,29,7839.881596
-41.48,23,7840.240667
-44.23,25,7840.669598
-38.88,27,7841.132158
-38.46,30,7841.626732
-38.23,27,7842.030946
32.414449,30,7842.52563
-41.13,26,7843.248617
35.753968,28,7843.651474
-36.0,33,7844.241957
-38.24,29,7844.719726
33.0,29,7845.201806
-35.85,24,7845.614365
32.397638,46,7846.410214
-37.91,25,7846.839048
-38.43,42,7847.509372
-38.75,23,7849.74754
-39.0,56,7850.719699
34.686998,30,7851.248656
-39.0,27,7851.756142
-36.0,27,7852.135984
-32.1,33,7852.6247
-38.13,25,7853.000737
-38.61,26,7853.399105
-35.73,28,7853.826182
41.121673,21,7854.199284
37.761693,38,7854.854553
-36.0,25,7855.28609
-40.35,22,7855.671991
-33.0,25,7856.086726
-38.2,20,7856.433282
-41.66,23,7856.827672
38.455046,36,7857.422785
-32.62,35,7859.907668
-34.76,30,7860.365123
-35.28,27,7860.775853
-38.9,27,7861.235694
-40.69,24,7861.880896
-42.0,26,7862.265291
-39.0,30,7862.889078
-35.09,49,7863.706961
-41.43,19,7864.018448
-40.33,22,7864.374984
-32.32,31,7864.957893
-32.69,39,7865.606422
-44.63,22,7865.997137
-41.43,26,7866.436926
-35.05,28,7866.916018
-44.67,19,7867.237925
-44.5,38,7867.876277
-41.3,33,7868.434426
-38.44,22,7870.619853
-44.25,31,7871.046423
-41.25,26,7871.388883
-39.0,25,7871.798084
-41.13,28,7872.225156
-40.95,20,7872.522229
-38.61,24,7873.123308
-44.48,25,7873.489809
-38.93,55,7874.387397
-38.46,41,7875.11723
32.533613,32,7875.66331
-41.43,17,7875.949196
-32.71,29,7876.422982
-38.51,22,7876.802547
-36.0,28,7877.299781
-36.0,25,7877.701475
-38.53,23,7878.073615
-37.4,27,7878.497018
-32.91,33,7881.192221
-38.16,30,7881.605578
-38.5,28,7882.03386
-41.65,37,7882.597733
-33.0,30,7883.030483
-38.81,25,7883.393241
-40.55,32,7883.853073
35.045113,27,7884.397054
-38.33,48,7885.199574
-38.27,29,7885.729649
-36.0,29,7886.395153
-37.19,23,7886.823711
-33.0,27,7887.284589
-41.7,25,7887.693639
-38.9,50,7888.944962
-38.3,32,7889.496749
35.177358,31,7890.012671
35.2,26,7892.340745
-47.5,25,7892.694064
-44.34,28,7893.074386
32.71374,38,7893.634694
-41.04,31,7894.089448
-38.55,62,7895.080325
36.0,23,7895.444798
-35.84,23,7895.842345
39.0,40,7896.518194
-36.0,35,7897.104631
-38.13,29,7897.585575
-41.09,22,7897.953649
-44.13,25,7898.394922
-44.78,35,7899.024024
-42.96,26,7899.482956
-41.83,24,7899.945786
-32.82,31,7902.346054
-37.6,31,7902.774291
-30.0,36,7903.212343
-44.3,18,7903.435981
37.842698,28,7903.823426
33.680057,31,7904.286531
-39.0,42,7904.897994
-32.99,32,7905.351144
-38.29,34,7905.924724
-35.88,32,7906.463432
-38.17,30,7907.002396
-41.0,27,7907.454177
33.0,28,7907.906904
41.05098,24,7908.295184
-34.99,34,7908.877932
-33.0,28,7909.364471
-44.25,30,7909.911821
-41.04,40,7912.469264
-32.63,29,7912.863442
-36.0,25,7913.193926
35.545455,32,7913.800783
35.349845,31,7914.434593
-39.0,26,7914.884766
-44.37,25,7915.274678
-35.63,36,7915.912206
-38.87,20,7916.564019
-41.71,21,7916.952909
32.552727,28,7917.489423
-32.57,27,7917.967879
38.683805,22,7918.35848
-34.87,27,7918.821864
-36.0,37,7919.542008
35.497992,30,7920.009608
-34.79,34,7920.585076
33.0,28,7921.04279
-39.0,22,7923.322254
-38.12,29,7923.724147
-35.2,49,7924.4078
-42.0,27,7924.7281
-41.13,27,7925.082627
32.664336,48,7925.769731
-34.71,23,7926.108817
-35.34,27,7926.530915
-41.69,26,7926.941586
-38.63,36,7927.55539
32.608889,33,7928.086054
40.81831,22,7928.470217
32.1125,40,7929.141895
-41.2,44,7929.89231
-37.59,37,7930.522624
-43.77,19,7930.829677
-43.81,24,7933.224334
-32.89,37,7933.796236
-41.91,32,7934.250246
-38.07,32,7934.731733
35.441767,27,7935.081797
32.559028,32,7935.497903
-38.5,29,7935.959676
-35.93,27,7936.372308
-33.0,29,7937.606642
-35.1,34,7938.790522
-44.0,48,7939.595275
-38.49,27,7940.078219
-44.13,23,7940.571799
-41.41,21,7941.098135
-38.58,22,7941.462844
-32.47,35,7942.150394
-35.36,31,7942.819085
-38.45,35,7945.339587
-38.3,29,7945.676107
-37.95,21,7945.944494
-38.46,21,7946.200447
36.0,24,7946.480122
32.433071,42,7947.110068
-38.4,28,7947.596209
-38.97,25,7948.052964
-38.8,27,7948.501661
36.0,25,7948.923905
-44.42,26,7949.423371
-44.1,28,7949.921819
41.432234,27,7950.351817
-35.54,28,7950.818692
-40.56,22,7951.207464
-35.8,23,7951.608056
32.061433,34,7952.200445
-44.4,30,7952.717417
-41.85,17,7953.00055
-44.17,26,7955.417037
-38.44,34,7955.870767
34.571429,31,7956.261637
-41.46,21,7956.544358
-32.46,34,7956.977103
-41.34,40,7957.630675
-34.98,27,7958.086892
-44.42,23,7958.47744
35.156939,39,7959.199912
-45.0,29,7959.691273
-38.15,22,7960.06482
-39.0,27,7960.501911
-32.61,31,7961.043794
-33.0,29,7961.541782
-42.0,24,7962.056489
-35.1,28,7962.464883
-40.39,27,7963.018301
32.41573,29,7963.490937
-35.46,29,7965.924799
-38.05,27,7966.310985
32.902128,51,7967.226361
-38.5,38,7967.778265
35.57563,22,7968.121181
-30.0,41,7968.834309
-46.45,27,7969.31047
-43.47,25,7969.728614
-35.59,29,7970.38274
-40.7,33,7971.057331
32.405573,37,7971.689479
-35.76,32,7972.239332
-41.04,27,7972.677845
38.459574,23,7973.057375
38.141379,22,7973.486552
-41.31,23,7973.859983
-32.59,27,7974.317908
-32.19,29,7976.716894
-44.56,18,7977.036302
-44.75,28,7977.400114
-40.53,19,7977.782088
-38.12,24,7978.090896
-47.51,25,7978.43262
-34.34,25,7978.801914
-38.34,26,7979.194813
-34.88,30,7979.697522
-35.5,22,7980.070759
-32.81,31,7980.561112
-44.59,27,7981.045028
-32.2,34,7981.584911
-37.48,33,7982.173067
-41.1,22,7982.537617
-32.73,34,7983.093923
33.0,34,7983.656275
-38.42,28,7984.139162
-34.75,31,7984.63642
-35.74,28,7986.942519
-41.37,20,7987.255155
-38.0,25,7987.55078
-41.29,27,7987.905572
38.117424,29,7988.298885
-44.45,21,7988.605173
32.187097,36,7989.106291
35.0875,35,7989.686
37.643713,24,7990.249432
-41.3,22,7990.633883
33.0,32,7991.166433
-32.18,28,7991.656479
-47.32,23,7992.067571
-36.0,27,7992.731697
-42.0,33,7993.284224
-32.64,38,7993.911606
-38.88,31,7994.457879
-32.15,35,7995.032555
35.286996,22,7997.335549
-42.0,25,7997.733273
-39.0,27,7998.096849
33.907042,31,7998.484826
-38.91,29,7998.918103
-43.99,24,7999.283511
-32.85,30,7999.744565
-33.0,28,8000.170793
-38.65,28,8000.674894
-38.5,31,8001.236145
-34.98,23,8001.641093
-41.47,21,8001.992138
-37.69,34,8002.564696
35.305556,31,8003.153992
-41.63,27,8003.50251
-38.93,27,8004.078606
-33.0,27,8004.494161
-41.64,24,8004.829969
-41.18,26,8007.350428
-41.42,28,8007.747551
-39.0,23,8008.103836
35.57197,27,8008.482295
-35.39,32,8008.93277
-43.54,21,8009.313867
-38.67,26,8009.672435
-42.84,25,8010.008768
-41.71,29,8010.408381
-35.04,59,8011.404011
-38.12,28,8011.898515
-35.81,29,8012.356203
-41.57,25,8012.784652
-43.84,22,8013.101988
-47.04,24,8013.516288
38.303249,23,8013.895528
35.714876,26,8014.317237
-39.0,36,8014.907105
-44.01,25,8015.308018
-44.13,21,8017.48189
-47.51,22,8017.848389
-42.0,44,8018.816009
-40.72,71,8020.218412
-41.61,36,8020.728422
-39.0,29,8021.153985
-32.12,34,8021.729805
-38.66,23,8022.132802
-44.3,24,8022.581562
-35.76,34,8023.383656
-37.78,27,8023.847595
-32.02,30,8024.367632
-32.06,38,8024.97406
44.221528,27,8025.459093
-39.0,30,8025.940838
35.183453,25,8026.332091
-42.0,34,8028.793644
-37.57,36,8029.37103
35.154892,29,8029.845905
-40.53,21,8030.128903
35.266372,33,8030.585569
-38.0,36,8031.110663
-38.47,44,8031.720502
-35.42,27,8032.258789
37.40542,30,8032.800132
41.35274,19,8033.127083
-40.55,18,8033.446031
-32.82,30,8033.941644
34.899069,57,8034.874298
-38.75,32,8035.41084
-38.11,34,8035.963658
-39.0,24,8036.493334
32.394052,28,8038.770772
35.314516,25,8039.125647
34.998666,35,8039.722469
-34.77,30,8040.210363
-44.91,36,8040.691549
-41.81,26,8041.049519
-33.0,45,8041.668315
-44.32,21,8041.950722
35.174603,26,8042.293794
-35.78,29,8042.776696
32.788462,55,8043.84644
-38.21,28,8044.427061
-44.16,31,8044.950144
34.725957,24,8045.339776
-35.32,30,8045.822491
-41.41,26,8046.256859
-38.54,23,8046.637975
-38.1,24,8048.878261
-33.0,29,8049.583803
-32.26,43,8050.267933
-44.74,105,8051.959266
-37.85,29,8052.395622
32.803279,32,8052.856112
-38.52,36,8053.369532
-35.31,72,8054.570925
32.115108,28,8055.0299
-45.0,19,8055.46265
32.529563,34,8056.045534
-37.92,27,8056.537883
32.723247,41,8059.087731
-42.0,27,8059.503632
-44.19,28,8059.964911
-32.91,44,8060.704142
-42.0,25,8061.133695
-44.4,23,8061.548169
40.621411,21,8061.854912
-42.0,21,8062.137594
-44.94,25,8062.498256
-38.53,21,8062.765187
-37.99,35,8063.244273
-38.38,30,8063.710763
-35.6,31,8064.248624
-42.8,32,8064.794578
-44.45,21,8065.156725
-38.92,31,8065.682589
-35.18,26,8066.358968
-41.24,26,8066.760294
32.15894,36,8067.373406
-38.72,28,8069.910344
-38.38,29,8070.37332
35.18797,28,8070.874757
-44.78,19,8071.199954
-44.82,35,8071.794492
-35.49,24,8072.183112
-35.18,29,8072.598749
-34.87,28,8073.046833
40.770498,24,8073.396333
-38.88,31,8073.81143
-47.19,16,8074.031926
-41.54,23,8074.438372
-41.03,30,8075.167968
-41.89,27,8075.630895
40.792599,26,8076.061689
-33.0,27,8076.521148
-39.0,26,8077.045204
-35.43,30,8077.514013
35.016529,28,8078.007548
-38.46,29,8080.332348
32.033708,30,8080.842771
38.267146,24,8081.253002
-41.38,21,8081.607552
-36.0,20,8081.945912
-36.0,26,8082.377081
37.24633,23,8082.790694
-45.0,16,8083.054854
-44.94,27,8083.414513
-41.47,32,8083.842343
-44.37,25,8084.217956
35.098258,29,8084.656262
33.0,31,8085.110484
-44.5,16,8085.405639
-38.46,32,8085.990011
35.534653,24,8086.393295
-36.0,20,8086.770457
-38.52,22,8087.156085
-35.8,37,8087.784819
-42.0,22,8088.135789
-37.84,26,8090.418864
-35.6,31,8090.925451
-44.09,18,8091.235584
-32.79,30,8091.743048
32.007576,35,8092.361692
35.527678,34,8092.945601
-42.0,23,8093.27631
-38.41,30,8093.682184
35.508152,36,8094.454495
-44.5,27,8094.864607
30.0,29,8095.316143
-44.26,22,8095.676888
-41.51,24,8096.090446
-41.39,25,8096.538361
33.0,31,8097.049425
-44.55,33,8097.673903
-33.0,32,8098.176945
32.211896,29,8098.617972
-36.0,31,8101.022935
-38.21,26,8101.545398
-33.0,49,8102.715562
38.175214,21,8103.048364
-41.72,24,8103.470359
-41.5,21,8103.821589
-44.69,23,8104.137259
-44.34,21,8104.438207
-35.8,24,8104.766975
-39.0,27,8105.111289
35.55516,25,8105.444839
-37.87,23,8105.805742
33.0,30,8106.3172
-33.0,28,8106.811148
-44.16,17,8107.091547
-39.0,25,8107.517951
-32.91,34,8108.082094
-35.06,28,8108.57657
-32.88,42,8109.18166
32.875,39,8111.660128
-37.9,30,8112.152467
-41.33,21,8112.510906
-38.64,31,8113.067846
-39.0,27,8113.530221
-41.66,24,8113.97066
-35.24,37,8114.522645
-41.44,32,8115.026474
-35.37,36,8115.531168
-41.17,29,8115.90938
-41.58,32,8116.388218
35.73029,25,8116.88267
-32.03,53,8117.790298
-38.23,18,8118.107412
-38.7,25,8118.502264
-41.27,22,8118.875051
-38.75,25,8119.328869
-43.77,20,8121.63564
-40.9,25,8122.086375
-38.57,42,8122.778853
-39.0,33,8123.331317
-39.0,77,8124.628064
40.894868,25,8125.042292
-45.0,32,8125.531067
-38.03,39,8126.066902
-39.0,21,8126.346084
32.214545,35,8126.803717
-41.5,25,8127.144101
-41.59,32,8127.698571
-40.53,28,8128.387775
32.216912,38,8129.084876
-32.57,29,8129.474844
-33.0,36,8131.900027
-41.24,24,8132.32789
-41.49,35,8132.913347
-41.15,25,8133.310031
32.662745,36,8133.936761
32.642586,31,8134.462673
-39.0,26,8134.889462
-32.75,36,8135.490049
32.585761,34,8136.047063
-41.43,21,8136.327225
-44.36,15,8136.559358
-44.05,23,8136.901556
-38.86,26,8137.278822
-37.25,26,8137.619043
-37.89,30,8138.094872
-35.28,30,8138.592321
33.0,30,8139.129663
-32.71,34,8139.642848
-35.42,41,8142.261319
-35.9,30,8142.800376
-41.29,22,8143.155419
-35.47,38,8143.785777
33.0,38,8144.432082
-44.11,26,8144.873209
-32.81,30,8145.615821
-38.0,29,8146.10762
-32.91,35,8146.678499
-41.73,20,8146.970438
-38.38,28,8147.362576
-41.23,35,8147.834924
-44.48,35,8148.324304
-35.54,34,8148.847403
-39.0,61,8149.737484
-44.38,18,8150.020438
-35.04,28,8152.22482
-35.61,32,8152.738091
-42.0,21,8153.083841
35.165109,23,8153.451722
-44.06,22,8153.850386
-35.84,30,8154.326176
-32.8,27,8154.886097
-41.62,20,8155.338116
-35.63,32,8155.864372
-38.81,26,8156.314678
-42.0,26,8156.76255
-32.3,34,8157.325318
-35.68,30,8157.833073
-38.56,30,8158.248025
-44.78,21,8158.514427
-39.0,28,8158.912269
-32.21,36,8159.448133
33.0,30,8159.847289
-38.17,26,8162.080079
35.5748,33,8162.640562
-35.32,31,8163.168036
-36.0,24,8163.602674
-41.78,30,8164.126854
-38.16,29,8164.61285
32.006944,32,8165.165782
-39.0,27,8165.616133
32.975945,27,8166.090027
-38.44,26,8166.529747
-35.01,34,8167.070213
-32.18,29,8167.581211
-39.0,30,8168.119884
31.543307,41,8168.733734
41.280142,19,8168.996373
-36.0,30,8169.418943
-41.88,31,8169.866055
-43.37,27,8170.331249
-38.64,30,8172.961595
-41.37,24,8173.370392
32.619938,27,8173.821871
-44.82,18,8174.150424
35.402439,27,8174.601915
-44.36,34,8175.140772
-38.21,35,8175.774074
32.404255,32,8176.295696
35.285171,29,8176.783211
-39.0,31,8177.349473
38.707317,22,8177.708677
35.569767,28,8178.214463
-35.42,28,8178.693037
-39.0,33,8179.207572
-40.87,23,8179.509675
-34.7,27,8179.898073
-32.05,27,8180.285387
-44.2,34,8181.008114
-41.43,25,8183.311731
-32.25,48,8184.112403
-38.32,34,8184.702344
-31.85,27,8185.182762
-36.0,26,8185.612211
-41.76,32,8186.131025
-44.81,22,8186.531569
-33.0,29,8187.015069
-32.31,27,8187.480769
-42.0,22,8187.859118
-35.59,31,8188.43065
-43.01,22,8188.920484
32.3829,24,8189.322653
31.659259,32,8189.776573
-40.61,19,8190.061944
-35.16,26,8190.429281
32.032727,39,8190.923808
33.0,29,8191.277549
-43.37,21,8193.510255
-38.83,31,8194.023284
-35.69,24,8194.402893
-35.87,30,8194.901396
33.0,34,8195.508482
-32.77,32,8196.006622
-41.78,27,8196.46392
-36.0,37,8197.133692
-31.63,35,8197.791439
-39.0,24,8198.312465
-41.47,30,8198.828294
-33.0,35,8199.389523
-36.0,30,8199.875248
-39.0,52,8200.599944
-44.43,24,8200.913612
-40.58,19,8201.166954
35.306852,36,8201.59833
-41.14,21,8203.754494
-38.47,25,8204.149263
32.01145,36,8204.735734
-41.76,26,8205.174729
-35.88,27,8205.634988
37.814054,31,8206.148285
-44.5,29,8206.742665
-31.71,28,8207.429364
45.841831,98,8209.140036
32.42236,23,8209.584386
-31.93,29,8210.104669
-42.0,22,8210.47237
-32.41,28,8210.89209
-36.0,30,8211.312672
-41.19,21,8211.5689
-41.29,29,8211.91834
-36.0,23,8214.031265
-44.57,28,8214.526195
-41.81,26,8214.959377
-35.86,30,8215.4942
-41.0,24,8215.922923
-41.08,26,8216.291578
-41.02,29,8216.782367
-32.88,39,8217.382999
-44.04,19,8217.749295
-44.32,25,8218.192409
-35.02,40,8218.910874
34.514706,34,8219.481006
-35.54,22,8219.849599
-44.33,25,8220.276847
37.703193,25,8220.683415
-41.52,23,8221.083081
-38.3,32,8221.593251
-41.86,26,8221.915141
-38.8,27,8224.023448
-35.55,30,8224.581802
-35.49,30,8225.279555
32.632184,31,8225.798904
-38.62,25,8226.195632
-38.03,25,8226.610836
-35.22,33,8227.18063
-35.18,33,8227.721135
-41.39,26,8228.168773
-44.37,18,8228.470583
-32.5,33,8229.003549
33.0,45,8229.766935
-38.25,30,8230.277158
-37.83,25,8230.716981
-35.91,35,8231.185691
-38.88,24,8231.589792
-38.38,23,8231.964571
-39.0,31,8232.39274
-35.54,27,8234.515548
-38.96,30,8235.161963
-32.75,34,8235.712772
-35.14,35,8236.306913
-43.15,25,8236.738626
-41.4,29,8237.266477
-41.31,39,8238.20603
-35.86,27,8238.657864
36.0,28,8239.166998
-35.04,30,8239.68298
-34.91,26,8240.114703
-41.11,39,8240.8244
32.903101,36,8241.445966
-46.18,19,8241.763471
41.356973,21,8242.138365
-35.32,31,8242.624415
-38.38,31,8243.152915
-40.59,25,8245.238595
-42.0,23,8245.683679
-41.56,30,8246.185013
-40.81,24,8246.577614
37.082834,33,8247.14979
-30.0,25,8247.566994
-38.74,25,8248.013211
-32.69,32,8248.525079
-38.6,24,8248.931037
32.328221,27,8249.389898
-38.88,24,8249.751794
-41.25,22,8250.115583
-37.8,24,8250.721324
-35.83,31,8251.459487
-39.0,20,8251.821521
32.715035,77,8253.038345
-32.56,28,8253.510003
-38.67,43,8255.88687
-38.48,35,8256.43725
-39.0,26,8256.8719
-43.8,26,8257.313029
-38.96,24,8257.688659
-32.39,45,8258.418154
-41.71,33,8258.954294
-38.53,29,8259.429493
-35.34,28,8260.133628
-33.0,31,8260.628399
-38.39,27,8261.092265
-41.3,29,8261.570768
-41.45,22,8261.97501
-37.83,26,8262.405739
-41.71,19,8262.746906
40.606383,21,8263.077977
-44.41,21,8263.410704
38.901408,22,8263.763125
-38.57,36,8264.301538
-35.81,30,8266.496529
-37.87,33,8267.064227
38.634877,24,8267.497185
-35.56,32,8268.03917
-35.54,32,8268.573092
-41.84,33,8269.124882
35.239623,33,8269.668066
-44.95,22,8270.051338
32.359155,27,8270.493582
-41.18,25,8270.877787
-43.66,29,8271.396483
-38.11,73,8272.664201
32.614841,36,8273.278393
-38.15,24,8273.680623
-36.0,33,8274.180538
-40.93,24,8274.539279
36.0,26,8276.609539
-32.81,28,8277.142901
36.358551,30,8277.725271
-41.4,24,8278.503551
-38.66,32,8279.142566
32.526923,34,8279.71485
41.090047,24,8280.174504
-42.87,26,8280.611045
-46.85,22,8280.988278
34.998233,22,8281.379029
-40.44,25,8282.222628
-32.39,34,8282.883714
35.257627,25,8283.356656
-41.14,38,8284.003619
32.525253,40,8284.660256
-41.31,31,8285.177069
-35.05,30,8285.601033
-44.11,42,8288.018092
-35.48,24,8288.413319
-35.36,31,8288.912312
-34.87,30,8289.379148
32.73741,31,8289.87923
-38.4,27,8290.291752
32.26383,29,8290.804172
-47.09,19,8291.179094
35.283001,31,8291.697373
-38.42,28,8292.200755
-32.23,27,8292.56009
-45.0,19,8292.894233
-32.63,30,8293.375406
-40.82,26,8293.823591
-35.31,38,8294.465011
-45.18,29,8294.925854
35.520833,25,8295.309271
-42.0,29,8295.734658
-39.0,36,8298.06807
40.017042,31,8298.415036
-41.03,23,8298.772218
-40.88,23,8299.188105
-38.69,24,8299.586236
-41.88,39,8300.227175
-32.12,32,8300.773249
-35.35,44,8301.521913
-41.67,30,8302.003167
-38.12,30,8302.492009
-37.68,36,8303.122283
-43.37,23,8303.92055
-41.03,25,8304.387769
-38.04,24,8304.796079
-35.18,34,8305.360658
-44.54,20,8305.657121
-35.86,33,8306.173116
-37.51,29,8306.606741
-46.56,28,8309.038672
-38.55,28,8309.476274
-33.0,31,8309.984193
-33.0,40,8310.726578
-41.51,23,8311.145992
-38.65,53,8312.222031
-38.16,23,8312.637491
-44.05,22,8313.0243
-37.68,33,8313.561141
32.39404,35,8314.114661
-32.94,36,8314.774838
39.730229,20,8315.123492
-35.51,28,8315.568378
-41.73,25,8315.968974
-32.07,32,8316.451107
35.475655,23,8316.782078
35.901515,28,8317.178364
-38.78,32,8319.467865
-35.21,35,8319.944444
-41.84,25,8320.269488
-38.99,34,8320.861339
-32.4,35,8321.46522
-35.85,32,8322.02992
32.930909,49,8322.897486
-35.89,28,8323.328511
32.153257,32,8323.871402
-36.0,19,8324.179697
-38.81,26,8324.642446
32.643678,27,8325.0991
35.042049,34,8325.677454
-38.39,35,8326.260779
35.375862,34,8326.867125
-37.71,36,8327.39307
-44.91,17,8329.490355
-32.78,34,8329.965433
-37.72,26,8330.556469
34.928571,25,8331.255824
-40.99,29,8331.810821
37.550173,25,8332.228918
-42.0,26,8332.669178
-42.0,27,8333.099292
-32.23,27,8333.522039
-31.66,55,8334.540767
32.26129,34,8335.169324
32.5,37,8335.790444
-42.0,20,8336.121866
-38.04,33,8336.694432
-41.72,28,8337.151199
-38.19,46,8338.294615
33.0,29,8340.623011
-41.86,28,8341.008366
30.0,24,8341.349126
35.846809,30,8341.772262
-38.29,28,8342.197447
43.142315,29,8342.791484
-38.89,24,8343.179776
-40.67,22,8343.590625
-39.35,25,8344.014476
-35.27,31,8344.537365
-42.0,25,8344.964132
-38.42,25,8345.359319
-44.4,23,8345.81009
35.902439,25,8346.282827
-44.66,34,8346.756168
-35.26,27,8347.132189
-35.15,34,8347.614032
-32.94,35,8348.103022
32.457399,29,8348.588873
-32.76,43,8351.131985
-38.32,34,8351.598891
-35.28,43,8352.233713
-42.0,25,8352.657424
-39.0,22,8353.045603
-38.72,21,8353.401315
-42.0,49,8354.207555
-47.12,29,8354.696086
-35.23,29,8355.180149
-41.5,24,8355.719563
32.626822,31,8356.377717
-37.67,23,8357.080613
36.0,22,8357.430193
-38.84,25,8357.791784
38.261538,29,8358.247436
-38.35,20,8358.569703
32.173516,32,8359.04823
-47.54,28,8361.471258
-38.39,28,8361.85411
-44.6,34,8362.324106
37.895863,32,8362.809047
32.127586,35,8363.300008
34.896951,36,8363.878325
-41.57,29,8364.377841
-35.6,32,8364.921379
-35.76,25,8365.389984
32.341085,31,8365.968242
-35.88,29,8366.47641
-40.81,23,8366.863158
-38.35,33,8367.34137
-37.91,30,8367.781022
-32.48,30,8368.25952
-42.0,39,8368.876535
34.892645,30,8369.377462
-41.09,29,8371.795989
-32.95,25,8372.1816
-41.23,30,8372.579695
32.023148,29,8372.977407
-33.0,29,8373.370008
-39.0,31,8373.802094
-35.28,24,8374.19684
32.211604,31,8374.692115
-41.61,25,8375.087591
-41.36,43,8375.841995
-36.0,29,8376.347848
-44.3,30,8376.847387
-32.23,26,8377.233205
43.055043,26,8377.647402
-43.91,31,8378.114999
-39.0,40,8378.694294
-38.52,28,8379.145819
-44.62,19,8381.708571
-38.27,25,8382.170674
-33.0,27,8382.769642
-37.25,22,8383.104647
-35.22,29,8383.764007
35.1341,32,8384.228651
35.476364,29,8384.752667
-41.57,40,8385.44847
37.516281,24,8385.897557
-35.08,26,8386.398004
-40.69,25,8386.850176
-41.32,21,8387.19096
-41.09,19,8387.480269
-42.0,25,8387.8377
-38.08,26,8388.231649
-35.73,30,8388.679208
-41.46,27,8389.084308
-38.48,25,8389.465237
-40.37,29,8389.956207
-35.44,35,8392.422545
-39.0,38,8393.015988
-45.0,27,8393.424486
-38.11,35,8393.916221
-37.09,31,8394.357331
32.731801,38,8394.880762
-35.41,27,8395.350735
-41.31,25,8395.791769
-35.16,35,8396.635073
-35.38,28,8397.128771
-41.56,17,8397.447814
-31.95,26,8397.838102
35.958621,28,8398.234625
-42.0,46,8398.938513
-39.0,23,8399.259116
-41.51,26,8399.70139
-41.25,29,8400.194679
-35.51,44,8402.975813
-44.6,36,8403.522826
-35.36,30,8403.960569
35.29434,30,8404.384609
-37.44,28,8404.776366
-42.0,23,8405.106079
-42.0,25,8405.515678
35.128788,31,8406.041489
31.52974,30,8406.549646
-46.61,16,8406.806586
-43.8,32,8407.347535
-42.0,19,8407.629066
-41.36,26,8408.054662
-38.73,41,8409.066185
-44.14,21,8409.4475
-40.23,21,8409.814639
-41.54,22,8410.185409
38.372139,27,8410.668903
-42.0,23,8411.04599
-35.2,28,8413.453281
-41.43,26,8413.946694
-38.45,22,8414.310753
-44.45,33,8414.777278
-41.12,31,8415.215544
-32.6,32,8415.667401
-38.87,35,8416.159075
-41.14,23,8416.60136
-41.78,25,8416.996008
-35.82,32,8417.541826
-38.84,22,8417.898318
-35.87,30,8418.330722
-38.53,29,8418.749179
-35.6,28,8419.177403
-44.4,17,8419.400735
-38.4,26,8419.831792
-44.48,25,8420.298282
-36.0,26,8420.743738
-35.88,26,8421.2039
-38.85,27,8423.551591
-35.82,33,8424.138799
-38.01,24,8424.533508
-32.22,34,8425.013415
-41.91,26,8425.362439
-41.15,34,8425.845581
32.742765,27,8426.204688
-39.0,29,8426.581797
34.539394,25,8426.946546
-35.71,36,8427.537917
-40.43,31,8428.017072
-38.78,35,8428.582953
-38.63,34,8429.176866
-40.88,25,8429.566792
38.355172,27,8430.067223
-41.3,25,8430.503386
-41.16,31,8431.085987
-38.83,26,8433.507219
-41.87,27,8434.065307
-32.23,34,8434.990701
-38.52,22,8435.384664
-36.0,27,8435.817486
-41.87,28,8436.19709
-45.0,19,8436.49089
-41.76,19,8436.756939
-44.94,25,8437.102965
38.596401,43,8437.716949
-33.0,27,8438.138018
-40.52,32,8438.681929
32.455224,29,8439.122801
35.573134,25,8439.499938
-35.25,32,8439.994396
32.204461,36,8440.619647
-32.28,25,8441.038741
32.070946,36,8441.646704
-38.7,22,8443.93592
-41.26,31,8444.497901
-42.0,23,8444.907303
32.687243,31,8445.45245
-41.15,39,8446.067288
-39.0,26,8446.457312
-35.92,26,8446.837195
-35.01,27,8447.199731
41.443035,25,8447.556045
33.0,30,8447.982836
-38.71,25,8448.325291
-39.0,34,8448.839844
32.731544,46,8449.622032
35.645833,23,8449.983901
30.0,35,8450.587496
-41.2,28,8451.064818
35.160643,25,8451.508354
-32.2,25,8451.937986
-38.0,26,8454.359048
-44.22,24,8454.774661
34.757764,28,8455.279157
-35.33,31,8455.762116
-41.49,24,8456.151773
-42.0,24,8456.564189
-34.71,39,8457.101582
-43.82,25,8457.462903
-41.77,21,8457.715005
35.219178,28,8458.087302
-32.41,28,8458.465083
34.639815,27,8458.861906
33.0,30,8459.291686
35.508091,40,8459.874436
-38.18,25,8460.554507
-40.55,36,8461.614718
-32.28,32,8462.1278
-31.88,35,8462.849928
40.737817,23,8465.235556
-35.43,24,8465.66932
32.009091,29,8466.140468
35.866485,33,8466.681812
31.99226,52,8467.56091
-38.77,36,8468.047631
-42.0,21,8468.339043
-38.52,22,8468.659292
-41.39,23,8468.927966
-44.11,21,8469.194196
-39.0,28,8469.562233
-35.27,27,8469.962115
32.081395,29,8470.38538
-41.33,39,8471.021247
-44.3,20,8471.377755
-38.09,25,8471.792653
-41.4,31,8472.31812
-35.33,30,8474.791537
-40.85,34,8475.371014
-32.46,28,8475.846165
-32.91,36,8476.459093
-32.09,28,8476.957647
-44.06,31,8477.487261
-32.75,26,8477.971618
-32.06,28,8478.335931
-35.74,38,8478.89379
-39.0,26,8479.197779
-35.37,61,8479.975972
-41.83,24,8480.352254
-38.13,20,8480.657125
-42.0,19,8480.991798
35.49345,29,8481.449848
-44.54,24,8481.846579
-41.51,30,8482.314885
-38.59,33,8484.758398
-44.04,28,8485.251604
-38.42,28,8485.758324
32.068657,37,8486.78415
-37.93,27,8487.264794
-37.51,32,8487.73929
-44.64,32,8488.270979
-32.67,47,8489.039496
-38.19,28,8489.470296
33.0,31,8489.870388
-39.0,25,8490.188728
-32.25,39,8490.650571
35.01476,37,8491.082437
-41.61,36,8491.670015
-44.13,22,8492.066765
-37.75,41,8492.729522
-41.07,18,8493.050179
-42.0,30,8495.500957
-41.56,27,8495.951943
-41.91,23,8496.34464
-44.95,23,8496.738409
-37.73,38,8497.352813
37.943926,25,8497.787982
-38.34,20,8498.153023
-38.77,31,8498.702393
-35.47,29,8499.201957
-38.41,27,8499.703194
-35.45,31,8500.111873
-39.0,30,8500.506874
-41.47,31,8500.874957
-38.69,33,8501.331573
-35.19,30,8501.684302
38.160448,27,8502.160236
-44.12,27,8502.602869
-43.85,24,8502.982208
-41.39,20,8505.109519
32.327815,26,8505.474071
-43.75,29,8505.958046
-35.55,31,8506.484682
32.981308,30,8506.99884
-35.74,26,8507.478014
-38.05,31,8508.015311
-41.56,18,8508.326614
-41.84,22,8508.693025
32.221854,32,8509.222202
-41.38,22,8509.622242
35.284091,39,8510.263461
-44.15,22,8510.628606
-33.0,28,8510.978147
38.610108,22,8511.210035
-35.94,30,8511.594299
32.081081,28,8511.926051
32.133094,44,8512.814032
-44.87,24,8515.271907
-41.25,24,8515.666206
-32.26,36,8516.30186
-41.26,26,8516.762663
33.0,24,8517.166376
-42.0,28,8517.613761
-35.62,31,8518.12351
-41.74,37,8518.704983
32.590226,39,8519.453578
-41.16,30,8520.011786
-40.27,26,8520.493894
-41.43,35,8521.064339
-39.0,47,8521.725763
-39.0,29,8522.105279
-35.78,33,8522.480235
-38.68,19,8522.711297
-33.0,30,8523.101189
-41.19,26,8525.407008
-32.14,38,8526.032889
-41.49,30,8526.515094
32.317152,34,8527.090976
-44.4,28,8527.574996
-39.0,35,8528.189817
-43.4,31,8528.714432
-44.12,17,8529.034862
-39.0,32,8529.586445
35.804979,24,8529.986416
-44.32,24,8530.440898
-34.67,39,8531.090953
35.239782,29,8531.574987
-35.57,30,8532.051239
-35.57,44,8532.600772
-41.22,25,8532.917532
-42.0,20,8533.167032
32.419847,40,8535.602118
-46.66,27,8536.023853
-42.0,27,8536.474908
-35.02,29,8536.947188
-35.38,25,8537.376956
-41.1,19,8537.710284
-38.8,27,8538.277763
-35.58,22,8538.754654
-47.69,18,8539.162812
-32.15,38,8539.930005
38.250174,25,8540.362887
-40.7,30,8540.89662
-38.53,29,8541.369813
-42.0,23,8541.781153
-41.75,31,8542.292149
32.901149,26,8542.675427
-32.71,29,8543.068702
-35.59,28,8543.419456
-38.04,35,8543.844079
-41.69,26,8546.134597
-41.99,30,8546.64255
-38.74,27,8547.082618
-32.99,37,8547.686697
38.318792,24,8548.094351
-38.07,25,8548.516465
-44.73,22,8548.858385
-32.58,33,8549.4041
32.090909,26,8549.895857
-36.0,27,8550.341402
-35.33,33,8550.868991
37.247692,48,8551.658364
-38.11,21,8552.088992
-47.83,19,8552.401381
35.099434,30,8552.875064
-38.4,78,8553.954126
-40.91,44,8556.530766
-38.15,27,8556.9873
-40.42,32,8557.571847
-35.54,25,8558.046117
-38.67,30,8558.549713
-34.83,32,8559.14577
-35.82,27,8559.601825
-40.69,24,8559.926869
-39.0,30,8560.287943
-41.29,37,8560.877333
-43.84,25,8561.306955
-40.8,28,8561.77753
-41.24,23,8562.133077
-32.61,36,8562.665114
-33.0,29,8563.102031
-38.76,31,8563.523121
-35.46,70,8566.520931
-43.64,45,8567.150672
-38.15,28,8567.631374
-39.0,25,8568.123879
-41.4,22,8568.489645
-38.64,25,8568.894466
-38.36,22,8569.28054
-35.15,46,8570.087082
-41.58,27,8570.543154
-38.22,25,8570.953316
-38.89,30,8571.461871
-35.03,34,8572.079202
-38.28,26,8572.513004
-39.52,29,8572.952548
-42.0,22,8573.270031
-43.4,20,8573.560644
33.0,31,8574.039627
-38.56,23,8574.361041
-41.51,27,8576.562804
-44.42,31,8576.972353
-38.19,28,8577.357457
-38.3,37,8578.013156
-32.88,47,8578.803371
36.0,29,8579.316417
-41.14,20,8579.624501
-38.59,32,8580.124784
-41.98,20,8580.478012
-43.73,25,8580.898003
-45.0,25,8581.353793
-35.39,37,8581.955238
-41.42,25,8582.374696
-38.28,22,8582.750561
-35.24,41,8583.312655
-37.7,21,8583.621357
-41.12,31,8584.075556
34.550587,38,8586.517424
-32.83,28,8586.916699
-32.48,42,8587.49858
-32.65,25,8587.86084
-35.68,29,8588.345188
-38.68,24,8588.826616
-35.65,27,8589.309165
-43.75,35,8589.931114
-37.24,34,8590.483923
-42.0,26,8591.168093
-41.69,22,8591.551543
-35.54,42,8592.519602
-41.15,29,8593.011312
-38.7,28,8593.436985
37.144286,25,8593.815033
-32.77,30,8594.27343
35.787072,25,8594.615013
-40.66,55,8597.382806
-33.0,77,8598.408477
-44.14,25,8598.770277
-35.91,33,8599.299572
-38.71,36,8599.968192
-38.56,31,8600.444619
35.051457,35,8601.019285
-35.92,32,8601.556058
-46.57,23,8601.961884
-39.0,29,8602.451171
41.007384,26,8602.889175
-42.0,27,8603.277259
-40.95,22,8603.671835
-40.66,34,8604.207982
-36.0,25,8604.58463
-39.0,81,8607.732664
-36.0,31,8608.154445
-33.0,47,8608.805665
-42.0,31,8609.246166
-35.47,27,8609.72782
34.95487,27,8610.193217
-38.5,28,8610.64246
-33.0,30,8611.15048
-35.07,36,8611.797904
32.136364,29,8612.339371
41.065686,24,8612.736752
41.174927,24,8613.134413
-40.57,29,8613.551242
33.0,22,8613.851449
-38.4,31,8614.309668
-41.71,27,8614.690092
-41.22,24,8616.925419
-44.68,20,8617.426783
-33.0,28,8618.156917
34.058767,28,8618.659155
-35.61,29,8619.038555
-41.28,18,8619.296917
-47.36,23,8619.633741
-42.0,17,8619.867907
32.131179,31,8620.321432
34.482567,33,8620.93749
-32.39,24,8621.35551
-40.59,27,8621.815575
-35.94,31,8622.35826
32.285211,28,8622.909606
35.466887,27,8623.442362
-42.0,24,8623.78949
-38.24,37,8624.337411
-37.55,29,8624.785368
-37.79,21,8625.104998
-39.0,22,8625.441351
-37.74,29,8627.949279
-35.22,40,8628.630417
34.653431,57,8629.456037
-39.0,23,8629.749679
-38.02,44,8630.367906
-41.81,18,8630.612505
-38.76,21,8630.982168
-44.05,18,8631.304265
-37.99,98,8633.016321
-38.61,28,8633.454897
32.058219,34,8633.940303
-42.0,23,8634.292573
-38.76,26,8634.680657
32.902027,24,8635.057999
-43.83,30,8637.616901
-40.84,45,8638.399829
-39.0,23,8638.793364
-43.52,28,8639.240517
-34.69,28,8639.615152
-36.0,32,8640.043831
35.619205,40,8640.568854
-35.29,26,8640.912727
32.964744,33,8642.284446
-36.0,47,8643.182743
-35.24,24,8643.759187
-46.28,24,8644.400262
37.74281,20,8644.754151
-43.87,26,8645.130217
-38.88,31,8645.598185
32.617747,25,8645.978536
36.494163,30,8646.401251
-41.96,25,8646.86119
33.0,26,8649.300219
-36.0,30,8649.782965
38.264151,26,8650.169976
-37.66,37,8650.693022
-33.0,30,8651.089405
-37.57,31,8651.532648
-38.45,32,8652.074827
32.38125,35,8652.713187
-44.38,24,8653.143079
-38.18,25,8653.599799
-41.62,38,8654.313973
-42.0,28,8654.761168
-46.52,27,8655.145745
-36.0,29,8655.571162
32.367816,40,8656.12535
-44.71,28,8656.520142
-36.0,28,8656.968321
-38.31,32,8659.529394
-41.85,21,8659.893916
-39.24,42,8660.506721
-38.64,33,8660.987523
-38.62,28,8661.380349
-35.79,33,8661.848921
-32.91,26,8662.21231
-38.78,39,8662.843508
-35.75,28,8663.352115
-38.16,28,8663.8437
-34.44,33,8664.479316
-35.91,34,8665.013498
-36.0,24,8665.396562
-32.37,33,8665.904522
32.479339,40,8666.455466
37.241292,35,8667.059556
-38.01,25,8669.618877
38.575646,21,8669.999504
-42.0,34,8670.604837
-35.8,33,8671.288946
-41.3,22,8671.656589
-38.77,24,8671.991736
-44.02,24,8672.33183
-33.0,30,8672.728211
-41.35,24,8673.125603
-42.0,19,8673.487848
-38.78,21,8673.891093
32.060377,36,8674.494562
-44.84,26,8674.950304
-35.85,30,8675.455449
38.18848,25,8675.83437
35.433735,29,8676.268694
-32.37,32,8676.737408
-43.89,20,8677.031859
-41.93,30,8677.61389
32.902128,31,8680.065125
-41.37,20,8680.386647
-41.59,24,8680.774188
-43.43,21,8681.161064
-35.76,34,8681.694571
-32.3,34,8682.261567
32.727273,35,8682.748373
-35.54,28,8683.127586
-35.62,28,8683.504261
35.148148,29,8684.001763
-35.9,38,8684.719855
35.061303,37,8685.364254
-35.64,35,8685.896321
40.216873,24,8686.242041
-41.47,25,8686.609938
-41.06,33,8687.101761
-38.09,30,8687.596522
-41.36,30,8689.997215
-39.0,93,8691.45721
-38.56,27,8691.928498
-38.55,26,8692.31372
-38.14,31,8692.751125
-40.97,33,8693.224375
-38.12,38,8693.738277
-35.94,27,8694.226251
-35.88,34,8694.882268
-37.55,26,8695.546315
-38.25,21,8695.972563
32.759398,41,8696.636933
-41.01,31,8697.436801
-45.0,15,8697.633359
-38.46,25,8698.075844
-37.37,42,8700.771159
-33.0,23,8701.143095
-35.76,34,8701.764893
-41.69,48,8702.606629
-35.91,29,8703.10411
32.542636,26,8703.518591
-35.19,33,8703.947401
34.741787,28,8704.363345
-41.59,22,8704.664407
-34.92,27,8705.041771
-41.4,27,8705.379466
-32.56,44,8706.002878
-32.18,28,8706.383338
36.0,30,8706.850379
-41.85,24,8707.202532
-39.0,23,8707.540881
-32.27,37,8708.167306
37.549931,46,8710.828891
-44.15,23,8711.221841
-32.08,33,8711.76323
-41.91,23,8712.124454
32.58547,36,8712.77063
-32.84,32,8713.340627
-41.58,22,8713.720738
-46.75,23,8714.109828
-35.96,28,8714.54474
38.509434,21,8714.867553
40.473991,30,8715.241429
-33.0,37,8715.780752
-38.42,30,8716.12499
-32.36,30,8716.580594
-40.89,24,8716.930057
-39.0,39,8717.536423
32.27003,33,8718.110597
-35.2,23,8720.404847
-41.31,21,8720.775345
-41.28,36,8721.354018
-36.0,28,8721.970782
34.800235,83,8724.08915
-35.81,36,8724.715118
-35.27,26,8725.099315
38.13617,26,8725.449544
-46.55,22,8725.735413
-39.0,26,8726.183702
-38.06,35,8726.58254
-43.43,25,8726.915634
-38.37,30,8727.341692
-41.72,26,8727.749313
-41.43,21,8728.075426
-32.13,35,8728.770735
-35.15,32,8729.354289
-39.0,18,8731.631021
-41.2,34,8732.287118
-35.39,22,8732.619014
-38.38,37,8733.259137
-41.91,26,8733.670822
-38.85,23,8734.083205
-42.0,22,8734.411247
-41.57,25,8734.82924
-35.78,24,8735.258018
-41.34,25,8735.617612
35.296167,31,8736.029745
-42.0,21,8736.32152
-38.4,24,8736.652493
-41.2,20,8736.876486
-45.0,23,8737.172212
-41.76,23,8737.545192
32.003745,31,8737.979617
38.083896,24,8738.335162
-41.37,24,8738.711704
38.609756,28,8739.206199
-38.1,32,8741.802178
-39.0,28,8742.299637
35.320896,23,8742.679076
-38.37,29,8743.18286
-43.8,47,8744.006195
32.212766,30,8744.495234
-41.5,42,8745.239029
-38.06,24,8745.620776
-38.38,27,8745.988667
-42.0,28,8746.385916
-41.13,24,8746.68593
33.0,31,8747.083466
-36.0,25,8747.418305
-45.0,31,8747.857547
-41.48,34,8748.364876
-35.88,32,8749.306176
-42.0,27,8749.744303
42.418478,19,8751.991343
-32.33,50,8752.887481
-41.27,31,8753.44695
-41.02,28,8753.884578
36.0,24,8754.297751
-35.19,31,8754.798657
-44.72,21,8755.154383
-44.1,19,8755.477313
-37.77,25,8755.905034
-35.45,27,8756.354638
-32.6,32,8756.819141
-32.73,35,8757.402498
35.870849,29,8757.791398
-38.53,29,8758.17545
36.0,24,8758.504676
-41.01,26,8758.901843
-38.9,22,8759.321104
-35.81,30,8760.459731
-41.2,24,8762.89261
-33.0,36,8763.48618
-38.38,27,8763.981069
-32.08,25,8764.409844
33.0,36,8765.014036
-38.74,30,8765.533374
-40.43,34,8766.094151
-39.0,24,8766.520527
-44.31,17,8766.835173
-38.41,33,8767.395919
-35.66,41,8768.007124
-39.0,30,8768.37994
-41.58,24,8768.722134
-32.62,29,8769.072612
-41.83,54,8769.836061
-42.0,21,8770.211075
-35.88,33,8770.754356
-36.0,31,8772.959318
-31.81,49,8773.662025
-42.0,30,8774.188312
-41.37,23,8774.610624
-38.07,29,8775.187874
-44.47,19,8775.642667
-41.58,22,8776.008589
-44.3,24,8776.631656
-35.2,24,8777.066595
-32.49,37,8777.680044
38.01032,25,8778.084843
-32.02,27,8778.558555
40.597293,26,8779.009766
-41.41,28,8779.4485
-40.84,35,8779.95644
-43.68,24,8780.27166
-35.79,29,8780.665177
-40.61,29,8781.031631
-38.62,29,8783.37267
35.609023,40,8784.042844
-40.65,19,8784.368026
-37.65,20,8784.693084
-38.72,22,8785.044587
-44.8,27,8785.51897
33.0,26,8785.967287
-33.0,31,8786.47634
36.0,28,8786.943229
-35.26,24,8787.327443
-38.26,31,8787.856274
-41.88,28,8788.335524
-47.05,20,8788.701514
34.43601,29,8789.052269
35.742268,28,8789.526965
-40.57,27,8789.974874
-37.44,33,8790.483609
-41.19,24,8790.81459
-42.0,18,8791.01964
-38.91,27,8793.162564
-38.91,33,8793.758047
-38.9,28,8794.256205
-41.91,25,8794.725398
-41.65,16,8794.99343
-45.0,25,8795.424948
-35.64,34,8796.012585
-41.46,20,8796.350073
-38.66,26,8796.789197
-35.45,32,8797.344217
-35.15,25,8797.798132
-44.08,29,8798.512671
-44.15,21,8798.955368
-41.82,23,8799.34336
-32.46,28,8799.800016
-41.97,25,8800.231226
34.802083,29,8800.706912
-41.49,25,8801.110369
37.992181,27,8801.496584
-47.2,24,8802.020155
-35.62,26,8804.363897
-36.0,31,8804.866827
-44.27,34,8805.362312
-41.49,20,8805.710538
-35.18,32,8806.243425
-38.66,26,8806.710604
-44.17,20,8807.094804
-41.95,20,8807.490238
-41.62,24,8807.895006
-41.18,25,8808.298067
-41.79,28,8808.743021
-34.97,33,8809.313437
-39.0,26,8809.759095
32.574534,58,8810.688599
-44.49,18,8810.976664
-41.64,31,8811.398034
-44.36,25,8811.78643
-38.68,26,8812.16131
32.465995,26,8814.260391
-38.13,34,8814.837479
-44.88,27,8815.279781
-40.35,25,8815.719962
-38.29,26,8816.206714
-35.61,38,8816.865169
-39.0,24,8817.229563
-41.58,30,8817.747094
-33.0,33,8818.319192
-38.27,36,8818.97583
-39.0,24,8819.381271
35.144754,38,8820.055583
-43.76,57,8820.993475
-35.54,27,8821.481015
-34.79,32,8822.010128
-38.91,27,8822.411984
-41.94,26,8822.809883
37.365242,28,8826.208497
-41.14,21,8826.565611
-35.75,29,8827.044955
-36.0,22,8827.421105
-32.74,27,8827.883003
-38.49,37,8828.574465
-32.83,92,8830.603815
-39.0,22,8830.990893
-41.74,20,8831.363121
-42.0,17,8831.647335
-37.62,31,8832.132819
-37.11,41,8832.715001
-40.92,30,8833.146216
-38.24,25,8833.518807
-37.91,32,8834.042263
-41.25,25,8834.461733
-42.0,24,8836.819806
-35.2,34,8837.374013
-38.3,22,8837.750354
-35.89,27,8838.551277
35.225963,37,8839.12028
-42.0,23,8839.566773
32.120155,41,8840.226118
-38.11,23,8840.617563
-39.0,23,8840.987915
-41.71,22,8841.360715
-38.85,30,8841.837936
-38.62,28,8842.288791
-35.3,27,8842.699221
33.0,34,8843.378319
-38.75,26,8843.793693
-38.6,30,8844.282434
35.939024,26,8844.709759
-45.0,20,8845.036499
-44.09,27,8845.44386
-39.0,24,8847.678142
-38.48,29,8848.172569
34.962667,37,8848.805624
-41.76,28,8849.278406
-42.0,37,8849.912
-38.91,26,8850.34071
-44.14,18,8850.618383
-32.63,46,8851.362332
-41.34,23,8851.688599
-44.31,20,8851.981602
-40.71,27,8852.39453
-43.77,26,8852.796247
33.0,39,8853.398153
-36.0,35,8853.955839
32.774436,36,8854.582302
-39.0,27,8855.284941
-35.74,36,8856.16584
-46.92,22,8858.362756
-45.0,20,8858.693689
-41.32,28,8859.161081
-38.12,27,8859.591593
40.077995,21,8859.937768
-43.84,34,8860.531422
-38.18,26,8860.99077
-38.09,31,8861.542067
-38.7,27,8861.980992
32.338583,33,8862.506212
-41.5,21,8862.811344
-41.62,21,8863.137729
-38.85,32,8863.587596
-41.05,20,8863.892981
-35.51,27,8864.367342
-41.86,22,8864.760972
-38.91,20,8865.07228
-34.51,25,8865.518163
-44.8,30,8866.031111
-35.32,26,8868.210291
32.006993,37,8868.817946
37.33432,22,8869.28568
32.246269,32,8869.832037
-41.55,19,8870.152863
-38.07,27,8870.604606
-44.48,40,8871.258663
41.921233,20,8871.606426
-32.48,31,8872.114684
-44.27,42,8872.71882
-41.32,31,8873.196889
-41.81,30,8873.639539
-38.91,24,8874.014279
-41.59,29,8874.522067
-38.29,34,8875.093804
-31.86,36,8875.670987
-30.0,33,8876.317529
-39.81,32,8878.705747
-44.69,24,8879.11756
38.072841,28,8879.624527
-35.78,30,8880.145137
-33.0,38,8880.758241
-40.78,23,8881.159826
-47.57,24,8881.768381
-41.93,21,8882.20853
-35.58,30,8882.630478
-41.31,53,8883.386765
-44.21,21,8883.734509
-37.5,31,8884.148236
-36.0,43,8884.768622
-40.78,26,8885.215638
-38.58,52,8886.198075
-41.82,26,8886.651512
-37.83,22,8887.106468
-41.75,23,8889.29271
-44.88,20,8889.547556
34.95913,32,8890.073071
-41.23,34,8890.658341
-35.6,24,8891.20135
-38.29,30,8891.769695
35.125577,29,8892.258299
-41.95,23,8892.709804
-41.5,23,8893.061099
-38.74,36,8893.578811
-38.67,27,8893.98313
-32.22,29,8894.413881
-42.0,23,8894.786382
30.0,35,8895.371284
-42.0,20,8895.738632
-44.19,26,8896.17423
-41.53,29,8896.837976
-35.7,29,8897.315666
-41.94,31,8897.830057
-38.84,33,8900.069922
-44.59,25,8900.440776
-38.61,26,8900.894097
-35.91,32,8901.434135
-36.0,29,8901.961361
-44.03,20,8902.308387
-35.65,33,8902.893241
-41.56,30,8903.331625
-38.52,29,8903.785738
-44.24,22,8904.152746
-41.91,20,8904.591109
-38.48,27,8905.026945
-37.34,29,8905.530463
-38.32,32,8906.059435
-44.18,26,8906.54563
-35.48,30,8907.047857
-41.39,25,8907.600033
-40.85,33,8908.283721
33.0,36,8910.933357
34.922135,36,8911.426835
-35.2,28,8911.872686
-41.44,28,8912.351045
-40.59,25,8912.834874
-38.96,25,8913.213843
-32.85,30,8913.682308
-42.0,23,8914.030828
-38.1,34,8914.51026
-41.68,26,8914.896167
-38.26,35,8915.394817
-41.57,27,8915.86675
-37.44,30,8916.378547
-41.94,32,8916.930679
-44.66,26,8917.36231
-32.5,41,8918.004313
-39.0,40,8918.652794
-35.8,34,8921.36564
-38.57,26,8921.732973
-47.5,48,8922.547887
-38.47,20,8922.898433
-38.04,25,8923.304502
-32.61,30,8923.753268
-39.0,28,8924.156059
-38.91,37,8924.691663
-35.82,31,8925.135766
-37.6,25,8925.575457
-45.0,20,8925.919382
-39.0,40,8926.586006
-38.0,35,8927.176677
-41.02,88,8928.676818
35.111111,36,8931.144224
-41.07,28,8931.554894
-32.16,38,8932.147463
-41.75,35,8932.796418
-38.76,30,8933.321336
-37.61,29,8933.766502
-41.57,24,8934.143119
-35.61,26,8934.78447
-37.73,26,8935.191
-38.52,27,8935.949294
32.209738,35,8936.576147
-41.91,23,8936.963567
32.321285,29,8937.441893
-41.5,30,8937.946379
41.186589,25,8938.50425
-38.2,34,8939.054394
-35.9,47,8939.829387
-40.38,26,8942.142998
-38.55,28,8942.534105
-35.42,32,8942.995227
-36.0,30,8943.462532
-41.47,30,8943.946371
-44.75,30,8944.390588
-41.13,28,8944.811239
-38.75,26,8945.193416
-41.18,25,8945.579045
38.110632,20,8945.933427
-41.65,25,8946.439036
-41.81,23,8946.825974
-33.0,28,8947.293117
-38.79,39,8947.962642
-38.12,25,8948.361669
-38.37,29,8948.868347
-38.91,32,8949.417523
-41.54,24,8949.784948
-38.74,28,8950.278836
-38.14,23,8952.376015
-38.58,26,8952.721559
38.327511,31,8953.142473
-39.0,27,8953.522409
-31.83,33,8954.087189
-36.0,24,8954.513644
-38.39,26,8954.883193
-35.02,34,8955.376744
-35.47,27,8955.762337
-44.37,19,8956.031214
-41.9,25,8956.431458
-32.49,41,8957.117079
-38.37,36,8957.681179
-35.51,36,8958.275012
-35.42,27,8958.737417
-38.58,41,8959.408346
-35.01,26,8959.826269
-35.35,25,8962.318848
-40.27,27,8962.704723
-41.87,24,8963.061196
34.825217,29,8963.490862
-37.98,27,8963.884029
-32.58,45,8964.497685
-35.74,33,8964.922195
-32.1,30,8965.379928
34.4434,39,8965.915245
-38.91,40,8966.515466
-41.45,25,8966.915282
-37.83,49,8967.824436
38.496466,22,8968.178173
-32.26,36,8969.113257
-30.0,29,8969.590899
35.655039,23,8970.024188
35.185252,27,8972.421372
-44.86,25,8972.826643
35.078125,26,8973.297216
32.799197,33,8973.825747
35.263158,32,8974.257345
35.350181,38,8974.764264
-35.2,32,8975.183662
32.093878,31,8975.599731
-38.38,27,8976.009633
-38.17,22,8976.334614
-41.3,23,8976.67949
-38.39,26,8977.061615
-37.94,23,8977.490757
-36.0,32,8978.052584
-38.38,33,8978.676271
-36.0,28,8979.147994
-39.0,28,8979.651403
-35.37,27,8980.115877
33.0,45,8983.182229
32.15942,29,8983.645831
-35.97,52,8984.349832
32.516393,37,8984.879811
38.012461,23,8985.197949
-35.39,26,8985.555458
-40.66,25,8985.911845
-41.14,17,8986.360055
-38.61,24,8986.742536
-41.02,36,8987.264413
32.716418,33,8988.246763
-38.37,29,8988.716104
-38.88,43,8989.454122
32.883019,26,8989.891366
-41.72,25,8990.306327
-42.0,24,8990.723326
32.278523,29,8991.197888
-32.61,31,8993.632774
-34.42,28,8994.068751
-32.83,40,8994.669958
-32.1,44,8995.327415
-43.87,23,8995.666351
-41.29,25,8995.953192
-37.67,25,8996.256168
-41.88,19,8996.549067
-44.7,40,8997.171225
-38.39,28,8997.596989
-45.0,22,8997.997004
-44.07,43,8998.704843
-38.42,26,8999.138894
-33.0,26,8999.597294
-32.44,34,9000.1516
-33.0,28,9000.604751
-38.31,29,9001.105077
-41.2,22,9003.435904
-38.35,33,9003.972651
-43.68,24,9004.40349
-33.0,26,9004.837206
-40.81,32,9005.297992
40.75196,20,9005.573299
-40.87,29,9005.973282
-33.0,34,9006.397618
37.490843,28,9006.723262
-37.97,24,9007.077954
-41.47,31,9007.51676
-32.3,27,9007.916436
-37.92,27,9008.428804
-38.42,27,9008.961036
-35.48,34,9009.51989
-39.0,32,9010.296661
-41.47,22,9010.688488
-41.75,26,9011.094129
-41.17,34,9013.625567
-38.88,36,9014.434432
-33.0,35,9015.208101
-41.35,22,9015.569878
32.648649,30,9016.076822
-38.06,30,9016.498456
-38.65,24,9016.794019
-32.28,33,9017.175059
32.655914,64,9017.975087
32.219512,26,9018.348448
-36.0,27,9018.780042
-38.52,40,9019.450404
-41.68,29,9019.99523
-43.92,25,9020.448734
-38.35,24,9020.859589
-39.0,35,9021.419247
-41.71,29,9023.881621
-36.0,35,9024.489088
-35.28,32,9025.027287
-37.64,44,9025.802413
33.0,28,9026.287958
-41.68,18,9026.602053
-36.0,42,9027.240714
32.534413,41,9027.745869
-42.0,20,9027.992357
-38.01,32,9028.396993
-41.21,22,9028.6987
43.528718,24,9029.122361
-41.73,25,9029.583907
-43.83,28,9030.066433
-32.66,26,9030.524993
-37.4,80,9031.99787
32.534799,30,9034.274344
-41.46,29,9034.574141
-34.46,28,9035.025981
-35.75,20,9036.17836
-39.0,29,9036.668259
40.681131,22,9037.044238
-39.0,28,9037.553812
35.10828,28,9037.974062
37.206906,23,9038.332964
30.0,30,9038.739288
32.638686,30,9039.142128
-40.45,30,9039.710376
-39.0,23,9040.24254
-32.85,30,9040.872192
-38.79,33,9041.465602
-32.2,31,9042.247162
38.973297,27,9042.718338
-41.52,24,9043.108747
-43.58,18,9043.430004
-38.07,28,9045.85169
-36.0,31,9046.356649
35.365517,29,9046.875988
-38.12,26,9047.345697
35.216117,33,9047.884186
-41.42,28,9048.336511
-40.7,33,9048.774304
-36.0,30,9049.214948
-40.66,27,9049.579144
-40.28,24,9049.880437
-44.67,20,9050.124392
-32.91,36,9050.993868
-40.73,44,9051.749509
-38.17,34,9052.292245
-47.81,17,9052.598132
-35.36,31,9053.123649
32.577519,32,9053.716323
-41.63,26,9056.142766
-38.47,33,9056.68801
-41.36,24,9057.081703
-42.0,23,9057.440307
-44.26,26,9057.995274
-42.0,21,9058.397772
34.591731,30,9058.891049
-41.02,21,9059.239587
-35.19,27,9059.612125
-35.68,26,9059.957247
-38.62,36,9060.40407
-32.34,49,9060.982306
-39.0,22,9061.520497
-41.35,16,9061.779994
-38.15,26,9062.214842
-36.0,31,9062.735091
-41.27,19,9063.063309
-39.65,29,9063.552859
-36.0,25,9063.939153
-41.23,28,9066.565274
-38.5,33,9067.129614
32.592727,30,9067.620708
-41.94,21,9068.113586
-35.12,23,9068.563401
-39.73,27,9068.992692
-44.52,20,9069.348415
-35.84,79,9070.604469
-41.5,19,9070.839181
35.035019,26,9071.132789
41.51938,22,9071.427277
-41.0,36,9071.91788
-32.86,31,9072.371523
-35.71,36,9072.946997
32.074349,35,9073.564193
-38.3,27,9074.000352
37.56528,36,9074.575498
-32.33,35,9077.135467
-41.11,27,9077.632189
-38.26,33,9078.202874
-41.29,24,9078.635636
-36.0,46,9079.534446
-45.0,70,9080.663205
-32.76,35,9081.197049
-38.39,34,9081.641149
32.604651,44,9082.221995
-41.46,19,9082.514872
-39.0,30,9083.542123
-41.92,28,9084.028706
35.159809,28,9084.479156
-41.73,28,9084.960911
-38.91,24,9085.417551
-41.48,119,9089.508046
-39.0,23,9089.974679
-32.54,37,9090.597221
-38.73,22,9090.945598
-38.31,24,9091.346058
-38.51,22,9091.676351
-38.31,116,9093.577663
-35.55,32,9094.085202
37.63782,26,9094.561513
-41.07,31,9095.276736
-41.9,26,9095.740722
-41.35,26,9096.202711
-32.32,36,9098.835891
-35.47,27,9099.337229
-35.22,26,9099.75809
-41.56,29,9100.263674
-35.23,31,9100.770707
-35.81,24,9101.166153
-41.38,28,9101.573106
35.567857,21,9101.914642
-41.03,25,9102.283296
-42.0,28,9102.660038
-44.21,18,9102.872464
-47.1,29,9103.260716
-33.0,32,9103.742431
-39.0,32,9104.180494
32.489655,27,9104.595586
-35.15,24,9104.971653
-38.37,24,9105.363985
-47.27,21,9105.713126
-41.59,24,9106.110449
-32.33,43,9108.830266
-32.51,34,9109.390908
-35.84,26,9109.852671
-38.28,31,9110.422169
35.751799,31,9110.932399
35.222672,27,9111.340164
-35.38,28,9111.72458
-32.31,31,9112.180805
33.0,39,9112.720723
-41.81,19,9112.981904
-34.98,30,9113.353815
-41.18,26,9113.702845
-36.0,27,9114.097915
-44.48,28,9114.516297
-41.02,30,9114.95211
-34.05,73,9116.301749
-32.41,37,9118.915858
-42.0,25,9119.369717
35.586086,24,9119.723866
34.800725,27,9120.130275
36.0,24,9120.56324
-40.94,20,9121.174135
-33.0,27,9121.591947
-42.0,22,9121.98481
33.0,23,9122.325927
33.0,43,9122.935245
-40.76,21,9123.249222
-39.0,23,9123.600406
-40.41,22,9123.896009
-39.0,28,9124.262231
-41.45,24,9124.594831
37.193629,29,9125.023585
-32.74,34,9125.470961
-43.65,17,9125.731447
-38.45,33,9126.275398
-41.56,28,9128.698403
-38.77,25,9129.12955
-44.05,19,9129.442702
-42.0,22,9129.830643
34.675818,33,9130.400647
-38.87,32,9130.970926
-35.37,37,9131.603164
34.743087,25,9132.048315
-44.04,18,9132.33087
39.474705,34,9132.837793
32.5,28,9133.261129
-35.2,27,9133.683061
-41.67,23,9134.019933
-44.1,18,9134.290191
35.711921,24,9134.673068
-44.16,27,9135.036898
-41.32,23,9135.399544
38.050193,25,9135.748302
-41.9,19,9136.015154
-35.07,25,9136.392348
-41.91,29,9138.827519
-42.21,25,9139.265643
-38.59,30,9139.788555
32.231034,23,9140.21845
-43.6,27,9140.685644
-37.9,38,9141.281981
-38.5,33,9141.870163
-34.73,29,9142.29587
-41.44,25,9142.668229
35.674497,31,9143.128559
-37.57,38,9143.962908
-31.67,43,9144.759618
-34.63,39,9145.299003
-44.5,44,9145.942378
-33.0,26,9146.323329
-36.0,28,9146.730287
-43.65,23,9147.138697
-41.58,32,9149.64993
-44.01,23,9150.06108
-47.69,25,9150.550675
-44.28,19,9150.902378
35.207273,30,9151.381413
-41.78,39,9152.09719
-41.38,33,9152.629254
-42.0,21,9152.950517
-34.42,38,9153.535759
-38.07,31,9154.024974
-35.09,24,9154.427526
-44.1,25,9154.845797
-32.42,26,9155.306471
-35.45,26,9155.766893
-38.15,32,9156.291334
-45.96,21,9156.62638
-32.61,32,9157.052623
39.0,24,9157.408236
-38.35,27,9159.757442
-37.8,29,9160.252145
-33.0,28,9160.749733
32.673295,51,9161.622743
-38.62,30,9162.126949
32.37037,29,9162.580063
-41.14,28,9163.016077
-43.86,24,9163.374863
-38.4,24,9163.702579
-40.57,38,9164.280747
-35.88,36,9164.894475
37.42469,26,9165.335029
-35.91,33,9165.9152
-33.0,46,9166.948465
-38.16,29,9167.375458
-46.77,18,9167.613843
-41.16,22,9167.92334
-41.77,34,9170.448531
-44.5,25,9170.896241
-38.4,87,9172.576804
-44.4,23,9172.933244
-38.36,30,9173.650725
35.306859,19,9173.92481
35.366667,28,9174.320995
35.11413,26,9174.755821
-36.0,33,9175.334385
-41.5,21,9175.663457
-32.23,29,9176.244426
-36.0,22,9176.606723
-38.73,34,9177.148557
-40.09,23,9177.544644
32.752577,31,9178.066636
-38.74,20,9178.348918
-42.31,28,9178.716822
-44.8,24,9180.99909
-41.53,29,9181.486473
-43.36,20,9181.851684
-33.0,36,9182.444406
-34.13,32,9182.914797
32.270042,34,9183.403613
-43.86,24,9183.732916
-38.9,20,9184.06666
34.892047,35,9184.613532
-37.24,30,9185.1339
35.069536,34,9185.865402
-38.15,26,9186.276328
-38.49,26,9186.740901
-41.81,43,9187.554645
-41.06,20,9187.90433
-44.26,24,9188.450516
-44.12,21,9188.804915
-41.44,20,9189.110362
34.621734,28,9191.383936
-37.21,29,9191.86646
-34.67,29,9192.364624
-38.1,31,9192.870253
-38.75,25,9193.238513
-43.97,38,9193.781097
-38.2,28,9194.221628
-44.19,16,9194.428867
-32.88,35,9195.001487
-38.74,32,9195.761448
35.004471,40,9196.467813
-32.92,23,9196.873265
-35.52,29,9197.398016
-38.27,31,9197.85673
-40.91,21,9198.173447
-38.81,31,9198.716286
-41.95,36,9199.339336
-35.44,28,9199.934241
-32.09,28,9202.367821
-38.3,23,9202.758102
-41.55,27,9203.167596
-35.67,38,9203.715554
-37.1,32,9204.220164
-42.0,22,9204.545588
44.436034,24,9204.906199
-35.5,37,9205.503774
-41.62,20,9205.851523
-35.39,30,9206.347363
-38.84,25,9206.800042
-44.25,31,9207.340487
-32.7,33,9207.899017
-38.16,22,9208.266486
-36.0,33,9208.821398
-38.05,26,9209.251702
-41.1,18,9209.553921
-40.95,20,9209.902972
-39.0,35,9212.277135
-32.94,33,9212.84564
-42.0,20,9213.181551
-41.87,22,9213.582592
-44.82,23,9213.94274
-35.58,35,9214.415684
-38.27,25,9214.800969
-35.51,44,9215.558709
35.878431,24,9215.936438
-32.53,39,9216.556141
-38.6,25,9216.969823
-41.46,23,9217.348939
-35.04,60,9218.380978
-41.28,23,9218.819553
-38.28,36,9219.454774
-40.89,19,9219.779356
32.194539,35,9220.360445
-38.25,23,9222.771667
38.780172,26,9223.207685
-42.0,20,9223.573649
35.121546,28,9224.067696
-33.0,39,9224.743144
-36.0,27,9225.13838
-38.53,30,9225.585419
44.996429,26,9225.967485
-42.0,22,9226.405021
-35.53,30,9227.00477
34.820407,37,9227.748198
-35.88,23,9228.162195
-38.0,30,9228.674278
32.700965,30,9229.190179
-32.92,31,9229.713872
-41.74,28,9230.203438
32.131579,27,9230.669043
-37.5,34,9231.276873
-41.71,22,9233.556175
-41.15,18,9233.823472
-38.11,28,9234.23519
-41.64,22,9234.572506
-36.0,35,9235.1543
-41.62,26,9235.467584
-38.86,25,9235.845509
-39.0,26,9236.22444
32.46831,35,9236.738041
-35.02,34,9237.28223
-35.47,34,9237.961161
-32.88,28,9238.5402
-33.0,29,9239.077669
-43.31,23,9239.505916
-41.15,17,9239.795271
-35.59,30,9240.321651
-38.59,22,9240.700324
-33.0,29,9241.209634
-36.0,32,9241.724105
-32.24,35,9244.170218
-41.71,26,9244.535648
34.470625,25,9244.869363
-38.23,23,9245.262151
-34.79,45,9245.963001
34.769964,28,9246.398218
-35.26,27,9246.762535
-40.83,25,9247.124875
-43.51,52,9247.945368
-38.57,29,9248.637029
-36.0,27,9249.086846
-41.29,28,9249.57918
-32.76,34,9250.212024
32.739437,32,9250.735857
-44.15,27,9251.190124
-41.78,20,9251.520813
-38.71,30,9252.034919
-35.72,30,9254.539525
-41.1,22,9254.885373
-39.0,25,9255.22916
-38.6,22,9255.517924
37.456139,24,9255.866949
-32.03,25,9256.255812
-33.0,42,9256.874081
-42.0,22,9257.189894
-41.6,29,9257.61296
-41.0,31,9258.128457
-38.61,26,9258.58518
35.357664,21,9258.924967
37.869007,25,9259.375934
-42.0,26,9259.791074
40.291897,27,9260.244462
33.0,35,9260.817615
-43.81,30,9261.355749
-34.62,30,9261.836881
-41.03,29,9262.369633
-37.89,24,9264.524145
38.265126,39,9265.063854
-38.39,29,9265.471692
-42.0,25,9265.816479
-34.13,31,9266.258119
-44.11,42,9266.855654
-34.92,47,9267.534941
-44.08,25,9267.892124
-43.77,40,9268.497931
-38.67,34,9269.072035
-33.0,35,9269.644341
-32.5,29,9270.13246
-44.13,28,9270.611223
33.0,31,9271.124976
-42.0,35,9271.721085
-38.1,31,9274.290739
-35.05,27,9274.739729
32.379845,26,9275.160795
-35.01,27,9275.560941
-41.59,24,9275.902462
-41.38,37,9276.380854
35.663462,27,9276.775646
-41.0,23,9277.08408
32.383178,35,9277.59082
-37.8,29,9278.056018
-34.66,31,9278.515495
-43.27,23,9278.963605
-39.0,27,9279.53942
-36.0,33,9280.109553
-41.36,24,9280.444364
-37.37,31,9281.036108
-38.11,55,9281.940719
-32.58,25,9284.317894
-39.0,43,9285.218339
36.0,25,9285.680096
-35.22,31,9286.160551
-38.15,37,9286.65402
-41.58,28,9287.009899
-35.81,36,9287.621199
-42.0,27,9287.953766
-43.72,31,9288.421443
-43.71,34,9288.899887
-42.0,30,9289.341439
-38.58,27,9289.747231
-41.81,23,9290.119802
-37.43,24,9290.498842
32.280654,35,9291.077505
-35.45,27,9291.827345
-38.95,39,9292.491694
-35.91,32,9294.99926
-43.51,23,9295.393719
-37.88,38,9296.014111
-38.15,28,9296.506314
-44.5,26,9296.838685
-34.01,27,9297.238986
-41.9,21,9297.539904
-38.54,24,9297.805005
-37.84,26,9298.113751
40.737172,25,9298.381783
32.801471,26,9298.768478
35.30292,26,9299.136385
43.642399,22,9299.449566
-35.74,31,9299.939085
-39.0,33,9300.717925
-39.0,34,9301.339248
-40.87,33,9301.923789
-35.18,25,9302.403483
-32.94,53,9305.928133
-41.51,26,9306.379773
-37.87,26,9306.808995
-44.35,18,9307.113855
32.105691,32,9307.544007
-44.28,20,9307.835152
-44.79,30,9308.227418
32.672026,25,9308.566791
-32.39,29,9308.914999
-42.0,26,9309.329627
37.804685,24,9309.664915
-38.45,23,9310.010066
-32.76,103,9311.796251
-38.74,24,9312.184741
-33.0,31,9312.691094
32.419231,39,9313.311742
-47.5,30,9315.697891
-35.45,24,9316.129015
-38.39,32,9316.675265
-44.41,27,9317.125271
-44.18,27,9317.573372
-33.0,32,9318.017177
-36.0,20,9318.310446
37.576323,25,9318.645208
-41.24,32,9319.051081
-32.11,35,9319.504637
-44.25,22,9319.788747
38.065217,24,9320.141214
-35.18,28,9320.595649
-34.69,39,9321.281181
-41.81,58,9322.26389
-36.0,44,9323.013735
36.875811,41,9325.635437
-38.37,42,9326.630626
-42.0,25,9327.056889
-44.28,19,9327.354988
-34.92,34,9327.899698
32.431818,32,9328.35289
-35.91,41,9328.955837
-31.59,36,9329.421693
32.220779,31,9329.985163
-35.49,29,9330.700755
-41.4,27,9331.161317
30.0,42,9331.913204
34.762996,26,9332.352791
-35.59,24,9333.006618
-42.0,31,9333.51661
-41.87,27,9333.972565
-32.91,27,9336.385402
-32.08,31,9336.877361
-38.62,31,9337.369883
-41.46,32,9337.966105
42.84349,25,9338.431365
-42.0,27,9338.883745
-41.18,25,9339.280346
34.940067,37,9339.723785
-32.06,35,9340.12909
-42.0,24,9340.449094
-39.92,23,9340.715384
-44.32,21,9341.032952
38.161871,21,9341.344407
-38.37,29,9341.839138
-35.23,33,9342.499089
35.085291,29,9343.003514
-41.23,36,9343.672532
32.474453,33,9344.242623
-41.27,28,9346.757297
-41.44,38,9347.388687
-38.12,52,9348.324203
-44.23,22,9348.725123
-43.33,20,9349.091768
-35.62,29,9349.516494
-38.02,24,9349.84243
-44.22,27,9350.148844
-44.63,24,9350.437375
-40.86,31,9350.780181
-38.05,30,9351.212729
-41.19,30,9351.628691
-38.13,28,9352.003316
-41.06,22,9352.618461
-37.73,22,9352.980722
-38.35,24,9353.416259
-35.68,39,9354.174555
-38.52,28,9354.669336
-31.82,35,9357.27712
-35.99,31,9357.810581
-35.91,20,9358.130877
-41.3,39,9358.79504
-35.8,23,9359.173167
32.900735,24,9359.588189
-38.53,27,9360.030548
44.385246,19,9360.303255
35.182759,25,9360.654289
-37.59,30,9361.103878
-40.92,20,9361.550383
-35.22,25,9361.870352
-39.0,30,9362.282668
-41.35,28,9362.659334
-43.84,21,9362.927354
32.02439,48,9363.670254
32.146341,35,9364.423381
-32.64,33,9364.974818
35.490272,29,9367.39318
-42.0,22,9367.776775
-44.34,23,9368.151961
-37.69,31,9368.662409
-38.32,28,9369.226249
35.422222,25,9369.655704
34.857068,48,9370.391959
32.106061,41,9370.980305
-32.09,30,9371.443584
-41.7,29,9371.850783
-35.34,33,9372.291374
-37.75,28,9372.68073
-32.22,30,9373.109767
-41.27,26,9373.722411
-35.48,34,9374.341792
-41.82,27,9374.799551
-35.64,38,9375.437228
-35.1,40,9378.285279
-37.95,24,9378.679109
-38.25,28,9379.127411
-38.62,22,9379.54145
-32.92,37,9380.156407
-35.62,27,9380.538061
-33.0,34,9381.051007
-39.0,18,9381.335285
-38.17,29,9381.79274
-38.23,23,9382.153792
-41.64,25,9382.762612
-38.49,30,9383.16689
-40.25,24,9383.48425
-41.84,32,9383.915301
-41.09,33,9384.509919
32.32766,27,9384.940786
-45.0,32,9385.482318
41.328533,22,9385.841058
-38.32,28,9388.236409
-41.23,35,9388.818016
-31.99,27,9389.30175
-44.52,24,9389.71471
32.156812,37,9390.303121
-38.28,22,9390.638273
37.906265,21,9390.916102
32.309237,31,9391.419495
-39.0,31,9391.87737
-41.37,28,9392.321545
-32.22,32,9392.79917
40.088178,33,9393.284563
-39.0,29,9393.691736
33.0,26,9394.020609
-35.48,25,9394.396982
-36.0,26,9394.805026
-41.43,38,9395.403214
-40.83,21,9395.745603
-47.1,21,9398.376807
-32.56,37,9398.959934
-46.71,35,9399.557302
-32.35,29,9400.031485
-41.72,27,9400.418648
-43.73,32,9400.891903
-34.72,46,9401.539657
-37.84,24,9401.917981
-32.89,37,9402.530588
36.688361,24,9403.097379
-39.0,32,9403.54364
-44.11,22,9403.850903
-35.61,31,9404.295444
32.307692,40,9404.860434
32.08642,30,9405.345548
-44.43,24,9405.720899
-35.68,32,9408.286075
-38.6,26,9408.863475
-44.5,30,9409.407204
-47.44,19,9409.758034
-44.06,32,9410.333796
-38.91,28,9410.750899
32.203636,38,9411.285637
-47.51,37,9411.827387
-38.88,31,9412.3097
-44.06,27,9412.745264
-32.77,41,9413.406607
-45.0,21,9413.702215
-39.0,37,9414.228602
-32.59,35,9414.707507
-38.08,27,9415.102893
-41.18,25,9415.522791
-44.12,24,9415.930696
-44.45,26,9416.374685
-35.92,29,9418.970117
32.654762,44,9419.672862
-41.49,24,9420.076786
-40.99,24,9420.457043
-40.81,20,9420.766066
32.325175,29,9421.194624
-42.0,29,9421.621989
-38.17,25,9421.989579
-45.0,21,9422.287795
-40.13,25,9422.715687
-41.48,18,9423.117328
-35.34,35,9423.685042
-44.6,20,9423.97065
38.098182,21,9424.255031
-39.0,24,9424.593489
-37.78,26,9424.949275
-39.0,42,9425.613919
-35.9,28,9426.091824
35.948819,32,9428.573009
-38.86,23,9428.944845
-39.0,24,9429.534064
-34.9,35,9430.180412
-43.73,23,9430.545738
-36.53,24,9430.941537
38.361217,25,9431.296855
-32.94,26,9431.703
-35.81,40,9432.28265
-39.0,28,9432.707006
38.643293,30,9433.236069
-41.67,26,9433.862801
-38.82,29,9434.343403
32.563177,46,9434.996143
-41.3,25,9435.333244
-38.11,24,9435.661571
-32.7,24,9436.011938
-41.16,23,9436.339923
37.190271,24,9436.75129
-34.9,28,9439.316826
-35.74,37,9439.989317
-38.91,28,9440.504958
-39.0,28,9440.955389
-32.55,32,9441.414409
32.717949,33,9441.947766
-44.86,18,9442.211414
-38.21,18,9442.480964
35.364486,26,9443.465185
32.597122,38,9444.114899
34.654024,28,9444.568753
36.0,31,9445.0826
-44.14,22,9445.477082
-41.48,25,9446.01548
-41.22,25,9446.395691
-32.81,37,9446.962901
-35.36,31,9447.413277
-38.37,24,9447.842558
-40.72,28,9450.255882
-32.58,28,9450.67674
-40.65,28,9451.063538
-41.62,27,9451.451218
33.0,40,9452.029835
-47.51,23,9452.40918
-40.89,42,9453.167377
-38.48,39,9453.879221
-40.89,23,9454.510904
-33.0,34,9455.12057
-44.7,25,9455.560686
-32.4,29,9456.059129
-38.25,24,9456.493082
-32.78,34,9457.023795
-40.92,24,9457.369774
-38.91,34,9457.866615
-38.38,28,9458.295755
-35.72,38,9460.840552
-45.0,25,9461.195853
-38.21,29,9461.918887
-41.05,29,9462.347947
-32.5,31,9462.810419
-38.45,26,9463.202923
-37.84,45,9464.10938
-32.5,36,9464.671922
-32.1,37,9465.283406
-47.57,17,9465.611202
-39.0,25,9466.001802
-42.0,16,9466.28612
-35.39,28,9466.759928
-41.43,23,9467.146143
-35.34,25,9467.48113
-38.0,27,9467.871135
33.0,25,9468.228016
35.413793,30,9468.645321
35.401709,26,9471.095006
40.222675,32,9471.621096
-35.94,25,9472.062806
-35.68,33,9472.566728
-44.24,22,9472.940525
-41.74,23,9473.390821
-35.93,25,9473.958074
-35.71,30,9474.597173
-35.46,33,9475.302632
-32.82,27,9475.825939
-38.91,37,9476.607554
-40.44,27,9477.245012
39.0,27,9477.82456
-38.26,30,9478.535037
-42.0,41,9479.825607
-41.83,23,9480.07601
39.593283,27,9480.389274
-38.63,29,9480.872312
-39.0,26,9483.81447
-35.25,28,9484.583612
-35.63,32,9485.124537
-40.68,31,9485.683676
-38.13,32,9486.286964
-44.36,23,9487.470311
-33.0,24,9488.335952
-35.23,40,9489.060606
-38.79,26,9489.657126
-41.34,22,9490.026421
-35.1,28,9490.519477
-47.13,15,9490.777429
-38.36,26,9491.490158
-32.48,31,9492.048707
-41.2,36,9492.469831
-34.75,109,9495.916301
-37.37,29,9497.005877
-38.58,24,9497.355177
37.886876,90,9499.12039
-37.87,23,9499.528575
-35.62,26,9499.998907
-41.7,40,9500.710851
32.992218,39,9501.426899
-32.08,31,9501.986441
-44.25,18,9502.305617
-42.66,27,9502.816376
-44.5,16,9503.140846
-39.86,35,9503.78633
-36.0,36,9504.479164
-41.03,22,9504.851467
35.465839,27,9505.320698
32.102389,37,9508.145127
-44.54,23,9508.512272
-32.26,30,9508.968936
-35.49,27,9509.4383
-34.83,30,9509.994651
-38.62,29,9510.543672
-41.68,24,9510.974185
34.363543,31,9511.573229
-38.07,27,9512.037642
-41.37,20,9513.002487
-46.56,20,9513.628872
-44.49,21,9514.015835
32.910217,52,9514.93661
-43.58,28,9515.415231
-42.0,35,9516.051539
-41.54,31,9516.600092
-41.3,36,9517.280566
-38.76,23,9517.716764
-37.91,33,9520.025249
-39.0,24,9520.390062
-41.18,33,9520.928925
-44.18,22,9521.345905
-41.47,24,9521.943222
-42.0,17,9522.38286
-38.74,31,9522.935689
-41.75,27,9523.4518
-41.73,27,9523.929154
-35.44,27,9524.439958
-38.82,28,9524.968981
-39.0,30,9525.497118
-42.0,28,9526.006641
-38.76,22,9526.416705
32.629771,56,9527.405523
-46.8,37,9528.105155
-44.27,24,9528.531027
-41.51,28,9529.060593
-39.0,33,9531.326333
-38.66,32,9532.583904
-35.6,29,9533.148098
-42.76,22,9533.564703
-32.5,29,9534.180306
-32.22,35,9534.821718
-44.07,21,9535.178785
-38.88,30,9535.833407
-41.53,44,9536.723331
-38.14,27,9537.23085
-42.67,22,9537.629665
-40.56,30,9538.150193
35.002882,24,9538.599839
-42.0,27,9539.167535
-38.68,35,9539.804685
-43.71,22,9540.223544
-45.0,24,9540.668186
33.0,27,9541.339479
-46.61,37,9543.735024
38.126866,22,9544.151633
37.807267,29,9544.719276
-33.0,38,9545.36482
-44.14,49,9546.234977
-38.7,22,9546.639332
-38.2,27,9547.214843
-42.0,39,9547.94258
-36.0,25,9548.562225
-36.96,26,9549.056178
-33.0,35,9549.859786
-33.0,37,9550.660756
31.723022,33,9551.285986
-41.42,121,9555.136364
-41.22,24,9555.576571
-38.8,23,9555.985187
-41.29,28,9556.469923
-41.41,31,9557.061326
32.284444,35,9557.674281
-38.22,32,9558.240477
-41.06,22,9558.64601
38.079469,23,9559.067304
-43.86,29,9559.576519
34.659245,25,9560.045143
-40.69,25,9560.518428
-43.77,28,9561.029467
34.693416,31,9561.568489
-41.88,25,9562.024399
32.750903,23,9562.447838
-38.02,25,9562.906484
-42.0,29,9563.559288
-41.51,29,9563.973101
-38.68,41,9566.440718
38.214008,28,9566.985666
-38.44,34,9567.641869
-35.61,26,9568.129459
-42.0,33,9568.708896
36.98106,33,9569.401072
-32.43,39,9570.047278
-38.36,27,9570.45092
41.225,19,9570.783154
-36.0,33,9571.432421
-32.59,28,9572.043536
-35.19,48,9572.904998
-39.53,38,9573.667795
34.935768,28,9574.168886
-44.17,23,9574.603411
-44.68,22,9575.04262
-39.0,21,9577.135144
-36.0,22,9577.460327
-39.0,24,9577.798403
-41.69,27,9578.205942
-34.72,27,9578.602096
-38.24,32,9579.40792
-40.34,30,9579.954385
37.350652,31,9580.524252
-40.57,28,9581.040758
-44.5,22,9581.424499
-44.86,56,9582.463482
-43.62,30,9583.003282
35.271127,29,9583.53784
-41.65,27,9584.018588
-40.79,30,9584.570321
-41.2,26,9585.023057
-41.2,27,9585.51381
32.683502,45,9588.130206
-42.0,68,9589.130056
-38.2,27,9589.540028
-38.71,28,9589.942494
-32.88,39,9590.570889
-38.47,27,9591.031579
35.190871,24,9591.507047
-32.08,30,9592.117875
-44.34,25,9592.582649
-35.02,36,9593.23163
-41.04,28,9593.731661
-31.66,33,9595.046182
-32.88,37,9595.754127
-38.28,29,9596.239466
-42.0,14,9596.680665
-44.26,19,9597.088986
-45.0,17,9597.382042
-39.0,25,9599.819191
35.471831,29,9600.327684
-34.92,24,9600.723873
-41.63,29,9601.220979
-35.52,39,9601.82276
32.618243,27,9602.262468
37.984908,39,9602.955284
-44.3,18,9603.304585
-36.0,22,9603.717188
32.4,38,9604.436049
41.133427,17,9604.76804
32.418391,29,9605.279976
-41.02,36,9606.173158
-35.68,28,9606.593617
-43.88,20,9606.96653
-38.36,34,9607.552421
40.352217,25,9608.007546
32.424138,27,9608.405324
33.0,31,9610.809487
32.016667,31,9611.397857
-39.0,35,9612.067405
-32.79,27,9612.479218
37.642006,29,9612.881911
-35.4,30,9613.34642
-32.41,31,9613.795109
-38.28,24,9614.155254
-35.56,41,9614.898538
-32.7,34,9615.571654
32.424893,31,9616.222823
-35.8,34,9616.812262
-40.38,22,9617.21512
-35.13,31,9617.756867
-44.39,24,9618.182225
37.724207,25,9618.635034
-41.48,29,9619.132749
-39.0,23,9619.503396
-38.32,29,9621.994791
-35.91,35,9622.588476
-40.6,18,9622.882433
-43.81,26,9623.205783
33.0,35,9623.573602
-44.91,30,9624.18223
-38.34,23,9624.76101
-37.68,36,9625.36924
-35.91,22,9625.681665
-41.74,29,9626.121036
-43.84,30,9626.593062
-41.76,24,9627.011643
-38.4,27,9627.489566
-35.76,20,9627.846657
36.0,23,9628.265518
-42.0,19,9628.605042
32.549618,34,9629.266639
35.434483,28,9629.836477
-38.08,30,9630.379781
-41.5,29,9632.751745
-38.53,25,9633.216382
-37.51,28,9633.766129
-38.2,27,9634.2667
-38.61,37,9635.186489
-44.36,41,9636.003423
-44.57,25,9636.41082
-32.36,29,9636.829225
-42.0,22,9637.151482
32.596091,24,9637.497609
33.0,33,9637.977217
-42.0,27,9638.427378
32.187702,30,9638.987872
-38.55,28,9639.476347
-40.84,27,9640.042664
-44.36,20,9640.416104
-35.91,26,9640.782587
-45.0,25,9641.07644
-41.91,22,9643.366096
-41.77,45,9644.117578
-41.51,21,9644.494923
-38.12,45,9645.345029
-41.81,26,9645.845575
-41.82,23,9646.324547
-38.28,28,9646.794207
33.906392,30,9647.340749
-44.69,26,9647.665695
-38.46,89,9649.08021
-38.49,32,9649.531217
-38.52,22,9649.857948
-32.88,41,9650.45972
-41.09,30,9650.941842
-46.34,22,9651.418208
-41.82,21,9653.824381
33.0,26,9654.196224
-41.07,27,9654.646718
41.059226,25,9655.051506
-36.0,68,9656.100096
-39.0,22,9656.528162
-35.45,32,9657.12643
-39.0,27,9657.600797
-34.53,41,9658.33929
32.589905,28,9658.814115
-35.02,23,9659.274417
-41.42,38,9659.96634
-41.86,27,9660.35286
-42.0,30,9660.798182
-41.18,29,9661.238398
-35.33,68,9662.495248
34.695753,35,9665.157588
-40.83,48,9665.90169
38.219168,22,9666.233008
37.55792,24,9666.582411
-39.0,31,9667.101449
-47.89,13,9667.348735
-35.53,30,9667.927177
-44.88,19,9668.251814
-41.68,29,9668.786927
-36.0,31,9669.352911
-31.64,28,9669.851157
-39.0,41,9670.588158
-44.43,23,9670.992568
37.712587,25,9671.388324
-41.83,29,9671.806153
42.949864,18,9672.097104
-35.76,37,9672.635985
-44.06,25,9673.005416
-42.0,17,9675.441124
-38.41,28,9675.883643
-38.7,29,9676.330956
-38.25,27,9676.741143
-38.86,31,9677.217565
-35.18,26,9677.671468
40.001737,23,9678.089314
-38.25,31,9678.662502
40.398096,26,9679.22116
-39.0,28,9679.898218
-38.04,24,9680.305178
-41.82,25,9680.760548
-41.68,25,9681.220695
-41.24,30,9681.779631
-32.32,41,9682.46637
33.0,28,9682.905046
32.0375,29,9683.325509
-41.4,22,9683.636325
-41.77,24,9684.02665
34.585859,31,9686.54435
-38.75,86,9687.910694
-39.94,24,9688.489444
-42.0,22,9688.973504
-41.78,22,9689.366827
38.900383,20,9689.726956
-41.07,25,9690.144707
34.822993,31,9690.715532
35.444444,23,9691.138619
-43.86,17,9691.468861
37.150777,24,9691.90019
-41.74,31,9692.427445
-41.01,38,9693.097581
-35.65,28,9693.632904
-35.14,34,9694.175278
-38.6,33,9694.689034
-38.45,29,9697.582638
-37.71,37,9698.200436
-41.34,19,9698.507468
32.237918,29,9698.973162
-44.58,25,9699.434002
-41.87,36,9700.122729
38.368507,30,9700.686527
32.313793,35,9701.312431
-44.52,28,9701.797345
-39.63,24,9702.248851
-40.79,41,9702.99374
-41.14,20,9703.376692
35.104418,32,9703.940597
-41.83,27,9704.450912
-38.82,21,9704.830035
32.196141,29,9705.269858
-38.35,42,9706.097248
-38.64,35,9708.660068
35.467532,32,9708.975008
-33.0,31,9709.284692
-36.0,27,9709.665935
-43.95,22,9710.042449
-44.18,36,9710.627132
-44.7,17,9710.89297
-38.64,20,9711.20833
38.785047,22,9711.59693
-35.42,37,9712.274262
-41.79,30,9712.822287
-41.03,20,9713.200695
34.914112,27,9713.692899
-44.65,19,9714.030088
-41.04,29,9714.565243
-32.59,31,9715.35587
-38.57,33,9715.778391
-38.25,26,9716.243924
-42.0,24,9716.689589
-35.54,29,9719.215628
-41.33,27,9719.802823
-41.14,31,9720.353899
32.734545,36,9720.967745
38.900524,26,9721.371071
-40.86,26,9721.823485
-41.7,51,9722.620731
38.36046,27,9723.106651
38.384298,24,9723.560472
-38.9,28,9724.064627
-43.09,28,9724.590688
-44.53,17,9724.896376
-35.27,22,9725.341234
34.990095,31,9725.900637
-38.26,25,9726.384454
-35.06,28,9726.933209
-44.18,26,9727.404748
-38.17,28,9727.88212
-36.0,44,9730.571378
-41.63,40,9731.30783
34.494813,32,9731.843414
-32.35,27,9732.238544
-47.24,34,9732.742326
-39.0,36,9733.312332
-38.55,28,9733.832035
47.202899,13,9734.227418
-38.56,30,9734.942848
-33.0,30,9735.490302
-38.83,26,9735.982398
35.136691,27,9736.497665
40.333963,24,9736.959237
-41.38,25,9737.413386
-40.93,24,9737.853396
-39.0,28,9738.380792
-44.73,20,9738.721738
-41.39,25,9739.200558
-41.84,24,9739.640145
-43.83,23,9741.861284
-44.17,36,9742.488312
37.313569,30,9743.282201
-42.0,32,9743.767104
37.485884,50,9744.638206
-35.29,34,9745.134575
-38.9,31,9745.74489
32.840741,27,9746.239438
-44.3,27,9746.721708
-32.38,28,9747.216103
-41.13,22,9747.608614
33.0,35,9748.225146
-38.17,29,9748.720797
-39.0,27,9749.227382
-31.73,35,9749.898262
-32.51,29,9750.417449
-41.54,21,9750.770317
37.618212,28,9753.193962
37.253339,25,9753.604854
32.143885,46,9754.380109
-44.0,25,9754.775083
-41.53,21,9755.083718
-38.91,26,9755.508887
-41.61,31,9755.995579
-38.48,27,9756.514994
32.085366,30,9757.048654
-32.25,35,9757.682729
32.327759,29,9758.154813
-38.46,26,9758.624473
-41.54,25,9759.072907
-39.0,31,9759.612013
-36.0,26,9760.123162
-34.67,34,9760.970385
-38.61,34,9761.559547
-41.28,26,9764.016986
-41.75,30,9764.475368
-35.06,34,9764.984659
-32.81,36,9765.553652
-39.0,31,9766.057195
32.775735,30,9766.495476
-38.52,27,9766.952388
-41.27,25,9767.396746
-34.28,40,9768.120197
-37.68,31,9768.718948
-35.31,34,9769.301328
-37.56,32,9770.12048
-44.52,20,9770.491689
-38.78,28,9771.055029
-35.91,28,9771.541965
-39.0,26,9771.989804
-37.44,34,9772.621287
-38.57,24,9775.085134
-41.31,32,9775.58116
34.329771,35,9776.046287
-33.0,31,9776.525082
-38.06,36,9777.079046
-38.41,26,9777.442098
-41.02,28,9777.88868
-42.0,18,9778.190052
-38.07,29,9778.756124
-35.45,23,9779.155405
-35.08,31,9779.725586
-38.9,36,9780.393139
-41.11,31,9780.934006
-44.93,29,9781.465184
-41.77,25,9781.913764
-41.91,23,9782.315849
-41.46,25,9782.791988
-41.04,34,9783.408323
-42.0,19,9785.733944
-38.57,29,9786.197501
-38.67,32,9786.641491
37.803571,26,9786.999631
-44.31,33,9787.514954
-37.17,28,9788.236852
37.811241,23,9788.590568
-41.68,22,9788.947865
39.0,24,9789.405481
-41.61,23,9789.80905
-44.26,24,9790.230146
-41.71,25,9790.677753
-41.07,31,9791.346744
-42.0,25,9791.779385
-40.57,20,9792.162577
-38.31,26,9792.563676
-38.26,25,9793.034543
35.019084,41,9793.786594
-38.26,35,9794.401623
-33.0,24,9796.828067
-38.27,31,9797.269052
-38.47,23,9797.552271
-44.3,21,9797.777698
-37.84,39,9798.284597
-44.8,24,9798.613416
-46.95,21,9798.929167
-45.0,17,9799.171655
-42.0,22,9799.550011
37.200788,30,9800.057965
-38.87,33,9800.627396
-32.91,32,9801.135092
-40.26,26,9801.58387
-40.65,24,9802.005986
-41.86,48,9802.841887
-40.99,22,9803.233726
-42.0,21,9803.607978
34.226994,25,9804.011056
-40.58,23,9804.399698
-44.03,29,9806.966006
-44.23,22,9807.333522
-47.65,20,9807.630893
-44.42,27,9807.988398
-38.51,30,9808.406947
-39.0,33,9808.85775
-35.25,33,9809.274849
-41.11,23,9809.596943
-39.0,31,9810.548838
-44.14,22,9810.949742
-42.0,26,9811.389824
-35.86,23,9811.762018
-40.88,24,9812.138049
-38.45,29,9812.779538
30.0,25,9813.326136
-32.89,32,9813.913257
-40.89,26,9814.344751
-44.64,27,9814.765387
32.377119,31,9815.31938
-44.04,28,9817.784565
-35.91,28,9818.202829
-39.0,36,9818.649309
-43.89,23,9818.921119
-35.31,41,9819.494267
-35.94,29,9819.860941
-41.56,21,9820.161361
-47.28,16,9820.430553
-38.72,35,9820.993075
-39.88,27,9821.543062
-41.18,23,9822.049796
-38.45,28,9822.48601
-43.19,19,9822.795179
-44.54,35,9823.384197
-42.0,37,9823.991832
-38.92,25,9824.427795
35.477816,27,9825.318363
-38.19,41,9826.210848
-39.0,28,9828.569279
-38.28,33,9829.029775
-33.0,31,9829.465297
-38.58,30,9829.830146
-39.0,45,9830.436497
-44.46,25,9830.789147
-41.37,21,9831.147328
-38.68,26,9831.588296
31.557692,36,9832.230179
-41.78,29,9832.71497
-44.15,23,9833.141789
-32.32,33,9833.743948
35.027972,28,9834.220698
-38.84,27,9834.722852
-33.0,33,9835.30338
34.606079,31,9835.836833
-35.69,26,9836.286828
-44.35,17,9838.616354
41.327338,22,9839.046326
-33.0,28,9839.492831
-44.39,36,9840.051008
32.610487,27,9840.422504
-34.9,32,9840.873897
-44.25,20,9841.156193
37.63,24,9841.512268
-36.0,27,9841.883314
-38.76,21,9842.20641
-41.22,30,9842.855012
-38.38,26,9843.308111
-42.0,38,9843.977359
-35.32,31,9844.548516
-44.22,23,9844.956548
32.650246,31,9845.50427
-44.49,30,9846.038653
-35.92,38,9846.904144
-35.69,35,9849.377797
37.228938,27,9849.814911
38.516459,28,9850.212543
-35.27,25,9850.606257
-44.52,17,9850.852992
-41.64,23,9851.172474
-41.25,25,9851.509159
-40.66,31,9851.938046
-32.72,38,9852.498472
-38.81,28,9852.921196
-38.0,39,9853.556467
-36.0,49,9854.424205
35.5,23,9854.821326
39.095526,26,9855.31889
-41.91,25,9855.766912
-47.88,24,9856.168816
32.860927,33,9856.707228
-31.88,36,9857.293056
-38.28,27,9859.769967
-40.57,27,9860.179594
-38.9,36,9860.714755
-32.21,31,9861.286213
35.75,25,9861.646907
-41.55,24,9862.018176
-39.0,42,9862.617609
-41.1,19,9862.912659
-47.17,22,9863.229766
-38.91,43,9864.144203
-32.88,32,9864.681672
32.003891,31,9865.197031
-41.86,30,9865.681005
-41.26,27,9866.143351
-35.52,35,9866.777725
-35.86,34,9867.378514
-35.06,33,9867.927955
-44.05,38,9870.326403
-43.67,21,9870.65046
-40.85,31,9871.072796
-32.34,29,9871.579374
-35.39,25,9871.975173
-47.4,26,9872.333958
-42.56,34,9873.09238
-44.34,19,9873.382873
32.950464,38,9873.904219
-37.6,36,9874.475432
-44.88,25,9874.958742
32.318766,28,9875.470399
-41.14,22,9875.821901
-35.28,30,9876.321662
-41.69,25,9876.752913
-41.17,26,9877.211565
-41.08,34,9877.840391
42.0,23,9878.251147
-44.57,27,9880.590383
-44.7,23,9880.916787
-37.93,29,9881.360396
33.0,34,9881.981866
-41.07,22,9882.34785
32.128405,34,9882.833136
-41.81,22,9883.146299
-39.0,28,9883.548297
-32.94,31,9883.983072
-41.0,18,9884.251811
-41.56,32,9884.770271
-35.66,28,9885.26216
35.629032,24,9885.709485
38.084207,53,9886.650596
-44.14,22,9887.041249
-32.7,31,9887.541247
-34.82,29,9888.086446
-41.91,22,9888.618644
-32.0,44,9891.134207
-43.6,27,9891.577694
-34.74,25,9891.98066
-32.81,29,9892.527155
-42.0,20,9892.879061
-45.0,17,9893.177373
-37.95,54,9894.027709
-32.35,36,9894.531385
33.0,30,9894.968993
-32.88,30,9895.394094
38.464029,24,9895.796182
-35.41,25,9896.229572
-44.26,25,9896.689075
35.154839,29,9897.142306
-38.85,33,9897.912777
32.803279,27,9898.405883
-36.0,33,9898.996393
-36.0,31,9901.361339
-39.0,38,9901.986061
-44.03,30,9902.526248
30.0,33,9903.166787
32.617021,32,9903.692199
38.377119,27,9904.133414
-38.88,28,9904.590193
-36.0,40,9905.190809
-44.45,21,9905.484033
-43.65,30,9905.924549
-32.61,32,9906.672008
35.302507,56,9907.653912
-34.78,77,9909.854148
-41.81,28,9910.297125
-44.27,21,9912.498059
-34.97,27,9912.9456
-38.87,30,9913.456022
-47.34,15,9913.722661
-35.15,35,9914.36178
-44.76,19,9914.673106
-42.0,18,9914.981948
-47.36,20,9915.371684
-43.94,28,9915.935504
-41.81,26,9916.311501
-44.44,23,9916.63858
-41.24,21,9917.464034
37.876988,25,9917.805794
38.264205,23,9918.163178
-32.75,29,9918.768033
-32.64,36,9919.330147
35.526154,25,9919.774136
-38.11,28,9920.234411
-41.37,26,9920.631705
-41.16,27,9921.053857
-37.08,30,9923.402553
-38.83,23,9923.79586
35.059233,31,9924.311931
-35.25,34,9924.865017
-37.31,32,9925.449054
-44.54,22,9925.799971
-47.59,21,9926.15158
-38.91,31,9926.671855
-41.84,35,9927.404256
-35.53,20,9927.685453
-41.42,25,9927.993661
-41.48,30,9928.506538
-32.42,53,9929.287888
-41.64,30,9929.790049
-38.89,26,9930.286727
-35.61,34,9930.834678
-35.43,27,9931.23573
-35.15,27,9931.64509
-35.36,25,9933.924615
-35.1,28,9934.396017
-42.0,19,9934.702074
-38.14,29,9935.1833
-38.5,28,9935.662901
-41.69,30,9936.160226
-41.69,25,9936.622689
-44.51,16,9936.865105
-41.17,17,9937.19364
35.088561,26,9937.571153
34.737285,32,9938.035541
-42.0,20,9938.326713
38.513735,27,9938.754415
-35.77,37,9939.290081
31.535088,53,9940.8027
31.580537,29,9941.281983
-41.28,100,9944.752202
-38.91,29,9945.22234
-42.0,23,9945.609776
32.265873,28,9946.109188
-33.0,31,9946.620066
-41.52,31,9947.253382
-32.77,31,9947.90786
32.13308,27,9948.29647
-32.46,26,9948.686599
-36.0,29,9949.077257
-41.46,40,9949.649218
-39.0,34,9950.270422
-32.64,30,9950.769762
-42.0,60,9951.712348
-41.11,18,9951.979046
-38.94,50,9952.715929
37.450204,27,9955.089337
-36.0,30,9955.593008
-36.0,37,9956.25425
-40.73,26,9956.737764
38.043771,22,9957.105692
-38.9,24,9957.503159
-39.0,23,9957.904213
-35.13,35,9958.502625
-41.35,21,9958.82213
-41.29,23,9959.148085
-35.62,30,9959.540484
-40.67,26,9959.905046
-38.22,29,9960.289485
-37.82,30,9960.770025
35.219247,29,9961.247196
32.278481,33,9961.70973
-41.25,23,9962.035711
-32.36,39,9962.717602
-35.51,30,9965.13918
-41.21,20,9965.617598
32.086207,37,9966.323185
-36.0,28,9966.819411
-38.46,26,9967.260055
-41.53,18,9967.563667
32.758389,47,9968.353878
-45.0,19,9968.680098
-44.47,16,9968.950396
-38.81,22,9969.257536
-41.17,32,9969.759475
-39.0,22,9970.082865
-44.78,128,9972.202818
-41.49,25,9972.689795
-36.0,30,9973.121661
-44.1,77,9976.922405
-43.8,28,9977.402522
-37.37,31,9977.915056
33.0,30,9978.418983
-33.0,26,9978.831657
-39.0,34,9979.450528
-41.76,29,9979.919003
38.34038,26,9980.382228
-38.31,26,9980.741764
34.306386,28,9981.127472
37.904814,27,9981.450721
-44.64,30,9981.819455
36.801463,24,9982.171682
-41.16,34,9982.669068
32.586486,25,9983.089058
-41.69,30,9983.611465
-38.12,25,9984.034556
32.96063,32,9986.47618
-35.69,26,9986.90931
-35.49,36,9987.510089
-35.03,37,9988.135727
-44.23,23,9988.523418
-41.44,21,9988.863404
-41.6,17,9989.144627
-35.56,28,9989.618174
-44.49,30,9990.291144
32.602941,36,9990.982837
-44.18,23,9991.301446
-35.31,25,9991.616579
-38.89,33,9992.05815
-36.0,57,9992.820203
-44.59,23,9993.151752
-38.07,34,9993.686379
32.901639,31,9994.302505
-33.0,29,9996.773808
-31.7,31,9997.291926
-36.0,34,9998.092839
32.755725,34,9998.658503
32.140221,33,9999.216581
-38.81,34,9999.785813
-38.18,23,10000.179275
35.020833,26,10000.628561
-40.53,29,10001.116112
-36.0,28,10001.574734
39.0,20,10001.877365
-36.0,30,10002.237075
38.705224,26,10002.552132
-35.48,27,10002.894821
-37.93,25,10003.200891
32.292254,27,10003.504293
-35.91,29,10004.008778
-39.0,32,10006.614077
-34.92,35,10007.170536
-41.71,29,10007.688989
-38.17,44,10008.45894
-42.0,32,10009.008031
34.571496,27,10009.513631
-45.0,31,10010.023519
-38.59,22,10010.397079
-32.73,30,10010.901822
42.994525,21,10011.246167
-37.9,34,10011.838136
-41.88,27,10012.202204
-38.28,31,10012.586445
-38.47,29,10012.935722
-40.7,27,10013.264353
-47.47,24,10013.541836
-38.47,26,10013.915198
-35.27,31,10014.438306
-41.8,27,10016.926501
32.0625,35,10017.505234
-38.75,46,10018.279646
-44.5,45,10019.072893
-44.37,30,10019.560438
-38.26,25,10019.977801
-36.0,31,10020.502691
-41.22,30,10021.016094
-31.55,30,10021.530414
-35.03,55,10022.632571
-38.27,38,10023.151274
-42.85,29,10023.530488
-32.6,27,10023.841286
-39.0,22,10024.102865
-39.0,38,10024.558101
35.393665,40,10027.101145
-35.89,24,10027.481281
32.091912,40,10028.160748
32.139344,28,10028.617464
-38.71,28,10029.104287
38.119247,25,10029.499196
-32.71,36,10030.136221
-31.63,28,10030.633382
-38.12,32,10031.191126
-41.79,24,10031.616601
-38.34,40,10032.263207
-36.0,28,10032.74633
-39.0,31,10033.184875
-43.78,25,10033.522445
-33.0,33,10033.908818
-38.75,26,10034.222044
-38.1,44,10036.792812
-32.91,26,10037.227427
-43.93,35,10037.825263
-38.05,21,10038.177982
35.060837,25,10038.572772
-44.34,25,10039.108083
-39.0,26,10039.521011
-33.0,20,10039.903481
-35.39,27,10040.479017
-35.68,29,10041.057241
-36.0,24,10041.443395
-44.34,34,10042.002401
-38.65,29,10042.487146
-35.76,28,10042.930315
-38.7,25,10043.314749
-42.0,25,10043.67356
-32.18,31,10044.128816
32.876364,27,10044.456055
38.801471,23,10044.765901
-40.88,30,10047.050312
-44.87,28,10047.54377
-38.32,26,10048.19026
-38.8,29,10048.705352
-41.58,30,10049.221494
-35.03,37,10049.927604
-37.79,27,10050.346249
-44.09,31,10050.87535
32.291513,41,10051.602125
-35.12,24,10052.004623
-34.56,30,10052.504637
-38.48,24,10052.934304
-39.0,22,10053.285877
-38.94,22,10053.637097
-38.9,27,10053.991971
35.636364,25,10054.345819
-38.25,26,10054.725942
-32.05,33,10055.2954
36.46039,25,10055.655042
-38.72,31,10057.882863
-43.61,23,10058.24568
-37.72,29,10058.731283
-35.34,25,10059.154342
-41.57,28,10059.617789
-43.29,23,10059.990369
-41.84,20,10060.315485
-38.72,25,10060.806745
-38.71,45,10061.600342
-32.2,29,10062.10507
-42.0,26,10062.553132
-41.78,21,10062.921244
-35.49,36,10063.53891
40.198323,20,10063.924834
-36.0,33,10064.406265
-33.0,25,10064.770711
-38.4,26,10065.394558
33.0,26,10065.729795
-34.8,39,10068.133122
-35.88,27,10068.55569
-43.18,17,10068.853401
-38.03,26,10069.339148
-34.21,41,10070.053321
-41.73,60,10071.087185
-41.62,31,10071.730526
-45.0,27,10072.246825
-35.21,33,10072.990549
-38.68,32,10073.54366
-35.51,24,10073.938865
-41.1,25,10074.313931
-41.78,20,10074.609378
-39.93,29,10075.047069
-38.64,21,10075.456413
-37.46,27,10075.840264
-39.0,26,10076.194754
32.600775,31,10078.419464
-35.11,27,10078.913337
-38.17,32,10079.46018
-38.73,27,10079.8701
-44.9,27,10080.321149
-44.67,21,10080.702468
-43.99,22,10081.085755
32.819549,30,10081.59375
-38.85,27,10082.025021
-35.91,27,10082.519742
-44.1,24,10082.945026
-33.0,44,10083.665302
34.824138,29,10084.17213
-38.88,27,10084.580648
-32.27,28,10085.046085
-41.3,22,10085.372718
-40.17,28,10085.811875
-41.66,27,10086.243758
-38.22,23,10086.650735
-35.35,29,10088.908236
-44.78,28,10089.401358
-41.59,30,10089.916024
32.62406,31,10090.388299
-41.14,28,10091.109702
37.796415,25,10091.536576
-36.0,28,10091.974808
-38.08,24,10092.369163
-30.0,31,10092.93631
-35.48,35,10093.578971
35.214269,27,10094.060896
-34.57,33,10094.611464
-38.77,29,10095.024754
36.0,28,10095.466355
-44.22,25,10095.846365
38.186918,29,10096.228254
-38.72,47,10097.026248
-44.89,23,10097.556231
-38.5,28,10099.848788
-41.37,26,10100.303197
-32.32,31,10100.882381
32.72766,41,10101.581481
-36.0,26,10102.06213
38.325301,26,10102.516368
-44.04,27,10103.807431
32.661616,33,10104.384969
32.231034,34,10104.937842
-40.35,30,10105.408461
-32.91,36,10105.926071
-33.0,39,10106.470444
-41.45,20,10106.754807
-41.49,26,10107.116336
-38.48,27,10107.547937
-38.62,21,10107.901008
-38.81,20,10108.229974
-41.15,32,10110.287397
-32.0,27,10110.685106
-44.43,26,10111.0411
-41.49,20,10111.303787
35.251969,26,10111.661238
-38.13,28,10112.068026
-38.18,34,10112.645869
-45.0,26,10113.059191
-38.48,24,10113.462831
32.378906,27,10113.921211
-35.25,32,10114.456502
-32.86,27,10114.904566
-38.68,25,10115.318218
-35.35,34,10115.896061
-39.0,36,10116.440228
-38.29,31,10117.1119
-35.88,60,10118.043239
-32.36,26,10120.386086
31.842939,39,10120.989386
32.378676,28,10121.364106
38.583333,21,10121.695074
32.045455,23,10121.997021
33.0,32,10122.485539
-38.74,27,10122.994987
32.903704,30,10123.586399
-38.71,28,10124.150261
-41.36,30,10124.640741
-38.75,41,10125.30688
-35.22,36,10125.928098
-42.0,23,10126.313307
-39.0,23,10126.667344
-40.18,30,10127.128936
-35.38,36,10127.646694
-38.42,32,10128.108882
-33.0,36,10130.610614
32.026022,33,10131.140691
-41.16,23,10131.454428
-43.7,23,10131.790715
-47.03,18,10132.067923
-47.15,16,10132.293791
-40.33,25,10133.200309
-44.11,18,10133.536358
-41.42,24,10133.994318
-44.59,23,10134.430812
38.228174,34,10135.108705
-34.17,32,10135.651212
-32.44,36,10136.243931
-39.0,20,10136.579813
32.311864,35,10137.16575
-39.0,24,10137.595598
-44.76,27,10138.241955
-35.56,41,10138.848001
-38.93,30,10139.276406
-35.07,32,10142.021408
-33.0,29,10142.489108
-38.08,20,10142.951695
-41.3,39,10143.574356
-35.74,31,10143.967044
-48.0,15,10144.178534
-41.26,23,10144.517775
-41.13,20,10144.854008
-35.27,30,10145.360396
-35.12,32,10145.914497
32.243151,26,10146.384035
-35.81,48,10147.139151
37.530303,24,10147.501095
-38.37,30,10147.941099
-33.0,28,10148.381084
-36.0,28,10148.764671
-39.0,21,10149.132327
-36.0,20,10149.445556
-38.86,21,10149.795549
-39.0,24,10152.239156
-36.0,27,10152.743028
32.325926,28,10153.13935
-38.61,23,10153.549828
38.163424,27,10153.938113
32.284173,25,10154.280203
41.348276,26,10154.651331
-40.75,19,10154.928926
-36.0,25,10155.277938
-41.04,31,10155.748243
35.085973,30,10156.259281
-38.04,33,10156.837673
-36.0,34,10157.411229
-41.43,22,10157.824359
34.580569,31,10158.286709
-40.92,24,10158.627098
-35.39,31,10159.0747
35.877133,31,10159.521088
32.53271,29,10159.98408
-44.37,33,10162.49068
-38.5,35,10163.059117
-32.21,32,10163.631855
37.133702,26,10164.129478
-44.19,19,10164.418911
44.309353,21,10164.725858
-41.07,23,10165.024759
-38.41,30,10165.433917
-38.9,28,10165.825643
-41.9,19,10166.069212
32.033088,32,10166.58104
-41.83,21,10166.973651
-41.11,27,10167.594404
-38.91,21,10168.028388
-43.72,22,10168.365434
-38.27,34,10168.872508
-41.5,30,10169.295913
-33.0,31,10169.745478
32.407407,33,10170.305336
-35.91,25,10172.623084
-38.54,22,10173.02519
-36.0,35,10173.61213
-35.13,27,10174.083839
-32.58,52,10175.020816
-45.0,20,10175.373299
-38.19,23,10175.908582
-38.04,31,10176.447186
35.051737,35,10176.946451
-38.37,32,10177.404917
-35.16,29,10177.890459
-36.0,27,10178.382311
-36.0,36,10178.92551
32.766667,45,10179.569897
-42.0,27,10179.999806
-38.34,33,10180.50268
-42.0,28,10182.935032
-40.96,34,10183.507394
-41.81,43,10184.196955
-43.23,21,10184.552216
-32.91,25,10184.944866
34.123982,27,10185.402551
-42.99,35,10185.996716
-41.0,63,10186.9267
37.454356,31,10187.351192
-38.72,31,10187.775652
-35.27,30,10188.249758
-40.89,29,10188.665571
-32.85,27,10189.083388
-41.08,25,10189.44573
33.0,25,10189.837313
-40.73,23,10190.161536
-41.42,24,10190.524236
-38.99,24,10192.939364
-41.55,43,10193.928161
36.0,18,10194.229293
-38.87,28,10194.741261
-43.73,24,10195.192692
35.216988,29,10195.687705
-38.46,30,10196.280892
-40.65,28,10196.719119
32.91954,27,10197.07443
-36.0,34,10197.664309
-41.94,34,10198.198651
-32.44,31,10198.614378
-34.32,30,10199.056748
-40.18,25,10199.435888
-47.14,45,10200.084974
33.0,26,10200.489248
-35.81,35,10201.018192
-42.0,37,10203.60941
-35.45,30,10204.103794
-32.49,29,10204.578931
32.058282,33,10205.440812
-30.0,33,10205.976872
37.828439,24,10206.346153
-38.42,33,10206.942671
-38.07,32,10207.469672
-35.44,34,10207.944191
-41.52,38,10208.457492
-35.58,33,10208.916276
35.571429,26,10209.285553
-41.79,27,10209.647603
-35.38,22,10209.980956
-41.82,27,10210.36957
-36.0,30,10210.816468
-37.36,27,10211.237648
-38.5,28,10213.62342
-33.0,27,10214.073014
-46.46,37,10214.661846
38.5,24,10215.101607
-35.05,27,10215.55798
-42.0,20,10215.885157
35.145408,25,10216.339872
-32.64,34,10216.934812
-32.54,38,10217.727594
-35.71,21,10218.093899
34.666812,25,10218.47661
-44.8,21,10218.764499
-32.37,27,10219.127976
37.447097,24,10219.466835
-44.03,29,10219.852692
32.076305,41,10220.344627
-40.89,20,10220.642941
-35.86,27,10221.052202
35.902439,25,10223.362767
-35.61,29,10223.879499
-41.28,29,10224.394764
-38.32,24,10224.824511
-44.48,21,10225.17325
-35.57,24,10225.562074
35.698718,28,10226.040671
-43.85,22,10226.429672
-40.61,21,10226.790168
-34.08,30,10227.287291
-38.28,39,10228.185243
-39.79,31,10228.719988
-32.9,24,10229.128705
32.101124,26,10229.55327
32.90106,32,10230.008048
-45.0,25,10230.332486
32.418251,27,10230.720501
-44.44,18,10230.950774
-36.0,26,10231.289835
-39.0,22,10231.601873
-38.43,35,10234.110143
-38.09,32,10234.672926
-36.0,25,10235.099851
-39.0,22,10235.475335
-35.96,27,10235.973633
-32.61,33,10236.497701
-40.6,27,10236.961528
-40.58,34,10237.537842
-47.12,20,10237.852082
-37.76,31,10238.368111
32.325103,28,10238.874185
-38.81,26,10239.502467
-44.86,19,10239.798717
-38.08,35,10240.294346
33.0,25,10240.6403
-32.62,31,10241.020901
-38.56,21,10241.265592
-38.62,22,10241.541531
-47.49,25,10241.916169
-43.7,24,10244.443427
-38.45,26,10244.96267
-46.98,22,10245.353673
42.445611,31,10245.99859
32.785256,30,10246.519955
-38.97,23,10246.909673
-44.86,25,10247.34629
-35.88,29,10247.815853
-43.93,26,10248.274296
-43.28,25,10248.67709
-34.92,28,10249.158203
-39.0,19,10249.488916
-32.37,24,10249.93382
32.557276,27,10250.423625
32.219595,33,10250.876592
-46.63,27,10251.231621
32.265455,37,10251.680979
38.28,42,10252.266472
-38.22,20,10254.518332
-36.0,32,10255.069641
-38.37,24,10255.481994
-36.0,28,10255.982739
-36.0,32,10256.535661
-38.15,27,10257.040986
-41.38,32,10257.608518
-39.0,24,10258.023174
-36.0,32,10258.545409
-38.62,29,10259.042286
-44.84,21,10259.404536
-44.31,18,10259.70413
-35.91,44,10260.544428
-35.65,29,10261.042095
-32.47,25,10261.46877
-38.16,27,10261.803051
-40.59,58,10262.501106
-39.0,23,10262.811022
35.277311,24,10265.088493
32.250836,47,10265.953556
-32.53,39,10266.727871
-33.0,31,10267.26568
-44.16,20,10267.591304
-44.13,21,10267.931714
-35.47,30,10268.417445
35.417021,29,10268.909938
35.341379,43,10269.627208
-39.0,32,10270.277126
40.009671,27,10270.845727
-44.08,17,10271.106567
-41.2,29,10271.613319
41.150641,23,10272.004455
32.724638,27,10272.38791
-35.54,26,10272.704276
-40.25,22,10272.960598
-32.76,35,10275.351896
-36.0,28,10275.790663
-41.01,18,10276.077639
37.652327,25,10276.481714
35.294118,29,10276.951262
-38.71,27,10277.539157
-38.48,30,10278.110389
-44.2,29,10278.608547
-35.62,33,10279.203641
33.0,29,10279.96348
33.988295,29,10280.474176
-38.85,30,10281.007863
-39.0,20,10281.363471
-32.03,25,10281.785259
-35.59,33,10282.320399
34.70251,26,10282.695624
-41.39,26,10283.088674
-32.47,26,10283.437121
-35.33,28,10283.793133
-40.7,48,10286.667616
-38.31,24,10287.087227
-44.27,26,10287.534408
-35.69,35,10288.143734
-38.49,25,10288.587189
33.0,34,10289.165807
-33.0,27,10289.628521
-36.0,33,10290.20524
39.493088,23,10290.596029
-36.0,31,10291.101027
-32.21,40,10291.847605
38.437888,24,10292.28435
-41.25,34,10292.815707
-35.06,30,10293.259336
-35.97,27,10293.663296
32.30566,36,10294.141935
-46.06,29,10294.548126
-38.81,28,10296.83014
-32.07,44,10297.667039
-32.31,38,10298.581715
-45.0,43,10299.270829
-35.12,32,10299.869297
35.097122,22,10300.304791
-32.63,24,10300.747666
35.357664,26,10301.193041
-38.29,22,10301.589406
44.386282,18,10301.904235
-41.78,23,10302.308777
-39.0,29,10302.823675
-42.0,13,10303.072362
-40.81,24,10303.402083
-38.03,26,10303.748287
-32.13,49,10304.456955
-38.97,22,10304.782662
-47.8,17,10305.02302
32.119454,28,10307.299812
35.141379,22,10307.865158
-41.73,44,10308.560928
-38.03,19,10308.91205
-39.0,25,10309.394646
35.556338,24,10309.776999
-38.75,41,10310.457983
-35.79,30,10310.978387
-44.86,26,10311.461838
-41.2,24,10311.867108
-41.32,29,10312.375546
-43.25,27,10312.820853
36.0,29,10313.294767
-38.38,27,10313.7425
35.179856,27,10314.110589
38.374545,29,10314.535796
-32.3,30,10314.974485
-41.46,26,10315.353987
35.56705,32,10317.711956
-35.5,32,10318.215403
32.895238,31,10318.708756
-40.97,38,10319.318006
44.125592,17,10319.607428
-35.21,35,10320.265179
35.255556,33,10320.80484
35.290698,24,10321.218096
-32.05,32,10321.73751
-32.75,37,10322.3985
41.802469,26,10322.849188
-35.63,33,10323.661704
-41.18,20,10323.96585
-32.12,30,10324.388965
-38.21,26,10324.763336
35.395789,33,10325.357747
-47.48,15,10325.581827
-41.51,28,10326.037809
-41.7,35,10328.438584
-35.33,29,10328.857177
-43.62,22,10329.213385
32.494881,35,10329.78963
37.283945,31,10330.336602
-35.51,31,10330.833732
-47.0,18,10331.198108
34.079241,27,10331.733247
-32.39,25,10332.1644
-35.62,37,10332.992498
-35.57,32,10333.536094
-32.93,32,10334.098104
-38.04,28,10334.495866
33.0,33,10334.997861
-38.49,24,10335.402396
-44.47,19,10335.690575
-35.58,25,10336.080385
-35.45,27,10336.560423
-41.8,24,10338.841294
-38.0,27,10339.212044
-44.38,28,10339.592875
-38.26,22,10339.941284
-40.56,26,10340.306121
32.645485,30,10340.683577
-44.78,18,10340.944732
35.48062,31,10341.450255
-38.91,23,10341.832554
-41.1,24,10342.228221
35.284133,26,10342.695401
-35.39,26,10343.176601
-36.0,23,10343.562984
-32.88,32,10344.075984
-38.49,32,10344.631302
-38.17,25,10345.011554
35.803774,24,10345.363086
-39.0,26,10345.736668
-32.08,27,10346.124022
-38.11,24,10346.475808
-32.32,42,10348.970452
-41.71,21,10349.291947
-35.01,27,10349.966653
-35.51,22,10350.355632
32.7,22,10350.721775
-35.63,35,10351.292454
-40.96,32,10351.841468
-41.81,26,10352.286945
-36.0,32,10352.860741
-42.0,30,10353.435762
-38.5,26,10353.954578
-35.65,31,10354.466753
-35.21,30,10354.94224
-35.91,33,10355.471287
38.229126,21,10355.792642
-40.78,34,10356.25246
-42.0,31,10356.792572
-34.86,25,10359.050193
-38.45,27,10359.684427
-35.42,34,10360.187129
-41.44,31,10360.674558
-47.48,15,10360.943064
-35.6,28,10361.419471
-32.65,29,10361.939054
-41.54,20,10362.282259
-32.46,28,10362.756745
-41.42,18,10363.06569
-44.89,26,10363.536708
-36.0,32,10364.09022
-41.36,35,10364.686153
35.246106,31,10365.236883
-41.18,33,10365.734294
-38.5,24,10366.102864
-40.02,27,10366.481844
-34.99,29,10366.8864
-35.37,34,10367.322122
41.420233,18,10369.50969
-35.28,32,10369.962184
-41.37,25,10370.324686
-41.92,23,10370.624989
-35.3,31,10371.039849
-35.07,29,10371.483172
-38.36,20,10371.816492
-38.27,23,10372.209004
-44.3,27,10372.712501
32.044444,29,10373.227152
34.875843,28,10373.696317
-38.38,26,10374.118536
33.0,28,10374.639969
-43.12,39,10375.479726
-34.73,23,10375.866367
32.290076,31,10376.338218
-38.4,32,10376.805037
38.393917,22,10377.132219
-43.6,24,10377.489623
-38.56,30,10379.905161
-37.66,30,10380.33276
-38.22,21,10380.607293
-32.51,29,10381.029771
-32.68,47,10381.699967
-41.18,21,10382.016023
40.688408,22,10382.964252
-34.55,34,10383.598236
-41.99,18,10383.90901
-32.34,33,10384.457074
-32.46,31,10384.995592
-42.0,20,10385.341079
-44.37,20,10385.888873
-42.0,43,10386.593717
-43.92,24,10386.94815
32.247956,39,10387.48154
38.023438,25,10388.041538
-34.87,28,10388.45907
-38.29,38,10390.96869
-32.74,32,10391.430662
-41.04,29,10391.835392
-37.54,31,10392.285347
-38.88,28,10392.783111
-42.0,36,10393.549843
-42.0,29,10394.040442
32.838346,37,10394.651708
-35.81,26,10395.103425
-41.51,25,10395.52501
-41.03,26,10395.951459
35.070513,31,10396.471553
32.47479,30,10396.899318
32.625514,26,10397.291544
-38.71,26,10397.657807
32.80315,30,10398.102479
-43.31,27,10398.562115
35.282913,36,10401.213719
-40.72,25,10401.506729
-35.0,32,10401.959422
-41.47,30,10402.370293
35.335312,26,10402.715603
-43.99,22,10403.059862
-32.71,37,10403.594362
-38.22,27,10404.068331
-32.73,31,10404.603966
-38.32,30,10405.134323
-38.08,32,10405.627724
-44.31,23,10406.0593
-35.75,41,10406.776388
34.732185,32,10407.269253
-32.23,34,10407.781486
-44.24,33,10408.24637
35.588448,25,10408.602444
-45.95,78,10411.988363
-41.19,29,10412.401001
-33.0,36,10412.939728
-40.13,13,10413.133259
-44.22,18,10413.394754
-39.0,27,10413.846381
-35.88,56,10414.745902
32.206667,26,10415.36589
-41.63,20,10415.711762
-36.0,20,10416.078229
-39.0,26,10416.522532
-41.19,23,10416.935827
-35.53,28,10417.336899
-39.0,25,10417.711346
-35.66,27,10418.129069
-44.5,89,10421.43209
-38.57,31,10421.965378
-44.2,35,10422.540561
35.381526,25,10422.95027
-38.31,23,10423.274117
40.327564,20,10423.550201
-41.71,29,10423.948867
32.901515,29,10424.370774
-41.8,25,10424.742219
-38.5,35,10425.315417
-38.29,26,10425.767037
-37.4,26,10426.348335
35.068259,27,10426.912381
-38.07,27,10427.306111
-35.56,40,10427.919174
-41.56,23,10428.233683
-42.0,37,10428.808909
32.445783,28,10429.276233
-41.48,37,10431.900373
-41.7,21,10432.248394
-38.9,26,10432.655293
-44.16,30,10433.188917
-38.69,31,10433.701805
-42.0,26,10434.068363
-42.0,27,10434.454288
-38.16,27,10434.845884
-38.78,23,10435.164629
-41.66,25,10435.556313
38.507576,28,10436.055242
-35.3,34,10436.639422
-37.6,25,10437.158233
35.644763,28,10437.70857
-47.77,20,10437.992124
-42.0,31,10438.507649
32.776119,27,10438.916837
-34.78,27,10439.36702
39.0,19,10439.668347
35.289796,24,10441.984314
-38.1,28,10442.447478
32.028436,38,10443.091844
-41.44,21,10443.433052
-35.88,27,10443.910184
-46.85,34,10444.444172
-44.1,23,10444.74997
-41.98,41,10445.420666
-39.99,34,10445.891422
-33.0,31,10446.364604
32.033582,31,10446.91519
-32.27,39,10447.477841
32.193182,32,10447.923166
-35.91,23,10448.250816
-35.26,29,10448.701257
-35.06,34,10449.214202
-38.26,24,10449.608165
32.783051,43,10452.343591
-40.97,24,10453.058187
-38.04,30,10453.590212
38.786667,35,10454.183746
-41.16,14,10454.465618
-41.1,26,10454.871912
-44.59,26,10455.2894
-41.5,26,10455.630657
-38.71,24,10455.958786
-32.49,28,10456.35345
-32.32,30,10456.795358
-38.13,29,10457.284638
-39.0,39,10457.905256
-42.0,21,10458.213762
-35.68,32,10458.691169
-44.85,22,10458.998829
-40.54,23,10459.340896
-38.52,32,10459.832583
-35.7,29,10462.271266
-39.0,36,10462.945053
-41.53,31,10463.581815
-42.0,26,10464.179568
-32.82,34,10464.711392
-38.77,40,10465.37519
-41.81,35,10465.921255
-35.77,33,10466.399301
-41.23,24,10466.760972
-40.47,26,10467.159312
-41.84,40,10467.717222
-38.27,25,10468.121631
-33.79,34,10468.605211
-42.0,19,10468.879427
32.490494,30,10469.301363
-38.04,24,10469.656835
-41.1,22,10469.969891
-38.08,26,10472.472013
-41.14,26,10472.931596
-30.0,28,10473.437145
-35.68,24,10473.835395
-41.83,44,10474.59896
-32.66,100,10476.269157
-38.03,29,10476.748659
-32.81,36,10477.242775
-37.23,26,10477.591892
32.239865,30,10478.00627
-35.31,29,10478.433489
-32.32,30,10479.11251
-41.79,22,10479.455359
-38.63,29,10479.879383
32.155039,34,10480.66254
-32.66,45,10483.385047
-38.1,32,10483.954283
-42.0,20,10484.296832
-35.23,26,10484.734147
35.781362,27,10485.235317
-33.0,27,10485.780823
-32.63,28,10486.254381
-40.41,33,10486.89453
35.131123,34,10487.434538
-38.5,28,10487.832233
32.37931,31,10488.273981
-38.77,31,10488.670506
32.370504,31,10489.050683
-38.61,30,10489.475713
32.004049,30,10489.93839
-41.3,104,10493.996858
-38.63,27,10494.456732
-35.81,30,10494.962975
-43.53,77,10496.2622
-41.8,27,10496.835902
35.151079,26,10497.320394
32.560976,32,10497.83866
34.79993,34,10498.379299
-43.09,20,10498.636665
-32.9,29,10498.98057
-39.0,28,10499.33567
46.581992,18,10499.543767
-38.18,24,10499.843078
-35.03,29,10500.237118
-43.64,32,10500.655805
-35.9,37,10501.256963
35.943723,30,10504.765958
-40.86,24,10505.209374
-38.02,23,10505.688283
-41.07,26,10506.312244
-35.73,33,10506.87172
-35.64,34,10507.424944
-38.48,22,10507.795784
-32.81,32,10508.312776
-38.45,27,10508.806588
-36.0,20,10509.146027
43.679597,18,10509.455585
38.745585,25,10509.89485
-45.0,24,10510.336396
37.786682,27,10510.741678
-38.74,26,10511.106565
-38.3,24,10511.378727
-40.4,26,10511.69666
-44.58,36,10512.199121
-35.9,43,10512.808096
32.669951,51,10515.6578
-43.93,23,10516.043788
-38.11,28,10516.523953
31.727074,33,10517.053292
-37.51,24,10517.731963
-39.0,47,10518.589297
-37.57,29,10519.193651
36.0,32,10519.737123
-45.0,29,10520.218973
-33.0,36,10520.803394
-38.57,19,10521.117003
-42.0,26,10521.501477
32.806818,25,10521.792734
-38.25,31,10522.175416
32.011494,35,10522.625312
-38.75,27,10523.017785
32.546468,26,10525.395054
-38.69,29,10525.95259
-41.31,28,10526.411119
-35.49,32,10526.952568
32.486014,38,10527.549554
40.201231,28,10528.106665
-37.6,33,10528.645675
32.012903,35,10529.215567
-39.0,18,10529.524627
-38.24,28,10530.004035
-35.91,23,10530.377269
37.916179,24,10530.746798
-32.75,70,10532.038725
-32.82,28,10532.42575
-38.86,22,10532.759968
-35.13,28,10533.137094
-39.0,30,10533.585798
-42.94,30,10535.983462
-41.71,27,10536.440094
-35.08,26,10536.866536
35.168285,32,10537.3887
35.625,28,10537.902991
41.02641,25,10538.325871
-41.09,25,10538.77219
33.643795,29,10539.291849
-38.51,25,10539.713062
-32.93,28,10540.185135
-33.0,41,10540.810986
35.232472,37,10541.4418
-44.46,20,10541.741813
35.102937,30,10542.16404
-44.65,24,10542.526131
-33.0,24,10542.880974
-32.09,32,10543.383641
-39.0,22,10543.720882
-35.44,40,10546.44573
-32.03,31,10546.988055
32.22766,42,10547.689622
-39.0,31,10548.221727
-35.69,24,10548.634376
38.070553,24,10549.050844
-38.38,28,10549.520987
-41.22,21,10549.899228
35.9,26,10550.351146
35.542751,28,10550.826698
31.9375,27,10551.262485
-42.0,25,10551.634633
-44.64,41,10552.233724
-38.02,25,10552.784574
-41.31,21,10553.138942
-41.76,21,10553.492939
-40.9,29,10553.935426
-35.45,39,10554.518681
35.021656,31,10556.895422
-36.0,45,10557.662092
33.775047,33,10558.263506
-32.65,39,10559.124406
-33.0,28,10559.612377
-41.52,44,10560.335184
-35.28,21,10560.719378
-45.0,24,10561.142541
-41.73,26,10561.575275
-41.39,22,10561.871726
42.987646,21,10562.177876
-32.7,25,10562.575806
-41.03,24,10562.927896
-40.32,36,10563.459928
-38.35,24,10563.866915
32.9,28,10564.363936
-44.88,23,10564.686646
-44.9,25,10565.032001
-35.01,39,10567.538275
-41.38,27,10567.978716
-32.91,37,10568.613145
32.494915,28,10569.137559
-44.1,18,10569.427998
-38.45,56,10570.573883
-36.0,33,10571.144494
-37.79,30,10571.618859
-38.87,24,10571.952514
-41.71,31,10572.415564
-41.07,30,10572.8664
-41.62,44,10573.49158
-38.91,25,10573.9255
-44.45,26,10574.378818
-36.0,31,10574.898885
-41.2,46,10577.501446
38.443325,32,10578.041948
-39.0,23,10578.433264
-39.0,36,10579.047189
-32.21,31,10579.597229
32.383333,30,10580.129651
-33.0,30,10580.658942
-41.69,44,10581.421671
42.0,17,10581.717885
-37.89,29,10582.130921
-38.91,28,10582.604173
-35.93,31,10583.073881
33.0,32,10583.524525
-32.45,31,10584.207164
-37.82,36,10584.914912
-32.89,66,10586.047537
-35.35,34,10589.055898
-35.37,30,10589.571956
-41.26,27,10590.026798
-41.28,31,10590.520909
34.801818,41,10591.324172
-37.56,36,10591.899388
-44.58,30,10592.477669
-39.0,28,10592.90884
-32.63,27,10593.317731
-34.6,26,10593.690008
-41.63,28,10594.101664
-32.4,23,10594.477255
-38.57,26,10594.939697
-35.19,34,10595.506527
-38.3,29,10595.972537
-38.81,19,10596.496416
33.0,28,10596.915189
-44.34,23,10599.047015
-38.88,34,10599.621172
34.207731,28,10600.091622
-32.04,23,10600.464159
-38.77,29,10600.939461
-33.0,35,10601.49807
-35.46,27,10601.976554
-47.69,24,10602.358688
35.654762,25,10602.723177
-35.81,31,10603.199092
-45.0,22,10603.524237
-33.0,33,10603.995835
32.023729,32,10604.559189
38.841509,21,10604.916607
-32.15,33,10605.501344
-39.0,21,10605.873624
-40.43,24,10606.275796
-35.11,24,10606.680674
-42.0,25,10607.084327
-37.85,30,10609.427293
-40.76,27,10609.911902
-35.3,33,10610.505414
32.859316,25,10611.282968
36.0,30,10611.806753
-41.43,21,10612.17706
32.395973,37,10612.757737
-41.21,32,10613.243691
-44.05,25,10613.579825
-41.72,18,10613.867697
-44.45,20,10614.164712
-37.45,35,10614.756939
-41.03,31,10615.297987
40.241605,33,10615.856305
35.4,31,10616.419413
-34.61,33,10617.029616
-34.71,24,10617.453445
-36.0,26,10617.905103
-35.29,42,10620.358089
-37.78,26,10620.732487
38.0027,27,10621.182945
-41.04,31,10621.715904
32.023715,30,10622.213274
-32.41,36,10622.794564
32.096463,24,10623.432094
-42.0,20,10623.741955
-36.0,36,10624.267294
-38.1,30,10624.688346
-38.01,28,10625.107575
-31.6,29,10625.588855
32.435811,27,10626.04103
-38.15,26,10626.509889
-37.93,34,10627.070529
-42.0,23,10627.48087
-35.86,31,10628.017288
32.428571,29,10628.485997
-39.0,22,10630.645195
-38.61,49,10631.471655
-41.24,25,10631.889414
-44.9,18,10632.172103
-42.0,23,10632.583487
-35.04,31,10633.297278
36.0,35,10633.878396
-40.58,29,10634.290596
-45.0,23,10634.612322
-38.38,28,10635.041877
-33.0,26,10635.419849
-44.36,36,10636.043983
-32.21,39,10636.803633
32.9,31,10637.417057
32.377224,43,10638.158952
-38.62,29,10638.626285
-33.0,29,10641.413154
-40.52,31,10641.920532
-44.13,18,10642.229814
-39.0,20,10642.588897
-38.25,36,10643.193281
-34.56,28,10643.63659
-44.15,20,10643.939099
-41.91,22,10644.27966
-32.34,28,10644.690869
-32.88,52,10645.426784
-44.59,29,10645.833136
-41.81,24,10646.240414
32.081712,30,10646.751381
-38.31,33,10647.393957
-37.89,23,10647.808414
-36.0,26,10648.209799
-32.04,27,10648.678602
35.262995,23,10649.102668
-35.04,29,10649.739537
-32.45,32,10652.123689
-41.42,26,10652.505487
-47.53,33,10653.077018
32.381323,25,10653.515109
-36.0,30,10654.0273
-37.89,28,10654.478971
-38.2,28,10654.894214
-38.34,25,10655.257968
-37.03,28,10655.705266
34.409339,32,10656.256184
-40.32,29,10656.739682
-44.82,25,10657.149501
-41.48,23,10657.550442
32.093458,36,10658.179606
-39.0,31,10658.690004
-35.5,31,10659.208735
37.199878,33,10659.76257
-35.14,34,10662.146963
-41.64,30,10662.598952
34.114678,30,10663.308259
40.774362,20,10663.682898
-41.67,26,10664.143506
-40.69,25,10664.595196
32.003759,33,10665.105328
-38.98,25,10665.493634
-35.38,26,10665.837658
-38.58,30,10666.260172
35.371024,29,10666.665866
32.358025,50,10667.519665
-38.46,24,10667.937339
32.513514,34,10668.482896
-35.77,27,10668.919923
-42.0,22,10669.31714
-36.77,23,10669.778753
-35.83,23,10670.195919
-43.38,30,10672.56544
-47.88,17,10672.812188
31.986577,26,10673.227275
-33.74,28,10673.683295
-35.02,31,10674.300309
-35.13,32,10674.815943
-40.86,27,10675.230392
-42.0,41,10675.828412
-39.0,31,10676.269967
-38.68,18,10676.582054
-39.85,60,10677.749754
-38.6,25,10678.185445
35.085911,26,10678.671623
39.974824,24,10679.099496
-38.74,26,10679.531695
-35.12,29,10680.010873
36.0,29,10680.586114
-38.93,23,10681.03944
-38.72,26,10683.340413
-44.29,27,10683.709614
-41.05,23,10684.002687
-41.04,24,10684.364494
44.452067,16,10684.638444
-40.47,29,10685.145792
-38.69,24,10685.520863
37.166251,26,10685.899889
-32.66,30,10686.323651
-41.36,22,10686.641451
-32.88,38,10687.260212
-42.0,26,10687.726382
-44.69,22,10688.069935
-45.0,14,10688.332824
-35.09,24,10688.862821
34.398072,27,10689.456781
32.228311,42,10690.314786
-41.33,24,10690.765617
31.506689,31,10691.250871
-40.07,28,10691.693171
-43.97,26,10693.97579
-38.61,22,10694.36777
33.0,36,10694.909701
-37.47,30,10695.383408
-36.0,31,10695.862515
-38.7,24,10696.229323
-41.69,18,10696.507358
-39.0,23,10696.843014
-32.53,32,10697.29731
-35.61,26,10697.738566
32.755474,35,10698.302586
35.6875,26,10698.746108
-44.19,18,10699.04747
-42.98,18,10699.390252
32.123675,33,10699.94172
-40.65,31,10700.46368
-35.04,36,10701.105515
-38.07,26,10701.549516
32.655797,29,10704.140542
-36.0,28,10704.495556
-41.14,23,10704.835562
-44.29,23,10705.163729
-44.2,29,10705.586566
-32.42,45,10706.176925
32.251724,37,10706.688208
-32.41,44,10707.325921
-41.53,28,10707.77102
-32.9,27,10708.244883
-41.23,24,10708.645932
-44.48,26,10709.105335
-35.5,33,10709.68147
-32.1,25,10710.122443
-44.88,36,10710.778805
-42.0,32,10711.381685
-33.0,34,10711.992628
-41.81,26,10714.485473
-41.9,22,10715.058711
-35.44,27,10715.477839
-39.0,26,10715.84932
-32.13,32,10716.297668
-32.88,29,10716.710943
32.124031,30,10717.166516
-39.0,22,10717.579785
-40.86,28,10718.008755
-43.86,24,10718.383532
-41.22,26,10718.81835
-45.0,32,10719.459445
-41.35,22,10719.866274
39.588949,20,10720.179131
-36.0,26,10720.721575
-41.8,24,10721.187818
-44.57,23,10721.555504
-37.97,23,10722.124402
-46.5,29,10722.644379
35.574913,21,10723.030188
35.207725,29,10725.562204
-35.26,29,10725.885429
-38.32,27,10726.189626
-42.0,26,10726.506085
-43.28,25,10726.837672
-32.34,33,10727.376388
-37.33,38,10727.881064
-42.0,19,10728.165075
-39.0,21,10728.484664
-36.83,27,10728.880647
-32.56,34,10729.74024
-41.54,31,10730.267838
-36.0,23,10730.658038
-40.53,40,10731.368858
-33.0,26,10731.811569
-41.12,22,10732.193011
-43.62,23,10732.58687
-35.43,28,10733.113365
-41.5,79,10736.287017
-41.91,29,10736.71572
-36.0,40,10737.323855
-32.6,26,10737.710345
-44.12,39,10738.344169
-35.89,39,10738.901219
-36.0,29,10739.332647
35.450794,24,10739.693039
-38.46,40,10740.298697
-38.93,29,10740.799702
-39.0,24,10741.188859
-38.02,36,10741.850215
35.224615,28,10742.501472
-35.75,32,10743.040352
-35.69,23,10743.375724
31.545455,34,10745.940931
-41.7,29,10746.413893
-37.69,24,10746.761177
-44.33,19,10747.003871
32.02583,44,10747.608234
32.108614,31,10748.030705
-41.91,20,10748.301454
-32.29,28,10748.778851
38.285981,28,10749.172719
-32.3,59,10750.043698
-44.35,23,10750.37759
-41.72,29,10750.823558
-32.27,32,10751.419113
-38.45,27,10751.843528
-40.94,25,10752.254922
-36.0,26,10752.790135
-37.43,24,10753.212689
-41.51,26,10753.680023
32.667897,38,10756.373504
-38.52,37,10757.010567
42.0,26,10757.385288
-35.71,26,10757.746943
-32.1,25,10758.107708
33.0,29,10758.53092
35.406667,24,10758.86669
-38.88,33,10759.281038
37.794666,28,10759.662867
-39.0,45,10760.690314
35.850806,25,10761.06243
-44.78,23,10761.3771
38.907285,21,10761.662004
-38.59,28,10762.106852
41.466465,20,10762.456927
-32.72,85,10763.865679
-38.39,41,10766.526983
32.618321,43,10767.262534
-35.91,26,10767.645925
-42.0,27,10768.071933
-41.43,43,10768.865098
-32.03,28,10769.239986
-44.82,17,10769.5226
-35.04,25,10769.94187
-32.8,24,10770.352771
-35.46,23,10770.667864
35.384906,24,10771.029582
-32.54,31,10771.484195
39.891259,24,10771.833154
37.90858,42,10772.473009
-39.0,27,10772.88931
-38.1,25,10773.30413
-41.81,28,10773.788647
35.406844,25,10776.128332
35.0085,27,10776.59692
-47.16,24,10777.051498
43.76472,21,10777.384435
-38.2,31,10777.863169
-38.78,21,10778.142636
32.138211,31,10778.625732
-35.33,27,10779.020288
32.722222,26,10779.35632
-38.27,24,10779.75964
-38.85,27,10780.200796
38.344122,30,10780.672807
-35.34,31,10781.122064
-44.1,24,10781.484696
35.204918,37,10782.270305
35.641667,102,10783.960617
32.479705,34,10786.424205
-38.23,26,10786.899783
-32.08,35,10787.50107
-42.0,19,10787.817015
-32.59,28,10788.307949
-43.65,19,10788.596171
-32.52,34,10789.082468
35.104247,30,10789.469989
-40.66,32,10789.883119
-35.2,48,10790.578082
-32.88,25,10791.000832
35.011538,26,10791.358349
-35.25,40,10791.942391
33.0,28,10792.347722
-35.22,31,10792.840467
-35.9,27,10793.285321
-32.14,30,10794.008593
35.389892,25,10796.364053
-41.85,24,10796.837605
32.028,38,10797.470702
34.146029,38,10798.159276
34.835963,31,10798.714002
-41.91,18,10799.022684
-37.98,29,10799.409641
-36.94,31,10799.834303
-38.67,28,10800.26624
-39.89,24,10800.600515
-38.28,28,10801.014327
-40.83,26,10801.407277
-41.94,29,10801.868933
30.0,38,10802.467731
-41.09,24,10802.82999
-40.37,31,10803.379509
-44.26,20,10803.692023
-32.65,35,10804.350056
32.393502,34,10807.071851
-44.31,22,10807.396554
-38.73,21,10807.692081
-44.91,24,10808.195959
31.869748,25,10808.704536
-43.96,22,10809.04565
33.0,25,10809.455755
-37.68,29,10809.951247
-38.14,34,10810.427973
-36.0,30,10810.838499
-39.0,29,10811.264091
41.063666,21,10811.58685
-38.28,25,10811.910669
32.062315,37,10812.491256
-34.68,31,10813.058527
-38.22,32,10813.561301
37.8912,28,10814.053315
-42.0,14,10814.354554
-41.51,17,10814.647522
-32.12,23,10815.023633
-36.0,25,10817.521424
-35.45,48,10818.328387
-43.88,25,10818.777743
-39.0,19,10819.104225
-38.7,24,10819.528655
-32.92,29,10820.189549
-35.43,22,10820.58369
-45.0,28,10821.032645
-38.12,36,10821.546862
-41.73,22,10821.87202
-41.94,35,10822.372206
-41.17,26,10822.695773
-32.28,35,10823.23968
38.527778,27,10823.79094
-35.81,27,10824.267211
-39.0,26,10824.727587
-38.3,21,10825.170487
-38.94,33,10825.745239
-35.91,36,10828.297336
-35.61,27,10828.749456
-40.73,24,10829.178679
-38.27,25,10829.618788
-39.0,21,10829.992838
-44.29,25,10830.431935
-38.35,24,10830.900011
33.0,30,10831.402494
-32.59,26,10831.801666
-32.71,27,10832.138309
-40.32,23,10832.415732
35.136364,29,10832.759002
-41.76,23,10833.062632
-35.91,26,10833.408073
-38.16,32,10833.933621
35.255039,29,10834.424848
-35.45,41,10835.345173
-44.49,21,10835.739417
-44.59,24,10836.129414
-38.36,25,10838.485601
-38.52,25,10838.91929
38.457364,28,10839.430684
-37.66,24,10839.844794
-44.68,24,10840.209475
32.503472,32,10841.134524
-35.43,31,10841.641762
-39.0,28,10842.122996
-41.33,31,10842.66241
-41.2,24,10842.949198
38.159099,36,10843.379895
-38.72,29,10843.744751
-32.39,29,10844.121757
-34.62,59,10844.902999
-32.2,38,10845.546951
-35.61,31,10846.06113
32.465035,32,10848.813659
-40.72,27,10849.298257
-39.0,35,10849.917699
-48.0,28,10850.397779
-44.42,108,10852.180455
-38.18,47,10853.065975
-41.88,25,10853.511055
35.927273,23,10853.891331
-39.98,29,10854.247057
-41.14,24,10854.5811
-37.97,35,10855.016685
38.322259,29,10855.437477
35.776119,23,10855.764406
-41.61,22,10856.116588
-44.74,27,10856.638893
-44.85,25,10857.067418
41.011279,30,10859.492843
-38.9,30,10860.015605
35.086873,37,10860.631101
-44.84,22,10860.977473
-40.01,28,10861.675955
-33.0,26,10862.121226
-41.54,25,10862.559625
-35.34,27,10863.049383
-42.0,20,10863.388853
-41.06,29,10863.84022
-40.63,23,10864.200969
-35.26,29,10864.63586
-42.0,26,10864.958508
-39.72,27,10865.306166
-35.81,24,10865.589143
-46.62,22,10865.867392
45.801457,26,10866.264764
-38.75,25,10866.62201
-38.15,31,10867.211257
-34.64,29,10869.607354
-36.52,30,10870.097403
-35.19,30,10870.618391
-35.64,36,10871.206505
35.179029,31,10871.724589
35.309426,29,10872.332254
-37.58,23,10872.782241
-35.6,28,10873.280029
-35.27,27,10873.722411
-40.48,20,10874.069219
33.0,25,10874.501701
-36.0,91,10875.759144
-32.16,31,10876.117696
35.178295,28,10876.477959
-42.0,26,10876.848901
-32.05,27,10877.223315
-32.02,44,10879.904758
-40.65,28,10880.347142
-38.19,29,10880.837424
-32.5,25,10881.306339
-41.84,24,10881.73718
-41.63,37,10882.356586
-38.19,21,10882.712636
-36.0,26,10883.140216
32.839844,30,10883.652925
-35.17,35,10884.250536
-38.99,26,10884.695581
-46.66,25,10885.096512
-41.45,23,10885.442518
-36.0,23,10885.783666
-35.16,26,10886.253439
42.0,21,10886.535595
-35.78,26,10886.906441
-44.7,26,10887.282733
-43.54,18,10887.560249
-39.0,29,10890.059223
-41.39,19,10890.372544
-32.57,27,10890.819151
37.944219,37,10891.442219
33.0,31,10891.984601
32.027586,30,10892.50629
-38.73,25,10892.922271
-36.0,30,10893.427347
-32.69,39,10894.078512
-44.6,30,10894.566115
41.004617,25,10894.980618
-40.85,26,10895.386729
-41.72,25,10895.774814
-39.0,28,10896.18759
33.0,24,10896.554837
-39.0,35,10897.001842
-35.64,23,10897.331454
-36.0,25,10897.665823
-35.66,25,10900.007184
-41.75,22,10900.42189
-36.0,29,10900.994984
-35.11,21,10901.385367
-39.0,23,10901.793067
35.900735,27,10902.232775
-41.7,23,10902.631286
-35.88,35,10903.248245
-35.35,33,10903.840493
35.672355,24,10904.238873
33.0,34,10904.840065
-38.7,33,10905.38056
35.626168,29,10905.861891
-34.77,36,10906.373565
-46.22,21,10906.680219
-41.81,34,10907.172056
-41.36,25,10907.571045
-38.82,24,10907.910072
-39.0,28,10910.343752
-38.83,20,10910.724887
-39.0,28,10911.217805
-41.35,29,10911.729199
-34.55,34,10912.315517
-38.85,37,10912.995722
-37.75,25,10913.423439
-38.23,30,10914.061156
32.472222,35,10914.838466
38.790698,32,10915.388209
40.652715,23,10915.779462
-38.09,33,10916.279742
-32.1,28,10916.68664
32.516529,25,10917.045993
-39.0,26,10917.430406
32.125984,31,10917.919023
-37.91,31,10918.484717
-32.4,29,10918.878973
-35.63,29,10921.166809
-35.56,27,10921.631266
-38.17,30,10922.11812
-32.18,34,10922.702033
32.5,45,10923.450009
-41.76,24,10923.877217
-44.21,21,10924.239058
-39.0,25,10924.689148
-38.41,32,10925.423362
33.0,30,10925.939709
-35.32,28,10926.332466
32.239264,25,10926.719735
-44.23,19,10926.978702
-35.38,25,10927.361396
38.518248,28,10927.754355
-32.59,48,10928.612962
-41.42,26,10929.025383
-42.0,26,10929.397473
-40.03,28,10932.139885
37.483645,31,10932.806885
-41.89,29,10933.373038
34.796774,30,10933.977253
36.0,27,10934.503273
-38.43,32,10935.201491
-38.83,36,10935.795039
-38.79,22,10936.448029
-40.07,29,10936.951993
-32.29,30,10937.402486
-33.0,28,10937.795482
-34.89,46,10938.543885
32.707317,32,10939.148732
-47.06,20,10939.501968
37.648824,34,10940.147365
-41.03,26,10940.869133
37.940494,29,10941.297255
-38.6,24,10943.947043
32.087866,39,10944.63485
-35.25,28,10945.155053
32.493548,28,10945.636193
35.683544,24,10946.033502
-32.64,30,10946.557404
-32.39,28,10947.028716
-33.0,40,10947.685435
-44.11,17,10947.945487
-44.25,22,10948.267594
-41.36,21,10948.577064
-35.3,34,10949.078979
-35.37,29,10949.553252
-41.91,19,10949.923024
-31.98,34,10950.538376
-33.0,53,10951.511786
-38.77,31,10952.217011
-38.2,24,10955.181042
-39.0,23,10955.590867
-38.18,28,10956.050231
-41.75,22,10956.446296
-38.45,25,10956.872999
-36.0,45,10957.772371
36.0,22,10958.236844
-33.0,30,10958.796093
-44.1,23,10959.260512
-38.41,21,10959.598641
-37.62,29,10960.074872
-44.15,26,10960.477637
-40.63,22,10960.820298
-35.1,28,10961.263279
-43.9,21,10961.764574
31.753644,32,10962.357625
-39.0,22,10962.785305
-32.59,36,10963.306696
-38.78,30,10963.781706
38.335918,28,10966.567581
-42.0,61,10967.694573
-37.78,30,10968.225939
-36.0,30,10968.757411
-41.15,24,10969.176313
-40.52,32,10969.987458
-35.24,31,10970.502799
34.022814,32,10971.006553
-41.46,23,10971.356631
-44.63,33,10971.851362
-38.1,27,10972.279544
-41.58,25,10972.681499
-37.55,32,10973.218543
-41.48,25,10973.65466
32.291139,39,10974.278899
-41.94,24,10974.635849
-35.91,27,10975.018257
38.33048,28,10977.356948
-38.76,25,10977.77055
33.0,31,10978.282809
-44.21,21,10978.626364
-35.55,31,10979.155727
-35.09,27,10979.604784
-44.72,23,10980.188944
-44.65,22,10980.60247
-41.75,30,10981.133439
-42.0,26,10981.52317
-38.74,29,10981.964884
34.729044,31,10982.426676
38.543726,23,10982.765061
-35.62,29,10983.243788
-33.0,26,10983.690156
-48.0,24,10984.145824
32.580205,30,10984.681616
-34.76,37,10985.208536
-32.35,31,10987.646696
-38.85,21,10987.989591
35.182186,22,10988.357801
-32.08,35,10988.888666
-42.0,33,10989.450747
-44.86,16,10989.772844
-42.0,23,10990.15413
-35.42,27,10990.622064
-44.71,28,10991.104081
-32.4,33,10991.645206
-44.24,30,10992.170706
33.0,38,10992.789602
-35.8,28,10993.218314
-35.91,42,10993.937123
-39.67,24,10994.368595
-43.82,35,10995.009033
-44.37,22,10995.425524
-39.0,23,10996.005433
-32.19,28,10996.403429
-36.0,32,10998.826918
-35.45,32,10999.39206
35.002731,24,10999.816159
-38.47,27,11000.337902
-38.44,30,11000.923811
-38.59,39,11001.686795
-44.18,27,11002.137772
-30.0,26,11002.548969
38.108671,34,11003.110484
33.0,39,11003.781095
-38.72,22,11004.213187
-41.19,23,11004.634287
37.440076,31,11005.223727
-41.16,18,11005.588972
-44.08,25,11006.031103
-41.19,20,11006.422431
38.343826,28,11006.961406
-37.81,31,11007.648416
-35.15,31,11010.146837
-39.0,30,11010.667392
35.444268,26,11011.154436
-41.28,27,11011.635207
-41.38,31,11012.19836
-42.0,20,11012.522308
-38.45,27,11012.970421
36.0,28,11013.434494
-48.0,28,11013.897252
36.0,28,11014.325047
37.858019,31,11014.908802
-36.0,30,11015.469097
-44.21,19,11015.809054
32.995475,28,11016.28154
-32.61,35,11016.937062
-35.11,28,11017.451835
-44.3,40,11018.107381
-41.48,26,11018.581537
-33.0,32,11021.028908
35.45283,26,11021.465912
-35.17,42,11022.300239
-36.0,26,11022.742165
-43.77,34,11023.289355
-45.0,22,11023.890153
-32.11,28,11024.31643
-32.72,30,11024.778358
-41.86,34,11025.290021
-44.23,24,11025.672811
-39.0,29,11026.168631
-38.65,25,11026.628573
-37.48,21,11026.98295
-35.1,33,11027.563228
-37.94,27,11028.020718
-40.52,29,11028.448109
35.472414,33,11029.013261
-44.38,24,11031.368511
-38.26,25,11031.727794
-38.7,24,11032.144511
-32.21,47,11032.97051
-42.0,18,11033.291894
-32.46,35,11033.975802
-45.0,20,11034.345603
-41.61,26,11034.960366
-41.41,31,11035.474781
-41.12,30,11035.929033
-42.0,25,11036.317618
-44.07,21,11036.724396
-38.33,24,11037.164426
-38.09,40,11037.812195
32.805054,31,11038.346938
-39.29,25,11038.8049
-32.09,35,11039.355829
-35.08,22,11039.708746
-35.36,22,11040.067039
32.735786,27,11042.404531
-35.11,28,11042.803314
-44.27,23,11043.193424
32.313208,30,11043.710415
-33.0,30,11044.303183
-41.68,21,11044.680523
-38.68,27,11045.131307
-39.0,23,11045.530654
-41.91,21,11045.867856
-41.63,22,11046.215643
-37.77,27,11046.697555
-32.66,30,11047.242986
-36.0,25,11047.677256
-35.75,36,11048.276114
34.751898,28,11048.784994
-38.22,27,11049.236186
-38.95,35,11050.073118
-39.0,34,11050.669462
-44.71,24,11051.071209
-38.48,28,11053.389349
-41.11,27,11053.784115
-35.8,37,11054.366532
-35.91,25,11054.782927
35.230453,32,11055.280008
-38.17,43,11055.927273
37.817016,27,11056.364078
-41.48,31,11056.88918
-35.75,50,11057.743288
-32.45,36,11058.385107
-36.36,29,11058.919327
-38.59,36,11059.537473
-36.0,52,11060.532614
32.453925,30,11061.071581
-38.15,29,11061.678981
-38.55,25,11064.654919
-38.01,22,11064.962537
-41.13,21,11065.295209
-38.62,26,11065.722784
-38.48,28,11066.150152
-43.66,25,11066.538008
-38.58,27,11066.969588
-41.52,29,11067.471861
32.587786,39,11068.22717
-41.31,26,11068.698408
-42.0,14,11068.942359
-44.0,21,11070.104963
-39.0,31,11070.660547
-35.72,26,11071.101977
-38.91,26,11071.580126
-43.8,26,11072.047648
35.529412,29,11072.573916
-41.63,22,11072.974666
-33.0,30,11074.259309
-35.46,32,11076.72249
-38.81,25,11077.071791
32.380795,32,11077.493498
-44.18,21,11077.797625
-44.05,20,11078.134532
-41.56,20,11078.506909
-38.08,20,11079.160218
-41.45,24,11079.576716
-39.0,45,11080.408008
36.989439,27,11080.901486
-32.1,35,11081.52173
-33.0,40,11082.222322
-38.05,27,11082.724072
40.677079,21,11083.091694
-36.0,27,11083.584301
-35.36,41,11084.316047
35.314523,26,11084.760105
-38.69,24,11085.239859
36.0,26,11085.902423
-39.0,41,11088.908857
-44.88,21,11089.223479
-40.77,54,11090.334327
-44.19,26,11090.871353
-41.05,26,11091.679614
-41.35,25,11092.161304
-41.0,21,11092.554893
37.583472,23,11093.047366
-41.5,24,11093.528652
40.811981,25,11093.972558
38.689956,26,11094.482875
-44.44,14,11094.763798
-42.0,18,11095.089362
-35.37,27,11095.63255
32.261719,33,11096.220367
-35.2,29,11096.750849
-38.41,31,11097.350964
35.257669,24,11097.869589
-38.0,26,11100.250202
-41.61,36,11100.781969
34.651433,31,11101.192982
-35.68,26,11101.621887
-44.71,35,11102.264452
-38.69,38,11102.972321
-38.71,24,11103.42585
-42.0,20,11103.793533
-44.53,22,11104.209444
-44.44,22,11104.643472
-44.27,29,11105.327611
32.166038,31,11105.995174
-41.84,33,11106.767362
-38.36,28,11107.675204
37.498676,28,11108.342443
35.96063,26,11108.854317
-47.17,27,11109.364513
-44.84,29,11109.918684
33.0,35,11112.688163
-47.11,20,11113.002591
-44.05,26,11113.367685
-32.91,32,11113.812271
-32.72,30,11114.247479
-43.92,24,11114.70735
35.370909,34,11115.361608
37.702338,26,11115.885882
-32.76,30,11116.458831
-44.43,19,11116.885226
39.482397,26,11117.42413
-38.41,42,11118.312931
38.20155,20,11118.788573
-40.5,31,11119.601162
-35.38,31,11120.322388
-40.67,21,11121.043072
33.0,47,11122.032436
35.575,26,11122.550765
-41.16,27,11125.453183
-41.57,27,11125.841339
-32.57,29,11126.308977
-45.0,19,11126.596994
-38.48,29,11127.105144
-41.39,42,11127.796607
-34.84,24,11128.315821
32.164659,30,11128.979709
34.495677,36,11130.213081
32.362445,34,11131.796016
-42.0,28,11132.352552
-41.6,22,11132.813539
-35.56,37,11133.514711
33.0,30,11134.10743
-44.18,17,11134.419717
-35.67,25,11135.286546
-41.64,27,11135.81342
-36.95,31,11136.830335
-41.84,25,11139.367835
-37.86,27,11139.775913
-41.65,33,11140.339103
35.60241,24,11140.601022
-34.9,32,11141.013788
-41.9,24,11141.438742
35.158163,24,11142.613083
32.209964,36,11143.323047
-41.42,22,11143.865144
-38.16,26,11144.408948
-40.58,24,11144.941347
-35.2,40,11145.820101
-41.63,32,11146.768074
-41.17,24,11147.339323
-41.52,32,11148.009447
-37.59,38,11148.78561
-37.52,46,11149.855911
-35.74,31,11152.613814
-32.3,29,11153.087584
-41.73,23,11153.431919
-40.53,26,11153.79269
-37.66,34,11154.419599
-43.96,26,11154.897189
-41.11,39,11155.883224
-38.88,32,11156.427318
-37.11,30,11156.911286
-44.17,24,11157.283865
-38.15,26,11157.735297
-37.7,34,11158.351632
33.0,29,11158.961192
-33.0,42,11160.641015
-32.91,35,11160.986035
-42.0,19,11161.180769
-41.11,22,11161.433108
-44.92,27,11161.89637
-41.44,23,11164.237821
-37.23,33,11164.887784
-41.24,36,11165.415385
-41.06,29,11165.870881
41.079137,22,11166.635427
-32.88,31,11167.184223
35.857708,34,11167.793098
-38.5,30,11168.400098
-44.43,17,11168.956675
-33.0,39,11169.603271
-40.4,20,11169.887173
-33.0,35,11170.446801
32.05597,36,11171.345601
38.408856,23,11171.690597
-38.78,35,11172.204402
-40.49,19,11172.562427
-33.0,34,11173.190387
-38.5,23,11175.635596
-34.75,28,11176.083348
-41.2,28,11176.546614
-38.26,43,11177.309995
-38.52,51,11178.219605
-41.06,31,11178.783001
-38.24,29,11179.335663
33.0,27,11179.844559
-41.54,29,11180.326162
40.926517,22,11180.746348
32.339806,39,11181.550436
38.244604,24,11181.893013
-32.58,32,11182.34993
33.0,32,11182.804891
-41.18,23,11183.141943
-35.81,31,11183.852309
-39.0,25,11184.33521
-40.94,38,11186.750451
-40.49,26,11187.152616
33.0,41,11187.995121
42.0,23,11188.3833
-38.24,31,11188.915489
38.432727,21,11189.286852
-38.75,25,11189.7594
-44.87,28,11190.218406
-38.63,30,11190.760544
-41.57,33,11191.375148
-40.45,31,11191.903625
-42.0,30,11192.42836
-44.13,18,11192.658594
-38.27,38,11193.22372
-35.44,25,11193.584083
-39.0,24,11193.937973
-44.33,25,11194.298153
-32.56,27,11194.679076
32.361446,36,11197.14855
-41.17,24,11197.784129
41.489712,23,11198.207987
-38.25,44,11199.223677
-32.5,40,11199.913854
-38.85,25,11200.372759
-41.78,19,11200.726014
32.837838,34,11201.332463
33.0,30,11201.835845
-42.0,28,11202.333334
32.804688,28,11202.797572
-41.3,31,11203.32145
-42.0,23,11203.712185
-35.11,26,11204.068298
-47.44,32,11204.532528
-41.38,26,11204.896658
32.181102,35,11205.360432
-42.0,38,11207.980641
-44.41,22,11208.367563
32.211806,23,11208.760497
-38.37,21,11209.196603
36.526219,34,11209.880096
-47.09,31,11210.686287
-36.0,33,11211.254606
-43.61,21,11211.615122
-44.87,31,11212.153042
-32.04,31,11212.836305
-35.65,23,11213.270008
-36.0,31,11213.794866
32.241158,36,11214.425354
-32.42,34,11214.965354
33.0,25,11215.402698
-38.41,39,11215.971947
-41.61,33,11216.464301
-40.81,41,11219.052739
-35.66,41,11220.296462
-37.66,25,11220.79616
-45.0,20,11221.175787
-38.88,35,11221.828582
-41.61,19,11222.140922
-35.35,31,11222.657249
31.795522,25,11223.3297
-42.0,25,11223.816231
-35.79,29,11224.296063
-32.49,24,11224.68526
-41.81,38,11225.422066
-35.07,34,11226.05175
-32.08,27,11226.452736
-33.0,44,11227.099119
-41.31,21,11227.411841
-38.89,24,11227.766015
-38.81,25,11228.106863
-44.54,32,11230.570754
36.0,24,11231.029704
35.214981,54,11231.980455
-37.73,31,11232.549708
-42.0,19,11232.873318
-32.1,31,11233.418805
-41.12,24,11233.834815
32.194332,32,11234.413599
-41.82,25,11234.832093
-39.0,27,11235.286059
-42.0,26,11235.967466
-39.0,20,11236.363096
-35.74,23,11236.76309
-44.18,26,11237.149456
-38.76,29,11237.558703
-35.02,37,11238.091749
-33.0,27,11238.519937
-40.49,22,11238.817239
-41.04,22,11241.067915
34.742355,33,11241.647177
-36.0,24,11242.06987
-42.0,26,11242.496824
-41.53,25,11242.918073
-38.5,30,11243.418811
-44.72,19,11243.76656
-41.38,22,11244.162158
-36.0,25,11244.580976
-39.0,28,11245.033744
-36.0,45,11245.971142
-43.51,21,11246.336804
-44.81,31,11246.856387
-38.37,24,11247.294041
35.601533,42,11248.063347
-44.2,30,11248.552051
-39.0,48,11249.173906
32.680556,34,11251.778774
-35.45,22,11252.193828
-44.16,18,11252.492979
-40.63,25,11252.934079
-41.6,28,11253.357425
-41.72,24,11253.649862
-32.91,28,11254.118098
-35.78,52,11255.006682
-35.51,22,11255.417709
32.178182,26,11255.857789
-41.16,29,11256.383827
-41.18,27,11256.926601
33.0,26,11257.316298
34.649789,35,11257.897926
-38.75,33,11258.557778
-44.49,17,11258.833182
35.25625,27,11259.308467
-38.45,28,11259.772222
-44.63,22,11260.075757
-39.0,25,11262.349111
41.514056,17,11262.644136
32.515504,30,11263.085285
-43.52,25,11263.465967
-35.65,27,11263.909983
-43.53,23,11264.347434
-35.69,27,11264.801777
-41.09,22,11265.193271
-39.0,29,11265.689712
-41.46,28,11266.180681
-38.09,32,11266.720922
-38.66,21,11267.077116
-35.51,22,11267.469374
-42.0,27,11267.94715
-33.0,29,11268.4224
-41.78,27,11269.530458
36.647123,31,11270.062515
-38.03,33,11270.63586
35.437288,28,11271.071193
-37.8,27,11271.425548
-39.0,22,11273.653463
-41.23,32,11274.305127
-38.81,24,11274.72193
-35.93,40,11275.296597
-39.0,26,11275.746087
-37.95,28,11276.220826
-38.88,30,11277.000624
43.448352,22,11277.378516
-35.5,27,11277.846995
-36.0,26,11278.298488
37.86355,33,11279.012201
-42.0,24,11279.418266
37.953184,31,11279.942761
-41.83,16,11280.378598
-44.59,29,11280.882333
-37.81,26,11281.365545
-32.81,31,11281.876205
-44.79,17,11282.160118
32.326984,30,11284.340808
-41.83,28,11284.839959
33.0,29,11285.375132
32.279851,31,11285.9286
-38.5,32,11286.647161
-41.9,26,11287.151855
-44.27,24,11287.575125
34.800431,29,11288.333415
-41.62,31,11288.869755
-38.96,21,11289.255189
-34.25,36,11289.848475
-41.3,19,11290.160497
35.614719,25,11290.602283
-44.1,22,11290.989336
35.785211,30,11291.511126
-41.31,30,11292.077376
33.0,27,11292.518007
-44.27,27,11293.017778
-32.42,34,11293.611889
32.450216,35,11296.168721
-44.93,25,11296.601465
-37.67,33,11297.172458
-38.58,65,11298.335015
38.875502,32,11298.89677
-38.48,25,11299.316323
-45.0,31,11299.838912
-37.98,39,11300.56517
33.0,28,11301.040728
41.096026,22,11301.416596
37.64211,22,11301.816559
-42.73,29,11302.573836
-41.52,25,11302.991048
-33.91,35,11303.630552
35.538941,30,11304.156564
-41.17,29,11304.638529
35.374016,25,11306.724179
-44.56,23,11307.044219
-32.32,32,11307.538914
-44.39,34,11308.140492
-38.22,31,11308.695278
-41.07,26,11309.145776
-41.62,26,11309.594889
-35.29,44,11310.322107
-41.66,31,11310.850729
-38.28,24,11311.246844
-34.91,33,11311.841909
-38.75,31,11312.387471
-42.0,19,11312.725613
-42.0,21,11313.061938
-38.63,27,11313.540431
-34.82,28,11314.225526
-35.18,29,11314.704403
-38.34,28,11315.18087
-38.26,39,11317.543681
-41.22,24,11317.902558
-38.28,31,11318.351466
32.901639,26,11318.759376
-41.27,23,11319.185829
-38.75,36,11319.80233
-33.0,32,11320.3171
-44.05,17,11320.63237
-44.9,34,11321.206559
-41.5,36,11321.912668
-32.17,38,11322.591104
-41.1,21,11323.568523
-39.0,29,11324.145953
-41.76,24,11324.550737
-35.25,31,11325.111439
-39.0,66,11326.256997
-38.5,24,11328.509517
-44.17,28,11328.914465
35.189365,41,11329.704745
-42.0,21,11330.072886
-38.89,27,11330.561957
32.126984,31,11331.103158
-32.18,37,11331.769908
32.126016,32,11332.334722
-41.55,45,11333.05682
-41.18,24,11333.536547
-35.39,27,11334.015975
-41.04,40,11334.708581
-32.22,26,11335.227325
-36.0,25,11335.711816
-44.1,23,11336.156161
-38.35,27,11336.643511
-38.08,21,11336.973842
-38.73,28,11337.426039
-38.84,30,11339.734329
34.422187,30,11340.404846
-38.13,23,11340.720477
-38.48,37,11341.192142
-41.96,21,11341.564821
-44.31,26,11341.989522
-38.48,34,11342.57103
-35.71,34,11343.227197
-38.02,23,11343.610449
-41.54,23,11344.015499
-38.17,25,11344.480895
-44.67,23,11344.899929
-34.38,28,11345.395586
-44.42,23,11345.786215
32.834586,47,11346.601261
-40.88,39,11347.2595
-41.81,25,11347.694703
-41.42,19,11347.982288
-35.12,32,11350.282987
-44.52,17,11350.555681
-34.96,27,11350.933809
35.747573,27,11351.311923
33.0,26,11352.424505
-38.3,34,11353.046272
-36.0,24,11353.482819
-44.04,22,11353.859828
35.076705,28,11354.315705
-35.59,27,11354.793987
37.765369,22,11355.205289
-35.46,33,11355.996741
-41.85,30,11356.577543
-35.55,27,11357.016854
-35.45,24,11357.448997
-34.95,31,11357.993469
-35.07,27,11358.458615
-40.77,23,11358.874461
-34.96,25,11359.279613
37.83436,22,11361.41778
-32.32,69,11362.362759
-31.7,33,11362.893502
-45.0,26,11363.321467
-33.0,26,11363.77806
32.565371,26,11364.246017
-39.0,19,11364.607489
32.03663,29,11365.32174
32.287402,34,11365.946026
-32.05,36,11366.55311
-37.52,21,11366.945083
-42.0,23,11367.352158
-32.24,24,11367.749991
-43.88,35,11368.358438
-32.44,26,11368.773398
-35.18,29,11369.302628
-41.59,35,11369.892903
33.0,31,11372.245072
-38.75,97,11373.655603
-43.79,26,11374.125587
-35.36,26,11374.557115
-35.41,39,11375.237714
32.745704,25,11375.724887
-38.17,25,11376.172729
-44.09,20,11376.535735
-42.0,31,11377.097597
-44.43,27,11377.609614
-33.0,28,11378.071514
-38.8,30,11378.566846
32.100372,36,11379.184619
-45.0,28,11379.729358
-35.61,26,11380.174566
-39.66,32,11382.63891
-42.0,29,11383.04995
-34.42,30,11383.478958
-44.71,26,11383.859708
34.538321,57,11385.341996
38.170124,23,11385.749141
-39.0,28,11386.233103
38.049801,43,11386.996304
-38.3,33,11387.622148
38.465987,25,11388.056525
-38.03,28,11388.624423
35.063953,35,11389.267863
35.9,29,11389.933544
-41.03,27,11390.422703
-35.73,25,11390.885229
-38.58,24,11391.289795
-35.4,32,11391.753616
40.595977,19,11393.864214
36.0,23,11394.208577
38.100775,27,11394.595577
-35.71,31,11395.026392
-44.72,18,11395.273183
-37.99,31,11395.836079
-35.78,34,11396.539156
37.457721,22,11396.930138
-38.71,28,11397.47326
-41.47,115,11399.524476
-32.57,27,11399.972594
-38.29,28,11400.398569
-35.8,27,11401.062686
-42.0,28,11401.544129
33.712607,33,11402.187123
38.913907,29,11402.618786
35.193955,25,11404.944263
37.351333,27,11405.434013
-35.03,26,11405.821919
-38.35,28,11406.241227
-35.81,29,11406.632086
-39.0,23,11406.950269
-41.32,24,11407.30966
-38.23,19,11407.679352
-42.0,32,11408.196776
-41.13,21,11408.787522
-41.73,26,11409.24498
32.290541,26,11409.708766
-41.83,31,11410.45329
-41.5,29,11410.914307
32.261818,41,11411.589408
-42.0,32,11412.18442
-38.56,26,11412.7139
-33.0,23,11413.089657
-41.86,26,11413.577868
32.211921,34,11416.249464
37.662257,19,11416.614471
-35.15,31,11417.085511
-43.99,26,11417.492391
-44.24,24,11417.906254
33.707488,35,11418.413876
-41.7,33,11418.972388
-41.42,23,11419.369605
35.264,31,11419.821935
-35.91,33,11420.409941
-43.32,29,11420.971264
-38.17,26,11421.460009
-41.41,29,11422.004309
-35.09,21,11422.398691
-44.49,19,11422.778095
-32.62,29,11423.297077
32.267857,38,11424.065419
32.957082,27,11424.536294
-41.78,28,11426.927573
-35.53,27,11427.504546
-34.83,42,11428.280819
-38.18,24,11428.672192
-47.75,29,11429.137843
-44.18,19,11429.424834
-35.77,34,11429.921315
-40.79,27,11430.329735
-41.31,23,11430.742198
-47.29,26,11431.252612
-41.41,19,11431.605727
-37.89,23,11432.04587
-32.07,40,11432.758173
39.74867,24,11433.170889
-41.27,29,11433.725082
-36.0,26,11434.26502
35.114943,38,11435.26294
-32.05,34,11435.816066
-47.13,18,11438.056062
37.542092,24,11438.50167
-38.15,30,11439.037915
-32.84,33,11439.626149
-38.18,24,11440.119849
32.403587,29,11440.571854
-39.0,26,11440.952243
-34.77,38,11441.53379
-38.06,28,11441.982432
35.498141,28,11442.453208
-33.0,22,11443.438946
-35.91,30,11443.962419
-35.86,41,11444.705224
-44.55,22,11445.113813
-32.09,32,11445.724869
-41.42,20,11446.093486
32.520134,43,11446.95784
-43.88,32,11447.475048
-42.0,29,11449.999555
-39.0,30,11450.630128
-41.32,26,11451.106349
-38.44,21,11451.471954
-40.85,36,11452.09673
-32.33,29,11452.640456
-41.63,29,11453.177673
-38.78,41,11454.030973
-35.48,26,11454.532325
35.459259,24,11455.053443
-39.0,31,11455.716075
33.0,34,11456.369667
35.477912,24,11456.858104
40.365102,24,11457.323432
34.138286,23,11457.885289
32.411321,28,11458.439165
36.0,25,11458.918998
-41.25,26,11459.351519
-48.0,26,11461.752986
44.573171,21,11462.204617
-41.69,19,11462.623964
-38.63,24,11463.112578
-38.29,25,11463.888517
-35.74,31,11464.513507
-32.97,38,11465.107064
-43.5,28,11465.521232
-41.56,22,11465.843041
-39.0,24,11466.520588
32.035019,39,11467.209821
-37.74,35,11467.918671
-41.48,22,11468.365152
-38.2,32,11469.088051
-42.0,21,11469.475984
-39.0,24,11469.906055
-41.91,17,11470.307708
-39.0,26,11471.058843
-38.17,31,11471.627999
-44.18,22,11473.982472
-46.69,17,11474.296853
-36.0,29,11474.806488
-42.0,22,11475.190431
-35.34,28,11475.710585
-34.74,30,11476.248124
-38.42,22,11476.624959
32.759398,30,11477.024048
-38.34,30,11477.486392
32.075563,33,11477.973988
34.639529,54,11478.973415
32.022222,34,11479.585578
37.638372,25,11480.05443
32.369128,32,11480.658765
-41.46,24,11481.074931
-38.91,25,11481.454571
-35.39,35,11482.052166
35.213166,31,11482.526744
-44.08,32,11485.096367
-39.0,24,11485.540477
37.216172,21,11485.922386
31.756966,38,11486.585415
35.5,27,11487.071758
-35.28,36,11487.702758
-35.79,35,11488.224169
-38.37,23,11488.552955
-32.82,39,11489.167383
-41.34,22,11489.586283
-41.06,35,11490.456686
-38.31,31,11490.995937
-44.5,38,11491.706627
-38.48,31,11492.254011
-32.68,31,11492.736196
-45.0,21,11493.068794
32.057432,28,11493.864084
37.880251,26,11496.286453
-38.44,22,11496.669504
-46.84,27,11497.17569
-37.68,25,11497.850562
-44.5,22,11498.289119
-42.0,32,11498.76135
-35.53,32,11499.265861
34.69064,27,11499.755517
-41.27,21,11500.078303
-38.41,35,11500.605078
-41.33,26,11500.998505
-38.29,28,11501.440306
-44.74,24,11501.875812
-38.62,29,11502.419085
-41.38,21,11502.787942
-38.41,31,11503.323418
-35.01,28,11503.730153
-35.84,29,11504.218726
-38.71,29,11504.65894
-35.03,31,11507.669499
-41.09,27,11508.185466
35.023102,39,11508.852049
-39.0,32,11509.422977
-38.69,17,11509.725663
-41.2,30,11510.248221
-40.97,22,11510.546942
-44.32,26,11510.948015
35.901887,24,11511.319286
-47.25,17,11511.596634
-39.0,26,11511.986633
-41.88,24,11512.400078
-39.0,24,11512.841915
32.432836,31,11513.388253
-35.81,34,11513.929999
-41.35,25,11514.316239
-35.81,35,11514.849676
-38.91,27,11515.279449
-44.18,22,11515.63009
35.572414,26,11518.188996
-38.61,29,11518.70968
-39.0,34,11519.340999
-35.44,29,11519.842363
-41.71,22,11520.233575
-43.84,22,11520.613973
37.982728,24,11521.10116
-45.0,25,11521.561638
-35.43,25,11522.152704
35.032051,23,11522.491168
32.23125,34,11522.97447
-44.85,24,11523.375309
-41.7,22,11523.758576
-44.46,20,11524.108526
-40.02,32,11524.67706
-42.0,25,11525.063478
-41.35,23,11525.416311
-35.33,24,11525.785192
-35.2,27,11526.211758
40.799721,29,11528.690588
-41.19,29,11529.200298
-32.2,34,11529.777638
-38.19,31,11530.325994
-42.0,18,11530.660416
-41.67,19,11531.018942
31.820423,28,11531.782516
-38.18,26,11532.268267
-40.8,30,11533.226206
-41.46,33,11533.727164
32.283186,69,11534.774282
-37.84,36,11535.334153
-38.71,38,11535.998791
-32.08,29,11536.444632
41.419355,18,11536.732264
-38.52,36,11537.281011
31.983516,30,11537.77023
41.186413,21,11540.221754
-37.35,26,11540.679108
-35.54,32,11541.235412
-44.91,25,11541.681748
-40.47,26,11542.15959
-38.49,25,11542.653457
-44.21,23,11543.31867
-32.32,27,11543.812933
-38.65,33,11544.420028
-43.68,21,11544.81401
-36.0,33,11545.297827
-39.0,26,11545.725488
35.274368,32,11546.186291
-39.0,21,11546.507794
-41.69,26,11546.862706
-32.39,24,11547.216512
-41.79,32,11547.673658
-41.08,28,11548.204311
-39.0,25,11548.819502
-36.0,27,11551.542839
-38.89,28,11552.098213
-39.0,31,11552.699749
-38.81,26,11553.156046
-33.0,30,11553.714959
-41.58,36,11554.424993
-38.45,22,11554.896465
-44.03,17,11555.273286
32.34507,28,11556.007512
-44.46,22,11556.49632
-39.0,30,11557.023495
35.245421,24,11557.332957
-44.42,22,11557.725509
-41.18,37,11558.369623
-41.02,30,11558.802517
-38.71,24,11559.150561
-33.0,34,11559.746094
-38.76,28,11560.236763
-35.94,40,11563.199733
-32.78,29,11563.755095
38.127376,25,11564.582637
-40.99,34,11565.218669
-35.09,30,11565.701428
-35.57,26,11566.170886
37.735431,28,11566.70347
-41.23,40,11567.485941
-43.52,21,11567.890451
37.206448,40,11568.776876
-38.15,21,11569.182706
-35.06,34,11569.91971
-36.0,29,11570.556987
-38.04,30,11571.142454
-32.79,34,11571.667027
-35.29,35,11572.156797
-38.04,25,11572.555
-32.39,31,11575.335164
-39.0,48,11576.191298
-35.52,26,11576.670893
-41.23,26,11577.36031
36.0,25,11577.88159
-45.0,24,11578.298011
-42.0,29,11578.851101
-41.92,22,11579.256464
-41.94,24,11579.716589
-38.0,27,11580.201034
-38.3,32,11580.767744
-38.27,29,11581.274492
32.384615,34,11581.855585
-32.21,29,11582.27883
-30.0,34,11582.703949
32.567568,28,11583.035939
-37.19,28,11583.400425
35.088561,34,11585.834015
-41.41,25,11586.265932
-34.89,35,11586.892274
-37.23,31,11587.450717
35.504065,31,11588.018435
-44.66,21,11588.384974
-41.31,25,11588.815365
35.109188,26,11589.2828
-33.0,34,11589.876464
-31.55,34,11590.472892
-35.53,28,11590.962801
-32.9,36,11591.599332
-38.1,22,11591.990067
-32.58,36,11592.661605
-42.0,22,11592.973515
39.0,26,11593.303961
-41.52,29,11593.683988
32.677686,31,11594.05684
47.636943,16,11594.276725
-41.12,22,11596.608895
-36.0,32,11597.018266
-35.77,33,11597.426541
-36.0,27,11598.052502
-33.0,36,11598.753055
-39.0,25,11599.213312
32.208661,27,11599.665895
35.778723,31,11600.169102
-41.18,26,11600.612684
-41.24,24,11601.263584
-41.24,29,11601.864313
-31.9,31,11602.46337
-44.34,20,11602.790513
-32.52,27,11603.222961
-39.0,23,11603.65589
-41.17,23,11604.10824
-44.42,26,11604.522087
-43.65,27,11604.838576
-40.88,37,11607.154908
-32.3,24,11607.58415
-44.66,28,11608.080896
-35.6,27,11608.582715
34.335731,30,11609.203691
-39.0,21,11609.593157
-39.0,26,11610.055806
32.377953,32,11610.587019
-34.53,25,11611.014319
-41.5,27,11611.46372
-41.21,26,11611.918526
-44.06,22,11612.293222
-35.53,33,11612.867275
-41.46,29,11613.360882
33.0,32,11613.885952
-32.38,34,11614.45752
-41.91,29,11614.916269
-41.09,26,11615.260815
-41.06,29,11615.623344
-34.82,29,11617.978841
-39.0,25,11618.421793
-44.0,28,11618.892515
-35.55,33,11619.484858
-40.78,22,11619.856005
-35.07,26,11620.2548
-35.27,35,11621.037361
38.568182,23,11621.532817
-44.19,21,11621.946104
-44.77,22,11622.464524
-41.4,29,11623.073854
-44.82,14,11623.336481
-38.91,32,11623.911295
-35.24,32,11624.494493
-44.38,22,11624.855865
-38.91,34,11625.530054
-35.39,30,11626.255528
-44.14,23,11626.636882
36.640099,23,11626.946958
-41.32,31,11629.306585
-38.81,30,11629.736284
-36.64,24,11630.183813
36.0,29,11630.686193
-37.4,37,11631.407673
-35.38,50,11632.268858
-36.0,32,11632.851025
-44.04,40,11633.611638
-38.13,35,11634.250839
-32.09,35,11634.868076
-44.96,26,11635.378535
-32.33,23,11635.805025
-41.52,28,11636.256783
-35.38,32,11636.828466
-32.47,41,11637.561046
-40.62,26,11637.932487
-39.0,24,11640.110548
-36.0,27,11640.609858
-40.81,24,11641.050169
-39.0,30,11641.622223
-38.48,90,11643.207842
-38.85,27,11643.71263
-35.21,30,11644.244321
-35.04,25,11644.694496
-38.4,31,11645.260285
-35.76,32,11645.875255
-38.53,22,11646.286212
-32.08,77,11647.616762
-36.0,29,11648.26669
-38.48,25,11648.73682
-35.63,28,11650.92256
-38.13,30,11651.483881
-36.0,29,11652.043242
-41.44,88,11653.947841
-32.37,30,11654.455363
-41.91,23,11654.862574
-43.84,29,11655.4214
35.130129,28,11655.904871
-35.31,128,11658.17762
-40.31,25,11658.625815
-35.19,41,11659.354968
-35.13,27,11659.83089
-38.0,24,11660.19748
-38.41,26,11662.335893
-39.0,31,11662.892448
-41.48,24,11663.366606
-39.0,22,11663.793399
-35.37,28,11664.310698
-32.18,41,11665.07918
-47.15,29,11665.620549
-33.0,31,11666.191803
-41.2,22,11666.568959
-35.66,49,11667.426576
-47.48,30,11667.996671
-37.57,33,11668.584745
-32.1,28,11669.078088
-32.23,35,11669.683687
-44.56,26,11670.161427
33.0,31,11670.695857
35.201389,50,11673.142496
-44.3,23,11673.503885
-36.0,23,11673.930445
-41.36,21,11674.280734
-35.66,35,11674.939401
-38.64,26,11675.347328
-47.13,24,11675.821576
-41.8,26,11676.507858
-35.91,29,11677.368556
-36.0,33,11678.163362
32.297778,33,11678.864999
-41.83,20,11679.244646
-36.0,25,11679.710725
32.805556,50,11680.567088
-32.74,26,11681.035882
-41.92,25,11681.460641
-35.23,36,11682.151473
-38.2,20,11682.500485
-30.0,30,11684.864951
-35.18,30,11685.374092
-33.0,40,11686.095357
-41.06,27,11686.584826
32.775168,26,11687.092647
-41.59,33,11687.742166
-44.16,25,11688.212567
-44.91,17,11688.520603
-37.96,28,11689.014017
-32.26,27,11689.489798
-37.6,26,11690.074887
-33.0,70,11691.49915
34.322599,24,11692.003921
-46.06,21,11692.386508
-41.12,35,11693.235199
32.321192,35,11693.911528
-36.0,32,11694.491573
-40.75,30,11696.869268
-36.0,28,11697.334311
-44.37,35,11697.910205
-36.0,29,11698.645729
-44.46,17,11699.066686
32.534545,31,11699.742067
-38.79,23,11700.177265
-37.38,30,11700.73983
-37.57,34,11701.368539
38.280186,27,11701.951533
-43.58,23,11702.391658
35.061203,59,11703.8078
-41.08,28,11704.870404
-37.67,39,11705.75826
35.312727,33,11707.660892
-41.17,26,11708.382528
-41.55,22,11709.758682
-32.47,30,11713.769588
-42.0,20,11714.097343
-42.0,23,11714.454048
-38.79,25,11714.844038
-38.12,34,11715.533346
-38.15,26,11716.03324
-41.11,26,11716.508999
-41.87,24,11717.040233
-35.59,31,11717.724676
-40.78,19,11718.163073
-35.81,26,11718.728164
-43.31,19,11719.177009
-45.0,19,11719.582613
-39.0,45,11720.819897
-46.52,16,11721.294511
-38.19,21,11721.890423
-35.37,36,11722.938268
-43.9,90,11727.505822
-41.35,26,11728.06403
-32.39,30,11728.856147
-32.33,31,11729.570395
35.859316,29,11730.412764
-41.29,32,11731.237981
-41.44,17,11731.62992
-38.55,33,11732.401268
-42.0,32,11733.159118
-38.45,27,11733.845199
-45.75,37,11734.72363
-41.43,32,11735.488307
-35.11,26,11736.185475
-38.57,32,11737.029601
-37.84,26,11737.661979
-44.18,32,11738.439327
-38.21,26,11739.050456
-33.0,26,11739.573892
-39.0,23,11742.79055
-39.0,24,11743.22764
-39.0,26,11743.750491
-39.0,42,11744.577474
-38.41,36,11745.301459
-31.73,37,11746.36715
-42.0,20,11747.317874
-35.5,27,11748.070907
-44.37,25,11748.711159
31.733333,37,11749.618651
32.069841,33,11750.559168
-44.57,24,11751.207073
40.424092,23,11751.7828
-35.88,30,11752.651751
-41.64,27,11753.365076
-44.55,27,11753.995036
-38.6,20,11754.548365
32.709559,27,11755.279459
-39.0,29,11758.856578
35.142384,30,11759.787793
-41.03,19,11760.330023
-32.04,30,11760.986126
-35.33,29,11761.614676
-41.67,22,11762.041403
30.0,34,11762.772303
-39.0,16,11763.108005
-35.16,27,11763.765835
-32.91,30,11764.44744
-41.61,27,11765.049376
38.047819,33,11765.865714
-41.33,27,11766.673631
-35.35,26,11767.250885
-39.0,26,11767.986044
32.410256,31,11768.763039
-33.0,32,11769.624427
-36.0,25,11770.198147
-38.21,30,11774.36148
-42.0,29,11775.366386
-44.39,24,11776.304434
32.467742,31,11777.303195
-41.91,20,11777.845379
-42.0,30,11779.05956
-36.0,21,11779.630712
-44.16,21,11780.295711
-40.21,21,11780.985433
-45.0,26,11781.764257
-40.79,21,11782.500208
-41.5,33,11783.65956
-44.37,21,11784.421522
-37.35,28,11785.25846
-42.87,24,11785.966846
36.0,23,11786.641956
-36.0,28,11787.440825
-38.61,33,11788.428598
-44.87,21,11789.09084
-41.83,25,11789.808902
-41.11,31,11793.604071
-38.08,25,11794.308323
-39.0,24,11795.03719
-38.41,27,11795.783572
-37.84,29,11796.534414
-42.0,23,11797.132758
-41.91,25,11797.667623
-37.43,32,11798.425743
-44.55,19,11798.902442
-47.04,27,11799.453062
-33.0,30,11800.133556
-41.85,31,11800.959788
35.258555,46,11802.517591
-38.07,27,11803.263235
-42.0,29,11804.061963
-39.0,27,11804.851306
-41.83,21,11805.443198
-41.91,23,11806.193169
-44.2,22,11806.761048
-41.74,26,11810.465786
-44.81,20,11811.156908
-44.13,18,11811.647482
-35.16,35,11812.639871
38.764479,19,11813.115721
43.278535,17,11813.643461
-41.59,32,11814.537512
-38.6,19,11814.97206
-41.31,24,11815.561205
-38.09,31,11816.275602
-41.55,26,11816.87476
-39.0,20,11817.361666
-38.42,27,11818.079331
-41.13,25,11818.736328
-45.0,23,11819.765396
-41.31,24,11820.384303
-38.16,24,11821.02439
-44.18,23,11821.652754
-36.85,36,11822.674037
40.893174,29,11823.5354
-35.91,24,11824.158117
-36.0,27,11827.815691
-38.44,24,11828.438123
-37.79,27,11829.471366
-38.86,23,11830.080194
-40.46,26,11830.825433
37.51972,26,11831.65724
-35.41,25,11832.250742
-40.66,28,11832.874375
-38.57,28,11833.572458
-39.0,29,11834.253031
-32.03,31,11834.938898
-35.14,30,11835.772906
-42.89,22,11836.384119
-34.76,31,11837.299846
-41.16,38,11838.350182
-35.62,25,11839.133434
-32.04,31,11840.323599
-32.09,38,11841.597531
39.54619,31,11845.381073
32.097222,35,11846.367598
-32.13,29,11847.519269
40.488069,22,11848.256086
32.515504,34,11849.273753
-35.28,28,11849.948527
32.553746,33,11850.733881
-37.53,24,11851.196943
-44.61,16,11851.549228
-35.38,36,11853.238775
-39.0,36,11854.279821
-32.53,32,11855.21655
-39.0,26,11855.945252
-41.53,22,11856.563912
-41.91,23,11857.230248
-34.86,123,11863.709124
-44.43,30,11864.562268
-42.75,19,11865.132958
-38.34,23,11865.731585
-32.84,29,11866.375081
-39.0,23,11866.960817
-41.61,25,11867.55715
37.321002,33,11868.301351
-38.96,31,11869.042425
-37.52,40,11870.092842
-35.81,38,11871.179628
35.004367,31,11872.07228
-39.85,26,11873.227438
-35.65,36,11874.549263
37.297258,39,11875.893627
-44.5,27,11876.657161
-35.28,38,11880.245367
-32.56,27,11880.960488
-36.0,37,11882.046925
-41.72,20,11882.605509
-38.17,26,11883.233944
-38.75,24,11883.82772
-32.24,27,11884.841786
-44.54,21,11885.312242
-40.78,54,11886.773364
-35.0,50,11888.074737
-44.88,21,11888.629214
34.77244,65,11890.882655
-41.56,37,11891.945242
38.587413,20,11892.557764
-41.05,23,11893.158799
-40.28,27,11893.89351
-38.78,27,11894.591738
-44.35,28,11898.056428
-38.51,27,11898.779746
-41.25,26,11899.540841
-32.47,43,11900.538263
-46.79,23,11901.052947
-38.46,33,11901.791579
32.129278,33,11902.522281
-35.15,32,11903.210756
32.65411,31,11903.909058
-39.0,30,11904.689423
34.745818,31,11906.221656
32.76259,33,11907.037958
-41.64,33,11907.909683
-35.27,26,11908.635011
-41.07,27,11909.398163
-40.57,20,11909.909771
-41.43,29,11910.748631
-44.65,22,11913.963503
-41.69,38,11915.067308
-32.67,41,11916.112695
-37.64,54,11917.242447
-38.05,26,11917.79097
-38.3,32,11918.852795
32.140152,33,11919.717852
-40.72,26,11920.349339
-41.22,23,11920.944953
-41.22,27,11921.782382
-35.5,34,11922.746228
32.554502,30,11923.600427
-35.86,44,11924.782227
35.271028,30,11925.591029
-40.72,20,11926.170662
32.533597,25,11926.84774
32.286174,28,11930.303216
-41.46,47,11931.516374
-41.39,15,11931.898178
-41.35,26,11932.49288
-44.07,24,11933.426507
-41.03,30,11934.189025
33.0,88,11936.124273
37.38205,24,11936.746539
-35.12,28,11937.50876
32.682482,24,11938.132294
-44.4,23,11938.725806
-38.06,26,11939.3785
38.478827,23,11939.966434
-33.0,27,11940.661143
33.0,29,11941.465442
-41.13,43,11942.678981
-32.4,30,11946.204977
-40.82,26,11946.966328
-38.3,30,11947.714944
-42.0,27,11948.437181
34.892119,25,11949.054301
32.034056,42,11950.559044
-41.23,29,11951.154978
-41.65,23,11952.01037
-34.82,36,11952.936045
40.424078,25,11953.578526
-32.5,36,11954.598943
-35.65,26,11955.347302
-32.88,30,11956.143271
34.427724,27,11956.858217
-32.63,31,11957.753772
35.435115,27,11958.469506
-37.77,29,11959.211163
-41.73,26,11959.938645
-44.33,24,11963.373039
-39.0,28,11964.024802
-37.92,28,11965.047545
-38.76,28,11965.767926
-41.66,28,11966.498032
-32.43,26,11967.037357
-32.81,27,11967.596267
-41.71,29,11968.229725
39.0,21,11968.814147
-35.51,28,11969.565614
-41.1,34,11970.5112
-45.0,25,11971.194841
-37.42,31,11971.949973
-38.27,21,11972.511049
35.198556,30,11973.314066
38.034333,24,11973.980665
-41.24,21,11974.57946
-39.0,45,11975.741906
32.431034,35,11979.359101
-40.4,29,11980.124807
-45.0,21,11980.684005
-38.68,26,11981.394891
-38.78,26,11982.010777
-41.46,23,11982.515282
-36.0,27,11983.105619
35.342205,26,11983.667559
-39.0,36,11984.471422
-38.66,25,11985.10212
-35.57,33,11986.324106
-40.75,31,11987.042171
-44.54,23,11987.638399
-44.13,22,11988.296784
-38.11,28,11989.013821
-40.73,25,11989.73767
32.292683,37,11990.737605
-44.76,27,11991.507659
-35.88,65,11996.114581
-38.28,33,11997.056381
-35.59,28,11998.218436
-42.0,27,11999.073371
-38.69,39,12000.125643
-39.0,19,12000.545415
-32.17,24,12001.070276
-38.31,32,12001.857939
-47.63,13,12002.188409
-32.47,31,12002.948113
-41.26,19,12003.462689
-38.15,29,12004.392569
-44.43,21,12005.040428
-35.46,24,12005.787349
35.876161,26,12006.563838
-32.58,33,12007.517321
39.0,18,12008.105986
-43.66,29,12008.957931
32.058011,35,12010.001434
-38.63,25,12013.361944
32.772595,34,12014.223389
-44.8,29,12014.999999
-44.18,26,12015.736793
-38.09,28,12016.473091
-32.2,32,12017.271355
39.538462,36,12018.397263
-38.78,23,12019.006561
-44.56,22,12019.612028
-32.32,44,12020.914889
-44.7,28,12021.673028
35.569853,25,12022.311105
-32.83,33,12023.162092
32.778226,35,12024.106478
-44.1,30,12024.953716
-41.5,34,12025.839349
-37.68,26,12026.550352
-34.59,27,12030.042693
-41.01,29,12030.769844
-39.0,32,12031.765212
-37.95,43,12032.869248
-41.06,38,12033.625483
-38.78,27,12034.212545
-32.32,27,12035.237549
-37.85,25,12035.743362
-46.94,22,12036.561907
-38.76,30,12037.318321
-34.7,38,12038.239029
-40.75,32,12038.935141
33.0,29,12039.568125
-38.29,27,12040.235144
-38.5,37,12041.318647
-33.0,30,12042.124643
-41.13,29,12045.042568
-39.0,25,12045.574911
-41.23,21,12045.996476
-42.0,21,12046.52186
-38.76,34,12047.310831
-41.95,20,12047.76718
-32.5,33,12048.592936
-38.41,35,12049.175466
-44.76,33,12049.823718
-41.44,24,12050.255838
36.0,27,12050.758858
-35.56,22,12051.192123
-38.38,23,12051.670177
41.057991,26,12052.299002
-41.59,29,12052.635123
-36.0,27,12053.097786
-32.22,40,12053.887816
-44.5,24,12054.411428
-39.0,24,12054.918672
-39.0,20,12055.453476
-44.06,27,12058.354856
-41.44,29,12058.803492
-44.68,23,12059.220488
-34.47,74,12060.552889
-39.0,33,12061.121334
-38.05,25,12061.503951
-38.85,23,12061.900725
-38.68,32,12062.395761
-38.71,23,12062.725239
-35.64,26,12063.089536
-34.99,25,12063.511485
38.011864,19,12063.835613
-44.2,18,12064.132225
-47.19,27,12064.617816
-43.05,23,12065.051317
-47.15,20,12065.447561
-41.1,24,12065.900072
41.734483,38,12066.548988
-44.62,27,12068.962759
-38.23,21,12069.271059
-38.35,26,12069.700054
-39.0,27,12070.1834
-41.23,23,12070.567819
-39.0,25,12071.151075
-44.56,27,12071.620153
-32.42,35,12072.155691
-39.0,33,12072.718886
-33.0,34,12073.307752
-35.74,39,12073.863906
-35.74,22,12074.173965
-41.65,26,12074.53009
-36.0,29,12074.966457
-41.66,42,12075.571917
-35.14,28,12076.031869
-32.45,28,12076.507948
-41.46,25,12078.941213
-40.51,29,12079.390161
-41.7,23,12079.747358
-36.0,37,12080.339677
-38.31,29,12080.87933
-32.22,32,12081.457622
31.737354,33,12082.182518
-41.68,23,12082.64124
32.032573,26,12083.232724
-41.2,27,12083.978279
-35.34,29,12084.514398
-38.32,28,12084.940627
-34.64,45,12085.750467
-38.54,21,12086.061839
-33.0,29,12086.553701
-38.58,31,12087.049849
-44.78,17,12087.322419
-32.59,27,12087.792721
42.0,20,12088.161886
-40.88,29,12090.52168
-38.45,23,12090.930244
-44.02,29,12091.49401
-37.9,25,12092.090655
-38.88,29,12092.604008
-46.53,26,12093.16112
-42.0,23,12093.626046
-35.3,31,12094.135135
-35.87,27,12094.623345
-38.76,29,12095.142055
-38.45,31,12095.655221
35.075653,30,12096.144699
-37.95,33,12096.623859
-39.0,28,12097.048485
-44.8,43,12097.693896
-36.0,29,12098.148811
-44.92,21,12098.516033
-41.09,23,12098.927592
-32.91,28,12101.396186
-41.47,33,12102.193694
-38.71,32,12102.762764
-37.53,29,12103.313739
-33.0,28,12103.799824
-41.18,22,12104.179568
-35.65,30,12104.692591
38.411765,19,12105.004608
-34.85,30,12105.515644
35.621094,23,12105.912625
-38.66,20,12106.279415
-43.98,18,12106.5629
44.006897,47,12107.319696
32.610895,38,12107.878055
-35.81,28,12108.306687
-40.64,33,12108.806669
-38.01,32,12109.295042
-41.5,25,12109.949851
-34.53,27,12112.276007
37.295494,29,12112.763318
-39.0,27,12113.223292
-42.0,23,12113.715584
32.128906,28,12114.228422
38.734317,26,12114.703745
35.878924,26,12115.155873
32.55418,29,12115.626485
-39.0,38,12116.323716
-41.53,21,12116.665091
-38.68,41,12117.35935
-32.5,29,12117.998178
-40.98,24,12118.324549
-38.65,25,12118.680775
-38.24,23,12119.027822
-39.0,20,12119.342013
-42.0,15,12119.548404
-35.21,37,12120.164844
-34.99,41,12122.83947
32.381132,32,12123.422797
-37.76,32,12123.996714
-38.59,22,12124.402524
-38.17,24,12124.824537
-32.23,30,12125.313703
-35.71,77,12126.601685
32.900735,25,12127.014722
-37.94,27,12127.483825
-38.28,33,12128.050756
-38.41,23,12128.44034
-41.55,31,12128.905431
-41.83,22,12129.213201
-41.5,26,12129.57237
-41.22,23,12129.930138
-38.5,32,12130.388552
-41.74,21,12130.705427
-38.61,25,12132.911476
-38.46,27,12133.377747
32.521127,44,12134.158197
-38.3,23,12134.371413
32.186312,36,12134.938305
-45.0,14,12135.175663
-32.53,31,12135.722708
-37.8,31,12136.249014
-38.71,45,12137.04154
-40.96,28,12137.55105
-35.06,30,12138.112822
-35.6,27,12138.544229
-42.0,27,12139.021506
-42.98,26,12139.44543
-32.47,33,12140.218849
-44.11,30,12140.669012
38.294776,23,12140.971148
-38.15,33,12143.455508
37.627586,21,12143.738187
-44.66,30,12144.222963
-36.0,32,12144.782985
-34.99,31,12145.336835
39.0,22,12145.705301
-41.39,24,12146.103868
-38.27,56,12147.071093
-38.99,48,12147.909422
-35.46,20,12148.243922
-39.0,32,12148.742624
-43.74,20,12149.105099
-37.54,44,12149.852006
-41.65,23,12150.257628
-44.2,19,12150.581404
-36.0,30,12151.019459
-32.34,30,12151.45146
-35.79,33,12153.847991
32.339552,31,12154.394696
-32.3,29,12155.030594
-35.38,29,12155.605027
-40.98,30,12156.127844
-38.47,24,12156.579796
36.0,25,12157.005349
-41.5,27,12157.473679
-41.39,28,12157.966667
-41.75,36,12158.580045
-41.56,26,12159.027951
-44.72,20,12159.383198
-35.37,39,12160.144588
-41.69,20,12160.517432
-45.0,29,12160.982052
-41.6,27,12161.496356
-44.59,32,12162.139088
32.703422,27,12162.512032
-38.45,25,12162.873906
-41.72,31,12165.14849
-41.21,29,12165.66183
-38.59,33,12166.211747
-35.73,33,12166.950221
-38.46,32,12167.455738
-38.33,26,12167.909333
-44.91,21,12168.268836
-35.31,31,12168.791134
-38.74,43,12169.567001
-38.33,21,12169.978313
-35.51,27,12170.503344
-41.49,27,12170.984838
-38.44,21,12171.340144
-44.1,19,12171.662512
-36.0,25,12172.08106
-42.0,25,12172.494498
-40.24,24,12172.859967
-38.34,25,12173.265098
-35.38,32,12175.581835
32.237931,34,12176.223833
-44.55,19,12176.47597
-38.08,41,12177.231559
-35.17,30,12177.761268
-38.63,32,12178.355796
-38.77,25,12178.766573
-41.68,30,12179.264218
-38.22,27,12179.728025
-39.0,30,12180.208915
-38.77,30,12180.858301
-44.05,22,12181.240852
-38.81,26,12181.685142
-38.05,40,12182.333315
-35.86,26,12182.857276
-38.2,31,12183.433076
-44.27,26,12183.873451
38.883803,22,12184.243367
-44.12,17,12186.198386
38.325878,25,12186.606215
-33.0,30,12187.128027
32.381132,32,12187.706812
-40.65,40,12188.368491
-38.24,35,12188.91993
-37.22,41,12189.585202
32.801282,28,12190.083319
-41.71,20,12190.417794
33.0,34,12190.995926
-38.77,24,12191.38498
-43.7,31,12192.14625
-39.0,24,12192.571081
-40.87,33,12193.147956
33.0,28,12193.651081
-38.47,31,12194.1309
-40.86,22,12194.515936
35.133962,41,12197.123222
-37.65,35,12197.818681
-35.87,44,12198.595166
-34.53,30,12199.180304
32.901478,28,12199.670202
32.22093,33,12200.179421
-41.28,37,12200.828592
-44.24,27,12201.29425
32.896296,28,12201.771092
-38.01,30,12202.300171
-35.57,26,12202.767308
-43.23,24,12203.221883
38.577519,28,12203.773568
-38.5,36,12204.441891
-33.0,30,12204.966966
-41.43,22,12205.324921
-40.82,26,12205.786659
-38.3,25,12208.097267
-36.0,34,12208.756335
-35.83,31,12209.288323
38.531034,26,12211.134253
-38.8,22,12213.871257
-42.0,24,12214.44569
-34.89,36,12215.236841
-41.35,33,12215.874221
-38.41,31,12216.474863
-38.47,21,12216.896465
-37.78,37,12217.580578
-35.12,32,12218.214378
-38.57,28,12218.732495
32.694268,31,12219.281701
-38.68,25,12219.746993
38.748062,31,12220.29089
39.778888,32,12220.999533
-34.68,32,12223.352249
-39.0,25,12223.815699
-41.29,23,12224.216252
30.0,36,12224.8805
-36.0,33,12225.4476
34.912967,35,12226.07694
-38.24,22,12226.476753
-35.61,25,12226.88509
-38.06,41,12227.618167
-35.9,32,12228.184425
-35.88,41,12228.92103
-35.29,23,12229.333457
-32.12,27,12229.849352
-43.01,21,12230.261136
34.344084,36,12231.07937
-38.76,24,12231.538003
38.498182,30,12232.073151
-43.72,24,12232.519373
-35.35,31,12234.838286
-38.34,25,12235.285716
-40.55,27,12235.810732
-37.65,26,12236.296946
-39.0,20,12236.666813
-36.04,22,12237.096069
-44.07,27,12237.549627
-41.01,28,12238.031288
34.834632,24,12238.45493
35.785075,26,12238.924246
-35.71,47,12239.754188
42.506758,24,12240.156846
-38.12,22,12240.560529
-41.38,25,12241.020619
-32.33,37,12241.751541
-32.49,32,12242.468828
-39.0,39,12243.284501
-44.23,26,12243.79648
-41.15,32,12246.001207
-40.71,30,12246.502479
-38.96,29,12246.965239
-35.92,52,12247.819366
32.290909,32,12248.407696
-42.0,25,12248.850231
35.703297,20,12249.21306
-39.0,33,12249.782984
41.397759,24,12250.18326
43.191847,20,12250.543581
-38.09,23,12250.99154
32.241706,31,12251.566423
33.0,36,12252.242699
-38.08,27,12252.807384
-42.0,21,12253.210358
33.0,59,12254.229507
-41.25,30,12254.769547
-44.94,28,12257.132914
-35.07,27,12257.549239
-40.31,29,12257.990048
38.075218,29,12258.415933
32.225681,46,12259.101022
32.217391,46,12259.876752
-32.26,35,12260.505891
-32.6,29,12260.987944
-35.36,25,12261.428195
-38.17,24,12261.869684
-44.99,22,12262.313292
-41.37,22,12262.728922
33.0,38,12263.403848
34.366217,33,12264.030502
-40.14,23,12264.491786
-34.61,23,12265.020092
-47.29,13,12265.253598
-39.0,23,12265.727665
-34.79,27,12268.114681
-32.33,34,12268.686302
40.48933,29,12269.082798
-37.52,19,12269.355579
32.270992,41,12269.956843
-35.9,30,12270.358483
38.707904,23,12270.759979
-41.07,39,12271.403335
-39.0,23,12271.813387
-35.31,31,12272.337504
-35.39,25,12272.783292
-35.91,44,12273.469347
-43.91,29,12274.037623
32.397436,38,12274.742272
32.776699,31,12275.267356
-35.94,32,12275.812485
-44.28,20,12278.139863
-41.03,21,12278.481226
35.049219,36,12279.157888
-35.01,25,12279.572757
-36.0,26,12280.039011
-44.12,22,12280.325127
-38.07,33,12280.901592
-32.46,29,12281.303722
37.37194,27,12281.753082
38.069541,28,12282.223629
32.404984,25,12282.725177
-42.0,26,12283.186562
-32.32,37,12283.963974
-35.18,27,12284.587112
-41.47,30,12285.224686
42.9341,28,12285.737605
-38.34,35,12286.398085
-37.25,22,12286.848762
-32.79,60,12289.980292
-36.0,31,12290.621604
-35.67,38,12291.440181
-35.81,35,12292.209382
-43.78,26,12292.613217
32.3367,43,12293.260163
32.23166,22,12293.665964
-42.95,39,12294.364972
-35.54,23,12294.76833
-32.44,36,12295.431597
-42.0,21,12295.81597
-44.39,26,12296.359001
-43.76,28,12296.929234
32.501845,40,12297.742284
37.748776,24,12298.1795
-41.46,24,12298.571499
-42.0,27,12299.034623
-41.47,19,12301.246237
-32.28,25,12301.722889
-41.21,35,12302.324797
-38.32,31,12302.747196
-35.15,29,12303.198976
-41.66,31,12303.66468
-35.22,22,12304.012692
35.115254,25,12304.441945
-41.91,36,12305.114105
-41.07,25,12305.57832
-32.83,36,12306.262053
40.826304,16,12306.563585
-38.62,30,12307.110723
37.786015,39,12307.971127
-38.48,29,12308.461189
38.402878,23,12308.867528
-41.46,25,12309.287141
36.619508,34,12309.865226
-38.88,26,12312.348386
-38.67,32,12312.931901
-35.6,28,12313.419841
-38.62,23,12313.800367
-38.74,25,12314.162502
-45.79,24,12314.515409
-41.44,23,12314.853094
-38.04,23,12315.188955
-32.23,31,12315.745886
-35.27,30,12316.273661
-36.0,18,12316.659527
-32.3,32,12317.244118
-32.27,35,12317.8739
-38.75,34,12318.654881
35.713178,31,12319.208622
37.365619,28,12319.718026
-39.0,25,12320.198049
-38.72,35,12320.766684
35.151203,29,12323.108233
-35.28,30,12323.60494
-41.87,23,12323.990888
-35.8,27,12324.448157
-35.71,32,12324.975641
-32.81,29,12325.430524
-41.87,22,12325.776948
-38.28,24,12326.141189
-32.25,33,12326.615964
38.679577,25,12326.999441
-41.16,45,12327.779104
-41.37,23,12328.185241
-45.0,26,12328.662445
-37.99,31,12329.39636
34.524779,35,12329.980684
32.214286,29,12330.522287
34.614789,33,12331.118678
-40.84,25,12331.517844
-40.2,24,12333.856802
-41.1,24,12334.308235
-32.2,37,12335.160146
-46.68,33,12335.776307
-32.06,57,12336.71906
-32.91,37,12337.290033
-32.45,28,12337.718013
-42.0,28,12338.108803
-32.77,33,12338.575922
40.802963,22,12338.960565
-44.02,19,12339.279869
-38.45,35,12339.933276
-38.57,24,12340.427409
-44.19,24,12340.995639
-38.13,25,12341.449117
-41.03,39,12342.10839
-42.0,33,12344.429396
39.715106,25,12344.85662
34.754823,29,12345.285904
-41.9,28,12345.747049
-35.84,28,12346.203504
-42.0,27,12346.663768
-41.52,21,12347.030294
-38.75,38,12347.661825
-44.33,34,12348.11713
-38.44,25,12348.479564
38.002135,23,12348.812957
-42.0,24,12349.189877
-36.0,26,12349.522774
-42.0,33,12350.161021
-44.34,23,12350.648268
-40.94,22,12351.173998
-44.37,34,12351.841853
-38.41,24,12352.312147
-32.01,30,12352.88236
-38.06,28,12355.297993
37.954526,23,12355.706194
38.079422,28,12356.211486
-38.59,32,12356.844718
-32.14,38,12357.573146
-41.49,32,12358.139891
-37.7,25,12358.572429
-44.2,27,12359.039177
-43.74,23,12359.415884
-40.51,20,12359.692541
-44.34,23,12360.031092
-38.04,23,12360.380359
-44.61,17,12360.613239
-35.09,26,12361.026551
-42.0,21,12361.377229
35.340491,25,12361.78573
38.386973,27,12362.275038
-39.0,26,12362.839947
-41.32,33,12363.333377
-43.38,29,12366.031516
-44.75,32,12366.519618
-41.33,26,12366.940708
-32.79,42,12367.655869
-39.0,32,12368.207448
-41.29,24,12368.66307
-38.32,26,12369.174709
-36.0,36,12369.820388
-38.11,26,12370.315718
-38.81,25,12370.772127
40.441785,23,12371.157587
-33.0,29,12371.585464
34.215828,27,12371.979793
36.0,32,12372.472498
-33.0,28,12372.906167
-38.69,25,12373.413402
-38.71,29,12373.9969
-43.78,20,12374.372757
-35.71,28,12376.910898
-44.02,22,12377.279387
-35.27,34,12377.817193
-41.71,20,12378.164648
-33.0,65,12379.260873
-35.25,23,12379.645646
-44.04,23,12380.061232
38.371531,28,12380.556486
-41.43,28,12381.098621
-36.0,35,12381.747689
-35.49,28,12382.249182
32.707317,60,12383.272042
-38.81,33,12383.852362
-45.0,22,12384.159915
-35.82,26,12384.552142
-38.91,32,12385.12675
-41.0,23,12385.533982
-38.18,29,12388.135588
-41.91,44,12388.833264
33.0,23,12389.195803
-34.41,32,12389.835042
-42.0,25,12390.35562
-41.91,25,12390.880336
-38.46,33,12391.50879
-36.0,26,12392.020993
35.690909,27,12392.508045
-43.57,27,12392.989315
-41.02,21,12393.453048
35.201413,30,12394.017281
32.616216,31,12394.648836
-41.39,27,12395.079315
32.522901,32,12395.62138
-32.05,25,12396.234435
-38.27,33,12396.796265
-38.73,29,12397.371234
-43.17,30,12400.019045
-35.94,32,12400.562348
-43.72,32,12401.074439
32.748227,36,12401.652685
-38.43,24,12402.097322
-41.43,42,12402.964931
-41.89,36,12403.59197
-41.75,25,12404.062229
34.971074,32,12404.608079
-41.18,26,12405.07059
35.803922,23,12405.454044
-41.72,22,12405.816647
-41.54,24,12406.182978
-32.1,41,12406.812016
-44.54,20,12407.100708
-42.0,31,12407.523551
-38.52,33,12408.004989
-41.16,25,12410.285165
-44.4,22,12410.623588
35.125541,29,12411.113659
-41.32,31,12411.668368
-45.0,18,12411.962459
-44.69,32,12412.499127
-32.49,37,12413.124992
-35.5,25,12413.535622
-38.65,29,12414.061969
-39.0,23,12414.490158
-41.37,33,12415.107076
-42.0,21,12415.504843
-41.69,21,12415.873342
32.135447,56,12416.885898
-36.0,37,12417.503514
32.131868,32,12418.083282
-44.3,18,12418.318173
-41.84,18,12418.625177
-35.7,32,12421.127632
-32.74,41,12421.811656
-44.08,22,12422.142308
-41.28,21,12422.459646
-33.0,37,12423.054668
-39.0,26,12423.539448
-39.0,27,12424.023346
-41.28,23,12424.426879
-44.83,16,12424.697186
44.83004,19,12425.016242
-41.2,54,12426.012343
-35.41,25,12426.423075
-44.14,21,12426.827963
32.583333,30,12427.369192
-32.39,40,12428.042179
-41.82,26,12428.467937
-41.58,21,12428.788656
-40.55,31,12429.239038
-41.76,23,12431.482521
-47.44,14,12431.728364
-35.94,30,12432.196953
-38.43,23,12432.499841
-34.74,40,12433.122069
-38.31,25,12433.537578
-41.61,31,12434.307347
-39.0,21,12434.674451
-47.09,18,12435.008321
-35.6,27,12435.454039
37.926711,29,12435.946735
-34.89,28,12436.414064
-42.0,29,12436.917357
35.641745,26,12437.350674
-34.87,26,12437.79624
-32.6,41,12438.506894
35.677885,41,12439.206001
-44.26,17,12439.437809
-37.84,29,12440.023455
-41.43,31,12442.341201
-38.22,70,12443.368076
-41.45,24,12443.70617
-40.69,23,12444.106202
-35.43,24,12444.496945
-36.0,74,12445.715913
-38.69,27,12446.182574
-40.66,24,12446.60753
-33.0,28,12447.120215
41.164059,20,12447.473278
-41.32,30,12447.940737
32.459459,31,12448.424851
-40.56,28,12449.004143
-41.49,20,12449.367615
-38.72,36,12450.00998
-42.8,24,12450.354277
-32.07,33,12452.711173
-32.49,34,12453.243623
35.639527,31,12453.7234
-38.09,29,12454.225538
34.172634,28,12454.711132
35.459144,28,12455.165024
-39.0,35,12455.826576
-41.53,27,12456.401644
-38.28,26,12456.869591
31.808673,27,12457.324331
-38.46,38,12457.969248
32.703008,37,12458.617079
-38.47,40,12459.258385
-34.99,36,12459.948425
32.088353,27,12460.398363
-34.3,42,12462.919228
-32.12,37,12463.630754
-42.0,20,12463.933263
-39.0,26,12464.31911
-41.4,28,12464.798272
-39.0,26,12465.21727
-41.6,19,12465.582973
-43.75,29,12466.053982
32.577465,26,12466.496397
-38.55,40,12467.34105
-37.81,25,12467.730347
35.150943,25,12468.147025
-34.01,23,12468.566678
-32.33,31,12469.083437
-38.69,35,12469.726531
-45.0,17,12470.051043
-40.57,24,12470.476711
-41.49,23,12470.831443
-37.32,74,12473.785404
-41.46,31,12474.244913
-32.22,33,12474.829242
-42.0,25,12475.258192
37.55621,24,12475.676464
-32.54,32,12476.231982
-38.91,24,12476.648147
-34.2,43,12477.364066
-35.97,23,12477.754288
-44.15,19,12478.073074
-35.42,26,12478.508642
-44.41,21,12478.973366
-42.0,49,12479.817674
41.014706,24,12480.246846
-39.0,52,12481.105891
-38.04,29,12481.630041
-30.0,33,12482.185126
-32.32,78,12485.146504
-38.11,31,12485.773508
-38.38,44,12486.701663
-39.0,21,12487.057333
32.877551,26,12487.517479
-35.61,25,12487.905851
-36.0,31,12488.408327
-43.98,24,12488.838152
35.057143,32,12489.387137
-41.26,21,12489.728165
-37.93,28,12490.223096
-35.38,30,12490.771719
-35.64,28,12491.250726
-32.62,37,12491.904902
-42.0,27,12492.367079
-35.71,27,12492.862793
-40.82,23,12494.923318
-36.0,32,12495.418422
-38.46,28,12495.854321
-39.0,22,12496.221794
-35.15,27,12496.663944
-42.0,22,12497.038869
-38.61,32,12497.585739
-40.63,26,12498.014566
-33.0,37,12498.712308
-41.38,19,12499.068259
-37.98,27,12499.809906
-35.8,33,12500.546296
-32.53,34,12501.177463
-35.67,43,12502.051859
-32.2,31,12502.642502
37.825406,33,12503.248148
-39.72,29,12503.799796
-38.88,27,12506.416842
-35.71,38,12506.954409
-35.15,44,12507.730981
37.785141,23,12508.17606
-37.95,28,12508.692855
-44.42,13,12508.949419
-37.47,29,12509.547506
-37.77,51,12510.658654
-41.81,24,12511.090342
-35.19,41,12511.838053
-44.39,28,12512.307629
-38.32,26,12512.774822
-32.73,27,12513.285944
-32.09,26,12513.729786
-34.91,26,12514.194269
-41.33,27,12514.698875
-37.94,26,12515.193422
41.582278,17,12515.521415
-38.38,31,12517.951111
-41.27,34,12518.528437
-41.89,34,12519.175936
-38.09,31,12519.763455
-36.0,27,12520.323838
-41.28,30,12520.881504
-44.38,29,12521.434408
-35.52,26,12521.952649
32.156627,29,12522.480836
-32.25,26,12522.979293
-35.1,30,12523.561469
-38.83,27,12524.074195
-38.17,23,12524.504972
-39.0,25,12524.984404
-43.98,21,12525.442322
-35.35,32,12526.087999
32.615385,42,12526.887158
-35.68,36,12529.585572
-38.44,34,12530.062622
-32.02,38,12530.602878
-42.0,44,12531.383678
-40.06,23,12531.835944
-32.2,36,12532.572768
38.596958,22,12532.926757
-32.21,35,12533.763726
-44.2,23,12534.172189
-39.0,28,12534.893343
-41.39,48,12535.82862
-44.36,23,12536.439174
-44.1,22,12536.846571
-38.12,25,12537.275321
-32.34,32,12537.908849
-37.96,46,12538.758463
-31.78,36,12541.371901
33.0,33,12541.782944
-35.59,29,12542.306964
-41.6,25,12542.66124
-32.8,27,12543.058351
-41.6,25,12543.476156
-41.06,24,12543.954968
32.179577,29,12545.095598
30.0,29,12545.650303
32.525926,29,12546.712124
-32.25,29,12547.628337
-43.87,23,12548.120467
-33.0,32,12548.794983
-41.88,21,12549.299964
-40.76,37,12550.010793
-44.65,25,12550.537285
-41.78,26,12551.130461
-43.23,32,12551.86979
37.895301,23,12552.306762
-33.0,28,12554.845384
-41.86,29,12555.267741
-40.37,28,12555.682875
-41.46,20,12556.015477
-44.44,26,12556.386075
-41.34,19,12556.701221
-32.74,31,12557.416666
-36.0,35,12558.312529
-40.73,27,12558.835364
-38.39,25,12559.304168
-39.0,28,12559.897648
46.525273,22,12560.331756
-44.54,22,12560.778213
-44.78,30,12561.366045
40.709547,31,12561.960067
-35.37,37,12562.65323
-42.0,30,12563.407368
-38.46,30,12563.992872
35.970297,38,12566.883418
-43.85,40,12567.512457
-38.36,43,12568.111489
-41.5,24,12568.482823
-41.14,24,12568.837973
-45.0,57,12570.535311
34.711235,29,12571.232432
36.0,59,12572.323896
-36.0,34,12572.979852
-44.83,28,12573.567205
-46.89,21,12573.978158
-35.03,32,12574.656964
-41.36,26,12575.204814
-44.1,24,12575.676843
-35.42,31,12576.236423
-44.23,22,12579.141178
-41.48,20,12579.620196
-41.13,24,12580.113847
-38.11,29,12580.580664
-38.02,25,12581.108397
-44.09,42,12581.909216
32.7,28,12582.413407
-41.0,42,12583.184429
-44.47,23,12583.706888
34.548148,27,12584.226317
37.632485,30,12584.842631
-39.0,25,12585.358187
-35.74,27,12586.147618
-44.55,40,12586.953308
41.489209,20,12587.359163
-42.0,31,12588.014385
-38.24,27,12588.564954
-44.31,22,12589.010362
-40.98,22,12589.473338
-41.43,26,12592.123296
36.0,24,12592.588097
-42.0,24,12593.010833
-35.33,26,12593.737676
-38.01,34,12594.458289
-32.94,32,12595.093058
-40.3,40,12595.817912
-41.99,25,12596.282737
37.713233,34,12596.982373
-38.07,30,12597.622751
-38.65,32,12598.272873
-37.49,28,12598.839132
-42.63,25,12599.424915
-35.58,36,12600.164886
-41.56,28,12600.772512
-40.73,31,12601.408713
-41.66,25,12602.143127
-41.2,20,12604.751858
-41.44,34,12605.297773
-41.73,33,12605.879011
-38.77,33,12606.54383
-41.61,32,12607.162744
35.2,25,12607.65503
-41.23,23,12608.07818
38.170635,26,12608.521648
-44.7,26,12608.999821
-40.5,26,12609.557359
-41.13,36,12610.305081
-38.61,31,12610.973515
-38.12,25,12611.487572
-41.49,22,12611.950024
-41.12,34,12612.649673
-44.14,26,12613.14719
34.594568,64,12614.406728
-35.55,26,12617.497744
-41.54,21,12617.904074
-39.0,44,12618.701603
-38.58,39,12619.621425
-35.08,29,12620.333106
38.637011,23,12620.772474
-45.0,31,12621.347653
-36.0,23,12621.824995
32.934866,29,12622.621926
-39.0,22,12623.066542
-32.83,31,12623.739459
-38.32,27,12624.358788
-37.51,29,12624.96536
-38.33,27,12625.636794
-32.03,41,12626.4871
33.0,28,12627.138288
42.0,22,12627.665386
-45.0,24,12628.250234
-46.54,19,12631.119905
-35.5,46,12632.034131
-32.67,29,12632.556448
-41.91,21,12632.989887
-41.3,26,12633.49415
-46.11,22,12634.009041
-34.89,29,12634.577997
35.095522,27,12635.07483
-41.88,40,12635.83569
-41.88,27,12636.362005
-38.48,34,12637.08078
40.254755,25,12637.58224
-35.76,27,12638.202353
-35.2,30,12638.827115
-35.74,27,12639.398684
-39.0,28,12639.98096
-45.0,18,12640.364436
-39.0,24,12640.899227
-38.62,24,12643.780772
-41.73,31,12644.299228
-40.97,25,12644.75906
-38.67,28,12645.242001
-41.73,31,12645.85514
32.708609,35,12646.868408
-38.71,24,12647.449286
-35.65,24,12647.922064
38.40651,28,12648.423897
-42.0,30,12648.992514
-35.64,28,12649.467499
-38.59,19,12649.849267
-44.35,20,12650.186732
-39.0,20,12650.663194
-41.87,24,12651.210451
-39.0,28,12652.123983
-43.45,20,12652.57507
-38.38,26,12653.149829
-38.42,25,12653.762088
-35.87,24,12654.339915
37.290819,25,12657.480912
-41.24,22,12657.912706
-41.43,23,12658.352894
-43.81,19,12658.727882
-44.38,22,12659.133388
-42.0,26,12659.623787
-38.32,26,12660.171253
32.033473,35,12661.012039
-38.5,21,12661.491633
-47.55,19,12661.858976
-41.9,26,12662.312134
-47.21,17,12662.669379
35.187726,27,12663.174753
-33.0,30,12663.71507
-35.68,33,12664.363795
-41.0,32,12665.124254
-38.83,30,12665.790192
-41.59,31,12666.494072
-34.92,27,12667.073005
-32.65,32,12667.820762
-38.88,33,12670.767395
-38.29,25,12671.18283
32.139706,28,12671.697801
-37.22,31,12672.247194
-41.81,35,12672.948918
-32.32,25,12673.489588
-39.0,26,12674.019032
-42.0,29,12674.67295
-37.77,39,12675.418037
-36.0,30,12676.018538
35.397516,27,12676.508876
35.675862,21,12677.227432
37.525965,24,12677.685358
-33.0,33,12678.434953
-40.35,65,12679.861836
-41.64,24,12680.417618
-37.88,29,12683.437034
-45.0,20,12684.11791
-42.0,26,12684.666145
-38.63,23,12685.255219
-41.39,24,12685.725974
-38.47,29,12686.314994
-40.69,27,12686.880547
-39.0,49,12687.983763
-41.68,19,12688.400664
-46.37,31,12689.105395
-38.44,42,12689.880215
-43.57,31,12690.395628
-41.37,27,12690.924361
-47.1,21,12691.292053
-41.93,27,12691.859298
-44.27,25,12692.41525
-32.78,31,12693.127492
-44.64,23,12693.645782
-38.76,20,12694.106774
32.117871,34,12697.163929
-41.39,26,12697.673537
34.686647,28,12698.183499
-40.44,36,12698.778044
32.100775,41,12699.555752
-36.0,27,12700.096069
-38.88,25,12700.635707
-38.07,27,12701.203775
-39.0,37,12701.98975
-33.0,28,12702.651018
35.199275,23,12703.076537
-39.0,31,12703.628688
-39.0,23,12704.013082
-42.0,21,12704.391107
32.040293,35,12705.084336
-41.48,30,12705.734
35.257248,29,12706.581868
-45.0,19,12707.025329
-35.58,25,12709.983336
-32.28,37,12710.659569
-38.36,26,12711.127109
-39.0,22,12711.554743
-33.0,38,12712.286408
-35.03,35,12713.014833
-44.45,34,12714.079513
-37.79,32,12714.719641
32.577039,31,12715.343248
-41.88,37,12716.084721
-35.44,32,12716.64136
-41.63,26,12717.135191
-38.19,28,12717.615058
-38.82,40,12718.361677
-42.0,26,12718.898567
-36.0,34,12719.653373
-41.82,34,12722.6695
40.421752,18,12722.980177
-44.25,26,12723.387687
-32.47,23,12723.815283
-42.0,17,12724.148271
-41.78,24,12724.713295
-33.0,35,12725.468811
-44.89,18,12725.914365
-41.67,27,12726.473937
32.393939,29,12727.104046
-42.0,21,12727.603788
-41.66,34,12728.349987
-35.71,28,12728.980085
-35.91,29,12729.639652
-42.0,33,12730.215879
32.061475,38,12730.899487
-44.52,29,12731.421501
-43.71,25,12731.907909
-44.66,35,12732.648545
-38.32,38,12735.835089
-33.0,33,12736.819683
-32.34,35,12737.5311
-41.08,25,12738.105278
-41.04,23,12738.647485
-44.9,28,12739.339847
36.0,24,12739.858591
-41.42,28,12740.432364
-41.76,38,12741.239774
-40.07,30,12741.825635
-38.55,28,12742.418369
-40.63,26,12742.958537
-41.85,28,12743.572787
-41.48,27,12744.371725
-40.14,20,12744.742004
-35.48,35,12745.388747
-41.47,31,12745.969502
-41.25,32,12748.806887
-41.91,23,12749.208226
-41.26,25,12749.651989
-41.54,24,12750.122783
-44.59,22,12750.528506
-38.28,34,12751.286419
-41.22,29,12751.94216
38.441667,26,12752.494549
-36.0,30,12753.107852
-41.91,29,12753.758952
-35.42,29,12754.354126
-41.57,28,12754.990879
-42.0,24,12755.495615
-40.81,28,12756.171325
38.2,28,12756.832895
-41.64,29,12757.350833
-41.57,29,12757.892276
34.491152,31,12758.429684
-44.47,23,12758.870037
-38.34,28,12761.831256
-43.82,27,12762.327301
35.594096,38,12763.052161
-41.79,24,12763.476356
-44.91,22,12763.935131
-42.0,24,12764.503731
-38.89,21,12764.959973
-35.41,21,12765.406725
-32.5,27,12766.284237
-34.25,32,12767.077677
-41.35,22,12767.605473
-37.61,49,12768.885869
-41.11,32,12769.614648
32.876712,40,12770.485343
-40.95,21,12770.890141
-37.05,29,12771.413574
-35.51,28,12771.877131
-41.64,37,12775.136071
-38.55,26,12775.641019
-41.91,22,12776.078067
-41.64,31,12776.802034
-39.0,21,12777.297796
-43.55,28,12777.895319
-41.78,27,12778.513901
-44.66,19,12778.996497
-34.87,28,12779.617121
35.401487,26,12780.170298
-35.73,32,12780.947654
-32.35,39,12781.861203
-35.74,33,12782.576481
35.401316,50,12783.636106
-45.0,18,12783.984041
-35.09,31,12784.51995
-35.76,28,12785.056888
-36.0,38,12785.728208
-44.66,24,12788.349148
-37.52,28,12788.832821
-32.67,27,12789.360941
-32.43,45,12790.368186
-41.14,22,12790.853197
32.302326,46,12791.817384
-38.3,25,12792.313716
-38.18,24,12792.850351
-43.48,25,12793.359519
-41.55,30,12794.057323
-41.42,34,12794.853135
34.694188,33,12795.808458
-35.34,31,12796.48607
-41.53,24,12797.020949
-38.59,29,12797.56052
-35.35,29,12798.087792
-38.33,27,12798.531457
-44.16,21,12801.075481
-44.19,27,12801.529855
-35.75,27,12801.973768
-44.07,22,12802.38313
-40.77,24,12803.00359
-32.06,29,12803.750727
-41.25,20,12804.175396
-39.0,21,12804.623121
-44.22,26,12805.162056
35.055351,32,12805.876291
35.570093,19,12806.272594
-44.59,27,12806.824589
-32.18,31,12807.454349
-35.3,33,12808.198404
35.206667,24,12808.751302
37.780552,22,12809.245013
-35.66,26,12809.806463
-35.59,37,12810.641265
-41.81,19,12810.962272
37.658135,30,12811.517457
-36.0,32,12814.191227
-41.66,27,12814.735475
-47.21,17,12815.105572
40.352397,25,12815.58397
-41.5,20,12816.011581
33.0,27,12816.582392
35.668085,22,12817.022149
-32.7,36,12817.820398
-38.71,24,12818.368719
-40.86,25,12818.880096
-41.5,32,12819.594014
-32.88,66,12821.023399
-32.65,41,12821.953545
-43.42,23,12822.460943
-38.09,29,12823.368042
-44.44,28,12824.097937
-36.0,42,12824.97473
37.343845,30,12827.749089
-32.19,37,12828.508242
-38.67,35,12829.261491
-42.0,26,12829.846374
35.747036,32,12830.556371
-37.42,26,12831.186461
-41.35,24,12831.707142
-41.5,30,12832.708267
-45.0,26,12833.517138
37.620726,24,12834.170138
-41.59,30,12834.858116
-32.57,29,12835.631523
-32.91,31,12836.211532
-34.86,33,12836.880006
-34.72,33,12838.205921
37.662792,28,12838.661794
-38.87,23,12839.098665
-38.04,38,12841.826897
-33.0,35,12842.526913
-35.41,29,12843.094925
-38.41,25,12843.55593
-44.2,34,12844.219344
-35.21,36,12844.935623
-35.72,31,12845.524522
-41.27,25,12845.995816
-43.95,35,12846.792714
-35.55,28,12847.463686
-36.0,46,12848.533064
-35.71,25,12848.985549
-44.78,20,12849.349555
-35.91,33,12849.999802
-44.04,32,12850.631334
-32.91,24,12851.049384
-35.71,25,12851.441149
-41.09,27,12853.969027
-33.0,32,12854.518233
-38.76,27,12855.09732
-35.76,36,12855.861148
-44.4,28,12856.42227
-38.89,30,12857.084827
-42.74,24,12857.568134
-38.59,35,12858.339537
-38.54,28,12858.931405
-40.91,25,12859.495351
-41.16,29,12860.292754
-37.32,27,12860.823481
35.318898,29,12861.432444
35.142415,28,12862.010289
-35.39,34,12862.7332
-34.72,38,12863.495503
-32.7,43,12864.44438
-42.0,31,12867.091733
-42.0,30,12867.736127
32.276667,37,12868.564954
-41.41,23,12869.065758
-32.02,29,12869.612248
-38.45,34,12870.327708
-35.52,34,12871.077125
32.877863,45,12872.001329
-38.26,33,12872.661037
35.059615,29,12873.254166
-41.42,19,12873.634647
-38.54,34,12874.301737
-35.08,45,12875.210053
-38.48,24,12875.714131
-44.1,37,12876.44462
35.619021,33,12877.089259
-37.94,26,12879.439956
-36.67,30,12880.051987
-39.0,30,12880.719438
-37.68,29,12881.466509
-38.69,28,12881.980461
-44.63,23,12882.380301
-45.0,17,12882.702495
32.902439,26,12883.166861
-36.0,28,12883.685269
-41.5,32,12884.363038
-32.41,29,12885.004195
35.6139,27,12885.640238
-41.73,22,12886.097236
-32.74,26,12886.799158
-41.56,27,12887.340765
35.057762,31,12887.947622
-38.48,23,12888.404374
-38.21,33,12889.053867
32.66787,34,12891.49981
-41.46,35,12892.147539
-35.81,26,12892.73939
-38.21,29,12893.272931
-38.06,26,12893.773134
37.221312,28,12894.286995
-38.29,39,12895.077377
-47.3,12,12895.3145
-41.41,23,12895.772833
-38.9,23,12896.196362
-42.0,28,12896.763999
-35.31,29,12897.337364
-41.44,22,12897.764261
-44.81,27,12898.337237
35.392361,25,12898.831852
-38.07,29,12899.431159
-37.52,33,12900.07635
-38.69,27,12900.614487
-41.21,21,12901.069719
-37.18,47,12903.74778
-36.0,26,12904.167559
-38.3,22,12904.574154
-40.39,30,12905.140728
-45.0,34,12905.817172
-40.95,31,12906.366855
-40.76,24,12906.851032
-38.51,26,12907.539412
-38.57,31,12908.1735
-35.55,28,12908.833326
-44.54,23,12909.282629
-38.66,31,12910.139777
-32.36,36,12911.042455
-41.23,24,12911.520134
-38.4,31,12912.110008
-43.4,19,12912.511162
-40.88,48,12913.687717
-41.44,24,12914.103995
-41.55,32,12916.55646
-35.11,36,12917.138759
-41.92,31,12917.693277
-41.01,25,12918.184584
-32.53,47,12919.089619
-41.05,20,12919.49663
-42.0,18,12919.94212
-41.81,25,12920.491209
-36.0,30,12921.08164
-40.5,24,12921.579088
32.831461,41,12922.545164
33.0,30,12923.131017
-35.86,35,12923.826461
38.358333,20,12924.184487
37.760799,28,12924.72137
-42.0,24,12925.181473
-41.19,33,12925.805837
-39.0,30,12928.259236
-33.0,40,12928.882861
35.205656,28,12929.356279
-41.51,17,12929.682696
-41.8,24,12930.14888
-44.84,24,12930.639187
32.135417,30,12931.267388
-38.83,25,12931.711791
-38.81,27,12932.259455
-32.52,28,12932.807209
-44.22,21,12933.183131
40.21024,31,12933.863947
34.578603,39,12934.728544
-41.37,101,12936.684636
32.344978,24,12937.159392
-32.38,68,12940.372226
-38.5,33,12940.916526
-35.68,28,12941.363561
32.123596,45,12942.074358
-35.9,25,12942.555961
-40.98,20,12942.933592
-38.62,26,12943.417884
36.0,26,12943.906857
-35.08,32,12944.527825
-32.23,29,12945.088558
32.488806,33,12945.766006
-35.31,42,12946.63896
-38.65,25,12947.103025
-41.85,31,12947.698914
-38.58,35,12948.372437
35.521127,24,12948.840006
-35.92,31,12951.448877
35.134325,24,12951.944088
-35.48,46,12952.701415
-38.04,25,12953.115127
-38.17,41,12953.76135
-38.14,30,12954.286648
-38.44,27,12954.860833
-38.32,28,12955.399962
-35.24,24,12955.864694
41.374545,19,12956.230914
-39.0,31,12956.857697
-35.51,34,12957.514371
-41.67,26,12958.062588
35.445783,28,12958.622301
-38.34,28,12959.782179
-41.4,31,12960.416599
-39.0,24,12960.880694
-38.15,28,12961.434317
-38.04,23,12963.809233
-40.31,26,12964.207611
34.72447,29,12964.691599
-44.64,24,12965.043615
-35.46,24,12965.649019
-41.71,23,12966.063832
-38.56,23,12966.504985
-32.39,30,12967.06674
38.239461,22,12967.47199
-35.2,58,12968.652474
32.672199,28,12969.206763
-35.14,34,12969.876505
-36.96,49,12970.838962
32.20332,32,12971.423697
-38.29,27,12971.976619
-32.75,35,12972.6847
-32.55,35,12973.290382
-44.32,19,12975.689547
35.135762,38,12976.281648
-35.69,29,12976.759787
32.782609,31,12977.255459
-38.69,27,12977.709577
-38.38,40,12978.416583
-41.46,18,12978.766228
-39.0,32,12979.396295
-40.48,41,12980.208988
-43.15,24,12980.713244
41.258621,19,12981.045647
-32.3,22,12981.498237
-36.0,25,12982.004806
-43.86,25,12982.48855
-40.79,40,12983.240727
-32.46,35,12983.944871
-32.43,33,12984.580519
-44.55,20,12987.040633
-46.66,20,12987.427324
-38.44,26,12987.949755
-35.14,28,12988.357801
-38.28,38,12988.928617
41.385246,28,12989.380269
-32.59,30,12989.925271
35.594796,26,12990.439003
-32.46,31,12991.170993
-38.82,25,12991.66842
-34.96,23,12992.110479
-40.9,45,12993.069833
-41.78,25,12993.546081
-39.0,25,12994.028869
-36.64,29,12994.55886
-38.69,29,12995.06258
-37.98,33,12995.702421
-38.84,32,12996.3126
33.686738,51,12999.305257
-35.25,26,12999.804684
-35.1,29,13000.408732
-41.44,30,13000.913951
-38.91,20,13001.229336
-38.55,30,13001.719096
-44.81,20,13002.06964
-35.05,42,13002.713537
-39.77,22,13003.15906
-40.89,48,13004.071227
-39.0,32,13004.705372
-42.89,33,13005.328401
-39.3,23,13005.7898
-42.0,19,13006.172872
34.975755,59,13007.33607
-32.3,33,13007.945744
34.343363,24,13010.47982
-41.87,25,13010.985768
-32.89,31,13011.717125
37.774779,18,13012.143008
32.231939,27,13012.720239
-44.31,33,13013.276826
-37.65,27,13013.712977
-37.81,23,13014.091366
-32.31,25,13014.453448
-42.0,26,13014.853049
-35.89,33,13015.624381
35.334601,39,13016.481522
-43.64,24,13016.945062
-35.59,25,13017.426043
33.0,29,13017.982746
-38.62,32,13018.586768
35.863118,26,13019.092271
35.661538,29,13019.634397
-37.75,47,13022.472452
-41.39,23,13022.959506
-32.3,32,13023.632712
-35.47,26,13024.147344
35.935897,33,13024.757055
-41.5,23,13025.131442
-37.85,31,13025.663361
-32.34,25,13026.062389
-41.13,22,13026.392916
35.536965,26,13026.817339
-32.93,40,13027.576359
-44.64,21,13027.982482
-38.35,25,13028.665502
-38.11,41,13029.480751
-38.39,25,13029.968332
-32.23,29,13030.579558
36.0,31,13031.181665
-35.41,31,13031.701165
-41.12,26,13034.183223
-41.97,25,13034.690851
-32.51,41,13035.57641
-41.24,26,13036.239429
32.517483,29,13036.836215
-38.5,24,13037.201082
-32.5,33,13037.759787
-44.65,25,13038.175409
-42.0,28,13038.614346
-35.38,26,13039.05845
-39.0,24,13039.530485
38.33244,25,13039.989604
-41.83,31,13040.624385
-44.59,19,13041.073642
-38.71,22,13041.666862
38.216667,21,13042.125382
-42.0,25,13042.622092
32.376984,31,13043.225665
-39.0,18,13043.587376
-37.34,30,13046.176059
-39.0,31,13046.801166
-33.0,34,13047.509019
-35.9,40,13048.30459
-33.0,36,13049.018639
-43.68,32,13049.555162
-34.72,33,13050.206692
-41.22,27,13050.66986
-37.91,31,13051.267198
-38.81,23,13051.697677
-38.37,25,13052.175241
-39.0,23,13052.639125
38.615543,47,13053.551105
35.650307,34,13054.233593
-40.91,32,13054.889474
-42.0,23,13055.349169
-39.0,23,13055.770772
35.385455,32,13058.408919
-35.08,28,13058.961251
-37.98,30,13059.54189
-41.71,35,13060.225365
-41.64,20,13060.656901
-34.88,29,13061.215108
-32.81,31,13061.892173
32.083636,34,13062.452864
-38.1,23,13062.817851
-36.0,21,13063.155544
-33.0,31,13063.710376
-39.0,48,13064.680042
35.207692,28,13065.204439
-46.68,29,13065.797462
-32.42,30,13066.652675
32.346304,29,13067.282696
-38.48,21,13067.654312
-44.13,26,13070.013772
-38.36,25,13070.482386
32.404412,30,13071.007727
35.592157,29,13071.520125
-41.77,49,13072.428301
-35.12,31,13073.013677
-35.2,41,13073.716405
-41.02,32,13074.236783
-35.15,27,13074.665299
-38.03,27,13075.062996
-39.0,24,13075.516262
32.547529,45,13076.324521
35.293233,24,13076.773906
-44.5,25,13077.259732
-32.06,31,13077.880109
-41.51,29,13078.403757
-35.66,31,13078.940564
34.813614,29,13081.422432
-41.72,50,13082.317438
-38.04,26,13082.783186
-39.0,22,13083.082872
-38.19,37,13083.756477
-38.45,25,13084.201609
-35.78,28,13084.823982
38.385281,22,13085.170076
-44.89,21,13085.488523
-38.63,32,13086.030629
32.055814,26,13086.454366
-43.58,23,13086.951631
32.162228,28,13087.552651
-36.0,28,13088.118247
-42.0,24,13088.573856
-35.33,31,13089.182478
-42.0,26,13089.708565
-41.61,33,13090.352135
-35.21,29,13093.122666
-41.55,34,13093.91358
-35.29,80,13095.413134
-41.7,23,13095.911706
-44.09,66,13097.345821
36.962737,31,13097.885549
-41.68,20,13098.225023
-41.09,20,13098.520106
37.8391,29,13098.990259
-38.25,24,13099.694211
-35.71,30,13100.258584
-39.0,35,13100.875153
-41.85,28,13101.387958
-44.28,21,13101.771419
-35.36,31,13102.353906
-40.73,25,13104.71311
-38.72,31,13105.471738
-41.93,38,13106.236422
-35.42,29,13106.781473
-40.63,25,13107.261635
-38.46,20,13107.624037
-44.06,22,13107.997393
-35.88,22,13108.390879
-41.3,32,13108.93456
-41.5,28,13109.400914
-41.97,28,13109.841263
-32.07,29,13110.247879
-42.0,23,13110.565563
-32.12,31,13110.98305
-38.76,30,13111.634073
37.668031,24,13111.9835
35.34507,27,13112.4788
-38.7,34,13113.077839
-41.71,23,13113.428138
-41.68,22,13115.560538
-39.0,24,13116.143273
-37.7,40,13116.817728
-34.6,30,13117.316986
-32.91,34,13117.884297
-34.45,31,13118.421596
-40.98,26,13118.89712
-46.62,20,13119.268327
-38.91,20,13119.626916
32.17134,38,13120.279343
-37.91,50,13121.197644
-38.68,33,13121.681595
-33.0,25,13122.073543
-36.0,25,13122.519897
-35.69,26,13122.978166
-41.04,25,13123.403338
-38.91,22,13123.861568
-35.39,26,13124.273384
-38.12,35,13126.763046
-35.63,36,13127.362276
-35.76,29,13127.862532
-38.12,23,13128.259036
-33.0,28,13128.719976
-35.14,44,13129.499781
-42.0,21,13129.846893
32.346939,40,13130.478508
-37.88,24,13130.879578
-34.89,28,13131.281202
32.581967,33,13131.790142
-38.74,29,13132.228392
40.376299,36,13132.781836
-32.39,40,13133.570543
-33.0,30,13134.109958
-38.88,22,13134.444558
-42.0,22,13134.797163
-41.86,26,13137.164219
-33.0,82,13138.756685
-41.58,28,13139.227707
-44.63,44,13139.950468
-38.28,21,13140.3095
-38.08,24,13140.695625
-39.0,40,13141.42559
-38.87,31,13141.919072
-41.01,27,13142.333987
36.0,29,13142.749286
-41.14,33,13143.234251
32.901639,25,13143.595345
-38.43,44,13144.334954
-37.59,37,13144.885013
42.0,14,13145.105948
-38.16,31,13147.642306
32.104972,55,13148.664829
-38.63,28,13149.181356
35.291411,29,13149.672079
-41.68,27,13150.140576
-35.62,31,13150.675828
-38.15,26,13151.122782
-45.0,28,13151.57813
38.074074,23,13151.965482
35.512635,29,13152.481512
-41.76,19,13152.716259
-38.35,31,13153.178159
35.681481,29,13153.587464
-35.5,27,13153.970646
-35.74,34,13154.43448
-39.0,35,13154.944837
-38.58,25,13155.342289
-44.17,24,13157.789904
-35.28,29,13158.351824
-41.22,22,13158.780225
35.140288,29,13159.230428
-46.43,23,13159.65097
35.400735,23,13160.162835
-38.03,27,13160.666226
38.752613,22,13161.073312
32.859316,30,13161.622013
-38.98,35,13162.305656
-32.41,30,13162.775189
-38.11,29,13163.263128
-35.0,29,13163.720102
32.129032,29,13164.155957
-32.77,30,13164.552322
-35.83,27,13164.964744
-39.0,24,13165.286105
-43.11,23,13165.580878
-44.35,27,13166.010084
32.172662,33,13168.452319
-41.77,23,13168.891017
-46.41,24,13169.297869
-44.62,21,13169.699285
-34.92,41,13170.44173
-32.55,36,13171.036821
-43.78,22,13171.43485
39.0,28,13171.88177
-44.06,22,13172.277386
-38.53,34,13172.853701
-39.0,26,13173.30695
32.375862,38,13173.971867
-39.0,40,13174.591035
33.0,30,13175.028633
-40.87,26,13175.417781
-38.91,26,13175.726728
-38.36,21,13176.028769
-35.04,31,13176.463537
-41.19,21,13179.243862
-34.67,27,13179.746034
-38.88,20,13180.271156
36.0,23,13180.651173
-38.16,24,13181.048081
34.075787,34,13181.684599
-38.06,30,13182.207739
-33.0,33,13182.954934
-34.87,31,13183.472712
-43.54,22,13183.878428
-44.51,27,13184.353323
-32.73,29,13184.921911
34.617186,26,13185.342368
-39.0,31,13185.7764
-40.53,29,13186.204196
-41.35,21,13186.460693
-38.73,22,13186.745668
-33.82,27,13187.07646
-38.5,25,13187.43002
-43.85,34,13189.896525
-35.91,28,13190.376257
-35.86,24,13190.767345
-41.84,23,13191.19005
-36.0,31,13191.703319
-39.0,28,13192.194076
41.638783,19,13192.518187
-41.4,24,13192.927326
-43.79,26,13193.434073
-41.27,24,13193.860811
-38.49,27,13194.308282
-44.26,21,13194.652062
-44.06,30,13195.15351
-40.7,27,13195.615453
-32.79,27,13196.048991
32.593985,32,13196.489935
31.71875,31,13196.917788
37.615357,34,13197.391636
-35.28,39,13199.88381
32.12963,29,13200.371749
-38.81,38,13201.004068
-38.9,24,13201.42317
-40.83,24,13201.898525
-33.0,29,13202.451746
-32.99,28,13203.103218
-41.23,25,13203.521827
-35.33,32,13204.075546
-45.0,29,13204.570539
-41.46,21,13204.936218
32.766551,40,13205.755432
41.057627,19,13206.10137
-39.0,27,13206.554498
-42.0,25,13206.988341
-35.13,33,13207.415897
38.633588,37,13207.954969
37.406012,28,13208.352743
-39.0,25,13210.636055
-32.88,32,13211.219648
-41.53,24,13211.678931
-44.38,21,13212.045344
35.207407,26,13212.483053
-32.31,39,13213.173225
41.298578,23,13213.575789
-35.11,32,13214.141046
-38.11,23,13214.489522
-40.76,22,13214.862467
-32.17,29,13215.344612
-41.63,17,13215.638693
-32.81,31,13216.182795
32.435714,31,13216.697579
-41.72,21,13217.040148
-42.94,20,13217.366781
-36.0,30,13217.877164
-35.71,46,13218.499194
-33.0,32,13218.868218
-34.07,53,13221.632193
-35.09,29,13222.178228
34.892031,27,13222.678686
-39.65,29,13223.210909
-38.93,34,13223.737205
32.01,33,13224.343955
-39.0,27,13224.863145
-39.0,21,13225.205053
35.21223,33,13225.783599
-41.67,24,13226.392732
-42.0,25,13226.896801
35.19701,25,13227.335539
-35.08,29,13227.872573
-47.52,28,13228.383948
-38.16,32,13229.068309
-36.0,37,13229.575391
34.442025,31,13230.001642
-41.14,29,13232.532786
-41.51,21,13232.881298
-37.91,36,13233.474658
-38.06,25,13233.906863
-41.4,24,13234.238935
-38.81,22,13234.536503
-35.36,104,13236.444819
-38.08,30,13236.976069
-41.32,27,13237.503329
32.407407,35,13238.098596
-41.41,31,13238.625671
-38.36,27,13239.093073
-32.4,39,13239.672997
35.145324,38,13240.198304
-41.74,21,13240.451298
-43.46,24,13242.618676
-42.0,30,13243.138273
39.0,21,13243.490955
-35.61,42,13244.200886
-38.07,26,13244.658731
-40.83,37,13245.305226
-40.86,19,13245.661282
-40.59,25,13246.075798
38.172185,26,13246.694572
-40.75,29,13247.219459
-38.22,22,13247.696166
-38.79,24,13248.163306
-32.42,28,13248.650515
-41.76,24,13249.078879
35.416883,31,13249.630805
-35.36,22,13250.097568
-44.49,19,13250.406455
33.0,26,13250.78061
-36.0,33,13251.272031
-32.14,33,13253.726734
-38.83,29,13254.225654
-35.35,27,13254.695053
-41.44,26,13255.184791
-35.22,34,13255.823046
-48.0,18,13256.144466
-32.34,32,13256.681988
38.254026,27,13257.164179
-41.24,31,13257.700011
-42.5,24,13258.132713
-38.03,29,13258.628896
-43.65,26,13259.057786
41.193277,24,13259.46749
-41.09,27,13259.925409
37.492456,23,13260.336696
-32.5,40,13260.953575
-38.06,24,13261.303079
-39.0,25,13261.730614
34.586578,44,13264.201194
-42.91,23,13264.595034
-41.26,22,13265.002568
-38.27,28,13265.451717
-44.43,28,13265.932596
-32.38,25,13266.396655
-38.3,23,13266.798877
-32.83,32,13267.400666
-44.43,26,13267.842373
32.24375,44,13268.603534
-35.33,31,13269.136536
-41.27,35,13269.825504
-42.0,24,13270.29098
-41.13,30,13270.771955
-42.0,21,13271.086761
-41.91,24,13271.40976
-33.0,25,13271.766898
32.255245,26,13272.161131
-38.89,29,13274.577131
-41.05,28,13274.958582
-39.0,29,13275.456313
-38.05,35,13276.012236
-44.16,24,13276.48512
-41.98,31,13277.167489
-41.55,21,13277.563336
-35.35,28,13278.040441
-35.19,31,13278.587363
-42.71,21,13278.97521
-41.31,22,13279.796386
39.885476,24,13280.064672
-35.12,35,13280.693816
-44.1,29,13281.246663
-35.22,30,13281.764945
-32.81,55,13282.655925
-32.02,32,13283.154943
-35.04,26,13283.52873
-42.0,21,13285.796414
-38.89,35,13286.235082
-41.16,24,13286.68643
-42.0,21,13287.045391
32.095436,28,13287.514929
-38.68,29,13288.0545
-37.69,30,13288.554109
-41.47,28,13289.025106
32.566929,26,13289.487112
38.692308,25,13289.920784
-43.67,28,13290.412997
-35.27,51,13291.344819
-35.33,27,13291.823806
-35.51,29,13292.372065
-38.5,29,13292.802643
-41.83,25,13293.20807
40.913939,22,13293.564375
39.812927,24,13293.927985
-41.71,25,13296.189619
-39.0,28,13296.580575
38.689956,29,13296.981834
-34.93,25,13297.431785
-41.18,27,13297.912545
-38.41,18,13298.4054
-38.31,32,13298.958957
-38.03,21,13299.322351
-41.26,23,13299.693892
-39.0,25,13300.142305
33.0,26,13300.774419
-38.07,21,13301.152094
-40.2,23,13301.549936
32.058275,39,13302.216381
-35.28,29,13302.980185
38.704981,29,13303.447953
-32.35,43,13304.062895
-42.0,31,13304.52258
-41.34,19,13304.842171
-41.16,24,13307.202091
-35.4,26,13307.600903
-35.27,27,13307.991216
35.532258,30,13308.453107
-38.29,22,13308.84999
-42.0,27,13309.335335
-47.1,19,13309.649314
35.058824,36,13310.286343
-35.89,30,13310.808879
-41.17,31,13311.330547
-44.6,35,13312.013609
32.305556,36,13312.61254
-35.49,30,13313.129542
-35.43,29,13313.568503
-41.56,31,13313.998025
-40.48,27,13314.415967
-37.8,20,13314.708019
-44.13,45,13315.352646
-42.71,27,13317.671697
-33.0,34,13318.144246
-38.88,31,13318.571856
-39.0,34,13319.029069
-38.66,21,13319.39395
35.010563,31,13320.245703
-35.53,26,13320.726733
38.901709,24,13321.128413
-36.0,28,13321.618546
-44.31,19,13321.956572
32.540793,40,13322.774729
36.0,31,13323.350965
-44.4,18,13323.671838
-43.74,22,13324.071984
-33.0,26,13324.700523
-41.28,22,13325.093707
-32.9,27,13325.53388
-34.94,26,13325.864924
34.905573,47,13328.413085
-38.91,30,13328.83539
-42.0,16,13329.072071
34.274497,32,13329.52969
-41.39,28,13329.956746
-38.11,34,13330.435262
-38.77,27,13330.904544
38.02583,35,13331.541714
-38.25,33,13332.112147
-35.54,25,13332.53909
37.451621,26,13332.992748
-41.53,25,13333.491227
-32.35,26,13334.086242
-32.51,33,13334.637622
-41.48,26,13335.085385
-32.81,28,13335.564538
-32.11,23,13336.025791
-38.44,29,13336.426977
-38.01,31,13338.897942
35.14639,41,13339.650501
-41.31,24,13340.05196
33.0,43,13340.793924
-41.91,31,13341.346339
-44.47,20,13341.630496
-42.0,27,13342.176815
35.5,29,13342.792475
-45.0,24,13343.322685
-33.0,28,13343.912691
-44.68,23,13344.330904
-37.61,29,13345.024991
-40.71,26,13345.49985
39.0,25,13345.93154
32.370107,34,13346.572525
-38.88,27,13347.037363
-44.56,34,13347.794967
-35.17,33,13350.459733
-39.0,23,13351.00697
-42.0,38,13351.841491
38.211765,26,13352.363244
33.0,37,13353.051797
-36.0,35,13353.667389
-42.93,23,13354.05925
-39.0,22,13354.423769
-41.07,22,13354.775353
-38.54,29,13355.288269
-35.32,23,13355.765587
32.175214,29,13356.374963
-35.88,28,13357.102247
-35.37,27,13357.763485
-42.0,20,13358.172963
-35.36,29,13358.730172
-41.28,22,13359.188882
-42.0,20,13359.558922
36.0,34,13360.101233
-38.84,24,13363.292797
-41.5,25,13363.794134
-34.91,40,13364.630487
-32.09,27,13365.16298
-43.87,24,13365.842455
-35.12,28,13366.408954
-41.55,26,13366.87182
32.386861,40,13367.574229
37.69569,26,13368.037421
35.668942,27,13368.459653
38.014749,27,13368.933299
-44.54,21,13369.309503
-44.66,27,13369.808507
-44.63,27,13370.272754
35.078292,29,13370.869047
-35.56,26,13371.33458
33.0,28,13372.020867
-38.81,25,13372.549458
32.712551,37,13373.328642
-44.49,25,13376.31498
-42.0,23,13376.849529
-41.89,31,13378.239565
-38.48,24,13378.759299
-33.0,36,13379.610535
35.109034,37,13380.634243
39.0,20,13380.993809
-39.0,22,13381.359325
-32.12,32,13381.865884
-35.67,29,13382.353147
-35.34,33,13382.966902
-40.75,24,13383.389815
41.310879,21,13383.788137
-35.91,31,13384.392942
-34.72,35,13385.167521
-47.02,15,13385.484421
-32.2,27,13385.915791
32.629091,34,13386.46751
34.853086,30,13389.113551
-44.94,22,13389.565571
-38.44,30,13390.122318
-38.04,25,13390.602324
-38.07,36,13391.335095
-35.56,32,13391.906135
-41.38,25,13392.364369
-38.57,21,13392.752384
37.836871,49,13393.55231
38.240175,20,13393.852899
-35.31,25,13394.267616
-43.23,132,13396.605525
32.302251,45,13397.385168
-33.0,29,13397.876002
41.03169,21,13400.317215
-43.8,63,13401.51076
-35.09,44,13402.387458
32.512295,30,13402.959847
-38.47,26,13403.547243
-41.19,26,13404.087479
-38.66,36,13404.743301
-35.08,53,13405.950375
-32.7,37,13406.764492
33.0,29,13407.233839
-35.22,41,13408.083216
-38.31,21,13408.487591
35.510417,27,13409.027467
-43.35,54,13409.963116
41.401171,27,13412.532026
32.475472,31,13413.171317
-42.0,19,13413.533267
-41.32,40,13414.569684
-44.43,20,13414.95749
-42.0,24,13415.386654
-40.56,22,13415.852725
-41.38,30,13416.409517
-38.91,27,13416.879274
-44.29,32,13417.377204
-38.85,31,13417.902085
-38.35,27,13418.318321
-35.42,32,13418.807389
35.037152,39,13419.513607
-37.99,32,13420.069508
-38.5,27,13420.589364
-38.64,26,13421.114844
-38.47,24,13421.527888
-41.07,26,13424.100001
-38.3,22,13424.552484
-44.82,23,13424.973735
-31.83,37,13425.636559
38.554723,27,13426.079305
-35.1,29,13426.630684
-37.36,27,13427.11166
-41.39,23,13427.495766
-41.65,21,13427.908924
36.846339,25,13428.372376
-35.91,29,13428.880964
-38.24,32,13429.428408
-32.31,26,13429.845195
-38.61,25,13430.250953
-35.33,23,13430.596548
38.979913,31,13431.145988
-41.44,23,13431.665807
35.190476,38,13432.404022
-37.18,32,13433.387737
-43.55,23,13435.87314
-38.26,25,13436.320298
-41.73,24,13436.738187
-39.0,25,13437.234784
32.7,25,13437.714918
-33.0,38,13438.455869
38.047794,19,13438.858264
-35.95,31,13439.435963
-32.17,38,13440.149712
-41.57,25,13440.638885
-32.33,33,13441.190088
-35.53,32,13441.70316
-45.0,37,13442.260891
-40.33,35,13442.888663
-38.39,31,13443.421187
-35.51,25,13443.918249
-38.63,31,13444.474065
-34.81,31,13447.038435
-38.67,24,13447.534816
-42.0,21,13447.964447
-36.0,27,13448.449273
-39.0,31,13448.857854
-32.84,32,13449.442261
-38.01,22,13449.844552
-41.44,24,13450.308862
-35.45,35,13450.958095
-44.31,22,13451.378624
-44.51,18,13451.699004
-35.06,24,13452.137469
-38.16,30,13452.699639
32.369403,25,13453.161116
32.534799,31,13453.630245
32.41791,30,13454.103807
-43.76,18,13454.402463
-38.33,24,13454.771919
-35.59,30,13455.231443
-37.77,26,13455.74465
-41.53,23,13458.247633
-35.83,28,13458.790416
-40.54,24,13459.248544
-32.29,31,13460.051516
-33.0,28,13460.646896
-41.32,29,13461.395992
-44.42,17,13461.720255
-32.51,28,13462.201269
32.562738,34,13462.803304
-35.67,25,13463.311038
-41.08,23,13463.757112
-36.0,32,13464.347191
-35.07,53,13465.327749
-38.78,30,13465.853036
-37.87,27,13466.277821
-40.72,35,13466.817214
-44.11,34,13467.309224
34.838888,28,13469.718369
-35.75,31,13470.283244
-38.68,27,13470.800997
-44.17,27,13471.303722
-37.92,43,13472.10099
-32.29,35,13472.751699
-38.77,23,13473.172403
-44.5,17,13473.503397
-37.94,32,13474.07276
-35.64,41,13474.846629
32.006211,42,13475.645376
36.0,38,13476.387875
-35.46,27,13477.101102
-40.78,38,13477.730978
-41.79,19,13478.033304
-41.79,25,13479.222016
-39.0,22,13479.59566
-44.06,26,13482.060816
-38.04,32,13482.640333
-41.24,23,13483.070302
-44.5,26,13483.546371
-35.58,27,13484.036884
-44.21,23,13484.458076
-37.75,29,13485.00324
-41.55,23,13485.45884
-32.84,32,13486.049928
-36.0,34,13486.843074
-47.24,20,13487.606507
-38.07,37,13488.331371
-35.01,27,13488.880824
32.454545,27,13489.400497
-38.87,31,13489.923743
-38.01,28,13490.388933
32.063776,31,13490.984267
-38.91,25,13491.381994
-37.61,35,13494.14247
-34.56,32,13494.992697
-36.0,30,13495.5359
-32.11,41,13496.535926
35.190873,30,13497.188438
-38.41,31,13497.801758
-35.91,27,13498.283552
-41.74,24,13498.77238
-38.36,29,13499.423377
-44.48,22,13500.018748
-38.41,23,13500.434449
-35.46,29,13500.962506
-41.41,23,13501.347863
-44.35,27,13501.905942
36.0,29,13502.421968
-32.74,36,13502.918273
35.263128,25,13503.26796
33.0,26,13503.64327
-38.29,27,13506.05512
-38.03,23,13506.6129
-38.81,25,13507.15977
-35.66,32,13507.726246
-41.21,27,13508.309439
-44.28,20,13508.702961
-33.0,32,13509.37701
-35.54,27,13509.962048
-41.44,36,13510.693147
-33.0,30,13511.327277
-47.44,13,13511.585392
-32.44,37,13512.473304
-32.1,40,13513.283704
34.778481,31,13514.008088
-44.48,24,13514.944673
-44.82,22,13515.74867
-37.73,27,13516.379262
-38.06,24,13516.814952
-41.23,20,13517.165189
-38.1,21,13519.564565
-42.0,16,13519.91367
-32.2,25,13520.399911
-33.0,24,13520.862131
37.337068,32,13521.513387
-41.02,24,13521.986895
33.0,36,13522.696362
-44.43,20,13523.093153
-40.6,28,13523.641327
-42.0,23,13524.102305
-35.13,35,13524.775344
-32.46,37,13525.521875
32.762712,33,13526.191544
-35.43,29,13526.72744
-40.44,44,13527.811467
-45.0,21,13528.183763
32.200704,30,13528.736998
-42.0,33,13529.25716
-38.17,25,13531.748688
-33.0,31,13532.32354
32.18251,34,13532.959166
-32.17,37,13533.766921
33.0,28,13534.395715
-38.61,25,13534.903528
-36.0,39,13535.67771
-37.99,30,13536.252121
-35.88,26,13536.734501
-35.59,24,13537.164601
-35.82,25,13537.681321
-35.91,30,13538.235414
-41.3,29,13538.802034
-41.87,33,13539.410792
-32.18,30,13539.976098
-44.09,17,13540.303584
-41.74,25,13540.771633
-38.26,34,13541.307973
-44.01,25,13543.774581
-31.96,47,13545.130926
-45.0,28,13545.672444
-35.54,30,13546.249033
-39.0,25,13546.724261
32.257576,38,13547.44653
-38.76,26,13547.939835
-40.27,31,13548.522643
-35.78,43,13549.3887
-35.63,27,13549.92304
38.800085,32,13550.602434
-39.87,25,13551.033198
-35.52,29,13551.609632
-38.3,27,13552.09666
-41.2,25,13552.670275
-40.17,36,13553.265815
-40.06,31,13555.74194
-45.0,24,13556.220722
-47.47,17,13556.588237
-35.07,45,13557.491101
-35.53,30,13558.191826
-35.35,32,13558.833088
-36.0,32,13559.451624
41.39924,26,13560.00369
-41.66,29,13561.136114
-39.0,19,13561.497186
32.626374,47,13562.204237
-34.81,30,13562.753433
-38.44,23,13563.171813
-41.05,25,13563.678752
-39.0,24,13564.120135
-38.63,24,13564.52872
35.252128,35,13565.164987
36.0,39,13565.782176
-38.03,30,13568.407013
-41.52,26,13568.891035
-38.38,28,13569.399161
-40.76,24,13569.846898
-44.29,20,13570.207033
-38.03,30,13570.821093
-48.0,24,13571.513114
37.661512,22,13572.042023
-42.0,27,13572.657576
-41.23,37,13573.330417
-44.25,24,13573.710016
-41.43,28,13574.264809
34.698834,32,13574.85782
-44.41,17,13575.192167
-34.44,31,13575.772199
37.233576,25,13576.254459
-41.35,30,13577.318041
-33.0,26,13577.760327
-36.0,30,13578.252491
-42.0,30,13580.79778
-41.64,27,13581.345303
-38.6,30,13581.941566
-32.5,35,13582.663898
-40.04,22,13583.102324
-38.23,32,13583.697757
37.842236,29,13584.219958
-32.66,30,13584.76441
-41.54,22,13585.193483
-32.1,23,13585.595031
-41.24,26,13586.086141
-38.51,29,13586.670882
-36.0,21,13587.176305
-35.75,21,13587.613958
-41.4,27,13588.135117
-30.0,30,13588.657673
-34.65,31,13589.189032
-39.0,25,13589.64653
-40.9,23,13590.008426
32.419014,34,13592.524336
-38.55,30,13593.129051
35.556818,29,13593.676649
-38.4,54,13594.733492
-38.6,33,13595.36368
-35.2,34,13595.99836
-46.89,23,13596.471146
-38.1,25,13596.879789
32.620209,29,13597.533355
32.819277,27,13598.284538
-35.79,30,13598.854995
-37.77,28,13599.415399
32.227106,31,13600.312428
37.476379,35,13601.01869
-41.78,27,13601.462257
-40.9,32,13602.075246
38.377432,29,13604.633786
-35.56,29,13605.075815
-35.5,42,13605.763424
-41.01,20,13606.124662
-36.0,17,13606.448719
-35.81,31,13607.082037
-42.0,23,13607.603461
33.0,28,13608.134667
-41.53,29,13608.715228
32.445483,29,13609.273686
-41.32,23,13609.719198
-35.36,29,13610.259249
-42.0,24,13610.729886
32.901515,28,13611.23463
34.657329,36,13611.915646
-44.44,23,13612.368923
-38.39,27,13612.830716
-35.64,23,13613.236799
36.0,23,13613.638855
-41.89,27,13616.87386
-38.38,40,13617.475108
-32.63,28,13617.980438
38.417219,31,13618.593292
-41.62,29,13619.136672
-38.23,29,13619.73659
-32.14,30,13620.312187
-45.93,20,13620.714444
-41.57,20,13621.076046
34.74194,27,13621.573223
-35.67,30,13622.12059
-36.0,25,13622.574192
-36.0,27,13623.082413
32.5,25,13623.607031
-38.89,32,13624.170736
32.269076,29,13624.650716
-32.64,34,13625.311004
-32.31,31,13626.179456
-32.64,32,13628.989892
-38.5,20,13629.341735
-40.88,25,13629.752064
-35.26,35,13630.38729
-36.84,42,13631.201903
-39.0,29,13631.745864
-35.36,32,13632.321935
-32.59,29,13632.874476
-42.74,27,13633.409478
-32.69,30,13634.009866
-43.88,29,13634.568439
-41.07,24,13634.987518
-40.93,20,13635.390594
-38.71,17,13635.694387
-37.91,34,13636.335575
-42.0,25,13636.772842
-41.2,31,13637.283578
-41.63,35,13637.904035
-47.21,25,13640.462502
32.463215,37,13641.090219
-38.21,22,13641.46454
-38.36,28,13641.945237
32.567114,28,13642.435827
-38.9,34,13643.09654
32.394636,29,13643.626412
-43.42,23,13644.070842
-37.71,32,13644.657878
-38.88,25,13645.166072
-44.04,22,13645.58097
-33.0,36,13646.309926
-44.11,20,13646.674589
-32.91,30,13647.192485
-35.56,29,13647.675394
-37.74,27,13648.13805
-35.3,34,13648.712141
40.407185,20,13649.063923
-41.32,28,13651.943928
35.604651,27,13652.506661
-42.0,22,13652.873517
-35.1,29,13653.330391
-44.13,21,13653.675788
-32.2,28,13654.123343
-33.0,30,13654.652925
-44.92,18,13655.025028
-34.67,28,13655.677419
-38.11,26,13656.30128
-44.74,22,13656.748422
-36.0,29,13657.294085
40.65852,23,13657.733664
32.628906,33,13658.680368
-39.0,34,13659.318534
-36.0,23,13659.702746
-38.85,41,13660.375483
-35.13,26,13660.810865
-36.0,25,13661.242065
-35.7,30,13663.958046
-40.73,30,13664.443403
-32.16,28,13664.899982
-35.72,26,13665.337688
-41.14,22,13665.703149
-35.42,34,13666.28913
-42.0,22,13666.694553
-40.95,30,13667.27172
-33.0,30,13667.810127
31.844371,42,13668.66489
35.373397,25,13669.106308
-32.06,31,13669.739403
32.530266,29,13670.311283
-39.0,35,13670.947499
32.44958,34,13671.585138
-36.0,29,13672.187842
34.516035,34,13672.814275
-39.0,26,13675.493603
-35.29,39,13676.297148
-39.0,19,13676.703058
32.444126,48,13677.609576
-41.3,18,13677.946742
-44.38,23,13678.333858
-41.91,41,13679.011959
35.127049,27,13679.511582
-35.84,45,13680.575955
-40.51,30,13681.222704
-44.38,20,13681.671875
32.060606,34,13682.300807
32.383399,34,13683.192172
-43.97,21,13683.609916
-41.39,29,13684.145122
-41.34,20,13684.466733
-43.77,24,13684.850615
34.720238,34,13687.544012
-42.0,22,13687.969695
34.600168,27,13688.489202
-41.88,22,13688.90724
-32.22,28,13689.426619
-40.72,31,13689.94896
-34.78,28,13690.401039
33.0,42,13691.279889
-35.64,34,13691.934722
43.646265,21,13692.316944
-32.91,32,13692.877658
-32.88,26,13693.390567
-40.51,25,13693.845964
-40.49,30,13694.388139
-33.0,44,13695.199164
-37.72,41,13695.844883
-35.27,25,13696.296296
-32.6,28,13696.765023
-32.18,30,13699.538305
-41.88,31,13700.131536
-34.56,30,13700.76587
32.617021,31,13701.343765
-41.1,24,13701.750328
-39.0,26,13702.140937
-43.17,33,13702.690396
35.304183,26,13703.111393
-41.91,30,13703.612894
-38.58,20,13704.019105
-35.5,25,13704.517454
38.563127,28,13705.016196
-32.76,33,13705.627399
-41.27,23,13706.083908
-38.71,19,13706.419641
-35.41,32,13706.918557
-41.35,42,13707.902699
-35.9,29,13708.350773
43.513812,17,13710.997531
-41.17,27,13711.527027
-41.79,22,13711.940649
-41.32,23,13712.360828
-44.43,39,13713.137945
32.083942,40,13713.836586
-38.76,34,13714.35634
-42.0,35,13714.891893
-35.49,43,13715.553067
-44.2,28,13716.056623
-41.68,23,13716.511753
-33.0,32,13717.117376
-44.88,25,13717.570075
40.603367,31,13718.168975
-35.91,26,13718.628207
32.093103,28,13719.098941
-35.61,31,13719.612844
32.252336,29,13722.28218
-41.91,39,13723.008629
-38.36,27,13723.553927
-32.76,33,13724.166571
35.575,26,13724.692051
-32.54,28,13725.26985
32.354312,36,13726.02987
32.681818,30,13726.515477
-37.79,34,13727.078717
37.662528,25,13727.503609
32.178571,41,13728.225734
-38.98,23,13728.660316
-32.27,37,13729.336946
-45.0,18,13729.747069
32.70438,28,13730.222
-38.81,25,13730.653509
-35.94,29,13731.147979
-38.5,29,13733.732572
-41.15,23,13734.188845
-36.8,30,13735.072762
-41.67,26,13735.559425
-41.04,26,13736.072623
-32.8,24,13736.563179
-41.51,25,13737.234591
-35.69,34,13737.871753
-32.3,28,13738.435128
-45.0,18,13739.278932
-35.77,29,13739.741103
-35.12,40,13740.362112
-35.34,31,13740.910473
-39.0,29,13741.434918
-42.0,21,13741.851869
-32.73,41,13742.561152
-35.71,38,13743.186188
32.34657,43,13746.096711
-34.7,27,13746.632965
-35.7,26,13747.132891
-40.82,27,13747.666426
-37.79,27,13748.239477
-42.0,26,13748.789612
-41.62,29,13749.398521
-35.88,25,13749.906764
-44.15,28,13750.476627
-36.0,48,13751.466761
37.995858,75,13752.651427
-40.16,33,13753.578886
-40.8,20,13753.903548
37.548911,25,13754.340107
-41.33,23,13754.743475
-38.35,34,13755.310734
37.800969,31,13755.904172
-41.85,20,13758.49736
-32.21,34,13759.21028
-38.4,33,13759.911796
-38.32,25,13760.34435
-41.14,27,13760.886167
-41.41,19,13761.459652
-44.75,22,13761.93932
35.096525,27,13762.476102
-41.41,22,13762.946956
32.288618,41,13763.650533
-38.36,22,13763.990202
-41.02,26,13764.406649
33.0,32,13765.198162
37.702928,25,13765.577382
-41.36,25,13765.943858
-34.95,27,13766.411635
-41.91,27,13766.907798
-35.35,39,13767.740283
-36.0,26,13770.467903
35.5,27,13770.988717
32.492701,26,13771.49824
33.0,25,13772.025758
-38.72,29,13772.595375
-36.0,35,13773.271102
-32.89,39,13774.173884
-41.4,24,13774.661894
-32.13,34,13775.528113
-44.16,19,13775.871742
-38.31,25,13776.266152
32.267913,27,13776.695273
-40.57,37,13777.27263
-38.45,31,13777.730028
-41.13,33,13778.337787
34.974305,50,13779.18564
-38.55,30,13779.735305
-40.91,63,13783.161743
-35.33,44,13783.975444
32.034221,33,13784.611902
32.814815,27,13785.206406
-35.37,35,13785.90926
-38.66,23,13786.394258
32.322097,31,13787.045694
-35.72,36,13787.725148
35.269355,28,13788.484128
-41.43,23,13788.875708
-37.74,35,13789.43067
-32.21,32,13789.91406
34.413996,24,13790.276953
-35.9,25,13790.693208
-35.79,40,13791.441795
-35.82,33,13794.60227
-38.5,26,13795.123504
37.701673,23,13795.538423
-35.67,31,13796.140317
-38.59,22,13796.540805
-33.0,33,13797.186026
-38.81,30,13797.736216
-35.7,27,13798.21609
-38.71,22,13798.678669
37.471201,26,13799.166869
-33.0,34,13799.857537
-33.0,26,13800.343142
-41.57,29,13800.813939
-38.64,20,13801.128092
-34.59,31,13801.579804
-35.58,29,13802.048708
32.395437,30,13802.471389
-35.62,32,13803.022674
-40.64,40,13810.151974
-33.0,32,13810.813126
-38.81,23,13811.27472
-38.8,28,13811.899932
-41.71,24,13812.453402
-39.0,23,13812.923333
-41.73,24,13813.448472
-41.25,21,13813.905131
-48.0,19,13814.30916
-41.19,22,13814.750372
-35.87,28,13815.275533
35.083636,28,13815.835964
-42.0,23,13816.286101
-41.4,28,13816.849562
38.256561,25,13817.274537
-38.41,24,13817.806307
33.0,26,13818.203806
-31.74,30,13818.656116
-47.34,17,13818.900787
-30.0,26,13819.282027
-35.66,28,13819.810704
-41.33,24,13822.577794
-41.89,35,13823.295004
-40.84,28,13824.051568
-34.95,30,13824.70383
44.317073,17,13825.065568
-40.73,23,13825.594485
-41.17,29,13826.148242
-41.07,19,13826.582361
32.374545,29,13827.17756
37.683959,25,13827.705615
-35.7,33,13828.389332
-37.58,24,13828.839695
33.0,21,13829.262098
-35.91,25,13829.780589
33.0,32,13830.398998
-39.0,34,13830.962104
-41.79,21,13831.26981
-41.09,29,13831.72485
-35.34,28,13832.144291
-38.06,27,13834.899896
-32.03,28,13835.553164
-35.08,27,13836.211853
-39.0,35,13837.149705
-35.09,38,13838.100559
33.0,31,13838.868276
-36.0,35,13839.682127
-35.14,31,13840.353436
-37.83,31,13840.996159
-32.72,31,13841.598268
38.731801,27,13842.141426
-35.4,38,13842.918088
-41.94,33,13843.560784
-34.36,28,13843.954909
-32.5,29,13844.363986
-33.0,28,13844.782761
-41.74,20,13845.075382
-38.09,27,13847.687047
-41.71,55,13849.108999
-42.0,24,13849.604839
-32.91,50,13850.588034
-48.0,27,13851.120398
34.923333,33,13851.791757
-44.64,25,13852.29407
-35.89,30,13853.120692
-46.74,94,13854.971322
-38.63,18,13855.370024
-41.14,35,13856.060839
-41.48,17,13856.376424
-43.82,25,13856.86169
-38.98,36,13857.458529
-37.88,25,13857.97081
-38.6,31,13860.829304
-37.34,32,13861.504362
-43.96,20,13861.926841
-37.8,25,13862.442786
41.88,19,13862.844251
40.33874,20,13863.267927
35.324809,26,13863.808909
-37.71,50,13864.823134
-38.6,25,13865.303481
-33.0,32,13865.937338
-41.53,25,13866.441065
-38.06,29,13867.04893
-41.95,20,13867.434105
-38.55,22,13867.857248
-39.0,22,13868.244655
-35.55,26,13868.712216
-32.1,38,13869.375107
-44.14,27,13869.835783
-40.75,32,13872.557883
44.558394,18,13872.944421
32.116279,30,13873.617021
-44.5,90,13875.475168
-35.54,27,13876.051695
32.609121,28,13876.59758
-44.81,16,13877.164361
-44.53,30,13877.770084
40.487764,24,13878.278109
38.726073,22,13878.691253
-38.52,37,13879.527395
33.0,35,13880.403858
-42.0,22,13880.81059
-38.26,33,13881.421268
-35.24,25,13881.908684
-35.58,36,13882.574976
-38.72,24,13883.041699
35.031629,41,13885.9492
-38.91,29,13886.490746
-35.26,28,13887.042177
-40.6,32,13887.673642
-39.74,27,13888.266236
35.516129,30,13888.817161
38.781145,26,13889.331144
-38.09,37,13890.102071
-38.91,28,13890.674839
-37.76,30,13891.288673
-41.74,26,13891.837867
-41.55,20,13892.263057
-44.91,19,13892.579858
-41.16,26,13893.074936
37.967157,32,13893.607937
-41.38,28,13894.166654
-38.62,26,13894.739415
-41.75,18,13895.135457
-32.17,29,13897.779027
-46.99,31,13898.377989
-41.31,20,13898.763761
-39.0,24,13899.241257
43.120435,26,13899.754976
-47.14,19,13900.138888
-38.91,30,13900.715319
-32.16,26,13901.334814
-32.51,44,13902.272773
40.395122,17,13902.774467
44.074516,20,13903.174488
-38.66,23,13903.702756
-41.47,30,13904.360938
-38.2,30,13904.911968
-41.93,26,13905.676842
-33.0,40,13906.499667
-41.3,29,13907.128505
-41.42,21,13907.575648
-40.81,27,13908.11635
-35.23,25,13910.816182
-38.36,44,13911.736633
-40.29,22,13912.209784
-35.07,29,13912.814855
-32.95,40,13913.698975
-33.0,27,13914.218029
-41.01,26,13914.756765
-43.94,22,13915.182207
-38.03,30,13915.766031
-35.43,35,13916.464459
-32.53,29,13917.049379
-35.61,24,13917.472523
-35.54,38,13918.072586
-44.78,60,13919.10736
-35.4,31,13919.684748
-41.6,89,13923.974497
32.192913,32,13924.618063
-33.0,42,13925.556381
-41.31,21,13925.987696
-41.73,36,13926.747919
-38.73,35,13927.427066
32.40625,31,13928.0326
-40.79,26,13928.560644
-38.04,23,13929.013742
-40.0,27,13929.476538
-44.11,22,13929.847929
-39.87,29,13930.340249
-32.46,34,13930.921251
-41.41,28,13931.436403
34.714847,34,13932.334335
41.36704,19,13932.757335
-41.74,27,13933.281406
-38.84,25,13935.967402
-35.69,30,13936.775718
-35.37,30,13937.343486
32.265306,33,13937.947267
-42.0,33,13938.627222
39.0,25,13939.134882
-39.0,30,13939.73526
-40.53,20,13940.162532
33.0,27,13940.695242
-38.52,25,13941.221439
-37.84,23,13941.681573
-35.23,20,13942.014134
32.612403,36,13942.613983
-35.26,23,13942.999414
38.153595,20,13943.328512
-39.0,36,13944.031672
-38.99,26,13944.510751
-41.09,30,13945.111711
-38.81,33,13948.020879
-44.44,18,13948.309183
38.445483,25,13948.727091
-35.81,32,13949.355477
-38.21,32,13950.031758
-41.59,26,13950.536098
-33.0,26,13951.043568
37.539804,44,13951.905632
-32.18,27,13952.459025
-32.45,29,13953.054244
-31.76,45,13953.90833
33.0,34,13954.527665
-35.27,29,13955.01383
-35.33,39,13955.674443
-37.9,21,13956.11544
-35.56,31,13956.715474
-44.39,22,13957.147278
-38.6,22,13959.83761
-43.68,24,13960.271174
35.602941,23,13960.752604
36.0,23,13961.321305
-39.0,22,13961.710176
36.0,28,13962.185246
-35.67,30,13962.803349
-40.25,30,13963.370917
-33.0,30,13963.958182
-37.9,31,13964.585085
-41.63,24,13965.051678
-32.48,41,13965.872979
32.020906,33,13966.436031
32.670833,30,13966.945538
35.481229,21,13967.363399
-35.24,26,13967.831319
-38.97,25,13968.308289
-40.09,27,13968.879343
-41.55,78,13972.640473
-38.7,25,13973.031766
32.210117,29,13973.515567
-38.61,31,13974.006174
32.076305,30,13974.634391
-38.59,28,13975.176101
-44.76,20,13975.571543
-45.0,19,13975.960133
40.021839,31,13976.601863
-35.12,43,13977.518324
-41.5,27,13978.04134
34.373694,105,13979.811421
-44.8,19,13980.169496
-41.59,28,13980.694209
-41.73,28,13981.318338
-32.33,29,13984.119013
-36.0,32,13984.831095
-43.96,29,13985.415248
36.0,22,13985.774158
-38.88,25,13986.206425
-35.66,27,13986.673665
-41.71,33,13987.323857
-32.6,45,13988.456068
32.694444,27,13988.992921
-44.33,18,13989.367931
-36.0,28,13989.92981
34.987149,34,13990.557
-38.71,24,13991.171202
32.722603,23,13991.555506
-30.0,30,13992.105509
-38.27,42,13992.891332
-40.92,24,13993.44826
35.053498,28,13993.993773
-38.81,24,13996.768918
-41.32,29,13997.274051
-42.0,20,13997.63976
-36.0,24,13998.023389
38.006073,19,13998.346499
-39.0,21,13998.690941
-41.15,27,13999.137649
-41.66,20,13999.486955
-38.67,29,14000.096221
-47.31,15,14000.398451
-42.0,19,14000.770699
-41.54,40,14001.527321
-38.81,35,14002.273872
-35.34,30,14002.862566
-43.63,30,14003.835997
-35.09,25,14004.373247
-35.69,24,14004.889135
-38.38,32,14005.5066
-41.74,22,14005.945774
-39.0,34,14008.779203
-44.83,19,14009.181158
-35.39,33,14009.784825
-35.28,27,14010.25417
32.79322,38,14011.176002
-44.25,21,14011.527004
-41.74,21,14011.865125
-41.12,29,14012.473892
-32.01,36,14013.22205
32.902439,31,14013.85054
-35.94,39,14014.823117
-41.57,26,14015.288734
-33.0,30,14015.841772
32.581818,29,14016.384996
-35.18,29,14016.96401
37.336058,29,14017.527493
-34.83,29,14018.084731
-44.64,18,14018.444877
-43.82,20,14018.80492
-38.36,37,14021.809988
-32.22,26,14022.250458
-35.63,33,14022.79206
-41.1,28,14023.263585
-44.56,17,14023.527963
32.32971,28,14023.996087
-37.73,28,14024.503079
-38.75,24,14024.986072
-38.84,26,14025.502383
-41.22,24,14025.967813
-38.91,27,14026.408777
-41.87,24,14026.778878
-35.38,24,14027.164507
-47.78,32,14027.75575
-32.34,28,14028.237363
-44.25,34,14028.870654
-35.11,27,14029.386778
-41.08,34,14030.070481
-38.08,49,14033.317923
-42.0,39,14034.131251
-33.0,33,14034.7318
-41.75,21,14035.139889
34.141412,35,14035.754089
-38.04,22,14036.379699
-37.51,32,14036.956072
-36.0,110,14039.015349
35.899598,23,14039.428811
31.545627,40,14040.144768
-33.0,37,14041.056393
-35.91,33,14041.692835
-38.25,23,14042.148942
-32.98,21,14042.550521
-41.68,26,14045.303948
41.875912,29,14045.859801
-43.57,19,14046.238828
-44.39,22,14046.725002
-41.3,23,14047.136332
-42.0,22,14047.48432
-38.32,31,14047.996852
-41.87,33,14048.676829
-39.0,23,14049.080741
35.391941,30,14049.661533
-38.56,34,14050.329987
32.730205,23,14050.702567
-34.91,31,14051.225046
-35.19,26,14051.670728
-41.07,27,14052.147832
-47.79,14,14052.398396
-32.4,32,14053.046949
-45.0,24,14053.489632
-35.14,43,14054.33769
-41.49,31,14057.28123
-41.54,21,14057.70261
-41.48,25,14058.23352
38.006173,24,14058.738005
37.400822,27,14059.402207
-38.47,27,14059.995706
-40.31,24,14060.438572
-35.3,28,14060.916722
-38.91,34,14061.521846
41.52235,24,14061.916895
-41.36,25,14062.545741
-42.0,22,14062.997144
-35.35,24,14063.423415
-38.49,29,14063.928528
-47.44,26,14064.368235
37.765976,20,14064.721625
32.901408,29,14065.294549
-41.69,34,14066.010035
-38.3,24,14066.51021
-34.96,37,14069.465475
-38.35,35,14070.200838
37.151735,26,14070.738436
-32.47,29,14071.282565
-39.0,29,14071.867998
-31.57,32,14072.560676
-30.0,30,14073.145612
38.25,24,14073.575677
-40.76,23,14073.984083
-42.0,21,14074.31753
32.812287,28,14074.785127
-31.55,32,14075.253161
-43.52,19,14075.52619
-42.0,20,14075.887701
-42.0,25,14076.389615
-38.49,26,14077.024684
-41.21,17,14077.44582
-42.0,22,14077.856218
-32.61,29,14078.415309
-35.31,25,14078.851248
-37.65,25,14081.556881
-32.38,28,14082.165453
-40.04,43,14083.09099
-42.0,25,14083.575332
-38.52,29,14084.163177
-38.55,26,14084.703223
-32.28,30,14085.332153
-41.72,29,14086.079893
-42.0,24,14086.566516
-38.22,28,14087.040076
-35.85,53,14087.852292
38.39404,19,14088.178922
-35.46,23,14088.571465
44.356061,21,14089.069901
-38.29,23,14089.588735
-32.06,42,14090.459811
-37.96,39,14091.246592
-39.0,22,14093.851255
-33.0,32,14094.524383
-38.73,32,14095.372394
-38.4,21,14095.786047
-42.38,32,14096.422159
-34.82,41,14097.229775
-35.78,37,14098.04435
35.831418,30,14098.635063
-44.19,22,14099.083183
-41.83,23,14099.464927
-37.78,24,14099.8437
-32.53,34,14100.343923
-38.94,32,14100.892246
-32.34,31,14101.389691
-36.0,25,14101.869755
33.0,24,14102.420308
-41.87,29,14102.991204
32.289362,36,14105.903704
-34.43,29,14106.491015
-38.44,32,14107.165389
-36.0,31,14107.787893
-40.5,26,14108.326085
35.308411,25,14108.821224
-42.0,28,14109.425378
-38.48,35,14110.149605
-41.56,25,14110.699668
-35.81,30,14111.344051
-38.21,19,14111.739072
-35.09,21,14112.162136
-38.11,43,14112.816451
35.004237,23,14113.149131
32.120823,31,14113.654682
32.392241,35,14114.18726
-44.03,24,14114.639871
-32.81,25,14115.144822
-41.36,23,14115.837249
-32.47,39,14118.921622
-41.28,21,14119.363622
-44.04,23,14119.907157
-32.51,38,14120.64482
35.065844,27,14121.152398
-42.0,17,14121.680249
-40.89,22,14122.091301
-41.74,31,14122.814946
-32.05,21,14123.264456
-38.18,24,14123.724771
-34.53,25,14124.259851
-35.7,25,14124.728554
-38.58,33,14125.289537
-44.28,36,14125.863298
-38.21,23,14126.217367
35.109907,30,14126.710399
-35.63,34,14127.24631
-38.91,24,14127.725912
-32.17,28,14130.573279
-35.83,23,14131.035975
-35.73,37,14131.829042
-44.67,26,14132.350499
-41.62,30,14132.931546
35.692884,25,14133.401794
-41.72,30,14134.021776
-35.65,33,14134.701516
-39.0,25,14135.212844
-41.49,19,14135.574355
-41.41,24,14136.07507
-44.69,25,14136.623126
-36.0,28,14137.151122
32.012422,29,14137.627419
-37.12,34,14138.142299
-43.67,32,14138.630205
-41.72,27,14139.022396
-34.61,29,14139.475676
-39.0,22,14139.887219
-35.1,28,14142.570963
-39.0,31,14143.334721
-41.15,22,14143.781394
-38.44,42,14144.601119
-41.83,22,14145.014289
-42.0,31,14145.613943
-38.36,22,14146.097597
-41.73,24,14146.555138
-41.71,25,14147.045655
-41.57,32,14147.774488
32.130268,32,14148.544074
-35.06,27,14149.143518
-35.82,24,14149.575413
-41.3,21,14149.935829
-35.78,26,14150.386428
-41.61,26,14150.801666
-38.71,30,14151.323184
-32.6,42,14152.046639
32.246914,34,14154.837424
-32.48,30,14155.414056
-41.57,20,14155.850041
-47.44,34,14156.539502
-32.38,32,14157.179132
-41.37,27,14157.749081
33.0,32,14158.385428
-41.15,25,14158.878072
-40.54,16,14159.190269
-32.75,23,14159.638536
-44.53,25,14160.120098
-41.44,33,14160.745436
-34.91,35,14161.367233
-32.76,27,14161.839206
-38.4,30,14162.359304
-44.88,23,14162.759825
-41.53,23,14163.106034
-37.96,48,14163.848866
-32.91,32,14166.551847
-44.36,24,14167.045745
-35.18,36,14167.731992
-40.82,25,14168.260189
-35.42,29,14168.848513
-41.52,32,14169.692663
32.543624,33,14170.421908
38.074627,18,14170.795529
-41.75,27,14171.377381
-41.71,23,14171.842432
-41.35,24,14172.327924
-39.0,23,14172.778664
-33.0,32,14173.416073
-38.52,27,14174.153917
-37.02,38,14174.787501
-44.49,22,14175.123411
-39.73,21,14175.5179
-40.87,33,14176.104615
-38.32,23,14176.514428
-38.89,28,14179.206095
-37.86,38,14180.031176
-32.34,39,14180.820853
32.493056,34,14181.529612
41.101852,23,14182.561786
-41.97,36,14183.203913
-39.84,29,14183.794206
-41.52,41,14184.600169
-33.0,30,14185.164245
-39.0,31,14185.705334
-35.38,27,14186.184168
-38.51,28,14186.640478
-41.88,18,14186.9521
37.266384,46,14187.934736
-41.74,37,14188.701592
32.39726,30,14191.396343
-41.64,31,14192.024258
-43.73,22,14192.479816
-41.52,20,14192.932246
-47.38,14,14193.198793
31.598113,36,14193.983802
-35.29,158,14197.459437
-41.31,30,14197.995573
-44.69,38,14198.660708
-35.91,33,14199.221054
-38.35,29,14199.707478
35.263636,68,14201.063404
-42.0,20,14201.417058
-35.3,34,14204.28983
-35.17,21,14204.667242
-41.81,20,14205.067369
-41.43,21,14205.48163
-33.0,45,14206.356756
-35.88,32,14207.00467
-40.87,33,14207.642023
-44.36,38,14208.361337
-35.81,27,14208.880534
-38.53,34,14209.500369
-38.64,22,14209.900939
-35.43,29,14210.462284
-38.62,26,14210.982962
-44.34,32,14211.575091
-41.81,23,14212.078563
-40.93,33,14212.758682
-38.56,30,14213.473706
35.603053,24,14216.155565
-38.81,23,14216.528574
-34.58,32,14217.101056
-39.0,37,14217.826577
-38.28,92,14219.777394
-41.51,23,14220.183763
38.143885,26,14220.726969
-32.64,36,14221.412053
34.849657,35,14222.26694
-44.14,28,14222.735159
-35.1,41,14223.428999
-38.61,24,14223.874964
-35.78,28,14224.430376
32.693878,25,14224.947931
-38.14,22,14225.380379
-35.29,24,14225.845976
32.261818,37,14228.777099
-34.79,29,14229.267151
38.446602,41,14229.972053
35.379061,24,14230.396958
-44.15,29,14230.962389
-38.56,30,14231.575421
-38.26,36,14232.28746
37.773484,24,14232.769706
-44.31,19,14233.138877
-32.1,35,14233.749355
-32.23,35,14234.394799
32.146617,33,14234.982409
38.533088,20,14235.333588
32.508333,26,14235.852271
-34.32,35,14236.59816
32.578358,30,14237.272152
-32.91,31,14237.855192
-35.6,29,14240.734527
-38.74,20,14241.052738
-38.9,25,14241.485615
-42.0,29,14241.970083
-41.8,24,14242.379323
-38.78,34,14243.025572
-35.15,39,14243.786572
-40.71,33,14244.46
-39.0,93,14246.105686
-37.21,27,14246.576203
-41.68,25,14246.995983
-38.68,30,14247.542837
32.194805,29,14248.30483
-41.15,22,14248.731627
35.728022,32,14249.396714
-38.59,44,14252.342703
35.902985,20,14252.792109
35.394558,26,14253.232434
34.133361,33,14253.788167
-44.19,20,14254.078346
-41.82,29,14254.547137
47.248996,14,14254.779813
-41.35,20,14255.139484
-41.23,30,14255.900328
-38.59,22,14256.320808
-38.43,30,14256.987186
-42.0,26,14257.451162
36.0,26,14257.964941
32.256667,30,14258.492586
39.426682,36,14259.193827
-41.2,25,14259.628168
-44.52,26,14260.122567
-44.32,26,14260.756379
-38.91,25,14261.266533
-35.91,29,14261.852653
38.298216,27,14264.54052
-38.1,28,14265.141597
-42.0,64,14266.333642
-41.42,30,14266.877739
-43.7,28,14267.437277
-38.12,24,14267.94137
-44.08,22,14268.3338
35.550781,24,14268.797657
-38.49,29,14269.359915
-41.06,27,14269.934249
-32.43,36,14270.728262
-39.0,93,14272.3051
-41.38,20,14272.647915
32.145833,28,14273.192712
38.540373,29,14273.728385
30.0,30,14276.566511
-34.8,41,14277.427159
35.087452,32,14278.080351
-38.85,24,14278.57826
-44.11,29,14279.266403
-42.0,26,14279.851209
-41.86,28,14280.397058
-46.62,25,14280.893713
-44.1,24,14281.415175
-32.42,30,14282.2691
-38.87,36,14283.759345
-38.54,30,14284.718654
-38.23,34,14285.495842
35.544314,26,14286.124295
-38.32,41,14286.948505
-35.06,27,14287.561204
-35.69,36,14288.405042
-41.19,24,14291.924971
-38.13,26,14292.529015
-42.91,22,14293.062415
-38.68,31,14293.716762
32.901587,31,14294.419027
-32.21,29,14295.061044
-41.45,26,14295.530664
32.019011,31,14296.022609
-41.63,27,14296.525702
-41.51,25,14296.997996
-38.28,27,14297.555301
-42.0,26,14298.156596
-41.03,25,14298.610981
-42.0,23,14299.015272
-42.0,25,14299.405534
-33.0,33,14300.326544
-35.08,25,14300.732151
-38.63,26,14301.258489
-35.81,27,14301.777291
32.517857,34,14304.531932
-35.26,32,14305.299733
-38.3,21,14305.689971
-38.4,32,14306.288088
37.640103,30,14306.862347
-32.2,28,14307.342541
-44.68,18,14307.705676
-41.73,20,14308.010752
-44.71,24,14308.483511
-35.73,24,14308.887521
35.5,31,14309.426064
-35.54,41,14310.659381
-35.91,33,14311.537011
35.926282,29,14312.109674
-41.59,43,14312.909203
-38.61,29,14313.423046
-44.75,41,14314.230413
-31.52,34,14317.501885
-38.75,28,14318.091275
39.0,19,14318.437721
-39.0,25,14318.866292
-35.32,30,14319.41911
35.417671,27,14319.902183
-40.91,29,14320.396669
-42.0,24,14320.811112
-44.38,23,14321.178073
-41.51,40,14321.880276
38.213178,28,14322.396205
41.689189,27,14322.833122
-35.78,25,14323.244956
-41.83,28,14323.693163
-41.6,25,14324.133574
35.727586,32,14324.721713
-32.49,35,14325.483958
43.635976,24,14326.112546
-39.0,39,14329.358978
37.786665,25,14329.838523
-38.14,29,14330.388646
-44.81,25,14331.10731
33.0,27,14331.635879
-39.0,28,14332.187806
-38.88,23,14332.505115
-36.0,28,14332.906343
-41.35,23,14333.274521
-44.33,30,14333.705088
-38.17,20,14334.052123
-36.0,25,14334.59762
-37.68,29,14335.144472
-42.0,23,14335.60661
-37.23,27,14336.06577
-32.02,35,14336.768799
-32.42,29,14337.446498
34.814871,27,14337.954244
40.173993,26,14338.482423
-38.96,28,14341.261073
-44.15,28,14341.761969
-35.61,27,14342.39299
-35.45,31,14343.106428
-32.58,40,14343.942811
-39.0,34,14344.646714
-38.53,26,14345.244712
-44.16,19,14345.599541
-35.02,32,14346.135312
-46.83,32,14346.628834
-45.0,37,14347.13512
-41.37,19,14347.42163
37.29434,23,14347.843567
32.5,30,14348.340397
-35.88,37,14348.980693
-41.24,26,14349.93929
33.0,25,14350.417403
-38.57,26,14350.999842
-41.19,26,14354.185723
-44.26,28,14354.87857
-34.28,28,14355.579213
-32.64,27,14356.192678
33.0,26,14356.762853
-35.78,24,14357.519738
-35.13,29,14358.170023
32.5,25,14358.743579
-32.75,43,14359.589544
-39.0,24,14359.960818
-35.58,30,14360.620256
30.0,27,14361.050733
-41.59,36,14361.73685
47.05668,18,14362.166741
-41.04,46,14363.151927
35.308271,32,14363.879581
-41.51,26,14364.404313
-35.79,24,14367.556079
32.662162,36,14368.344586
-36.0,28,14369.085566
-43.99,27,14369.682766
-41.41,22,14370.195834
-38.41,28,14370.793787
37.609402,29,14371.442647
-41.71,28,14372.03913
-39.0,28,14372.801323
-41.37,27,14373.357569
-35.79,26,14373.855643
-35.17,34,14374.451468
-35.03,38,14375.090441
-42.0,23,14375.567739
-35.8,26,14376.11589
-39.0,30,14376.835817
-38.29,29,14377.54362
-41.01,51,14378.602942
-38.47,26,14381.743844
-32.14,27,14382.381688
-38.02,28,14383.150701
-44.53,20,14383.623747
32.802281,41,14384.541904
-34.78,30,14385.283933
38.033333,44,14386.463108
32.5,40,14387.381567
41.351558,22,14387.762651
34.555688,41,14388.411417
-41.45,22,14388.751038
39.839011,24,14389.152822
-44.07,48,14389.956341
33.0,26,14390.565707
-45.0,23,14391.083302
-33.0,33,14391.802785
32.320513,24,14394.81924
-32.07,34,14395.716803
35.483965,29,14396.344959
-39.0,25,14396.863242
-38.47,19,14397.266729
-41.37,26,14397.816545
33.0,31,14398.532386
32.791855,29,14399.10982
-33.0,28,14399.756695
-38.81,36,14400.529231
33.0,28,14401.186189
38.808118,29,14401.661965
-35.91,24,14402.060599
-42.0,22,14402.50673
-43.37,40,14403.149438
-32.89,29,14403.653101
32.102273,33,14404.413076
-41.21,28,14405.050473
33.0,31,14408.120886
-39.0,21,14408.652575
-38.58,46,14409.923707
32.068702,27,14410.493895
36.0,32,14411.218925
-32.81,28,14411.816983
32.017857,24,14412.388104
-40.52,23,14412.906832
-35.51,28,14413.573326
38.121495,21,14414.043456
-35.11,52,14415.299093
-44.99,24,14415.702475
32.220721,34,14416.199348
-38.91,24,14416.634487
-35.8,38,14417.32364
-41.66,24,14417.683354
-44.91,28,14418.168184
33.0,24,14420.783046
-42.0,30,14421.438457
-39.0,21,14421.997626
32.586331,25,14422.888431
32.5,29,14423.568954
-42.0,17,14423.9081
35.124309,35,14424.644109
-32.78,34,14425.363982
-33.0,32,14426.08073
-38.52,26,14426.591804
-32.42,33,14427.240392
37.386099,33,14427.820558
-41.42,24,14428.240806
-40.73,49,14429.007717
-38.37,36,14429.548166
-41.24,31,14430.03787
-35.22,34,14430.626974
-35.79,27,14433.768384
-41.63,51,14435.066531
33.0,32,14435.686835
-41.58,102,14438.021631
-41.83,44,14439.060416
35.622137,28,14439.701182
-42.52,41,14440.700971
-41.16,26,14441.326587
-38.9,50,14442.435639
-42.0,24,14442.853165
34.680172,33,14444.159486
35.139683,29,14444.724562
-40.86,47,14448.159289
-41.2,24,14448.625163
-33.0,28,14449.229839
-38.73,23,14449.781408
-45.0,24,14450.259272
-41.69,23,14450.728533
-41.24,26,14451.259779
35.472868,29,14452.045557
-35.65,27,14452.585304
-32.7,28,14453.17715
-32.59,34,14453.867111
-40.8,26,14454.344457
-44.18,22,14454.690876
-39.0,26,14455.095357
-41.5,32,14455.648633
-41.58,24,14456.036775
-32.47,33,14456.652575
32.151125,39,14457.325176
32.899306,26,14457.757969
-35.63,27,14460.545658
-47.48,21,14460.99009
-36.0,36,14461.626588
-33.0,26,14462.118142
-38.57,30,14462.723208
-39.0,20,14463.134677
-38.5,29,14463.754005
-38.16,30,14464.339787
-35.29,31,14464.95181
-42.0,34,14465.574365
-38.15,26,14466.094084
-35.68,30,14466.652535
-39.0,25,14467.114163
33.0,27,14467.539822
32.878151,29,14468.068383
32.551637,34,14468.648724
32.154362,26,14469.379465
32.098901,52,14472.666308
-35.66,33,14473.36297
35.042254,38,14474.135416
-42.0,32,14474.837263
41.298893,23,14475.309802
-44.01,27,14475.862984
35.059859,32,14476.574546
-38.34,22,14477.01833
35.823529,27,14477.573621
-41.53,25,14478.289965
-38.59,28,14478.86273
-39.0,26,14479.332513
-38.68,28,14479.852444
-35.23,47,14480.664271
-38.05,23,14481.097075
32.204969,28,14481.611193
-38.68,27,14482.087623
-32.74,28,14482.547527
-32.5,30,14485.294528
-35.59,29,14485.875471
-32.75,26,14486.367485
-44.46,31,14487.036861
-44.34,22,14487.45628
-43.5,30,14488.0851
-44.34,18,14488.35402
-32.73,36,14489.03706
-39.0,21,14489.476403
-41.81,19,14489.881889
-44.53,24,14490.38493
35.088262,29,14490.962372
35.25463,28,14491.51837
-38.76,26,14492.022052
-33.0,35,14492.852055
-30.0,34,14493.426396
-41.19,27,14493.993753
-33.0,31,14494.740259
-33.0,42,14497.844559
-38.57,25,14498.398028
-47.09,21,14498.80681
-43.96,31,14499.447701
-35.1,36,14500.175044
35.018182,27,14500.728609
-32.88,32,14501.431763
-37.84,23,14501.878835
-41.5,23,14502.396247
-40.53,31,14503.003447
-44.88,25,14503.546974
34.355767,29,14504.093156
35.287683,29,14504.858269
-38.69,38,14505.589339
-36.0,31,14506.119078
-40.84,136,14510.875706
33.0,32,14511.631601
-35.61,27,14512.188598
-38.55,24,14512.83923
-33.0,32,14513.449797
32.323529,28,14514.005674
-35.43,27,14514.555535
-38.44,26,14515.027218
-38.61,29,14515.711083
35.798535,21,14516.107988
-47.33,29,14516.633931
-44.79,56,14517.683202
-35.2,29,14518.168644
-44.49,47,14519.141742
-32.88,34,14519.862942
-35.56,21,14520.271915
-38.75,24,14522.979667
-41.0,20,14523.384148
-41.73,24,14523.866089
-44.52,19,14524.270381
-41.6,27,14524.803197
-41.44,23,14525.327956
-41.65,22,14525.713497
-35.5,35,14526.471226
-41.25,22,14526.928413
-41.59,32,14527.589272
-38.02,45,14528.524356
34.57378,24,14528.975547
-34.63,35,14529.543276
-37.41,33,14530.12964
-35.22,26,14530.58849
33.0,34,14531.578096
-39.0,26,14532.082258
-30.0,38,14532.904634
32.79798,34,14535.63794
-35.25,41,14536.419174
-32.7,25,14536.971751
35.26616,32,14537.594006
32.352751,40,14538.388713
-37.98,32,14539.133861
-38.08,25,14539.717664
-32.88,26,14540.268523
-35.62,30,14540.845455
-38.31,31,14541.449184
38.27758,20,14541.782719
-38.33,28,14542.308016
-35.29,29,14542.780702
-32.56,26,14543.288606
-35.65,28,14543.848006
34.890278,28,14544.472994
-38.21,26,14545.057712
-32.39,32,14547.697723
-40.71,20,14548.223811
-32.71,23,14548.764122
37.541389,28,14549.345886
-44.37,22,14549.821143
-37.89,26,14550.380294
-35.61,30,14550.96518
40.21296,25,14551.458192
-41.9,20,14551.915209
-40.68,26,14552.440654
-42.0,23,14552.89403
-35.64,24,14553.346291
-42.0,71,14554.713495
-34.35,31,14555.266104
-35.64,26,14555.670949
-38.23,25,14556.176825
36.0,39,14556.975214
-41.35,21,14557.389343
36.539808,29,14560.279014
34.613796,33,14560.870685
37.155269,25,14561.31074
-35.04,34,14562.011124
-41.41,19,14562.424031
38.096899,27,14562.938822
-35.69,23,14563.404728
-35.89,28,14563.966724
-39.0,17,14564.313063
-35.04,29,14564.877065
32.378472,24,14565.38073
-35.94,29,14565.981156
-43.88,24,14566.425409
38.952186,32,14566.948305
37.937576,24,14567.376354
-39.0,24,14567.8252
-40.81,37,14568.581435
-38.24,28,14569.246449
-35.43,29,14569.883074
-38.87,27,14572.727239
-33.0,31,14573.263548
-37.54,32,14573.776218
-32.84,28,14574.554655
-42.0,29,14575.155332
-40.32,23,14575.609519
-42.0,44,14576.408798
-37.87,33,14577.102499
35.361011,33,14577.736214
-44.7,18,14578.073299
-35.27,36,14578.706553
-45.68,20,14579.062052
-40.76,19,14579.439818
-32.59,38,14580.320428
-41.83,23,14580.85925
-38.87,31,14581.4836
-41.84,34,14582.226283
-32.12,31,14582.9446
32.042222,43,14586.073479
-35.37,36,14586.699054
-41.09,33,14587.311149
-43.04,22,14587.760749
37.351064,34,14588.482238
-40.9,23,14589.026361
-35.65,29,14589.63335
-37.59,31,14590.270992
37.976458,41,14590.958287
-41.57,32,14591.554602
-38.39,31,14592.137853
-44.44,29,14592.636019
-32.15,37,14593.356016
-39.0,19,14593.710254
-35.77,23,14594.177558
-41.72,33,14594.822349
35.020299,25,14597.457886
-32.22,28,14597.984003
-37.82,25,14598.437237
35.219444,43,14599.177474
-38.18,27,14599.805822
-41.22,26,14600.488704
-33.0,45,14601.444574
-41.18,26,14601.970998
32.455285,26,14602.515574
-32.69,31,14603.118056
32.38255,29,14603.58355
-40.56,30,14604.071656
-38.21,30,14604.628236
38.726542,29,14605.29885
38.18107,26,14605.927967
-35.29,32,14606.583201
-35.32,31,14607.183927
-35.61,26,14610.062487
-35.5,41,14610.809703
35.298755,28,14611.553631
-35.66,21,14611.933235
32.501832,30,14612.444459
-38.46,31,14613.078007
-41.33,25,14613.572014
-35.07,26,14614.028052
-35.91,30,14614.602252
-38.53,31,14615.233747
-44.36,23,14615.619116
-37.91,24,14616.030488
-38.26,33,14616.554253
-38.83,32,14617.093691
32.062257,35,14617.714703
-34.95,85,14619.403608
-43.86,22,14622.190071
38.027248,30,14622.784834
-41.41,21,14623.091305
37.202121,23,14623.493616
-44.37,36,14624.05515
37.349659,29,14624.544499
-38.64,25,14625.171409
-35.24,40,14625.957185
-38.67,22,14626.408158
-41.82,23,14626.873352
-36.0,29,14627.438676
-32.34,33,14628.012984
-35.97,32,14628.540964
-34.3,31,14629.064689
-41.78,24,14629.505328
-35.67,27,14630.029085
32.957031,57,14631.2798
-44.27,23,14631.752459
-32.23,28,14634.728743
-41.59,22,14635.175781
-33.0,36,14635.817448
-34.87,38,14636.442576
-41.29,21,14636.813075
-38.38,27,14637.242532
-40.27,27,14638.107928
-41.97,22,14638.551206
-32.45,29,14639.160614
-41.03,28,14640.021907
35.60076,24,14640.446688
40.669355,26,14640.917004
35.04878,26,14641.36527
-39.0,30,14641.880472
35.4,26,14642.487706
-34.07,42,14643.341036
35.141826,35,14644.120486
40.97971,19,14644.569344
-42.0,23,14647.254707
-41.2,29,14647.818841
-35.09,31,14648.420181
-41.06,32,14649.034963
36.0,28,14649.536277
-40.24,27,14650.099931
-41.28,22,14650.449458
-41.38,19,14650.855414
-42.0,22,14651.504065
-36.0,37,14652.359555
-38.74,24,14652.806238
35.650641,35,14653.447199
-35.71,25,14653.918235
-42.0,36,14654.518092
37.422077,25,14655.051321
32.056,34,14655.727597
-42.0,21,14656.199876
-41.52,31,14656.981274
-41.64,19,14660.307967
-41.0,32,14660.988543
35.000282,29,14661.574455
32.825328,29,14662.182019
-41.88,22,14662.542061
35.068966,25,14663.325884
-35.25,28,14663.748909
-44.09,21,14664.104293
-43.46,25,14664.656005
32.517241,38,14665.55023
-35.35,36,14666.234191
-40.73,28,14666.690563
-32.5,29,14667.244572
-38.72,23,14667.622804
32.410256,30,14668.151141
-32.35,30,14668.749248
-36.0,25,14669.214652
-44.52,25,14669.744117
-41.06,24,14670.220623
-39.0,48,14673.51332
-38.53,26,14674.061452
-35.72,23,14674.635087
-41.31,23,14675.047035
-40.79,38,14675.724044
-38.65,31,14676.264766
-35.45,26,14676.731203
-36.0,24,14677.25934
32.855422,36,14678.019879
-38.14,29,14678.834621
-44.19,16,14679.153816
-40.95,22,14679.539117
-35.7,26,14680.052517
-41.16,37,14680.739177
-35.78,28,14681.2946
32.129825,50,14682.30686
-41.8,34,14683.132574
-41.5,20,14685.896433
-35.25,24,14686.463056
-38.87,23,14686.948792
-38.12,24,14687.467475
-41.68,30,14688.063432
-43.54,21,14688.455984
-41.2,25,14689.027762
-37.78,29,14689.503565
-41.6,20,14689.877228
-37.08,34,14690.459287
-35.88,23,14690.94992
-45.0,34,14691.606917
-41.52,26,14692.549953
33.0,25,14693.102466
-38.62,24,14693.618659
-38.83,26,14694.237012
-41.6,30,14694.968405
35.876374,23,14695.363959
34.974994,25,14695.865047
33.0,29,14696.35375
-41.49,24,14698.929682
-38.47,31,14699.521667
-35.64,23,14699.967336
-44.0,28,14700.511578
-42.0,26,14701.014399
34.403984,29,14701.616981
-32.22,30,14702.207583
-43.02,23,14703.052278
-41.81,18,14703.403192
35.599989,37,14704.098203
-38.46,26,14704.582104
-41.08,30,14705.303725
36.0,29,14705.815198
35.234043,37,14706.452609
-38.35,37,14707.203777
-44.12,17,14707.570179
-47.99,17,14707.901352
-41.71,28,14708.418929
-44.56,23,14708.87994
-41.87,21,14711.525856
-32.8,35,14712.26844
-38.91,33,14712.918046
-41.49,34,14713.542296
-40.86,21,14713.997501
-36.13,34,14714.564519
-38.3,27,14714.98597
-38.74,25,14715.353517
-41.47,42,14716.005347
-41.09,31,14716.464633
-41.71,19,14716.816382
-42.0,27,14717.266667
-41.76,22,14717.615212
-40.83,24,14718.055236
-37.57,28,14718.525648
-43.55,30,14719.304942
33.0,35,14719.99894
-38.14,28,14722.876011
-32.36,33,14723.583158
-41.23,33,14724.195583
-41.8,24,14724.702296
-41.85,20,14725.094575
-38.25,31,14725.677712
-35.38,52,14726.63768
38.529915,35,14727.235543
-35.15,24,14727.63477
-40.81,29,14728.110786
-44.69,28,14728.607161
-38.07,34,14729.192163
-35.39,37,14729.848372
33.0,26,14730.321472
-34.39,35,14731.346875
-36.0,29,14732.041334
-35.68,29,14732.682647
31.547297,30,14735.582223
-40.64,33,14736.180797
-39.0,38,14737.042238
-32.39,38,14737.83297
-41.52,39,14738.603194
-32.82,34,14739.292818
-47.35,23,14739.768274
-38.47,23,14740.211691
32.256098,30,14740.740476
-44.57,32,14741.247843
-41.19,28,14741.695513
-41.55,26,14742.151968
35.198413,26,14742.645518
-38.05,32,14743.303381
-38.9,34,14743.978577
-35.51,31,14744.862168
-41.57,25,14745.316414
-38.06,28,14747.960886
-35.16,22,14748.35679
41.875472,39,14749.15874
35.417241,25,14749.644743
-32.24,38,14750.376364
-37.57,24,14750.945646
32.182131,28,14751.456086
32.053232,37,14752.224222
-33.0,27,14752.672523
-38.84,26,14753.088664
-42.0,28,14753.549791
32.275472,34,14754.181841
-43.82,25,14754.658333
-33.0,29,14755.222331
-44.25,25,14755.677196
-41.03,26,14756.12757
34.681225,22,14756.564232
-38.74,29,14757.315734
35.711921,25,14759.917041
-44.04,26,14760.420005
-35.04,55,14761.501392
-44.16,27,14762.034006
-35.18,26,14762.523385
-41.41,60,14763.704931
-41.87,26,14764.182148
-35.91,37,14764.701788
-44.03,43,14765.588641
37.980518,33,14766.063023
38.901639,26,14766.47002
-41.23,21,14766.776692
-38.13,26,14767.178033
-36.0,33,14767.787845
-35.37,28,14768.283589
-38.52,25,14771.009868
37.183046,24,14771.527024
-36.0,30,14772.180689
38.620833,25,14772.715896
-42.0,22,14773.211002
-39.0,26,14773.742068
-38.13,24,14774.240163
-41.58,19,14774.628077
39.0,22,14775.087286
-41.67,25,14775.591044
-41.06,26,14776.119028
-40.86,28,14776.645236
-32.81,30,14777.220161
-33.0,32,14777.763701
-39.0,26,14778.106124
-32.8,30,14778.504607
-38.65,25,14778.885186
-38.3,26,14779.24418
-35.42,26,14779.687522
-38.68,25,14780.154323
35.03125,26,14782.917495
-41.8,19,14783.63813
33.0,33,14784.332232
37.765292,27,14784.951948
-41.18,29,14785.57026
-37.78,29,14786.15418
35.161194,25,14786.622394
-41.29,23,14786.890709
35.562963,26,14787.176427
-42.58,28,14787.616611
-38.23,25,14788.444875
-44.91,18,14788.796458
-38.03,24,14789.204892
-33.0,26,14789.75252
-40.87,31,14790.291519
35.351415,47,14791.107205
-35.37,32,14791.636255
-35.63,22,14791.982675
36.972347,62,14795.235271
-38.16,37,14795.975785
-35.24,33,14796.768649
-41.57,24,14797.258231
-39.0,27,14797.791841
-41.25,27,14798.322067
-32.79,32,14798.948638
-41.22,21,14799.346059
38.047079,23,14799.790097
-38.87,37,14800.407755
-41.88,28,14801.450106
-32.32,30,14802.01215
-44.34,25,14802.519002
-35.81,31,14803.024603
-40.79,27,14803.678441
-35.88,32,14804.304243
-40.95,26,14804.733905
-32.41,28,14805.193288
34.345679,30,14807.649632
-35.0,28,14808.16811
-41.64,27,14808.6806
35.666667,26,14809.296811
-35.32,26,14809.886668
-40.85,26,14810.431101
-33.0,35,14811.122009
-35.67,32,14811.723692
-42.0,45,14812.63179
-40.53,29,14813.241858
-44.52,38,14813.993662
-41.02,21,14814.447208
-44.8,27,14814.938624
-38.49,25,14815.388992
-33.0,29,14815.864794
30.0,21,14816.221924
37.343921,28,14816.665377
-33.0,27,14819.167039
-39.0,72,14820.523068
-47.27,20,14820.952221
-38.95,33,14821.628247
-36.0,25,14822.304994
33.0,36,14823.2962
37.534247,22,14824.039884
35.6,23,14824.507733
-41.8,32,14825.25773
-35.81,32,14825.884041
-38.45,31,14826.462312
-44.27,22,14826.897418
-41.34,21,14827.227239
-41.5,19,14827.591816
-35.8,30,14828.09117
-32.7,36,14828.697277
-45.0,24,14829.094525
-38.27,22,14829.430018
-41.58,29,14832.167445
-43.93,26,14832.636188
-38.53,26,14833.175117
-35.53,27,14833.742304
-35.1,35,14834.498894
-41.89,25,14835.156104
32.802281,43,14835.950232
32.011628,33,14836.582386
-36.0,33,14837.19045
-41.7,21,14837.607548
-35.39,26,14838.111817
37.890662,21,14838.503505
34.745126,26,14838.954403
-42.0,31,14839.440172
-41.51,22,14839.794197
-40.97,33,14840.358957
-35.89,24,14840.788128
-41.76,23,14841.18024
-41.29,36,14843.911062
-38.15,31,14844.546587
-41.32,25,14845.041263
-41.67,25,14845.577479
32.55665,28,14846.116738
-43.66,24,14846.587435
-38.47,30,14847.380871
-38.69,29,14847.971434
-41.54,25,14849.184937
-38.47,31,14849.775235
34.608842,38,14850.430786
-45.0,81,14851.820347
-38.72,26,14852.532727
33.0,46,14853.498647
-38.21,23,14853.889664
32.275472,38,14857.334582
-35.73,31,14857.966416
-40.78,21,14858.354352
-38.82,28,14858.904407
-33.0,23,14859.362149
-35.53,24,14859.799715
-37.41,115,14862.176691
-38.22,20,14862.64409
-41.12,28,14863.136836
-38.26,20,14863.508286
-41.16,16,14863.797302
-39.0,32,14864.346901
-44.54,30,14864.8999
-35.16,28,14865.437021
-42.0,18,14865.886455
-35.24,22,14866.266659
32.03876,27,14866.71234
35.166052,25,14869.176542
32.80212,28,14869.729207
41.195918,19,14870.106462
32.902527,31,14870.682565
-38.09,26,14871.188068
-41.23,33,14871.846841
-32.88,29,14872.458899
-41.91,36,14873.423858
-41.31,24,14873.91822
-47.14,20,14874.294106
-38.98,21,14874.709337
-38.11,52,14875.636531
33.0,30,14876.174649
-41.89,22,14876.602381
38.262963,23,14877.014493
-36.0,24,14877.46688
-43.77,19,14877.854992
-38.99,24,14878.344283
35.737903,22,14878.752609
-33.0,29,14881.289104
-32.32,40,14882.041759
-38.07,23,14882.514573
-35.81,31,14883.152882
-40.53,24,14883.622483
-38.51,33,14884.277944
-36.0,24,14884.724127
-36.0,32,14885.179853
-33.0,35,14886.094298
37.699391,30,14886.723046
37.371703,24,14887.139746
-41.88,31,14887.635251
-41.17,25,14888.069947
-35.15,20,14888.428767
42.0,21,14888.786189
-35.15,33,14889.49555
-42.0,22,14889.964211
-40.94,24,14890.435135
38.756364,25,14890.957442
32.825926,39,14893.840279
-41.37,25,14894.32634
-39.0,30,14894.9944
-42.0,28,14895.559041
-41.2,26,14896.054369
-41.45,22,14896.453308
-43.91,26,14896.923196
-38.33,27,14897.452638
-41.09,28,14898.031773
-38.56,19,14898.491209
-32.27,30,14899.178458
-44.37,19,14899.505752
-41.51,25,14899.981939
-39.0,43,14900.773716
40.365685,22,14901.136204
-38.3,22,14901.572465
-35.24,31,14902.329809
-34.79,35,14903.154869
-41.09,31,14905.987458
-42.0,27,14906.539361
-40.9,31,14907.150478
-43.7,19,14907.578905
-38.59,22,14908.053407
-35.15,31,14908.668083
-39.0,21,14909.084177
-41.46,23,14909.578032
-41.47,39,14910.452594
-38.57,39,14911.267984
-41.28,24,14911.777024
-40.63,28,14912.323887
-42.0,27,14913.103103
38.149635,31,14913.70352
-32.56,24,14914.160991
32.222628,39,14914.947772
35.482014,29,14915.529494
-44.6,25,14916.063431
-41.21,23,14916.520744
-41.37,28,14919.203675
-37.83,33,14919.830059
-43.2,27,14920.39335
33.0,27,14920.976701
-32.03,31,14921.587639
-35.46,32,14922.326401
-38.8,32,14923.017084
-38.81,23,14923.531696
-40.45,21,14923.942213
-39.0,32,14924.637963
-38.61,33,14925.443714
-40.13,33,14926.185039
-43.8,20,14926.553064
35.216606,29,14927.128226
32.767528,45,14928.039942
-44.3,30,14928.647651
-39.89,30,14929.338125
32.404834,29,14932.168799
-42.0,37,14932.870316
-40.44,27,14933.395172
32.713816,23,14933.880168
-35.08,28,14934.95383
-32.69,32,14935.670299
-44.31,28,14936.256155
-44.35,14,14936.549537
44.510385,19,14936.954761
-43.89,19,14937.390958
-36.0,29,14937.922776
32.154676,26,14938.368306
-43.98,22,14938.730266
-41.54,26,14939.20278
38.241259,26,14939.653812
-42.0,22,14940.215422
37.878985,28,14940.972982
32.623656,43,14941.864138
34.932733,33,14942.62557
-41.85,28,14945.389068
-35.84,35,14945.97546
-39.0,34,14946.777876
-39.0,28,14947.362993
-38.71,25,14947.87631
-35.35,31,14948.577421
-42.0,78,14950.184261
-32.41,38,14950.844965
-43.65,25,14951.333192
-35.12,26,14951.817582
-41.28,30,14952.394627
-41.73,22,14952.793851
-42.0,21,14953.306165
-38.13,24,14954.053248
-41.51,26,14954.613846
35.013308,31,14955.257165
-44.24,22,14958.057625
32.794574,37,14958.718036
-41.59,21,14959.105994
-42.0,19,14959.471427
33.0,29,14960.072715
32.902878,28,14960.609252
-47.18,17,14960.934106
-41.61,36,14961.675671
-44.75,22,14962.128075
35.521127,30,14962.762158
-37.8,34,14963.462334
-41.46,23,14963.954196
-32.99,29,14964.477711
-35.62,24,14964.911385
-41.32,19,14965.387647
-44.35,25,14965.848074
-35.77,38,14966.775556
-44.09,17,14967.123971
-35.66,26,14967.673611
-32.91,28,14968.277734
-41.68,22,14970.959699
-38.72,32,14971.547192
-35.38,22,14971.909606
-44.12,26,14972.387508
-38.98,27,14972.919607
38.268293,32,14973.636448
-44.41,22,14974.07464
-44.42,15,14974.40735
-39.0,25,14974.885762
-43.71,34,14975.668447
35.857616,43,14976.441799
-35.2,27,14976.960849
-38.41,29,14977.487483
-41.43,25,14977.910456
-47.42,19,14978.225841
33.0,35,14978.932296
-40.88,32,14979.640134
-38.56,23,14980.09213
-36.0,27,14980.660249
-32.67,33,14983.729937
-33.0,28,14984.265874
-39.0,34,14984.831442
-45.0,24,14985.300708
35.53252,32,14985.855454
-44.18,22,14986.284977
-41.19,32,14986.971526
36.0,23,14987.520901
-40.93,26,14988.06522
-43.12,25,14988.57028
-38.88,27,14989.000386
-37.98,41,14989.751332
-41.91,20,14990.11774
-39.37,23,14990.576482
41.063973,21,14991.002887
-45.0,27,14991.612804
-38.36,35,14992.364184
-35.94,41,14993.469006
-35.71,36,14996.420321
-43.98,30,14996.987961
-36.0,26,14997.390756
-33.0,34,14998.051722
38.018248,20,14998.390527
-32.08,32,14998.939595
-41.92,23,14999.379929
-44.7,25,14999.878426
-34.4,27,15000.487727
44.165468,17,15000.785655
-35.76,33,15001.497152
-44.03,26,15002.168768
-40.94,24,15002.592853
38.019608,24,15003.026665
-44.58,30,15003.538053
-38.85,34,15004.176457
-35.4,24,15004.602994
-40.62,51,15007.929121
32.403042,41,15009.009614
-44.08,16,15009.359076
-47.07,28,15009.924717
35.494444,29,15010.503006
-44.31,21,15010.890667
-41.52,41,15011.563579
-40.57,32,15012.156162
34.315655,27,15012.643961
-44.35,19,15013.078173
-44.14,25,15013.603394
-39.0,32,15014.258243
-41.05,30,15014.797291
-35.69,27,15015.280845
-35.48,27,15015.720098
38.088948,23,15016.697138
-42.0,22,15017.163561
-36.0,33,15017.838164
38.054487,30,15018.462315
-41.39,23,15021.261373
-39.0,23,15021.759004
-42.0,23,15022.237246
-41.53,35,15023.188347
-41.12,26,15023.7208
-38.56,26,15024.21325
32.7393,29,15024.728187
-38.87,31,15025.271959
-38.67,19,15025.611574
-35.78,23,15026.002695
-31.99,28,15026.600167
-41.66,45,15027.490553
-40.59,27,15027.968611
-40.55,30,15028.489865
-33.0,25,15028.939565
-35.45,28,15029.479185
-38.82,40,15030.315717
-38.33,26,15030.866637
-41.71,22,15033.44798
-45.0,31,15034.032196
-41.41,32,15034.622461
-41.33,44,15035.558429
-35.75,27,15036.10023
-39.0,32,15036.67786
32.100402,32,15037.219831
37.935949,27,15037.689301
-42.0,21,15038.01661
35.669935,29,15038.564471
-45.0,22,15039.00659
-42.0,21,15039.340225
-41.81,27,15039.788641
-41.48,31,15040.268409
-38.36,25,15040.6766
35.284768,31,15041.307829
46.590253,23,15041.761911
34.849293,32,15042.459001
-41.9,29,15045.095917
32.638132,41,15045.972143
41.388889,18,15046.320704
-38.21,45,15047.476271
35.5,30,15048.077874
-44.59,23,15048.833838
-34.94,30,15049.424874
-41.7,26,15049.895177
-35.33,35,15050.507297
-44.58,26,15050.938147
-41.72,23,15051.352753
-40.97,28,15051.844084
-36.0,31,15052.479827
35.83125,34,15053.112518
-44.48,23,15053.592843
-43.91,24,15054.029832
-35.94,26,15054.461789
-39.0,31,15055.061096
-38.16,20,15057.636245
-33.0,26,15058.10959
-38.06,29,15058.64755
-42.0,30,15059.253785
-41.64,21,15059.643834
-41.55,22,15059.995749
-38.78,24,15060.412212
35.178683,33,15061.155189
32.202381,34,15061.72765
35.061818,22,15062.065642
-38.22,24,15062.470997
-44.07,17,15062.711272
-42.0,25,15063.111222
-38.26,34,15063.667862
-42.0,26,15064.056876
-39.98,67,15065.263421
-41.87,27,15065.876651
-38.8,27,15066.413843
35.841897,30,15069.317244
-32.77,41,15070.121548
-35.63,35,15070.787593
-41.05,31,15071.339486
-32.04,31,15071.924403
-38.47,24,15072.47366
35.482338,53,15073.936653
32.262548,28,15074.421221
-45.0,21,15074.796789
-44.43,21,15075.139887
-35.3,67,15076.197742
-40.55,24,15076.619629
-39.88,27,15077.116009
-35.11,27,15077.616576
38.708487,27,15078.116051
38.778523,26,15078.693278
30.0,30,15081.644264
-35.2,28,15082.247899
-41.17,24,15082.681164
-44.99,36,15083.432677
-41.74,23,15084.151401
-35.84,30,15084.746183
-36.0,31,15085.428368
32.223022,34,15086.144936
-38.32,32,15086.748299
-42.0,34,15087.527206
-34.63,24,15088.03191
31.566421,41,15088.663388
32.5,43,15089.361307
-44.05,22,15089.733488
-32.61,30,15090.264735
32.580292,35,15090.866151
-44.4,23,15093.529369
-35.56,28,15094.071676
-43.73,23,15094.52339
-44.07,28,15095.078383
-41.91,22,15095.51434
-42.0,26,15096.017323
-44.08,26,15096.50781
-41.26,24,15096.997774
-45.0,23,15097.460743
35.580128,27,15097.832371
-32.45,33,15098.413946
-35.19,40,15099.42328
-32.44,52,15100.418418
-33.0,28,15100.984081
-38.35,31,15101.488198
-42.0,22,15101.79554
-40.71,20,15102.132453
-33.0,29,15102.612094
-35.71,30,15105.41479
-40.56,27,15106.012104
-41.06,28,15106.568476
-38.5,25,15107.072859
-41.28,34,15107.985909
-44.46,26,15108.643675
-41.75,21,15109.04636
34.736765,26,15109.594012
-44.77,25,15110.115374
-38.41,33,15110.725583
-35.23,36,15111.377432
-33.0,27,15111.867576
-34.92,35,15112.519618
-38.25,33,15113.032591
32.368231,26,15113.396153
-44.78,21,15113.824762
-39.0,24,15114.261227
35.45146,32,15114.751425
-32.77,28,15115.240852
-41.78,20,15117.962718
-44.4,23,15118.40984
-38.34,34,15119.013431
-36.0,26,15119.484485
-40.75,32,15120.377677
-41.76,21,15120.741773
34.888709,29,15121.256742
-38.26,23,15121.711019
-38.6,26,15122.200886
34.851749,30,15122.750675
-40.91,26,15123.251965
-46.99,19,15123.634297
-41.52,22,15124.023705
-41.15,25,15124.699576
-44.82,22,15125.1859
-43.53,16,15125.471393
37.26013,32,15125.925699
-35.19,26,15126.310786
-45.0,20,15126.630607
-38.56,24,15127.056461
-41.76,22,15129.631462
-38.88,22,15130.057958
-35.49,31,15130.480255
-42.0,32,15130.847019
-35.89,34,15131.431686
-31.83,30,15132.025389
-38.5,33,15132.659311
-32.27,42,15133.427613
35.423913,21,15133.839182
-32.15,36,15134.472201
-34.65,28,15134.987747
-44.55,25,15135.487267
-41.12,28,15136.010283
-36.0,26,15136.536999
-35.64,37,15137.322175
35.317881,29,15137.846195
-35.5,34,15138.403839
-32.22,34,15141.133586
-38.07,31,15141.8966
32.757576,25,15142.405111
33.0,34,15143.142393
38.9,35,15143.823752
-38.05,24,15144.302648
35.5,34,15144.936922
-41.19,28,15145.522735
-40.64,24,15146.025332
35.305714,26,15146.525187
-38.79,23,15146.979898
-35.65,27,15147.497469
37.450241,27,15148.028608
36.0,25,15148.486148
-38.23,24,15148.978801
-38.25,26,15149.524622
-44.81,22,15149.899536
-41.56,23,15150.306711
-32.21,38,15151.114669
-44.3,36,15153.87583
36.773871,40,15154.655958
-41.4,24,15155.130113
-44.51,21,15155.553538
-36.0,32,15156.315303
38.866667,31,15156.89218
-32.41,37,15157.625411
-32.59,31,15158.221028
-44.72,47,15159.12007
-35.6,35,15159.792382
32.68231,31,15160.413211
-43.95,19,15160.776646
-46.84,20,15161.158352
-40.81,27,15161.642652
-38.9,45,15162.3554
-42.82,24,15162.733167
-32.9,27,15165.233748
32.672932,37,15165.840322
-32.8,29,15166.514581
-41.15,28,15167.19782
34.954726,31,15167.836574
-39.0,69,15169.212105
-41.14,37,15169.903801
32.267606,43,15170.779985
32.105691,27,15171.39557
-40.76,23,15171.804206
-32.47,50,15172.729471
35.749164,26,15173.242049
-38.21,22,15173.619305
-43.68,20,15173.981124
32.876161,26,15174.431162
-41.68,19,15174.742385
-41.65,24,15177.490194
-35.89,25,15177.899385
42.0,23,15178.33132
-38.2,28,15178.878638
-39.67,30,15179.475714
37.509431,33,15180.177465
-38.91,31,15180.786314
-34.47,43,15181.580386
-37.67,26,15182.06647
-39.0,25,15182.535046
-44.19,23,15182.979109
-44.19,20,15183.3176
-35.57,30,15183.997738
-40.55,27,15184.516237
-43.1,40,15185.261793
37.422231,28,15185.745461
-35.79,34,15186.331893
-47.24,18,15186.638526
41.285773,22,15189.20649
38.240602,25,15189.651516
-41.71,22,15190.046437
37.87752,26,15190.526801
-48.0,12,15190.729168
-33.0,39,15191.465374
-38.73,32,15192.070255
-43.56,23,15192.72293
-36.0,31,15193.411891
-39.0,29,15193.937068
-41.21,24,15194.422991
-35.16,33,15195.014269
36.629944,38,15195.762861
-38.67,32,15196.426739
-38.24,25,15196.923714
-37.85,40,15197.674832
-33.0,31,15198.19743
44.106654,21,15198.577585
32.266667,36,15201.372545
-36.0,24,15201.905147
-33.0,33,15202.668452
-35.84,33,15203.237344
-47.56,23,15203.623309
36.0,26,15204.037424
-39.0,32,15204.614459
-41.06,27,15205.134751
-35.5,25,15205.609094
-38.53,33,15206.293473
31.830827,30,15206.918854
-46.27,24,15207.368093
-37.68,32,15208.141247
-38.91,22,15208.602092
-44.22,23,15209.039747
-39.0,24,15209.473282
-39.0,28,15209.987068
-32.49,41,15210.628816
-38.47,37,15213.201771
-32.88,29,15213.839065
-38.48,28,15214.354607
-38.73,24,15214.767908
-38.38,124,15216.800051
-32.14,27,15217.313457
-41.77,25,15217.794097
-32.4,36,15218.469679
-43.64,17,15218.832432
-44.54,31,15219.696655
-39.0,22,15220.095732
-32.33,28,15220.70684
-38.1,29,15221.281977
-39.0,24,15221.698758
-44.5,21,15222.070909
32.105691,29,15222.570221
-35.22,26,15225.105211
-44.62,24,15225.553836
-35.5,63,15226.733836
-38.59,34,15227.533697
-38.5,24,15227.953142
-32.91,30,15228.744252
-38.86,24,15229.16113
-41.26,19,15229.532727
-41.16,22,15229.8836
-38.03,43,15231.301315
-43.31,21,15231.677454
-43.64,22,15232.09088
-41.13,29,15232.797356
-41.47,29,15233.378765
-32.07,27,15233.913715
-38.63,25,15234.40684
-38.08,40,15235.120138
-38.1,28,15237.720061
-44.96,33,15238.351723
-38.11,26,15238.845452
-32.4,35,15239.418761
36.898246,40,15240.079163
37.920516,30,15240.590365
-38.69,28,15241.271488
-40.01,25,15241.769143
-38.61,23,15242.258849
35.470356,24,15242.747845
-35.21,30,15243.334874
-39.0,20,15243.673362
35.274443,31,15244.267506
-32.6,26,15244.732806
-32.26,29,15245.526111
-32.62,32,15246.108151
-38.79,30,15246.711654
35.187097,29,15247.149083
-40.66,33,15249.951911
-40.75,19,15250.38486
36.0,29,15250.918106
-45.0,26,15251.425419
-37.57,30,15251.902028
-38.27,27,15252.302913
35.351141,26,15252.751491
-41.8,28,15253.393816
-37.93,37,15254.138446
35.810606,27,15254.809391
-35.37,29,15255.321139
-37.92,31,15255.926044
-44.91,20,15256.281424
-44.69,21,15256.702615
-39.0,23,15257.189692
-41.05,24,15257.658407
-35.23,96,15261.457709
-39.0,30,15262.017782
38.837288,27,15262.483066
-32.19,29,15263.071278
-41.41,28,15263.528385
-41.71,19,15263.853808
-41.14,30,15264.34141
-44.77,24,15264.734371
33.0,30,15265.60974
-38.02,40,15266.478562
-38.68,23,15266.957637
35.539519,42,15267.838928
-35.75,39,15268.651666
-35.81,34,15269.357923
-41.39,30,15269.937907
-35.56,27,15270.436945
-44.27,32,15271.288182
-35.25,38,15274.01864
-42.0,61,15275.176257
35.206897,24,15275.560002
-38.52,29,15276.009059
-43.86,28,15276.469149
-41.63,23,15276.84667
-41.04,25,15277.244065
-39.0,24,15277.6243
35.777778,29,15278.890286
-41.05,24,15279.357804
-44.47,17,15279.717214
-43.6,24,15280.387791
-33.0,30,15281.019088
35.902098,23,15281.495966
35.339564,23,15281.941397
-36.63,29,15282.460254
-35.36,38,15283.29669
34.502331,27,15283.916215
-38.36,34,15286.579911
-32.31,39,15287.368443
-45.0,22,15287.771323
-30.0,28,15288.296651
-38.97,21,15288.638884
38.495935,34,15289.261661
-35.78,25,15289.761664
-39.0,28,15290.315677
-39.0,39,15291.126035
-38.54,33,15291.785635
-36.0,31,15292.366957
-44.72,22,15292.775103
-38.15,26,15293.236574
-33.0,46,15294.082365
-39.0,37,15294.782711
-36.0,64,15298.099053
-44.76,49,15299.259098
-44.55,26,15299.726278
-44.45,34,15300.273004
-41.27,25,15300.729727
-41.94,22,15301.057122
-42.0,23,15301.460959
-34.66,32,15302.042242
35.817881,31,15302.725882
-37.98,32,15303.290184
-35.72,31,15303.839133
-47.38,13,15304.076952
-43.57,34,15304.703709
37.766649,31,15305.252062
-35.03,26,15305.942937
-36.0,28,15306.515408
-36.0,28,15307.085576
-41.09,46,15310.230092
-35.75,29,15310.73697
-38.35,40,15311.527047
37.81164,32,15312.17506
-32.71,31,15312.706145
-35.88,26,15313.13316
-38.51,23,15313.475927
-38.62,24,15313.880662
-38.58,27,15314.319923
-32.75,36,15314.995671
-38.71,22,15315.407001
-32.29,45,15316.249295
-41.67,23,15316.644233
-36.0,31,15317.277866
32.676806,32,15317.94038
-35.55,28,15318.465466
-44.16,22,15318.896138
-41.13,23,15319.372643
-38.12,24,15322.001971
-42.0,36,15322.619553
32.875502,36,15323.315274
33.0,39,15324.255495
-38.47,22,15324.715788
-38.9,32,15325.203737
-41.91,27,15325.626569
-41.0,29,15326.073037
-38.33,25,15326.460551
-38.34,30,15327.080973
-35.86,29,15327.583894
-42.0,25,15328.055115
-33.0,36,15328.787437
-37.96,27,15329.361519
-38.16,29,15329.898049
-41.32,24,15330.346243
-41.27,23,15330.807616
40.425274,20,15331.475013
-37.93,24,15334.043995
-41.71,29,15334.542064
-44.88,37,15335.238762
31.620833,29,15335.823086
-31.78,35,15336.470379
-42.0,22,15336.882172
-35.91,34,15337.49484
-39.67,38,15338.110509
-35.81,30,15338.642726
-47.16,20,15338.983385
-37.94,28,15339.480286
32.202381,34,15340.212999
-41.03,26,15340.686788
33.0,26,15341.186586
32.092466,34,15341.799812
-42.0,28,15342.362731
-47.08,28,15343.539741
-30.0,28,15346.139768
-35.45,28,15346.603079
41.521127,17,15346.924542
-37.33,28,15347.48735
-37.98,31,15348.094733
-32.58,33,15348.718775
-38.91,21,15349.096518
-32.3,29,15349.677207
-36.0,26,15350.13334
-33.0,51,15351.212498
-44.18,31,15351.763317
34.626466,28,15352.308388
-38.21,27,15352.827201
-38.18,33,15353.5055
-43.02,20,15353.859993
33.0,23,15354.367244
-35.32,26,15355.054778
-44.9,32,15355.744234
-38.89,24,15356.23041
-35.12,28,15358.944773
34.127264,22,15359.402754
30.0,31,15360.487105
-38.53,25,15361.119108
-36.0,30,15361.627641
-32.19,34,15362.247332
32.359375,28,15362.689007
-38.28,27,15363.111817
-32.43,50,15363.89553
-38.67,29,15364.399494
-39.0,26,15364.803498
-38.54,28,15365.309076
-36.0,28,15365.849343
-38.12,32,15366.476758
-38.74,28,15367.012307
-39.0,37,15367.690732
-32.81,45,15370.784951
-41.91,33,15371.427935
-38.01,31,15372.098305
38.710623,20,15372.468108
-32.66,27,15373.002818
30.0,30,15373.583706
-47.35,28,15374.092306
32.105634,32,15374.591283
-41.37,32,15375.084658
-42.0,92,15376.979142
-41.17,24,15377.422637
-35.3,35,15378.152226
-35.95,28,15378.738921
-38.27,28,15379.314362
-36.0,34,15380.016436
-41.03,25,15382.688573
-31.83,29,15383.159109
-32.44,36,15383.882951
-35.16,29,15384.444839
-38.61,24,15385.09108
-35.91,25,15385.596029
-35.02,30,15386.319092
-38.7,26,15386.855361
-41.18,31,15387.501131
-40.93,31,15388.15266
-39.0,26,15388.712011
-32.74,30,15389.673811
-42.86,23,15390.141283
-35.16,28,15390.753771
-40.89,26,15391.408694
-33.0,26,15392.053509
-36.0,27,15392.665751
-35.27,28,15393.308807
35.177122,34,15394.007539
-32.71,28,15396.713286
32.744526,28,15397.22873
-38.94,26,15397.822681
-40.28,32,15398.508033
-35.06,32,15399.283111
-41.41,18,15399.797349
-38.34,30,15400.392562
-44.79,23,15400.786586
-44.39,27,15401.378211
-38.01,31,15401.976495
33.0,26,15402.439597
-41.55,28,15402.963616
-39.0,27,15403.551111
-32.91,32,15404.469394
-35.83,25,15404.97432
35.233962,29,15405.590589
32.183646,29,15406.269133
-38.09,27,15406.826269
-36.0,36,15409.521011
-35.26,28,15410.168566
-40.89,24,15410.659621
-40.55,28,15411.136456
-33.0,37,15412.006963
-35.38,42,15412.944562
-41.57,26,15413.399163
-32.29,32,15413.913782
-38.02,28,15414.327409
-44.13,21,15414.691208
-35.22,30,15415.230491
-38.4,27,15415.720024
-44.7,23,15416.107742
-41.56,18,15416.424215
-32.5,30,15416.975049
-32.13,34,15417.796243
34.02069,31,15418.560626
-36.0,32,15419.326745
-38.73,27,15422.166946
-35.43,23,15422.684139
-38.57,26,15423.232093
-35.94,32,15423.884054
-32.18,31,15424.553123
-32.65,34,15425.320433
35.370405,27,15425.885074
-39.0,27,15426.49548
32.057915,38,15427.240358
35.527841,29,15427.93695
33.0,32,15428.61481
32.782334,29,15429.139582
38.362332,29,15429.912714
33.0,24,15430.417408
-41.02,20,15430.888959
35.266026,44,15432.078637
-35.53,33,15432.840587
-41.61,19,15435.409184
-45.0,22,15435.835859
-36.0,29,15436.489657
38.275862,23,15436.989192
-40.97,36,15437.735175
32.806122,29,15438.358717
-41.72,68,15439.717253
-38.81,27,15440.289772
38.401747,19,15440.677366
-44.82,27,15441.410927
38.90146,21,15441.963326
35.721154,33,15442.556153
-32.43,53,15443.728343
-43.6,19,15444.182865
-40.95,23,15444.706878
-44.05,23,15445.205506
-39.94,27,15445.759727
-38.09,28,15448.583287
-38.78,28,15449.251632
-37.15,27,15449.829232
-38.49,25,15450.381716
-35.44,29,15450.920668
-36.0,29,15451.572384
-35.44,23,15452.071568
-42.0,19,15452.507102
-41.88,23,15453.001968
-35.23,33,15453.613905
-33.0,38,15454.349401
35.346049,33,15455.01235
-37.44,27,15455.464333
-44.58,29,15456.013554
-45.0,27,15456.528031
-38.05,30,15457.213237
-40.58,28,15457.716228
-39.0,29,15458.368445
-41.4,27,15458.975102
-42.0,21,15461.536014
-38.38,23,15462.03416
-35.91,29,15462.566714
-38.71,28,15463.087859
-35.88,37,15463.771057
31.76378,93,15465.507301
-41.45,20,15465.938005
-32.19,36,15466.747283
-35.56,23,15467.134383
-40.52,26,15467.837131
32.298851,38,15468.791839
32.507937,35,15469.493415
-38.73,43,15470.298755
-39.23,28,15470.848172
-38.04,26,15471.416353
34.254352,25,15473.855139
-38.12,31,15474.44848
-32.67,30,15475.028739
-35.8,24,15475.56318
32.370909,25,15476.050494
-40.26,23,15476.486865
-32.04,40,15477.376632
-32.38,32,15477.987017
33.0,28,15478.567311
32.389439,29,15479.064207
-39.0,28,15479.502528
-41.43,27,15479.888975
-38.07,30,15480.391494
-32.91,38,15481.02948
35.771654,39,15481.717605
-40.94,48,15482.654322
36.0,30,15485.168043
37.598545,25,15485.568417
34.845693,30,15486.178283
-34.93,26,15486.723226
32.89911,33,15487.475522
38.360684,35,15488.148846
-40.33,26,15488.648299
-38.88,26,15489.10718
-35.96,37,15489.845756
30.0,28,15490.403932
-35.08,28,15490.934957
38.274143,74,15492.364565
32.497835,28,15492.980321
-35.1,27,15493.536713
-35.54,30,15494.085284
-41.22,52,15497.207274
-39.0,23,15497.596117
-35.73,32,15498.155507
-35.91,24,15498.708576
35.02649,25,15499.228645
-39.0,26,15499.744152
-39.0,30,15500.344846
36.0,32,15501.001721
-41.1,37,15501.685721
-32.1,33,15502.390334
37.263184,27,15502.947437
-38.72,28,15503.461198
-44.67,15,15503.7296
-38.95,25,15504.200998
-32.25,33,15504.784753
-32.25,30,15505.301214
-41.69,28,15505.757961
-32.91,32,15506.292868
-40.13,32,15509.246375
-38.71,26,15509.756609
-38.14,31,15510.328616
-38.56,31,15510.977297
32.484472,32,15511.636209
-44.21,22,15512.050897
-32.79,29,15512.635449
-41.64,28,15513.800863
-41.5,67,15515.265335
-46.75,14,15515.570134
-35.02,25,15516.133381
-44.64,29,15516.71879
-38.71,35,15517.381139
-41.49,25,15517.760381
-35.91,26,15518.178404
32.73,24,15518.668438
-35.41,27,15519.384002
32.222997,27,15519.898494
-37.81,36,15523.144644
-41.61,39,15524.113461
-32.51,34,15524.878224
-38.74,26,15525.413722
31.792835,28,15526.105157
-41.02,18,15526.516249
-38.51,29,15527.154325
-35.91,26,15527.729028
33.0,29,15528.329181
-38.07,31,15529.041721
-35.06,31,15529.781785
32.901575,30,15530.451628
37.295588,43,15531.232873
32.959732,29,15531.727563
-41.02,27,15532.230801
-35.82,28,15532.806761
-35.4,30,15533.403318
39.837207,45,15536.537483
-43.83,23,15537.087205
-44.96,22,15537.557022
-36.0,33,15538.266799
-44.84,19,15538.676491
-35.67,31,15539.312
31.705128,37,15540.07139
-44.52,19,15540.467524
34.090343,37,15541.294114
-32.5,28,15542.072309
-41.2,26,15542.70032
-32.2,45,15543.661969
-41.18,24,15544.134517
35.243333,31,15544.933686
-38.47,34,15545.585697
-41.05,39,15546.242452
32.529412,41,15549.113291
-36.93,28,15549.815166
46.513693,19,15550.251238
-44.59,24,15550.73301
38.142857,26,15551.313091
-41.45,29,15551.984576
-41.47,22,15552.455236
-38.13,35,15553.106114
-39.0,22,15553.567676
-41.15,33,15554.28189
-35.82,27,15554.878789
-41.84,26,15555.458268
-39.0,24,15556.003587
-41.11,39,15556.80169
32.902527,33,15557.430139
-45.0,26,15557.915658
-32.72,26,15558.418665
-38.55,28,15558.856166
-41.51,35,15561.381825
-39.0,24,15561.897162
-35.4,29,15562.453366
-36.0,27,15562.999532
-37.72,33,15563.649163
-36.0,26,15564.205599
36.0,34,15564.889636
38.347015,38,15565.617097
32.52381,31,15566.182714
-30.0,29,15566.805132
-34.29,23,15567.236091
-41.06,20,15567.608206
-37.71,26,15568.15261
36.0,25,15568.788784
35.934397,31,15569.504535
-40.55,25,15570.015077
38.491803,26,15570.556674
-32.62,32,15571.258585
35.269091,39,15574.5261
-38.99,26,15575.055098
34.881107,24,15575.644936
-35.64,31,15576.292065
37.738646,31,15576.915677
-38.08,24,15577.484169
-35.93,30,15578.103395
38.132902,34,15578.784167
38.352941,30,15579.330887
-35.1,31,15579.879117
-44.52,21,15580.320296
-38.14,25,15580.773673
-39.0,20,15581.162061
-38.53,28,15581.698858
32.625514,35,15582.474594
37.856834,21,15582.955248
-32.3,34,15583.719542
-39.0,49,15584.561181
-44.14,23,15586.94774
-38.71,22,15587.412266
-32.35,31,15588.09983
-35.38,35,15589.422756
-41.71,40,15590.25577
35.662791,30,15590.857853
-38.04,21,15591.331291
-32.6,29,15591.925007
-36.0,24,15592.404841
-41.22,26,15592.934832
38.421687,19,15593.26409
-35.5,39,15594.019437
-35.81,27,15594.52769
-42.0,21,15594.956602
35.328947,29,15595.706587
-40.68,40,15596.484135
-41.21,33,15597.050655
-41.78,25,15597.480013
-38.18,27,15600.016672
-35.1,29,15600.570305
-35.16,27,15601.105925
-42.0,33,15601.748571
-35.36,31,15602.596813
-41.49,27,15603.138239
-33.0,28,15603.708392
-41.98,42,15604.722464
-32.82,30,15605.282813
-30.0,37,15606.07608
-38.37,31,15606.82671
-35.6,30,15607.472785
-35.5,26,15608.020669
41.376015,22,15608.399223
-32.25,29,15608.954939
-38.83,36,15609.625064
-32.95,32,15610.170891
32.360927,32,15612.828367
-35.3,28,15613.370347
-38.1,37,15614.150993
-38.84,21,15614.622051
-40.61,20,15615.019847
35.097276,28,15615.546354
-32.7,29,15616.101685
35.405694,27,15616.65821
-47.39,21,15617.007402
-40.65,23,15617.415984
-42.0,23,15617.829549
-35.09,26,15618.380392
-41.13,23,15618.841955
38.938931,21,15619.266078
-44.79,15,15619.53633
-35.55,27,15620.070163
-41.81,24,15620.530673
-42.0,23,15620.968936
-35.9,38,15622.351402
-42.87,24,15622.813775
33.0,38,15626.21766
-38.88,26,15626.787611
-35.73,30,15627.372236
-32.33,30,15627.980483
-38.01,28,15628.563599
-35.42,27,15629.130526
-35.13,32,15629.950056
-38.22,29,15630.706161
-41.58,27,15631.237688
-40.88,25,15631.728298
-41.74,32,15632.409676
-38.76,28,15632.9786
-36.0,28,15633.55214
-43.48,23,15634.059509
-44.26,24,15634.717745
-38.31,41,15635.607445
-38.78,22,15635.980587
-38.13,30,15638.534201
-38.85,28,15639.156673
-35.5,36,15639.822653
31.62628,32,15640.495759
-35.72,25,15640.989878
-41.78,30,15641.646782
32.365714,27,15642.19473
32.429134,33,15642.933687
-32.48,28,15643.486657
38.223022,36,15644.189945
35.220779,31,15644.798639
-38.64,25,15645.261593
-32.73,31,15645.879022
-45.0,24,15646.421558
-40.81,23,15647.217609
-38.04,31,15647.818272
-42.0,24,15648.222682
-37.3,32,15648.753076
-38.06,34,15651.706292
-44.24,23,15652.160123
-38.13,33,15652.617229
-34.69,69,15653.687966
-39.0,28,15654.174061
-32.89,38,15655.02785
-37.47,22,15655.488238
-35.07,26,15656.237118
-38.3,26,15656.85941
-35.21,30,15657.4333
-35.68,31,15658.096325
-40.57,27,15658.778295
-37.58,30,15659.502975
-47.84,24,15660.103316
-38.89,29,15660.740951
41.416408,22,15661.209903
-44.65,31,15661.852288
-41.24,27,15664.326763
35.395427,84,15666.089485
-38.84,30,15666.838045
-43.96,25,15667.542145
-41.43,25,15668.127518
-40.66,23,15668.61922
-38.6,31,15669.42213
-32.5,42,15670.353159
-44.44,19,15670.784666
-42.0,22,15671.231966
-38.24,26,15671.80611
-41.33,16,15672.144324
-38.5,27,15672.6536
30.0,35,15673.367618
-38.81,28,15673.946116
-44.1,39,15674.761896
-33.0,26,15677.358809
-46.13,23,15677.737924
-44.02,21,15678.097598
32.645833,36,15678.872724
-32.07,38,15679.654356
-38.63,25,15680.137283
-38.24,24,15680.656088
-38.77,29,15681.29684
-37.65,26,15681.802764
-32.37,40,15682.760273
-40.38,32,15683.512299
-35.62,33,15684.37303
-33.0,34,15685.191883
32.393665,47,15686.130129
-47.35,16,15686.478797
-41.76,22,15687.181225
31.976821,39,15687.838155
-44.2,21,15690.657357
-35.7,25,15691.110461
-39.0,23,15691.518909
35.355372,26,15691.983233
-46.5,14,15692.26545
-32.84,37,15692.997722
-38.37,21,15693.429714
-38.09,26,15693.981663
-41.66,25,15694.558706
-35.98,28,15695.190018
-43.73,23,15695.870358
32.900726,36,15696.626093
-43.67,24,15697.120082
-38.97,36,15697.873159
-38.76,28,15698.562916
-38.27,30,15699.238235
-40.59,26,15699.769352
41.798479,22,15700.189259
35.123239,29,15700.749706
-38.11,27,15701.276531
-41.28,23,15703.700247
-45.38,25,15704.062558
-42.0,30,15704.545235
-38.7,29,15705.067547
-41.2,27,15705.767052
-32.46,32,15706.572733
-44.31,18,15706.9842
-37.81,36,15707.639409
-38.88,31,15708.232877
-39.0,23,15708.678241
-32.64,24,15709.157822
-41.72,25,15709.640039
-44.46,31,15710.213963
-41.28,28,15711.148378
32.746212,44,15711.974722
-37.45,36,15712.717739
-39.0,21,15713.221224
42.0,17,15713.63085
-44.84,27,15716.48677
-33.0,32,15716.960711
32.258741,29,15717.388281
-35.38,26,15717.781793
-39.0,30,15718.311566
-35.51,34,15719.051382
-37.96,24,15719.575567
-44.04,19,15719.962145
-38.46,29,15720.547686
-44.2,22,15721.053109
-35.1,49,15722.078613
38.121457,23,15722.553497
-39.0,27,15723.311859
-38.4,25,15724.010862
-41.69,28,15724.703868
-41.66,26,15725.252455
-38.66,30,15726.014842
-39.0,43,15726.905821
-41.45,28,15729.732212
-41.16,25,15730.185277
-35.38,30,15730.696889
-41.42,32,15731.250944
-36.0,27,15731.732137
-42.0,23,15732.107628
-38.04,28,15732.631249
-38.04,25,15733.141899
-37.98,31,15733.818605
-37.9,40,15734.574726
-43.92,29,15735.339652
-41.72,21,15735.745017
36.0,24,15736.223827
-44.59,31,15736.850676
-35.22,29,15737.476463
-41.07,20,15737.894194
-38.81,27,15738.681535
36.0,26,15739.271168
-44.35,27,15742.071706
44.481356,19,15742.420734
-38.19,25,15742.852223
-36.0,26,15743.3539
-37.64,35,15743.953121
-40.71,32,15744.489675
39.0,18,15744.821487
40.734323,23,15745.241482
35.450237,33,15745.827706
-32.34,31,15746.488804
-42.0,31,15747.1814
-35.48,38,15747.970903
-35.01,26,15748.497144
-41.45,28,15749.117165
-41.4,25,15749.614592
-40.6,33,15750.530866
-35.22,27,15751.060192
-33.0,26,15751.649244
32.643678,53,15755.040674
35.178182,29,15755.654433
-41.48,28,15756.195479
-39.0,32,15756.823632
-35.88,35,15757.383917
-38.37,53,15758.283576
-41.98,34,15758.872278
-30.0,38,15759.602757
-37.27,27,15760.118253
36.184173,31,15760.757601
-38.82,26,15761.272886
35.493298,24,15761.75706
-41.24,24,15762.225077
34.529032,35,15762.948946
-35.16,53,15764.146472
40.307449,21,15766.88734
-41.78,19,15767.29005
-32.2,37,15768.425866
-36.0,30,15768.945934
-31.86,26,15769.435064
-46.94,22,15769.783617
-38.66,21,15770.123797
-38.42,26,15770.592148
-35.38,30,15771.07792
-38.47,34,15771.68326
40.36084,24,15772.138005
-35.08,33,15772.780478
34.664352,32,15773.458369
37.891815,31,15774.117837
-38.5,32,15774.86236
35.161765,26,15775.415462
-35.68,24,15775.982423
35.101351,32,15776.76766
-35.78,33,15780.179405
-38.7,35,15781.081468
-35.64,25,15781.546328
-38.85,28,15782.116625
-36.0,32,15782.68334
-39.0,21,15783.101253
-38.77,25,15783.622553
-40.82,27,15784.100361
-38.22,29,15784.525553
37.34122,28,15784.917094
37.065343,32,15785.352578
-38.86,24,15785.77279
34.532129,28,15786.314281
34.684665,30,15786.985803
-34.96,35,15787.838023
-39.0,29,15788.434408
-35.62,26,15789.0369
-34.43,26,15789.523233
-40.76,34,15792.456157
-45.0,24,15793.063248
-33.83,36,15794.132141
32.245552,35,15794.869303
-35.91,25,15795.311948
39.664401,24,15795.787372
-34.51,61,15796.931859
34.252255,47,15797.706028
-44.2,23,15798.037671
-35.88,33,15798.609073
-38.93,23,15799.040452
-47.24,21,15799.494817
-38.2,26,15800.071922
-39.0,31,15800.693195
-32.91,24,15801.078546
-35.85,34,15801.830094
-42.0,31,15802.516582
-41.64,25,15805.284274
-41.43,24,15805.737345
32.593023,27,15806.411854
-35.54,35,15807.295171
-38.71,29,15807.856361
-40.34,28,15808.341754
-41.19,23,15808.705814
-32.59,28,15809.182327
-44.38,26,15809.689362
-41.77,23,15810.151283
-32.69,38,15810.88327
-42.0,21,15811.208394
-41.5,22,15811.644931
30.0,34,15812.381443
38.468513,28,15812.982676
-39.0,25,15813.538018
-31.98,28,15814.174193
-38.18,25,15814.694883
-38.49,29,15815.261481
-33.0,26,15818.113431
-42.79,27,15818.680857
-38.32,24,15819.224067
-32.98,53,15820.59042
-41.2,20,15821.080787
-43.73,67,15822.231553
-43.7,20,15822.57221
-41.22,28,15823.058894
-44.6,21,15823.465134
-41.14,25,15823.965019
-43.71,22,15824.324224
-38.65,29,15824.847338
-46.71,57,15825.841163
-46.61,20,15826.257641
-40.56,24,15826.77763
-42.0,30,15827.356665
-39.0,27,15830.122965
-33.0,43,15831.051382
-38.5,25,15831.630527
41.42069,46,15832.539556
35.876448,23,15832.993263
-46.91,20,15833.55419
-33.0,29,15834.146287
-44.09,19,15834.499511
-33.0,28,15835.146596
-36.0,33,15835.753968
-38.6,25,15836.292871
-32.29,40,15836.972194
-35.81,28,15837.438811
-41.28,24,15837.8267
-34.57,27,15838.277784
-35.44,36,15839.036545
-35.81,30,15839.7847
-38.15,28,15840.386513
-35.82,28,15843.408227
-38.91,32,15844.198292
-42.0,23,15844.881365
-47.45,29,15845.487105
-35.43,25,15846.449031
-38.57,36,15847.18782
-36.0,48,15848.132164
38.258555,23,15848.607157
-42.0,19,15848.977558
-38.71,33,15849.678736
-45.0,19,15850.099785
-35.03,30,15850.765408
-44.77,29,15851.301591
37.609744,24,15851.808342
-44.69,19,15852.147155
-38.14,21,15852.497761
-37.66,31,15853.105595
-38.14,31,15853.819129
-44.23,22,15856.656277
-35.69,26,15857.130156
-38.91,31,15857.752394
-45.0,13,15858.037828
32.480427,32,15858.741067
-36.0,24,15859.259309
-39.0,27,15859.940728
-35.33,35,15860.616125
-44.83,19,15860.938504
-35.71,25,15861.415653
-43.05,21,15861.787033
-38.55,35,15862.424787
-34.88,33,15863.130435
-44.23,21,15863.572065
-45.0,26,15864.1197
-35.46,27,15864.587401
-35.9,31,15865.104433
-38.42,26,15865.490706
-42.0,27,15865.992315
-44.63,22,15866.379302
38.302383,27,15869.166406
-38.5,32,15869.806343
-32.04,31,15870.400377
32.33935,49,15871.348769
38.502008,23,15871.835352
-35.94,52,15872.759908
-41.1,30,15873.573925
-42.0,26,15874.066153
-41.46,23,15874.629259
-38.52,22,15875.043544
-32.18,50,15876.092621
-35.08,37,15876.88749
-39.0,21,15877.263541
32.888489,32,15877.848569
-44.15,23,15878.383996
-35.88,26,15878.884686
-38.43,38,15881.82345
-35.57,33,15882.545432
-39.0,23,15883.752921
-43.53,18,15884.131326
-35.91,28,15884.667871
-42.0,22,15885.03148
-42.0,25,15885.504596
40.719736,38,15886.155843
-41.09,25,15886.573515
35.407942,29,15887.090814
-37.95,28,15887.640764
-32.68,32,15888.31538
-38.64,23,15888.772186
-39.0,33,15889.650084
-35.25,30,15890.193084
36.0,29,15890.694415
-45.0,14,15890.992721
-39.0,28,15891.462579
-39.0,24,15891.900573
-41.23,31,15894.812286
-47.15,18,15895.220966
-35.45,32,15896.00433
-41.49,29,15896.618215
-38.68,26,15897.168284
-41.37,22,15897.630663
-38.23,25,15898.13015
33.0,32,15898.789463
-41.31,30,15899.52641
-44.67,25,15900.196444
-32.29,33,15901.531351
-32.31,33,15902.402838
-38.44,26,15903.007516
35.32,27,15903.65423
-38.21,26,15904.19573
-37.29,50,15905.069237
-38.41,22,15905.4802
-44.5,29,15906.182801
-35.26,26,15908.861244
-41.31,24,15909.396446
-39.0,29,15909.997157
-32.14,35,15910.764724
-35.4,37,15911.44921
-38.51,30,15912.022648
-44.54,33,15912.591253
-32.4,28,15913.271636
-41.52,41,15914.172708
-40.77,48,15915.160375
-35.38,23,15916.798608
-35.91,31,15917.626922
-41.62,14,15917.955861
-41.37,27,15919.208037
33.0,28,15919.641812
-41.83,24,15920.10027
-32.34,30,15920.627767
32.67433,33,15923.352107
34.778772,23,15923.778004
32.938182,26,15924.282507
-32.35,26,15924.786423
-42.0,18,15925.199691
-32.08,31,15925.834038
32.046693,28,15926.427676
-32.01,29,15926.973608
-35.35,29,15927.546178
-36.0,35,15928.419688
-39.0,27,15928.949367
41.527439,23,15929.61715
-38.02,37,15930.325624
-32.91,30,15931.037149
-43.88,18,15931.357754
35.308575,24,15931.815343
-46.85,26,15932.469889
-38.28,33,15933.078135
34.499645,31,15935.789763
37.309118,32,15936.351857
-41.28,29,15936.912222
-37.9,28,15937.457035
-34.95,32,15938.058876
-38.05,38,15938.789627
-35.05,31,15939.455134
-33.0,25,15939.937736
-33.0,28,15940.536104
-41.06,32,15941.239219
-32.58,32,15941.847615
-41.35,22,15942.297704
34.995998,29,15942.853208
-41.27,29,15943.705939
-35.87,30,15944.387525
-35.61,36,15945.117286
-35.08,27,15945.60072
-41.73,24,15948.165711
-38.36,23,15948.607721
-40.32,34,15949.251841
-41.81,28,15949.848519
-41.71,20,15950.376663
-44.84,37,15951.24215
-38.49,32,15951.951604
-38.41,28,15952.517715
-38.14,36,15953.397372
-35.68,25,15953.93547
-44.02,17,15954.32865
33.0,24,15954.922596
-38.48,34,15956.062179
-35.45,35,15956.835149
-40.72,34,15957.559454
37.823921,28,15958.13316
-40.97,27,15958.625665
-44.27,33,15959.143521
-34.37,35,15962.165323
-40.8,25,15962.561724
30.0,29,15963.026163
-35.85,25,15963.442315
-43.83,32,15963.935305
32.441296,31,15964.468789
36.850549,34,15965.324653
-38.07,23,15965.754564
-32.17,32,15966.408136
-41.76,35,15967.020139
-41.72,29,15967.619012
-38.69,24,15968.03269
-35.5,32,15968.631711
-44.32,28,15969.133874
-35.42,31,15969.666401
-36.0,30,15970.364754
-35.3,29,15970.87785
-38.54,27,15973.128861
-35.81,32,15973.603173
-38.64,42,15974.207398
-38.28,24,15974.598824
37.410488,38,15975.325192
-47.56,15,15975.581385
43.694195,16,15975.866678
32.011407,30,15976.381292
-39.0,33,15976.921529
-41.29,19,15977.538954
-35.89,40,15978.265294
-44.87,27,15978.72637
-41.36,27,15979.320429
-37.51,19,15979.803025
-38.11,34,15980.409136
-38.8,34,15981.015012
-41.54,28,15981.323045
-41.61,29,15981.646921
-44.05,22,15984.010115
-36.0,32,15984.526051
-41.53,25,15984.891429
-38.96,29,15985.265795
32.021583,26,15985.614034
-39.0,28,15986.022154
-38.15,31,15986.530048
-35.06,27,15987.008631
-44.08,26,15987.483905
-42.0,21,15987.866584
-39.0,27,15988.319689
-36.0,24,15988.760183
-39.0,26,15989.229963
-35.7,42,15989.970798
-46.43,29,15990.468266
-38.65,34,15991.062626
-43.83,21,15991.428497
-41.46,25,15991.909605
-44.17,18,15992.302527
-38.07,22,15994.935926
-38.07,26,15995.374405
-41.6,39,15995.972645
32.441281,35,15996.490101
32.365132,29,15996.882798
-42.0,20,15997.137503
-35.1,27,15997.534614
-39.0,29,15998.064872
44.035211,17,15998.350571
32.253846,33,15998.938685
-32.13,31,15999.478235
-38.23,35,16000.038654
-38.71,21,16000.40225
-38.04,23,16000.820678
-40.78,31,16001.359423
35.613169,28,16001.839363
-38.82,33,16002.420614
41.593103,27,16003.028104
41.319853,30,16005.552112
-33.0,22,16005.851321
-35.72,30,16006.343402
-44.41,21,16006.623349
35.369565,31,16007.071624
-40.47,24,16007.434247
-35.49,38,16007.91662
-38.88,29,16008.304691
-38.5,35,16008.832678
-32.88,37,16009.482534
-41.42,21,16009.850334
33.418363,35,16010.457283
-35.23,25,16010.875437
-41.22,23,16011.329545
-35.44,30,16011.840911
-45.0,28,16012.391333
-35.49,25,16012.836947
35.470405,31,16013.352505
-41.5,22,16013.724662
-40.64,19,16016.50622
-38.44,28,16016.908215
32.283333,24,16017.329216
-39.0,23,16017.696711
-44.5,28,16018.175213
-38.79,23,16018.538424
-35.29,34,16019.012945
-43.65,42,16019.619285
-38.63,24,16019.922094
-32.53,28,16020.3535
-36.0,26,16020.784481
-38.81,40,16021.470179
33.0,31,16022.076598
-35.35,42,16022.79244
-34.61,38,16023.404295
43.299489,23,16023.841017
-44.73,17,16024.196206
32.197026,29,16026.774406
-35.71,37,16027.412729
-31.78,29,16027.94312
-44.03,23,16028.388415
-32.91,35,16029.070351
-42.0,26,16029.497413
-41.51,23,16029.823719
35.878543,27,16030.231232
-38.53,28,16030.621075
32.222222,34,16031.073819
-44.5,18,16031.39343
-32.91,42,16032.085955
-47.0,19,16032.426684
32.613003,40,16033.152204
-44.32,21,16033.565138
-44.88,22,16033.942931
-32.18,30,16034.31267
-32.5,30,16034.843278
-44.38,24,16037.211463
35.045977,28,16037.707462
-31.83,24,16038.099377
-35.61,34,16038.860668
-33.0,31,16039.382362
32.453083,35,16039.988368
-33.0,33,16040.547848
-44.81,36,16041.194089
-41.52,25,16041.517689
-38.55,30,16041.925111
-41.28,22,16042.282105
37.781946,36,16042.899779
-47.18,23,16043.29874
-38.45,27,16043.766352
-41.47,36,16044.409027
-37.4,36,16045.058348
-32.49,30,16045.583861
32.306397,42,16048.341673
-43.79,25,16048.76107
-38.27,25,16049.173488
33.0,27,16049.809321
-35.7,27,16050.347645
-32.47,32,16050.704898
-41.31,23,16051.08133
-35.3,26,16051.51019
-44.69,25,16051.905828
-39.0,55,16052.651479
-41.73,28,16053.026816
-40.91,24,16053.409364
-41.15,29,16053.831631
-47.39,21,16054.162185
-41.52,38,16054.875601
-34.59,33,16055.490832
-41.23,39,16056.193288
-32.65,27,16059.30647
-44.49,18,16059.632063
-41.7,36,16060.225045
-41.85,27,16060.734047
-35.43,31,16061.26573
35.639535,35,16062.050114
-41.21,22,16062.382947
-38.55,24,16062.924714
-36.0,32,16063.394819
-42.0,22,16063.688449
44.294906,21,16063.985655
-41.19,30,16064.398472
37.699282,29,16064.840667
-38.5,25,16065.196947
-41.9,21,16065.565041
-38.2,32,16066.134364
-44.23,22,16066.506469
-43.6,27,16066.96658
-35.65,25,16067.429375
-35.35,30,16069.905067
-38.32,31,16070.438409
-42.0,27,16070.943706
-38.26,41,16071.678797
-35.42,29,16072.326962
-35.03,33,16072.848625
35.210117,27,16073.261682
-43.57,21,16073.586146
-38.79,26,16073.982963
-38.91,23,16074.320879
32.254072,28,16074.753875
-44.04,19,16075.053871
-44.61,20,16075.360071
-32.47,30,16075.809745
-32.44,34,16076.290456
-41.8,31,16076.869703
-38.06,28,16077.366248
-41.3,35,16078.109344
-35.27,38,16080.776074
32.673835,48,16081.570169
-39.37,30,16082.137613
38.608365,34,16082.740637
-41.41,29,16083.28187
-36.0,41,16083.879293
-42.0,36,16084.43536
-38.78,21,16084.93605
-44.34,24,16085.377982
-38.29,40,16086.199868
35.062112,25,16086.553252
-44.46,28,16086.965618
-41.19,28,16087.400569
-47.45,18,16087.658586
-40.92,37,16088.284686
-37.98,69,16091.480136
-38.52,25,16091.998212
-39.0,26,16092.425558
-34.64,45,16093.223123
-33.0,41,16093.908633
-47.52,30,16094.461141
-37.9,27,16094.958265
-35.64,27,16095.349941
38.048611,24,16095.732502
-35.49,24,16096.195978
-37.4,29,16096.674991
-40.9,25,16097.305481
37.969832,24,16097.669655
-41.86,22,16098.112427
-41.11,31,16098.609108
-42.0,31,16099.108723
-38.91,31,16099.64971
-32.88,38,16102.321584
-38.93,31,16102.839818
-30.0,23,16103.264755
-38.78,28,16103.749345
-40.69,21,16104.071372
-33.0,34,16104.58299
35.164609,33,16105.084865
-39.0,28,16105.491385
-36.0,41,16106.195133
-42.0,22,16106.578128
-41.35,22,16106.993225
-41.55,35,16107.605653
37.619966,38,16108.188003
37.810759,27,16108.572903
-38.28,31,16109.181824
-37.54,41,16109.967238
-32.83,33,16110.561335
-44.49,25,16112.928263
-39.0,24,16113.394209
-38.45,27,16113.878256
-39.0,28,16114.318281
-35.04,28,16114.804653
-38.74,29,16115.224492
35.235521,36,16115.767675
33.0,27,16116.164197
-35.5,25,16116.608172
-40.23,27,16117.089104
-41.18,38,16117.888079
-38.62,24,16118.313538
-38.27,27,16118.814197
33.0,34,16119.313674
-45.0,20,16119.621212
-42.0,23,16119.965883
-38.39,32,16120.431131
33.0,30,16120.917953
-32.11,36,16123.502424
-41.36,22,16123.960783
-42.0,20,16124.266734
-44.25,29,16124.76247
-36.0,26,16125.217217
-40.96,26,16126.247033
-40.24,32,16126.767566
-38.65,26,16127.144912
-37.85,33,16127.632302
-38.69,27,16128.066298
43.118646,27,16128.554734
-40.76,33,16129.158097
38.266026,25,16129.584979
-31.68,32,16130.089922
-41.86,25,16130.466485
-35.32,28,16130.902397
-38.55,34,16131.398283
-39.0,34,16131.972759
-44.49,29,16134.569418
-41.8,20,16134.908726
35.097403,34,16135.498128
-38.44,19,16135.814167
43.991667,18,16136.174628
-41.31,27,16136.562336
-41.73,25,16136.935805
-34.98,33,16137.417942
-32.37,32,16137.916815
-32.91,33,16138.433856
-32.01,34,16139.02262
-35.1,39,16139.693342
37.639696,65,16140.89979
-35.62,30,16141.536775
-44.22,18,16141.808859
-36.0,37,16142.325669
-38.97,43,16143.006487
-38.2,22,16145.237711
-38.29,27,16145.767137
-41.71,24,16146.217311
32.126667,27,16146.698696
-35.3,37,16147.313957
-33.0,25,16147.784549
-40.89,31,16148.288269
-38.5,29,16148.702545
32.777344,40,16149.352721
-41.16,28,16149.825958
-41.14,26,16150.278233
32.70229,32,16150.857617
35.001444,37,16151.523282
-38.45,37,16152.135395
-37.99,27,16152.633827
-41.55,26,16153.05949
-40.76,21,16153.352505
-36.0,28,16155.712775
32.225191,29,16156.360713
32.903614,39,16157.046595
34.98551,32,16157.618826
-44.33,31,16158.110974
-39.0,21,16158.458604
-41.6,24,16158.889673
35.09009,30,16159.367449
-39.0,31,16159.805121
-38.37,31,16160.327589
-41.61,27,16160.766039
-39.0,33,16161.483124
-35.18,32,16162.020607
-32.81,31,16162.562435
-35.41,27,16163.051863
-44.03,30,16163.623966
-39.83,29,16164.178366
-37.07,21,16164.625333
33.0,34,16167.055819
-32.96,31,16167.597928
35.062112,25,16168.044426
-38.48,29,16168.499953
-41.24,33,16169.044767
-37.76,27,16169.447562
-41.22,36,16170.01102
-32.19,28,16170.516923
-37.42,33,16171.163841
-41.73,26,16171.657469
-38.91,22,16172.038812
38.483146,22,16172.435569
38.265068,29,16172.945204
-39.0,39,16173.60889
-39.0,28,16174.097141
-41.05,21,16174.460417
-41.89,23,16174.992503
-35.08,31,16175.540777
-41.71,23,16177.780629
-40.98,28,16178.247909
-38.72,30,16178.783943
-44.29,24,16179.146575
-35.19,35,16179.746448
-35.71,24,16180.223263
32.763566,30,16180.714801
-42.0,27,16181.183192
-38.33,29,16181.679969
-32.22,28,16182.20201
-39.0,27,16182.697127
-45.0,24,16183.107879
-40.65,26,16183.511113
-41.25,20,16183.903866
-41.03,22,16184.27461
-38.94,35,16184.85387
-36.0,34,16185.48178
-32.46,32,16185.99707
-35.35,21,16188.325557
-36.0,30,16188.813188
-32.49,36,16189.359279
-40.8,33,16189.832746
-39.0,26,16190.247659
35.860606,54,16191.049681
-41.59,26,16191.532871
-41.08,25,16192.049731
-42.0,30,16192.554844
36.508368,30,16193.071167
-35.5,34,16193.62357
31.579167,27,16194.953415
-35.91,24,16195.364764
-34.81,39,16196.016548
39.419785,24,16196.445537
-32.22,39,16197.189062
-41.51,36,16199.739812
-35.41,31,16200.178828
-42.0,21,16200.47595
-38.04,21,16200.740984
-41.77,32,16201.201968
-38.39,23,16201.734744
-38.59,28,16202.273685
-41.5,23,16202.635597
-35.37,31,16203.16873
-36.0,46,16204.087172
-35.74,34,16204.870361
-38.19,21,16205.263958
-44.47,21,16205.614082
-44.07,19,16205.953285
-38.91,22,16206.366831
-41.91,22,16206.77573
-39.0,25,16207.14247
-35.82,29,16207.576537
-39.0,31,16208.094467
-35.08,26,16210.299841
-35.81,25,16210.722317
-36.0,23,16211.030351
-38.22,29,16211.447883
34.143119,30,16211.818315
-35.33,25,16212.171455
-41.76,53,16213.164703
-40.9,36,16213.804309
-40.96,24,16214.239764
32.828179,44,16215.068357
-44.23,26,16215.528315
35.189286,31,16216.07557
-38.36,31,16216.630417
-32.69,34,16217.219894
-38.02,54,16218.209006
-34.88,27,16218.685986
-31.62,32,16221.260728
-38.5,34,16221.805326
-38.45,31,16222.218246
-38.25,31,16222.593646
-44.29,23,16222.933818
-44.21,17,16223.18981
-35.24,33,16223.684838
-41.25,22,16223.994989
-35.13,29,16224.468959
-41.05,24,16224.924331
-40.92,24,16225.32573
-41.23,25,16225.781169
-36.0,22,16226.187955
-37.83,27,16226.718297
-41.34,32,16227.278414
-41.02,27,16227.839233
41.4081,29,16228.396443
-43.02,20,16228.713597
-38.25,24,16229.378423
-32.78,35,16231.927951
-32.76,28,16232.352467
-38.46,26,16232.784554
32.598592,34,16233.300352
-42.72,30,16233.766017
-41.26,29,16234.265755
-35.21,27,16234.677374
-41.79,37,16235.262875
-40.44,27,16235.701765
-41.26,24,16236.401225
-32.34,34,16237.042892
-41.33,23,16237.433702
-47.11,18,16237.75984
-32.67,35,16238.389134
-41.01,21,16238.895621
-38.84,30,16239.412044
-35.53,35,16240.146081
35.188976,29,16240.631842
-41.77,34,16243.136904
-36.0,33,16243.59899
-40.96,38,16244.200368
-35.52,31,16244.69668
-35.19,34,16245.21255
-45.0,19,16245.525411
32.423611,31,16245.953961
-38.32,34,16246.480683
-38.39,29,16246.911988
32.756014,31,16247.416371
-40.97,33,16248.029273
32.42446,36,16248.619209
-41.07,25,16249.057256
-33.0,38,16249.727674
-41.33,21,16250.110324
36.962358,24,16250.507047
-41.39,23,16250.961381
-37.59,26,16253.375132
-43.16,22,16253.777838
-32.62,32,16254.266895
-43.97,25,16254.67024
-44.15,18,16254.931708
-41.6,22,16255.39386
-41.03,34,16255.99332
-41.66,24,16256.32802
-38.91,29,16256.736643
-41.21,22,16257.073893
-35.19,31,16257.503114
-41.66,27,16257.937645
-38.72,29,16258.446444
-41.17,24,16258.921267
36.0,25,16259.352574
-38.88,44,16260.43258
-35.48,33,16261.099211
38.814672,27,16261.643734
-38.92,30,16262.213783
-31.98,29,16264.844567
-35.61,25,16265.241607
-37.62,29,16265.717542
-35.88,26,16266.133662
44.524444,18,16266.464456
-41.87,23,16266.856027
-43.6,23,16267.350653
-38.4,21,16267.718057
-32.01,25,16268.116346
-41.32,30,16268.57921
-35.63,32,16269.089293
-38.16,25,16269.479182
-36.0,24,16269.920199
-32.22,27,16270.447742
-36.0,41,16271.179331
-35.25,31,16271.777044
-38.63,35,16272.497894
-44.21,18,16272.914464
34.764015,33,16276.809219
34.824676,30,16277.383339
-37.29,37,16278.102767
-41.72,22,16278.499735
-43.8,27,16279.098189
-38.41,32,16280.056201
-38.31,45,16280.907966
-38.76,40,16281.557886
32.354396,28,16281.988405
-41.71,18,16282.311709
32.242188,41,16282.919244
-36.0,24,16283.364317
-44.04,20,16283.727639
-40.08,34,16284.402057
-32.86,37,16285.057206
-32.69,39,16285.79843
-38.8,29,16286.386015
-37.73,31,16289.102212
-38.8,26,16289.545491
-44.44,20,16289.910647
-38.47,28,16290.358811
-44.05,26,16290.795416
-35.31,26,16291.251475
-38.71,20,16291.662842
-41.45,26,16292.178159
35.510345,25,16292.640083
-35.34,29,16293.207685
-42.0,25,16293.609361
-41.94,35,16294.195237
-35.31,31,16294.655092
35.464174,26,16295.055816
-41.85,25,16295.505555
-35.66,27,16295.985631
-44.11,24,16296.404329
-32.91,27,16296.959515
32.302239,73,16300.365235
-39.0,21,16300.745737
32.245033,27,16301.146552
-35.02,31,16301.648588
-42.97,27,16302.123704
-35.08,29,16302.651883
-44.55,37,16303.256255
-32.14,31,16303.799209
-35.08,32,16304.396763
32.46,57,16305.50192
-40.78,27,16305.945611
-41.61,28,16306.394234
-37.59,29,16306.902814
-41.74,45,16307.739772
33.0,27,16308.409407
-35.61,27,16308.842422
-35.91,26,16311.459245
-38.34,20,16311.761711
-38.91,26,16312.179143
-36.0,39,16312.902837
-39.0,25,16313.485686
-38.9,21,16313.89099
34.577343,25,16314.356038
-35.88,27,16314.861583
-37.5,38,16315.525498
-35.49,34,16316.121425
-41.38,26,16316.581655
32.23839,29,16317.032501
-32.41,35,16317.845386
32.503937,39,16318.445447
-41.91,28,16318.948354
-39.0,26,16319.441333
-44.15,23,16319.86833
-38.78,18,16320.186938
-43.74,18,16322.567586
-34.62,51,16323.361866
-38.02,34,16323.925541
-41.0,19,16324.33527
-33.0,33,16324.889167
-36.0,30,16325.431594
-41.95,27,16325.911321
35.636667,29,16326.445215
-38.65,26,16326.944252
-41.57,28,16327.406513
-37.15,27,16327.893306
38.035193,27,16328.359113
-44.62,28,16328.804985
-38.39,27,16329.254792
-42.0,33,16329.778657
-44.4,31,16330.544388
-36.0,27,16331.069828
-38.81,26,16331.591065
-38.72,25,16333.874808
-41.14,25,16334.275915
-40.65,24,16334.737565
-31.58,38,16335.505641
-41.75,37,16336.169124
-41.59,19,16336.730682
-44.83,21,16337.178207
38.029412,28,16337.696363
-35.45,28,16338.203091
-42.0,26,16338.624147
-41.07,20,16339.033963
-44.5,18,16339.633048
-44.5,24,16340.178574
-39.0,23,16340.511462
35.111131,26,16340.87798
-41.38,50,16341.520099
-44.84,24,16341.929614
-37.7,28,16342.448832
-38.14,31,16343.088104
-38.41,26,16345.546128
-42.0,23,16345.962008
-32.21,32,16346.435093
-44.36,22,16346.788554
-36.0,24,16347.238286
-44.88,29,16347.806717
-38.52,31,16348.386768
-35.62,29,16348.945539
-36.0,25,16349.418426
-38.19,29,16349.942265
-41.37,28,16350.427375
-36.0,23,16350.864523
-47.39,20,16351.255489
-35.76,33,16351.772557
-41.39,24,16352.165743
-37.54,26,16352.573515
36.907526,27,16352.996706
-41.21,24,16353.356041
34.75979,35,16354.043386
-41.88,33,16356.549995
-36.0,28,16357.109734
-40.3,40,16357.80595
-42.0,25,16358.251176
36.0,24,16358.69401
-38.5,30,16359.207008
-41.89,24,16359.601649
-43.22,18,16359.916664
-32.82,25,16360.377827
-32.36,26,16360.854558
-35.57,29,16361.386158
32.332117,25,16361.826728
-32.58,30,16362.49059
-32.76,36,16363.073763
-32.64,24,16363.404737
-31.74,28,16363.810939
-40.42,30,16364.373221
-35.71,26,16364.782771
-41.92,31,16367.309905
-32.73,30,16367.76855
-35.88,26,16368.188083
-41.46,25,16368.506338
-38.3,32,16369.091788
-39.0,25,16369.512367
-38.49,31,16370.04951
-39.0,32,16370.602152
-41.2,25,16371.038479
-45.0,21,16371.426636
-41.12,29,16371.926381
-44.2,22,16372.328426
-38.66,29,16372.800803
-42.0,38,16373.419224
-36.0,26,16373.905297
-38.49,74,16375.281332
-38.67,25,16375.653174
-44.66,18,16377.826151
-38.56,22,16378.191583
-38.5,32,16378.685559
-41.69,24,16379.072626
-35.34,40,16379.757479
34.896157,32,16380.385359
-32.09,28,16380.877761
-41.17,26,16381.35971
37.121972,25,16381.958853
-39.0,25,16382.462641
38.275986,25,16382.875659
32.86532,24,16383.318247
-38.33,45,16384.124888
-38.24,25,16384.560508
-37.69,26,16385.02459
-35.25,28,16385.570788
-41.08,21,16385.913145
-46.84,12,16386.15165
32.708333,38,16386.91398
-41.63,32,16389.153732
32.355932,31,16389.695426
35.511905,27,16390.120679
-33.0,36,16390.764221
-34.64,38,16391.467288
-41.41,19,16391.823651
40.847432,24,16392.264826
-41.68,25,16392.745391
-41.11,35,16393.369958
-34.73,23,16393.789099
-39.0,21,16394.140298
-40.99,26,16394.629138
32.403141,42,16395.550425
-35.38,31,16396.058787
-35.84,33,16396.629328
-34.83,29,16397.220217
32.570281,27,16397.698546
-40.48,28,16400.034986
-38.37,39,16400.685215
34.721085,34,16401.249573
32.824034,27,16401.749906
-39.0,37,16402.394993
41.301115,21,16402.784178
-32.5,31,16403.365179
-38.4,30,16403.887922
-38.07,24,16404.309461
-40.92,25,16404.830709
-38.43,26,16405.299127
-31.9,48,16406.149129
-32.33,30,16406.675518
33.0,25,16407.371793
-41.36,34,16408.26435
-32.06,27,16408.734941
-33.0,29,16409.243055
38.104377,32,16411.49027
-37.69,29,16411.955303
-35.15,33,16412.550053
-38.94,27,16413.04662
-41.28,28,16413.53728
-44.27,21,16414.12525
-41.51,34,16414.762275
35.29878,23,16415.18622
-38.49,17,16415.45207
-39.0,25,16415.887413
-35.39,35,16416.479621
-39.0,26,16416.928252
-40.63,23,16417.343753
32.410839,63,16418.522163
35.886719,29,16419.09001
-44.41,21,16419.589506
33.819088,35,16420.402494
-42.0,28,16423.113643
-41.02,32,16423.642313
-41.31,26,16424.074193
-37.79,32,16424.723526
-41.24,20,16425.298023
34.838315,40,16426.234007
-35.2,35,16427.035104
-41.11,23,16427.546395
-38.23,29,16428.209146
-39.0,26,16428.886064
-40.78,32,16429.634431
37.779688,28,16430.282363
41.14791,17,16430.653541
-37.99,26,16431.233852
-46.72,24,16431.80337
35.903475,25,16432.327213
-44.77,29,16432.929785
-36.0,29,16433.63785
-41.53,19,16434.139116
-38.69,28,16436.841709
-38.75,25,16437.170343
-38.31,23,16437.487539
-40.66,20,16437.809053
38.031128,23,16438.241052
34.078424,31,16438.76408
-43.48,42,16439.514391
-39.0,35,16440.196197
-38.11,34,16440.857824
32.669202,27,16441.381196
-33.0,31,16442.128458
-32.57,31,16442.670012
-38.54,31,16443.194672
-40.8,32,16443.774088
-33.0,34,16444.377724
-35.15,43,16445.134337
-45.0,19,16445.447977
-41.55,25,16447.899619
-42.65,27,16448.271749
-44.57,20,16448.569157
-33.84,26,16448.966019
-46.64,81,16450.259101
-38.69,25,16450.703462
-45.0,17,16451.034257
-33.0,38,16451.758988
-38.84,23,16452.141456
-36.0,45,16453.042254
34.465079,43,16453.852843
-41.34,28,16454.328307
-38.17,28,16454.823461
38.439319,24,16455.215134
-41.1,20,16455.599238
-35.84,45,16456.426584
-44.8,17,16458.585683
-41.07,25,16458.945264
-41.86,30,16459.406742
-32.82,27,16459.783793
35.414449,30,16460.244302
38.196808,23,16460.608767
32.120301,32,16461.101892
-39.0,25,16461.546285
-35.37,30,16462.057778
-32.67,28,16462.702474
-44.39,32,16463.332237
-44.18,21,16463.716981
-41.45,29,16464.200392
-44.3,20,16464.592677
-38.07,30,16465.171858
-34.85,30,16465.69478
32.068273,30,16466.251033
-44.14,13,16466.64207
32.402357,28,16467.227123
35.127049,26,16467.82263
-35.26,31,16470.456652
33.0,26,16470.905734
-36.0,28,16471.342867
-41.55,24,16471.779201
-41.51,27,16472.269092
-44.77,23,16472.680912
-44.03,23,16473.056398
-40.88,42,16473.792863
-37.71,33,16474.373306
-32.88,33,16475.007766
-38.88,32,16475.692752
-41.9,16,16476.02493
-40.97,17,16476.379989
-41.14,25,16476.8627
-41.86,32,16477.470658
-41.6,23,16477.890358
-36.0,26,16478.383183
-44.16,27,16478.910261
-38.65,26,16481.474563
-38.68,41,16482.113107
32.685185,40,16482.743075
33.0,28,16483.183896
32.878049,30,16483.643248
-41.61,27,16484.088725
-38.41,29,16484.533611
-38.88,27,16484.918859
-36.84,32,16485.404378
-41.54,31,16485.877195
-38.53,25,16486.38493
-38.56,28,16487.014342
-32.32,31,16487.622515
-35.68,28,16488.378995
-36.0,31,16488.923845
-39.0,35,16489.613377
-38.45,43,16490.615287
32.900398,27,16493.100008
-38.37,35,16493.787677
-32.79,33,16494.398017
-38.48,23,16494.771231
-35.27,32,16495.356507
-35.61,26,16495.758981
35.058751,29,16496.219424
-44.13,21,16496.553307
35.718519,30,16497.0147
-35.2,29,16497.466908
-39.0,29,16498.104626
-38.25,32,16498.652848
-45.0,15,16498.961023
-43.84,25,16499.404166
-37.56,22,16499.780658
35.330128,36,16500.433087
-41.72,31,16501.108412
-44.05,21,16501.497946
-38.15,31,16504.190025
-36.0,33,16504.674804
-38.31,28,16505.140345
-44.28,26,16505.528387
32.025788,31,16506.005728
-38.16,28,16506.532342
-38.46,25,16506.984742
-36.0,24,16507.363699
-41.31,27,16507.852014
-32.16,37,16508.394261
-35.64,30,16508.823321
-35.88,34,16509.408498
-45.0,29,16509.948694
-37.79,28,16510.502102
-41.91,25,16511.009971
-35.8,33,16511.576504
-35.91,36,16512.179855
-41.4,26,16512.624136
-41.07,31,16515.304154
-42.0,27,16515.608832
35.260504,28,16516.116806
-34.93,29,16516.579982
-39.0,24,16517.191387
35.454177,39,16517.847459
-39.0,24,16518.314611
34.810833,32,16518.869394
-35.71,31,16519.404642
35.678571,31,16520.241858
33.0,30,16520.748697
-38.72,21,16521.092824
-44.45,21,16521.469349
-38.4,30,16522.177567
-38.11,29,16522.769384
32.191176,31,16523.361461
-35.49,28,16523.896934
-35.71,33,16526.90302
-41.73,26,16527.416445
-44.26,25,16527.809426
-40.16,47,16528.609236
32.358268,50,16529.389921
38.263333,23,16529.835113
-38.35,27,16530.389422
-32.91,27,16530.879324
-35.4,28,16531.309014
32.548936,110,16533.105197
-32.14,31,16533.652852
-38.91,25,16534.107574
-38.77,23,16534.508025
32.542056,25,16534.971903
-32.6,25,16535.480685
-38.11,27,16537.982992
-42.72,28,16538.467858
-35.64,28,16538.879921
35.466192,31,16539.355243
35.207224,26,16539.829587
-36.0,25,16540.227052
32.294915,27,16540.69337
-31.56,38,16541.418364
35.557447,27,16541.905472
-36.0,37,16542.499528
-42.0,22,16542.749519
-35.5,27,16543.168078
36.617198,25,16543.776524
-41.78,24,16544.169969
-38.87,24,16544.631668
-35.91,29,16545.152416
39.0,25,16545.593595
34.434187,32,16546.170188
39.0,29,16549.122491
-36.51,29,16549.612251
-34.72,26,16550.078716
-35.63,28,16550.591749
35.374074,22,16550.996456
-38.24,27,16551.393742
37.854712,29,16551.856373
-42.0,28,16552.326978
35.664093,31,16552.88452
-38.69,36,16553.579538
-35.5,26,16554.046109
-38.5,26,16554.454549
-32.35,30,16554.87751
-35.11,30,16555.36682
-41.08,27,16555.762972
-32.91,31,16556.319286
-35.19,29,16556.885952
-35.43,26,16557.337265
35.902128,21,16557.754908
-36.79,36,16560.409312
35.619217,28,16560.915441
35.327586,46,16561.618341
-40.86,26,16562.038987
-35.01,28,16562.514924
-44.6,29,16562.995806
-41.62,24,16563.414705
32.30659,29,16563.933928
-42.94,24,16564.361133
33.0,28,16564.826171
32.7,30,16565.337577
-41.75,26,16565.759601
-35.38,32,16566.269152
32.649819,31,16566.762157
32.596708,32,16567.369136
-41.25,20,16567.732917
-32.81,31,16568.34274
-44.46,36,16571.137765
-40.97,24,16571.61901
-41.88,30,16572.236286
32.889734,47,16573.35552
-38.8,30,16573.899555
-38.08,33,16574.446412
-39.0,27,16574.902007
-32.45,35,16575.569947
-38.39,24,16575.996781
-38.21,19,16576.377403
-32.66,30,16576.903555
35.373151,24,16577.344971
41.242424,21,16577.649587
32.735294,30,16578.192713
-32.21,32,16578.751391
-33.0,36,16579.349476
-34.36,32,16579.873542
32.875502,26,16582.330292
-38.9,37,16583.017788
-36.0,20,16583.362374
-41.6,29,16583.77878
-38.32,35,16584.35284
-38.87,27,16584.853817
33.0,27,16585.287747
-36.0,32,16585.833602
34.351893,25,16586.302077
40.50924,26,16586.758552
-41.9,19,16587.110793
-36.0,30,16587.651987
-32.29,36,16588.270375
-42.0,29,16588.7734
-39.0,43,16589.453413
-40.62,22,16589.928135
-32.16,28,16590.373466
35.109375,28,16590.853664
-44.14,29,16593.341201
-38.2,33,16593.93167
32.471642,28,16594.378338
-41.43,85,16595.741214
-38.03,30,16596.463865
-41.11,20,16596.781429
-44.25,20,16597.177561
-35.2,37,16597.931373
38.406475,21,16598.346135
-41.25,25,16598.796223
-47.12,16,16599.212179
-38.28,23,16599.681752
-41.55,28,16600.155464
-32.89,31,16600.635834
-38.17,31,16601.121389
-41.91,26,16601.479947
32.592593,24,16601.855635
-35.19,25,16604.292075
-35.86,28,16604.790315
-42.0,21,16605.145654
-41.45,29,16605.559885
44.184314,16,16605.807605
-44.63,18,16606.122876
-32.01,29,16606.536685
-37.35,27,16606.962556
32.269231,36,16607.560749
-41.72,21,16607.906414
-36.0,28,16608.354938
-35.44,34,16609.042597
-36.96,42,16609.744606
-32.7,26,16610.197481
-38.92,30,16610.758236
-42.0,29,16611.280289
-39.0,23,16611.70497
-35.6,25,16612.141494
-41.75,29,16612.586478
-32.33,30,16614.981155
-36.0,29,16615.531102
-47.19,24,16615.968496
-37.51,24,16616.338122
35.948339,29,16616.765691
-42.94,40,16617.414549
-38.26,28,16618.009591
-38.83,26,16618.453506
-37.37,26,16618.874161
-41.05,28,16619.208433
37.390299,28,16619.730577
-40.97,22,16620.13065
-35.34,25,16620.578528
-39.0,28,16621.090668
-39.0,33,16621.733035
35.720524,32,16622.524435
-31.58,31,16623.129421
-38.75,24,16623.601216
40.047996,21,16625.89973
-32.56,30,16626.546669
-46.95,26,16627.020437
-38.21,35,16627.630825
-40.73,33,16628.123328
-40.59,28,16628.578375
-36.0,48,16629.369727
-41.33,19,16629.744481
-36.0,24,16630.217116
35.688462,25,16630.689004
32.004644,79,16632.120662
-44.74,22,16632.57229
-39.0,28,16633.285831
35.745033,24,16633.766868
-38.25,32,16634.545898
-38.64,31,16635.151313
-40.56,21,16635.501861
-41.46,26,16638.117165
-38.53,30,16638.706238
-38.67,49,16639.755948
-35.54,36,16640.331779
-39.0,25,16640.748552
-38.54,29,16641.239304
32.173077,32,16641.81585
-38.5,25,16642.259913
-44.26,15,16642.556685
35.11921,27,16643.020344
-41.45,24,16643.414441
-41.23,27,16643.933845
-33.0,24,16644.374354
-39.0,20,16644.781494
41.163903,19,16645.148195
-41.13,19,16645.544582
32.446254,41,16646.394018
-37.81,28,16646.875925
-37.81,33,16649.313998
-35.52,25,16649.732222
-38.39,33,16650.726465
-42.0,49,16651.60002
-41.75,23,16652.08879
-38.46,30,16652.64914
-35.37,31,16653.179471
-36.0,26,16653.688004
-38.72,23,16654.178484
-38.26,86,16656.459262
-41.53,28,16657.161867
-38.22,28,16657.68399
32.178988,31,16658.621447
-37.31,24,16659.283584
-32.13,30,16660.057474
-38.35,23,16660.615978
-44.29,34,16663.602193
-35.19,26,16663.976039
-38.38,23,16664.299803
-32.73,33,16664.809136
-39.0,36,16665.53763
-37.64,29,16666.084
-38.82,32,16666.597747
-34.97,32,16667.102102
-38.68,29,16667.612878
-33.0,36,16668.672481
-32.6,51,16669.780506
35.116883,33,16670.586258
-41.14,39,16671.331592
-39.0,29,16671.8551
-35.04,27,16672.372423
-43.97,78,16675.716678
38.209738,23,16676.082816
-38.78,29,16676.575973
-32.38,28,16677.144026
-38.22,32,16677.608688
-32.52,28,16678.101014
-35.63,24,16678.526092
-44.25,27,16678.944468
-38.01,30,16679.441434
-36.0,41,16680.201108
-41.52,26,16680.870953
35.875,23,16681.272066
-38.78,36,16681.896282
-35.86,24,16682.295157
-41.08,22,16682.693159
36.0,29,16683.254645
-41.57,31,16683.943969
-40.82,34,16686.464268
-41.56,23,16686.832485
-35.23,32,16687.309984
38.132075,44,16688.014275
-46.54,20,16688.426059
-39.0,29,16688.907414
-32.41,29,16689.309678
-37.81,41,16689.960448
-38.08,22,16690.330414
-40.39,29,16690.766825
-37.52,33,16691.350414
-32.61,33,16691.947046
-38.29,25,16692.408814
32.65019,33,16693.014394
-35.55,29,16693.656839
-44.05,30,16694.208139
38.367094,28,16694.770998
-36.0,28,16697.574064
-35.86,31,16698.021833
32.740385,35,16698.536381
-43.76,20,16698.889772
-44.09,28,16699.331705
39.0,22,16699.692478
-38.8,28,16700.137615
-38.51,23,16700.475206
-32.78,26,16700.899008
-35.37,33,16701.381263
32.685619,34,16701.944499
32.035294,33,16702.508802
-38.19,23,16702.961135
-45.0,22,16703.350288
-38.17,24,16703.928058
-31.96,28,16704.441515
-37.99,40,16705.153034
-38.08,32,16705.793487
-41.25,43,16708.767968
-44.75,21,16709.102314
-35.48,24,16709.498394
38.672355,27,16709.880743
32.246528,33,16710.578161
-40.87,21,16710.931495
-31.88,29,16711.396235
33.0,25,16711.768876
32.440171,28,16712.221223
-35.76,27,16712.671729
-41.4,31,16713.259888
-39.0,23,16713.705068
-32.13,28,16714.248848
-39.0,29,16714.750904
-39.64,23,16715.155
33.0,26,16715.5411
-40.43,27,16716.154295
35.513011,31,16716.715594
-33.0,28,16717.221105
38.34269,51,16720.100152
-38.73,37,16720.698473
-41.32,28,16721.142971
-38.91,21,16721.480486
-36.0,27,16721.869231
-43.35,24,16722.236089
-38.11,25,16722.647357
36.0,32,16723.153042
-36.0,27,16723.664296
44.443609,23,16724.108952
-34.26,32,16724.730617
37.529154,27,16725.230472
-34.81,36,16725.908916
-42.0,22,16726.303343
-47.75,24,16726.728079
-35.21,34,16727.32612
32.032922,29,16727.862214
32.847403,37,16730.528069
-35.43,40,16731.302607
33.0,22,16731.678594
-32.38,55,16732.865753
-38.94,22,16733.635682
-39.0,32,16734.150456
-36.0,25,16734.60343
-42.0,24,16734.978687
-35.19,29,16735.404068
-35.08,31,16735.986122
-32.73,41,16736.764659
-41.19,24,16737.192216
34.857889,30,16737.935931
35.106719,24,16738.364486
38.363985,27,16738.862918
-41.33,24,16739.281263
-40.59,15,16739.58349
-36.93,21,16739.976915
-38.87,28,16742.461754
-39.0,32,16743.044107
-32.96,38,16743.714349
-35.6,49,16744.371744
-41.01,24,16744.752768
34.323595,32,16745.356097
32.441948,32,16745.829473
-35.84,28,16746.290823
36.0,32,16746.870153
-32.22,28,16747.368174
-38.49,27,16747.860353
32.239865,25,16748.308313
-37.63,32,16748.876657
-35.01,30,16749.410192
-44.06,24,16749.858134
32.255172,20,16750.227913
-35.8,24,16750.644669
-38.75,36,16753.349055
34.20871,31,16753.905471
37.827703,25,16754.363316
-41.51,27,16754.902279
-47.05,25,16755.302412
32.458824,30,16755.772929
-40.86,23,16756.162347
-38.13,27,16756.590897
-41.8,25,16757.110621
-44.44,27,16757.692135
35.141791,32,16758.211666
-44.27,25,16758.82111
-33.0,34,16759.56457
33.735912,30,16760.581887
-38.91,24,16761.065211
38.379699,33,16761.714342
-41.56,28,16762.357825
-40.56,42,16766.219901
-39.0,58,16767.47536
-32.47,27,16767.978554
-41.88,36,16768.824242
33.0,30,16769.452039
-41.5,24,16769.900034
-38.19,26,16770.347135
-39.0,25,16770.827396
-41.57,21,16771.233943
-42.0,23,16771.636045
-36.0,25,16771.998265
40.227948,23,16772.376156
-38.72,34,16773.079717
-41.43,31,16773.751519
-32.6,32,16774.480029
-35.67,31,16775.25203
38.380392,23,16775.886229
-42.0,21,16776.557385
-41.25,28,16779.784564
-41.41,29,16780.47422
-32.66,29,16781.116225
-35.7,31,16781.860992
-39.0,26,16782.398424
-37.73,32,16783.052382
-32.36,31,16783.714557
-38.52,32,16784.259505
-39.0,27,16784.633565
-40.93,26,16785.039878
32.570833,37,16785.549054
-41.16,25,16785.939084
-42.88,22,16786.300434
-32.0,30,16786.767357
-44.33,18,16787.138501
-41.13,30,16787.733187
-32.68,32,16788.296589
-46.36,42,16789.320369
-38.84,29,16792.223411
34.551615,33,16792.857261
-39.0,26,16793.459191
-40.44,30,16793.994859
-38.91,22,16794.37795
35.100694,29,16795.142262
-38.99,26,16795.666315
-32.3,27,16796.138204
-38.9,30,16796.616216
-44.09,23,16797.053431
-38.29,28,16797.47377
-38.45,28,16797.945089
-38.02,34,16798.567819
-36.0,29,16799.054919
-38.85,23,16799.511024
-41.88,24,16799.938469
35.131783,27,16800.471711
-38.91,24,16800.898099
33.795936,30,16803.900579
-35.35,31,16804.552756
-36.0,27,16805.101888
-38.27,28,16805.656859
-32.55,42,16806.411262
-41.17,23,16806.980053
-41.31,45,16808.104335
-39.0,31,16808.844482
-41.35,21,16809.258088
-38.36,24,16809.55852
-44.25,24,16809.917309
35.116466,23,16810.292503
-37.98,24,16810.710198
-36.0,28,16811.234383
-32.89,31,16811.769627
32.383399,31,16812.336812
-40.28,32,16812.878533
-44.51,29,16813.443941
-37.58,33,16816.05016
41.203704,21,16816.42284
-36.0,31,16817.031139
-43.15,24,16817.849241
-35.07,32,16818.521019
32.27439,28,16819.041459
-35.33,26,16819.612422
-38.03,24,16820.284168
38.637532,29,16820.830061
32.758333,26,16821.366554
-35.12,41,16822.465477
-41.25,26,16822.925206
-38.13,24,16823.427881
-41.28,28,16823.937039
38.105114,19,16824.308954
-33.0,29,16824.866921
-41.04,22,16825.297769
-32.91,28,16825.940239
32.013245,36,16828.730589
-38.05,29,16829.306244
-47.43,17,16829.685177
32.288889,30,16830.216981
-36.0,26,16830.719785
38.041935,24,16831.357193
-37.58,34,16831.964989
-38.5,34,16832.677
-41.92,22,16833.31431
35.084444,26,16833.893083
-33.0,34,16834.436179
-35.63,32,16834.912191
-32.18,31,16835.407069
39.0,20,16835.742161
-38.45,26,16836.114585
-38.68,23,16836.5659
-32.48,30,16837.218718
-38.86,24,16837.68539
-30.0,35,16838.315218
-36.0,28,16841.078051
-42.0,39,16841.983455
-37.86,24,16842.257701
-40.84,35,16842.648101
37.996228,27,16843.163023
35.695312,28,16843.731574
-41.26,26,16844.210959
34.873026,31,16844.806846
-35.39,27,16845.343799
-40.14,30,16845.938379
-35.66,34,16846.555743
-35.17,25,16846.992827
-38.11,41,16847.61717
-36.0,48,16848.344095
-41.63,35,16849.224909
-35.72,30,16849.808749
-35.55,26,16852.671035
-38.29,22,16853.119155
-35.69,24,16853.54406
-34.74,30,16854.101444
-36.0,30,16854.708102
-36.0,39,16855.431075
-45.0,22,16855.807346
-38.39,31,16856.408243
34.194186,32,16856.983537
-41.02,26,16857.449543
-38.42,29,16857.913336
-33.0,24,16858.355182
35.404358,25,16858.818894
-36.0,28,16859.331352
-38.19,23,16859.714459
-32.55,28,16860.237449
35.483395,26,16860.645161
-33.0,41,16861.330298
-45.0,24,16864.026328
-40.32,25,16864.508415
-44.62,22,16864.965602
40.715017,25,16865.456355
-40.85,32,16866.170315
-46.59,26,16866.990599
-32.63,30,16867.686258
-38.16,26,16868.213565
-43.64,22,16868.795445
-41.76,27,16869.384482
-34.34,26,16870.090287
-35.64,28,16870.673954
-35.74,29,16871.371224
-41.53,14,16871.659832
-41.91,27,16872.204611
-38.36,28,16872.646508
-44.47,21,16872.986024
-43.91,23,16873.33386
36.0,31,16873.755165
-31.89,26,16874.169327
-40.87,32,16876.594264
-35.36,32,16877.34223
34.709771,59,16878.431844
-41.85,20,16878.850571
-41.17,22,16879.413141
-35.15,41,16880.157893
-34.98,42,16880.896746
-36.0,24,16881.336739
35.528769,27,16881.813655
35.564885,29,16882.391185
-44.71,33,16883.005665
-37.22,34,16883.621486
-38.44,47,16884.386749
-32.28,29,16884.797288
-35.33,28,16885.202177
-38.71,24,16885.535903
32.455285,33,16888.060245
-38.02,31,16888.582075
-39.0,26,16889.027349
-34.4,30,16889.566579
-43.92,24,16890.01932
-39.0,21,16890.401991
37.497714,30,16890.917559
-38.48,29,16891.444372
-38.1,26,16891.88191
-32.06,39,16892.64123
-32.36,30,16893.157903
31.631783,34,16893.800988
-36.0,29,16894.346429
-32.31,30,16894.920781
-35.91,21,16895.286227
-45.0,13,16895.544052
-35.36,30,16895.994677
-32.85,34,16896.546072
-35.28,30,16898.940084
40.296011,22,16899.420376
-41.51,22,16900.08901
-38.35,27,16900.659547
-41.81,21,16901.019213
-44.74,25,16901.464788
-37.89,31,16902.045964
32.660959,33,16902.752213
-38.27,32,16903.471777
-41.69,22,16903.900392
35.329502,27,16904.627634
-43.96,20,16905.029711
-41.39,25,16905.494475
40.722666,25,16905.935625
-39.0,23,16906.408506
-41.32,26,16906.918315
-36.0,26,16907.427013
-41.41,35,16908.054546
-41.0,17,16908.32427
38.191927,25,16908.688823
-41.88,20,16910.914295
-41.18,22,16911.329557
38.292776,23,16911.782624
-41.39,21,16912.189896
-41.13,25,16912.622512
-39.17,21,16912.910812
-33.0,36,16913.569536
-38.75,41,16914.506195
-32.73,33,16915.188375
-35.4,23,16915.62957
37.930764,25,16916.109596
35.002841,29,16916.66673
-41.78,24,16917.132125
35.736486,28,16917.655284
-42.0,23,16918.068659
33.0,26,16918.537993
-35.57,26,16918.967253
40.508955,19,16919.284644
-41.73,21,16919.630758
-39.0,23,16919.993472
-38.71,26,16922.345213
-38.08,28,16922.829337
-32.55,36,16923.525651
-48.0,45,16924.195879
32.694215,54,16925.21741
-35.73,27,16925.769617
-39.0,20,16926.113402
-37.49,27,16926.63175
-43.54,20,16927.087907
-35.16,26,16927.569397
-35.29,41,16928.275291
-39.0,35,16929.164548
41.004068,25,16929.608901
-32.83,35,16930.287208
-44.85,23,16930.724309
-35.87,26,16931.29594
-44.28,30,16931.841774
35.318885,44,16934.616622
-34.68,25,16935.094046
-33.41,39,16935.836213
40.013958,31,16936.451409
32.435811,30,16936.932051
-35.03,28,16937.489064
38.588136,19,16937.846806
-41.56,24,16938.272841
-36.0,22,16938.662146
-32.8,34,16939.272256
-44.33,20,16939.629995
-38.76,24,16940.172738
38.10987,25,16940.583457
39.0,22,16941.010695
-36.0,35,16941.745988
-41.7,24,16942.143902
-32.67,30,16942.640695
-37.05,27,16943.052262
-38.27,22,16945.452072
-41.2,25,16945.858075
40.166772,25,16946.25255
-41.74,23,16946.627146
-35.84,30,16947.168286
-38.47,25,16947.708233
-41.03,24,16948.140767
35.151724,22,16948.590459
-41.77,24,16949.010819
-35.82,32,16949.554614
-39.0,26,16950.07778
-34.74,37,16950.756968
35.07377,25,16951.22623
-38.9,29,16951.736053
-40.63,22,16952.121801
32.221831,28,16952.670038
-32.24,27,16953.141071
-40.22,34,16953.641815
-39.0,29,16954.123282
-33.0,30,16956.67835
37.97557,28,16957.284778
-34.94,31,16957.981944
-44.1,32,16958.543272
-41.41,26,16959.02824
-36.0,26,16959.540872
-41.88,32,16960.148547
-38.67,27,16960.591759
-42.0,22,16961.693964
-35.61,26,16962.17471
-38.22,21,16962.577296
-42.0,31,16963.154239
37.088202,29,16963.670633
-39.0,25,16964.147728
35.64257,31,16964.667492
-38.34,30,16965.226326
35.437229,26,16965.669619
35.407407,30,16966.1491
-35.42,38,16968.746801
30.0,33,16969.240971
-34.84,38,16969.878803
-39.0,24,16970.212889
-36.41,31,16970.764745
-42.0,24,16971.170839
-35.44,27,16971.909743
40.240506,24,16972.325058
-32.41,29,16972.836158
-44.66,24,16973.574188
-40.75,32,16974.170462
-41.52,25,16974.671302
-41.46,28,16975.16999
-45.0,33,16975.814358
-38.88,30,16976.380146
-35.15,28,16976.883489
-33.0,36,16977.484958
-38.31,24,16977.812574
-38.61,33,16980.200484
-38.42,25,16980.611645
-38.15,33,16981.127668
-38.27,29,16981.572068
-41.69,24,16982.007935
41.758621,26,16982.527672
-35.19,28,16983.216204
32.042308,27,16983.855209
32.923333,51,16984.897131
-38.21,23,16985.399124
32.125964,30,16986.008562
-41.47,18,16986.34256
-32.03,35,16987.013863
-44.12,35,16987.740044
-38.91,19,16988.098263
33.0,31,16988.724256
-35.49,29,16989.222045
38.10473,24,16990.217394
-38.27,24,16992.837617
32.877778,35,16993.446576
36.0,28,16994.043458
-38.96,25,16994.429305
-37.62,25,16994.830668
-31.58,28,16995.448433
-35.62,34,16996.08536
-35.97,27,16996.5729
-41.59,33,16997.129117
-34.9,28,16997.629544
-41.05,25,16998.110583
-38.94,27,16998.604307
-41.23,23,16999.056716
-44.41,22,16999.455129
-36.0,29,17000.006283
-32.29,32,17000.496332
-34.93,47,17001.291445
-36.62,34,17003.812352
38.417735,25,17004.266176
-35.31,28,17004.749553
-38.21,28,17005.204668
-33.0,35,17005.742194
-38.38,32,17006.204741
-42.0,29,17006.677829
37.431729,51,17007.604912
-35.35,25,17008.088358
-38.42,31,17008.803797
-43.52,22,17009.40354
37.894809,27,17010.141732
-41.67,19,17010.49479
-44.85,25,17011.04593
-40.15,34,17011.768488
-41.85,32,17012.354117
37.545123,26,17012.810187
-41.7,30,17015.654156
-40.83,29,17016.245765
-38.85,35,17016.994093
-37.42,29,17017.600764
32.028037,30,17018.143216
-40.69,19,17018.417725
-38.11,28,17018.85866
35.710938,31,17019.352678
-38.69,21,17019.677986
-39.0,25,17020.109105
37.681484,33,17020.702705
-35.93,28,17021.264202
-39.0,32,17021.863159
35.10791,44,17023.142221
-39.0,26,17023.548244
34.623885,29,17024.054884
-37.71,31,17024.589429
-35.29,30,17025.149579
-38.51,26,17027.578509
-38.2,28,17028.115291
-41.72,23,17028.622684
-32.57,36,17029.30681
-41.56,32,17029.887597
-41.79,30,17030.372475
-41.17,27,17030.761505
35.14799,47,17031.495345
-41.55,24,17031.923737
-38.25,25,17032.457867
-40.66,32,17033.053894
-43.54,25,17033.514771
-44.16,30,17034.005423
-37.9,33,17034.50187
32.668942,32,17035.015936
-47.26,19,17035.327235
-35.02,30,17035.854493
-35.18,34,17038.739891
-44.73,32,17039.36324
-42.0,20,17039.759126
-41.8,37,17040.458862
37.196571,25,17040.913378
-33.0,25,17041.341993
32.165957,25,17041.868064
-32.26,27,17042.30352
-39.0,29,17042.807631
39.890927,34,17043.276182
-39.0,45,17043.960342
-41.59,32,17044.4503
-41.42,26,17044.863104
-38.73,25,17045.327392
32.367521,25,17045.751999
-45.0,28,17046.19628
-41.7,27,17046.612587
-35.3,27,17047.047208
-40.82,26,17049.556533
-41.44,25,17050.257108
41.384615,24,17050.726509
-41.85,22,17051.1123
-41.04,20,17051.46243
-39.0,24,17051.908785
31.801587,38,17052.62932
-35.91,27,17053.088209
38.121795,22,17053.524079
35.057239,27,17054.020568
-44.56,20,17054.362602
-44.43,25,17054.695175
-38.64,28,17055.087843
32.24537,31,17055.567923
-39.0,25,17055.99382
-35.52,25,17056.411521
-32.5,44,17057.183316
-39.0,22,17057.49721
-42.0,51,17060.310873
-44.52,16,17060.62306
-36.0,25,17061.071913
-40.85,22,17061.473123
-41.32,21,17061.867432
-38.69,32,17062.673989
-38.8,23,17063.146282
-35.77,30,17063.910611
-41.65,20,17064.261841
33.0,24,17064.683369
-41.54,25,17065.119911
-42.0,24,17065.564303
-32.99,30,17066.080624
-40.71,32,17066.68619
-41.71,20,17067.05244
38.087137,17,17067.32584
-47.73,19,17067.627549
-44.29,25,17068.007061
-41.2,29,17068.457197
32.16835,39,17069.058425
-40.28,24,17069.442004
-41.51,27,17071.82938
-44.31,27,17072.262247
-38.57,35,17072.953357
33.0,29,17073.490859
32.608414,28,17074.023545
-41.71,28,17074.535171
38.34632,19,17074.885277
-44.56,22,17075.334013
-38.9,31,17075.929299
-38.5,28,17076.455485
39.0,31,17077.025367
-35.62,29,17077.568431
-35.67,33,17078.26733
-44.85,27,17078.822266
-39.0,27,17079.366719
30.0,42,17079.994418
32.300292,41,17080.590463
-41.41,32,17083.062035
-44.05,15,17083.409361
42.0,20,17083.792849
-37.62,31,17084.3404
-41.71,25,17084.787529
32.244373,32,17085.417309
-40.83,28,17085.993719
-41.25,27,17086.511315
-46.66,24,17086.994464
-41.31,20,17087.357402
-45.0,19,17087.833295
35.022642,33,17088.575694
-46.51,27,17089.063213
-41.68,29,17089.580639
-37.96,30,17090.375488
-36.0,29,17090.875589
-44.4,17,17091.185752
43.891451,21,17091.609465
35.652174,23,17092.004679
-43.17,21,17092.264162
-39.0,23,17092.569338
-38.92,23,17094.915854
-41.74,37,17095.646291
-38.57,27,17096.085217
32.595016,26,17096.610842
-38.68,37,17097.317264
-42.0,20,17097.699119
-36.0,25,17098.17955
-33.0,31,17098.717724
32.9,34,17099.35181
-38.9,47,17100.172943
-43.84,17,17100.480258
-41.77,21,17100.890793
-34.91,28,17101.421107
-35.91,25,17101.926494
31.727799,29,17102.546146
-42.0,26,17103.033057
35.641791,24,17103.385085
32.00823,31,17103.8115
-41.19,22,17106.026284
-41.38,23,17106.474197
32.348993,48,17107.302479
-41.24,24,17107.808919
-38.73,28,17108.333989
-41.63,27,17108.88832
-38.1,26,17109.381469
-38.12,26,17109.909535
-37.9,24,17110.373497
33.0,26,17110.927701
-32.69,34,17111.717322
-32.91,33,17112.315969
-41.79,19,17112.666212
-41.66,21,17113.277229
-38.07,24,17113.714576
-39.0,34,17114.344135
-41.41,28,17114.900861
-34.63,29,17115.381193
-38.73,22,17115.722912
-41.25,25,17118.249896
-44.96,19,17118.663783
-38.2,30,17119.234564
-44.36,110,17121.292285
-38.68,42,17122.098187
-36.0,30,17122.597674
-38.21,27,17123.093575
-38.73,24,17123.536369
-38.41,28,17124.069661
-35.37,28,17124.592709
-35.05,30,17125.188951
-41.28,29,17125.686122
-41.73,19,17126.045856
-35.08,26,17126.662287
-41.15,26,17127.119328
-35.66,25,17127.523013
-38.91,25,17129.69983
-41.49,33,17130.223866
-32.65,30,17130.980507
-32.48,22,17131.403949
-41.02,26,17131.878038
-38.37,29,17132.37908
-44.41,20,17132.767359
35.250951,36,17133.483657
-38.04,35,17134.149025
-39.0,26,17134.665203
-40.92,22,17135.098682
-42.0,27,17135.687836
-40.73,32,17136.289839
-41.24,30,17137.038459
-32.54,25,17137.519688
32.34749,38,17138.223321
-38.61,24,17138.625412
-44.08,24,17139.039154
-43.97,38,17141.694161
-35.9,28,17142.138531
-42.0,32,17142.662796
-37.77,30,17143.179199
-41.38,25,17143.656996
-41.12,26,17144.20136
-45.0,23,17144.8955
-33.98,52,17145.890399
32.015209,40,17146.524095
32.413953,34,17147.130963
-41.58,26,17147.638579
-41.09,28,17148.144576
37.832669,46,17149.103412
32.067416,28,17149.631512
-32.39,35,17150.205542
-35.48,31,17152.617992
-38.12,26,17153.014241
-39.0,25,17153.385931
-39.0,29,17153.831746
-35.34,25,17154.224147
-41.39,26,17154.666562
-41.65,27,17155.189258
-37.25,29,17155.712781
-39.0,19,17156.076901
-44.5,30,17156.631328
-43.64,21,17157.050897
-32.3,35,17157.744855
-41.01,24,17158.186567
32.509091,32,17158.745986
-32.27,29,17159.301841
34.617241,33,17159.904363
33.0,38,17160.61209
-38.11,37,17161.241532
-41.09,41,17164.014586
-36.0,32,17164.430412
34.315727,35,17165.023419
-38.15,34,17165.560927
-41.5,51,17166.330748
-43.89,20,17166.63225
-38.91,25,17167.315319
-40.23,33,17168.010482
-41.55,22,17168.437559
-41.91,28,17168.934965
-42.0,21,17169.31737
-38.19,28,17169.873867
35.105469,33,17170.571383
-38.62,26,17171.050616
-43.89,26,17171.552068
33.602019,27,17172.063036
-32.94,31,17172.588064
-41.26,22,17172.925649
30.0,30,17175.526842
-38.63,23,17175.906838
33.0,45,17176.70206
-33.0,26,17177.133923
-41.15,20,17177.462343
-41.38,25,17177.866016
32.024457,57,17178.797272
-36.0,21,17179.203251
-36.0,24,17179.714432
-38.46,27,17180.205646
-43.52,23,17180.661345
-38.14,39,17181.46139
-36.0,28,17182.023447
39.0,29,17182.772722
-31.54,27,17183.302469
-41.09,26,17183.768162
-41.16,24,17184.19517
-43.09,31,17186.869074
-35.76,31,17187.464496
-36.0,21,17187.845814
-39.0,36,17188.545004
-32.18,84,17189.880092
-42.0,40,17190.510717
-32.52,28,17191.011947
-32.61,26,17191.466263
-38.14,37,17192.158506
-38.49,17,17192.478567
45.921155,17,17192.813335
32.325095,33,17193.615916
37.844397,42,17194.420914
-39.0,28,17195.15329
35.408088,26,17195.626236
-35.61,27,17196.096313
-41.46,31,17198.780513
-41.47,21,17199.240799
41.067925,16,17199.564981
-41.89,25,17200.108805
-31.58,36,17200.826875
-41.91,26,17201.277905
37.699605,30,17201.734367
-37.8,25,17202.35831
-44.12,28,17202.853192
-43.27,29,17203.403745
-37.99,40,17204.156029
-38.33,23,17204.610084
-35.76,27,17205.193575
-43.61,20,17205.562782
32.069106,24,17206.064418
-44.82,19,17206.370018
-43.84,31,17206.894931
-35.29,25,17207.25939
37.702344,32,17207.824672
-37.74,30,17210.492428
-32.32,32,17211.099817
36.904716,35,17211.634518
32.902439,40,17212.426136
-44.62,26,17212.901839
-41.53,26,17213.355244
37.723194,27,17213.815927
-35.76,32,17214.364903
-35.81,24,17214.75157
-35.28,23,17215.187329
-44.55,20,17215.58563
35.960432,26,17216.076734
-38.75,32,17216.655881
-41.78,24,17217.042898
-38.03,22,17217.404282
-44.44,17,17217.696062
-33.0,34,17218.218493
-42.0,20,17218.820405
-35.46,37,17222.23303
-39.0,33,17223.020679
-36.0,28,17223.533235
-37.3,28,17224.055646
-41.29,21,17224.436561
-35.29,29,17224.966322
-35.25,28,17225.520666
-38.45,33,17226.021314
-38.14,33,17226.548547
-40.65,38,17227.15689
-44.49,26,17227.565557
-41.29,27,17228.038558
-41.43,24,17228.541347
32.195804,32,17229.0718
-32.12,26,17229.578214
-35.04,25,17229.971671
-32.85,30,17230.519248
-39.0,20,17230.911358
35.359919,26,17231.422799
-38.32,37,17234.691208
-38.82,23,17234.97202
-41.5,22,17235.277643
-35.64,39,17235.990676
-41.15,33,17236.589975
-38.5,19,17236.923635
-44.43,24,17237.381403
-38.27,37,17237.988787
-44.54,16,17238.251107
-47.01,28,17238.745992
-44.16,28,17239.18857
-35.49,28,17239.607657
-38.2,23,17239.958397
-33.0,43,17240.67739
38.075472,24,17241.0709
35.654618,28,17241.537689
40.448419,19,17241.857173
30.0,32,17242.517545
38.069443,24,17245.297453
-41.65,23,17245.759611
-35.77,30,17246.553057
-41.13,28,17247.144272
-38.68,22,17247.547888
-32.63,33,17248.370931
-36.6,27,17248.980053
-33.0,32,17249.572918
-35.81,25,17250.038005
-41.26,26,17250.476898
-36.0,28,17250.943597
-41.47,21,17251.280645
37.579172,23,17251.64221
-37.17,26,17252.008553
-38.6,26,17252.409574
-33.0,29,17252.940645
-37.5,35,17253.551194
-41.68,24,17254.010642
-42.0,26,17254.57208
-36.79,45,17257.872882
34.947721,32,17258.496958
-38.56,43,17259.316181
32.486111,47,17260.164799
-35.09,36,17260.915752
-38.79,25,17261.349126
-41.18,24,17261.798544
-32.64,25,17262.214397
-35.41,28,17262.63967
-35.44,28,17263.063765
-32.52,32,17263.528301
-39.84,25,17263.908057
33.0,29,17264.392097
-41.28,26,17264.815701
-44.3,22,17265.194986
-41.12,27,17265.701263
-39.0,26,17266.179958
-41.78,34,17268.827309
-38.86,33,17269.513458
33.0,30,17270.150138
-44.48,29,17270.727402
35.48289,25,17271.422624
-32.65,35,17272.115077
41.34375,22,17272.52587
-46.74,15,17272.786491
-35.81,32,17273.446154
-41.64,45,17274.466166
-41.31,117,17276.046749
-34.8,46,17276.864304
-32.13,83,17280.629051
32.170648,35,17281.313881
-39.0,31,17281.954911
-41.37,23,17282.433098
40.659978,22,17282.792609
32.676806,31,17283.348578
-39.0,29,17283.906268
-38.59,23,17284.328209
-37.62,29,17284.871475
-41.15,23,17285.300565
-36.0,29,17285.864324
-41.27,23,17286.212531
-41.7,28,17286.641075
-37.32,31,17287.11692
38.459739,29,17287.511296
-38.03,22,17287.833705
-32.74,32,17288.474578
-32.86,28,17289.002451
-41.48,29,17291.565114
33.0,36,17292.248978
-47.07,13,17292.469976
-38.08,32,17293.191077
-37.9,39,17293.944911
-37.66,35,17294.557587
-42.0,32,17295.165272
-42.0,38,17295.888675
-32.22,34,17296.540516
35.019011,29,17297.250676
-41.2,24,17297.684767
32.279661,29,17298.090939
-40.92,20,17298.379501
36.295775,27,17298.71531
-41.27,25,17299.071254
-38.69,25,17299.465437
-33.0,33,17300.015808
34.745787,35,17302.699823
33.0,29,17303.397834
-39.0,27,17304.046505
-32.24,24,17304.575426
-38.83,18,17304.963315
-38.19,25,17305.441845
-34.98,35,17306.099994
-41.55,20,17306.483306
-40.57,24,17306.96892
-41.35,24,17307.445522
37.308289,21,17307.881609
-39.0,24,17308.384974
-39.0,31,17308.981501
32.9,30,17309.55336
-32.71,31,17310.056644
-32.81,37,17310.733573
-47.19,21,17310.995066
-41.12,18,17311.255796
-47.48,27,17311.689562
-35.49,23,17312.052604
-35.81,27,17314.693892
33.0,49,17315.578719
-44.67,27,17316.074512
-33.0,29,17316.543704
35.245283,19,17316.84693
-39.0,23,17317.258625
-38.91,37,17317.926791
37.392727,33,17318.576917
-32.7,40,17319.357008
-35.75,27,17319.843282
32.359712,36,17320.684365
-35.79,30,17321.206817
-35.22,38,17321.759336
-41.24,24,17322.104675
-35.28,32,17322.556424
-44.52,25,17322.959069
-36.0,39,17326.703027
-44.07,29,17327.235695
-38.71,25,17327.675433
-33.0,31,17328.428895
-33.0,35,17329.029905
-41.46,19,17329.401628
-40.31,29,17329.967503
-43.65,28,17330.788594
-39.0,25,17331.235384
-41.23,36,17331.943601
-41.62,22,17332.372766
38.544118,27,17332.79555
-41.54,24,17333.367556
-39.0,31,17333.857052
-43.66,31,17334.313644
-38.33,30,17334.811858
-39.0,20,17335.148578
35.704348,30,17336.118214
32.07197,30,17336.662149
-42.0,22,17339.094134
-38.54,38,17339.962031
42.162437,25,17340.533646
-35.12,31,17341.146779
-41.31,31,17341.706546
32.460227,33,17342.338738
32.405738,28,17342.933561
-35.88,27,17343.408208
-38.19,30,17344.001525
-32.91,28,17344.520793
37.720141,26,17344.933526
-46.39,27,17345.355437
-43.98,35,17345.883712
-41.46,19,17346.136151
-41.76,27,17346.54015
38.5,22,17346.869463
-41.2,28,17347.430845
32.380814,28,17347.950299
-38.94,25,17350.857158
-41.52,26,17351.375011
-35.64,29,17351.946541
-38.51,20,17352.334199
-40.46,23,17352.883215
38.089655,24,17353.378556
-36.0,31,17354.179542
-44.79,29,17354.825761
-43.77,22,17355.325243
-42.0,35,17356.257386
-45.0,17,17356.598282
-32.97,29,17357.143946
34.956744,28,17357.666851
-39.0,24,17358.067228
-32.46,26,17358.501456
-34.68,29,17358.92087
-35.42,28,17359.332974
38.080321,27,17359.739748
-38.74,34,17360.271549
-44.24,30,17362.909933
-43.11,23,17363.246421
-41.31,21,17363.647134
38.189344,23,17364.123579
-35.09,30,17364.673592
-38.32,25,17365.137926
-42.0,23,17365.633129
-38.93,32,17366.257663
-43.56,27,17366.792275
33.0,37,17367.439811
-38.91,37,17368.148137
-34.77,29,17368.630239
-36.0,45,17369.352026
-36.0,31,17369.914769
-32.37,33,17370.43498
-42.0,32,17370.901404
-38.47,25,17371.328529
-35.33,39,17374.269361
34.80136,26,17374.854195
-41.3,31,17375.520788
-35.48,49,17376.44143
-44.07,35,17377.377524
42.632733,34,17378.023749
-32.78,54,17379.084522
-32.73,32,17379.639417
38.372624,23,17380.073813
-35.79,37,17380.723777
33.0,30,17381.548098
-32.3,26,17382.212295
39.0,21,17382.538677
-35.0,39,17383.132958
-38.26,30,17383.539893
-41.36,28,17383.926083
-38.39,27,17386.299931
-33.0,26,17386.740544
-35.69,28,17387.204865
-37.68,31,17387.790537
-35.45,23,17388.225619
33.0,60,17389.302263
-41.97,21,17389.721522
-35.71,26,17390.182036
32.08547,30,17390.714681
-38.11,42,17391.461231
-41.63,25,17391.904504
-42.0,29,17392.444423
-41.74,26,17392.938042
-35.29,35,17393.52609
38.523745,45,17394.214035
-41.77,17,17394.464517
-42.0,18,17394.718139
-32.03,36,17397.183812
-34.92,29,17397.77027
-34.92,28,17398.326771
35.44856,28,17398.917118
-36.0,29,17399.497185
-38.38,31,17400.089891
37.303279,41,17400.877141
-38.79,35,17401.584762
-41.71,32,17402.238437
-41.09,31,17403.15031
-35.52,26,17403.611051
-38.68,23,17404.052691
-35.08,31,17404.663094
-44.1,36,17405.279705
32.05042,41,17405.899159
-39.0,21,17406.1815
-39.0,28,17408.511105
-34.45,54,17409.893396
-41.41,21,17410.255571
-38.52,27,17410.750226
32.268212,36,17411.42758
32.462451,32,17411.997916
-42.0,24,17412.439658
38.919003,27,17412.929153
-38.15,27,17413.481571
35.566929,27,17413.977413
-32.07,21,17414.375464
-35.58,30,17414.927359
-45.0,62,17416.090228
32.519481,31,17416.608679
-33.0,35,17417.168117
-44.08,23,17417.519582
-44.25,24,17417.924129
-38.43,27,17420.307008
39.0,22,17420.692883
-38.93,35,17421.384101
34.817494,35,17422.055425
36.0,26,17422.53232
-41.55,25,17422.99385
37.174168,34,17423.685011
32.600719,28,17424.858717
-38.45,28,17425.49833
-37.82,34,17426.140789
-35.7,34,17426.750259
-38.05,51,17427.725464
35.370283,34,17428.341588
-35.09,36,17429.20096
-38.18,28,17429.682447
38.039146,25,17430.139475
32.367133,37,17432.733084
-45.0,24,17433.184023
-41.26,28,17433.721488
32.098237,32,17434.337787
32.444444,25,17434.818588
-44.18,38,17435.494722
-32.07,34,17436.298049
-38.34,21,17436.67522
-38.51,28,17437.224982
-38.71,22,17437.606956
-39.0,21,17437.969854
-41.4,21,17438.367247
32.778502,27,17438.817013
-41.06,29,17439.346053
40.185457,32,17439.847235
-38.58,27,17440.312053
37.980744,26,17440.740369
-35.84,26,17441.099263
-35.6,33,17443.698775
-43.71,17,17443.990988
-40.38,30,17444.554173
-39.0,24,17445.026851
-35.86,25,17445.510168
-38.27,30,17446.149739
32.165179,26,17446.671077
-38.43,36,17447.24162
-35.49,28,17447.780757
-32.85,65,17449.0255
-42.0,22,17449.441673
-42.0,29,17450.458174
-41.81,46,17451.25852
-42.0,47,17451.970575
35.45368,27,17452.403521
-41.28,21,17452.718199
-38.76,22,17453.090842
-41.9,25,17455.600087
37.851733,30,17456.061173
-38.67,31,17456.593215
37.29651,25,17457.069261
-35.24,32,17457.661613
-35.88,24,17458.126822
-41.2,27,17458.628531
-37.76,31,17459.246201
-34.82,29,17459.808379
32.406977,34,17460.44523
-38.91,22,17460.869426
33.0,46,17461.675409
-38.54,47,17462.766654
-42.0,25,17463.22942
-32.54,28,17463.671274
35.156364,29,17464.14112
-39.0,25,17464.571361
-45.0,30,17467.07995
-37.68,27,17467.526808
37.615479,29,17468.013117
-35.65,23,17468.451522
38.067729,25,17468.928714
-38.08,33,17469.537011
-39.0,20,17469.95234
-38.62,29,17470.513023
-38.91,21,17470.935552
-43.85,21,17471.362435
-38.34,26,17471.894656
-35.85,30,17472.443476
-39.0,24,17472.926401
-41.42,31,17473.472676
-41.28,28,17473.988218
-35.4,29,17474.506027
-39.0,25,17474.937349
32.113553,33,17475.454556
-38.94,29,17476.107535
-40.9,32,17478.864401
32.390428,37,17479.439552
-34.64,36,17480.878041
-35.44,41,17481.842098
-38.91,18,17482.156116
35.564685,37,17482.862694
-41.29,34,17483.469993
-38.87,35,17484.100906
32.333333,55,17485.145422
-42.0,19,17485.46731
-46.83,22,17485.89843
-38.76,27,17486.331696
-43.6,25,17486.854216
-37.5,24,17487.258849
-38.54,30,17487.713093
-35.5,30,17488.334451
-38.06,24,17490.65188
37.812815,28,17491.161431
-44.64,22,17491.541901
-41.73,25,17492.01276
-39.0,20,17492.379941
-38.62,35,17493.069962
-41.97,30,17493.627418
-38.85,28,17494.129026
-35.33,31,17494.757951
32.618911,37,17495.441651
-41.93,39,17496.142751
32.550129,30,17496.688692
-42.0,29,17497.221175
-43.8,27,17497.70211
-41.35,21,17498.071556
48.0,27,17498.489623
-32.78,34,17499.056448
-38.67,26,17499.436759
-41.48,29,17501.916921
35.039735,19,17502.26914
-34.54,25,17502.603646
-41.29,30,17503.129298
-35.31,37,17503.870597
-38.51,25,17504.369814
32.246418,27,17504.857491
-38.06,24,17505.292786
30.0,34,17505.859086
-41.77,23,17506.238905
-44.06,19,17506.612051
-39.0,28,17507.331374
37.617385,26,17507.827657
-38.8,27,17508.41435
-40.56,25,17508.864191
-41.17,30,17509.301128
-38.89,30,17509.806794
-44.22,19,17510.146575
-38.73,22,17510.544227
-47.8,48,17513.413023
-36.0,26,17513.819513
-38.38,27,17514.200986
-35.08,31,17514.79235
-38.13,26,17515.358003
-38.5,33,17516.150895
-44.0,27,17516.672775
-36.0,28,17517.255729
-32.68,28,17517.775747
-32.18,28,17518.312662
41.902985,16,17518.63544
-42.0,30,17519.235524
-36.0,28,17519.737052
-38.5,25,17520.193294
-32.57,45,17521.007569
-36.0,28,17521.498415
-35.78,25,17521.944323
-40.77,25,17522.400844
-41.28,26,17524.882994
-38.48,33,17525.378652
-44.09,27,17525.846157
-41.16,28,17526.282579
32.625455,28,17526.834166
-41.3,21,17527.211662
-42.0,23,17527.61044
-39.0,23,17528.049767
39.720993,34,17528.699492
32.820423,29,17529.403698
-44.33,23,17529.891704
-36.0,35,17530.509205
-35.54,28,17531.053449
-38.84,24,17531.474461
-36.0,24,17531.888529
35.2,21,17532.264206
-37.65,29,17532.707341
-38.68,35,17533.484967
-43.58,36,17534.117167
-32.4,35,17536.649564
38.814815,19,17536.923293
-41.51,25,17537.305988
-39.0,25,17537.692273
32.90932,35,17538.216251
32.522727,32,17538.637735
-36.0,23,17539.099184
-44.64,19,17539.509115
-41.28,25,17539.982412
-38.44,27,17540.46787
32.517123,26,17540.96821
-35.08,33,17541.785047
-35.4,36,17542.584187
-32.71,29,17543.347883
32.244505,35,17544.048037
38.228503,46,17544.854926
-34.87,27,17545.288595
-40.48,29,17548.336365
32.954373,35,17548.993408
-35.68,27,17549.443452
-41.23,27,17549.883367
-40.28,21,17550.208866
-36.0,26,17550.600091
-41.79,25,17550.975946
-43.31,27,17551.407206
-38.44,25,17551.854507
35.466238,41,17552.630771
-46.85,16,17552.876795
41.367867,24,17553.357179
-38.14,23,17553.755961
32.80695,31,17554.386028
32.836,33,17554.978332
-39.0,27,17555.453149
-38.66,27,17555.980635
-35.4,35,17556.768393
-38.47,27,17557.480496
-38.5,26,17560.492506
-41.19,31,17561.17663
-41.04,28,17561.678645
-38.13,25,17562.002135
-41.76,30,17562.479725
-47.39,24,17562.867465
-38.62,21,17563.196143
-34.89,31,17563.659658
32.903448,50,17564.505675
-38.43,29,17565.068073
-43.96,32,17565.648024
32.566265,29,17566.23664
-38.07,20,17566.586736
32.443333,44,17567.22725
-38.93,27,17567.654871
-35.49,35,17568.297225
32.5,32,17569.009469
-32.6,24,17571.695292
32.53271,35,17572.397367
37.301029,26,17572.850968
-36.0,31,17573.381162
-33.0,50,17574.172038
33.0,32,17574.695174
-40.91,28,17575.155141
-35.48,29,17575.596254
-33.0,31,17576.198922
-38.71,32,17577.138803
-38.23,25,17577.54107
-40.53,24,17577.956163
40.478517,22,17578.276518
-35.67,29,17578.701002
-35.3,32,17579.243235
-35.46,24,17579.693726
-41.18,31,17580.239296
-38.76,29,17582.81865
-33.0,37,17583.425001
-36.0,30,17584.013388
38.603448,21,17584.344072
-37.7,28,17584.831961
38.044041,28,17585.499641
-32.17,41,17586.30238
-42.0,27,17586.708016
-44.32,27,17587.138651
32.296552,40,17587.736823
-38.29,29,17588.698452
-35.2,38,17589.316838
33.0,46,17590.04504
32.168937,31,17590.541872
-38.91,33,17591.093931
-35.42,33,17591.664774
-44.04,19,17593.991554
-38.37,30,17594.540389
-39.0,23,17594.820313
-32.91,35,17595.53308
-34.66,41,17596.437235
-44.36,22,17596.831863
-41.92,26,17597.295688
-38.66,28,17597.800182
-42.0,18,17598.08989
-39.0,24,17598.479172
-41.5,19,17598.869156
-34.55,30,17599.346283
-41.76,23,17599.693493
39.558108,30,17600.266476
-39.0,28,17600.707576
-38.38,29,17601.1772
-40.77,36,17601.788059
-44.14,38,17602.402495
-44.2,17,17602.713163
-42.0,23,17605.120639
-41.29,21,17605.541765
-42.0,29,17606.084569
-35.39,30,17606.613714
-42.0,37,17607.251595
-39.0,30,17607.764409
-35.19,23,17608.167583
-41.78,25,17608.623045
-44.95,34,17609.267774
-42.0,19,17609.56232
-38.79,22,17609.893235
32.214022,33,17610.380416
-38.5,34,17611.088893
-40.82,23,17611.455168
-44.3,23,17611.805117
-36.0,21,17612.103309
-44.55,20,17612.413983
-38.62,22,17612.760123
-38.34,21,17613.084224
-35.21,33,17615.745389
-35.84,29,17616.207595
-32.45,46,17617.103002
-38.51,27,17617.666472
-40.61,24,17618.212413
32.090343,38,17618.915204
-38.31,31,17619.488734
38.029661,23,17619.913305
43.138272,18,17620.232843
-40.73,23,17620.964174
-41.67,23,17621.405255
-38.18,30,17621.897915
36.0,27,17622.310719
-36.0,28,17622.730962
-37.79,24,17623.05762
-38.87,28,17623.485686
-38.06,30,17624.001416
-37.33,30,17624.513838
-32.17,40,17627.322283
-36.0,21,17627.684897
-38.21,20,17628.051508
-47.48,32,17628.625728
-32.47,28,17629.109425
-38.87,36,17629.733026
-38.49,38,17630.44025
-32.08,27,17630.934033
-38.36,25,17631.423472
-38.37,26,17631.884712
-38.41,30,17632.39894
-42.0,16,17632.730253
-44.41,25,17633.119523
-43.46,21,17633.421249
-38.74,31,17633.849094
-41.39,34,17634.306692
-38.72,29,17634.696662
-42.0,20,17635.005703
-35.91,26,17635.602602
-41.19,20,17638.220221
-38.71,34,17638.875069
-32.25,30,17639.405587
-38.87,27,17639.883048
-33.0,31,17640.417696
-32.18,38,17641.065215
35.183246,38,17641.781414
-36.0,23,17642.207736
-32.16,30,17642.746488
-32.76,31,17643.340856
-38.17,31,17644.164128
-37.68,26,17644.520914
44.61811,29,17644.948661
-33.0,43,17645.61082
-41.85,30,17646.039576
35.259434,33,17646.642368
-38.37,23,17647.248356
-34.87,27,17649.74123
-33.0,31,17650.345145
35.353909,26,17650.866356
-36.0,30,17651.496386
-38.17,24,17652.005778
-32.23,29,17652.690718
-40.29,30,17653.294801
-39.0,28,17653.846858
-33.0,37,17654.585965
-35.33,29,17655.21499
-37.8,27,17655.822301
-33.0,29,17656.460857
-36.0,39,17657.107132
-35.06,29,17657.585234
-32.4,36,17658.208153
-41.43,25,17658.626809
-32.67,31,17659.338039
-44.01,26,17661.944328
-35.73,31,17662.506916
-39.0,23,17663.05992
-44.92,28,17663.826914
-32.83,23,17664.269498
32.785156,23,17664.727821
-38.17,26,17665.17843
-38.11,31,17665.94118
-35.79,30,17666.53296
-39.33,25,17667.000004
-39.0,24,17667.440571
-43.8,28,17667.946892
-44.2,16,17668.262122
-35.31,27,17668.644439
-38.7,28,17669.111711
35.494208,32,17669.596534
-45.0,25,17669.97734
-39.0,23,17670.311935
-33.0,54,17671.124187
-35.34,31,17673.700948
-33.0,39,17674.590693
-43.14,27,17675.083
37.636365,25,17675.523693
-41.37,29,17676.176567
-44.24,17,17677.193847
-38.74,25,17677.690086
-35.4,32,17678.290058
-44.34,28,17678.813129
-44.32,18,17679.118686
-39.0,25,17679.567929
-41.08,33,17680.116965
-41.17,22,17680.396475
-41.3,21,17680.67883
-40.4,30,17681.099475
-42.0,22,17681.360144
-32.05,31,17681.807522
-41.67,31,17682.390268
-36.0,30,17684.982877
32.253968,42,17685.754914
-47.72,13,17685.964539
-37.94,23,17686.370444
-41.65,26,17686.889994
-35.6,35,17687.516062
35.624138,37,17688.357245
-32.68,39,17689.167955
-35.91,27,17689.739432
-38.57,27,17690.227734
-44.71,25,17690.64132
-36.0,27,17691.078059
33.0,32,17691.570298
-41.65,28,17692.02701
34.263366,32,17692.504405
-46.52,26,17692.848573
40.217612,26,17693.812538
-39.0,30,17694.399343
-47.16,26,17696.858497
-41.27,26,17697.347638
-44.56,21,17697.755655
35.251724,26,17698.230996
-41.2,22,17698.59168
-34.82,27,17699.074165
35.431907,29,17699.565614
-32.49,28,17700.261727
-43.53,20,17700.58892
-41.35,24,17701.034128
-38.88,38,17701.768705
-35.06,34,17702.438396
-41.53,21,17702.750299
-35.71,28,17703.177205
35.175793,25,17703.532503
32.3083,41,17704.077445
-41.27,23,17704.450767
35.074576,26,17704.872442
-35.89,29,17705.363944
-39.0,19,17707.792207
-44.18,32,17708.341712
35.432727,28,17708.85032
-34.39,31,17709.377995
-44.86,25,17709.840172
-38.42,29,17710.327563
-41.57,20,17710.665012
-44.75,81,17712.12417
34.98864,30,17712.671591
35.903226,28,17713.293512
-41.74,28,17713.829507
-32.57,37,17714.434635
35.136691,33,17714.912045
-44.63,34,17715.436043
-38.1,27,17715.852899
-41.41,28,17716.256438
32.781022,27,17718.785183
37.448008,30,17719.368579
32.508711,28,17719.908619
-33.0,25,17720.356055
-37.85,31,17720.999835
35.309353,30,17722.161839
-35.39,24,17722.684049
-38.69,40,17723.387141
-35.61,43,17724.217224
-41.28,25,17724.720296
-32.08,30,17725.281787
-41.05,24,17725.620869
32.442804,34,17726.085968
-36.0,37,17726.957801
37.739409,25,17727.376204
32.793846,38,17727.975852
35.159259,30,17728.440016
32.638436,37,17731.124088
-35.85,24,17731.57901
-42.0,19,17731.87861
-35.21,32,17732.476352
-35.19,24,17732.889946
-38.81,24,17733.328401
32.153257,29,17733.872565
-35.83,38,17734.583571
-41.65,25,17735.015738
-38.69,23,17735.421185
-42.0,22,17735.812377
36.0,24,17736.154808
-35.38,31,17736.653233
-38.41,30,17737.125321
-35.83,28,17737.581743
-34.58,26,17738.020432
-38.49,26,17738.530672
-38.76,27,17738.939328
-37.93,32,17741.349762
-34.79,34,17741.944401
-39.0,28,17742.369134
-36.0,31,17742.879588
-36.0,32,17743.440405
-39.0,21,17743.837528
35.058016,25,17744.284491
-33.0,29,17745.629195
-38.63,20,17745.960203
-34.89,35,17746.560675
-45.0,25,17747.056884
-41.34,29,17747.546527
-32.89,32,17748.085596
32.484962,30,17748.569887
-44.51,20,17748.911921
-36.0,35,17749.492789
-38.16,23,17749.957237
-36.0,26,17750.435412
-38.44,31,17750.947061
-32.44,39,17753.438972
-35.2,27,17754.081184
38.175325,23,17754.51004
37.159505,26,17755.00391
-35.27,31,17755.530015
32.683019,31,17756.094032
-41.33,25,17756.525219
-43.45,17,17756.81746
31.52349,42,17757.608729
-41.67,32,17758.437289
-34.65,37,17758.997739
-39.0,29,17759.439547
34.703465,29,17759.878227
32.840304,37,17760.486654
-37.64,30,17761.000118
42.847612,27,17761.478667
-41.79,32,17762.047875
-42.0,22,17764.263983
-33.0,33,17764.86802
-37.66,26,17765.318307
-40.95,35,17765.975562
-38.91,21,17766.50817
33.0,22,17766.96821
-41.99,33,17767.527335
36.0,26,17768.013763
-39.0,25,17768.493225
-41.29,36,17769.141286
32.323232,64,17770.180561
-36.0,26,17770.592533
-32.59,33,17771.084117
32.034268,27,17771.534875
-44.43,29,17772.069739
-44.37,20,17772.404193
-42.79,68,17775.396532
33.44112,55,17776.277405
-41.72,18,17776.642961
-38.52,23,17777.28605
-39.0,24,17777.684771
-43.36,19,17778.020473
-35.72,31,17779.154637
-41.67,36,17780.011264
-35.8,26,17780.474871
-32.65,29,17780.958189
-41.76,29,17781.397705
-40.78,31,17781.875933
-42.0,18,17782.189575
41.673228,22,17782.659621
32.356495,45,17783.485518
-38.58,25,17783.9381
-38.57,39,17784.717923
-41.16,23,17787.526162
-38.28,32,17788.114423
-37.8,36,17788.662421
-39.0,28,17789.262017
-35.75,44,17790.259906
-41.63,26,17790.784801
-36.0,27,17791.401484
-44.37,24,17791.873852
-35.27,30,17792.379021
-32.8,33,17792.974146
-38.58,31,17793.595499
-46.94,17,17794.074907
-35.33,27,17794.616127
-36.0,25,17795.061823
-38.97,28,17795.499919
-30.0,35,17796.076318
-38.51,25,17796.508083
47.036978,19,17796.891311
-38.93,68,17800.037625
-42.0,70,17801.076056
-40.58,27,17801.553438
-35.39,28,17802.184267
35.903361,31,17802.859527
-38.19,21,17803.217934
-45.0,30,17803.734554
-36.0,34,17804.345269
35.25,25,17804.791797
33.0,26,17805.165908
-47.17,20,17805.540516
32.559028,29,17806.054935
-42.0,23,17806.45036
-39.0,29,17806.967611
-33.0,31,17808.056831
-38.17,28,17808.534204
32.651079,45,17811.458813
-41.6,34,17812.015107
-41.84,23,17812.360758
-32.91,34,17812.908138
-43.59,21,17813.238729
-35.23,53,17814.181297
32.5,30,17814.723599
-38.8,45,17815.501629
-38.03,25,17815.974145
-32.91,73,17817.129305
35.28483,27,17817.540513
-38.28,24,17817.933298
-41.94,22,17818.312866
41.330986,24,17818.735204
-47.63,28,17819.503711
-35.57,27,17822.143901
-38.24,35,17822.770634
-43.65,29,17823.259999
32.393333,36,17823.844444
-38.24,24,17824.209487
-44.23,22,17824.541694
-36.0,64,17825.555124
32.599315,31,17826.128532
36.790756,26,17826.597104
-38.55,27,17827.038249
40.758582,21,17827.416593
-39.0,25,17827.794747
-41.82,26,17828.209054
-39.0,26,17828.623437
-36.0,24,17829.318468
-38.41,43,17830.063052
33.0,29,17830.589688
38.330739,32,17833.278366
-40.4,28,17834.060809
-41.81,41,17834.827929
35.364312,27,17835.368808
-38.37,49,17836.171805
-38.79,34,17836.74166
-45.0,22,17837.120484
-41.43,29,17837.709319
35.597786,28,17838.284849
-32.11,33,17838.888551
-38.16,24,17839.297582
32.588028,31,17839.81756
-44.08,20,17840.899428
-39.76,27,17841.418233
-39.0,27,17841.937863
-34.08,38,17842.65313
-33.0,32,17845.311376
32.27907,33,17846.188428
-39.0,32,17846.804802
-41.98,22,17847.239967
32.706383,32,17847.884603
-45.0,25,17848.347396
-42.0,27,17848.789322
-35.6,25,17849.225902
38.436533,25,17849.650559
-38.27,31,17850.049066
-34.63,30,17850.527242
-38.5,26,17850.924898
-35.91,31,17851.381655
34.928801,40,17852.048039
-43.68,33,17852.668072
-38.66,26,17853.110572
-41.16,30,17853.596272
-38.49,40,17856.228842
-38.06,30,17856.82459
37.932106,38,17857.560049
-43.65,30,17858.126099
-41.91,32,17858.84045
-32.45,45,17859.619128
35.058824,28,17860.211202
-42.0,19,17860.561794
35.192791,31,17861.193921
35.712329,28,17861.648588
-33.0,28,17862.092202
35.503937,23,17862.487892
-47.83,69,17863.711093
36.441658,26,17864.165271
-40.66,22,17864.552363
-44.1,23,17865.139087
-38.13,36,17865.885315
-45.0,28,17868.624398
-35.75,31,17869.216711
-35.52,38,17869.852386
-37.97,34,17870.436502
35.198094,29,17870.981143
-39.0,27,17871.605192
-40.56,25,17872.0064
-35.65,25,17872.424632
-35.22,27,17873.441474
-38.18,24,17873.872286
-38.48,28,17874.417389
38.30894,29,17874.918207
31.857143,26,17875.393409
-37.86,30,17876.158105
-32.31,29,17876.816582
-35.52,29,17877.379567
-38.88,31,17878.039788
-32.14,30,17880.829914
32.041509,33,17881.520975
-39.0,30,17882.191251
-38.54,28,17882.831234
-32.3,25,17883.316672
-44.75,16,17883.662286
-35.46,50,17884.696285
-44.66,26,17885.115539
-44.31,17,17885.446424
-40.55,23,17885.781971
-38.38,32,17886.231959
-39.0,24,17886.654215
35.301148,37,17887.31276
-35.83,30,17887.797181
-41.27,28,17888.349016
-44.09,35,17889.101672
-34.63,33,17889.975403
-34.66,34,17890.510437
-32.91,28,17893.319571
-35.31,27,17893.766583
32.528358,32,17894.343578
-32.85,29,17894.813166
-42.0,24,17895.250631
35.214286,30,17895.765053
-41.58,22,17896.119571
-41.31,29,17896.59127
-35.71,32,17897.018798
-32.21,28,17897.486077
-35.79,30,17898.055751
-32.4,33,17898.502888
-38.1,30,17898.890707
36.823509,27,17899.293244
-39.0,21,17899.733395
32.417808,32,17900.49486
32.24359,37,17901.168096
-38.17,23,17901.549513
-41.29,25,17904.044065
32.744505,40,17904.778956
32.900735,30,17905.36514
-34.96,35,17906.383546
-39.0,21,17906.756785
38.302128,19,17907.121404
-41.5,23,17907.526407
35.676806,23,17907.939779
-41.8,23,17908.214796
38.221818,21,17908.442342
-42.0,25,17908.909517
-38.74,24,17909.310681
-31.61,32,17909.825983
-38.92,22,17910.167896
35.246951,28,17910.512108
-44.62,21,17910.846747
-38.51,34,17911.336045
-39.0,30,17911.88524
37.23386,27,17912.364847
-41.03,25,17914.793894
-38.27,22,17915.195256
-38.88,23,17915.566915
-41.19,23,17916.115972
-35.7,28,17916.7261
41.014815,22,17917.139189
32.780303,29,17917.682866
-45.0,12,17917.862213
38.476015,29,17918.401459
-39.97,33,17919.011246
-34.48,42,17919.769416
35.699495,35,17920.421485
-41.55,21,17920.791618
-40.77,25,17921.177589
-35.62,27,17921.560781
-40.5,22,17922.247447
-39.0,33,17922.701795
-33.0,28,17923.164899
-41.16,42,17923.924886
33.0,31,17926.677134
-35.81,32,17927.260449
35.394822,23,17927.651745
-41.3,26,17928.1421
-41.28,20,17928.497687
-38.59,35,17929.102558
-36.0,29,17929.598931
32.326923,27,17930.080719
-41.45,30,17930.624692
-32.2,35,17931.304764
47.260664,17,17931.590511
-38.15,77,17932.850188
-40.78,31,17933.300657
-41.05,25,17933.719983
41.107296,26,17934.078714
-41.85,21,17934.378701
-38.11,29,17934.874571
32.072993,35,17937.789687
-32.68,33,17938.475677
-32.69,33,17939.189402
-38.54,25,17939.696605
-37.7,27,17940.289064
-35.65,31,17940.915132
32.917832,45,17942.115927
-41.02,22,17942.573095
-35.78,29,17943.225611
-41.7,19,17943.600419
-41.43,27,17944.101578
-40.67,25,17944.46809
40.857143,27,17944.867084
32.066202,31,17945.355806
-38.24,37,17945.858696
-41.37,20,17946.154944
-44.02,24,17946.535689
-41.79,29,17948.968841
-36.0,28,17949.383031
-42.0,23,17949.785118
-44.82,24,17950.195148
-32.25,26,17950.645832
32.389105,26,17951.125514
-32.32,30,17951.67747
-41.21,26,17952.115849
-38.46,28,17952.830669
37.763323,26,17953.305217
-44.51,21,17953.690076
-35.61,30,17954.213922
-38.95,45,17954.771338
-41.53,17,17955.116434
-34.61,27,17955.572801
-38.34,23,17955.986386
-47.18,20,17956.330865
-43.05,20,17956.645251
-44.01,25,17957.023725
32.900735,24,17957.355194
-41.11,23,17959.707303
38.099678,26,17960.211922
-38.14,29,17960.863036
43.175194,23,17961.349245
-35.88,27,17961.859507
-33.0,30,17962.413465
35.882653,32,17963.055001
-40.66,31,17963.622252
-38.59,19,17964.019159
-35.55,28,17964.4677
-35.3,32,17965.020504
-38.66,29,17965.55566
-41.12,26,17966.020279
-41.88,19,17966.370557
-36.0,26,17966.827557
-35.89,31,17967.261648
-42.0,18,17967.541828
-38.47,32,17968.40218
-32.71,31,17968.961675
-38.33,36,17971.369939
-45.0,27,17971.883268
-44.88,31,17972.533847
-41.21,32,17973.129018
32.570881,35,17973.813093
-35.56,23,17974.254394
-42.0,21,17974.692351
-32.51,34,17975.386721
-35.71,41,17976.17985
-44.07,20,17976.482409
-36.0,28,17977.098191
-35.09,28,17977.586199
-38.24,47,17978.565361
-35.6,29,17978.998076
-37.91,22,17979.374418
-41.09,26,17979.820565
-35.89,33,17980.458888
-45.0,16,17980.722677
-35.22,33,17983.314406
38.020833,18,17983.646724
-38.79,21,17984.043911
35.030189,52,17984.979973
-36.0,22,17985.350801
-34.93,40,17986.05722
-32.27,36,17986.637173
-35.23,30,17987.399346
-38.03,30,17987.982874
32.672932,33,17988.627868
-45.0,21,17989.019794
-38.89,22,17989.371018
32.03252,38,17989.992738
-32.76,39,17990.60081
-40.59,27,17991.040089
-32.42,36,17991.671014
-41.24,23,17993.885456
-38.25,27,17994.559815
32.517143,32,17995.133338
-44.59,23,17995.520463
-32.16,32,17996.126216
-32.45,21,17996.505889
35.34,35,17997.14049
-35.24,44,17997.929054
-35.59,27,17998.435247
35.247254,40,17999.24695
-35.31,27,17999.675567
-36.0,29,18000.178026
-42.0,28,18000.626396
-35.45,31,18001.117188
-44.28,32,18001.631082
-32.91,38,18002.335689
-38.42,34,18002.958368
-39.0,22,18005.257987
-35.62,29,18005.919991
-44.65,22,18006.336227
-38.31,27,18006.799548
-37.82,34,18007.393295
-44.48,26,18007.861354
-41.29,31,18008.406622
-32.8,24,18008.893872
-38.85,27,18009.408183
-35.07,30,18009.950511
-41.17,24,18010.361068
-41.94,28,18010.895691
-44.43,26,18011.335625
-42.0,29,18011.883217
-32.68,36,18012.50883
35.540146,27,18012.953662
-35.1,26,18013.353277
32.19195,46,18014.31378
37.296471,25,18016.634367
-40.79,21,18017.00208
-41.78,24,18017.424923
38.070833,23,18017.826704
33.0,30,18018.297636
38.895973,24,18018.707561
-38.13,31,18019.222857
-32.9,27,18019.875133
-38.7,28,18020.354817
-37.39,43,18021.153502
-46.15,15,18021.347132
-41.83,20,18022.122954
-44.7,21,18022.464979
-39.0,22,18022.84418
32.108392,29,18023.335744
-37.34,27,18023.760312
-41.04,25,18024.085439
-34.72,21,18024.416854
40.433807,20,18024.681326
-35.1,38,18027.508095
-42.17,26,18027.94752
-40.61,23,18028.394688
-32.17,105,18030.364784
-34.85,27,18030.944641
-31.81,40,18031.732537
-41.3,32,18032.435361
-38.2,25,18032.855741
-32.36,37,18033.772177
-38.96,32,18034.34451
-38.93,25,18034.941071
-42.0,30,18035.532776
-41.83,35,18036.10776
-35.7,24,18036.516911
-36.0,27,18036.979222
-35.81,28,18040.064841
-32.94,32,18040.677994
-41.51,23,18041.054732
-44.51,19,18041.411325
-41.1,21,18041.750722
-44.65,27,18042.147346
-40.48,30,18042.633353
-43.43,21,18043.032846
32.715232,52,18043.917041
-41.3,23,18044.341065
-32.13,29,18044.796809
-38.59,30,18045.332676
-39.0,29,18045.971604
32.570909,35,18046.630193
-35.49,36,18047.466805
40.733333,31,18047.971331
-34.57,32,18048.488755
-36.0,54,18051.441466
-39.0,17,18051.796188
-41.75,22,18052.220323
-35.37,23,18052.608948
43.889738,25,18052.924764
-32.91,31,18053.389777
-36.0,26,18053.802609
-43.75,28,18054.263554
-34.82,30,18054.738545
-41.81,28,18055.327225
35.57529,22,18055.736119
-35.22,30,18056.301662
41.301818,20,18056.628734
-44.16,26,18057.13821
-38.88,28,18057.876475
30.0,33,18058.448944
-34.43,29,18058.979244
-38.32,42,18059.65479
-35.5,36,18062.175709
-38.3,33,18062.774263
-41.22,23,18063.184654
-44.44,26,18063.581279
-37.63,31,18064.068376
-41.37,35,18064.565199
-32.76,28,18064.97171
-35.81,29,18065.429866
-33.0,32,18065.998274
32.590659,31,18066.548203
-41.52,19,18066.934393
-38.39,29,18067.463964
-42.0,56,18068.475293
-35.3,33,18069.008194
-38.33,28,18069.761465
-44.16,27,18070.203955
-35.63,30,18070.669531
-35.92,24,18073.029284
-41.5,20,18073.452827
-41.09,49,18074.312145
-35.32,32,18074.87863
34.476127,35,18075.5924
-38.08,39,18076.216308
-38.36,49,18076.989534
-41.13,24,18077.443515
-41.08,21,18077.784705
-35.21,29,18078.326203
32.156379,24,18078.759013
-35.1,29,18079.25158
32.413793,32,18080.26963
-40.71,46,18081.053104
-34.96,34,18081.571973
-42.57,19,18081.867753
34.554856,33,18084.500683
-44.27,25,18084.93039
-41.5,26,18085.36685
-40.36,35,18085.935483
-35.46,38,18086.501526
-39.0,24,18086.871878
-41.15,28,18087.25689
-39.0,25,18087.645757
37.627996,28,18088.108863
35.360595,29,18088.615646
35.150943,34,18089.243788
32.227106,34,18089.800758
-35.51,33,18090.420317
-40.57,18,18090.73315
32.324759,35,18091.355157
-35.66,34,18091.938005
32.502857,37,18092.598439
-43.68,32,18095.082823
-44.45,17,18095.374581
32.058182,30,18095.873824
34.999284,35,18096.541938
-32.24,31,18097.11138
-38.54,35,18097.637396
-36.0,31,18098.103809
-32.75,38,18098.793643
-36.0,38,18099.515081
-41.66,35,18100.119726
35.708812,19,18100.464867
-41.58,31,18101.045582
-32.7,30,18101.956364
-36.0,27,18102.421264
-39.0,24,18102.896135
-42.0,20,18103.277453
-40.72,41,18103.932372
-41.22,23,18106.233101
-42.0,21,18106.589405
-35.62,23,18107.001203
-41.36,21,18107.384
-32.35,34,18107.962036
32.631098,44,18108.78702
-41.51,25,18109.21489
-44.97,82,18110.650395
35.00625,29,18111.114912
35.335593,28,18111.618987
-43.57,55,18112.573378
-44.73,42,18113.352721
-38.57,28,18113.844261
-41.72,22,18114.243573
41.905537,23,18114.600333
-38.63,33,18115.136698
-40.93,35,18117.767076
32.496689,33,18118.2894
36.77869,24,18118.588693
-44.59,20,18118.907158
38.337349,28,18119.399707
-45.0,31,18120.010209
-35.15,28,18120.532039
-40.76,23,18120.923779
-37.54,34,18121.41837
-36.0,59,18122.33551
-32.49,39,18122.978258
-41.71,22,18123.395311
-38.62,28,18123.874161
-39.0,23,18124.499444
-35.84,24,18124.9225
41.039765,19,18125.343891
-38.74,26,18125.752394
-38.62,29,18128.211957
-38.77,27,18128.658818
35.32069,23,18129.102267
-38.23,28,18129.593859
-33.0,27,18130.087282
32.328063,32,18130.699172
38.556322,24,18131.180686
-43.66,33,18131.823635
-33.0,35,18132.514233
-38.9,20,18132.838512
-41.11,24,18133.191854
-41.91,30,18133.64258
-38.73,24,18134.008662
33.0,28,18134.804016
-41.26,16,18135.124558
-38.25,40,18136.027947
35.514151,22,18136.497914
-45.0,20,18136.854917
-44.22,25,18137.422629
-41.13,30,18139.91124
-35.64,28,18140.432452
-38.04,29,18140.911974
36.995476,26,18141.400962
-38.44,27,18141.876131
-35.35,44,18142.655902
-41.45,31,18143.204886
-41.02,27,18143.637413
37.285851,21,18144.168924
-38.28,26,18144.603522
-39.0,28,18145.025999
41.292593,21,18145.321767
-40.16,29,18145.764449
-35.5,33,18146.28748
-41.62,23,18146.687816
-35.5,33,18147.273386
32.158273,33,18147.813996
-38.31,25,18148.185495
-42.0,30,18150.5686
37.485634,22,18150.98687
-38.16,126,18153.214932
-38.18,29,18153.738324
-41.39,24,18154.123681
35.251656,25,18154.558048
-43.94,24,18155.008165
-41.41,24,18155.488821
35.226006,25,18155.937645
-42.0,28,18156.507389
-31.54,29,18156.990978
-38.43,26,18157.366269
-37.74,25,18157.730031
40.579684,24,18158.142488
-38.33,37,18158.690934
37.808168,28,18159.094421
-43.92,31,18162.092863
-40.42,28,18162.715043
32.289634,49,18163.699522
-42.0,24,18164.181449
-41.12,32,18164.991307
33.0,25,18165.471422
37.465658,32,18166.141364
32.57554,31,18166.677665
-34.54,32,18167.26186
-44.42,21,18167.675403
-38.69,24,18168.08519
-40.72,25,18168.468309
-38.3,25,18168.949681
-38.32,28,18169.514554
34.649136,26,18169.94905
-46.61,32,18170.407279
38.156627,26,18170.797214
-39.0,23,18171.121544
-35.84,39,18173.670507
-43.95,29,18174.204476
-35.96,34,18174.7772
38.200762,29,18175.262761
-41.41,34,18175.874046
-36.0,29,18176.36831
-41.71,26,18176.80371
-44.77,30,18177.350389
33.0,33,18178.101637
-38.19,26,18178.556404
-44.03,25,18179.068603
-42.0,37,18179.746667
-41.7,25,18180.192071
38.087361,31,18180.628497
-32.86,31,18181.114918
-35.37,36,18181.709466
-41.91,31,18183.956723
-32.02,35,18184.567453
-41.08,31,18185.100457
-36.0,19,18185.459324
-41.27,23,18185.877059
-41.78,29,18186.555676
-41.54,20,18186.898965
-35.85,39,18187.858104
-44.26,16,18188.202278
-38.32,23,18188.644258
41.1673,19,18189.014358
-44.61,21,18189.398373
-44.74,21,18189.836971
38.743151,56,18190.82606
-44.0,34,18191.488859
-32.67,34,18192.089397
-39.0,30,18192.527911
-39.0,29,18192.963484
-39.0,29,18195.207239
-32.06,28,18195.733903
-42.0,21,18196.124407
-38.3,25,18196.59972
-41.81,26,18197.117113
-41.57,27,18197.639689
-33.0,35,18198.26341
-34.88,53,18199.319732
-41.46,23,18199.77344
-42.0,25,18200.308478
-38.24,26,18200.838492
-36.0,24,18201.244138
32.299296,27,18201.729571
-40.66,25,18202.197029
-32.76,30,18202.751342
41.108955,20,18203.168872
-37.64,33,18203.861731
-41.01,27,18204.251027
-47.22,19,18204.570764
32.350649,26,18206.899938
35.589041,23,18207.316592
-33.0,28,18207.792162
-39.0,28,18208.249804
37.019348,23,18208.664057
38.10734,24,18209.108465
-42.0,27,18209.49455
-38.23,31,18210.081117
35.406061,27,18210.560035
37.986111,22,18210.958928
-44.44,29,18211.46243
-44.02,24,18211.889342
44.482765,22,18212.275136
38.583333,18,18212.606127
35.876448,26,18213.289209
-41.95,28,18213.854323
-38.42,31,18214.405005
-44.33,27,18214.839083
32.222973,28,18215.36809
-35.03,27,18215.817
-44.36,20,18217.976388
-44.02,19,18218.351633
-41.83,32,18219.11475
34.871495,34,18219.74385
-41.51,35,18220.413935
-44.08,25,18220.825136
-35.75,33,18221.413319
-44.02,36,18222.048328
-41.21,23,18222.499301
-35.45,28,18223.013305
-35.68,29,18223.541735
-32.24,37,18224.158881
-44.58,36,18224.910277
40.439101,24,18225.315167
-45.28,29,18226.037293
-35.68,31,18226.648854
-35.88,31,18227.142711
-37.62,26,18229.380378
-39.0,29,18229.89539
-39.0,30,18230.419093
35.4952,30,18231.147689
-41.7,31,18231.869383
31.931095,35,18232.504661
34.585068,38,18233.179608
-38.83,24,18233.687522
-41.6,25,18234.269174
-41.29,29,18234.814402
-45.0,19,18235.185795
-32.35,35,18235.801327
-40.83,39,18236.513835
-38.34,32,18237.025091
-35.8,25,18237.419439
-37.92,32,18238.041629
-38.62,26,18238.685508
-35.31,27,18240.990758
-38.25,30,18241.523271
-44.29,32,18242.15327
-37.8,31,18242.692543
-39.0,23,18243.145848
-38.03,39,18244.11454
-44.76,23,18244.560204
-41.75,24,18244.987301
37.622919,23,18245.363708
-44.91,25,18245.845424
-44.54,31,18246.38498
-41.47,23,18246.877931
-37.9,27,18247.391434
-34.59,37,18248.025627
-35.9,50,18249.207736
-47.34,25,18249.641747
-35.91,23,18250.078524
-42.0,28,18250.584977
-35.86,30,18252.9155
-44.08,18,18253.228469
-43.6,20,18253.61226
-38.62,22,18254.070519
-41.79,22,18254.495991
-34.91,24,18254.955373
-37.55,29,18255.527278
-38.85,28,18256.273524
-44.6,31,18256.874504
-44.14,18,18257.193748
-36.0,27,18257.684373
-42.41,44,18258.437368
-38.0,24,18258.919179
-31.83,26,18259.383952
-41.77,29,18259.973584
-34.88,28,18260.536549
-32.2,37,18261.219314
-41.41,23,18261.686677
32.901639,31,18262.156466
-33.0,30,18264.617711
38.836667,27,18265.109288
-33.0,33,18266.310542
-32.07,33,18267.339174
35.535032,28,18267.95542
-38.81,31,18268.615131
32.545455,34,18269.248774
-38.69,26,18269.841747
37.646023,23,18270.389755
-41.88,21,18270.815119
-35.63,42,18271.56176
-31.97,28,18272.020403
-44.27,25,18272.376195
32.509615,35,18272.98907
32.562264,36,18273.603248
-32.95,28,18274.03931
-39.0,31,18274.513605
-32.52,27,18276.749624
32.381818,26,18277.147637
-40.7,27,18277.602034
-42.0,24,18278.007977
-35.85,37,18278.630312
-41.24,24,18279.099635
-40.66,34,18279.667642
-42.0,27,18280.241242
-35.53,23,18280.677425
-32.85,57,18281.844842
-44.82,29,18282.450638
34.86142,29,18282.992421
-35.76,27,18283.763844
-39.0,32,18284.463621
-43.72,20,18284.904034
-38.01,29,18285.549943
-41.12,28,18286.028282
-44.24,24,18286.438952
-41.73,33,18289.063959
38.676385,20,18289.451812
-38.35,40,18290.357437
-44.1,18,18290.765193
-35.91,35,18291.50645
37.224897,28,18292.149472
-35.91,32,18292.693133
-35.89,35,18293.340223
-35.68,37,18293.98333
-35.12,26,18294.465646
-39.0,33,18295.259351
-35.51,32,18295.845039
-38.44,23,18296.257498
-34.9,49,18297.118901
-41.19,27,18297.584083
35.553571,22,18297.939197
-45.0,32,18300.3729
40.601626,23,18300.682839
-36.0,35,18301.23227
-42.0,22,18301.621907
-41.15,27,18302.100489
-32.06,28,18302.627033
-41.9,27,18303.081245
40.453287,21,18303.464756
-39.0,29,18303.958246
-41.63,20,18304.314344
-35.19,28,18304.817337
32.84507,35,18305.393421
-35.21,26,18305.902815
-38.3,29,18306.536274
-35.53,23,18306.916386
-41.05,25,18307.362388
32.162963,31,18307.909446
-41.72,30,18308.457053
-41.46,18,18308.714047
-35.29,22,18309.063278
-38.94,32,18311.502076
-39.0,23,18311.841682
-38.59,33,18312.40339
34.726916,28,18312.817781
-41.49,82,18314.366866
-41.45,24,18314.804235
-42.0,29,18315.345857
-38.27,25,18316.014394
-44.22,14,18316.342186
-41.2,64,18317.52839
-32.55,34,18318.153446
-44.08,28,18318.655427
35.467681,61,18319.867212
-41.56,25,18320.340672
32.190736,29,18322.859973
41.042254,19,18323.167164
-44.19,42,18323.804466
-38.66,35,18324.329957
-37.61,26,18324.721548
38.081301,29,18325.275481
-41.23,28,18325.744736
-43.79,33,18326.383578
-38.96,23,18326.760847
-35.66,23,18327.18158
-37.32,29,18327.748072
-41.09,24,18328.138605
-41.32,24,18328.523038
32.625,32,18329.104505
-38.47,28,18329.602258
-38.83,24,18330.050365
-43.74,39,18330.702438
-37.69,24,18331.126411
34.520285,34,18333.6683
-32.02,28,18334.165323
-32.22,37,18334.738363
-41.58,22,18335.117778
-35.61,26,18335.720367
-41.67,27,18336.141751
-36.0,32,18336.64606
38.60274,44,18337.484293
-41.95,19,18337.805895
-38.8,21,18338.204702
-44.18,20,18338.576979
-38.13,41,18339.379363
-41.28,20,18339.744138
-44.43,21,18340.113889
-35.25,30,18340.658545
-37.67,29,18341.150672
-35.62,41,18341.839819
-35.78,29,18342.359457
-42.0,23,18344.716734
-32.38,33,18345.255505
-39.0,31,18345.875926
-38.12,25,18346.343906
-32.01,35,18347.287822
-45.0,19,18347.613253
-40.64,38,18348.289464
-34.81,32,18348.872795
-33.0,24,18349.288169
-38.26,31,18349.792303
-38.77,31,18350.352065
-32.54,30,18350.919202
-36.0,27,18351.358803
34.939556,29,18351.85952
-33.0,36,18352.469395
-31.79,31,18352.995539
38.6,30,18353.478779
-38.23,37,18356.132074
35.615108,26,18356.630492
-41.96,17,18357.087921
-42.0,21,18357.435021
-38.13,27,18357.882717
-32.18,28,18358.316176
-41.08,39,18359.027721
-38.07,28,18359.482705
-32.61,39,18360.161037
35.012945,22,18360.563192
-32.22,37,18361.484248
-41.29,26,18362.016858
-38.51,30,18362.620143
-35.91,34,18363.303782
-36.0,37,18364.121062
-41.1,27,18364.570613
-38.22,23,18364.964063
-36.0,41,18367.608977
-38.42,29,18368.142721
-41.31,28,18368.569921
-41.44,20,18368.943785
-38.22,26,18369.65818
-41.7,30,18370.05923
-39.0,24,18370.435342
32.619938,31,18371.013268
-39.9,26,18371.461385
32.778182,29,18371.883948
-44.25,21,18372.166108
-43.67,25,18372.543914
-39.0,26,18372.899112
-32.05,138,18374.84796
-32.5,32,18375.42859
32.314488,32,18377.693384
-40.04,29,18378.104978
-38.67,20,18378.497041
32.6,31,18378.89166
-38.71,25,18379.198296
-41.0,27,18379.520775
32.322835,28,18379.868675
-33.0,28,18380.671992
-41.42,24,18381.03448
-44.47,26,18381.399399
-39.0,25,18381.757494
-42.0,28,18382.16716
-38.23,25,18382.528894
35.653543,28,18382.913518
-40.54,37,18383.429667
-40.43,28,18383.802729
-36.0,23,18384.132853
-33.0,35,18384.58567
-36.0,41,18386.93817
35.586331,24,18387.261293
32.751634,34,18387.72836
-38.04,25,18388.018048
-35.36,46,18388.492418
-39.0,28,18388.790975
-40.42,25,18389.102957
38.589354,22,18389.394884
-35.4,38,18389.862121
-38.27,39,18390.383452
-38.11,30,18390.925712
-40.99,29,18391.355907
-41.22,29,18391.769937
32.473016,29,18392.176292
-32.14,27,18392.574291
38.185455,38,18393.107258
-38.2,27,18393.499886
-38.43,30,18395.623258
-39.0,26,18396.121494
-41.81,36,18396.654413
-35.62,35,18397.165653
-44.88,32,18397.625758
-32.79,29,18398.088903
-35.15,26,18398.546372
32.173611,29,18398.904101
35.877483,25,18399.225122
-40.93,23,18399.515579
-43.85,31,18399.920745
-44.76,24,18400.204671
32.418719,25,18400.58366
-41.81,17,18400.826694
-41.59,29,18401.242218
-41.11,25,18401.647597
32.489712,26,18402.029967
-41.44,21,18402.341516
-40.98,23,18402.667645
-35.35,25,18404.793477
-43.48,32,18405.330623
32.646341,39,18405.794607
-42.0,26,18406.103579
-41.0,24,18406.451544
-41.26,29,18406.862285
-38.51,32,18407.261065
-41.52,25,18407.612783
-42.0,24,18407.92435
-43.18,23,18408.247718
-35.41,33,18408.683767
-38.9,25,18409.119792
-38.91,32,18409.563253
-44.5,27,18409.8848
-41.21,25,18410.207239
-35.52,33,18410.616585
40.144459,33,18411.139042
40.439196,22,18411.463143
-32.87,31,18413.784375
34.846268,34,18414.231131
-44.25,32,18414.717227
33.0,29,18415.092656
-32.58,25,18415.454938
-42.0,19,18415.714487
-35.15,39,18416.3013
-38.91,24,18416.681129
-38.19,21,18416.969117
32.426357,28,18417.367146
-44.84,25,18417.767155
-44.18,20,18418.146711
-41.98,20,18418.385061
-41.15,19,18418.632498
34.925868,32,18418.987448
-41.65,24,18419.271898
-44.06,20,18419.503784
33.0,33,18419.895753
-44.29,20,18420.173082
-32.5,47,18422.517483
-44.34,38,18423.041756
-32.36,30,18423.463667
35.245728,25,18423.811387
-39.0,40,18424.420098
-40.51,22,18424.697108
32.320513,35,18425.202399
-43.62,22,18425.492875
-43.33,25,18425.831239
-41.88,23,18426.131956
-39.0,23,18426.467048
-36.0,28,18426.870779
-32.4,28,18427.262103
32.465625,35,18427.848644
-32.12,37,18428.316713
-44.19,29,18428.659869
-39.0,35,18429.224517
-38.36,30,18431.333455
-44.54,20,18431.582543
32.743842,29,18431.978528
-38.43,24,18432.319246
-39.0,23,18432.654519
32.131783,32,18433.057441
-41.58,31,18433.495374
-32.6,26,18433.868494
-41.64,31,18434.276342
-35.8,27,18434.630854
-38.76,29,18435.016181
32.540741,33,18435.467462
-40.96,32,18435.891972
-38.28,27,18436.265288
-41.59,23,18436.618644
36.0,34,18437.076408
-35.36,40,18437.5467
-41.62,31,18437.929615
-37.97,24,18439.909145
-38.4,28,18440.3168
-35.44,29,18440.689587
-35.73,36,18441.168046
32.866873,32,18441.620875
-41.05,29,18442.155275
40.786056,22,18442.492408
-32.24,32,18442.921062
-41.48,39,18443.513021
-38.04,30,18443.963987
-41.91,20,18444.332311
35.16129,25,18444.825876
35.399545,31,18445.332755
-44.91,24,18445.642103
-38.35,29,18446.074558
-41.91,26,18446.407989
34.947154,27,18446.785459
-38.69,27,18447.119531
