#{"t_start": 1789619920.7562532, "env_id": "poke-env-v0"}
r,l,t
-39.0,31,3.519229
-45.0,26,4.255044
-39.0,25,4.734455
-41.24,29,5.215046
-41.74,29,5.661155
-40.83,33,6.220542
-40.17,45,6.943172
-38.55,39,7.559261
-40.63,32,8.117461
-37.42,31,8.605741
-41.73,20,8.928345
-38.14,22,9.277974
-42.0,30,9.754328
-41.12,21,10.089819
-38.67,30,10.552403
-47.04,19,10.830815
-41.27,30,11.261076
-41.77,22,14.185602
-37.54,25,14.589424
-47.99,30,15.088085
-38.7,27,15.54748
33.0,53,16.357949
-38.66,31,16.880347
-41.98,26,17.279693
-41.08,41,17.975875
-40.95,40,18.570111
-44.04,24,18.955689
-41.36,22,19.304624
-37.86,35,19.850592
-41.89,36,20.435581
-41.72,31,20.858373
-38.24,29,21.286079
-44.07,29,21.675002
-39.0,28,22.076632
-37.7,63,25.709605
-44.9,28,26.350089
-38.82,31,27.035471
-47.2,33,27.745002
-44.64,25,28.345952
-42.0,39,29.318045
-43.95,25,30.017931
-43.99,24,30.417368
-45.0,26,30.863339
-34.74,39,31.571616
-40.37,70,32.722386
-45.0,46,33.466645
-41.26,22,33.849125
-39.0,28,34.330673
-33.0,38,37.415659
-44.17,20,37.827965
-44.62,24,38.289373
-42.0,23,38.724905
-38.6,26,39.234037
-41.67,46,40.100363
-44.31,35,40.820489
-45.0,22,41.194314
-45.0,19,41.554943
-41.5,35,42.098783
-43.53,25,42.508472
-45.0,28,42.984052
-34.72,35,43.546719
-41.5,35,44.065136
-45.0,24,44.491639
-35.85,31,45.02709
-44.2,29,45.507247
-38.66,27,45.991154
-46.95,25,48.910647
-38.62,25,49.393489
34.978824,36,50.118394
-44.45,20,50.653891
-41.91,19,51.023121
-41.52,27,51.547812
-38.58,55,52.599178
-38.45,24,53.021773
-41.27,26,53.459243
-39.0,34,53.979886
-47.62,15,54.225798
-41.91,21,54.613883
-41.62,27,55.103781
-47.19,25,55.524891
-47.19,22,56.071439
-41.38,32,56.62225
-41.72,25,57.003212
-44.9,26,57.443837
-42.0,19,57.790734
-44.4,29,61.034569
-43.7,28,61.575035
-42.0,31,62.14191
-41.05,23,62.613031
-41.7,24,63.070043
-43.82,24,63.522184
-35.78,27,64.038539
-38.84,29,64.60017
-40.55,33,65.342924
-38.8,43,66.103808
-44.57,27,66.602406
-43.94,27,67.141474
-41.66,29,67.662119
-38.41,32,68.228729
-38.58,26,68.704309
32.439628,44,69.430318
-38.76,23,69.858979
-38.31,35,72.938874
-41.2,46,73.814636
-43.28,27,74.354347
-43.75,34,75.048185
-44.71,17,75.384262
-38.1,24,75.840452
-39.61,26,76.299395
-42.95,32,76.840991
-41.69,28,77.302307
-35.19,38,77.963976
-40.3,19,78.313832
-39.0,40,78.972712
-44.11,26,79.409641
-35.75,26,79.855766
-35.43,50,80.625372
-42.0,25,81.072814
-41.18,25,81.519253
-42.0,28,84.715408
-41.49,25,85.264086
-42.0,50,86.292431
-40.74,40,87.046379
-36.0,26,87.560786
-31.81,36,88.208528
-42.0,18,88.517333
-32.7,47,89.312665
-44.45,30,89.830426
-38.71,32,90.337517
-38.07,50,91.103442
-41.02,25,91.50071
-41.47,26,91.932806
-45.0,27,92.407494
-37.89,31,92.991969
-38.08,30,93.583029
-41.01,29,96.526773
-41.66,32,97.173725
-41.01,32,97.865086
-32.28,27,98.395092
-38.44,37,99.123445
-44.16,34,99.70681
-40.75,36,100.329215
-38.29,35,100.876577
-35.05,39,101.51816
-38.03,25,101.927924
32.606481,36,102.484644
-41.53,32,102.996538
-38.21,34,103.51369
-35.22,75,104.887424
-38.37,35,107.960402
-44.59,18,108.426879
-36.96,41,109.23728
-41.94,20,109.63096
-40.79,28,110.198661
35.276527,31,110.758008
-35.11,52,111.59877
-33.0,37,112.180825
30.0,35,112.722703
-35.43,33,113.304797
-35.91,37,113.970688
-35.79,38,114.612769
-43.71,26,115.03287
-41.39,31,115.66551
-41.81,21,116.075085
-41.56,25,116.584939
-39.0,31,119.818689
-47.24,15,120.131746
-38.23,29,120.734431
-38.67,30,121.409064
-34.71,31,122.094536
-44.98,24,122.631272
-42.26,23,123.044672
-42.0,50,123.836532
-43.07,20,124.156815
-36.0,26,124.597979
-41.69,26,125.053897
-35.5,26,125.566052
-43.79,23,125.920427
-42.0,19,126.225902
-42.0,15,126.465013
-41.75,24,126.86394
-41.0,22,127.190534
-35.34,51,128.123141
-38.74,37,128.806093
-38.52,27,131.969687
-36.74,34,132.677109
-39.0,29,133.2073
-40.75,45,133.992746
-39.0,24,134.35846
-41.28,26,134.770228
-32.35,34,135.325948
-43.44,29,135.766034
-40.71,25,136.185549
-36.0,30,136.732643
-42.0,44,137.460681
-41.68,24,137.866163
-35.37,31,138.346643
-33.0,37,139.017506
-38.45,33,140.148432
-38.2,30,140.733882
-39.0,26,141.219932
-41.6,26,144.159658
32.312727,45,145.067897
34.907895,33,145.654466
-38.74,32,146.167701
-37.38,29,146.663807
-35.86,25,147.058147
-37.21,28,147.556561
-44.59,21,147.974431
-38.4,28,148.405229
-39.63,34,148.967561
-40.16,33,149.46009
-38.46,31,149.94894
-41.77,24,150.368665
-35.78,32,150.994724
-37.29,30,151.760189
-38.77,29,152.285103
-40.76,29,152.933818
-42.0,34,156.857144
-40.85,31,157.666932
-36.0,24,158.14042
-40.6,28,158.717345
-40.86,27,159.252372
-41.21,29,159.723121
-37.95,29,160.201071
-40.77,33,160.755199
-38.62,32,161.232185
-41.12,27,161.663138
-35.2,25,162.055332
-32.58,37,162.706496
-41.84,18,163.083828
-41.57,105,165.328345
-38.11,27,165.815283
-40.75,20,168.552284
34.838319,38,169.071371
-42.0,21,169.353788
-36.0,37,169.954552
-41.05,23,170.330364
-36.0,29,170.741534
-33.0,78,171.931306
-33.0,38,172.531553
-36.0,26,172.960768
-42.0,22,173.302199
-33.0,42,173.994107
-41.37,40,174.69923
-41.15,24,175.09621
-38.03,25,175.624421
-39.0,20,176.06479
-38.33,50,179.452766
-41.34,25,179.894362
-35.02,37,180.511753
-44.32,32,180.971869
-38.43,29,181.38916
-35.71,28,181.80229
-35.25,24,182.149906
-39.0,43,182.752179
34.734831,37,183.289884
-41.41,19,183.604296
32.38961,42,184.222574
-40.15,24,184.669816
-44.77,22,185.079754
-35.77,25,185.522074
-35.81,22,185.888342
-35.38,33,186.419159
-38.15,28,186.897047
-34.65,31,189.578239
-38.66,35,190.218451
-32.51,59,191.221349
-42.0,25,191.653342
-41.23,30,192.138298
-36.0,26,192.541615
-38.42,32,192.994782
-34.44,40,193.593838
40.819137,36,194.150938
-32.8,51,195.114617
-38.82,48,195.929569
-37.48,31,196.525391
-43.69,22,196.942663
-39.85,37,197.635122
-40.33,20,197.985875
-38.39,33,201.06425
-34.12,30,201.561073
-36.0,30,201.895254
-43.81,27,202.467542
-33.0,33,203.075686
-36.0,30,203.551324
-38.05,25,203.994478
-40.47,48,204.703908
-35.6,30,205.108244
-35.81,27,205.518267
-38.73,23,205.846649
-38.51,28,206.254911
-35.07,34,206.809991
-35.95,26,207.304315
-38.53,22,207.735641
32.36036,40,208.426404
-38.48,28,208.980917
32.921488,31,211.825314
34.648387,30,212.370807
-38.03,22,212.75899
-36.0,25,213.214687
-31.68,35,213.846782
-35.3,31,214.325266
-41.65,22,214.657042
-41.05,33,215.136444
-35.29,27,215.524513
-40.92,29,215.893418
-36.0,27,216.297134
-44.05,24,216.667175
-35.7,27,217.077786
-34.65,40,217.672482
-38.53,23,218.217918
-32.73,32,218.809061
-41.01,24,219.208015
-37.68,43,219.877481
-35.54,29,222.735082
-37.25,21,223.12391
-37.82,26,223.600651
-38.03,29,224.129013
-41.21,40,224.726269
-35.06,30,225.217751
-35.3,28,225.64331
-38.19,47,226.319244
-42.0,19,226.628274
-39.93,25,227.004744
34.789116,37,227.554312
-38.15,24,227.926664
-39.0,26,228.305633
-35.18,27,228.743202
-40.46,24,229.121458
-38.2,30,229.645713
-35.22,29,230.162026
-42.0,22,230.659791
-33.0,33,233.45889
-35.12,26,233.930393
-32.82,31,234.513697
-32.43,28,235.076083
-35.83,27,235.493965
-43.64,22,235.819827
-38.21,28,236.331274
32.271812,30,236.925147
-32.66,29,237.432007
-39.0,32,237.976465
-38.38,24,238.369682
-35.22,52,239.406498
-43.47,21,239.746712
-41.81,22,240.117352
-37.66,27,240.655016
-38.73,34,241.212549
-35.7,30,241.896511
-38.39,22,244.700519
-37.87,28,245.23578
-45.0,26,245.755706
-32.38,43,246.553645
-35.67,26,246.96176
-38.07,26,247.348004
-40.77,39,247.960138
-32.69,33,248.410901
32.269755,32,248.870836
-35.1,35,249.374232
-40.65,19,249.643261
-38.22,28,250.061929
32.186047,26,250.471648
-38.78,26,250.936234
35.597833,42,251.670416
-35.16,39,252.348712
-38.98,44,255.408875
-33.0,40,256.103321
-38.72,27,256.561751
-41.31,22,256.888654
-39.0,40,257.549073
-35.87,33,258.022044
-35.8,38,258.581222
-35.82,31,259.613396
-38.35,34,260.1327
-38.81,25,260.487345
-35.54,44,261.166226
-33.0,31,261.696083
-38.69,25,262.141074
-39.0,30,262.722908
-32.96,32,263.30522
-38.74,23,263.79491
-42.0,22,264.190197
-37.11,28,267.253514
-38.44,21,267.567363
-35.76,32,268.058172
-38.34,21,268.346858
-34.52,31,268.794917
-32.6,42,269.510259
-41.36,36,270.095609
-44.53,19,270.374774
-41.33,18,270.644213
-41.61,31,271.115009
-38.56,44,271.785033
-35.55,27,272.206783
-38.66,25,272.63729
-30.0,35,273.255296
-35.4,34,273.922433
-35.61,28,274.390591
35.533058,37,275.067096
33.0,41,277.999298
-40.11,25,278.377167
-38.33,22,278.696118
40.618952,31,279.133237
-35.02,27,279.578903
-34.6,30,280.123522
-35.81,30,281.323809
-36.0,23,281.709822
36.0,36,283.554592
-32.1,42,284.36631
-39.0,28,284.876847
-35.51,30,285.430672
-41.23,19,285.733906
-35.76,31,286.450409
-35.56,31,287.004649
-40.8,26,287.458239
-43.47,26,287.920437
-41.84,27,288.37543
37.484773,24,290.960672
-38.15,29,291.390137
32.153846,35,291.860915
-44.6,18,292.159302
-36.0,36,292.810253
-38.69,35,293.510645
-38.18,19,293.876147
34.982096,29,294.420405
-37.52,27,294.904684
-40.53,31,295.475023
-32.41,25,295.926716
-39.0,27,296.434334
-33.0,39,297.155208
32.862222,31,297.773554
33.0,30,298.330161
-32.15,32,298.886761
-40.21,24,299.271488
-37.56,34,302.031659
-39.0,23,302.374946
-40.57,22,302.676145
-38.77,39,303.2272
-41.6,28,303.71781
-32.3,36,304.386458
-35.05,34,305.033314
-40.22,26,305.771386
-32.01,27,306.202627
-32.37,34,306.795105
-32.02,43,307.530012
-41.91,24,307.945027
-38.61,23,308.373039
-41.21,27,308.826944
-42.0,26,309.348968
-32.02,44,310.123603
-43.65,30,310.647088
-41.06,24,313.140283
-38.33,23,313.485436
-38.75,30,313.883792
40.878338,46,314.617018
-36.0,36,315.553133
-47.24,25,316.029367
-41.15,24,316.471483
-35.72,29,317.038815
32.360784,38,317.774781
-38.18,25,318.213666
-35.02,29,318.717162
-39.0,31,319.3214
-36.0,28,319.817086
-32.91,28,320.288657
-41.44,30,320.801792
-42.61,23,321.218367
-41.25,20,321.533623
35.799645,32,322.105939
-38.13,25,324.624357
-46.52,21,324.926003
-31.81,30,325.369975
-43.67,29,325.846322
-32.92,26,326.294843
-41.13,45,327.195933
33.0,39,327.924877
-33.0,46,328.598786
-41.49,22,329.081252
-32.61,31,329.650656
-35.12,33,330.77475
36.0,28,331.328941
-41.47,24,331.805986
40.854729,41,332.582564
-36.0,30,333.1274
-35.39,29,333.635673
-33.0,32,336.409784
40.276923,38,336.918288
-33.0,30,337.307283
-41.58,35,337.878868
-38.08,24,338.272945
-40.21,33,338.898708
-35.69,36,339.556096
32.297587,40,340.305332
32.678571,46,341.209649
-32.97,35,341.814284
-36.0,50,343.073486
-44.57,34,343.658946
-36.0,29,344.159288
-41.69,26,344.606633
-38.18,29,345.146636
-38.11,22,347.630374
-38.07,44,348.271301
-31.61,34,348.785123
36.0,27,349.3648
-37.93,25,349.808245
-39.0,24,350.224303
32.658703,31,350.776775
-39.0,24,351.183856
-38.45,21,351.590504
-38.49,23,352.008496
-40.84,23,352.396342
-36.0,29,352.901267
34.955024,40,353.578907
-35.34,26,354.069016
-38.6,25,354.589665
-40.28,25,355.045256
-39.0,29,355.571604
-40.55,21,355.972326
32.175373,32,356.562562
32.23913,32,359.15118
-44.4,21,359.423657
-35.71,27,359.83766
-38.08,37,360.562438
-36.99,25,361.112508
-40.66,32,361.712659
-31.66,39,362.374045
-32.18,38,363.033591
-38.38,34,363.70276
34.966969,38,364.322778
32.406475,32,364.92121
35.528736,31,365.466461
-44.67,23,365.884707
-38.15,32,366.455458
-32.32,31,366.982636
-35.71,31,367.52804
-38.13,19,369.943278
-32.42,37,370.493663
-38.51,21,370.817403
-41.84,21,371.237346
-41.69,22,371.647845
-40.67,29,373.025835
-34.67,23,374.121372
-32.47,38,375.249973
-41.43,23,375.732088
-32.34,38,376.469487
-35.82,31,377.062432
-33.91,29,377.622407
-38.29,28,378.157104
-41.45,21,378.540689
-32.93,25,379.010799
-38.51,17,379.368833
32.875472,27,379.908478
-38.02,28,380.460972
32.677778,31,381.012864
-38.35,23,383.618007
32.24031,34,384.281435
-37.4,24,384.775936
-35.42,28,385.330677
-41.35,44,386.240481
-35.58,29,386.82075
-41.99,28,387.378369
-32.64,36,388.085492
-37.89,26,388.668496
-41.24,22,389.115584
-32.75,30,389.649433
-45.0,26,390.11299
32.694779,23,390.505881
32.333333,33,391.063566
-40.7,25,391.493517
-40.7,22,391.873972
35.652985,26,392.310615
-43.13,22,392.659378
-48.0,13,392.870781
-38.27,24,395.421654
-32.59,60,396.599096
-44.06,22,397.05619
33.0,55,398.063329
-38.05,25,398.563523
-38.65,24,398.992545
-35.67,54,399.997082
-37.86,22,400.399343
-41.15,23,400.828986
37.143494,28,401.34345
-43.97,23,401.771277
-41.69,22,402.164712
-39.0,23,402.602395
-37.88,23,403.016238
-41.61,22,403.472901
-38.63,33,404.013825
35.246512,27,404.413169
-32.24,36,407.294286
-35.68,30,408.19976
-35.8,28,408.814076
-44.34,20,409.181525
-32.7,33,409.831449
-33.0,68,411.10538
-38.35,25,411.615439
-42.0,24,412.147715
-41.29,18,412.479784
31.802158,30,413.055718
-44.87,19,413.390629
-38.43,32,414.100329
-32.91,34,414.753312
-36.0,24,415.191829
-35.72,30,415.649358
-35.91,23,416.629164
-35.75,29,417.106401
-36.0,29,419.685854
-35.01,33,420.290964
-44.53,20,420.712066
-41.49,27,421.361903
-38.28,23,421.842169
-38.78,30,422.449265
-39.0,26,422.932034
-38.77,30,423.473799
-41.34,25,424.036444
32.102484,32,425.060482
-44.19,25,425.545725
35.502058,31,426.109781
-35.0,31,426.811039
-35.37,51,427.710781
-35.63,28,428.313462
-38.63,25,428.770662
-38.27,26,429.181754
-38.48,29,429.623432
-32.06,29,432.241097
35.739414,25,432.772403
-38.5,28,433.326761
-44.76,27,433.930646
-38.52,45,434.832646
40.968515,24,435.348574
-36.0,29,435.990899
-35.5,29,436.574992
-38.9,25,437.101185
-40.53,24,437.574202
-35.86,28,438.12297
-33.0,36,438.835454
-32.98,36,439.567312
-38.84,31,440.127595
-38.05,28,440.688465
-44.81,16,441.006445
-33.0,28,441.497586
-38.63,29,442.001558
-35.76,24,445.402966
-35.71,49,446.391952
-33.0,29,446.916273
-33.0,33,447.854928
-38.15,33,448.697386
-41.15,43,449.534423
-39.0,25,450.014419
-35.77,26,450.579377
-41.49,30,451.433189
-37.64,29,452.016164
-35.17,24,452.49382
-39.0,25,452.975742
-32.34,37,453.713676
-36.0,36,454.363617
-32.88,29,454.862957
-36.0,24,455.250496
-32.34,28,457.797949
-34.57,27,458.315883
-41.02,24,458.774183
-32.18,37,459.452714
-32.84,27,459.963299
-35.49,41,461.32463
37.383471,38,462.110142
-44.83,20,462.5655
32.273859,37,463.283529
-35.41,31,463.850608
-43.67,34,464.51681
-35.0,29,465.058222
-32.63,31,465.626216
-35.49,22,466.053826
-38.03,28,466.584099
-32.91,23,466.943822
-41.22,19,467.233059
-32.18,29,467.684519
-43.25,21,470.215804
-38.48,34,470.821726
-32.57,30,471.421851
-41.21,20,471.808536
-43.96,22,472.21613
32.352113,34,472.905058
-37.8,25,473.397628
-38.82,24,473.873034
-36.0,31,474.520892
-42.83,21,474.934918
-38.12,32,475.556435
-35.84,25,476.064274
-44.51,19,476.439816
-33.0,47,477.354347
-35.57,29,477.881773
-32.83,58,478.876644
-41.48,28,479.352797
32.03537,33,482.021084
-39.0,17,482.368456
-38.98,25,482.875258
-41.46,29,483.443772
-35.47,33,484.080886
32.261044,32,484.731429
-37.35,28,485.322697
-32.73,28,485.865155
-32.43,46,486.779637
-32.62,39,487.54383
-32.03,27,488.065374
35.351145,23,488.553682
-36.0,26,489.062625
-32.12,29,489.66736
31.828358,34,490.28774
-35.81,25,490.705726
-47.02,19,491.039479
35.062914,32,491.559553
-41.14,18,493.817942
-41.34,28,494.349268
-37.61,26,494.789963
-38.23,30,495.275927
-37.92,42,496.020382
-32.06,31,496.550119
-41.2,20,496.873374
-32.09,40,497.426883
-38.19,27,497.963451
-38.06,29,498.430447
-41.58,26,498.838184
-38.9,33,499.866958
35.43662,28,500.339441
-35.9,89,501.971151
-33.0,32,502.410362
-33.0,32,505.057649
-41.91,30,506.485214
-34.7,34,506.997832
-36.0,28,507.676121
-37.98,29,508.155592
33.0,47,509.554654
-35.07,33,510.691359
-42.0,20,511.022699
-35.84,30,511.524135
-42.61,26,511.994274
-38.46,25,512.50737
-34.56,32,512.967366
35.96129,33,513.448884
-32.66,38,514.752451
-35.09,27,515.148446
-38.68,25,515.985872
-41.37,23,516.439711
-42.0,34,518.881839
-34.75,25,519.308944
-32.71,29,519.798426
-41.77,24,520.303002
-35.21,24,520.763416
33.0,28,521.332002
-39.0,25,521.776948
40.741985,24,522.274051
-35.91,32,522.837116
-35.84,40,523.876488
-40.52,34,524.399485
-38.62,26,524.721404
32.192593,32,525.07012
32.704918,36,525.570516
-40.74,25,525.92782
-38.31,25,526.344134
-42.0,24,526.745162
-35.73,27,527.236084
-39.0,26,530.594431
-40.53,25,531.10282
-35.02,37,531.786013
35.168966,36,532.402602
-35.95,30,532.877786
-41.56,19,533.220244
-35.03,29,533.71997
-36.82,32,534.224121
-37.86,29,534.635593
-38.83,31,535.116544
-38.26,25,535.642792
-33.0,29,536.143441
32.901639,26,536.602468
-34.61,33,537.18397
-35.81,27,537.628099
-36.0,22,538.012878
-34.92,32,538.49298
-37.42,34,539.052323
-38.78,21,541.336644
-35.4,31,541.842808
-37.79,24,542.320324
32.738255,30,542.881687
-38.08,24,543.318231
-35.94,34,543.876254
-35.51,30,544.555803
-34.75,32,545.047252
-35.9,26,545.414063
-32.78,27,545.80893
-35.54,25,546.202872
32.251142,30,546.685473
-33.0,29,547.20809
-44.55,24,547.618247
-41.29,21,547.999273
-35.93,27,548.535961
-38.23,17,548.831943
-38.4,27,549.288093
34.620976,27,549.784339
-31.8,26,552.309705
-37.64,25,552.722899
-36.0,31,553.225632
-32.5,28,553.707158
-32.91,34,554.303296
-35.31,26,554.717992
-38.14,36,555.282796
-38.74,21,555.577594
-35.36,30,556.606836
-35.68,35,557.202946
-41.74,20,557.672455
34.274114,32,558.223254
-32.91,39,558.910524
-38.32,22,559.290081
-39.0,25,559.707441
-43.79,32,560.467828
32.753555,26,560.882449
-35.04,33,561.344839
-32.21,38,563.979709
-38.91,22,564.426452
33.0,24,564.994418
-38.49,36,565.592808
-33.0,31,566.082134
-38.02,20,566.418485
-40.84,28,566.883397
-41.66,25,567.306559
-38.11,34,567.961023
-41.84,18,568.295776
-38.34,24,568.773409
32.877049,27,569.250205
-36.0,28,569.821992
32.012461,32,570.41625
-38.91,30,571.10077
-38.42,21,571.64096
-36.0,30,572.332989
-32.87,36,572.926017
-37.69,25,575.402732
-35.42,23,575.825713
33.0,29,576.350324
32.645833,28,576.863234
-40.48,20,577.214431
-36.0,25,577.628296
-35.37,39,578.320995
-41.67,23,578.680676
32.778555,51,579.70542
-32.68,38,580.587278
32.579251,35,581.30293
-35.41,33,581.972729
-32.12,34,582.928123
-41.38,21,583.790744
-44.66,17,584.133043
-35.07,42,584.853981
-41.33,22,585.367083
38.050157,20,585.733278
-35.91,50,589.133669
-35.3,37,589.694945
-32.81,29,590.144002
-35.14,24,590.542839
-35.74,32,591.366563
-42.0,24,591.830316
42.0,23,592.271133
-35.6,23,592.709652
-32.07,29,593.23653
-41.34,30,593.808608
-38.32,21,594.217866
-41.57,23,594.631897
34.95,25,595.086303
-36.0,33,595.707734
-33.0,29,596.202424
32.362963,28,596.719656
37.468614,30,597.237212
-35.42,29,599.762182
-41.38,22,600.127934
32.843949,35,600.694301
-41.12,24,601.068996
32.768657,47,601.967604
-32.78,26,602.446545
-35.64,26,602.929742
32.434944,25,603.420709
-32.82,30,604.002563
-33.0,25,604.507773
-40.85,25,604.989553
35.092369,24,605.452595
35.316547,30,606.042734
-38.72,25,606.514771
-35.14,41,607.323372
-35.91,25,607.823608
-42.0,21,608.455985
-38.77,23,608.880918
-40.74,35,609.430166
-39.0,22,611.804351
-35.68,30,612.298587
-38.59,24,612.715606
-35.95,23,613.153618
-35.25,27,613.632081
-38.66,22,614.077548
-38.71,26,614.639253
32.689243,29,615.182716
-36.0,24,615.579099
-38.02,24,616.009179
37.864814,32,616.755383
-36.0,30,617.329849
-38.32,23,617.799695
33.0,30,618.349031
-33.0,28,618.880427
-36.0,33,619.525384
37.982793,21,619.936245
-33.0,34,620.487473
-35.14,30,621.064537
-35.23,23,623.540074
-35.32,24,623.944686
-35.54,26,624.539459
32.75,32,625.265408
-36.0,37,626.230058
-38.8,25,626.685664
-43.95,20,627.131511
-38.58,22,627.549693
-35.32,32,628.23991
-35.78,33,628.850038
-38.4,18,629.162531
-44.61,30,629.69598
-38.2,25,630.132261
-35.26,20,630.579962
-42.0,22,631.826766
-35.7,27,632.441333
-35.05,29,633.523286
-32.03,27,633.919278
36.0,39,634.501226
-35.33,29,637.330599
32.345679,30,637.840217
-35.82,31,638.393025
32.244361,60,639.457171
-37.72,24,639.880673
32.155779,36,640.513612
-39.0,22,640.933014
-35.1,35,641.574823
-35.82,23,641.988381
-38.44,50,642.942
-38.71,25,643.446293
-34.65,31,644.065249
-37.45,24,644.473208
-35.18,25,644.859677
-38.02,25,645.235754
-41.78,24,645.573531
-32.31,29,647.928013
-32.91,30,648.443022
-32.44,26,648.760384
-39.0,39,649.148428
-38.25,31,649.666051
35.375,28,650.13202
-33.0,34,650.704887
-34.77,31,651.25127
-35.61,34,651.795661
-35.35,25,652.214692
-41.1,27,652.705743
35.106383,23,653.071624
-33.0,25,653.481887
-38.36,38,654.08878
-41.39,24,654.524504
-41.73,26,654.952971
32.335423,29,655.31688
-37.67,19,655.611594
35.008568,27,657.946302
-35.6,25,658.389087
-35.24,25,658.829167
-41.43,25,659.285646
32.626459,37,660.002776
-33.59,41,660.681856
32.054517,29,661.367011
-34.92,31,661.954578
33.0,26,662.417474
-39.62,30,662.975371
-36.0,29,663.442724
-41.27,26,663.87502
-35.49,35,664.473036
-35.32,23,664.856675
41.247912,18,665.15299
-41.53,21,665.421688
-34.87,29,665.899511
-32.91,31,666.357183
-38.86,25,669.004247
-38.59,23,669.449563
-35.52,26,669.984477
38.539304,23,670.390635
-41.66,24,670.809033
32.698925,33,671.328001
-32.58,27,671.818808
-32.51,28,672.277816
-38.38,35,672.863688
-39.0,19,673.194838
-44.16,17,673.470134
32.372792,35,674.066839
34.578846,29,674.537017
-35.75,31,675.037339
-44.32,22,675.419527
-39.0,31,675.960508
-39.0,18,676.217171
-35.58,30,676.641504
-33.79,36,677.194189
32.701422,30,679.505492
-38.09,22,679.874018
33.0,26,680.318018
-38.21,27,680.781596
-31.99,43,681.525128
-38.56,26,682.001198
-32.15,35,682.657871
-37.84,31,683.163685
-36.0,24,683.55246
-32.91,34,684.14247
33.0,37,684.789798
-39.0,24,685.24864
-38.61,23,685.713087
-38.2,31,686.281707
32.511029,33,686.827597
30.0,26,687.303185
-38.22,25,687.693133
-35.73,28,688.09903
-39.0,22,690.407393
-41.35,23,690.78606
-35.43,32,691.312276
-33.0,25,691.74288
-34.84,32,692.232052
-35.24,28,692.819271
-38.04,28,693.380426
-35.54,22,693.775807
-35.01,26,694.239988
-34.58,31,694.71402
32.082759,35,695.28179
-41.21,18,695.595477
-42.0,23,695.962622
-35.42,28,696.477844
-33.0,30,696.942426
32.136729,36,697.447159
-35.06,32,698.653531
34.454745,26,699.090109
-43.24,23,701.348339
35.601476,28,701.804588
-39.0,27,702.177684
-42.0,20,702.502897
35.400641,26,702.95024
-32.41,31,703.434401
-35.42,28,703.916775
-38.45,33,704.486968
-41.2,22,704.839459
-38.39,30,705.314737
-35.34,39,706.010692
-35.5,26,706.412749
-35.91,30,706.958365
-31.97,31,707.468461
-35.38,29,707.949499
32.496296,29,708.446361
-38.42,26,708.939502
-38.5,20,709.4224
34.519153,27,709.836146
-35.05,27,712.670416
-36.0,26,713.103678
-41.24,20,713.459348
-32.23,34,714.020126
-38.82,20,714.354625
-45.0,12,714.580337
-40.53,28,715.038988
-39.0,22,715.449232
-41.3,23,715.835334
-32.58,26,716.25434
35.547845,26,716.681919
35.101562,28,717.2293
-44.12,18,717.543696
32.7751,28,717.937479
32.608511,28,718.328564
-33.0,37,718.860055
35.062992,26,719.276659
-41.01,24,719.667299
35.043046,23,720.366607
-37.61,49,723.917568
-35.44,22,724.266406
-33.0,38,724.891101
-35.18,27,725.177317
-32.22,29,725.672333
-31.79,33,726.241229
-35.06,25,726.672657
-35.34,29,727.16496
-43.51,17,727.501313
-33.0,36,728.107299
-32.27,27,728.581909
-35.69,20,728.898202
-35.65,25,729.23684
-36.0,30,729.672014
34.521826,32,730.146178
-38.47,25,730.485514
-40.84,23,730.860855
-39.0,22,731.114319
-36.0,27,731.455115
-35.16,29,734.332383
-35.81,31,735.018185
-34.92,30,735.517021
-32.88,28,735.996617
-32.5,27,736.722417
-32.69,29,737.225786
38.439313,29,737.749672
-32.09,29,738.338286
-33.0,24,738.745672
-38.47,25,739.231199
-33.0,29,739.740897
-38.22,23,740.0847
-35.58,31,740.542258
-38.13,23,740.848874
-35.67,26,741.203044
-35.79,26,741.615921
-35.81,42,742.357055
-36.0,31,742.906495
-32.9,32,745.420316
-32.91,35,746.006871
32.099688,28,746.462977
33.0,40,747.192647
-33.0,29,747.688021
35.403349,34,748.221735
-32.67,27,748.646917
35.340807,25,749.073959
-38.88,29,749.567421
-41.12,22,749.886515
-40.86,24,750.248736
-35.02,31,750.694853
-37.31,35,751.174551
-35.16,30,751.61951
-47.56,23,752.000319
32.188742,28,752.562127
-38.22,26,753.004883
-30.0,39,755.6575
-32.24,28,756.169232
-37.6,36,756.786427
-40.91,26,757.224732
-36.0,26,757.677948
-33.0,34,758.29514
35.169118,26,758.757649
-35.67,34,759.370215
-36.0,25,759.780324
-32.85,31,760.252498
-38.3,31,761.350184
35.75,27,761.765837
32.48374,28,762.263689
-33.0,31,762.826817
-36.88,36,763.499749
-41.4,23,763.953263
-38.56,37,764.64086
-35.79,23,764.984201
-41.61,28,767.378303
-33.0,34,767.970972
-35.9,30,768.683594
32.875472,32,769.225682
32.054545,39,769.92365
-38.04,29,770.405512
32.901408,29,770.82643
37.494409,17,771.053152
35.757509,28,771.55074
35.121495,26,771.951468
38.036496,23,772.331431
-34.97,33,772.832612
-41.47,19,773.198778
32.697183,34,773.81002
-32.09,29,774.361697
-36.0,27,774.864155
-41.7,26,775.266164
32.5,27,775.662416
-32.52,27,778.340565
-41.41,19,778.760217
31.984496,34,780.369412
-36.0,27,780.976106
35.02193,34,781.624516
-36.0,25,782.061097
32.4,34,782.612628
-41.46,26,783.038157
-33.0,36,783.565296
-38.67,20,783.845946
-44.26,20,784.130792
-32.56,32,784.712841
-35.25,24,785.141613
-37.86,26,785.683387
-32.81,36,786.30125
-41.57,27,786.747469
37.727934,29,787.220639
-31.91,29,787.801648
40.191758,31,790.370972
-32.91,32,790.853422
-39.9,27,791.339534
34.640187,29,791.878434
-35.24,41,792.557291
32.583893,29,793.016337
-35.2,18,793.266384
32.697842,23,793.606762
-32.56,31,794.07427
-40.72,23,794.447492
-38.43,28,795.116257
-34.54,33,795.71823
-35.66,28,796.235895
-38.76,22,796.608479
34.617424,25,797.044552
-35.48,26,797.484535
-38.64,29,797.917517
-41.29,22,798.250566
-44.5,22,798.5884
32.866906,36,801.353864
-38.31,29,801.864263
-37.71,28,802.31906
-34.77,27,802.809831
-38.02,27,803.28545
-39.0,25,803.635319
-35.27,29,804.042734
-39.0,21,804.347513
-36.0,23,804.684859
-38.48,23,805.004229
39.769601,27,805.440547
-39.0,23,805.850831
-38.14,24,806.277094
-32.4,37,806.927675
-35.41,28,807.386066
-41.37,24,807.746414
-33.0,43,808.351517
30.0,30,808.798631
-33.0,26,811.177691
-38.04,20,811.515455
-36.0,24,811.930924
-34.77,28,812.627655
-38.42,26,813.095392
35.2,25,813.426872
-41.38,24,813.791884
-38.36,29,814.196994
-35.76,27,814.591127
-35.06,28,815.023794
-38.17,31,815.527805
-38.13,32,816.059384
-38.24,28,816.741893
34.417704,26,817.149709
35.80102,24,817.586374
35.164286,31,818.150121
-33.0,31,818.704976
-41.28,22,819.098169
-38.57,26,819.519515
-41.36,22,821.875192
-35.55,34,822.456784
35.444043,27,822.93409
-45.0,23,823.325508
-42.0,23,823.706046
33.0,28,824.127333
38.209738,26,824.488639
-33.0,35,825.031676
-32.34,29,825.483931
-37.79,23,825.864588
-34.52,27,826.336201
-35.51,28,826.801442
-39.0,24,827.193326
-41.58,24,827.66978
-41.21,22,828.084217
-32.17,27,828.564147
-35.2,33,829.133003
34.85128,33,829.632162
33.0,33,830.068252
-32.73,28,832.66745
32.065637,27,833.421711
-35.07,25,833.843199
-37.9,22,834.148561
-38.98,24,834.499121
-41.38,18,834.776897
35.195312,34,835.289397
-38.34,20,835.59371
35.27907,29,836.163142
37.218479,28,836.66942
-36.0,30,837.151849
35.39059,25,837.6207
-41.17,24,838.162549
-32.05,30,838.691704
-39.0,33,839.252689
35.727626,26,839.705357
33.0,37,840.2956
35.402676,27,840.714386
-34.73,25,841.058451
32.69258,27,843.577238
34.448459,32,844.241117
-36.0,30,844.951117
35.612403,26,845.35041
-41.66,23,845.704464
32.496063,29,846.122023
-35.02,28,846.516495
-38.47,22,846.852449
-38.72,52,847.7512
32.567308,29,848.310678
37.456092,49,849.215681
-32.9,28,849.785313
-34.75,28,850.305424
32.753213,32,850.841797
34.541667,45,851.687773
-38.6,32,852.131821
38.616822,24,854.500935
36.0,28,854.988595
-36.0,25,855.378647
-41.31,23,855.736105
-35.44,30,856.214612
-38.2,26,856.66487
-37.85,26,857.141088
-35.69,32,857.602491
-32.25,24,858.008618
-40.14,26,858.478978
-35.45,32,859.032567
-35.75,25,859.48623
-39.0,30,859.988414
44.430556,20,860.457398
32.269231,36,861.203082
31.648855,39,861.941711
-35.16,31,862.396549
-38.29,28,862.79822
-39.0,21,865.206603
32.093525,33,865.794379
32.37037,28,866.343817
-38.41,21,866.763878
32.448399,37,867.476986
-38.53,32,867.968862
-36.0,24,868.392313
-35.07,36,869.012189
-32.33,34,869.67848
-40.4,30,870.448934
-35.5,32,871.128747
-38.32,27,871.644776
-32.16,31,872.27426
-35.68,32,872.837752
-41.81,24,873.248316
-40.45,28,873.746719
-42.0,19,874.028182
32.133333,29,874.51211
35.388514,42,877.564787
-35.94,31,878.107009
-35.14,25,878.477147
-41.24,21,878.80503
-38.19,34,879.318389
-34.57,45,880.017512
32.178694,34,880.585993
-41.61,25,880.982338
-37.51,33,881.555852
-41.41,26,882.491614
32.093923,29,883.021327
-40.47,25,883.455288
38.225455,22,883.852092
-32.83,35,884.488493
-38.85,31,884.985157
-32.57,33,885.449629
-35.43,24,885.868913
-34.98,30,888.712309
-37.66,47,889.371869
-38.91,26,889.841402
-38.19,23,890.262191
-35.08,21,890.581095
-45.0,17,890.823461
-35.24,35,891.414117
-41.01,23,891.961134
-41.48,23,892.420961
-35.93,27,892.857726
-38.68,25,893.319737
-38.1,26,893.77989
-41.19,23,894.151042
-35.26,30,894.679582
35.5,22,895.026606
-38.91,27,895.556259
-39.0,23,895.972523
-42.0,19,896.484147
-41.27,21,896.822822
-35.71,28,897.266278
32.306723,45,900.236663
-32.15,28,900.662603
-40.24,19,900.951169
-38.91,22,901.291915
-36.0,21,901.602047
-43.79,20,901.905886
-35.25,32,902.362838
33.0,34,903.045821
32.236025,39,903.730916
-32.6,39,904.423861
-39.0,18,904.777692
-35.87,26,905.234714
32.236486,29,905.766839
-36.0,24,906.198481
-39.0,22,906.549772
33.0,31,907.015289
-38.19,22,907.337082
-35.79,31,907.798038
-34.13,31,910.523516
-38.64,33,911.059367
-32.91,50,911.808896
34.857143,25,912.172029
-38.44,23,912.508123
-35.09,24,912.876207
-35.51,33,913.399544
-32.91,27,913.890859
-32.69,27,914.408612
32.071161,32,915.067871
-35.09,30,915.561095
-35.7,28,916.154112
-32.17,34,916.916329
-36.0,24,917.482706
-35.81,30,918.029158
-41.09,22,918.427868
-38.78,24,918.860618
-39.0,22,919.232711
-32.91,36,922.005915
-35.42,29,922.507547
-32.69,35,923.258159
-35.11,25,923.708719
-33.0,30,924.170268
-35.21,28,924.576933
-41.31,21,924.960443
-36.0,39,925.676586
-33.0,22,926.067588
40.686724,23,926.483182
33.0,25,926.944902
-38.55,21,927.332958
-36.0,29,927.840786
-35.37,26,928.332389
-32.79,36,928.962503
-43.28,21,929.265374
-35.36,31,929.741698
32.650641,51,932.639803
-41.02,26,933.066525
33.0,43,933.673928
-38.2,33,934.176207
-36.0,24,934.533816
-34.95,27,934.912869
-30.0,24,935.348501
-35.64,33,948.977269
37.660432,45,949.654215
32.444015,43,950.342314
35.16,28,950.836095
-35.1,40,951.629745
35.092715,38,952.340301
33.0,32,954.157374
-35.36,34,954.703526
32.205761,37,957.301458
-32.07,37,957.995265
-35.22,36,958.878795
-32.48,39,959.551489
-35.62,22,959.939797
-35.99,36,960.459426
-37.0,31,960.936358
32.086957,40,961.546818
38.542169,24,962.069782
-32.68,32,962.84149
35.244186,34,963.646677
38.536977,24,964.275864
-32.2,27,964.888707
38.762987,28,965.477846
35.723757,31,966.005837
-33.0,42,966.757697
-35.29,33,969.807522
40.262436,29,970.515114
-35.65,31,971.196265
32.782051,34,971.857074
-32.21,35,972.496911
-47.91,44,973.32212
37.479812,27,973.844108
32.748344,34,974.557723
33.0,37,975.401249
40.222608,27,976.326608
34.895402,26,976.922893
41.651064,37,977.706436
-38.88,42,978.615357
-35.65,28,979.132222
38.052304,30,979.710233
35.121771,29,980.277353
43.304567,39,984.427306
37.764652,36,985.356983
-34.95,38,986.241541
39.0,18,986.576059
-32.18,37,987.30132
-32.49,46,988.077429
32.946269,41,988.908764
35.151724,33,989.589966
-35.49,30,990.195684
34.928716,34,990.878188
-35.19,30,991.735975
31.80597,70,992.960941
37.810559,30,993.50817
32.687243,30,994.081553
-38.66,35,997.274241
35.381944,32,997.967583
-32.05,47,998.807358
-43.35,28,999.397415
35.067273,33,1000.064616
44.337995,34,1000.803942
32.903333,50,1001.860128
36.0,36,1002.675216
35.529851,29,1003.285767
38.089021,32,1003.940437
34.79756,37,1004.589577
-35.35,41,1005.28684
38.375394,27,1005.710036
-32.77,35,1006.339719
-33.0,26,1006.863851
35.317568,41,1010.096805
-33.0,39,1010.8257
-40.8,32,1011.383919
31.542705,37,1012.295736
-32.21,28,1012.807547
-38.69,29,1013.41263
35.289879,30,1014.075842
-35.04,30,1014.64212
35.66426,51,1015.637183
35.348148,38,1016.343777
-35.36,24,1016.757983
41.208412,38,1017.392693
32.803922,30,1017.900119
-38.78,28,1018.360575
-32.35,35,1019.079105
35.345548,32,1022.038457
-32.32,42,1022.78924
32.352941,52,1024.136765
-35.27,36,1025.080867
35.479495,25,1025.649786
32.385666,37,1026.369504
32.143911,27,1026.864911
32.66537,40,1027.561613
-32.26,38,1028.217425
32.36965,32,1028.698439
39.761482,24,1029.041506
32.801471,30,1029.495525
33.0,40,1030.203713
32.022508,51,1031.06316
-32.92,34,1033.618877
34.193471,37,1034.153354
-32.06,39,1035.05241
-38.01,35,1035.660177
-35.64,24,1036.086687
32.427509,37,1036.730196
-38.42,26,1037.182083
-32.75,48,1038.088223
-32.13,45,1038.80669
-38.52,28,1039.330887
-35.9,32,1039.801546
-38.81,27,1040.182414
-32.5,30,1041.003822
-32.13,39,1041.731351
32.8,29,1042.262752
-36.0,29,1044.830878
-32.23,36,1045.432122
-32.73,30,1045.916237
32.900735,32,1046.446011
32.595331,31,1046.926063
-35.33,32,1047.551359
30.0,40,1048.269353
-40.48,26,1048.72768
-34.72,38,1049.359174
-32.64,39,1049.959523
32.142384,32,1050.451644
35.768293,27,1050.864802
-37.84,32,1051.408108
-40.82,21,1051.816036
32.316667,29,1052.423979
35.148855,47,1053.310647
-32.77,48,1056.410236
32.611511,31,1056.933805
34.880934,31,1057.448952
-36.0,23,1057.847447
-36.0,32,1058.38916
35.815204,35,1059.059548
-35.83,25,1059.51147
-34.91,28,1060.011335
38.751969,51,1061.202742
-38.41,51,1062.75619
32.309091,29,1063.321726
37.289136,29,1063.910518
-32.92,71,1065.291497
-38.71,24,1065.990581
-38.77,28,1068.747839
40.316479,26,1069.14855
35.052791,32,1069.706301
34.778181,37,1070.284123
41.901639,24,1070.705278
40.632572,26,1071.261189
34.397505,39,1071.974111
-41.52,26,1072.435759
-41.84,30,1072.926345
-36.0,31,1073.486871
-34.54,36,1074.078606
-37.45,36,1074.709905
32.185328,40,1075.419807
32.306748,37,1076.078776
-32.22,33,1076.677894
41.668016,27,1077.170479
32.545775,29,1079.760036
32.489933,42,1080.381546
38.393403,36,1080.932594
-35.81,29,1081.368521
36.0,39,1082.078099
33.0,40,1082.734209
-32.15,36,1083.304786
-38.54,34,1083.803245
35.429967,28,1084.257442
44.319967,34,1084.949229
32.056911,33,1085.571363
35.076641,59,1086.639632
38.149545,36,1087.308316
-38.44,31,1088.075963
32.543554,36,1090.900346
38.091331,33,1091.433052
32.437751,30,1091.942439
-35.8,28,1092.560198
32.356115,34,1093.222685
-33.0,41,1093.860866
35.648276,32,1094.314175
38.353191,50,1095.118051
-35.33,30,1095.623384
-41.71,26,1096.147348
32.018182,36,1096.812292
-40.17,28,1097.317758
-41.16,25,1097.754752
35.611354,36,1098.454451
32.405405,34,1099.126694
-38.48,30,1099.659371
33.0,31,1102.087946
35.616477,36,1102.656253
-37.54,61,1103.623814
-32.91,37,1104.272028
32.615672,45,1104.959314
40.108473,24,1105.414682
-34.53,35,1106.66621
30.0,34,1107.303227
38.191327,42,1108.120545
-32.11,39,1108.926767
-36.81,33,1109.559007
32.024306,35,1110.190618
-37.09,41,1110.940273
40.663069,31,1113.951704
35.677656,44,1114.699803
35.365854,34,1115.29643
-36.46,45,1116.134001
33.0,33,1116.64941
-33.0,38,1117.364642
35.478417,30,1117.881365
-37.77,28,1118.366442
38.003704,24,1118.76588
-38.14,31,1119.480408
32.840391,39,1120.185552
35.80597,29,1120.695813
32.818182,32,1121.275334
-40.68,34,1121.850986
-40.79,37,1123.022486
-38.52,25,1125.847725
-33.0,102,1127.379619
-32.17,29,1127.796349
-34.55,46,1128.494101
38.539024,23,1128.875519
36.0,29,1129.389773
42.139884,27,1129.860766
-44.65,19,1130.201912
-35.09,31,1130.730357
32.042683,35,1131.347915
-38.12,20,1131.689406
-35.2,31,1132.241506
-37.94,32,1132.83239
34.961733,41,1133.561096
32.623134,26,1134.026694
39.0,36,1136.760622
-35.44,40,1137.295904
35.606557,42,1137.918604
-32.06,29,1138.376783
32.525,38,1138.898623
-40.84,38,1139.539678
-32.06,37,1140.157253
-35.26,30,1140.661366
35.221805,31,1141.199616
32.752033,50,1142.347664
34.750142,36,1142.938935
35.34657,24,1143.351552
40.415426,22,1143.76817
-32.36,49,1144.759571
38.698473,26,1145.193636
-38.15,52,1147.91527
-35.13,34,1148.390809
32.084507,43,1149.001981
33.0,32,1149.487328
-32.33,29,1149.959231
38.080321,43,1150.652155
-34.98,69,1151.910767
-37.75,23,1152.327616
-35.62,32,1152.876065
43.728229,25,1153.358783
-36.0,43,1154.088715
32.077778,52,1154.959471
35.516729,38,1157.530972
-33.0,32,1157.925917
-35.1,37,1158.428834
32.308594,31,1158.922068
37.828244,43,1159.624629
32.447099,48,1160.452474
-38.74,30,1160.939855
-39.7,26,1161.348878
35.305296,48,1162.186485
-32.45,47,1162.958898
-32.77,32,1163.557278
-35.18,37,1164.267047
-38.26,38,1164.900494
31.584249,40,1165.547002
-32.6,34,1168.098461
-35.66,41,1168.75443
37.675006,29,1169.298376
-38.52,32,1169.916449
36.0,33,1170.523142
35.5,60,1171.451788
-38.84,30,1171.941891
-38.31,20,1172.265056
-32.51,40,1172.938631
32.154362,36,1173.53451
-35.58,26,1173.962692
32.670034,31,1174.455313
-35.06,37,1175.063147
37.708542,35,1175.66692
-39.95,28,1176.12665
-41.16,39,1178.561763
34.590561,34,1179.012495
43.842593,32,1179.449056
32.170124,33,1180.00493
32.665399,38,1180.650817
-38.63,28,1181.118642
-35.89,31,1181.657613
-35.91,25,1182.044429
-32.36,37,1182.660991
-41.13,28,1183.114735
-35.29,31,1183.631779
-35.94,30,1184.123618
-32.87,32,1184.659079
-40.66,27,1185.118072
32.44582,38,1185.750992
32.293651,34,1186.334055
35.802198,38,1188.696855
-35.2,36,1189.183043
35.712644,31,1189.579018
32.576,40,1190.178959
-33.0,33,1190.822675
-37.45,31,1191.317518
32.734899,32,1191.895358
35.247273,28,1192.459604
35.703008,33,1193.050085
32.671429,31,1193.949074
-43.96,22,1194.400729
-35.26,25,1194.836946
-35.43,27,1195.310234
35.482446,53,1196.306298
32.6787,33,1196.890618
36.0,43,1199.630096
-44.01,19,1199.886239
32.90146,35,1200.418197
33.0,65,1201.390802
44.203065,24,1201.796005
-34.55,26,1202.162261
32.435606,28,1202.682438
-37.54,24,1203.108369
-32.66,48,1204.034435
35.746988,36,1204.782188
-35.92,36,1205.525136
-36.0,33,1206.081711
32.411255,57,1207.22865
38.454839,36,1207.943334
-34.32,26,1208.508784
32.181223,33,1211.294605
47.018182,15,1211.501016
-35.38,53,1212.33892
-35.48,37,1212.987754
-38.04,20,1213.319714
46.637064,24,1213.737324
36.0,34,1214.372127
32.093385,34,1214.966491
33.0,44,1215.730937
32.419608,32,1216.280405
-38.39,26,1216.772526
34.653221,31,1217.305323
-32.12,32,1217.858525
-37.7,29,1218.508266
-32.1,35,1219.325815
-35.33,32,1219.844728
-41.1,19,1222.144241
38.620788,34,1222.609371
-32.14,33,1223.040779
35.268482,26,1223.387658
33.0,32,1223.954664
-38.1,37,1224.603021
35.55,34,1225.210804
-32.13,37,1225.831424
-32.81,40,1226.50905
-40.43,27,1226.981784
38.016525,29,1227.503126
30.0,40,1228.231318
-36.0,35,1228.837263
-35.13,32,1229.415743
37.94385,27,1230.372027
32.062937,34,1230.968467
-32.76,32,1233.426995
32.744681,30,1233.88394
-37.8,31,1234.406299
33.0,37,1235.031411
40.345679,34,1235.625314
-37.34,30,1236.152069
32.53271,31,1236.90873
41.320423,25,1237.403178
-38.25,32,1238.021791
37.408044,103,1239.898848
-32.05,41,1240.62841
-33.0,38,1241.343803
-35.26,52,1242.241593
35.20155,33,1244.788911
-40.23,26,1245.316142
-32.19,36,1246.416931
39.0,30,1247.054606
-34.89,33,1247.72492
34.508871,43,1248.667979
-40.83,41,1249.555652
-35.15,38,1250.444948
-35.14,29,1251.10949
-35.3,44,1252.148566
34.69898,29,1252.752839
-33.0,33,1253.529337
-38.6,31,1254.253917
32.24375,34,1255.123888
32.902174,30,1255.753649
32.419872,37,1258.703137
-34.83,30,1259.264342
35.185606,41,1260.076472
-34.64,36,1260.827615
38.26087,20,1261.197669
-35.02,31,1261.710111
35.643939,32,1262.27498
-33.0,32,1262.873629
32.296552,34,1263.468097
-37.45,32,1264.047411
37.997863,28,1264.666151
-43.89,17,1264.988946
-45.99,19,1265.500964
35.341108,23,1266.06926
38.262626,17,1266.428609
-38.47,37,1267.114996
38.70229,24,1267.621084
35.673004,33,1270.1214
-35.68,33,1270.751662
-38.45,31,1271.367776
40.741636,25,1271.830998
-32.49,40,1272.65988
47.108081,17,1273.046816
32.698675,31,1273.685187
-40.3,37,1274.383327
-41.14,24,1274.796664
34.66901,36,1275.589488
-34.28,39,1276.313089
33.0,32,1276.910115
35.60423,30,1277.437388
-32.6,36,1278.074882
33.0,39,1278.762712
-33.0,39,1279.393353
-30.0,30,1281.929067
-34.67,36,1282.651699
-32.89,48,1283.701446
-35.16,26,1284.343489
32.254967,61,1285.742054
-32.81,32,1286.357861
-39.0,39,1287.0749
-43.85,34,1287.826363
-38.08,45,1288.682984
33.0,32,1289.271373
32.364431,30,1289.945001
-34.9,26,1290.451479
34.220235,42,1291.255407
-38.61,26,1291.697655
41.157407,20,1292.023836
34.955172,28,1294.704165
32.787037,29,1295.438312
32.996198,25,1295.987861
-34.67,35,1296.604193
-32.5,29,1297.163206
-38.31,31,1297.716467
35.440945,34,1298.343519
35.264368,32,1298.919741
38.996231,34,1299.507502
38.152551,44,1300.328547
-32.91,30,1300.937107
-32.3,37,1301.573995
33.0,44,1302.197333
33.0,32,1303.026909
-32.44,39,1303.731953
33.0,27,1306.256511
-35.03,31,1306.814075
-32.7,39,1307.548952
32.504202,108,1309.469618
-35.64,32,1310.079473
31.599071,37,1310.787722
32.439068,33,1311.361494
-37.33,35,1312.007119
-36.82,26,1312.453846
-32.7,38,1313.120528
35.015504,31,1313.725605
32.408935,42,1314.42571
31.97931,27,1314.810009
-38.18,34,1317.32801
35.585366,34,1318.059663
-33.0,40,1318.953529
38.866412,45,1320.07224
-38.17,49,1321.025144
-34.69,72,1322.575452
37.341617,29,1323.182443
-40.88,24,1323.637865
-34.5,30,1324.160981
-32.88,30,1324.664429
-32.44,58,1325.588127
35.317308,31,1326.049514
44.242537,24,1326.386197
38.237736,30,1326.805312
-32.08,42,1329.5325
36.0,27,1329.986707
-32.81,33,1330.727149
-38.16,36,1331.458553
35.069106,25,1331.96207
32.486792,30,1332.514201
-39.0,37,1333.160884
35.09375,34,1333.739806
35.8,29,1334.261734
32.099338,35,1334.927803
33.896959,36,1335.608212
32.443878,33,1336.323697
32.618519,30,1336.793822
39.0,51,1337.65785
-32.49,44,1340.367938
37.267218,31,1340.897961
-38.91,21,1341.250901
-32.86,36,1341.869523
-32.6,38,1342.571371
-35.13,28,1343.161326
39.0,19,1343.511105
-30.0,30,1344.137886
35.675277,37,1344.828147
-32.62,35,1345.649162
-32.5,34,1346.265878
32.834437,46,1347.148849
40.903525,29,1347.590437
-32.36,44,1348.484885
35.178571,38,1349.114537
35.489865,29,1349.560413
32.520492,35,1351.987575
-32.2,35,1352.630957
44.183453,19,1352.988165
34.717746,41,1353.730215
-37.99,32,1354.306504
40.755477,30,1354.834647
32.441964,30,1355.375181
33.0,38,1356.28083
-32.55,33,1356.886591
35.458647,39,1357.574329
41.09621,29,1358.099399
-32.41,31,1358.667014
-32.93,39,1359.596407
32.397351,46,1360.288336
-35.65,31,1360.727601
-41.18,30,1363.074114
32.817734,30,1363.601262
-44.21,35,1364.225996
-32.75,43,1365.070686
-32.27,38,1365.794489
39.0,27,1366.266661
44.328704,17,1366.591853
37.320233,32,1367.148592
43.224382,22,1367.567095
41.373665,37,1368.274415
-40.96,34,1368.904644
-35.14,33,1369.478481
32.120155,41,1370.1944
35.338983,36,1370.790067
-32.29,52,1371.596233
38.103004,31,1374.089336
-32.78,40,1374.770489
32.849462,41,1375.746056
36.0,78,1377.077435
35.754448,25,1377.551969
38.044828,32,1378.172237
-35.48,44,1379.03406
-41.08,35,1379.650397
-41.54,36,1380.264143
-41.03,21,1380.635469
36.0,26,1380.981091
32.579767,31,1381.313692
-32.23,32,1382.084449
-30.0,29,1382.543538
-36.0,26,1382.921451
-38.73,33,1385.435487
40.730572,25,1385.866638
-35.88,30,1386.415009
33.0,37,1387.10391
35.615044,29,1387.617741
33.0,39,1388.391995
35.008547,35,1389.00923
-37.59,26,1389.469437
-35.84,28,1389.968292
-35.12,30,1390.510708
-35.86,39,1391.175524
-38.25,22,1391.677404
-32.7,33,1392.349041
38.361004,18,1392.705707
38.010309,33,1393.313933
35.898917,28,1393.725758
32.293769,29,1394.135895
-35.62,37,1396.834927
31.721805,63,1397.988569
-32.04,27,1398.658775
32.313725,35,1399.298247
33.0,36,1400.236451
-38.58,37,1401.092448
35.551993,36,1401.782536
31.970803,35,1402.412272
40.540238,28,1402.913787
-40.91,32,1403.471888
34.674148,34,1404.060177
-38.69,37,1404.61066
-33.0,30,1405.033671
32.139623,37,1405.554756
41.674603,26,1408.013399
32.903614,32,1408.614503
33.0,33,1409.42378
36.0,26,1409.923206
37.591626,36,1410.563757
32.393258,39,1411.288285
-35.15,34,1411.910569
-36.0,30,1412.453618
37.754537,51,1413.663109
-35.04,27,1414.275899
35.563107,31,1414.942257
-35.3,28,1415.535703
35.186813,36,1416.146343
-32.89,42,1417.470559
-35.32,40,1418.259392
-35.82,24,1420.733807
34.419791,35,1421.332664
-40.59,37,1421.987479
44.32491,21,1422.394767
38.242798,34,1422.971297
-37.52,35,1423.604086
32.682353,32,1424.267597
-32.43,33,1424.840012
39.0,31,1425.360723
-34.77,41,1425.995986
40.910543,25,1426.734772
35.654412,28,1427.167038
-35.23,28,1427.583982
-33.0,27,1427.960804
-35.67,25,1428.358027
-37.89,43,1429.017366
33.0,37,1431.75852
-42.96,38,1432.387836
-32.5,36,1432.935523
-38.09,25,1433.30516
37.748151,44,1434.143754
-38.66,34,1434.923325
32.219388,34,1435.590615
-35.04,30,1436.174002
-33.0,51,1436.982587
-35.23,33,1437.558454
34.818602,33,1438.040758
-39.78,26,1438.38798
37.789062,27,1438.807214
-32.71,37,1439.332832
-45.0,19,1439.703614
-32.71,93,1443.890328
-35.31,27,1444.378341
39.0,21,1444.747243
36.0,22,1445.14151
-35.28,27,1445.604062
-35.02,33,1446.222367
-40.83,46,1447.025752
38.873134,32,1447.668909
32.801047,31,1448.302001
-35.25,28,1448.892752
-33.0,30,1449.389076
42.0,24,1449.735276
38.570946,35,1450.23507
-35.66,28,1450.661741
38.090824,28,1451.123212
-38.73,26,1451.579169
36.0,25,1454.16814
-34.97,28,1454.599664
-39.52,32,1454.97102
-39.95,26,1455.411222
-35.38,90,1456.965555
-36.0,31,1457.524509
-32.77,39,1458.199536
40.001808,29,1458.693052
33.0,43,1459.484669
35.49359,33,1460.323342
32.813679,31,1460.812705
41.754209,31,1461.240646
-44.66,40,1461.814624
38.140845,22,1462.224687
-32.74,41,1464.979897
32.589041,37,1465.576115
35.311578,31,1466.100152
-32.02,33,1466.662334
-38.62,24,1467.09339
32.647436,36,1467.779872
37.599649,31,1468.355779
44.576324,17,1468.661943
38.214674,19,1469.007103
-32.48,31,1469.567444
40.219649,33,1470.178785
35.578313,32,1470.735025
39.732822,44,1471.367792
-35.06,24,1471.757912
32.146853,35,1472.234138
-36.5,28,1472.715916
38.002114,27,1473.180651
32.021834,36,1475.997856
35.301887,32,1476.55817
-35.76,32,1477.168417
32.07619,38,1478.034225
32.755556,33,1478.730935
38.75317,23,1479.1813
-35.91,29,1479.733669
32.579861,51,1480.68932
38.068966,39,1481.346119
-35.51,28,1481.736989
-35.54,28,1482.117402
35.936508,27,1482.48087
-36.0,21,1482.789663
38.669202,32,1483.256091
-32.47,28,1483.709323
39.0,28,1484.187194
-35.77,35,1487.104725
-35.15,28,1487.612209
31.54186,41,1488.528074
-32.07,41,1489.240285
32.38674,44,1490.022872
-33.0,29,1490.514533
-32.9,28,1490.976713
-32.33,32,1491.583431
-35.76,37,1492.240137
33.0,25,1492.646905
32.401544,36,1493.147033
-32.39,37,1493.664401
-32.7,40,1494.262223
-38.07,31,1494.831193
-32.25,38,1495.490816
33.0,32,1498.380223
-35.29,26,1498.846586
35.871886,26,1499.29998
32.64486,30,1499.834521
32.41,32,1500.501936
-32.57,60,1501.620245
-38.63,25,1502.075164
32.356902,34,1502.703321
31.65625,32,1503.225944
-35.6,32,1503.842493
35.333333,29,1504.366641
-35.19,56,1505.191257
35.675676,46,1506.041537
-32.55,30,1506.631368
-41.4,27,1507.086808
32.824627,36,1509.852584
37.710909,37,1510.667693
32.334302,34,1511.401315
36.0,28,1511.904989
-35.41,25,1512.33894
-38.61,29,1512.905158
32.565972,38,1513.609322
32.151203,32,1514.127592
-35.09,40,1514.698858
39.0,27,1515.08754
-35.6,25,1515.416576
31.818878,41,1516.029869
-36.0,25,1516.463222
32.58042,49,1517.301785
-37.43,26,1517.769235
-34.51,46,1520.613229
32.814961,38,1521.282817
-32.33,42,1522.002889
38.933162,23,1522.398996
-36.0,27,1522.871916
-35.43,38,1523.534257
-35.84,30,1524.01281
-32.47,38,1524.541734
-35.59,31,1524.973821
-38.17,26,1525.340259
40.860822,33,1525.794359
32.515152,36,1526.456758
35.080997,30,1526.975697
39.0,27,1527.449525
32.120805,33,1528.0141
38.275862,20,1528.504301
-35.17,30,1531.034335
32.105058,34,1531.682269
37.795471,36,1532.29933
38.330128,29,1532.812546
38.402357,36,1533.441036
-32.18,26,1533.931322
35.060976,41,1534.833469
-38.54,23,1535.19612
37.069858,26,1535.552554
-38.51,32,1535.989197
35.031128,33,1536.503362
40.532168,25,1536.939647
40.997509,33,1537.495091
41.569343,25,1537.94679
35.165919,34,1538.528649
-31.76,38,1539.214962
-35.0,34,1541.826461
-32.36,39,1542.493431
35.081272,31,1542.997586
33.0,30,1543.482514
47.389286,15,1543.734765
35.53125,30,1544.230885
32.712727,33,1544.744562
32.187919,46,1545.382369
32.46831,33,1545.861691
32.54065,35,1546.374948
-41.23,37,1546.984392
38.925311,26,1547.431301
32.684015,35,1548.039656
-32.03,44,1548.827668
35.901639,32,1549.351583
35.180723,29,1549.838591
-43.7,32,1552.58324
38.853372,28,1553.091124
32.220588,34,1553.741904
-38.13,38,1554.423165
44.042484,20,1554.839359
-40.39,29,1555.508473
38.503311,27,1555.9875
38.260377,31,1556.44224
35.67433,36,1557.019873
35.592715,19,1557.321232
-32.91,31,1557.988588
40.62334,42,1558.733063
-33.0,23,1559.135389
-35.17,30,1559.744771
38.263158,45,1560.727215
-35.36,31,1561.274689
-33.0,46,1564.195635
38.176271,28,1564.813658
-37.67,32,1565.485034
35.59542,76,1566.982163
-35.27,64,1568.43849
41.318885,22,1568.753252
-32.58,38,1569.36787
-37.39,23,1569.840011
30.0,41,1570.592592
32.80315,33,1571.215686
35.652893,43,1572.202148
35.442637,48,1573.055571
-43.32,19,1573.39177
33.0,40,1576.213132
32.631206,38,1577.336429
32.875486,32,1578.419314
35.337121,40,1579.489983
-32.14,31,1580.434707
38.351724,37,1581.402595
-40.91,31,1582.106381
32.753731,37,1583.342856
-35.69,39,1584.463182
-35.81,34,1585.46828
35.580071,37,1586.369637
43.042181,38,1587.273905
-32.8,29,1587.89056
36.0,28,1588.414916
32.69962,34,1589.060357
-35.51,28,1591.936748
-32.78,34,1592.606196
32.70318,35,1593.270391
35.65109,32,1593.772664
46.507308,22,1594.121817
32.71875,46,1595.085116
35.645985,35,1595.702295
41.608511,32,1597.189918
-32.03,31,1597.77443
-32.7,27,1598.31073
-39.88,32,1598.926349
-40.61,28,1599.442644
-35.34,23,1599.859523
-35.7,30,1600.40407
32.060811,34,1601.04337
-33.0,31,1601.619768
32.90146,31,1604.286494
35.5,50,1605.14293
32.04947,39,1605.686119
33.0,25,1606.078694
-35.04,20,1606.374978
-32.54,33,1606.939991
-34.89,35,1607.680225
32.114907,29,1608.270429
-41.19,35,1609.015896
-34.46,37,1609.678854
-39.0,28,1610.328447
35.033962,33,1611.039944
-38.45,32,1611.598646
-35.66,27,1612.124639
38.233808,41,1612.906743
-32.13,32,1613.555185
38.49844,28,1616.347785
35.072508,31,1616.834532
-38.5,104,1619.281395
32.44,30,1619.849553
32.47619,28,1620.429897
32.675585,32,1621.069471
-42.0,25,1621.482484
37.965306,38,1622.157589
42.0,22,1622.569983
-37.82,30,1623.109657
-39.0,24,1623.484746
36.0,26,1623.77964
32.772059,49,1624.32794
-37.9,32,1624.93314
36.0,27,1627.600397
32.469466,39,1628.214505
-40.72,23,1628.575985
38.142623,26,1629.040618
32.801047,48,1629.726091
-37.37,34,1630.257028
-43.78,30,1630.760958
41.449081,22,1631.192802
38.272031,24,1631.610911
36.0,29,1632.185369
-35.1,49,1633.05025
33.0,25,1633.491784
32.772563,36,1634.178786
35.18797,38,1634.903506
-38.65,28,1635.373378
-40.56,28,1635.89149
43.178397,22,1636.349779
35.071207,27,1638.960856
-36.0,29,1639.435859
32.89272,42,1640.056022
-33.0,33,1640.554672
-32.4,28,1641.022246
-32.64,34,1641.595781
-37.3,31,1642.179784
-35.51,24,1642.605186
-35.38,28,1643.126303
32.716364,65,1644.523932
-32.53,37,1645.305662
-40.44,22,1645.692747
-32.12,27,1646.181054
38.040633,31,1646.705713
-37.8,20,1647.423562
41.037175,29,1647.925547
-38.48,32,1650.655113
37.282927,25,1651.04131
32.3125,39,1651.634761
-32.58,37,1652.246989
-32.62,36,1652.816399
-32.42,42,1653.609979
32.252336,38,1654.321304
-32.36,32,1654.918198
-35.39,28,1655.402241
-32.95,33,1655.980281
-33.0,38,1656.671126
37.417078,27,1657.131795
-35.03,33,1657.767778
35.0875,29,1658.31365
35.903346,28,1658.809451
-38.37,30,1661.433825
32.610738,32,1661.87428
36.0,35,1662.376171
47.153025,20,1662.705215
-36.0,36,1663.243533
-31.8,30,1663.754035
33.0,44,1664.65041
41.988189,26,1665.238184
38.082905,38,1665.923838
35.363309,25,1666.371122
-38.76,23,1666.811607
36.91329,27,1667.308793
32.333333,35,1667.95971
-32.87,32,1668.537864
-32.21,37,1669.231806
47.126866,22,1669.833631
35.825455,22,1670.181088
32.630952,32,1672.761576
-34.32,35,1673.27296
-42.0,29,1673.720288
35.288889,27,1674.151869
-40.27,30,1674.647472
-35.22,30,1675.13829
-32.22,31,1675.738182
-32.66,28,1676.237393
-32.07,39,1676.935263
46.618679,36,1677.602889
42.0,24,1678.048322
32.961326,30,1678.704966
32.53871,32,1679.288023
-43.31,40,1680.016782
32.036765,32,1680.580762
-32.26,34,1681.205376
-33.0,42,1683.923224
-35.33,29,1684.326216
-41.3,24,1684.739907
-37.63,37,1685.327539
35.512712,55,1686.548746
-35.47,32,1687.118758
41.165298,25,1687.52179
-47.32,26,1688.127539
-33.0,24,1688.551903
-34.61,28,1689.077311
-38.39,24,1689.555967
35.810345,30,1690.200794
-38.07,28,1690.70068
36.0,30,1691.215025
34.811815,26,1691.702739
-35.16,32,1692.309957
-38.17,30,1692.841095
-38.77,48,1695.787671
-32.9,32,1696.287343
-38.24,29,1696.738064
33.0,33,1697.551638
34.355348,40,1698.30584
-32.6,39,1699.033851
-32.76,39,1699.72613
-33.0,26,1700.218942
-38.28,26,1700.704325
-32.37,37,1701.341561
33.0,38,1702.004316
33.0,32,1702.552831
-38.34,27,1703.043691
-32.21,39,1703.750397
-35.56,78,1706.91425
36.0,33,1707.44084
38.34188,28,1707.915918
32.110266,32,1708.497906
40.620785,23,1708.909267
35.574913,28,1709.359489
-35.65,44,1710.040019
-36.66,28,1710.545508
-37.44,39,1711.189964
-32.65,35,1711.804612
-36.0,38,1712.455967
-35.69,34,1713.077881
35.058621,41,1713.807357
-38.15,31,1714.389929
-35.14,30,1714.958594
35.048544,35,1717.562734
-37.87,30,1718.021371
-32.56,32,1718.504466
-41.02,20,1718.838182
-37.29,31,1719.38418
-43.25,28,1719.902769
33.0,37,1720.629983
38.217574,28,1721.137589
-32.91,29,1721.837796
-43.83,28,1722.656105
38.646341,29,1723.239134
-34.9,44,1723.987098
-40.31,25,1724.445851
35.794776,39,1725.444487
32.285171,31,1726.026253
32.651163,35,1726.626307
-32.63,39,1729.149758
-40.35,30,1729.678472
32.587234,41,1730.42079
38.231343,32,1731.037419
-35.26,38,1731.771332
32.37594,26,1732.224685
32.580205,25,1732.671988
-37.84,35,1733.298911
33.0,31,1733.853882
-35.27,38,1734.520516
-35.49,34,1735.104224
-35.21,34,1735.708283
-38.13,25,1736.175752
38.578733,41,1736.932842
-35.78,38,1737.625797
-35.95,34,1741.254667
-38.32,24,1741.823626
36.0,45,1742.862063
41.051852,20,1743.25825
-39.53,61,1745.183067
-40.92,26,1745.710977
41.384314,38,1746.44889
-32.14,31,1747.09446
-37.85,30,1747.693151
-32.02,36,1748.37771
-35.56,43,1749.527866
-32.69,41,1750.245657
36.0,29,1750.696093
36.0,29,1751.202545
37.850993,29,1751.683768
-35.21,27,1752.15417
-36.0,24,1754.826625
-32.7,42,1755.644727
-35.1,30,1756.235019
35.61811,34,1756.863896
-32.18,33,1757.459447
33.0,34,1758.11393
37.667755,29,1758.731109
-35.17,27,1759.268153
-38.65,31,1759.846578
-35.12,32,1760.476054
35.823293,36,1761.142069
-32.91,35,1761.738077
-37.58,30,1762.289906
35.218868,40,1763.036772
32.174797,46,1763.887214
33.0,25,1766.611779
41.438662,28,1767.15959
33.0,35,1767.817233
30.0,53,1768.866155
41.09375,32,1769.526119
-35.39,32,1770.13731
33.0,43,1770.972567
-32.35,35,1771.89928
36.0,26,1772.408837
36.0,31,1773.077189
34.817298,31,1773.650992
33.0,35,1774.262246
35.98917,39,1774.930171
-33.0,28,1775.391344
-36.0,34,1775.95871
-41.91,22,1778.716152
-33.0,38,1779.383752
38.41791,26,1779.87406
32.813333,29,1780.595838
38.338932,29,1781.145406
38.248815,22,1781.556326
-32.12,32,1782.183789
32.075188,31,1782.844404
35.696498,36,1783.551027
35.364038,29,1784.17391
-38.06,25,1784.716611
32.901818,28,1785.214519
38.627907,25,1785.708579
41.086347,57,1786.723258
42.779925,82,1788.034554
33.0,27,1790.566011
-35.39,28,1791.097693
-37.97,29,1791.647477
36.0,31,1792.252757
-37.39,32,1793.404147
35.440154,25,1793.896251
-35.16,37,1794.604254
-32.11,37,1795.329802
-34.84,29,1795.866842
-33.0,34,1796.408623
35.091912,27,1796.879788
32.30566,37,1797.797234
32.153846,47,1798.517254
33.0,32,1799.299164
38.172012,50,1800.085644
-38.38,18,1800.379498
32.040441,39,1803.362795
-35.56,27,1803.921102
34.355724,49,1805.133061
32.641104,39,1805.942057
-35.72,40,1806.702183
-38.83,38,1807.453837
-32.91,59,1808.349529
47.204167,26,1808.820292
38.902439,28,1809.268581
32.701887,30,1809.748127
-32.42,40,1810.373224
-32.01,42,1811.020704
36.0,79,1814.551095
-35.16,32,1815.159432
41.87234,30,1815.726404
-32.66,39,1816.575337
-32.1,31,1817.156396
-34.46,40,1817.87989
-32.28,33,1818.461544
35.30038,39,1819.175642
36.528821,30,1819.650135
-38.13,26,1820.070099
40.5375,31,1820.537289
-47.03,53,1821.376178
-32.24,39,1821.962985
-31.59,69,1823.166245
-34.77,29,1825.884282
32.579336,27,1826.627554
38.712418,41,1827.45314
-32.92,36,1828.150181
32.330128,40,1828.917461
35.279835,34,1829.549053
-35.4,37,1830.569978
41.300074,29,1831.155127
-32.33,47,1832.275789
-38.86,28,1832.753621
32.634868,33,1833.327998
32.902439,32,1833.851439
-35.3,24,1834.265498
-41.03,24,1834.673546
39.0,23,1835.039541
35.57554,45,1838.104115
-38.31,28,1838.591286
36.0,28,1839.123937
39.0,26,1839.588196
35.053232,27,1840.082284
-36.0,28,1840.657103
-35.64,26,1841.114806
-35.74,26,1841.868792
32.175824,33,1842.482561
32.900524,39,1843.233928
41.234266,20,1843.608592
34.293475,45,1844.352554
39.0,18,1844.665344
-37.44,29,1845.134326
-40.79,55,1845.998555
36.0,31,1846.512593
41.201613,21,1846.910126
41.198444,21,1849.819986
38.001931,29,1850.319185
-35.44,37,1851.004874
37.880932,34,1851.636681
-35.01,53,1852.63757
-44.4,19,1853.220075
32.557632,48,1854.220189
40.691667,41,1854.985273
36.0,37,1855.656274
-44.13,33,1856.175847
-38.15,32,1856.661809
-35.17,37,1857.251046
35.320475,31,1857.774263
43.848094,22,1858.783763
33.0,32,1859.583534
-35.44,41,1862.491299
32.064639,28,1863.031409
-32.34,34,1863.692222
-35.19,47,1864.605965
-32.59,58,1865.737018
-34.93,29,1866.31537
33.0,35,1867.024068
33.0,43,1867.685813
32.743295,27,1868.107286
37.598644,34,1868.594508
41.012825,35,1869.123605
39.0,22,1869.471238
-37.5,37,1870.181752
-35.08,30,1870.785544
-32.68,38,1873.642775
36.0,34,1874.283757
-35.88,35,1874.982083
-38.59,32,1875.574601
-37.36,44,1876.419157
-38.02,24,1876.877812
32.411765,33,1877.501118
40.435005,28,1878.033825
-35.81,30,1878.680422
35.182927,57,1879.564878
35.802281,53,1880.402865
-41.17,28,1880.882896
37.310976,28,1881.539104
35.046693,29,1882.092745
-38.22,52,1882.998027
-32.01,41,1886.251719
35.903361,22,1886.755269
-41.67,32,1887.380761
-37.84,27,1887.998851
35.262548,32,1888.755908
38.279221,37,1889.549357
40.07982,38,1890.538877
38.065693,31,1891.175866
35.165957,30,1891.659654
-41.9,27,1892.031888
41.635762,24,1892.391904
38.259109,29,1892.782325
-32.16,79,1895.126349
35.169118,42,1895.923787
-34.9,62,1899.34727
-34.64,26,1899.825708
-41.27,21,1900.201401
-35.16,35,1900.851942
32.247148,37,1901.503118
38.641745,27,1901.962025
-35.97,33,1902.501824
-35.92,28,1902.916209
44.17284,18,1903.182464
-41.57,18,1903.449879
46.948047,24,1903.853162
-40.47,26,1904.250259
35.921397,41,1905.157369
-32.19,31,1905.892439
37.650932,28,1906.442159
41.315068,27,1907.474965
35.396776,40,1908.421773
38.950355,31,1911.337428
-41.49,27,1911.811057
-38.43,34,1912.669409
-32.49,30,1913.226329
-33.0,37,1913.841402
33.0,36,1914.435039
-32.16,31,1914.903177
47.379592,16,1915.856208
41.179396,25,1916.317958
-41.34,38,1917.04277
-35.3,32,1917.645685
38.040373,46,1918.535311
-38.42,31,1919.122547
34.814307,25,1919.627004
36.0,27,1920.130535
-38.36,28,1920.71672
32.139706,37,1923.763197
33.0,31,1924.469985
32.349845,36,1925.182606
46.620849,15,1925.475502
35.888571,25,1925.912601
44.254958,27,1926.6315
-41.37,24,1927.093164
-41.5,29,1927.599121
-36.0,28,1928.142408
40.882589,23,1928.577418
-38.7,34,1929.272623
32.178445,36,1929.982946
38.378132,52,1931.073993
-33.0,39,1931.885489
-37.51,34,1932.653653
34.955634,34,1933.351643
35.093294,37,1934.153606
-41.51,36,1937.327853
-32.54,44,1938.102172
39.0,27,1938.594253
-32.06,28,1939.121745
-32.59,32,1939.665311
32.286822,35,1940.354675
-32.76,33,1941.209939
36.0,28,1941.859246
35.389408,25,1942.371583
41.058632,25,1942.928815
-44.67,20,1943.343134
32.637755,32,1944.011361
44.103175,34,1944.716904
32.303406,30,1945.380794
38.850622,36,1946.121344
38.330709,38,1946.877307
31.526718,54,1950.259124
-37.25,27,1950.780935
38.587361,28,1951.267702
-35.07,42,1951.991754
34.834596,33,1952.599109
35.253846,38,1953.2809
-39.0,41,1954.116343
-41.31,25,1954.62812
41.44,32,1955.437537
38.228873,31,1956.704866
-42.0,30,1957.391206
-36.0,27,1957.931115
32.042254,30,1958.540729
-34.63,63,1959.815707
-35.43,33,1962.762228
-39.0,44,1963.708151
33.0,28,1964.1686
32.516364,38,1964.77808
-38.02,29,1965.197123
36.0,25,1965.609841
-32.08,51,1966.806931
33.0,33,1967.423238
36.0,24,1967.885187
-34.83,32,1968.470657
-36.0,35,1969.366838
36.0,30,1969.931907
-40.09,66,1971.182075
-35.38,37,1971.898931
40.725092,25,1972.436127
44.863492,30,1974.845045
-37.93,31,1975.339806
-32.55,27,1975.78675
-35.28,45,1976.522913
-35.48,39,1977.141898
-35.44,26,1977.703531
-35.51,38,1978.382478
-32.75,33,1978.96674
34.266572,33,1979.547917
-32.43,41,1980.313561
38.5,31,1981.156513
-35.02,29,1981.662663
36.0,42,1982.391532
34.868397,26,1982.824819
35.303125,31,1983.342292
33.0,33,1986.00953
-34.62,26,1986.482714
-37.51,35,1987.102377
-32.61,34,1987.68541
-32.27,75,1989.293707
32.8125,41,1990.166237
35.005703,29,1990.689933
32.836858,31,1991.260126
-38.33,26,1991.814797
-38.28,22,1992.332629
-41.14,20,1992.948626
-32.13,32,1993.675276
40.252232,31,1994.561487
38.453237,27,1995.141828
-35.43,27,1995.709399
44.888136,26,1996.143334
37.351563,35,1998.862698
36.0,33,1999.518759
-35.28,29,1999.983012
33.0,36,2000.562748
32.607759,36,2001.30731
-32.44,28,2001.768505
41.188235,36,2002.469434
-35.01,42,2003.195257
-44.89,31,2003.704461
-32.88,64,2004.830813
32.262357,38,2005.871301
32.333333,30,2006.374579
41.232727,26,2006.819227
-35.81,32,2007.300798
-38.79,36,2009.900687
33.0,33,2010.711292
32.441065,38,2011.387778
-32.36,33,2011.948403
-35.21,31,2012.52821
-39.0,29,2013.039972
38.404531,35,2013.65809
35.235772,30,2014.205916
-35.19,33,2014.744212
-36.62,39,2015.458509
32.896552,33,2016.025596
40.900504,25,2016.458055
-41.64,24,2016.881203
-32.2,32,2017.434431
41.076923,24,2017.82323
33.0,38,2018.410684
-35.6,33,2021.144302
33.0,34,2021.646081
32.888031,34,2022.17086
-34.8,29,2022.691241
41.24921,23,2023.258432
37.906268,32,2023.82161
43.670648,40,2024.67251
35.876984,25,2025.266429
38.104247,22,2025.734167
35.517123,28,2026.423757
32.26259,33,2027.103373
-32.15,29,2027.735751
-37.72,30,2028.302299
-38.31,28,2029.171997
41.715909,28,2029.750931
-32.34,48,2030.649616
38.140187,24,2031.121882
46.491273,35,2033.816811
-33.0,30,2034.418911
-38.66,32,2035.013193
-39.0,23,2035.501563
41.08209,26,2036.062485
-32.13,39,2036.742298
-41.88,41,2037.490498
45.0,15,2038.232001
-38.5,31,2038.895119
42.0,19,2039.304185
-36.0,24,2039.81654
-31.91,31,2040.446867
43.270288,29,2041.094163
-36.0,41,2042.131042
-32.03,55,2043.175516
-32.39,41,2043.948243
32.751938,36,2046.920106
32.97482,36,2047.837548
41.693095,34,2048.587048
35.01444,34,2049.237612
-32.02,33,2050.143853
-33.0,28,2050.72105
-38.01,19,2051.109123
41.479245,23,2051.592886
-35.82,37,2052.398218
41.395639,24,2052.958589
32.588679,34,2053.683122
33.0,32,2054.475034
-31.58,29,2055.018009
-38.29,25,2055.473968
38.753894,25,2055.854487
38.704225,26,2056.278802
32.429577,41,2056.896827
37.891815,30,2059.882055
-35.27,36,2060.58541
38.823171,40,2061.422333
-38.89,24,2061.896255
34.732788,45,2062.783893
-32.31,47,2063.908231
-38.18,25,2064.454265
38.498542,28,2065.022429
-38.06,31,2065.640627
32.012931,28,2066.16294
35.382576,29,2066.661124
-39.0,30,2067.157611
38.610294,26,2067.57672
-38.39,30,2068.039609
-36.0,35,2068.646214
-42.0,20,2068.993938
-38.04,30,2072.080494
35.025593,30,2072.697438
41.191882,23,2073.152401
-48.0,30,2073.750149
38.191176,24,2074.224962
32.639394,34,2074.899598
-35.4,31,2075.681545
35.221226,51,2076.678305
-35.81,27,2077.356686
32.050584,32,2077.981818
-34.29,29,2078.455009
-42.0,26,2078.901069
-32.65,33,2079.426439
38.903502,28,2079.89441
-35.88,34,2080.52056
-37.53,25,2081.02879
40.568775,31,2081.604272
32.78169,33,2084.296062
-35.36,92,2085.991331
-38.64,27,2086.511149
-32.21,43,2087.738863
40.224553,50,2088.652089
-37.6,30,2089.210085
32.395028,44,2090.009634
38.369398,27,2090.465526
33.0,35,2091.055626
44.358744,20,2091.410794
-31.82,35,2091.988913
32.676596,41,2092.861611
34.90146,30,2093.432763
44.074547,28,2096.01287
32.338583,26,2096.512747
39.0,23,2096.960463
41.055572,33,2097.561844
32.239583,31,2098.170152
-34.73,31,2098.757211
-34.66,58,2099.851363
-44.28,23,2100.275927
41.082957,71,2101.551101
35.164835,42,2102.261199
37.945282,32,2103.017118
-38.0,27,2103.693708
32.165049,38,2104.460631
35.754647,33,2105.063573
40.987734,29,2105.609904
35.372483,29,2108.173833
41.662698,80,2109.591932
36.0,37,2110.312675
35.768953,31,2110.885407
-38.33,23,2111.310015
39.965557,30,2111.855617
-47.54,15,2112.137542
-38.39,25,2112.563359
32.481366,58,2113.553866
38.565972,30,2114.077805
-33.0,61,2115.242131
-40.96,26,2115.777733
40.545113,36,2116.510627
35.543554,33,2117.099347
-35.24,39,2120.665796
36.0,33,2121.341852
38.935361,38,2122.054733
35.201166,52,2122.987869
-32.45,35,2123.607307
-38.02,26,2124.061934
44.973384,29,2124.547346
38.398649,39,2125.198829
-32.19,31,2125.737997
-44.7,18,2126.057814
41.085271,22,2126.453548
39.0,29,2126.951702
38.397937,36,2127.621292
35.5375,31,2128.471224
33.0,52,2129.624058
38.612245,23,2132.960232
-32.77,30,2133.50814
-32.73,39,2134.205238
38.168033,32,2134.729382
33.0,32,2135.221818
41.220395,28,2135.715384
-38.34,36,2136.744629
-32.19,33,2137.392931
-38.27,35,2138.0539
-32.35,44,2138.887789
38.634454,27,2139.404595
-34.97,27,2139.945132
-35.05,24,2140.399788
41.334615,24,2140.933838
-35.3,51,2141.922761
38.610592,42,2144.924667
-32.73,28,2145.393531
32.652778,31,2145.878955
-35.74,28,2146.358868
-37.63,32,2146.890691
35.362445,36,2147.549326
-32.57,54,2148.589241
-41.01,83,2150.031297
32.287097,43,2150.860187
-34.79,38,2151.556931
35.827869,26,2152.028463
47.338235,14,2152.830184
-39.0,25,2153.278893
37.296608,25,2153.75631
-41.34,25,2154.169913
-40.54,32,2156.86475
-32.06,31,2157.594483
38.418739,22,2157.945979
33.0,29,2158.42473
38.208955,28,2158.91524
35.642424,32,2159.516448
35.051238,36,2160.176658
35.267442,32,2160.878606
32.794677,32,2161.518851
-34.99,36,2162.210333
32.863454,36,2162.924079
35.847826,42,2163.770383
-36.0,32,2164.399157
37.103066,33,2165.079191
39.0,31,2165.685994
-37.47,34,2166.240259
-35.6,33,2168.809714
-34.46,35,2169.345969
36.0,30,2169.825466
38.919872,43,2170.618513
38.831373,33,2171.23677
-35.87,32,2171.832614
39.0,20,2172.220639
40.626888,24,2172.677556
35.325203,23,2173.134999
-35.51,43,2173.915772
34.653882,45,2174.842237
-32.33,29,2175.388897
-33.0,28,2175.873719
-43.87,17,2176.219857
-47.07,20,2176.554895
35.134058,32,2177.101694
32.536585,46,2179.790439
35.173469,42,2180.462281
35.440945,28,2180.892527
32.798319,31,2181.354879
37.868863,43,2182.457209
-38.57,23,2183.161667
43.914335,54,2184.380374
-35.06,28,2184.97907
-42.0,24,2185.657568
-33.0,34,2186.342777
32.393939,33,2187.110218
34.668067,38,2187.771827
-35.41,29,2188.37903
-32.27,33,2188.998185
35.158301,31,2189.597106
32.125475,27,2190.163032
-32.66,35,2193.094205
-34.83,39,2193.74234
35.289389,30,2194.393173
-32.1,53,2195.415504
41.031008,33,2196.013033
-36.0,23,2196.461501
-36.0,29,2196.993139
37.787425,29,2197.586941
-35.25,39,2198.344059
-42.91,91,2200.087334
-33.0,30,2200.601265
-32.91,34,2201.401245
-32.68,28,2202.106536
-38.65,49,2204.971516
-33.0,33,2205.564379
32.188235,28,2206.062419
-35.24,31,2206.580154
-36.0,38,2207.266106
-38.81,30,2207.812887
35.611722,35,2208.472897
36.0,28,2209.021323
35.893939,38,2209.716838
-43.85,20,2209.982147
35.161157,41,2210.659688
-43.87,33,2211.323859
35.855513,33,2211.983008
-35.58,39,2212.785626
32.555224,39,2213.59191
38.281853,26,2216.246222
33.0,35,2216.790999
43.785578,26,2217.273752
-40.74,28,2218.292803
35.691358,31,2218.816111
38.420749,23,2219.254907
32.940426,24,2219.7773
-38.23,23,2220.213825
43.207001,21,2220.575872
35.041199,34,2221.174549
36.0,46,2222.07429
32.125,47,2223.042131
38.365854,26,2223.567793
-33.0,49,2224.634241
-35.2,37,2225.365315
-32.5,140,2229.859598
-37.85,30,2230.389464
-38.21,32,2230.988986
36.0,40,2231.778296
-34.44,23,2232.189052
-38.1,24,2232.615404
32.833962,39,2233.333961
-35.94,25,2233.796672
-35.98,37,2234.349672
-38.39,25,2234.775161
36.0,42,2235.501314
35.487936,35,2236.355835
32.925806,35,2237.090146
32.599265,29,2237.577233
-34.91,30,2239.993824
-41.4,27,2240.400953
37.994259,27,2240.82246
32.791489,35,2241.413662
-35.83,33,2242.013515
-38.18,52,2242.954843
40.553674,24,2243.405885
-41.59,26,2243.823793
32.636042,39,2244.487776
-32.03,36,2245.091901
-42.0,24,2245.507746
38.090634,30,2246.00648
-34.87,51,2246.956877
-38.59,29,2247.482827
44.003562,27,2247.964833
46.399426,18,2248.22481
-40.31,35,2250.660934
-33.0,36,2251.204273
-42.0,26,2251.672348
38.429119,33,2252.222533
-32.31,52,2253.070312
-34.41,38,2253.734047
38.094463,25,2254.16484
38.593964,27,2254.676203
-35.43,25,2255.110808
32.292929,40,2255.856268
33.0,37,2256.496728
-38.82,24,2256.899867
-32.84,37,2257.534972
38.069971,35,2258.148452
35.496552,38,2258.724396
-38.42,36,2261.202854
-32.16,35,2261.941553
35.247273,34,2262.554906
-35.6,26,2262.997412
-31.71,35,2263.57749
34.383015,28,2264.068474
-32.35,31,2264.606874
32.704545,49,2265.495242
-32.78,29,2266.006311
37.573117,46,2266.876601
-41.58,24,2267.332151
38.160917,35,2267.939614
40.533315,26,2268.361142
-32.59,39,2268.977193
-33.0,38,2269.553065
32.71777,37,2272.011627
-37.94,24,2272.450293
-34.94,42,2272.999803
30.0,40,2273.671563
35.705882,32,2274.197674
35.8,36,2274.856303
47.212245,15,2275.110445
-35.9,24,2275.54338
32.891026,31,2276.081667
32.9,35,2276.673064
35.464684,31,2277.223775
35.343653,27,2277.708308
-42.38,56,2278.631721
-43.16,24,2279.082742
-32.56,28,2279.558716
41.577778,21,2279.880296
-39.0,32,2280.356712
32.456274,59,2283.22062
-32.17,56,2284.0547
35.75,31,2284.958085
-44.1,24,2285.359159
37.176,37,2285.989198
36.0,31,2286.541008
37.680556,31,2287.049145
-35.7,46,2287.824282
35.681102,37,2288.458671
32.259574,31,2289.024213
33.0,33,2289.557575
-32.53,33,2290.479509
-35.57,24,2290.846987
-35.82,34,2291.377259
33.0,45,2293.981644
36.0,30,2294.513509
-35.68,34,2295.115883
-32.48,31,2295.663487
-35.3,27,2296.096563
32.714286,38,2296.912923
32.522634,33,2297.620678
-32.1,36,2298.370684
-38.41,32,2298.985982
-32.91,27,2299.515194
-35.42,24,2299.995316
-31.87,39,2300.790009
35.804878,35,2301.569504
-32.81,59,2302.610389
32.107362,43,2305.416843
-40.55,34,2306.00987
-37.48,37,2306.66275
-32.27,52,2307.510012
32.5875,44,2308.276722
38.388128,30,2308.969946
-32.82,31,2309.599677
35.24359,37,2310.403161
30.0,35,2311.003673
35.829384,30,2311.552472
35.18806,37,2312.181715
42.0,46,2312.95438
-34.78,35,2313.537796
-32.13,35,2314.051856
-42.0,21,2316.361732
-33.0,35,2316.943721
-44.2,29,2317.427765
31.746212,43,2318.182161
33.0,32,2318.683069
-32.78,37,2319.07888
34.789673,33,2319.515087
35.588957,39,2320.158031
-32.29,46,2320.947655
35.907631,31,2321.551594
40.891832,34,2322.161266
-30.0,31,2322.667378
32.839763,43,2323.437576
-37.37,29,2323.912452
-41.51,30,2324.377244
38.424125,27,2326.484603
-47.41,14,2326.742641
-36.0,33,2327.305998
41.202745,33,2327.857499
-36.0,33,2328.420694
41.826367,26,2328.873722
-38.49,32,2329.414268
-35.14,26,2329.86317
42.933641,22,2330.315244
38.325806,29,2330.812541
-35.23,35,2331.376652
32.086806,29,2331.836843
-35.38,26,2332.29672
-38.27,27,2332.727
-32.17,29,2333.44969
-37.67,31,2334.197526
35.818519,34,2334.762608
-36.0,29,2335.305805
42.0,34,2337.556739
-38.17,35,2338.318788
41.651568,37,2339.035077
-38.7,29,2339.663578
32.571942,38,2340.434216
35.284047,30,2340.996733
36.0,27,2341.46626
-34.51,42,2342.56274
35.683453,32,2343.206692
41.0,32,2343.948358
39.0,29,2344.513964
35.87451,28,2345.038527
-32.13,34,2345.719176
34.739796,52,2346.824784
-32.26,34,2347.404422
-32.79,49,2349.949975
-41.11,26,2350.377924
-38.59,24,2350.790657
-41.22,29,2351.304661
-39.0,22,2351.68718
-41.18,31,2352.195203
37.783142,26,2352.641312
32.130597,35,2353.417189
-35.26,39,2354.191961
-39.0,33,2354.854605
-41.1,22,2355.26081
32.003831,45,2356.132986
38.04501,32,2356.724818
40.121166,24,2357.169622
-37.68,32,2357.754658
37.214706,27,2358.236127
-33.0,29,2361.713328
41.665441,24,2362.228749
-33.0,43,2363.039732
39.0,30,2363.675635
-32.39,31,2364.219555
38.270588,32,2364.851053
38.59542,39,2365.812981
-34.84,38,2366.509133
38.463602,53,2367.555433
38.535032,21,2367.959866
35.718447,36,2368.637923
38.443333,27,2369.29789
-37.51,49,2370.640251
35.064777,28,2371.355899
-35.91,34,2372.217522
30.0,55,2376.127497
34.817086,23,2376.580343
47.182119,19,2377.048508
38.112245,17,2377.495523
41.127907,25,2378.057218
35.86532,35,2378.822186
32.803704,36,2379.568869
38.38806,23,2380.049113
-35.29,38,2380.796887
-43.48,27,2381.329952
-32.5,34,2381.882953
33.0,28,2382.450461
-35.19,22,2382.829164
40.532819,19,2383.229703
-32.73,33,2383.970832
38.2751,28,2384.479263
-38.5,34,2385.089952
35.130112,25,2385.501295
-42.36,28,2387.951596
-32.21,41,2388.724753
41.333333,22,2389.347814
32.810484,25,2389.905909
32.358491,42,2390.921576
41.711027,27,2391.450305
-35.7,30,2392.028446
41.007067,33,2392.704535
-44.88,25,2393.252589
-35.63,31,2394.680768
-32.75,34,2395.451745
44.383212,17,2395.790834
-32.46,40,2396.622446
-32.77,38,2397.37395
-44.59,20,2397.750835
-32.28,52,2399.213561
32.727273,42,2402.309763
35.912458,30,2402.995166
35.489284,32,2403.612854
38.737201,26,2404.151291
36.0,31,2404.667235
33.0,36,2405.303658
38.38961,32,2406.178662
40.677165,27,2406.700715
38.539326,36,2407.436138
-37.16,29,2408.034704
-37.97,36,2408.767991
42.0,25,2409.197429
-37.71,30,2409.7286
-32.7,32,2410.25251
-38.77,34,2410.80502
-44.04,18,2411.102465
-35.29,33,2411.672633
-35.32,34,2414.308836
-32.82,49,2415.328124
38.939394,38,2416.017181
30.0,38,2416.766206
32.804878,34,2417.692894
-32.64,29,2418.276158
38.5,25,2419.037423
32.371429,33,2419.734989
41.677656,27,2420.326042
32.080537,34,2420.962557
35.003115,31,2421.502306
-34.35,50,2422.308805
31.57563,35,2422.857229
-35.9,31,2423.307292
-35.01,30,2425.917666
-44.81,15,2426.187382
32.256318,31,2426.782309
-32.58,39,2427.529833
-36.0,33,2428.16187
-47.55,40,2428.922584
33.0,36,2429.6079
32.273312,34,2430.256548
-38.2,34,2431.211432
-33.0,27,2431.846937
-41.39,26,2432.324092
-32.5,30,2432.771524
36.0,27,2433.79565
35.371429,36,2434.341815
41.307692,22,2434.704898
-34.85,32,2435.224801
34.768483,40,2435.872217
-38.42,29,2438.674113
30.0,33,2439.364107
35.229008,32,2440.002335
-34.76,35,2440.68618
-32.82,39,2441.459825
34.102907,34,2442.13809
35.487273,26,2442.621031
-32.15,40,2443.539371
-38.38,30,2444.029866
-32.44,40,2444.675807
36.0,24,2445.081345
34.918418,31,2445.820376
44.11032,29,2446.304337
35.102273,59,2447.554945
37.682617,36,2448.276201
40.174659,33,2451.123167
-38.36,25,2451.61613
-37.76,39,2452.396203
32.231034,36,2453.047448
43.626556,18,2453.390362
33.0,33,2453.978409
-35.45,35,2454.578171
-40.93,24,2454.973024
31.625436,31,2455.477536
43.611556,24,2455.86161
32.580645,36,2456.459821
41.107527,35,2457.015261
36.0,31,2457.50983
-35.6,31,2458.004433
36.0,41,2458.738634
-37.73,30,2459.330403
32.807407,28,2462.276199
38.131902,30,2462.890307
38.326389,26,2463.298986
32.487578,46,2463.933441
-40.69,29,2464.467229
-32.41,31,2465.059065
-44.2,23,2465.495819
32.594017,46,2466.365367
37.905841,27,2466.945414
-34.88,46,2467.686942
-32.64,25,2468.117665
37.955071,29,2468.650261
33.0,44,2469.361675
38.003802,28,2470.069191
37.985983,28,2470.552974
35.680608,28,2471.125021
36.809921,43,2474.168776
-36.46,50,2475.095159
-38.43,30,2475.654661
35.231317,41,2476.428328
-45.0,17,2476.762882
38.047619,27,2477.239826
36.0,36,2477.923171
38.425856,38,2478.532652
30.0,30,2479.025997
33.0,51,2480.127336
35.011581,37,2480.737775
-40.94,25,2481.14745
35.564748,27,2481.610222
-32.67,29,2482.145824
-38.49,24,2482.663827
-38.42,36,2485.592438
41.137795,24,2486.054326
-35.17,28,2486.554505
38.763158,47,2487.445917
47.313559,23,2487.930398
32.786517,41,2488.799516
-41.14,32,2489.417282
-35.3,38,2490.081648
43.344308,18,2490.394912
-34.64,28,2490.887666
35.098064,38,2491.512065
32.5,59,2492.493894
-38.11,25,2492.874867
-41.42,23,2493.258432
-35.26,32,2493.884661
-35.17,30,2494.450377
-35.02,29,2497.244797
34.645755,27,2497.963928
35.552542,34,2498.581052
-37.39,31,2499.193594
-36.0,22,2499.606649
38.395911,30,2500.226932
-47.74,17,2500.554951
40.428241,26,2501.039525
-38.15,31,2501.543024
-41.07,26,2501.944562
-38.23,22,2502.313956
36.0,34,2502.932712
-32.74,34,2503.479919
33.0,27,2503.93527
-38.12,28,2504.375413
-38.42,28,2504.863328
41.7751,23,2505.298084
35.800141,54,2508.508507
38.588785,28,2509.081635
-32.76,41,2509.892663
32.546392,32,2510.505696
-39.0,20,2510.909047
38.015424,34,2511.623518
-35.6,38,2512.555944
-35.05,36,2513.152219
-38.55,27,2513.627222
-35.49,27,2514.059077
-42.82,49,2514.891161
32.404651,26,2515.309044
35.403448,33,2515.867727
-38.91,23,2516.263344
38.007519,37,2516.965473
40.861453,28,2517.500028
44.431298,20,2517.872393
44.956349,32,2521.531257
-32.7,36,2522.234605
35.552817,25,2522.995768
32.21875,37,2523.863913
-32.49,34,2524.482539
33.0,45,2525.256146
35.837456,24,2525.739608
-35.62,29,2526.215915
44.466667,25,2526.656175
-35.22,29,2527.127596
38.550201,27,2527.6213
-35.02,31,2528.188958
-45.46,32,2528.896405
36.0,28,2529.429312
37.91903,24,2529.877529
38.466258,47,2530.773705
36.0,30,2533.646846
40.901729,34,2534.238416
38.902778,29,2534.729162
36.0,29,2535.206429
-33.0,42,2536.283407
-47.18,21,2536.673809
36.0,25,2537.189449
-36.0,46,2538.061286
33.0,50,2538.876956
35.320872,30,2539.439058
41.128,22,2539.905076
39.0,21,2540.315447
-39.57,32,2540.946285
-35.75,32,2541.593289
41.028125,21,2542.025482
-37.5,23,2542.47368
-34.63,48,2545.624645
38.481203,31,2546.160381
-41.57,33,2546.662257
47.199334,27,2547.107224
-35.39,33,2547.679956
37.745968,29,2548.209732
-35.41,35,2548.906598
-31.56,30,2549.656078
-35.11,26,2550.470004
32.298201,39,2551.439272
-33.0,31,2552.147096
44.327703,22,2552.624751
35.344978,33,2553.254796
-37.2,45,2554.13612
-35.83,29,2554.677901
32.316076,42,2555.455881
-38.42,20,2555.861737
42.0,57,2558.970236
35.208661,27,2559.616116
32.58567,28,2560.365435
-43.56,35,2561.032956
-39.57,33,2561.611643
-32.53,43,2562.296204
38.352941,25,2562.809333
-32.43,43,2563.618209
-44.44,14,2563.853135
35.167347,32,2564.492333
30.0,34,2565.13205
-38.64,24,2565.576051
32.379699,39,2566.356949
32.044776,38,2567.105848
32.610687,30,2567.677109
-38.43,34,2570.243072
-32.61,37,2570.789931
39.0,28,2571.261922
-32.78,35,2571.857067
-34.84,41,2572.634512
32.33871,37,2573.307583
-32.48,35,2573.955124
32.554795,31,2574.53037
33.0,30,2575.270576
36.0,26,2575.853713
-35.7,27,2576.348135
38.80212,24,2576.821554
-32.3,33,2577.495401
35.313433,38,2578.155924
32.052209,39,2578.808069
-40.61,29,2581.264256
-34.91,36,2581.795851
-33.0,43,2582.429529
35.777778,33,2582.958297
35.497113,27,2583.373757
-35.16,38,2583.965475
35.377698,30,2584.516548
-38.28,32,2585.04065
35.275416,33,2585.590377
-39.9,24,2586.059607
32.503817,43,2586.814605
34.65206,36,2587.43318
37.522505,39,2588.107852
32.609091,39,2588.829222
-43.5,24,2589.251312
-35.49,33,2589.83128
32.024845,28,2592.202452
38.531136,26,2592.599185
-39.93,21,2592.914896
-32.15,39,2593.502937
38.219444,27,2593.942619
40.101137,96,2595.54458
-41.47,22,2595.92563
39.0,45,2596.709564
36.0,23,2597.103707
-37.62,38,2597.757672
38.352518,27,2598.387744
35.128676,34,2598.999777
34.030267,33,2599.599388
-37.87,30,2600.127053
-38.57,37,2602.868501
35.21,32,2603.353844
-38.81,34,2603.848877
-38.4,30,2604.328398
35.90146,29,2604.805804
32.61791,28,2605.275001
32.097222,35,2605.9679
-41.88,21,2606.475579
-39.0,29,2607.059139
-35.91,26,2607.581288
-32.72,42,2608.328871
35.588689,27,2608.782423
35.5,35,2609.318325
32.703704,45,2610.119363
39.878632,25,2610.514359
38.344828,26,2611.387906
-36.0,23,2611.928293
38.533038,22,2614.642005
-39.0,31,2615.136278
36.0,28,2615.607519
-37.21,33,2616.199627
35.18543,31,2616.710766
-44.46,36,2617.325167
35.253521,29,2617.901532
-33.0,34,2618.603472
41.129071,19,2618.967679
-33.0,31,2619.52117
38.191275,26,2619.994333
43.653542,22,2620.458141
-35.16,38,2621.185173
-38.4,34,2621.973336
-44.07,22,2622.397133
38.28125,26,2622.925962
35.739777,39,2623.811885
-41.71,28,2626.910053
37.912149,24,2627.361722
38.351613,24,2627.775961
-38.32,26,2628.205965
35.347682,30,2628.751692
41.472325,28,2629.237503
-38.23,31,2629.964975
36.0,32,2630.674346
35.529032,32,2631.293684
38.686007,35,2631.984786
37.702335,31,2632.583899
35.585455,26,2633.077219
-38.24,32,2633.719876
-35.21,36,2634.445446
-35.43,26,2634.927038
-32.38,28,2635.487499
-36.0,27,2636.000366
-32.2,35,2636.725351
-37.67,22,2639.326779
38.790941,33,2639.889004
30.0,32,2640.418248
-32.18,35,2640.970672
-36.0,27,2641.489915
-41.52,26,2642.015703
39.0,20,2642.391303
35.257812,29,2642.938766
-41.53,31,2643.52214
35.081301,27,2644.036354
38.5,56,2645.115146
-38.22,25,2645.598175
35.405145,28,2646.137615
34.449773,35,2646.808622
38.211712,26,2647.28514
-35.77,30,2647.874986
32.599057,34,2651.479043
35.214286,37,2652.081809
-35.07,77,2653.484105
-38.14,29,2654.137411
-35.45,30,2654.728126
-44.09,20,2655.084812
-35.11,29,2655.916597
-37.68,35,2656.612806
-43.78,71,2658.248181
-34.94,33,2658.809274
-41.42,26,2659.25989
-39.88,23,2659.908436
39.0,83,2661.500494
33.0,48,2664.401754
32.297214,50,2665.370921
-38.34,22,2665.80725
35.937695,52,2666.832058
33.0,34,2667.506844
32.486957,30,2668.080706
37.163682,26,2668.591526
41.618132,32,2669.227682
-34.17,36,2669.913163
-32.86,27,2670.450212
-35.02,41,2671.25905
32.046763,40,2672.023092
-35.13,26,2672.538821
41.789883,26,2673.008012
44.59707,21,2673.354957
35.569966,33,2675.911829
38.747253,24,2676.392781
-38.42,47,2677.465793
-39.0,54,2678.597378
-41.31,25,2679.057511
32.875472,43,2679.836597
-32.48,42,2680.868066
-35.65,31,2681.442502
-42.0,26,2681.926551
-43.78,29,2682.657089
36.0,34,2683.301885
41.32069,25,2683.749796
-35.57,37,2684.472931
-32.6,36,2685.135949
32.589091,53,2688.220207
38.041505,88,2690.024698
40.387795,23,2690.458428
-35.05,31,2691.030378
-35.09,31,2691.631924
32.308642,38,2692.535628
-35.23,32,2693.086772
44.403941,16,2693.400974
-38.8,28,2693.887107
-38.55,32,2694.454499
43.785657,18,2694.771622
32.18209,34,2695.379412
-38.41,36,2696.007854
-32.44,34,2696.587934
-35.93,39,2697.168703
38.355102,26,2699.415967
-36.0,32,2699.998262
37.750533,79,2701.344825
38.40693,32,2701.903721
41.536122,28,2702.372324
-35.93,32,2702.903812
35.5,25,2703.302903
41.155894,19,2703.63364
-35.12,42,2704.365407
32.464883,24,2704.771491
-38.32,84,2706.400118
-33.0,28,2706.898309
32.135458,38,2707.658746
-38.53,26,2708.093975
38.707581,26,2711.948516
-38.22,31,2712.737278
-35.84,34,2713.493979
-39.0,42,2714.511539
41.096512,34,2715.276222
32.322097,39,2716.150752
-34.95,30,2716.793405
-38.84,29,2717.413975
34.827456,37,2718.179405
38.112739,26,2718.744511
35.80695,23,2719.265492
38.216216,30,2719.840376
35.295139,37,2720.51722
-32.03,33,2721.061828
-32.43,45,2721.773004
38.017021,36,2722.370213
40.14733,20,2725.220205
38.054054,25,2725.790787
37.624443,32,2726.540622
33.0,36,2727.373162
-32.45,48,2728.581744
-34.87,28,2729.352004
-32.46,36,2730.20685
-32.24,42,2731.090728
-35.84,31,2731.834946
36.0,26,2732.36962
38.102804,47,2733.334047
-37.03,60,2734.340172
37.448638,30,2734.879536
37.442795,30,2735.370806
35.66443,23,2737.974038
38.254125,26,2738.529871
38.704225,25,2739.057626
-38.03,30,2739.805017
38.204969,42,2740.643704
32.756364,28,2741.200603
-34.93,57,2742.308599
-38.29,30,2742.896919
-35.22,41,2743.686907
-33.0,31,2744.283114
-35.27,26,2744.782869
35.042017,36,2745.402926
33.0,31,2746.249819
-35.75,34,2746.799538
32.238255,36,2747.461906
34.633333,26,2747.872844
41.52417,25,2750.660662
36.385504,43,2751.487262
35.004926,43,2752.311183
-35.1,48,2753.435277
-32.36,49,2754.52886
-35.66,45,2755.36201
-39.0,28,2755.855057
33.0,37,2756.493379
32.017857,35,2757.103913
32.004065,45,2757.998728
-35.36,43,2758.838718
-47.41,23,2759.207855
-35.03,34,2759.685362
34.679511,29,2762.062926
-32.73,28,2762.576295
32.060976,28,2763.082052
-34.49,35,2763.83319
-34.53,39,2764.652766
-36.0,21,2765.00906
33.0,37,2765.654577
35.502128,33,2766.34529
38.936975,23,2766.866683
35.643123,26,2767.439318
32.903061,41,2768.463515
-37.76,33,2769.544718
30.0,28,2770.273867
-35.35,37,2771.017334
-35.43,29,2771.590567
39.0,28,2772.070456
38.215017,38,2772.738547
-34.55,27,2775.754307
35.092664,36,2776.827523
38.558333,27,2777.573087
32.996198,37,2778.486159
41.902527,19,2778.835668
-32.72,30,2779.433095
38.059233,76,2780.843917
-33.0,33,2781.612521
-45.0,16,2781.997828
35.443686,29,2782.726037
-35.43,44,2783.872555
39.0,32,2784.695703
40.365647,23,2785.264039
-35.27,38,2785.975074
41.177955,38,2786.565398
41.555118,23,2789.25822
35.278506,32,2789.914276
-38.48,29,2790.458244
-42.0,24,2790.932656
35.84322,35,2791.759684
41.006623,25,2792.259724
34.964444,37,2793.020579
-41.07,22,2793.539253
32.578755,45,2794.641603
32.207143,47,2795.616112
-38.17,30,2796.369563
-38.59,28,2796.872167
-38.5,25,2797.424335
-46.87,24,2797.861321
-38.53,25,2798.305988
-38.42,34,2798.799845
32.577419,34,2799.289291
47.264574,41,2801.984148
-33.78,49,2802.975858
44.435115,33,2803.643428
-39.56,41,2804.450309
36.0,31,2804.997737
-35.63,37,2805.680201
-37.21,40,2806.407117
-35.13,30,2807.102494
-35.39,27,2807.594076
32.596958,32,2808.13887
-37.99,34,2808.80138
-32.14,27,2809.334791
35.232727,28,2809.798473
-35.24,26,2810.217488
41.855596,30,2810.644984
38.140743,35,2813.321482
-39.0,25,2813.863051
-35.08,41,2814.64128
35.429577,25,2815.100943
-37.99,36,2815.850028
35.4,24,2816.29135
39.0,39,2817.004024
-38.27,29,2817.509567
41.233463,23,2817.905537
32.02974,32,2818.91
-38.32,20,2819.298354
-32.19,30,2819.983395
32.247232,59,2820.996785
35.111111,34,2821.481476
-35.52,28,2821.897531
32.997669,34,2822.389411
40.942822,35,2825.538324
32.353659,58,2826.611758
-35.2,30,2827.139794
32.104027,34,2827.860633
-40.94,29,2828.390534
-35.88,57,2829.367782
-34.98,33,2829.966391
-37.39,37,2830.640618
32.513736,40,2831.339928
-36.0,34,2831.964561
40.918876,23,2832.325597
-35.69,28,2832.815039
37.957944,25,2833.196254
-33.0,33,2833.670586
36.0,39,2836.735166
-34.66,34,2837.418612
35.316667,29,2838.020683
-46.14,28,2838.593805
45.0,30,2839.154404
44.351852,23,2839.547795
-40.97,24,2839.821386
-33.0,31,2840.356322
35.685824,27,2840.856792
35.101083,25,2841.315118
-38.48,35,2841.961228
-38.89,26,2842.432922
-43.1,25,2842.881109
-33.0,30,2843.425918
38.806748,66,2844.472183
32.609053,29,2844.935784
41.782407,28,2845.415596
32.5,55,2848.721477
-36.0,30,2849.445299
42.0,42,2850.221
35.502941,41,2850.990584
-35.82,36,2851.650541
-37.69,31,2852.270535
33.0,47,2853.081417
38.425556,33,2853.684428
32.047619,34,2854.281183
-35.05,35,2854.992855
-35.18,53,2856.031702
37.756837,26,2856.484997
-38.48,30,2857.052528
41.58457,34,2859.737773
-32.31,31,2860.301521
33.0,32,2860.877837
32.748031,35,2861.508717
38.604167,29,2862.026132
34.859307,27,2862.551006
39.941697,30,2863.085248
32.73617,30,2863.641396
40.965964,27,2864.174825
32.899614,40,2864.88087
34.810115,38,2865.6141
-32.42,47,2866.419389
32.444444,39,2867.098713
-38.35,28,2867.502422
-35.82,26,2867.889997
39.0,22,2868.22583
-37.97,26,2870.928875
-35.64,28,2871.626865
37.873015,31,2872.212466
-34.65,41,2873.314398
38.440329,27,2873.837183
33.0,35,2874.676557
41.754513,30,2875.656392
-38.25,35,2876.342153
-39.0,31,2877.036204
38.763333,37,2877.930192
-35.0,41,2878.93652
-36.0,28,2879.329984
38.140219,35,2879.821321
-32.91,56,2880.717984
35.25256,32,2881.249658
38.515535,30,2883.926288
-33.0,43,2884.68478
-32.54,35,2885.303233
39.0,24,2885.747763
38.678808,22,2886.139359
-32.85,48,2887.035239
32.182482,37,2887.917166
32.101695,46,2888.91737
-38.8,30,2889.454818
32.174905,78,2890.578676
-44.05,20,2890.885828
-38.06,36,2891.432679
-38.95,31,2892.032276
32.398496,33,2892.600164
-35.79,29,2895.180879
38.249042,34,2895.786706
-35.45,24,2896.189547
40.651261,23,2896.618289
-35.38,28,2897.415451
-38.63,30,2897.946296
35.697987,37,2898.636241
-32.07,33,2899.281691
-37.68,126,2901.736645
-32.88,38,2902.32282
-36.88,58,2903.323999
41.271429,26,2903.829414
-38.46,28,2904.353629
-35.54,40,2907.516197
35.07047,29,2908.177267
-35.57,29,2908.79639
36.549487,27,2909.351367
35.03169,36,2910.005851
46.868525,25,2910.404807
36.0,26,2910.913937
-32.05,39,2911.694759
35.905213,27,2912.291181
-38.25,36,2912.966976
-44.14,27,2913.4529
41.25032,22,2913.888387
36.0,28,2915.042853
38.186312,33,2915.736703
41.31746,22,2916.218579
34.415703,43,2917.221765
35.910653,33,2917.839379
38.196552,34,2920.83096
-44.07,19,2921.239758
47.353116,14,2921.516254
-38.33,30,2922.129214
32.778135,35,2922.83821
42.0,20,2923.281014
33.0,55,2924.659926
-35.88,48,2925.461023
40.310444,42,2926.135381
35.606498,39,2926.765792
-36.0,33,2927.418154
-36.0,33,2928.094167
45.0,28,2928.956774
-38.24,32,2929.657025
38.72,29,2930.31366
45.0,26,2930.901746
34.956391,35,2935.005156
40.927407,26,2935.531268
34.650581,40,2936.321913
38.725806,26,2936.788006
-39.0,32,2937.257049
-32.05,26,2937.649082
-40.23,35,2938.698986
-32.9,32,2939.268606
-40.63,29,2939.822547
-32.59,42,2940.647716
-40.97,22,2941.098484
-38.54,55,2942.290549
-35.59,26,2942.817661
35.011673,30,2943.38315
38.735714,28,2943.936865
44.220137,46,2947.535361
-41.06,33,2948.252734
35.812709,32,2948.796952
-41.52,36,2949.411449
37.384676,29,2949.850673
32.397541,30,2950.688757
38.126712,27,2951.178698
-35.62,27,2951.719629
-36.0,41,2952.820214
-38.58,29,2953.40036
-43.12,26,2953.925554
-32.87,28,2954.475189
-41.81,22,2954.905496
-32.69,36,2955.586984
32.558621,32,2956.090019
35.026217,31,2956.670413
-43.45,25,2957.143385
-44.01,21,2959.789749
-39.0,22,2960.23315
32.49026,42,2961.077239
35.791667,26,2961.53634
41.436975,19,2961.867059
44.324919,34,2962.441543
37.589104,40,2963.123109
38.586345,27,2963.796913
32.620072,31,2964.535461
-35.65,29,2965.242432
41.476636,35,2966.041118
43.968209,26,2966.630609
-35.79,25,2967.190039
-34.97,41,2967.982348
32.84127,39,2968.847728
42.0,28,2969.365384
-34.33,37,2970.068264
-38.31,32,2973.486115
-38.42,32,2973.97684
44.642336,25,2974.382171
-38.09,26,2974.774516
-47.14,23,2975.127549
35.323646,84,2976.590989
-41.33,34,2977.238596
32.685619,37,2977.974698
-41.63,29,2978.517363
-38.41,24,2979.154993
-37.3,32,2979.827291
35.59816,31,2980.402267
44.027474,23,2980.834532
-32.21,27,2981.335854
-40.2,27,2981.864767
-43.84,29,2982.422822
-32.3,36,2985.401833
35.378272,33,2985.870574
-32.18,36,2986.400085
-42.0,30,2986.873954
-43.72,43,2987.632205
41.325148,26,2988.163317
32.099526,31,2988.747409
35.425455,29,2989.29021
-32.61,33,2990.202929
-40.44,32,2990.868354
45.0,22,2991.342755
38.513986,22,2991.825541
-38.54,27,2992.460893
-32.64,48,2993.546954
39.431649,30,2994.1705
-35.34,43,2997.482296
-43.26,37,2998.167902
-45.0,42,2998.876361
37.357601,27,2999.314346
-35.74,35,2999.888726
38.236843,41,3000.725765
36.0,27,3001.230664
-36.0,42,3002.016216
-39.0,25,3002.473665
38.111838,28,3003.020847
-41.43,26,3003.513277
41.629283,23,3003.984986
-38.64,29,3004.614925
36.0,30,3005.482574
37.479245,31,3006.535909
-44.68,19,3006.917983
-41.36,22,3007.372876
-47.91,19,3007.750077
44.40678,26,3010.285487
-33.0,31,3010.745066
38.815385,19,3011.0378
40.841632,37,3011.610088
-32.33,39,3012.551534
-47.46,16,3012.853442
36.747679,35,3013.507824
-37.77,31,3014.091986
-35.44,64,3015.308844
38.903361,32,3015.90084
31.585271,33,3016.473099
-41.29,49,3017.40958
-40.62,26,3017.933657
-35.65,28,3018.707127
-35.51,29,3019.219678
-36.0,40,3022.430802
-37.44,28,3022.994813
-44.94,21,3023.395032
42.0,24,3023.836645
38.401818,25,3024.357723
43.590323,62,3025.660445
-35.56,37,3026.343966
-38.88,31,3026.935769
40.189589,30,3027.663667
-32.16,25,3028.196463
-42.0,25,3028.704897
32.245283,40,3029.509346
-39.0,28,3030.053936
35.250951,29,3030.55862
-32.52,29,3031.127277
35.016194,31,3031.937914
-35.62,26,3032.610768
37.630223,36,3035.263191
32.132576,34,3035.898485
-36.0,28,3036.394216
41.495882,22,3036.833448
32.355932,25,3037.329254
-35.69,51,3038.280235
-32.63,41,3039.251389
-37.37,24,3039.704523
35.559859,24,3040.162984
41.080586,27,3040.660011
41.412766,28,3041.158586
-35.22,41,3042.009658
38.284644,50,3042.956967
41.103203,25,3043.597481
39.0,43,3044.494383
-38.66,25,3047.287361
-32.82,32,3047.856574
38.306897,25,3048.327737
41.702703,27,3048.833899
38.320144,31,3049.400926
-38.53,35,3050.090161
41.422121,29,3050.654299
-38.17,35,3051.33282
-38.64,22,3051.768318
38.5,26,3052.266599
-37.44,28,3052.786583
-44.36,22,3053.222488
32.104478,66,3054.424832
37.978261,34,3055.066514
41.591549,25,3055.519635
38.006595,42,3056.344204
32.003115,38,3059.408066
32.876923,30,3060.067327
44.027692,19,3060.436644
35.779468,27,3061.336225
-33.0,43,3062.258927
-32.29,40,3063.19288
41.098485,28,3063.87334
-34.44,33,3064.618776
48.0,29,3065.24893
-32.49,35,3066.437713
44.75,21,3066.88767
-33.0,28,3067.558406
-35.74,44,3068.541708
41.178487,27,3069.169045
39.0,21,3069.632779
38.322533,27,3070.219123
36.0,26,3070.794899
-38.12,32,3073.872984
-38.2,35,3074.608862
38.267148,25,3075.21324
-33.0,27,3075.807292
35.102113,31,3076.437679
-35.6,34,3077.120184
35.698675,28,3077.655764
-41.38,25,3078.150012
-42.96,42,3079.101826
-44.59,18,3079.650636
38.876364,31,3080.461908
-33.0,38,3081.453812
-33.0,33,3082.218771
35.695341,31,3082.967931
-35.23,23,3083.471795
44.832117,22,3083.98712
-35.0,51,3085.163095
35.176471,32,3088.012244
32.085106,31,3088.771134
-35.34,39,3089.557489
-38.23,41,3090.668083
36.0,25,3091.412899
34.793939,30,3092.066676
-38.39,23,3092.53859
47.052124,17,3092.969083
40.502487,32,3093.688307
-35.1,32,3094.575987
35.342466,30,3095.251844
33.0,25,3095.859146
-38.1,32,3096.675319
36.0,26,3097.274591
38.309609,21,3097.705831
35.501558,30,3098.30402
-38.83,32,3098.910974
32.75,49,3102.384889
44.89011,23,3102.902502
41.223485,30,3103.558596
32.694175,32,3104.199461
39.0,23,3104.695131
39.0,24,3105.178727
-35.64,31,3105.795115
-41.83,30,3106.396682
-40.46,36,3107.17023
-44.77,19,3107.569279
36.0,43,3108.457628
-44.69,50,3109.383099
-44.5,29,3109.995358
35.648585,27,3110.564763
-33.0,51,3111.652117
37.547222,33,3114.788447
-41.37,26,3115.398762
-44.87,26,3115.989318
-35.15,23,3116.513248
-36.0,33,3117.189348
-38.35,30,3117.856133
-38.81,26,3118.525007
-32.18,35,3119.713743
35.701818,33,3120.626975
32.229167,28,3121.3226
32.888412,46,3122.474745
42.0,22,3123.005651
-40.81,26,3123.583471
-32.21,47,3124.52443
-41.43,17,3124.873676
-32.65,38,3125.630253
-36.0,35,3126.596051
40.300653,25,3129.247515
-47.44,35,3129.943778
41.773006,24,3130.398427
-36.0,34,3131.057643
40.216656,26,3131.545623
37.717434,32,3132.150374
33.0,28,3132.688018
44.174658,25,3133.172114
32.293103,35,3133.863953
42.302869,37,3134.587202
44.119772,22,3135.011959
38.142857,31,3135.773611
32.2125,41,3136.603419
-31.66,30,3137.16749
-33.0,36,3137.788473
33.0,29,3138.262024
-35.84,25,3138.674737
41.5,30,3141.184447
39.0,23,3141.66698
32.428058,43,3142.470564
35.435115,48,3143.375676
-38.08,25,3143.910052
32.298561,35,3144.626606
-41.87,31,3145.23907
32.404605,39,3146.210608
34.782957,71,3147.618909
32.647975,34,3148.280646
33.0,74,3149.579811
-32.31,44,3150.406143
-35.53,31,3150.906667
-37.06,28,3153.86685
38.6,32,3154.489408
42.0,24,3154.944332
-38.78,25,3155.391129
-41.33,22,3155.818515
41.161994,34,3156.493518
41.345324,27,3157.023103
38.740157,24,3157.461953
-32.22,34,3158.100171
39.0,32,3158.773107
41.267206,27,3159.323576
-34.95,33,3159.992144
-38.54,31,3160.599701
41.292835,23,3160.994079
-36.0,26,3161.452943
37.428446,48,3162.517838
-41.99,23,3162.981822
47.214404,37,3166.001613
-32.26,26,3166.561351
-32.19,44,3167.696728
-35.55,27,3168.464866
37.192223,29,3169.203573
43.901575,28,3169.84659
-42.0,24,3170.39414
-38.33,24,3171.015073
-41.17,20,3171.519993
32.493289,34,3172.344508
41.274809,20,3173.095756
38.037915,29,3173.767736
-41.38,21,3174.224732
45.0,17,3174.551933
41.492891,31,3175.111096
-38.21,25,3175.511329
-37.82,21,3175.809915
35.061093,40,3176.400713
41.172297,24,3176.763209
35.538462,32,3179.916775
-32.83,29,3180.429109
41.586667,25,3180.913062
38.364821,21,3181.373896
42.0,19,3181.816559
-41.27,25,3182.50663
44.703971,31,3183.51355
-33.0,34,3184.192525
32.739264,29,3184.804742
-38.76,31,3185.517466
44.66383,18,3185.865862
32.462687,23,3186.300693
38.490463,30,3186.940607
41.553007,25,3187.485392
41.341727,24,3187.955811
-35.11,30,3188.62243
35.174721,26,3189.066272
-38.65,26,3189.549618
35.252459,27,3190.019449
44.717732,32,3193.006815
33.0,30,3193.663002
41.481928,42,3194.568219
38.185484,23,3195.197747
-35.11,29,3195.80959
35.188742,30,3196.47487
-37.95,31,3197.220845
-32.63,24,3197.688559
45.0,19,3198.008642
-32.62,44,3199.077857
-32.13,35,3199.720238
-34.76,34,3201.014785
-40.41,28,3201.806663
35.827465,33,3202.339711
35.286342,33,3202.85579
37.435761,28,3203.26912
-38.52,27,3203.681568
-32.49,27,3207.015172
38.580153,24,3207.485727
40.196082,23,3207.989676
-41.32,55,3209.022761
32.875862,33,3209.680853
35.544304,31,3211.016129
38.05098,23,3211.483451
32.460265,35,3212.132439
41.251012,26,3212.662042
-44.13,20,3213.024395
-35.52,33,3213.629417
38.469136,31,3214.15296
32.522901,32,3214.68658
35.559005,41,3215.310984
-43.53,22,3215.716964
-37.5,31,3216.182208
34.831767,27,3216.712186
-32.42,29,3219.56708
38.414141,29,3220.109317
38.152648,22,3220.53581
-35.71,35,3221.21871
-34.32,36,3221.908487
-35.91,31,3222.512105
39.0,24,3222.956072
32.582938,31,3223.582246
-38.74,29,3224.18683
40.900581,92,3225.877019
-47.62,20,3226.268786
-33.0,36,3226.811635
38.241509,26,3227.236379
41.184874,27,3227.73982
46.483686,27,3228.413713
40.757438,33,3231.201244
-32.52,41,3231.976543
38.622047,26,3232.619195
44.032967,22,3233.053495
-40.25,40,3233.834549
31.860927,31,3234.450745
-42.0,40,3235.240269
32.759615,31,3235.939564
30.0,64,3237.147598
41.705455,39,3237.757667
-32.36,28,3238.254377
-34.96,31,3238.76687
-41.26,24,3239.23465
33.9493,33,3239.821566
-39.0,21,3240.228312
-32.21,31,3240.815529
38.074176,29,3243.664284
-37.6,28,3244.264328
32.707407,51,3245.298954
40.812958,22,3246.308375
35.752852,36,3246.990018
-40.34,37,3247.656677
-35.2,28,3248.176188
41.617329,22,3248.577304
-35.68,49,3249.410946
44.066438,39,3250.030245
40.898249,23,3250.375067
-38.69,29,3250.793173
32.153846,46,3251.497486
-35.37,31,3251.982372
39.0,27,3252.491458
-32.75,31,3255.656314
-41.23,31,3256.258847
38.242958,47,3256.93486
-32.58,35,3257.628126
39.0,29,3258.190031
-32.81,42,3258.952627
-42.0,19,3259.344955
42.465045,23,3259.78575
-46.74,37,3260.493227
33.0,30,3261.055629
-38.64,32,3261.604847
38.454318,32,3262.312911
35.559859,20,3262.62547
-40.74,25,3263.005453
-31.77,34,3263.535099
38.716511,21,3263.847895
33.0,33,3264.41393
35.820896,27,3267.314994
-34.98,45,3268.198961
39.90578,23,3268.655804
38.423729,27,3269.186019
32.117128,45,3270.024256
-30.0,28,3270.564757
38.768456,33,3271.167935
-38.34,26,3271.712638
32.349153,34,3272.362084
45.0,23,3272.77334
-39.0,27,3273.191293
-35.35,38,3273.799658
-38.84,18,3274.067623
-38.19,27,3274.481858
-32.72,58,3275.435009
-34.54,41,3278.382321
44.536424,20,3278.814021
39.0,28,3279.52631
38.265517,28,3280.076189
-36.0,22,3280.440146
-38.77,34,3281.107855
35.512262,24,3281.891711
32.429204,38,3282.598298
38.013245,26,3283.070272
32.809859,26,3283.577192
32.529851,28,3284.077506
-38.38,26,3284.522031
38.48855,31,3285.005402
-32.33,42,3285.652587
-34.77,48,3286.414156
38.336364,82,3287.937446
38.680556,33,3290.870335
34.680077,30,3291.39652
-38.48,24,3291.852825
44.263566,17,3292.265717
-36.0,32,3292.943375
-38.28,25,3293.455136
-38.0,37,3294.188777
-47.23,22,3294.706627
-37.43,29,3295.261175
-32.53,32,3295.861268
-40.38,36,3296.44508
47.646667,23,3296.80124
33.0,45,3297.698637
38.570312,22,3298.070535
41.733083,32,3298.616075
41.356354,31,3299.231195
-39.0,26,3299.747979
-32.33,41,3302.832047
-41.4,28,3303.492349
-43.96,30,3304.22473
35.560606,44,3305.091683
35.223938,24,3305.563172
-41.6,27,3306.097601
38.181452,23,3306.535455
-41.1,19,3306.91208
-32.65,27,3307.430059
-35.23,25,3307.855757
41.015094,38,3308.497834
38.396296,29,3308.968091
38.383085,26,3309.411895
-32.28,32,3310.03167
40.514235,27,3310.525188
-35.08,40,3311.382909
32.506944,36,3312.14982
34.161076,50,3315.38763
-41.77,35,3316.113494
-35.12,35,3316.828651
32.140288,33,3317.506867
-35.84,28,3318.957782
35.749049,42,3319.836531
-38.7,27,3320.403746
-40.84,54,3321.488003
38.461538,29,3322.016611
32.902344,35,3322.615094
32.415638,46,3323.448512
-38.45,25,3323.920596
32.017778,65,3325.135503
-32.55,51,3328.475211
33.854195,31,3329.073982
35.134483,28,3329.613395
-38.39,23,3330.120934
-38.5,35,3331.023295
-41.2,34,3331.733861
-42.0,27,3332.293034
32.308642,31,3332.893407
-32.4,29,3333.362977
40.915129,36,3333.950529
-32.49,45,3334.78711
-35.88,34,3335.312804
32.182692,34,3336.399412
-32.68,32,3337.035101
42.0,25,3337.531003
-35.5,49,3340.715399
-39.0,32,3341.328883
-40.41,24,3341.789495
-33.0,53,3342.81959
33.0,32,3343.464151
44.110032,28,3344.064311
35.509317,26,3344.570556
38.836538,34,3345.118896
34.926252,25,3345.575089
-38.04,27,3346.078446
38.376761,30,3346.62502
-44.87,16,3346.904678
-39.82,30,3347.414822
35.608333,26,3348.061576
38.469925,37,3348.796303
33.0,33,3349.445325
35.069531,39,3350.180458
32.366935,28,3352.888767
41.171437,28,3353.402848
33.0,34,3354.05672
38.075,27,3354.581566
38.699552,20,3354.932072
38.029557,44,3355.996937
-32.33,30,3356.508508
-35.82,31,3356.986784
35.802439,26,3357.395263
34.2258,38,3357.953646
35.785185,24,3358.392288
35.901639,31,3358.877759
-35.19,33,3359.508445
-32.78,34,3360.230016
37.87169,32,3360.938688
-32.36,41,3361.719413
-44.86,47,3364.770551
35.717201,30,3365.46619
41.580247,18,3365.881138
36.0,34,3366.534394
-35.3,30,3367.103881
-44.3,25,3367.567406
40.799563,33,3368.202436
-32.5,31,3368.71402
-36.98,54,3369.50658
34.26567,36,3370.084777
38.763566,33,3370.674848
32.079137,50,3371.629424
44.295031,42,3372.400479
-35.85,26,3372.86715
37.645847,32,3373.466955
35.317073,27,3375.907316
-32.42,41,3376.725591
32.018182,30,3377.314623
35.080495,49,3378.203855
-41.32,25,3378.765197
-46.83,42,3379.454339
32.778689,44,3380.083838
35.400552,32,3380.686139
-35.59,27,3381.119203
-44.43,21,3381.401748
36.0,23,3381.891316
41.542435,27,3382.390634
-41.91,31,3382.872939
35.291262,31,3383.415941
-38.68,26,3383.908669
-34.64,28,3384.434744
-32.88,28,3387.105825
-43.71,40,3387.896619
-44.73,21,3388.283677
32.380805,29,3388.831515
39.0,25,3389.337028
-40.9,31,3389.899112
-40.79,27,3390.411472
-38.33,30,3391.169359
45.0,21,3391.60135
33.984023,35,3392.253137
33.0,37,3392.903888
35.193309,31,3393.374658
-40.95,24,3393.747147
38.928571,20,3394.043202
-40.33,26,3394.484301
47.734256,17,3394.764126
-35.73,27,3395.256435
32.198381,27,3396.233298
43.677161,23,3396.62886
35.539623,33,3399.4796
-32.58,39,3400.192906
43.290649,38,3400.914018
-37.77,26,3401.408921
32.264706,36,3402.112286
38.404348,27,3402.635549
-41.42,20,3403.007645
38.263359,28,3403.5442
44.855124,18,3403.9049
38.538228,42,3404.561148
38.28863,29,3404.99733
34.530717,68,3406.040815
38.133577,26,3406.526342
36.0,25,3407.107637
-32.25,39,3407.990684
44.894428,27,3408.50827
-46.52,33,3411.476937
-37.92,29,3411.988346
-35.22,37,3412.629704
39.0,24,3413.121121
41.337302,60,3414.433892
35.701149,26,3415.524495
38.066202,29,3416.115423
-32.56,33,3416.847638
-32.61,28,3417.366747
37.534221,24,3417.739409
33.0,26,3418.147984
35.015038,26,3418.585498
-38.64,24,3419.011561
-35.32,34,3419.728233
-42.0,22,3420.180067
-41.26,35,3420.967146
38.588679,25,3421.394655
38.672078,34,3424.281695
-41.18,28,3424.828828
38.112782,21,3425.2245
35.239106,55,3426.318073
34.482032,45,3427.654559
35.439929,26,3428.123158
30.0,34,3429.024681
41.794007,22,3429.363605
-41.61,47,3430.196757
35.301818,39,3430.913396
32.045627,34,3431.578618
33.0,48,3432.539947
-41.18,24,3432.963653
-40.55,30,3433.61654
-38.67,25,3434.303048
36.0,33,3437.209617
-37.62,33,3437.979569
35.422317,37,3438.838766
-41.37,31,3439.405003
-33.0,31,3439.936718
32.013889,50,3440.808654
-32.53,35,3441.377005
-32.38,30,3441.876881
32.804878,31,3442.381378
32.470405,38,3443.028578
-32.02,38,3443.991409
-33.0,48,3444.919811
44.97931,27,3445.454937
35.074766,36,3446.157514
-38.73,39,3449.181463
32.237548,27,3449.697071
32.46,29,3450.196677
-38.74,26,3450.519514
-36.0,33,3451.179529
-33.0,32,3451.727916
-40.28,29,3452.223333
38.174721,29,3452.708947
32.665635,35,3453.264638
-44.45,30,3453.843585
-47.15,15,3454.088735
-39.0,25,3454.52239
-39.0,34,3455.079605
43.51295,31,3455.658267
32.801047,36,3456.409653
35.017078,39,3457.208735
37.81574,29,3457.767614
44.458955,21,3460.47106
38.130159,27,3460.989218
36.0,40,3462.227157
38.292453,31,3462.797612
35.386667,31,3463.28796
-38.47,42,3463.97223
-33.0,37,3464.580806
-35.23,34,3465.129328
-34.9,26,3465.575838
37.970816,28,3466.019956
41.281955,44,3466.88519
32.008032,42,3467.758384
-32.06,30,3468.347639
-32.11,41,3469.186516
38.30597,23,3469.81674
34.803113,39,3472.846597
-32.09,29,3473.396595
41.39924,22,3473.812974
38.475655,25,3474.274778
39.0,25,3474.690452
32.414634,30,3475.336391
32.442379,30,3475.810559
44.384909,20,3476.153005
-35.34,43,3476.858086
-35.12,26,3477.296767
-41.01,43,3478.424487
-37.83,32,3479.058929
-35.17,26,3479.572016
44.19952,27,3480.055089
-35.33,27,3480.569229
41.040895,25,3481.067694
41.653137,32,3481.690619
-35.3,37,3482.380548
33.0,25,3485.313546
-35.92,29,3485.848799
-39.88,30,3486.368545
-41.74,39,3487.034349
-35.15,25,3487.452007
-37.7,27,3487.949853
-33.0,26,3488.41442
-43.8,51,3489.394204
-44.24,25,3489.835875
35.493377,29,3490.453253
-35.8,24,3490.997602
38.404669,28,3491.603451
-31.66,32,3492.288395
-37.7,24,3492.746417
44.094116,20,3493.136209
-35.49,35,3493.818877
-38.84,28,3494.230028
41.493103,23,3497.146216
-37.66,25,3497.689084
32.463087,37,3498.421637
-38.59,36,3499.06226
-35.65,36,3499.728473
38.149798,23,3500.163261
-41.13,37,3500.907894
-35.4,28,3501.41926
-38.17,25,3501.856963
-35.13,34,3502.472342
35.833333,31,3502.994597
33.0,34,3503.642915
-44.3,30,3504.208299
41.447674,23,3504.6648
41.736434,22,3505.098633
32.246154,40,3505.952041
35.338983,25,3506.444386
38.751073,31,3509.241385
-38.22,28,3509.769466
-32.6,31,3510.275569
35.48125,40,3511.111418
38.821326,26,3511.612159
36.0,30,3512.165798
-37.83,29,3512.69424
32.831897,36,3513.289112
41.5921,25,3513.749424
-31.7,43,3514.523869
43.111728,23,3514.959251
32.154762,31,3515.67166
41.708333,30,3516.246267
-35.03,28,3516.787674
-32.74,37,3517.543261
35.184314,28,3518.132911
-36.0,32,3518.746517
-41.38,35,3521.585354
37.035303,37,3522.30933
44.523256,22,3522.684526
-38.62,30,3523.16853
35.430464,42,3523.929521
38.062069,32,3524.498194
-32.48,22,3524.85698
42.221886,41,3525.508373
-39.0,36,3526.130982
-38.32,32,3527.175587
-32.77,31,3527.774119
-32.32,35,3528.427857
-35.4,25,3528.883169
35.138796,30,3529.455776
-32.78,29,3529.979024
47.356481,17,3530.401252
-38.48,48,3533.631515
-35.3,29,3534.117204
42.0,30,3534.618288
38.484472,56,3535.532052
-43.43,20,3536.161424
-44.11,23,3536.565963
38.421296,36,3537.188227
-35.0,40,3537.924225
-35.02,29,3538.486052
-46.78,29,3539.021228
43.722302,25,3539.505974
-32.07,28,3540.047038
-35.97,37,3540.744743
-35.3,30,3541.320124
-32.11,37,3542.108298
-38.52,21,3542.562271
41.157654,28,3545.494423
41.480315,29,3546.026611
-39.0,19,3546.401707
33.0,31,3546.930876
-35.18,24,3547.651069
-44.17,24,3548.073431
-33.0,106,3549.979209
44.247273,17,3550.309929
32.302405,55,3551.322291
44.409449,20,3551.732878
35.537594,28,3552.307325
-32.68,37,3553.020718
-32.48,33,3553.653187
-42.0,43,3554.460723
36.0,53,3557.589699
-35.17,37,3558.220182
35.672355,31,3558.708413
43.897748,29,3559.703276
-34.44,37,3560.323328
-36.0,31,3560.956066
41.061818,22,3561.586628
38.156873,47,3562.537002
42.0,27,3563.138719
-45.6,27,3563.660394
-35.48,28,3564.174284
42.0,24,3564.63948
-38.64,37,3565.312466
40.736693,24,3565.809613
39.0,26,3566.319438
37.393516,28,3566.927935
43.844331,22,3567.332476
-35.32,28,3569.928272
-35.41,24,3570.305995
35.214612,32,3570.855283
37.542536,45,3571.569686
-35.01,68,3573.365064
-44.59,32,3574.019861
32.711111,44,3574.825097
39.0,39,3575.518756
41.253086,19,3575.746192
38.425856,27,3576.138789
36.0,25,3576.617898
-38.94,32,3577.240221
46.917982,23,3577.696078
39.0,32,3578.311939
35.336996,28,3578.898342
36.880297,29,3579.505899
-38.39,32,3582.16159
38.174721,30,3582.628692
-35.37,85,3584.073361
41.786611,29,3584.58888
-35.26,28,3585.106549
35.251825,35,3585.770649
32.197719,26,3586.250035
44.674797,20,3586.613986
44.104964,36,3587.635032
-37.08,42,3588.592196
-41.06,22,3589.134763
32.133106,33,3589.872836
-48.0,24,3590.316979
-34.61,33,3591.141885
39.0,30,3591.784282
-47.42,27,3594.536201
-44.58,18,3594.7984
44.558621,20,3595.148382
-44.55,21,3595.524184
38.019011,25,3596.028401
-34.69,40,3596.75662
-41.67,36,3597.513355
35.579832,24,3598.048486
-39.0,80,3599.937522
47.047939,27,3600.478455
-41.46,24,3600.958647
-39.0,25,3601.539704
35.259324,36,3602.297427
36.0,36,3603.090609
-43.68,39,3603.950088
35.784906,26,3604.568497
-44.3,29,3607.696409
32.45,36,3608.365176
-35.09,32,3609.171971
35.913534,28,3609.863106
-38.22,34,3610.658566
-37.18,40,3611.494699
-41.15,23,3612.028562
35.44898,36,3612.810587
-38.74,35,3613.638221
32.356322,31,3614.281186
32.210345,36,3615.090371
44.117845,20,3615.666122
-36.0,29,3616.28062
40.874993,27,3616.897138
43.667018,46,3617.933388
35.804878,29,3618.499581
36.0,26,3620.855801
44.460674,16,3621.124192
-34.79,48,3622.447257
32.034091,47,3623.482845
41.089928,32,3624.094744
-40.72,48,3624.880483
-33.0,30,3625.407894
-42.0,32,3626.039381
32.5,28,3626.58868
38.631868,35,3627.400199
32.244224,30,3627.978894
-32.87,29,3628.527816
-43.9,23,3628.961246
35.317784,33,3629.577101
-35.82,41,3630.349373
45.0,30,3630.938574
-34.65,36,3633.475054
-35.71,32,3634.100229
35.09894,27,3634.634315
-47.29,26,3635.132429
-39.65,24,3635.596349
35.00464,35,3636.262012
-33.0,31,3636.847945
-44.0,20,3637.203681
44.469595,22,3637.656181
32.741818,41,3638.414721
35.099359,28,3638.946187
-32.62,60,3640.26072
44.143969,19,3640.623605
-44.95,30,3641.097627
41.212903,23,3641.866318
35.257042,48,3642.739068
32.177122,33,3645.17721
38.878788,23,3645.532827
32.574899,30,3646.123622
-33.0,32,3646.722036
32.672727,29,3647.299438
-32.31,33,3647.906947
44.858006,28,3648.436076
-41.06,22,3648.843816
36.0,39,3649.595824
35.514815,35,3650.25019
36.0,34,3650.858209
38.230483,29,3651.402499
-32.26,33,3652.106001
38.192878,27,3652.749828
-35.61,30,3653.369236
35.021807,36,3654.160704
-35.59,27,3654.618572
-35.01,30,3657.080384
-32.75,35,3657.726632
-32.82,31,3658.327712
-44.35,22,3658.689094
35.167742,31,3659.249753
-35.38,29,3659.787307
43.259323,24,3660.268137
-35.12,36,3660.957842
-33.0,34,3661.584706
-38.43,24,3662.043451
-35.47,32,3662.836891
32.031008,32,3663.574518
-32.41,42,3664.387283
-40.89,36,3665.246967
35.427083,27,3665.753177
-44.78,33,3666.294694
-38.3,25,3668.735425
44.208791,15,3669.018347
-35.72,29,3669.686749
-38.35,62,3670.885811
-38.38,25,3671.337676
-41.21,36,3671.971462
32.9,32,3672.614481
-47.57,30,3673.16201
32.248344,25,3673.634265
-39.0,25,3674.285748
36.0,31,3674.879622
38.292776,30,3675.383094
41.490272,33,3675.982957
-44.13,44,3676.849378
32.635688,29,3677.786902
41.311258,19,3678.248004
35.639098,39,3678.934992
-35.81,30,3681.778847
41.305455,22,3682.462418
-38.41,71,3683.91083
44.58209,24,3684.371183
35.950192,38,3684.89054
-37.58,76,3686.32301
32.7557,27,3686.788546
47.375862,21,3687.276889
-35.16,34,3687.959386
35.487179,31,3688.539309
38.902527,33,3689.26636
35.523077,26,3689.736122
40.817297,29,3690.248739
38.804,19,3690.702185
32.923954,32,3693.751044
40.760038,27,3694.342806
-38.88,31,3694.930272
45.0,29,3695.591546
-38.78,27,3696.276819
36.0,33,3696.911727
-32.59,42,3697.675192
32.354962,40,3698.645969
-41.91,29,3699.255051
32.833333,46,3700.06286
-32.74,33,3700.759315
32.391026,29,3701.296272
-42.0,28,3701.852436
-38.59,26,3702.30862
43.679241,29,3702.81224
32.703704,44,3703.505886
38.226415,25,3706.10464
-44.11,25,3706.66412
-35.47,61,3707.817962
32.92446,28,3708.355023
38.387028,30,3708.909444
-44.5,22,3709.331868
36.0,36,3709.977512
33.0,37,3710.732459
38.263736,30,3711.31127
-35.27,38,3712.04519
38.873563,48,3712.883091
43.881289,27,3713.401225
41.651332,19,3713.699698
-32.49,31,3714.210606
38.274074,29,3714.914603
44.580146,23,3715.253483
35.299625,33,3717.882416
32.214545,32,3718.757455
-32.52,26,3719.219952
39.0,32,3719.791095
44.465556,24,3720.245368
32.877323,29,3720.798867
38.460714,28,3721.365301
39.0,30,3721.904181
-32.5,43,3722.872597
-30.0,31,3723.445552
39.0,23,3723.921817
35.1341,28,3724.480914
33.0,37,3725.132607
-32.01,37,3725.843288
35.031034,27,3726.325364
36.0,25,3726.703386
-47.44,27,3727.168307
41.44697,19,3727.536206
-32.49,43,3730.551511
-41.11,94,3732.691298
-33.0,37,3733.469421
32.759615,35,3734.270766
-38.69,27,3734.786958
-32.31,49,3735.725059
-36.0,39,3736.456711
-38.3,18,3736.755629
35.428429,32,3737.317763
36.0,29,3737.793618
-32.36,29,3738.289388
36.0,37,3738.857238
30.0,34,3739.392147
-39.0,23,3741.807589
41.525223,32,3742.441219
-41.18,47,3743.329976
36.0,28,3744.097422
-40.8,24,3744.566864
32.730769,35,3745.232965
35.414861,23,3745.686448
32.724382,33,3746.31642
-35.34,32,3746.910101
-32.35,29,3747.424772
40.346465,32,3748.038889
35.481132,28,3748.608678
-31.77,127,3750.593601
-41.38,38,3753.322702
-33.0,29,3753.873742
-35.39,23,3754.330001
35.193141,43,3755.146142
32.548077,34,3755.797013
-35.27,39,3756.646465
-44.85,28,3757.350022
35.738889,26,3757.867675
35.888889,28,3758.383732
35.079245,32,3758.994345
-38.45,27,3759.519818
42.0,28,3760.047308
-35.74,29,3760.662311
38.632959,29,3761.175257
32.048611,39,3761.83517
37.789971,30,3762.305639
35.309392,31,3762.825764
41.195556,19,3766.191679
38.230159,38,3766.924806
38.803279,38,3767.664672
-38.46,31,3768.520371
36.0,30,3769.120194
-32.94,56,3770.173878
44.863636,16,3770.483684
-44.18,19,3770.864692
36.0,33,3771.540935
32.409938,38,3772.18668
40.149215,25,3772.588153
-32.22,38,3773.155875
41.120407,34,3773.638672
40.776579,27,3774.065787
38.733491,29,3774.571459
-45.0,20,3774.989288
33.0,28,3775.587674
35.199187,29,3778.578912
-35.57,26,3779.101337
32.13871,27,3779.584576
-44.53,16,3779.91014
-32.67,34,3780.372496
34.359393,30,3780.996879
-32.8,31,3781.658193
-43.8,26,3782.157486
32.625455,37,3782.842236
39.0,40,3783.828857
34.072337,31,3784.365863
38.709571,20,3784.695214
-35.4,34,3785.236476
-41.06,20,3785.655094
35.692833,31,3786.171583
-35.04,29,3786.741153
-35.63,25,3787.246294
38.358209,41,3790.470562
41.685921,29,3791.099408
-38.14,32,3791.668786
35.343173,28,3792.200697
-32.25,35,3793.010969
-41.78,26,3793.497686
34.998155,28,3794.040957
-32.71,30,3794.943106
42.0,25,3795.517693
38.114173,28,3796.058609
38.166563,26,3796.640727
35.8,39,3797.273483
-39.69,27,3797.79203
35.822222,27,3798.175566
32.212851,30,3798.607162
31.520896,38,3799.296345
38.5,65,3802.691338
-32.11,37,3803.430506
41.455013,29,3804.107141
-38.88,37,3804.863177
36.0,24,3805.301919
41.351418,29,3805.838757
33.0,41,3806.642772
-33.0,30,3807.167117
35.469512,33,3807.823477
-35.78,28,3808.385819
42.0,51,3809.222154
-37.27,43,3809.876082
-38.58,33,3810.391906
-33.0,33,3810.907184
-34.38,29,3811.638175
38.246269,24,3814.209781
40.923624,22,3814.581257
-40.38,42,3815.438728
36.0,35,3816.126938
35.717391,30,3816.794722
35.806202,34,3817.54356
38.685921,25,3818.012212
35.081287,33,3818.632732
37.624446,37,3819.411083
-32.24,38,3820.204441
-35.16,38,3821.043936
-43.08,31,3821.51102
-35.57,31,3821.973842
-32.91,32,3822.536029
38.338521,34,3823.12548
35.05948,32,3823.679124
-32.92,31,3826.392038
-32.65,38,3827.074973
38.110701,30,3827.640215
-38.37,37,3828.320674
35.199377,32,3828.972249
-38.81,26,3829.318995
-32.9,40,3830.428653
38.087662,25,3831.002732
44.850847,22,3831.484314
-34.65,38,3832.204737
-37.56,29,3832.712337
43.660372,21,3833.145835
32.441558,42,3833.834932
-41.58,31,3834.316403
-36.0,33,3834.868742
42.0,17,3835.196414
-32.03,51,3838.392709
38.258865,25,3838.93903
35.641975,45,3839.825983
32.025974,40,3840.652087
-46.57,13,3840.896894
35.007519,28,3841.392538
38.158594,38,3842.347996
36.0,24,3842.921564
-35.91,32,3843.516679
32.396078,32,3844.109914
-38.57,25,3844.514522
35.531987,38,3845.118628
32.188679,45,3845.788799
32.166023,32,3846.266438
-43.96,27,3846.69098
38.581633,24,3847.184923
44.338369,26,3847.886142
41.145761,32,3850.885159
-41.34,22,3851.286918
32.901887,36,3852.031585
-36.0,25,3852.494358
-32.18,42,3853.391797
41.406087,24,3853.83356
41.479452,20,3854.231141
47.64,54,3855.446727
-35.12,32,3856.107143
35.211864,30,3856.720042
-35.11,34,3857.243011
35.569275,36,3857.78986
35.648464,34,3858.335393
-35.28,33,3859.375488
32.540717,33,3860.046205
-32.77,43,3863.143436
32.133333,32,3863.795926
33.0,36,3864.557028
-37.78,25,3865.223053
35.824176,30,3865.810539
46.337633,27,3866.366426
43.76703,22,3866.826846
-43.75,22,3867.284068
37.761029,30,3867.855778
41.741433,23,3868.233685
32.702206,40,3868.847177
-39.0,25,3869.233231
32.532609,27,3869.671701
34.792776,31,3870.222748
-38.9,25,3870.709412
43.085236,24,3871.175746
36.0,50,3872.103258
-32.56,34,3875.104918
32.223022,34,3875.752352
-37.07,23,3876.162322
-32.03,39,3876.954909
-35.29,30,3877.509469
-42.0,32,3878.13693
32.56135,39,3878.884661
35.646388,25,3879.355148
35.107807,40,3880.158954
-36.0,28,3880.605256
38.425101,52,3881.411676
41.774436,29,3881.946835
38.790816,34,3882.582415
45.0,37,3883.295293
32.901478,30,3883.837562
41.248062,24,3884.30869
32.335821,55,3887.567321
-38.14,28,3888.084614
35.95979,28,3888.620233
37.579803,37,3889.504784
-37.53,37,3890.205958
-38.49,43,3890.965973
34.767797,29,3891.407818
-32.47,28,3891.817266
-44.07,31,3892.277928
-41.14,34,3892.80032
-41.22,35,3893.455274
-35.54,51,3894.374836
38.787456,33,3895.010358
-33.0,39,3895.760789
36.0,84,3899.75637
35.189922,33,3900.540807
-33.0,30,3901.134091
-44.36,22,3901.541667
-40.55,21,3901.942823
-40.2,32,3902.462123
35.345382,40,3903.077436
39.0,25,3903.500637
35.662791,27,3903.938874
-39.0,27,3904.386151
41.441509,24,3904.883384
-32.91,34,3905.571999
38.107914,26,3906.117465
-41.96,33,3906.805764
41.096429,25,3907.378158
-37.53,39,3908.231923
-35.28,32,3910.929736
-47.2,22,3911.201776
-41.04,35,3911.769713
-38.65,43,3912.533826
35.800738,30,3913.111059
-32.42,35,3913.748813
41.283784,21,3914.022156
-32.9,29,3914.440956
37.830203,27,3914.826943
-35.2,29,3915.79952
45.0,38,3916.658588
41.157576,28,3917.185402
39.0,29,3917.689262
-38.18,23,3918.075877
38.54023,28,3918.596772
-38.37,50,3919.555935
35.937888,53,3922.782303
-35.78,29,3923.346454
34.839747,33,3924.074441
38.442509,29,3924.63756
-34.97,40,3925.247858
-32.06,30,3925.66637
-39.0,21,3925.979556
-41.35,22,3926.320328
-32.78,32,3926.861298
41.186252,27,3927.360475
41.95405,33,3927.971736
-44.33,20,3928.330109
38.400593,23,3928.835268
35.359848,24,3929.29666
-40.85,22,3929.694418
35.901639,27,3930.198225
32.313725,34,3930.995059
-33.0,25,3931.57117
-38.7,30,3934.390224
38.846154,32,3934.98224
-35.73,28,3935.548772
41.393939,34,3936.167995
36.0,27,3936.585115
41.505792,26,3936.953117
46.600675,22,3937.280471
-34.72,32,3937.77887
-41.93,20,3938.066335
43.841741,21,3938.464068
-35.47,28,3938.980355
-41.55,35,3939.604074
-36.0,70,3941.07113
44.180556,27,3941.720051
-41.25,24,3942.606197
38.416533,37,3943.407716
41.096899,26,3946.648047
42.758401,29,3947.198305
33.0,36,3947.793351
-44.13,26,3948.14074
37.598469,34,3948.64421
41.291096,48,3949.427149
41.096497,24,3949.81377
41.645051,22,3950.197759
35.058394,29,3950.878637
-40.64,30,3951.477377
-38.84,23,3951.881018
-40.79,33,3952.534802
-41.24,29,3953.167586
38.62,34,3953.909779
-45.0,18,3954.347352
-35.26,24,3954.835679
-35.58,31,3955.439942
-38.17,27,3956.035474
-35.11,44,3959.246582
42.0,31,3959.808136
-38.05,26,3960.338763
-35.72,24,3960.735884
33.0,37,3961.281536
32.802048,28,3961.817968
32.476852,25,3962.289362
37.890202,41,3963.113661
-43.88,21,3963.509916
-30.0,25,3964.058189
-38.2,23,3964.508674
-41.09,32,3965.083088
35.897833,59,3966.245461
-37.59,46,3967.06778
32.7,35,3967.877932
-41.07,31,3970.640917
32.521236,34,3971.170772
35.238411,30,3971.644995
35.135048,33,3972.236411
-38.59,29,3972.724546
-38.88,31,3973.361744
-41.24,24,3973.843952
-44.23,28,3974.386203
44.228477,32,3975.060121
34.719559,31,3975.71702
-34.23,34,3976.617274
32.262548,26,3977.142206
38.186207,27,3977.69729
-40.77,27,3978.216188
35.2623,28,3978.693722
-41.27,23,3979.138141
-33.0,59,3980.326537
-35.41,35,3983.19601
38.517134,50,3983.93467
33.0,30,3984.400054
-38.45,28,3984.866524
34.673969,26,3985.355096
43.336853,22,3985.739115
-35.37,31,3986.292177
44.216102,32,3986.924577
36.0,35,3987.589926
42.759329,24,3988.012111
-47.66,25,3988.474141
-32.3,26,3988.938786
35.260377,34,3989.569291
-35.04,35,3990.178133
-35.51,24,3990.620013
-45.0,19,3991.025545
31.827731,31,3991.7736
41.440741,23,3994.449553
41.538182,26,3994.809576
32.704861,46,3995.525735
-37.72,36,3996.135685
-35.21,26,3996.593056
35.61597,27,3997.087501
44.653543,28,3997.574821
32.088235,49,3998.452075
-35.3,31,3999.003031
35.695793,31,3999.612017
-35.83,31,4000.148034
41.298893,26,4000.699647
43.12265,30,4001.651895
35.390681,29,4002.289407
-44.96,29,4002.816455
-40.87,37,4003.486829
32.415385,54,4006.480769
47.008761,25,4006.85044
-39.0,20,4007.18364
35.303371,26,4007.601318
-32.06,36,4008.315488
-38.42,23,4008.71243
-33.0,30,4009.280359
36.0,34,4009.913766
-35.84,32,4010.596335
-37.86,32,4011.395882
-38.87,27,4012.02669
37.311627,31,4012.72161
38.875458,30,4013.389574
38.211268,27,4014.043948
-35.11,31,4014.681978
32.505535,32,4015.409847
-41.52,29,4016.070587
47.376518,17,4016.401821
-32.43,34,4019.098404
-41.58,48,4019.845801
39.0,26,4020.312047
45.0,23,4020.907651
-35.5,30,4021.388385
33.0,29,4021.854764
43.12931,23,4022.288298
-32.53,36,4022.965033
-35.51,28,4023.472289
-32.04,33,4024.06408
34.682976,26,4024.520366
32.496183,31,4025.059435
-32.56,38,4025.803242
38.44403,25,4026.263547
-35.21,35,4027.230124
32.463722,31,4027.792945
33.0,24,4030.146285
-34.87,41,4030.914122
-32.36,30,4031.40846
33.0,35,4032.0111
-41.01,31,4032.65085
-40.71,24,4033.158731
-33.0,30,4033.795765
-47.17,17,4034.192452
32.691318,32,4034.854288
-32.91,33,4035.437392
35.415493,28,4036.077152
-46.79,22,4036.513387
-35.76,34,4037.155939
-35.05,40,4038.041393
36.0,30,4038.723273
33.0,35,4039.518997
-38.88,27,4040.040957
32.900735,28,4042.441583
31.792887,47,4043.213906
-35.18,24,4043.595591
-41.34,26,4044.067562
-38.52,28,4044.590359
-35.84,38,4045.313955
-45.0,16,4045.604317
38.084291,31,4046.148515
-42.0,30,4046.90557
-36.5,35,4047.560555
38.527331,26,4048.030388
-38.73,27,4048.564492
-32.68,31,4049.217864
-33.0,36,4049.911668
34.46203,28,4050.527897
41.876325,27,4051.128368
-38.43,34,4051.915528
39.0,24,4054.650104
38.63354,26,4055.102849
-32.31,43,4056.021741
-35.19,34,4056.833883
-32.66,36,4057.672407
33.0,56,4058.80533
35.883803,28,4059.388259
-46.86,36,4060.184952
32.603636,31,4060.872773
38.157509,30,4061.529594
35.298578,26,4062.013657
-32.9,38,4062.756793
32.400722,30,4063.330666
-35.6,27,4063.840898
-38.64,29,4064.379675
38.383686,29,4064.888862
-32.1,39,4067.526806
-38.39,26,4067.967022
-45.0,15,4068.223035
-46.98,20,4068.560875
-31.51,46,4069.466712
38.053115,27,4069.961299
38.042969,26,4070.49095
-38.86,28,4071.162761
32.781879,87,4073.010829
-45.0,30,4073.853494
-38.26,28,4074.410754
-43.49,29,4074.98587
-41.15,27,4075.584872
-41.19,26,4076.101455
32.458333,38,4076.979393
41.841615,29,4079.711084
42.0,17,4080.084197
-32.21,40,4080.854107
35.900398,22,4081.281827
-41.44,28,4081.839972
-35.15,35,4082.595975
35.573453,32,4083.268448
-38.59,25,4083.837635
38.075725,38,4084.74396
34.870041,39,4085.681333
47.495763,20,4086.0482
41.519084,22,4086.475599
32.064815,32,4087.078726
37.78227,30,4087.618091
-33.0,27,4088.203351
41.722857,26,4088.788078
41.570312,29,4089.27471
-41.42,26,4089.680802
41.673367,19,4089.98548
-35.84,37,4092.850155
-38.81,21,4093.233184
38.691525,20,4093.586121
-46.42,53,4094.592395
41.099206,28,4095.139097
38.247104,27,4095.637941
-42.0,28,4096.242458
44.014706,22,4096.74148
35.528889,35,4097.360288
35.618375,33,4098.02885
35.053293,38,4098.740334
40.262163,28,4099.251953
33.0,40,4100.000229
44.325758,21,4100.684781
42.0,49,4101.543492
-32.65,26,4101.977103
44.810427,23,4104.52064
-41.72,28,4105.128676
-41.45,24,4105.550631
-35.59,31,4106.141978
-35.62,22,4106.527736
35.762712,23,4106.965527
38.841699,27,4107.483005
-41.4,27,4107.985815
-39.0,31,4108.644795
35.721805,24,4109.153003
-32.85,67,4110.385916
35.827922,72,4111.86288
34.868775,29,4112.386736
45.0,31,4112.866919
35.16092,40,4113.511404
41.625,27,4116.059258
35.877778,34,4116.720475
-44.91,23,4117.167543
-32.6,33,4117.773561
40.548437,29,4118.359509
-38.34,38,4119.088533
-38.93,31,4119.858623
44.329457,26,4120.358301
35.521313,31,4120.910163
32.621538,27,4121.403565
35.065015,24,4121.869057
32.803774,41,4122.595344
39.0,28,4123.046526
-41.75,29,4123.581144
-44.21,19,4123.888174
44.154676,27,4124.399263
38.545775,29,4124.968072
-44.0,38,4128.050721
-35.21,32,4128.776569
42.0,20,4129.267998
-38.5,49,4130.516335
41.023857,32,4131.17109
33.0,40,4132.395605
41.11746,19,4132.743006
-32.61,44,4133.609729
44.983108,24,4134.165743
-38.61,25,4134.762875
-32.63,28,4135.349268
35.097276,43,4136.205461
-35.47,29,4136.802943
-35.25,59,4137.969382
35.688,23,4138.304217
-38.07,30,4138.767378
-41.88,19,4141.359717
32.5,27,4141.914732
35.283154,29,4142.602103
-35.41,62,4143.983159
35.901099,39,4144.713078
-35.14,30,4145.298126
35.254545,33,4145.93662
-32.79,39,4146.686962
-38.33,26,4147.127836
32.155629,35,4147.683291
32.655172,46,4148.450012
38.695223,34,4148.983779
30.0,34,4149.641224
-37.52,28,4150.143211
-40.75,34,4150.700254
41.078657,24,4153.615982
42.0,31,4154.255026
32.212355,45,4155.685856
-34.81,33,4156.800312
38.184466,28,4157.299414
-39.0,27,4158.049893
38.400819,27,4158.587154
-43.24,26,4159.081696
35.12253,27,4159.573238
41.194545,23,4159.9342
-39.0,40,4160.633453
-34.53,35,4161.217096
41.149306,25,4161.707742
-41.34,23,4162.294573
45.0,23,4162.820381
35.096654,32,4163.373264
-38.48,30,4163.871151
30.0,27,4166.50718
-39.0,30,4167.066234
-40.75,23,4167.54018
35.787313,35,4168.170704
38.309963,26,4168.656122
32.895973,39,4169.377764
-36.0,29,4169.93853
-32.07,34,4170.562701
-41.57,27,4171.043733
41.658451,32,4171.616037
-35.41,33,4172.161803
-41.45,29,4173.003964
32.057915,34,4173.810977
-42.86,29,4174.417409
-37.71,34,4175.093841
32.619469,36,4175.854368
-32.73,50,4179.090085
-41.5,19,4179.528688
-38.76,21,4179.992538
-41.01,34,4180.896915
-32.58,38,4181.764641
35.53629,37,4182.822704
35.453561,38,4183.530274
-32.16,38,4184.165661
35.900943,31,4184.692732
37.138267,24,4185.272254
32.469636,34,4185.926709
-35.92,28,4186.451301
47.530909,25,4186.922972
-35.3,60,4187.983757
34.650198,32,4188.554044
35.440678,29,4189.428338
-32.28,28,4192.228266
34.642268,49,4193.070917
-32.81,29,4193.626249
-45.25,22,4194.040612
34.536824,34,4194.669602
44.939394,29,4195.26982
34.526616,41,4196.004178
42.0,25,4196.428416
-42.0,27,4196.890256
-43.9,29,4197.389132
32.487085,40,4198.102361
35.077581,32,4198.665561
-41.33,56,4199.586846
35.15472,31,4200.071199
35.054475,27,4200.547877
38.315961,27,4203.255204
-47.23,19,4203.70032
32.473333,93,4205.438705
-39.0,26,4205.910581
38.170455,23,4206.341
38.268519,36,4207.024456
36.0,27,4207.492341
-36.0,39,4208.54319
35.53405,31,4209.039504
-42.0,22,4209.463332
-41.16,26,4209.990716
38.504644,23,4210.371041
35.715447,30,4210.84175
-33.0,51,4212.012509
-33.0,29,4212.54868
38.636735,31,4213.150994
-38.75,31,4216.133008
-47.04,20,4216.461703
40.880753,20,4216.722006
45.0,21,4217.009846
-41.81,29,4217.595104
32.307985,24,4218.048435
41.331126,23,4218.491681
34.901304,28,4219.038482
44.259259,26,4219.453078
-38.2,25,4219.880699
-41.88,32,4220.448542
-34.78,31,4221.063055
33.0,32,4221.722549
-34.66,32,4222.492312
35.069307,24,4222.996355
44.925795,23,4223.31297
-38.56,19,4223.608115
41.926199,24,4224.081256
-35.0,44,4224.824697
44.5,63,4228.489039
-37.05,27,4229.058156
44.518072,18,4229.413234
-35.41,35,4230.106439
-40.57,31,4230.746872
-39.07,77,4232.357522
36.0,29,4232.833744
36.715858,31,4233.361653
35.902685,29,4233.883668
38.935018,27,4234.37966
41.268657,26,4234.888924
-35.76,27,4235.622493
35.527344,30,4236.176503
38.389408,26,4236.605283
39.0,31,4237.101846
-32.93,39,4240.478394
41.5,24,4241.095865
33.0,33,4241.714808
-43.74,19,4242.069017
42.0,29,4242.646214
39.0,24,4243.11511
33.0,30,4243.685249
-37.92,33,4244.393737
-32.2,31,4244.959632
39.0,26,4245.413832
41.629464,29,4245.894792
-33.0,34,4246.500442
33.0,40,4247.265838
41.679487,28,4247.889195
-35.07,32,4248.424912
-32.42,32,4248.970866
-35.79,23,4249.472108
35.033762,49,4253.060908
-32.75,33,4253.682351
-35.09,30,4254.571605
-32.63,38,4255.370844
38.877863,22,4255.758215
-38.14,37,4256.404778
-35.36,28,4256.846961
-32.63,41,4257.726683
37.646039,48,4258.550813
35.090289,44,4259.470289
-34.21,26,4260.029649
36.0,29,4260.533508
35.729282,30,4261.086684
35.162645,35,4261.743921
32.300412,29,4262.237433
32.922179,80,4266.316544
38.467681,25,4266.836856
47.538462,17,4267.159029
41.270142,24,4267.895088
-41.15,31,4268.517141
41.761194,23,4268.93665
-34.77,34,4269.559198
38.325,34,4270.197253
-40.98,26,4271.454758
-38.71,25,4271.97457
41.050193,32,4272.537108
-33.0,30,4273.120711
32.442857,29,4273.588073
-38.51,26,4273.991975
-35.79,41,4274.635861
38.415152,49,4277.569002
37.580974,32,4278.164653
38.603113,29,4278.712299
41.685841,31,4279.130573
-32.01,33,4279.516324
-31.91,30,4280.034443
-41.88,20,4280.416478
-32.27,42,4281.26191
41.358209,35,4281.8236
-38.76,28,4282.249095
-35.19,38,4282.891929
37.807765,31,4283.495335
-31.83,40,4284.279302
41.548649,30,4284.933524
39.0,39,4285.916104
35.515625,29,4286.495409
38.095061,32,4289.810837
-43.72,74,4291.411124
-43.09,19,4291.737138
34.541158,54,4292.740501
32.202749,30,4293.431745
-38.18,20,4293.80286
-38.46,42,4294.601034
-35.25,31,4295.129861
-46.63,39,4295.983172
36.0,28,4296.589465
44.546667,24,4297.035375
32.021277,28,4297.470034
35.457692,41,4298.104678
-41.69,22,4298.466582
35.515504,33,4299.045699
-47.14,12,4299.246839
35.248031,31,4302.154773
-32.67,28,4302.743493
41.486577,36,4303.514537
-41.29,22,4304.079035
-43.83,31,4304.689803
33.0,39,4305.385045
37.674216,33,4306.011872
-34.54,46,4306.90148
-34.41,34,4307.600614
35.557632,29,4308.210562
38.326848,29,4308.924736
38.850575,32,4309.48522
-36.0,24,4309.930513
35.607477,30,4310.42913
-35.58,33,4311.086993
32.315789,35,4311.772912
44.356371,21,4314.588955
35.146667,28,4315.114528
-32.05,36,4315.830671
-38.07,31,4316.371668
35.245714,23,4316.737633
33.0,31,4317.675838
38.665644,28,4318.16466
39.595908,32,4318.726805
-38.3,38,4319.528718
42.0,42,4320.085622
-41.1,33,4320.957488
-30.0,30,4321.670991
-41.43,32,4322.237854
-38.08,23,4322.711683
43.573751,28,4323.244164
35.80597,31,4323.803743
-32.12,33,4326.508771
41.088235,30,4327.076365
38.646341,34,4327.777934
-44.21,34,4328.437579
-43.7,27,4328.942146
-32.72,56,4329.963296
-41.6,26,4330.508611
41.705128,21,4331.136726
41.541176,26,4331.696258
33.0,27,4332.222886
37.836971,35,4332.94141
-41.09,26,4333.375292
-44.01,25,4333.812841
-34.92,29,4334.306225
-43.87,32,4334.854655
35.352381,26,4335.401184
42.595687,21,4335.856762
33.0,36,4338.883035
42.0,17,4339.216363
-35.43,31,4339.794369
-41.88,29,4340.301442
35.419023,28,4340.82301
32.824176,39,4341.525854
38.220367,20,4341.889688
-36.0,32,4342.448706
-32.2,30,4343.065493
41.052632,28,4343.608798
-32.13,34,4344.446373
37.627527,28,4344.871952
31.683594,39,4345.540709
43.653456,21,4345.871424
37.794479,25,4346.306866
-41.18,32,4347.049794
32.446429,31,4347.69252
41.02008,30,4348.249844
-36.0,27,4350.884128
45.0,25,4351.353077
39.0,31,4351.875358
-43.89,21,4352.221362
-35.31,27,4352.648807
-41.47,27,4353.027653
-33.0,32,4353.5546
-36.0,33,4354.147389
-35.91,53,4355.140684
38.203745,36,4355.788322
32.542169,28,4356.251311
32.378277,33,4356.826162
-47.87,19,4357.1655
44.291391,24,4357.651528
-43.51,22,4358.088761
42.0,25,4358.543051
31.692171,53,4359.656061
41.683019,31,4362.800452
33.0,30,4363.307515
34.498435,29,4363.77452
-44.22,29,4364.229519
44.04059,32,4364.755557
-32.35,49,4365.609857
45.0,22,4366.035472
40.3278,45,4367.128625
-35.27,30,4367.61488
41.076046,19,4367.950228
36.0,24,4368.330514
44.772512,30,4368.812796
35.115385,37,4369.688015
35.754967,32,4370.336199
-44.47,32,4371.254032
-34.63,31,4371.90114
-35.08,40,4374.944067
45.0,18,4375.268035
-35.51,30,4375.75619
-37.22,30,4376.26827
-33.0,36,4376.934184
-35.54,29,4377.460285
37.675091,23,4377.885321
-35.87,32,4378.421079
-35.79,44,4379.624015
42.0,31,4380.164954
41.394161,28,4380.727667
38.346154,48,4381.748583
44.687307,23,4382.281937
36.0,24,4382.788401
45.0,22,4383.300141
-32.84,35,4384.03424
-38.09,22,4384.507957
32.390335,31,4387.257755
-38.71,63,4388.293201
35.028226,43,4389.020354
41.151261,24,4389.484819
36.0,37,4390.117172
-37.51,60,4391.129343
35.309859,27,4391.581717
-47.25,16,4391.910102
39.0,30,4392.517644
-32.4,34,4393.206445
36.0,32,4393.872007
-38.06,36,4394.727564
-42.0,18,4395.166214
-35.9,28,4395.704434
-41.26,23,4396.359669
44.019293,17,4396.682281
32.471299,65,4400.075561
48.0,32,4400.583557
38.527881,22,4400.960621
32.509091,60,4402.026274
33.0,68,4403.144285
-38.43,27,4403.598101
44.168601,22,4404.04023
-41.81,23,4404.541462
47.015679,26,4405.144003
41.341297,23,4405.596673
41.212766,22,4406.095541
-37.09,32,4406.768417
-32.48,58,4407.892495
-35.56,33,4408.525812
36.0,33,4411.612835
41.625,26,4412.104487
-32.74,29,4412.632538
-36.0,32,4413.37899
41.724138,32,4413.914524
43.764238,21,4414.239806
32.535211,39,4414.889798
-36.0,25,4415.349766
-42.0,27,4415.878704
41.547038,21,4416.269294
-35.41,43,4417.055876
-32.47,33,4417.767352
41.951965,32,4418.214861
44.719135,33,4419.113041
41.571429,27,4419.59153
-41.17,28,4420.119377
-33.0,33,4420.778538
45.0,29,4423.862326
-41.12,31,4424.505742
-40.07,30,4425.15983
-37.52,29,4425.793691
-36.0,34,4426.446406
-37.93,37,4427.140207
-32.87,35,4427.91998
-35.9,31,4428.594227
37.746106,38,4429.417753
-40.61,23,4429.867847
35.65748,37,4430.585537
-41.78,25,4431.056165
36.0,22,4431.459199
44.916981,33,4432.179488
32.502183,29,4432.719617
-35.85,28,4433.239063
-38.63,25,4433.737808
-35.05,46,4436.54103
35.109966,49,4437.411992
32.71179,31,4437.909716
35.92674,37,4438.494027
-47.08,15,4438.738521
32.251064,41,4439.433344
-41.54,34,4440.136615
45.0,17,4440.457662
-34.49,36,4441.142609
32.422053,29,4441.697023
-35.37,32,4442.283282
38.758621,39,4443.038374
-32.76,51,4444.048959
-32.66,40,4444.813315
37.898658,26,4447.331215
-32.41,38,4448.04203
41.836177,25,4448.495562
34.480056,31,4448.989474
-40.63,20,4449.571304
-35.24,29,4450.043216
32.583039,34,4450.985043
43.506757,25,4451.454176
32.382716,31,4451.988963
-35.27,27,4452.540919
-35.13,28,4453.093869
-42.0,29,4453.666949
44.549618,24,4454.16211
-44.09,33,4454.768625
35.277151,29,4455.32816
41.604563,27,4455.833608
-37.91,31,4456.416349
32.413681,36,4457.067805
32.124204,43,4459.856698
-35.01,27,4460.315811
35.311284,26,4460.785947
41.604027,25,4461.199676
35.529231,26,4461.654068
-32.67,38,4462.327173
-33.0,27,4462.838898
-41.11,21,4463.226347
44.252852,29,4463.757127
-36.0,32,4464.456006
-36.0,39,4465.177502
37.644033,49,4466.051085
44.00974,22,4466.47201
-32.75,39,4467.082619
-41.25,22,4467.804013
35.317474,39,4468.49439
-34.98,30,4471.387125
-35.28,28,4471.836767
-32.79,43,4472.523533
36.0,33,4473.099354
45.0,27,4473.601403
-41.78,32,4474.192271
-34.9,33,4474.863227
33.0,30,4476.365184
-41.01,27,4476.882423
-37.73,28,4477.473689
-41.69,26,4477.987431
-35.64,26,4478.547786
-41.48,29,4479.148325
-34.85,22,4479.606428
38.804487,25,4480.002662
32.778226,37,4480.599247
41.75155,23,4480.978665
-37.41,31,4484.320055
48.0,18,4484.645093
-36.0,24,4485.010292
-34.78,41,4485.779221
38.64,24,4486.254062
40.583636,27,4486.757213
-35.13,32,4487.377109
38.106374,33,4487.951313
35.75,26,4488.418496
-41.07,33,4489.082075
41.330435,21,4489.468676
35.343256,29,4490.030274
-44.19,17,4490.33815
-44.3,22,4490.686903
-41.79,25,4491.090986
-32.6,31,4491.59145
43.597222,23,4491.985825
-32.61,41,4492.709756
-35.13,48,4495.69274
-35.16,51,4496.59636
38.238636,24,4497.037276
35.750779,24,4497.485527
39.0,24,4497.940838
42.0,28,4498.44162
-38.67,27,4498.967651
37.929658,32,4499.713747
-42.0,23,4500.194809
-40.86,35,4501.135864
39.0,32,4501.96105
-36.0,28,4502.421502
40.638735,30,4502.924417
41.279851,50,4503.74317
41.856643,27,4504.247255
41.003392,22,4504.715926
-32.88,31,4505.388318
-37.6,34,4508.167295
38.902985,27,4508.666197
-42.0,29,4509.215856
-34.25,27,4509.733873
32.72549,41,4510.507406
38.248344,30,4511.036141
42.0,24,4511.467321
-47.98,14,4511.735285
40.664819,29,4512.296146
-38.14,34,4512.918804
-44.44,22,4513.338508
-35.51,29,4513.821643
-32.54,32,4514.338611
41.157258,26,4514.754723
-34.53,35,4515.35879
32.873134,29,4515.921418
41.307692,22,4516.905505
-36.0,29,4517.486737
42.0,22,4520.261144
37.923821,26,4520.753087
-38.45,39,4521.513368
35.137546,24,4521.933211
38.399225,46,4522.786972
41.260564,36,4524.024266
-41.16,27,4524.550125
-38.53,30,4525.032488
32.465672,32,4525.567291
41.111111,23,4525.9297
-33.0,40,4526.638106
-38.81,27,4527.20298
41.884273,32,4528.085903
-43.89,31,4528.792106
36.0,28,4529.341638
-35.21,29,4529.846093
32.543478,36,4530.428631
32.81323,32,4533.558495
32.519231,29,4534.094323
37.939394,24,4534.571412
-35.55,36,4535.386858
-35.38,35,4536.196905
-37.77,36,4536.85043
41.503521,26,4537.296335
32.167286,40,4537.918024
44.378676,21,4538.273725
32.909747,35,4538.912358
-41.49,37,4539.676929
42.0,52,4540.73138
-43.28,27,4541.222581
-32.1,27,4541.693323
-41.45,25,4542.146736
-33.0,41,4544.960538
34.536101,43,4545.760873
37.992188,32,4546.416308
32.766026,28,4546.970003
-38.26,26,4547.464203
38.665455,27,4547.998536
-36.0,30,4548.545571
45.0,18,4549.266353
-38.91,22,4549.684983
35.667785,55,4550.689294
41.16035,37,4551.384474
-35.0,49,4552.273164
41.342282,28,4552.851696
38.733591,25,4553.610763
33.0,30,4554.172653
-35.67,37,4555.109431
44.038911,31,4557.96384
-46.18,19,4558.304837
35.684211,24,4558.74992
-40.48,38,4559.471737
37.54428,21,4559.844401
-41.48,21,4560.225082
38.75,34,4560.884532
-34.73,48,4561.797687
32.255172,26,4562.418308
41.228699,26,4562.943925
35.047297,29,4563.500811
-34.03,28,4564.045188
-38.81,27,4564.590447
-47.15,25,4565.032265
-44.75,20,4565.644049
35.419558,25,4566.093549
-32.46,30,4566.651051
35.790076,25,4567.117527
-32.64,45,4570.108591
-32.48,31,4570.749254
38.049536,26,4571.306979
32.902778,26,4571.844464
38.684411,21,4572.236951
42.0,27,4572.744548
32.061538,33,4573.387089
41.775801,27,4573.877583
39.0,30,4574.417301
31.704748,69,4575.6651
-38.6,30,4576.256669
-35.89,28,4576.775035
34.890372,39,4577.556198
-35.5,27,4578.104132
41.407583,27,4578.666776
45.0,23,4579.188512
-33.0,41,4582.133372
-37.55,26,4582.804695
-32.76,34,4583.477063
-42.0,21,4583.856392
-46.68,46,4584.745372
-35.38,37,4585.417883
-41.67,42,4586.154972
47.046839,17,4586.476603
38.345763,30,4587.164119
-41.64,28,4587.767206
32.870861,41,4588.643489
35.298893,24,4589.158274
-43.74,25,4589.654868
38.336032,25,4590.093483
47.748031,12,4590.374604
-35.88,31,4590.960492
38.478964,27,4591.450032
35.761589,29,4591.981666
35.278846,29,4595.050608
-44.03,38,4595.836425
-35.81,32,4596.523534
42.0,19,4596.899666
-41.25,38,4597.67571
40.617752,27,4598.253137
-44.22,23,4598.617236
41.605891,23,4599.034797
-35.63,29,4599.562851
-31.96,37,4600.24731
-35.12,36,4600.95258
35.004049,41,4601.65407
-32.4,26,4602.082325
-32.67,37,4602.667294
-38.14,42,4603.399267
39.473806,20,4603.861067
34.669867,37,4607.313361
41.817391,27,4607.87293
-41.25,29,4608.77729
40.148842,48,4609.80284
-32.72,27,4610.23498
-32.58,38,4610.84702
-35.35,28,4611.505814
32.69403,32,4612.239511
-41.05,39,4613.198429
-37.87,37,4614.112176
32.25969,29,4614.71771
35.361217,32,4615.284256
-32.67,29,4615.834679
39.0,25,4616.254986
40.609578,29,4616.797282
35.007463,30,4617.496599
41.251724,26,4620.166199
-43.42,39,4620.836817
-40.04,25,4621.228072
34.835177,26,4621.652322
38.31822,40,4622.38044
-32.09,38,4623.063295
37.473834,39,4623.781854
39.0,22,4624.165584
38.902778,37,4624.850364
44.854478,22,4625.255495
-44.78,19,4625.586751
35.105042,25,4625.998967
32.549849,34,4626.652534
-44.2,22,4627.089808
-39.0,26,4627.626426
-44.67,39,4628.52648
-32.66,32,4629.190762
-36.85,35,4632.057327
41.185328,19,4632.356854
-41.35,27,4632.804888
35.461626,29,4633.30937
-32.15,43,4634.001361
-47.22,24,4634.453653
-37.04,30,4635.340009
37.17575,27,4635.959508
37.926244,22,4636.380762
-35.16,35,4637.076873
32.252708,31,4637.686367
41.322034,26,4638.131836
47.015385,19,4638.45659
-38.05,29,4638.936338
-47.58,37,4639.618262
32.179389,28,4640.271154
-38.21,32,4641.065321
33.0,31,4641.652194
38.374126,25,4644.555321
-38.33,26,4645.140002
38.089404,31,4645.757298
-39.0,36,4646.405445
35.838174,26,4646.87303
37.417192,37,4647.574539
35.023622,29,4648.101802
-32.07,34,4648.72321
41.795367,25,4649.150841
42.0,20,4649.469136
38.783972,27,4649.89778
-33.0,27,4650.355624
-38.53,32,4650.852533
-38.57,33,4651.425123
-36.0,31,4652.13546
37.491615,33,4652.789139
33.0,41,4653.791215
31.819392,34,4656.482104
-41.76,40,4657.21319
42.0,19,4657.647092
-32.6,40,4658.38306
35.890909,30,4658.951124
-48.0,17,4659.29509
41.436508,35,4659.997403
35.349359,25,4660.561285
-39.0,35,4661.226559
-36.0,26,4661.646367
32.070632,28,4662.296617
-44.3,15,4662.602063
38.018587,22,4663.019267
-33.0,34,4663.645975
35.114478,27,4664.22907
-46.38,32,4664.904102
-32.4,32,4665.539351
32.40678,32,4668.279548
-38.74,42,4668.88965
-41.09,24,4669.21116
-40.9,19,4669.51101
38.903346,27,4670.061319
32.695341,38,4670.76238
-32.57,35,4671.435722
41.436667,25,4671.882023
38.353612,29,4672.416083
35.073643,31,4672.887251
-38.45,23,4673.252369
-36.0,35,4673.769854
-35.02,30,4674.250732
35.657588,30,4674.999219
-38.6,31,4676.11289
41.878788,25,4676.564735
-37.57,30,4677.07259
35.222628,24,4677.513688
-39.0,27,4679.988239
38.008402,27,4680.50366
-35.46,27,4681.037131
-32.47,47,4682.01079
35.233716,38,4682.708804
44.83612,16,4682.965925
40.958194,41,4683.623917
-32.64,27,4684.080222
-44.19,67,4685.281622
38.312883,37,4685.991652
-41.65,25,4686.798419
-38.22,27,4687.538768
37.432255,28,4688.289657
-39.0,24,4688.796574
-32.25,29,4689.447403
-43.42,28,4690.024119
32.70229,37,4692.836092
34.534354,36,4693.524004
-32.73,35,4694.316061
-40.32,30,4695.015888
36.0,33,4695.70667
35.403361,47,4696.640772
-41.5,20,4696.950838
-41.8,44,4697.675631
-41.72,26,4698.292714
43.197077,22,4698.801837
38.352713,48,4699.788444
-33.0,32,4700.525429
37.515714,32,4701.111927
33.0,37,4701.799407
38.273764,21,4702.157771
42.527829,28,4704.648919
-46.94,21,4705.045213
41.445312,28,4705.656844
32.741935,30,4706.177555
-32.11,33,4706.816957
35.458204,22,4707.214424
-35.71,27,4707.617673
-41.11,20,4707.924137
-32.62,38,4708.531291
41.244717,30,4709.036118
-35.36,35,4709.681237
35.732243,30,4710.229502
32.811538,27,4710.741746
39.0,34,4711.472115
-43.96,34,4712.219794
-35.17,39,4713.359837
-41.18,25,4714.029012
42.0,20,4714.402673
-42.0,22,4717.081468
-37.2,33,4717.887854
-32.04,32,4718.615694
38.588028,27,4719.132077
44.827068,43,4719.879505
-47.55,33,4720.484028
32.360606,32,4721.006211
44.359712,26,4721.582659
32.917323,45,4722.510185
-32.26,67,4723.787295
-42.0,22,4724.252792
-44.25,16,4724.541722
33.0,34,4725.265125
35.939394,39,4726.051753
-40.53,21,4726.429928
47.825613,36,4729.019675
35.022436,50,4729.930762
-32.89,32,4730.504444
38.421525,22,4730.849545
-41.53,34,4731.379093
-37.22,28,4732.544126
-32.28,36,4733.204369
-47.32,24,4733.686884
-38.22,30,4734.235672
-38.32,29,4734.889443
-32.79,114,4737.471361
34.430227,32,4738.135291
35.341463,28,4738.688156
44.124521,32,4739.214416
-39.0,34,4742.139443
-34.57,40,4742.776053
-41.22,26,4743.15221
39.45469,31,4743.634925
32.858182,45,4744.57516
-41.48,20,4744.938758
35.504644,43,4745.677962
44.417293,17,4745.998954
-36.0,30,4746.538995
-46.97,27,4747.045403
-40.78,73,4748.439082
-41.37,40,4749.206072
44.506173,22,4749.656315
-38.37,23,4750.109675
-36.39,43,4750.951607
35.412766,32,4754.018296
32.436681,31,4754.560863
32.366795,29,4755.179584
41.660517,26,4755.737749
-41.7,27,4756.233151
38.825503,34,4756.853079
32.520124,37,4757.580316
-38.33,30,4758.149274
-38.59,30,4758.790519
38.278169,30,4759.40317
-35.56,27,4760.053761
35.194631,29,4760.60805
-35.66,28,4761.365803
40.621037,38,4762.216536
-41.05,33,4762.977362
-43.66,28,4763.555354
-38.62,22,4763.99258
-39.0,29,4766.532576
41.649007,23,4766.882535
32.277966,31,4767.380648
35.554156,39,4768.465734
32.214521,47,4769.360332
38.241877,20,4769.731386
-47.63,18,4770.04081
38.070865,30,4770.623989
-39.0,21,4771.032726
33.0,33,4771.648115
-39.0,37,4772.332265
-32.45,29,4772.873345
32.393471,41,4774.58495
-37.76,44,4775.418762
31.791391,35,4775.964595
-35.16,28,4776.427268
38.373288,27,4778.77668
39.0,51,4779.786481
-36.0,29,4780.353326
-40.87,29,4780.917438
-35.46,34,4781.611233
-40.54,28,4782.100446
35.027237,33,4782.692184
34.490962,39,4783.421372
41.403475,24,4783.839988
-41.57,22,4784.25191
32.911877,30,4784.794067
35.424837,29,4785.35566
41.48062,41,4786.017729
-40.84,24,4786.841753
37.894922,53,4787.771651
-32.16,27,4788.212927
44.162698,21,4790.664293
34.092838,29,4791.158247
38.931373,30,4791.713885
44.555333,17,4792.051318
-37.03,51,4793.183923
-35.03,37,4793.960414
-39.0,70,4795.465093
-36.0,30,4796.016126
-32.68,45,4796.85498
-32.34,39,4797.555836
-35.32,42,4798.388447
-44.93,17,4798.653244
-33.0,27,4799.094414
40.649099,32,4799.626744
-35.45,30,4800.084098
32.043636,29,4802.691681
32.71954,32,4803.427531
38.398182,29,4804.154187
-32.5,30,4804.799115
35.496124,25,4805.282851
-38.09,25,4805.75649
-39.0,33,4806.378092
32.470175,32,4806.930417
-38.76,30,4807.525902
-37.94,23,4808.028007
-35.24,35,4808.839751
30.0,29,4809.46576
41.079646,46,4810.322721
-33.0,44,4811.525806
33.0,36,4812.30668
-40.72,33,4812.8518
38.876364,48,4815.759827
-35.33,42,4816.539931
38.318868,27,4817.029917
38.471223,26,4817.50774
-32.09,31,4818.066182
35.380165,28,4818.592174
38.727879,34,4819.217569
-32.66,35,4820.299249
-35.6,34,4821.021748
-33.0,31,4821.707183
32.827988,37,4822.38134
32.096296,33,4822.935039
-44.17,20,4823.299191
-32.34,37,4823.902532
41.216617,19,4824.266455
-38.45,22,4824.75223
41.304527,31,4827.423193
40.357748,37,4828.383958
-38.64,33,4829.016688
35.447154,30,4829.601284
-42.14,34,4830.251364
32.502222,32,4830.811453
-33.0,33,4831.477621
-34.9,28,4832.052756
-43.8,29,4832.610817
-33.0,43,4833.408158
-40.09,26,4833.97002
41.421329,59,4835.182255
32.55627,29,4835.724236
-41.44,29,4836.247045
41.262966,28,4836.760492
38.374698,25,4837.134332
-37.98,23,4839.623126
-35.71,46,4840.667985
-38.47,28,4841.195958
43.807646,22,4841.61678
-36.0,56,4842.827533
-36.65,30,4843.408062
-41.49,28,4844.328708
-41.66,25,4844.81328
44.200787,40,4845.543444
-38.91,23,4845.927894
33.0,28,4846.514011
46.757262,58,4847.765477
-38.94,24,4848.208755
-36.0,27,4848.714333
-35.54,28,4849.363775
-35.1,24,4849.879282
-41.23,29,4853.041135
40.657895,26,4853.548738
-41.34,48,4854.427734
37.542538,47,4855.352704
36.0,31,4855.885344
44.231527,21,4856.281965
31.546809,49,4857.160004
41.112727,26,4857.59902
44.313869,29,4858.051186
-32.1,28,4858.524096
35.041509,27,4858.970706
32.577236,56,4859.892961
32.735099,34,4860.500231
-35.13,43,4861.36769
-38.25,47,4864.297602
-38.71,49,4865.448791
43.969441,23,4865.877778
35.167286,30,4866.461044
-33.0,65,4867.761271
36.0,38,4868.444661
-38.69,24,4868.817864
45.0,33,4869.322926
35.756654,25,4869.721682
39.966823,44,4870.437869
-44.53,22,4870.848117
-36.0,30,4871.391018
-45.0,19,4871.890699
-35.26,29,4872.494071
-41.78,25,4873.665016
42.0,25,4874.099947
38.710638,24,4876.566037
-36.0,29,4877.117007
-32.56,36,4877.97812
-38.9,26,4878.467583
-44.66,26,4878.942502
-41.59,42,4879.699338
35.34657,36,4880.272834
32.049206,33,4880.777901
-36.0,23,4881.135329
32.903614,32,4881.636401
42.0,25,4882.101853
32.37963,49,4882.941202
32.430267,57,4883.884449
41.708502,27,4884.354552
40.311289,36,4884.96028
-32.14,48,4888.302725
-37.23,32,4888.875479
44.631179,24,4889.295805
-32.7,30,4889.802543
-41.16,40,4890.540683
-35.01,27,4890.980449
42.0,19,4891.283263
-44.56,26,4891.777526
41.113793,25,4892.261799
44.419118,35,4892.93145
38.083333,26,4893.373065
39.0,30,4893.992388
38.613636,28,4894.558376
38.43254,64,4895.651816
-36.0,20,4895.957455
-44.77,22,4896.330051
37.505792,46,4899.515892
32.576,33,4900.113119
-44.1,22,4900.512131
-41.73,27,4901.056971
-43.97,28,4901.662194
-40.68,44,4902.276426
-42.0,26,4902.631109
38.330225,30,4903.159845
40.963641,27,4903.638085
35.375,27,4904.052197
-38.21,23,4904.367137
41.246797,31,4904.841594
-40.87,64,4905.941087
36.930661,57,4906.956975
-45.0,16,4907.275693
40.685185,34,4907.912312
40.920561,20,4911.776261
38.731618,28,4912.355098
41.116129,22,4912.800364
37.587501,33,4913.469128
-44.5,23,4913.915333
-38.33,25,4914.366202
36.0,31,4915.107389
-41.72,29,4915.658436
-41.72,22,4916.021619
47.202942,41,4916.795501
-40.23,32,4917.363895
-41.04,22,4917.72606
32.744681,32,4918.298173
34.720787,39,4918.995967
38.168667,27,4919.515735
-32.47,26,4919.986658
35.464029,28,4920.550645
-38.6,32,4921.168962
35.579926,38,4924.56856
38.697819,30,4925.122669
-34.98,33,4925.66481
39.0,30,4926.367401
-33.0,44,4927.320309
-35.13,27,4927.815337
-34.3,22,4928.177957
37.526522,35,4928.721662
35.217899,41,4929.339392
-38.09,22,4929.672668
-44.39,23,4930.05752
36.0,39,4930.692357
-44.66,30,4931.168786
44.174603,22,4931.548797
47.313953,21,4931.842304
32.900763,28,4932.325733
-38.31,30,4932.888142
-40.9,33,4935.737331
38.603309,27,4936.288932
32.430657,29,4936.846929
-41.52,37,4937.364732
-38.09,37,4937.953884
42.0,37,4938.586895
35.015209,30,4939.089629
32.205426,32,4939.630773
44.230483,23,4940.098964
43.318182,40,4940.766438
-43.61,26,4941.329264
38.016352,30,4942.06925
41.379177,31,4942.693739
-38.62,20,4943.098004
-40.64,23,4943.473788
-31.95,33,4944.05263
44.424099,28,4944.596596
38.545053,46,4947.8813
42.0,46,4948.654287
-41.16,24,4949.114164
46.645694,25,4949.611948
36.0,27,4950.102386
42.0,25,4950.558787
-44.85,30,4951.223527
42.0,23,4951.998219
-38.45,29,4952.540202
-32.3,28,4953.138878
34.519659,48,4954.15252
38.5,32,4954.734301
35.308333,23,4955.155997
-44.5,19,4955.501984
-38.4,31,4956.123774
-40.68,32,4956.663627
-43.11,28,4957.291186
41.345455,21,4959.963657
-37.37,26,4960.520355
-35.34,31,4961.171702
-38.63,31,4961.867667
-35.44,33,4962.572062
38.7603,94,4964.328843
41.407942,24,4964.709509
-38.83,30,4965.333872
-33.0,20,4965.706016
41.907631,34,4966.429635
-40.66,41,4967.190921
35.289655,27,4967.637557
-40.47,27,4968.097524
42.0,26,4968.49444
32.712727,32,4969.171083
-44.38,27,4971.847265
-39.0,19,4972.198261
-35.3,37,4972.874737
-35.63,30,4973.460703
-35.86,41,4974.207626
39.0,55,4975.208927
38.024823,24,4975.635048
-41.22,24,4976.156756
-35.26,36,4977.164814
-32.03,36,4978.191709
35.492647,37,4978.935498
35.857143,30,4979.503993
-32.28,37,4980.217675
47.144828,21,4980.673675
-35.57,31,4981.249438
-38.54,42,4982.08233
40.869441,33,4985.234324
-38.2,24,4985.718609
38.706827,24,4986.215102
47.347015,24,4986.725475
35.182222,41,4987.653407
-44.27,23,4988.142082
-41.5,55,4989.155647
43.59375,55,4990.270632
38.875486,34,4991.359015
40.361038,37,4992.063815
-39.85,32,4992.610296
-41.5,30,4993.172653
39.0,35,4993.975657
-35.78,36,4994.71721
-41.61,45,4998.00493
-32.4,30,4998.543176
-38.0,43,4999.188848
-33.0,49,4999.985362
47.007519,19,5000.409619
32.621324,30,5001.004755
-39.23,29,5001.595274
-41.25,32,5002.267945
-44.25,48,5003.168788
38.227991,31,5003.703484
-41.07,27,5004.135938
-34.96,37,5005.082392
-35.25,32,5005.670018
-35.32,35,5006.543928
32.404858,36,5007.515466
38.462222,23,5010.049533
42.0,28,5010.511588
32.610895,46,5011.312563
32.351779,26,5011.722066
37.710274,34,5012.292648
-37.79,24,5012.764455
41.5,25,5013.265335
37.335646,28,5013.804302
-41.09,29,5014.39399
36.0,36,5015.014283
45.0,22,5015.36132
-34.38,34,5015.930316
-39.42,25,5016.322406
35.796078,28,5016.765079
-38.24,35,5017.482033
35.590909,29,5018.191487
38.630137,21,5018.691117
39.0,30,5019.418147
-38.51,50,5022.410074
36.0,28,5022.991699
-41.53,25,5023.498845
44.900735,24,5024.030771
-35.18,33,5024.795084
-44.13,22,5025.211014
33.0,67,5026.705189
-41.37,19,5027.086972
-39.0,31,5027.618711
-32.18,51,5028.504102
-36.0,35,5029.090615
38.436327,41,5029.869052
-35.62,30,5030.454335
36.0,42,5031.492717
-41.56,40,5034.302689
42.0,36,5034.861253
36.0,27,5035.327425
-41.11,30,5035.868923
-32.36,36,5036.711826
-47.71,15,5037.838239
-38.72,20,5038.205296
37.720473,27,5038.705524
38.668966,29,5039.214729
42.0,19,5039.644927
-41.58,37,5040.167315
-32.23,32,5040.714778
41.863118,22,5041.092125
-38.07,28,5041.55947
-38.27,31,5042.178741
38.044396,49,5042.9962
41.377698,42,5043.826192
-34.87,29,5046.284272
40.831268,25,5046.70059
-32.66,34,5047.326755
40.909722,31,5047.969144
45.0,40,5048.700096
-34.94,32,5049.369269
36.0,31,5050.105844
-33.0,30,5050.721532
47.344938,26,5051.27489
35.202055,40,5051.907534
39.0,33,5052.428284
33.0,32,5052.920915
35.0369,28,5053.391501
-40.56,23,5053.949106
35.137687,22,5054.417094
41.439216,34,5055.241981
38.960659,31,5055.988135
38.485612,34,5058.685807
-36.0,36,5059.389022
41.097656,28,5060.021242
-43.54,28,5060.61774
41.349206,26,5061.119289
-32.34,34,5061.749717
40.616418,20,5062.168125
39.0,27,5062.736834
41.161383,31,5063.275283
41.203376,34,5063.784665
-41.49,25,5064.23179
-34.62,26,5064.682186
38.630508,26,5065.091349
-35.37,29,5065.617311
-35.43,25,5066.095576
-38.81,29,5066.722902
-39.0,24,5067.151109
32.41791,33,5067.873535
-35.14,31,5070.495687
-44.15,20,5070.842101
38.824,34,5071.493434
35.429448,50,5072.90076
-35.59,26,5073.397686
35.393734,37,5074.206631
32.375465,39,5074.938506
-41.21,23,5075.296833
38.487013,69,5076.373614
-34.87,58,5077.318887
-42.0,21,5077.734486
-35.49,32,5078.364425
-38.77,30,5078.959985
32.5,32,5079.472427
41.208333,31,5081.973766
-32.17,43,5082.962768
39.0,45,5083.767933
37.50047,52,5084.727934
41.842553,26,5085.304111
-34.72,29,5085.898928
38.845283,41,5086.562552
44.009365,22,5086.914029
-39.0,22,5087.498501
32.214815,30,5088.936635
-35.51,31,5092.207286
-38.7,25,5092.779594
34.856496,33,5093.528083
-37.73,39,5094.158653
41.5625,22,5094.576093
37.914232,30,5095.073543
-35.91,29,5097.727766
-41.1,87,5099.377968
38.174497,52,5100.303067
-41.91,35,5100.98397
37.228695,36,5101.586703
35.402778,30,5102.056252
42.0,27,5102.496753
41.334195,26,5102.905468
45.0,35,5103.610637
-35.56,27,5104.140519
41.329412,26,5104.653835
-38.32,28,5105.182527
-41.73,26,5105.62396
40.86302,25,5105.994461
-47.04,17,5106.273292
47.208661,20,5108.680764
-35.51,64,5109.943201
-46.1,32,5110.545929
-44.05,24,5111.241792
-36.0,24,5111.699337
-42.0,25,5112.20192
-38.79,25,5112.650841
-47.45,50,5113.462526
-35.37,32,5113.980008
-41.29,28,5114.487879
35.292373,27,5115.235082
42.0,61,5117.253859
-38.93,26,5117.682998
-40.88,46,5118.438057
-38.66,32,5118.974392
33.0,28,5121.62704
-32.51,33,5122.308477
-35.76,25,5122.683516
-35.06,27,5123.178633
-44.37,21,5123.530659
-39.0,20,5123.870964
32.541872,42,5124.520779
-41.72,28,5124.97079
43.587089,22,5125.345083
32.626459,30,5125.910854
-33.0,41,5126.650324
-35.25,31,5127.268349
-35.2,22,5127.660227
34.357194,41,5128.432456
-47.5,27,5128.870852
37.558981,25,5129.2572
-41.81,20,5129.83483
43.954634,20,5130.185736
-44.82,24,5132.867831
34.820463,27,5133.431556
-32.64,51,5134.462949
36.0,27,5134.86776
37.73508,22,5135.207011
-38.56,32,5135.742259
33.0,33,5136.263927
-38.18,45,5137.272448
42.0,24,5137.996581
-34.54,61,5139.258517
38.08046,23,5139.761661
40.71847,27,5140.259485
30.0,34,5140.74332
-42.0,42,5141.373006
-32.27,33,5142.080524
-38.68,27,5144.461182
41.910217,23,5144.878756
-44.22,17,5145.190111
-32.61,28,5145.674826
-38.06,32,5146.248814
38.983051,28,5146.714922
35.359341,39,5147.355048
-35.55,26,5147.763015
-41.83,21,5148.087564
-43.26,22,5148.455222
34.540433,48,5149.32337
38.57554,21,5149.692213
44.302222,29,5150.224083
38.266667,43,5150.860259
-36.0,33,5151.347777
-47.63,22,5151.673095
-36.0,26,5152.10106
-41.51,38,5152.756703
-41.04,25,5154.92001
41.745283,39,5155.626589
43.979148,57,5156.672947
34.917477,34,5157.287461
-35.88,42,5157.992389
-32.45,28,5158.399006
38.195556,39,5158.996869
-32.09,38,5159.585964
-42.0,31,5160.172204
-44.74,23,5160.690491
38.111455,34,5161.38719
39.0,24,5161.78414
36.0,32,5162.25681
-40.41,22,5162.582992
-35.36,37,5163.18028
41.354478,29,5165.842441
-32.17,34,5166.595613
43.178468,32,5167.140829
32.219608,29,5167.647373
-41.85,18,5167.972192
32.096552,36,5168.501814
41.881844,20,5168.7964
35.533512,36,5169.321149
41.902985,38,5169.882112
33.0,27,5170.32462
34.947761,35,5170.988826
38.292419,26,5171.442291
-44.1,22,5171.819135
-32.26,31,5172.284075
33.0,24,5172.690079
33.0,29,5173.116746
-44.11,20,5173.436609
37.284108,36,5174.006489
-41.77,39,5176.782948
35.220359,33,5177.380619
-37.99,46,5178.214869
36.763566,43,5178.954913
-37.82,34,5179.488767
44.204225,25,5179.993605
35.185455,35,5180.54518
-38.37,78,5182.637183
35.088737,43,5183.345743
-31.83,44,5184.015946
-40.93,25,5184.42328
41.323404,24,5184.975669
41.221843,26,5185.4563
-32.76,34,5187.969018
-32.27,37,5188.660729
32.374517,36,5189.259844
-32.41,24,5189.635823
41.202247,25,5190.01742
43.906657,30,5190.492692
30.0,25,5191.089063
-32.66,37,5191.818867
-37.44,49,5192.737317
38.649231,30,5193.250786
38.700405,36,5193.902249
35.525547,36,5194.479022
41.620818,26,5194.900606
38.804878,28,5195.31572
35.752852,53,5196.124897
-41.08,32,5196.671603
-32.82,53,5199.706918
32.793103,31,5200.162843
-38.18,32,5200.66327
-33.94,34,5201.1918
33.0,35,5201.789949
-41.03,24,5202.219582
35.051771,29,5202.726317
34.377594,74,5203.807189
-38.0,36,5204.457634
43.601587,25,5204.903787
-39.58,31,5205.433315
35.5,26,5205.834425
38.142361,45,5206.522174
34.856009,40,5209.217887
37.626706,31,5209.764428
39.0,28,5210.190451
38.410853,31,5210.647411
-38.43,23,5211.027232
-39.0,20,5211.337051
32.294118,27,5211.763535
-35.55,40,5212.500756
34.021504,37,5213.122264
-41.24,30,5213.624508
-35.54,37,5214.51095
-32.14,34,5215.14834
-41.06,23,5215.547535
42.0,31,5216.054723
-38.48,43,5216.713376
38.354305,51,5217.486732
-37.97,30,5220.020698
-35.66,32,5220.497283
-44.27,44,5221.184642
38.527339,38,5221.833132
-45.0,24,5222.206738
-32.07,35,5222.882543
37.831726,42,5223.60225
39.0,28,5224.112814
-32.67,40,5224.819494
-39.0,24,5225.233525
47.962406,21,5225.644657
43.725685,17,5225.950681
-34.97,39,5226.534156
36.903488,30,5226.965821
-32.94,38,5227.551185
32.796178,50,5228.285567
-46.14,25,5230.684638
-35.55,39,5231.285277
38.048264,44,5232.193607
35.876596,32,5232.779555
44.049327,22,5233.174644
38.596639,29,5233.675998
-38.23,27,5234.15995
41.961977,15,5234.432068
-32.29,31,5234.988257
-47.77,27,5235.459148
-41.48,32,5236.028582
-38.69,31,5236.580259
32.162602,27,5237.04539
35.562264,26,5237.445523
-38.59,28,5237.862541
39.77446,42,5238.557075
44.139576,17,5238.972515
-42.0,27,5241.465922
44.786765,33,5241.9754
-44.43,35,5242.504422
32.208333,41,5243.176528
33.0,29,5243.684084
32.141844,29,5244.202211
32.729927,34,5244.871576
-47.73,21,5245.287199
34.407924,35,5245.90945
-35.32,31,5246.521459
32.645695,39,5247.301274
-42.0,25,5247.710368
40.246682,31,5248.168081
44.396285,20,5248.509851
32.207692,32,5248.976571
38.207792,34,5249.547986
-44.31,20,5249.897132
38.373134,22,5252.274428
-41.09,29,5252.691742
-33.0,30,5253.193184
-32.61,32,5253.7408
38.537671,27,5254.22179
-44.07,35,5254.838351
-38.99,49,5255.944156
32.801527,27,5256.408099
40.158528,39,5257.107744
34.889313,32,5257.666405
32.5,30,5258.144251
-32.48,47,5258.867964
-35.48,31,5259.32287
32.709544,33,5259.876117
33.0,45,5260.693216
41.193103,21,5261.100962
-32.2,36,5263.733141
39.0,22,5264.088538
43.857565,22,5264.490104
35.256604,29,5264.987003
-47.14,21,5265.34463
-48.0,28,5265.841866
-35.3,31,5266.398003
-47.5,19,5266.759073
41.558491,25,5267.182423
-32.42,31,5267.718091
32.238806,40,5268.374731
-32.49,36,5269.355313
-32.05,107,5271.186255
-41.37,36,5271.918006
-41.94,23,5272.31522
-35.49,32,5274.773589
-37.8,31,5275.318848
-43.92,27,5275.856241
-36.0,25,5276.301178
33.0,39,5277.010258
33.0,38,5277.69122
-42.0,36,5278.304974
-36.0,45,5278.97754
-35.43,43,5279.937109
44.152542,22,5280.297393
-43.31,33,5280.832214
-41.04,21,5281.658978
-40.09,22,5282.029678
-32.59,38,5282.701669
40.319257,23,5283.103527
-34.48,32,5283.670793
46.459651,29,5286.043105
38.185185,23,5286.447601
-47.15,39,5287.153964
32.985765,39,5288.018061
-37.59,40,5288.72679
38.101921,26,5289.154529
35.875371,61,5290.037519
-38.24,26,5290.448964
37.754452,36,5291.103466
43.434606,33,5291.722375
47.863777,34,5292.322187
35.481481,25,5292.776005
32.548837,39,5293.463703
-38.97,30,5294.003062
-38.61,42,5294.705604
-39.0,34,5297.217097
-42.74,22,5297.639369
-36.0,38,5298.334579
-46.32,24,5298.712909
-32.71,32,5299.255502
41.606061,16,5299.489399
-43.66,26,5299.895798
41.901709,24,5300.254292
44.250049,25,5300.652459
-38.7,23,5301.059179
-37.92,33,5301.660195
-37.83,31,5302.198214
-41.06,33,5302.774544
-38.31,27,5303.237486
-38.81,24,5303.684001
39.0,27,5304.282213
-40.71,29,5304.791946
-36.0,36,5305.466437
-36.0,33,5307.941098
-38.18,27,5308.40442
-32.76,58,5309.399534
38.576642,20,5309.696808
-38.02,31,5310.242914
-35.23,34,5310.789626
42.669352,37,5311.390802
40.728176,22,5311.889229
-38.27,35,5312.620215
-42.67,30,5313.16823
-32.63,29,5313.644794
-35.5,30,5314.171648
-44.21,21,5314.572288
-38.64,24,5315.02102
-44.09,21,5315.478249
35.603217,30,5316.0621
-31.84,75,5320.194419
32.103448,31,5320.875995
35.08209,36,5321.565037
39.0,29,5322.04412
-41.91,23,5322.418637
42.0,43,5323.170452
37.650794,29,5323.653618
38.857639,42,5324.477646
40.8867,28,5324.984256
38.686335,26,5325.526368
-35.6,32,5326.218303
-37.59,28,5326.793171
38.169811,29,5327.370431
39.0,28,5327.916968
-43.29,95,5331.858641
44.826255,26,5332.370576
44.305192,36,5333.041812
-42.0,25,5333.43672
44.142168,83,5334.742381
44.379032,19,5335.113136
-40.16,63,5336.39222
-35.38,43,5337.227079
-33.0,33,5337.881752
32.037736,42,5338.962631
-35.2,26,5339.499293
36.0,40,5340.324473
-45.0,25,5340.805612
32.335135,29,5343.298702
-42.0,22,5343.688817
-33.0,33,5344.162567
34.369118,31,5344.708766
-38.63,26,5345.213583
35.069597,25,5345.639545
-33.0,34,5346.191783
32.34386,38,5346.829096
-36.0,28,5347.261604
-42.0,20,5347.664459
47.145833,29,5348.251724
-41.33,24,5348.716222
-38.72,41,5349.470281
32.105455,32,5350.133948
38.547872,30,5350.730884
38.249071,30,5351.286904
35.13125,31,5351.872873
-38.45,22,5352.234959
-43.73,25,5354.717391
-41.29,37,5355.442023
41.96875,29,5356.021122
-41.3,21,5356.512334
-39.52,28,5357.078556
32.355469,32,5357.599608
38.618852,27,5358.046971
38.1,30,5358.557488
41.330882,26,5359.015153
-41.2,24,5359.532112
-44.08,15,5359.901776
-44.78,20,5360.248368
-33.0,34,5360.929945
-35.63,36,5361.588441
34.73237,35,5362.312851
-43.56,42,5363.014487
-36.0,27,5363.550929
43.750549,23,5363.932674
39.0,37,5366.986575
38.588235,34,5367.603927
35.445378,43,5368.357676
-41.91,31,5368.846445
-35.21,53,5369.688621
-37.9,28,5370.207483
43.956019,22,5370.628287
-43.76,23,5371.088369
-35.51,30,5371.720031
32.878431,33,5372.394483
-38.12,31,5373.02907
-34.95,58,5374.1311
40.006986,25,5374.69603
-38.47,24,5375.235711
40.364114,27,5375.721138
-32.45,42,5378.508574
41.402256,40,5379.272508
41.975385,29,5379.749214
38.840304,34,5380.268986
-40.8,25,5380.679492
-32.34,33,5381.285767
40.866173,38,5382.223761
34.675676,35,5382.8595
35.961977,30,5383.588266
35.482759,28,5384.073136
47.891667,25,5384.549314
39.0,36,5385.175052
32.307167,38,5385.881364
-43.97,33,5386.437671
32.313953,32,5386.953793
-41.7,20,5387.288123
-35.47,30,5389.710845
-38.24,38,5390.356656
-33.0,22,5390.930708
-34.68,31,5391.450377
-42.0,25,5391.835972
-32.48,30,5392.282711
-32.34,32,5392.785731
38.80597,24,5393.183691
38.965649,29,5393.733121
44.604167,22,5394.1499
35.735484,29,5394.734001
33.0,37,5395.42456
35.193103,28,5395.927502
32.36,34,5396.525271
-32.57,34,5397.035981
35.40493,36,5397.57695
44.408229,28,5398.035922
36.0,29,5400.532745
-43.45,23,5400.936137
38.569352,30,5401.450119
43.505751,28,5401.89179
35.283019,29,5402.348741
35.07234,32,5402.873926
41.837638,43,5403.588297
35.180147,28,5404.082181
32.172185,34,5404.765584
-43.58,21,5405.179116
44.347541,18,5405.542299
36.0,25,5406.020476
42.685693,30,5406.537285
-46.85,29,5407.038986
46.964571,31,5407.529401
-44.36,25,5408.153121
38.581395,31,5408.706138
39.0,30,5409.148356
-35.34,27,5411.782437
-35.05,37,5412.424188
36.895226,33,5412.943003
41.18275,33,5413.461287
40.966885,24,5413.869064
-41.87,25,5414.250942
41.02736,22,5414.812291
38.785211,24,5415.280451
-41.17,38,5416.240005
-35.74,34,5416.904709
-41.26,33,5417.588696
-34.93,70,5418.956902
-41.79,22,5419.31908
38.32098,25,5419.738778
35.842623,26,5420.222011
-38.82,32,5420.907045
-41.09,23,5421.397238
39.0,27,5424.018596
-44.34,34,5424.541085
-43.87,41,5425.159816
-34.3,33,5425.695222
-33.0,80,5427.020591
37.95335,24,5427.430735
-39.72,33,5428.031332
-45.0,22,5428.41403
-35.18,34,5428.999945
38.4793,44,5429.645958
43.633858,27,5430.051331
35.612546,28,5430.457444
-47.69,29,5430.87675
-37.81,35,5431.505238
-32.09,30,5434.279717
-44.53,17,5434.510648
38.938462,41,5435.122782
38.814545,31,5435.552056
-41.09,34,5436.082646
42.0,51,5436.945423
-43.37,35,5437.601151
47.081395,27,5438.151854
38.061518,45,5439.059763
43.990417,28,5439.576115
38.197674,56,5440.425569
39.0,26,5440.867614
38.823308,33,5441.673325
37.294693,29,5442.203052
-41.88,19,5442.56571
-38.7,28,5443.096569
-32.32,39,5445.703828
-41.81,20,5445.967671
-32.75,34,5446.496322
-35.81,22,5446.885802
-39.0,43,5447.665422
37.821348,27,5448.174675
-38.14,47,5449.014205
33.0,32,5449.608902
44.902685,18,5449.960253
38.139623,36,5450.533091
34.539176,31,5450.986128
32.568,28,5451.406327
40.256003,28,5451.835298
-40.74,47,5452.599848
-37.68,32,5453.177276
-47.1,61,5456.134781
-32.24,30,5456.573798
40.334059,30,5457.027622
44.445865,19,5457.398904
-35.43,25,5458.048994
44.347328,22,5458.455138
32.201987,44,5459.231284
41.073944,25,5459.632516
32.448598,31,5460.177474
38.51,27,5460.611012
37.69161,27,5460.999083
-38.7,29,5461.463029
-32.41,28,5461.863495
35.02881,31,5462.326769
41.456604,34,5462.891412
38.181663,26,5463.325548
-32.15,66,5466.393115
-33.0,30,5466.848208
41.609375,23,5467.192096
32.501672,56,5468.047628
-35.09,35,5468.760007
-40.18,35,5469.373739
37.843511,29,5469.883471
41.408088,34,5470.482896
44.097744,56,5471.517651
-35.77,24,5472.011951
44.774908,30,5472.49092
-38.61,28,5472.923964
40.667727,37,5473.456499
-44.6,28,5473.871248
-40.6,18,5474.163471
44.204082,24,5474.555949
-38.03,27,5476.998104
-34.79,49,5477.737281
32.521073,41,5478.34621
37.256037,26,5478.722642
38.168724,24,5479.103321
42.0,25,5479.526177
38.244405,37,5480.181394
-35.07,26,5480.625451
42.524775,17,5480.951354
-41.06,25,5481.370836
38.870849,27,5481.884543
-41.87,28,5482.522633
-35.33,25,5482.97367
-33.0,33,5483.472003
44.752809,17,5483.706933
38.373333,32,5484.206236
-44.65,41,5484.859105
38.349845,46,5487.698011
-32.64,39,5488.289569
41.0625,20,5488.600596
-33.0,41,5489.18508
38.641399,31,5490.033437
44.510136,26,5490.563124
-32.55,32,5491.158317
41.729167,23,5491.546166
42.0,28,5492.027356
38.642384,27,5492.519319
-31.87,34,5493.037949
42.0,30,5493.49873
-45.0,31,5493.986614
-31.52,47,5494.694965
32.549689,34,5495.29265
-41.11,29,5495.858735
37.78891,38,5498.681258
-36.78,27,5499.065595
45.0,29,5499.554628
-38.77,24,5499.98019
-36.0,66,5501.14419
-34.61,56,5502.118736
44.066176,22,5502.503193
35.633858,29,5503.04403
32.457692,41,5503.667191
32.187279,27,5504.058777
-44.02,22,5504.398845
-36.0,29,5504.830604
-35.12,30,5505.302626
-32.18,46,5506.10839
-32.43,29,5506.750752
-45.0,27,5509.981963
-37.64,20,5510.281713
44.238411,34,5510.829399
44.366505,26,5511.256625
-43.69,31,5511.822453
-43.96,22,5512.391981
36.0,24,5513.093437
41.352727,23,5513.590167
38.561947,27,5514.200133
-46.4,19,5514.546877
38.037247,28,5515.115234
43.603203,26,5515.576712
-37.73,25,5515.982471
-39.0,38,5516.855589
35.360682,33,5517.667594
33.0,62,5518.888903
32.662551,27,5519.450598
-39.0,28,5520.118613
33.0,27,5522.488641
-44.32,17,5522.725533
38.592593,22,5523.126492
-34.91,37,5523.775445
35.513793,31,5524.33046
-32.09,40,5525.04813
45.0,21,5525.408705
44.198529,18,5525.711881
-35.42,23,5526.103434
-42.0,26,5526.476668
35.149767,30,5526.947705
-42.0,29,5527.46424
44.229851,20,5527.79741
34.911424,32,5528.319459
41.633333,22,5528.722566
32.23622,29,5529.219956
-37.36,29,5529.723304
35.172297,44,5530.616474
38.404255,22,5531.039466
-37.3,38,5533.584829
-38.62,27,5534.087323
32.385075,26,5534.615587
-37.81,28,5535.225575
37.873166,45,5536.046325
41.529915,24,5536.439641
-45.0,28,5536.881056
-35.03,27,5537.29538
-40.59,35,5537.866059
38.876448,30,5538.327976
43.941716,20,5538.641419
45.973116,38,5539.28277
44.5,27,5539.739341
41.542857,25,5540.181973
-38.89,37,5540.825098
-36.0,29,5541.548504
37.441028,66,5545.16011
-42.0,25,5545.5779
32.581395,29,5546.099609
-41.49,26,5546.566203
34.83804,39,5547.235183
-38.88,39,5547.823413
44.080087,22,5548.158673
-39.0,29,5548.616124
32.704724,29,5549.081747
-38.88,18,5549.401217
38.003774,63,5550.56761
35.146062,34,5551.207363
-32.04,35,5551.823132
43.882759,32,5552.375864
44.581818,20,5552.752291
-33.0,33,5553.305239
-32.78,41,5555.93115
35.254753,34,5556.494274
-38.06,34,5557.103684
36.0,23,5557.420236
38.029091,30,5557.835007
33.0,38,5558.416444
35.378377,45,5559.12349
-32.48,57,5560.215161
-41.8,24,5560.645236
47.286486,27,5561.119381
35.363481,62,5562.223545
-44.44,21,5562.612919
-38.84,39,5563.600405
-38.44,29,5564.182252
37.820836,28,5566.543673
-32.33,47,5567.525065
-41.07,21,5567.948039
-32.79,36,5568.574035
-39.0,21,5568.909975
35.902527,49,5569.725247
41.034884,22,5570.339531
34.939957,35,5570.910236
-41.44,25,5571.34618
44.437276,24,5571.729529
-35.23,37,5572.319475
-32.59,38,5573.054494
-32.41,26,5573.504928
-35.49,29,5574.042698
-38.69,26,5574.502701
-41.24,21,5574.894595
40.572727,26,5575.267149
38.12963,29,5577.637136
-32.39,30,5578.132616
-40.58,25,5578.546832
39.0,26,5578.922654
-35.07,35,5579.398574
-38.39,29,5580.811073
-37.84,32,5581.366163
-40.5,25,5581.785265
-32.24,30,5582.320799
36.0,45,5583.137985
-41.41,56,5584.01904
44.228916,34,5584.652194
41.617886,25,5585.141724
38.165517,24,5585.729472
-35.87,20,5586.110774
-42.95,23,5586.401999
41.483636,36,5587.020837
44.622951,22,5589.242404
38.9,28,5589.643964
42.0,30,5590.07107
47.164095,20,5590.392758
35.417647,67,5591.532798
-32.4,35,5592.125155
-36.0,26,5592.794414
47.977778,53,5593.728373
37.509325,24,5594.160329
-43.92,32,5594.779541
35.330128,28,5595.242064
44.743056,24,5595.649016
-32.15,42,5596.415622
-41.39,31,5596.948354
-33.95,30,5597.445948
30.0,38,5599.904053
41.75,29,5600.362263
-38.73,28,5601.006476
-32.47,30,5601.488474
44.602094,21,5601.839494
-32.62,30,5602.337166
-30.0,36,5603.10023
41.641732,49,5603.99159
34.043292,33,5604.629248
35.049038,33,5605.187285
-37.87,26,5605.705927
-32.33,46,5606.55876
47.3125,24,5607.106168
-34.9,27,5607.628221
34.483576,65,5609.001632
44.583173,26,5611.528733
-34.79,28,5612.260354
-39.0,33,5612.843268
35.417472,31,5613.504693
38.824074,42,5614.210907
-44.61,29,5614.715348
47.659122,24,5615.133439
-32.06,34,5615.725496
-35.37,25,5616.211664
44.929293,23,5616.63883
-44.83,39,5617.329151
38.140794,24,5617.805236
-39.95,26,5618.294098
-35.9,31,5619.001764
-31.54,43,5619.786604
41.177778,37,5620.233769
-34.32,32,5621.095312
32.899135,41,5623.496218
-32.4,35,5624.034918
47.665455,15,5624.314688
-40.57,41,5625.015953
-40.71,29,5625.511596
-42.0,38,5626.19084
-32.43,38,5626.865797
32.461538,41,5627.531402
41.850575,34,5628.127927
-38.39,24,5628.517445
31.747761,25,5628.923249
36.0,30,5629.422594
33.0,56,5630.451051
-41.7,22,5630.786542
38.340686,30,5631.218935
-37.96,32,5633.719624
-41.44,26,5634.158982
32.705036,30,5634.673946
41.362179,23,5635.07992
35.607547,27,5635.522831
40.691353,23,5635.954582
41.271255,25,5636.366854
-41.46,31,5636.996594
-34.56,26,5637.464864
-43.33,20,5637.963281
41.714765,27,5638.422345
-36.0,32,5638.974431
-34.69,31,5639.537045
42.0,29,5640.066326
32.660377,34,5640.659638
-32.19,35,5641.171697
40.973902,48,5641.86161
40.75672,25,5642.254117
35.013245,31,5644.637761
-32.37,36,5645.390887
32.09622,81,5646.867189
42.0,21,5647.235469
-44.35,45,5648.002599
-35.62,31,5648.571495
35.30303,43,5649.319611
38.770992,33,5649.865716
-44.3,25,5650.278012
-41.33,18,5650.601077
41.279305,26,5650.979188
-32.53,27,5651.355772
34.65444,53,5652.215131
34.677852,27,5652.641109
35.565068,33,5655.163285
-40.73,33,5655.750935
40.798579,31,5656.297858
35.108527,33,5656.818633
-38.65,35,5657.357287
42.0,32,5657.92926
-44.12,44,5658.655747
-32.03,60,5659.667904
-35.71,27,5660.119584
-32.01,28,5660.584512
38.455645,25,5660.981071
-35.53,46,5661.60311
46.875479,16,5661.843225
37.503802,27,5662.458924
42.0,29,5662.96897
-44.66,39,5665.469594
-45.0,22,5665.827082
32.04329,36,5666.466245
37.85371,24,5666.85234
35.75,25,5667.275147
-41.08,20,5667.624946
-39.0,17,5667.911317
-38.3,23,5668.293033
34.95459,31,5668.825914
-39.0,29,5669.555584
-45.0,16,5669.847648
-42.0,29,5670.328425
35.420875,26,5670.79562
-35.48,29,5671.250186
-41.79,27,5671.633564
37.503825,66,5672.560769
-46.57,36,5673.095047
38.083333,25,5673.533904
37.619221,28,5674.042447
-41.27,27,5676.328393
-35.31,26,5676.808393
36.0,28,5677.27338
-37.6,35,5677.859867
-37.1,31,5678.433341
34.763059,32,5679.056296
-37.42,29,5679.532661
32.75,44,5680.288046
-35.25,29,5680.772173
-33.0,34,5681.286351
32.069959,32,5681.750011
32.784173,35,5682.221884
35.374172,30,5682.687638
-36.0,28,5683.133324
-32.85,32,5683.687537
-32.8,39,5684.520847
-43.86,27,5686.833116
35.080808,32,5687.400867
-41.38,31,5688.166857
-40.05,27,5688.617552
44.090226,22,5688.99185
43.328698,21,5689.362406
38.953988,31,5689.87282
-37.54,46,5690.638331
-32.04,43,5691.309026
-38.48,22,5691.636578
35.045151,37,5692.182175
-41.62,33,5692.716044
37.593912,36,5693.316092
-38.4,26,5693.886582
45.0,24,5694.287623
-38.54,31,5694.822755
-39.0,27,5697.087273
-47.22,34,5697.6694
39.0,37,5698.2855
44.083032,16,5698.558767
-38.63,45,5699.327373
38.452282,26,5699.798406
41.511327,24,5700.251526
36.0,29,5700.72581
42.0,40,5701.357752
43.941065,21,5701.659104
39.0,36,5702.230485
-44.62,25,5702.595667
32.440959,31,5703.134378
-41.72,28,5703.597024
-35.78,29,5704.094791
-32.21,30,5704.592894
36.753854,29,5705.129267
-35.29,26,5705.517211
34.832103,48,5708.199865
32.391608,33,5708.729405
-32.83,34,5709.301543
-41.37,23,5709.690773
40.48322,27,5710.15783
34.681925,42,5710.705239
41.803636,22,5711.020702
-38.81,23,5711.58618
41.112676,38,5712.139013
-44.35,17,5712.390239
-35.61,31,5712.828411
-44.77,22,5713.136446
37.489132,35,5713.742407
35.258824,32,5714.320864
41.377551,21,5714.699113
-35.42,29,5715.202731
-41.18,25,5715.587898
-41.68,21,5717.776189
-35.4,29,5718.27079
-40.59,37,5718.987233
43.477959,70,5720.37319
-32.08,44,5721.129478
41.268212,30,5721.62826
41.144295,25,5722.027346
-40.55,28,5722.492474
-38.76,35,5723.002061
42.0,21,5723.29776
-41.66,28,5723.745263
38.411255,31,5724.263774
-38.34,31,5724.828554
-32.83,33,5725.35061
-41.01,24,5725.717822
-44.06,19,5726.012613
-41.01,55,5728.735939
-38.19,31,5729.254509
32.753709,42,5729.985952
47.197761,24,5730.417705
-32.91,40,5731.093887
-38.04,33,5731.690934
-33.0,36,5732.223579
-41.28,35,5732.749984
-41.88,35,5733.257559
41.101202,22,5733.657169
47.487273,19,5733.998333
-41.63,28,5734.52417
-37.96,39,5735.252527
35.399045,32,5735.757827
41.003774,41,5736.603872
-43.29,31,5738.955098
-37.38,48,5739.78219
35.289083,61,5740.89301
36.0,33,5741.422612
44.440141,62,5742.352807
-44.75,26,5742.7422
-32.81,32,5743.181383
-32.05,37,5743.780589
-36.0,31,5744.496466
34.588652,35,5745.087537
41.089952,26,5745.545044
38.226545,24,5745.961116
37.600386,36,5746.498274
38.654618,31,5746.934555
-32.27,54,5749.871815
-32.41,29,5750.349743
35.806452,45,5751.108101
-35.13,31,5751.610857
40.38006,30,5752.057843
44.617241,30,5752.496247
-38.55,45,5753.19877
-35.06,33,5753.709013
43.94469,23,5754.11294
38.061029,30,5754.583372
-42.0,35,5755.187571
41.47234,26,5755.629112
-34.8,36,5756.190967
-41.05,28,5756.60696
-37.71,29,5757.010704
32.742373,27,5759.300057
-41.44,26,5759.750696
-40.3,40,5760.411572
-32.24,29,5760.879679
-44.21,27,5761.567035
-41.1,27,5761.932858
35.784375,42,5762.636895
-41.76,39,5763.202849
35.569672,32,5763.68328
-38.3,27,5764.121695
-38.16,36,5764.717475
-44.53,32,5765.257219
39.0,40,5765.840125
-37.57,27,5766.220653
-34.61,27,5766.593116
-40.57,28,5766.994567
-33.0,62,5770.037094
-32.41,30,5770.565971
32.538168,24,5770.949996
-38.11,31,5771.566824
42.0,21,5771.899559
35.497976,39,5772.480218
-32.59,27,5772.868272
-35.81,29,5773.310526
34.097166,28,5773.710948
-38.83,29,5774.206185
-38.72,25,5774.615464
44.084207,23,5774.983218
-47.62,29,5775.46408
-35.69,33,5775.94457
-38.05,28,5776.349863
-35.78,36,5776.899133
-35.94,30,5777.586712
38.158088,30,5780.051084
-44.46,26,5780.533381
-38.01,33,5781.07994
32.146341,50,5781.858705
47.241007,16,5782.128466
-38.73,29,5782.560398
-32.87,43,5783.209562
-47.52,41,5783.890937
38.273092,29,5784.412549
-38.17,33,5784.971657
-35.54,29,5785.509325
-32.32,38,5786.285945
35.431507,28,5786.787211
31.744582,49,5787.605453
-39.0,26,5788.047717
-32.24,39,5790.633833
41.669014,24,5791.04549
32.083916,30,5791.554178
-41.17,34,5792.049364
-39.0,18,5792.328728
-41.87,24,5792.665426
-41.46,23,5793.197995
45.0,21,5793.544737
-41.54,21,5793.838173
-35.59,30,5794.31951
40.656512,28,5795.016803
38.427419,25,5795.409625
41.252033,23,5795.772799
-38.36,28,5796.165194
38.662393,26,5796.565081
35.164444,32,5797.05312
-47.39,33,5797.61827
42.0,40,5798.284254
38.872727,20,5798.63764
41.089056,28,5801.059159
33.0,44,5801.809239
41.252375,23,5802.196455
32.067925,39,5802.759314
35.5,38,5803.339054
41.040816,19,5803.589397
-38.12,37,5804.160953
35.693498,31,5804.681236
41.14833,37,5805.257339
-36.0,26,5805.632008
-40.47,75,5806.726851
-44.47,20,5807.051242
38.76087,31,5807.587842
32.099359,39,5809.04387
-32.27,43,5809.784686
-38.88,28,5812.303066
-35.54,27,5812.753404
35.537844,26,5813.163991
32.892857,30,5813.57753
35.691781,23,5813.940146
-35.42,36,5814.499171
33.0,27,5814.968001
-44.07,14,5815.174576
-44.6,26,5815.620305
37.037461,36,5816.202795
41.553957,20,5816.555323
-44.36,21,5816.896165
-40.82,34,5817.431421
-45.0,27,5817.957549
40.361046,24,5818.341299
44.302128,36,5818.973351
-33.0,31,5819.674163
34.820347,27,5820.12705
-46.82,25,5820.545561
-43.28,29,5822.918211
35.652778,33,5823.426023
-34.74,35,5823.938171
-35.81,28,5824.349978
-35.36,33,5824.931336
41.585153,25,5825.338416
44.97482,24,5825.724151
35.494297,37,5826.295348
42.0,22,5826.639401
-45.0,25,5826.992583
35.038023,26,5827.388908
32.463918,40,5828.03075
41.318898,23,5828.437418
-46.57,49,5829.274722
-32.42,28,5829.766224
-38.02,20,5830.09875
-44.14,26,5830.476712
42.0,17,5832.654995
-35.88,28,5833.052971
43.590551,23,5833.399691
-37.84,27,5833.788283
35.080128,40,5834.446331
-43.66,28,5834.918771
32.496622,30,5835.445751
-41.75,31,5835.925418
39.0,29,5836.408484
-44.2,29,5837.068094
39.0,46,5837.767385
-38.49,37,5838.397259
32.279528,30,5838.901276
-32.05,35,5839.490545
-37.76,34,5840.104008
-47.22,21,5840.442066
-47.23,22,5840.828737
-41.94,25,5843.190545
-40.53,29,5843.608068
38.452471,31,5844.047726
-32.3,37,5844.58698
40.81293,50,5845.658556
-32.17,35,5846.220459
47.184865,22,5846.546959
-40.11,36,5847.081076
40.593133,26,5847.487568
-38.32,27,5847.869461
47.78327,54,5848.797053
-32.81,42,5849.498348
-44.29,22,5849.857046
-35.27,29,5850.345125
39.0,23,5850.778062
39.0,33,5851.414881
-32.29,45,5853.954252
32.410169,34,5854.42909
-39.0,27,5854.835232
-35.46,31,5855.344788
-41.77,27,5855.814865
42.0,36,5856.347483
-40.69,30,5856.787949
44.781818,27,5857.187967
42.0,28,5858.093055
35.287313,36,5858.708966
37.53771,26,5859.028647
-44.57,17,5859.286321
-33.0,27,5859.776145
-32.28,36,5860.396047
47.100684,25,5860.888097
-38.79,30,5861.601692
-35.73,27,5862.083211
38.631387,25,5864.342478
38.038732,37,5864.888827
36.68883,24,5865.271439
-44.38,21,5865.608781
41.377778,24,5865.979877
38.03629,21,5866.300744
41.752044,75,5867.418213
44.38403,20,5867.75342
34.372689,37,5868.388502
-43.38,25,5868.80761
40.684502,36,5869.426608
34.574713,40,5870.453352
41.49,28,5870.95897
38.023823,30,5871.471703
-35.7,34,5872.044896
-39.0,33,5872.583112
35.913043,31,5874.871495
-32.07,38,5875.421616
-32.25,32,5875.992362
-32.09,35,5876.467318
-36.82,26,5876.853149
38.835249,28,5877.244309
-35.37,26,5877.615823
44.094463,27,5878.008867
34.835517,31,5878.499189
-37.59,30,5879.004056
-38.09,23,5879.390517
-35.29,24,5879.795691
-38.13,41,5880.536296
-36.0,27,5880.99611
-40.36,45,5881.77948
-41.48,23,5882.238277
41.194915,19,5882.559921
-36.0,35,5885.067749
47.373381,24,5885.407363
35.097778,33,5885.930368
-37.01,32,5886.626602
44.709302,38,5887.179094
38.695007,38,5887.754946
-38.64,48,5888.515903
41.686869,32,5889.012409
-38.81,33,5889.552789
-35.11,30,5890.066411
-41.48,27,5890.604262
-35.13,27,5891.048728
-37.67,38,5891.699102
41.434944,22,5892.083023
-40.49,29,5892.579597
-38.14,28,5893.023485
32.859155,44,5895.555217
-44.23,24,5896.174516
-38.47,26,5896.588443
41.07619,28,5896.97884
-35.34,26,5897.369352
43.41102,47,5898.104346
38.446222,32,5898.627381
-32.25,38,5899.253041
38.554455,23,5899.634435
32.747126,26,5900.075634
-35.96,38,5900.708223
-41.34,28,5901.19021
-35.89,25,5901.646109
-38.52,32,5902.169142
43.632068,21,5902.539134
-37.22,42,5903.240384
47.044828,48,5905.908916
-38.89,54,5906.770577
41.019231,24,5907.124923
-41.37,23,5907.481607
39.0,34,5907.936176
40.877709,37,5908.519211
35.932692,27,5908.973538
33.0,50,5909.804455
-44.07,19,5910.113406
47.677019,51,5910.871346
38.721254,22,5911.337987
-38.03,40,5912.151781
-35.78,36,5912.797915
46.945864,30,5913.493981
-32.11,25,5913.903204
31.953125,43,5916.44631
-32.44,70,5917.503129
-39.74,33,5917.9564
43.592312,39,5918.510037
-41.35,18,5918.836617
-41.07,38,5919.470498
41.099607,28,5919.930822
-41.13,31,5920.453692
44.08,18,5920.790103
42.0,28,5921.355436
35.111538,39,5922.135764
-32.73,35,5922.687681
-32.13,32,5923.233253
-32.29,39,5923.887453
36.0,41,5926.411575
46.145138,44,5927.084268
-32.05,37,5927.698874
-36.0,25,5928.043822
33.0,45,5928.766651
-41.13,37,5929.431799
41.571429,22,5929.78404
-41.36,35,5930.353889
-41.44,30,5930.877641
-32.32,32,5931.385188
41.901141,17,5931.669813
-34.71,28,5932.153791
-34.85,38,5932.759385
47.681115,38,5933.435674
42.0,33,5933.975894
38.720588,30,5934.489402
32.135593,34,5936.986228
-44.16,20,5937.27315
33.0,22,5937.597958
-41.48,18,5937.878665
37.364087,32,5938.364257
36.0,43,5939.099882
44.624512,29,5939.557943
32.385214,41,5940.291436
47.269091,13,5940.515312
-44.35,32,5941.050988
-36.0,33,5941.623286
-38.88,30,5942.126675
-34.6,29,5942.605067
38.576324,31,5943.147949
32.102894,33,5943.686557
32.025974,36,5944.2923
-42.0,23,5944.667016
-47.24,16,5944.961253
-43.19,32,5947.318212
-35.31,44,5948.212969
-33.0,30,5948.661974
40.986719,31,5949.163247
35.707581,41,5949.854995
-39.0,36,5950.456816
42.0,35,5951.054877
43.932892,35,5951.650884
-32.71,30,5952.14923
-38.61,30,5952.669531
34.961872,28,5953.122666
-47.72,32,5953.65255
-38.44,24,5954.047699
-41.62,24,5954.448253
34.750923,42,5955.171056
-45.76,18,5955.429984
43.702893,22,5957.593424
40.674257,23,5957.920335
41.588983,28,5958.329341
34.192732,35,5958.858476
-43.0,25,5959.327183
-35.88,56,5960.33691
35.413793,34,5960.91212
40.565822,26,5961.373321
42.0,20,5961.685746
-38.05,30,5962.43053
40.578418,23,5962.845364
38.686047,29,5963.339377
38.22619,39,5963.977176
-41.78,44,5964.686745
45.0,18,5965.013638
43.686057,27,5965.495821
-44.71,26,5965.894869
40.788318,32,5968.229428
-43.81,24,5968.593196
-36.0,31,5969.090324
-39.86,36,5969.671934
-35.64,26,5970.104991
-37.94,37,5970.738058
-38.51,23,5971.154968
47.886364,35,5971.814315
-38.33,18,5972.364929
-37.91,34,5973.042277
44.331288,24,5973.575033
46.973881,27,5974.023599
-41.69,24,5974.442016
-33.83,35,5975.042128
38.437722,31,5975.666023
-44.82,17,5975.928813
32.697479,49,5977.013781
36.0,33,5977.757948
35.716088,33,5980.373538
-35.01,24,5980.789565
-39.0,22,5981.277378
-41.13,27,5981.778409
-44.15,34,5982.336676
30.0,36,5982.923606
-38.17,38,5983.572609
-32.31,37,5984.184677
-38.15,20,5984.538414
44.5,26,5984.9761
41.041353,22,5985.356958
38.527778,38,5985.948803
-38.08,25,5986.344251
-39.9,35,5986.893106
-38.74,29,5987.329109
37.665084,33,5987.964471
-36.0,29,5988.539601
-41.9,43,5991.125641
35.008035,30,5991.637353
44.34891,20,5991.98685
42.0,37,5992.609883
47.715867,24,5993.02533
38.80212,21,5993.375689
-44.49,21,5993.75882
35.087912,35,5994.34626
41.133048,27,5994.761828
-41.49,27,5995.21887
38.530864,46,5996.032336
40.755474,32,5996.484895
-40.78,34,5996.962882
32.902439,32,5997.441961
34.446417,44,5998.107044
44.579953,37,5998.640241
41.535826,31,6001.1854
41.388679,29,6001.678482
-32.58,29,6002.145151
-38.56,38,6002.807248
32.580247,32,6003.376239
-44.57,25,6003.816459
-38.1,37,6004.423008
32.346008,32,6004.997691
-32.36,29,6005.526568
-38.37,29,6006.00478
-38.58,35,6006.510992
38.360294,38,6007.050516
-47.68,22,6007.379752
35.804636,34,6007.927497
-44.31,36,6008.549249
-44.34,20,6008.884853
38.584507,45,6011.508412
38.323529,29,6012.011006
-42.75,22,6012.405198
40.877523,26,6012.831602
35.482759,27,6013.299881
-39.0,21,6013.905398
38.900735,55,6014.811383
-35.32,28,6015.296757
-41.07,33,6015.813683
-35.31,36,6016.303183
-38.68,24,6016.639834
35.529595,34,6017.152364
-38.21,25,6017.511444
44.451724,24,6017.885316
38.893536,43,6018.565857
35.523256,27,6019.093805
35.332168,29,6019.533597
46.675837,25,6021.84236
-44.79,20,6022.178245
-35.9,30,6022.732683
41.277966,58,6023.792873
37.458807,28,6024.334775
41.278161,22,6024.716408
40.985042,55,6025.730618
-44.07,20,6026.133323
41.188612,28,6026.603169
42.0,24,6026.985545
-41.04,27,6027.388444
38.291045,20,6027.672231
-40.38,42,6028.264472
38.093863,31,6028.737064
38.249049,28,6029.244872
-35.42,32,6029.7973
-41.71,18,6030.062104
33.0,36,6032.632379
-30.0,26,6033.064867
38.758402,26,6033.533254
41.530595,25,6033.97473
44.733083,20,6034.325327
32.706667,28,6034.814378
44.200704,24,6035.24199
32.132812,40,6035.932514
37.217954,98,6037.627586
-38.55,26,6038.012517
-35.32,30,6038.428412
-38.06,23,6038.989696
-40.15,27,6039.486651
-38.35,40,6040.17024
-35.46,32,6040.648208
-44.27,34,6043.080125
-33.0,53,6043.99439
-33.0,48,6044.768182
38.9869,44,6045.541271
44.434375,27,6045.999209
43.077731,42,6046.749336
38.1357,21,6047.064221
-33.0,43,6047.676132
38.811765,25,6048.061174
41.996689,28,6048.493726
-41.64,47,6049.441226
-34.72,47,6050.282527
43.496873,28,6050.784944
41.5626,26,6051.165212
-36.0,34,6053.710963
-32.28,35,6054.290556
32.855019,41,6055.046315
-40.64,28,6055.527759
-37.53,29,6056.016536
-38.82,21,6056.384091
44.639098,46,6057.190527
-45.0,76,6058.434514
40.743317,19,6058.705239
41.794872,20,6058.995153
41.221489,25,6059.401794
-40.9,30,6059.929173
-35.57,33,6060.502834
47.475862,27,6060.98434
41.240876,24,6061.353127
32.201923,30,6061.797084
-38.76,34,6064.597418
-41.6,31,6065.163078
-38.62,42,6066.166405
-35.69,24,6066.578394
38.903061,22,6066.974464
37.715684,31,6067.491603
-45.0,23,6068.041131
-35.15,34,6068.606282
35.498246,27,6069.009327
38.455319,32,6069.481433
-41.35,33,6069.988335
-37.48,27,6070.383319
-35.1,34,6070.926265
39.0,25,6071.347196
35.789644,27,6071.754007
-34.71,34,6072.290147
45.738782,81,6075.488405
47.495384,28,6075.98266
-35.26,42,6076.749694
39.0,33,6077.35542
-38.61,29,6077.804453
-44.03,34,6078.404921
-38.23,32,6079.041041
-38.16,34,6079.684268
33.0,28,6080.111738
38.159575,25,6080.47355
43.763123,33,6081.028702
-41.32,30,6081.542681
-33.0,36,6082.097375
-38.35,38,6082.652477
-32.73,37,6083.227472
32.277056,29,6085.642649
38.164062,30,6086.209516
39.861865,26,6086.642361
-35.61,37,6087.296115
46.946418,29,6087.821602
41.658537,26,6088.280415
-39.0,43,6088.948123
35.176761,36,6089.435628
41.461751,26,6089.825197
-38.25,27,6090.222745
-32.48,31,6090.659485
-47.94,29,6091.145631
40.434329,25,6091.77583
-41.3,43,6092.52562
-34.57,27,6092.950891
-32.7,58,6093.818997
-44.57,22,6096.082757
33.0,36,6096.722677
41.588507,34,6097.327031
-32.04,38,6098.122442
-41.1,32,6098.661344
-32.08,39,6099.228667
38.341564,25,6099.591142
-38.4,36,6100.141188
41.720117,19,6100.461826
41.334495,26,6100.872009
34.884081,45,6101.646933
-46.11,29,6102.128478
41.217593,21,6102.440044
32.252336,34,6102.951944
44.703704,34,6103.48223
-32.95,58,6106.488082
35.660079,26,6106.960852
-44.27,31,6107.479661
-32.64,34,6108.033136
42.0,33,6108.598148
-32.51,30,6109.07032
44.056391,35,6109.583835
44.670588,13,6109.795089
-35.83,32,6110.266521
-38.75,28,6110.693723
37.249534,28,6111.17077
35.391691,32,6111.69759
-32.6,29,6112.184703
44.0,68,6113.191982
42.0,23,6113.527145
-41.8,25,6113.909323
35.366189,29,6114.373853
-32.57,38,6116.933461
41.613549,25,6117.589415
35.275,27,6118.04647
-33.0,29,6118.651907
32.220833,35,6119.196655
-44.76,28,6119.603873
41.509506,23,6119.930586
35.183784,31,6120.39223
43.763333,27,6120.804972
43.636213,17,6121.116391
-35.42,27,6121.5461
38.510345,26,6122.015115
41.609272,32,6122.524416
-43.32,26,6122.900217
-37.76,24,6123.260458
-33.0,32,6123.75806
-39.0,26,6124.12896
33.0,33,6124.644563
-40.83,30,6127.137194
40.915337,36,6127.75963
-41.23,30,6128.323139
-37.55,25,6128.730859
-40.8,28,6129.155696
38.16877,29,6129.552476
38.697318,23,6129.897694
48.0,32,6130.35769
-32.05,33,6131.070697
41.056276,34,6131.685056
-38.79,32,6132.248564
39.0,24,6132.637807
-42.0,25,6132.987308
-41.38,33,6133.491921
44.068493,34,6134.019179
47.905556,19,6134.299603
-39.96,27,6134.761067
-47.84,19,6135.143713
37.478819,36,6137.840343
41.894198,25,6138.26568
46.365746,25,6138.67883
34.296092,25,6139.014933
-35.34,28,6139.424882
38.574074,27,6139.809772
37.873634,34,6140.297179
-41.15,24,6140.661683
-40.28,31,6141.132881
-44.02,28,6141.59052
-35.91,34,6142.159591
38.445378,33,6142.733372
32.151007,39,6143.453858
39.0,22,6143.783551
41.851852,22,6144.08925
35.9,31,6144.602769
-36.72,35,6145.176533
47.021368,22,6145.570823
42.0,29,6148.024065
-39.85,43,6148.808116
-40.86,24,6149.183207
-32.35,45,6149.830193
-43.45,19,6150.141002
-38.21,33,6150.627421
32.11811,30,6151.132317
46.594236,24,6151.534574
40.982069,32,6152.191749
-38.88,29,6152.637114
-41.5,21,6152.975353
-37.47,32,6153.445935
-35.28,29,6153.879263
-38.49,40,6154.530998
41.182119,26,6155.013489
44.854489,36,6155.607013
-37.54,33,6158.152139
35.454545,37,6158.800432
43.538033,21,6159.204635
-34.86,33,6159.708817
47.410423,43,6160.345071
43.648841,31,6160.787577
35.536765,27,6161.203227
42.0,30,6161.689275
-35.06,40,6162.323072
-37.93,40,6162.918346
-42.0,39,6163.517261
37.823212,31,6163.948611
33.0,33,6164.478093
-39.0,37,6165.087428
38.170819,34,6165.63151
-41.86,34,6168.202978
41.613559,37,6168.951758
35.237452,31,6169.479042
38.328185,29,6169.893337
35.503676,34,6170.412429
38.627737,34,6170.900702
35.114754,32,6171.3987
40.778571,42,6172.108783
44.822878,30,6172.637638
-34.67,50,6173.399724
-38.92,75,6174.488767
-39.69,23,6174.845303
32.678862,35,6175.452147
33.0,31,6175.964529
34.775473,35,6178.499834
-35.48,35,6179.056672
35.664384,47,6179.768412
32.108209,32,6180.19961
-46.74,41,6180.805475
-43.65,31,6181.361609
-41.65,28,6181.870293
32.315126,38,6182.723596
41.206081,22,6183.095447
36.0,24,6183.444712
-44.28,16,6183.676392
-32.26,30,6184.109147
42.0,18,6184.380767
-38.85,30,6184.988038
-38.15,24,6185.403964
-47.19,25,6185.829692
38.891791,24,6186.271458
34.945783,35,6189.015678
-47.32,19,6189.371067
40.648765,32,6189.928445
44.635593,30,6190.326051
-38.54,60,6191.213455
48.0,15,6191.475739
44.513423,22,6191.900499
42.0,28,6192.384604
39.0,27,6192.831241
39.0,44,6193.495218
41.604396,25,6193.887644
-39.0,73,6195.212153
37.996795,33,6195.774802
35.383051,44,6196.529922
44.340835,64,6199.634915
43.421397,32,6200.110147
36.0,26,6200.516095
42.0,38,6201.107575
41.107884,30,6201.531409
-47.69,25,6201.901
-36.45,40,6202.577122
-38.64,23,6202.955675
38.476534,25,6203.310095
34.665493,47,6203.989023
37.50369,28,6204.418304
35.331536,52,6205.25676
37.598305,54,6206.2464
-41.15,62,6207.364478
38.713068,38,6209.983723
37.725701,29,6210.476134
-39.0,63,6211.436616
47.735202,13,6211.627971
-32.51,42,6212.212999
32.191011,26,6212.617124
-38.72,24,6213.061559
-32.41,63,6214.003544
-30.0,38,6214.608709
-42.0,23,6214.946221
-35.28,22,6215.347036
34.799709,40,6215.996697
-41.43,42,6216.712299
42.0,23,6217.098569
46.568173,26,6217.493716
35.65894,62,6220.534894
32.125,41,6221.445081
32.218107,34,6222.008463
35.570342,24,6222.415352
-35.81,33,6223.010778
35.607774,40,6223.726591
-38.87,38,6224.358289
39.0,33,6224.843955
41.306397,22,6225.15754
-40.27,27,6225.551309
-38.44,27,6225.941518
-32.68,40,6226.604464
-35.88,35,6227.31427
39.987881,27,6227.792738
-38.09,31,6228.344273
35.582707,37,6230.89588
-41.2,28,6231.334702
32.825455,38,6231.892451
-43.78,28,6232.287454
35.672794,22,6232.727961
-35.22,27,6233.225305
42.0,26,6233.683486
-35.52,39,6234.32611
-44.34,24,6234.70277
40.4374,30,6235.150799
-32.5,41,6236.00737
42.0,57,6237.049513
-47.01,20,6237.420107
-42.0,20,6237.748994
-44.16,13,6237.982302
-42.0,25,6238.424806
33.0,39,6239.11241
-38.25,23,6241.476945
33.0,30,6241.923198
-41.04,22,6242.251911
-47.36,22,6242.558169
35.627376,39,6243.208941
32.547619,38,6243.849049
-37.87,43,6244.509681
-41.85,31,6244.961481
-44.55,33,6245.474859
36.0,30,6245.909855
35.786207,38,6246.585803
35.633621,26,6247.056268
-47.22,17,6247.372345
47.0,30,6248.156132
-41.03,20,6248.502517
47.015873,24,6248.939881
-37.88,56,6249.960149
38.417841,31,6252.424152
33.0,33,6252.885132
35.77907,28,6253.359803
35.625899,21,6253.732427
38.18677,46,6254.525191
-36.88,51,6255.286631
37.30508,29,6255.715552
36.0,44,6256.36806
-34.99,36,6256.95962
40.900932,24,6257.496097
-38.78,37,6258.118853
47.102113,17,6258.383586
-38.21,63,6259.470268
38.572016,28,6259.951216
38.027344,24,6260.37654
34.471775,33,6263.050699
-32.02,42,6263.877141
44.251938,21,6264.22165
40.903828,24,6264.66325
40.189067,41,6265.367023
-43.74,32,6265.825802
41.607759,29,6266.246278
47.426282,40,6267.02185
33.0,45,6267.795787
-40.83,45,6268.587939
43.443962,35,6269.180102
38.028807,28,6269.652326
41.722689,24,6270.07439
32.114943,34,6270.689529
41.032305,26,6271.174993
42.0,29,6273.531302
-41.98,44,6274.466997
-44.5,32,6275.001761
-37.32,30,6275.490541
-47.73,53,6276.332177
38.462783,36,6276.868125
44.094285,21,6277.187399
-38.44,54,6278.086009
38.900735,26,6278.51329
34.513935,30,6279.017213
-34.74,48,6279.909879
-44.59,25,6280.539389
32.57967,42,6281.271971
38.434975,31,6281.817297
-35.26,59,6284.666956
44.791946,30,6285.213184
35.393333,33,6285.745682
-38.49,28,6286.168279
38.487805,32,6286.656551
39.0,36,6287.409675
-40.22,27,6287.850174
32.902439,36,6288.479106
42.0,27,6288.942119
41.026059,21,6289.557426
32.294702,42,6290.242137
-39.0,27,6290.727444
44.539249,28,6291.220726
-38.91,22,6291.580508
-32.67,35,6292.205444
-35.5,76,6295.378122
35.611765,30,6295.905202
41.641791,25,6296.26897
34.174373,32,6296.7633
44.211155,21,6297.07167
-38.04,38,6297.635876
-48.0,30,6298.104401
34.15493,42,6298.825738
39.0,30,6299.275668
-35.07,43,6300.038161
38.802469,24,6300.559229
44.149007,36,6301.183224
-36.0,36,6301.782376
-38.46,34,6302.377185
-41.59,29,6302.863414
39.0,31,6303.343798
32.659091,34,6305.761481
36.327853,26,6306.207163
35.505703,33,6306.709084
32.011029,38,6307.248849
35.571023,31,6307.657398
-36.78,28,6308.065734
-41.43,34,6308.627375
38.651163,55,6309.548721
41.4283,30,6310.086543
41.339292,20,6310.423424
35.705128,32,6310.965205
36.0,37,6311.582876
-37.59,34,6312.213048
35.669782,33,6312.781544
-38.3,37,6313.381753
-41.39,24,6313.725236
-41.76,26,6316.234005
38.299242,29,6316.748806
-32.38,32,6317.214005
39.0,28,6317.654081
-37.58,28,6318.124452
-42.87,34,6318.64904
44.5,43,6319.371928
-34.83,34,6319.943707
41.361011,20,6320.290965
35.453846,27,6320.761163
-32.94,35,6321.345721
41.648649,28,6321.878129
35.119529,49,6322.744169
-43.3,18,6323.075885
47.302405,26,6323.528506
-32.91,28,6323.952085
38.756923,27,6324.354662
-40.6,29,6326.856444
42.0,22,6327.409919
33.0,34,6327.950256
38.164773,29,6328.525912
42.0,65,6329.687655
-40.65,54,6330.646026
-36.49,34,6331.264391
-38.68,35,6331.916025
-43.84,80,6333.268902
38.582677,26,6333.685611
-35.2,28,6334.173449
-41.19,27,6334.59991
44.030999,26,6334.970759
44.088561,23,6335.360419
-37.97,20,6337.547398
39.0,27,6337.964575
43.942379,24,6338.328932
-38.27,27,6338.746953
35.275542,26,6339.201763
-41.03,34,6339.77252
38.230196,32,6340.438996
47.116072,20,6340.813751
37.754126,27,6341.472481
36.973781,38,6342.126323
36.0,38,6343.02504
46.418441,28,6343.498938
-41.81,39,6344.158127
40.633939,26,6344.610729
32.752322,35,6345.111859
38.780488,26,6345.492043
36.0,28,6345.872473
40.751412,23,6348.10304
-38.64,35,6348.603881
-41.17,21,6348.933167
38.880309,29,6349.430892
43.891635,41,6350.121718
-42.0,34,6350.702696
35.439704,32,6351.338562
-41.13,30,6351.850861
41.252669,37,6352.453834
-36.5,32,6352.976027
33.847445,36,6353.809105
36.0,27,6354.25283
-47.34,24,6354.679034
38.285938,25,6355.334962
-33.0,35,6355.840468
-35.25,33,6356.308751
41.198711,31,6356.771693
41.665714,22,6359.03203
-35.62,38,6359.70866
-41.19,26,6360.150928
38.313084,26,6360.608622
42.866139,25,6361.018969
-38.16,22,6361.408547
-39.51,24,6361.833081
-33.0,39,6362.448051
-41.65,23,6362.828197
-39.0,26,6363.280684
-40.82,50,6364.125414
-44.54,28,6364.637427
-33.0,30,6365.102239
-38.7,42,6365.719581
32.188341,34,6366.228761
41.736462,38,6366.775644
-44.06,30,6369.218072
41.157848,26,6369.878772
35.406114,38,6370.578242
-38.45,27,6371.030513
43.247442,31,6371.596881
32.494297,29,6372.087302
32.447368,34,6372.616194
-34.5,40,6373.341998
43.79494,29,6373.835702
-38.15,28,6374.29404
38.830189,22,6374.657865
-35.06,27,6375.110331
39.0,35,6375.608162
-33.0,41,6376.270347
38.643885,26,6376.624716
46.727384,15,6376.862391
41.180147,23,6377.236112
-43.7,66,6380.284009
-41.41,30,6381.034328
-35.78,33,6381.606066
38.398524,28,6382.078634
-35.14,47,6382.903733
-32.89,29,6383.398072
-32.18,41,6384.091002
44.555556,45,6384.852617
40.5964,48,6385.589579
-47.03,37,6386.180282
41.463907,32,6386.649539
-32.04,34,6387.192009
39.0,25,6387.638796
36.790199,33,6388.192965
40.538302,32,6390.545017
-35.66,27,6391.006938
-43.62,29,6391.474915
-36.93,33,6392.052764
-41.83,25,6392.494338
32.067925,34,6393.090836
39.826812,24,6393.491081
-37.94,34,6394.060888
-41.04,25,6394.464592
41.736641,29,6394.997476
35.17402,27,6395.683837
35.012422,32,6396.157888
32.177419,31,6396.611668
32.19403,33,6397.096311
37.843273,29,6397.524475
-41.81,35,6398.178242
-44.5,31,6398.79458
-35.22,28,6401.153794
38.944206,44,6401.945249
35.336806,31,6402.488555
-35.83,37,6403.132885
-37.67,59,6404.185143
-44.02,23,6404.585472
-35.77,28,6405.061313
-33.0,30,6405.535361
-35.74,43,6406.497313
32.641577,31,6406.949662
-39.0,37,6407.485947
41.536885,40,6408.136649
-35.08,38,6408.861815
41.267729,29,6409.2988
-38.13,37,6409.839967
36.0,29,6412.228271
35.180489,34,6412.844095
-38.11,32,6413.412389
-35.09,44,6414.207271
30.0,26,6414.655049
31.511538,38,6415.334793
-39.0,24,6415.748289
-41.11,19,6416.035132
-32.47,42,6416.63408
-35.08,33,6417.142998
37.445549,30,6417.688446
-40.18,28,6418.221386
-38.15,22,6418.600661
-46.87,36,6419.158238
40.327809,37,6419.73279
-46.26,25,6420.128703
47.34589,22,6422.545732
36.0,26,6423.047623
-35.54,39,6423.766317
-38.25,30,6424.313816
43.531153,80,6425.708722
44.351792,23,6426.246309
-38.53,27,6426.673927
35.182143,37,6427.191761
-41.14,27,6427.587187
-41.24,45,6428.351546
-44.84,48,6429.129827
-34.57,35,6429.74875
38.27907,24,6430.105928
-32.76,37,6430.683353
38.422417,21,6430.981644
37.652809,31,6433.500564
44.112686,15,6433.775296
-40.69,23,6434.169819
36.0,42,6434.899495
41.115385,31,6435.413372
39.845331,30,6435.931567
-32.17,36,6436.502456
-32.33,34,6436.962767
40.852847,63,6437.910766
-35.41,32,6438.419465
-35.16,30,6438.903555
35.565957,40,6439.582896
-32.53,35,6440.205192
38.463707,22,6440.499655
-41.16,27,6440.936094
35.138182,31,6443.277357
-38.34,24,6443.68983
38.502146,27,6444.12599
42.0,25,6444.556755
-35.46,21,6444.929942
39.0,27,6445.393018
-38.17,27,6445.842421
-32.22,33,6446.388085
-32.3,43,6447.061108
35.751825,25,6447.403366
41.573333,29,6447.830247
38.407895,29,6448.591553
-35.91,34,6449.168917
37.538683,27,6449.614072
35.437467,27,6450.094181
-37.43,37,6450.65281
33.0,70,6451.693953
47.125,28,6454.097961
32.634241,59,6455.0838
41.378571,25,6455.559563
-47.24,34,6456.119848
-32.65,31,6456.616304
32.723881,36,6457.151095
38.928571,24,6457.753222
-37.67,22,6458.100872
-35.27,43,6458.78371
32.033755,36,6459.410328
-38.73,29,6459.906595
42.0,31,6460.455297
-47.43,27,6460.889181
-38.36,24,6461.296343
32.4,42,6461.929635
-38.82,23,6462.27036
44.941989,22,6464.623443
-35.89,30,6465.164928
40.100222,31,6465.67346
-43.83,29,6466.132849
44.136531,25,6466.521108
-35.11,32,6466.990914
34.245156,27,6467.373717
44.267361,15,6467.597377
45.0,24,6467.978863
38.649819,26,6468.504845
-38.47,42,6469.17768
-39.7,30,6469.73351
44.292742,30,6470.244228
32.831395,38,6470.856757
-38.71,39,6471.436279
44.482315,24,6471.813056
44.957929,20,6472.060255
-37.58,33,6474.478037
41.246771,34,6475.287569
-38.36,49,6476.1879
-42.55,24,6476.554824
46.38746,31,6476.995988
47.895522,23,6477.355224
43.591216,25,6477.714468
32.809322,34,6478.207234
38.11465,36,6478.824955
35.704981,32,6479.36411
42.0,20,6479.684786
40.557585,41,6480.466303
38.21673,30,6481.029356
-35.99,29,6481.45189
38.225092,43,6482.135272
-43.31,32,6482.645934
35.319392,34,6485.134189
-44.18,19,6485.507317
-44.75,27,6485.961809
32.42446,38,6486.564614
-35.37,25,6486.923309
35.136729,31,6487.386249
38.344444,26,6487.759163
42.0,24,6488.121335
38.662791,38,6488.707917
-43.1,26,6489.150046
-35.09,27,6489.614841
-33.0,45,6490.360223
-34.61,28,6490.83828
-42.0,22,6491.223158
38.485915,24,6491.537681
35.012048,48,6492.284031
32.662651,31,6492.695972
-42.0,30,6495.11763
41.317152,32,6495.653113
41.383803,23,6496.058556
-38.62,27,6496.510525
34.614898,28,6497.033191
-41.88,24,6497.398012
-41.2,37,6497.975797
-39.0,27,6498.402266
38.380821,56,6499.363238
42.75459,20,6499.713739
44.008751,26,6500.204681
-32.59,49,6501.245679
-32.6,35,6501.791083
35.699647,26,6502.185191
35.779116,43,6502.828159
48.0,16,6503.069375
40.771389,36,6503.657026
-41.58,64,6506.676698
38.224806,31,6507.122051
-38.04,28,6507.547692
32.017028,39,6508.147127
35.443709,32,6508.91161
33.0,39,6509.707874
-34.9,36,6510.330988
-32.92,29,6510.836132
43.883159,35,6511.405995
-32.25,35,6512.606959
44.70566,17,6512.886379
-44.77,24,6513.313821
-32.36,32,6513.863185
38.305466,29,6514.341257
-40.9,61,6517.283452
43.46625,24,6517.623418
38.338341,32,6518.082295
40.799703,39,6518.634817
43.867925,28,6519.056177
-32.28,36,6519.680604
41.117111,31,6520.226845
43.962351,26,6520.682099
37.296298,47,6521.371792
43.96101,27,6521.755809
37.877698,28,6522.167428
43.888693,19,6522.44698
-42.0,27,6522.853136
35.469697,26,6523.299216
-40.49,29,6523.754638
35.788779,29,6524.294143
43.854012,32,6524.838052
-38.28,53,6527.625508
-43.77,32,6528.086841
32.433476,32,6528.564465
-34.8,49,6529.325913
-42.0,31,6529.775426
33.746125,35,6530.35476
47.605556,19,6530.688853
-38.01,36,6531.288136
35.045775,28,6531.693307
45.0,20,6531.997459
-41.6,36,6532.62504
-38.01,37,6533.193656
-41.17,36,6533.84246
-38.33,34,6534.413177
36.0,34,6534.965132
-41.62,33,6537.689758
-35.06,25,6538.083625
43.186775,18,6538.405502
47.670782,12,6538.566194
38.122605,30,6539.003071
38.828947,31,6539.470199
-43.22,28,6539.972648
41.123413,24,6540.389473
-47.87,19,6540.704931
32.327974,37,6541.317145
-38.28,28,6541.759474
-32.09,33,6542.267067
-46.89,35,6542.776969
-41.25,23,6543.083609
-38.83,30,6543.545391
41.688462,28,6544.027426
43.733293,38,6544.67292
-41.39,25,6545.067294
47.527675,20,6545.376473
43.342379,51,6548.05482
37.880364,35,6548.568579
44.117188,34,6549.045348
44.181818,49,6549.881305
41.138264,21,6550.411524
-35.77,29,6550.929835
39.0,25,6551.378308
-41.51,21,6551.716844
-32.74,47,6552.598442
39.0,20,6553.009978
38.479443,24,6553.349883
37.644444,28,6553.796111
-41.2,26,6554.16679
35.502222,33,6554.704774
35.625874,35,6555.338354
-32.49,28,6555.80243
-37.61,31,6558.395697
-43.83,24,6558.73767
41.46063,26,6559.156264
38.661972,34,6559.723497
-38.27,27,6560.235307
-35.27,30,6560.796772
-32.06,37,6561.618233
32.634033,36,6562.220911
-33.0,33,6562.708421
-47.5,50,6563.505272
42.0,23,6563.843673
-32.41,31,6564.325034
-41.91,24,6564.754856
-32.99,42,6565.453457
42.0,29,6565.937801
36.0,28,6566.412202
36.0,26,6568.742954
-32.62,81,6570.01488
38.844371,31,6570.516432
-42.0,32,6571.090428
38.578397,25,6571.584955
-38.63,50,6572.418869
41.120775,36,6572.906806
-40.73,25,6573.272182
-32.93,40,6573.890072
47.716475,47,6574.599291
33.0,29,6575.108236
41.491125,24,6575.485953
-45.0,16,6575.747636
39.0,35,6576.421405
-37.37,31,6576.979371
33.0,25,6579.489743
32.219814,35,6580.082026
41.262097,18,6580.387256
32.247104,29,6581.09809
-37.41,47,6581.928089
-38.2,34,6582.517672
37.907397,28,6582.99502
-35.61,26,6583.426661
44.656371,27,6583.903783
33.0,33,6584.372751
-38.42,28,6584.795695
-32.78,58,6585.667062
-36.0,26,6586.087751
35.243636,25,6586.540619
38.641638,28,6587.346822
38.768966,29,6587.843585
35.216511,37,6590.282071
40.416131,32,6590.833792
-39.0,23,6591.193879
-32.49,53,6592.081724
32.101626,43,6592.820005
-44.14,24,6593.225317
-40.7,36,6593.816316
35.33119,26,6594.167146
-41.76,21,6594.495634
-41.7,31,6594.950112
36.0,32,6595.427499
-40.97,27,6595.955127
-35.25,40,6596.670106
-44.7,37,6597.315073
35.677275,45,6598.045243
38.623574,20,6598.355232
-40.73,28,6600.686162
-32.7,31,6601.191573
-32.83,39,6601.82759
-40.85,29,6602.341614
32.730924,34,6602.948323
-38.08,26,6603.460421
35.125364,38,6604.078905
32.587302,31,6604.554243
-32.16,38,6605.121749
37.420554,28,6605.560028
32.35249,30,6606.157202
32.475,30,6606.880859
32.875,36,6607.559307
-43.52,79,6608.86363
-32.16,33,6611.378024
31.94186,53,6612.297016
32.204461,37,6612.938127
47.549091,15,6613.377123
35.201493,26,6613.813103
-32.13,26,6614.233284
-35.13,32,6614.690346
39.0,28,6615.125335
-38.61,29,6615.562433
44.854545,22,6615.937593
43.201698,32,6616.475276
-39.0,33,6617.046727
44.46822,34,6617.66612
39.0,19,6617.984261
-32.55,28,6618.447244
-44.72,17,6618.773366
38.106897,25,6619.182902
37.083401,33,6619.701294
-38.64,28,6622.052937
-35.57,34,6622.665629
34.247412,37,6623.31047
32.653251,36,6623.993711
-32.49,28,6624.418487
-38.91,23,6624.776939
38.007042,34,6625.275476
38.542169,91,6626.799337
46.193833,27,6627.268524
44.427586,23,6627.666757
-43.23,26,6628.104248
35.5,27,6628.550053
38.361702,23,6628.953165
-35.93,36,6629.489459
-36.0,31,6629.983147
-38.33,33,6632.463731
44.937956,20,6632.822224
-32.4,43,6633.765413
-37.96,28,6634.190816
-38.27,33,6634.798829
38.444444,53,6635.634823
-35.27,30,6636.124418
-35.21,76,6637.42112
47.057692,11,6637.588562
41.863118,33,6638.365557
-42.0,27,6638.823108
41.503676,35,6639.389692
-39.0,32,6639.852273
35.025641,35,6640.425634
-32.32,35,6640.947867
38.574144,32,6643.432073
38.229453,38,6644.075644
38.152727,51,6644.833714
-39.81,58,6645.696982
38.784062,36,6646.297868
34.744563,27,6646.737463
42.0,51,6647.637376
-44.32,23,6648.490035
-32.37,37,6649.3471
33.0,28,6649.801761
46.466487,15,6650.032297
38.503876,29,6650.457866
36.0,34,6650.937398
-34.67,30,6651.504358
35.884328,28,6651.976906
37.538875,24,6654.353395
-38.17,33,6654.777771
41.008902,28,6655.192235
-41.05,24,6655.535166
-41.55,28,6655.969488
34.558552,37,6656.555716
-40.75,22,6656.902434
44.136704,29,6657.40926
44.900735,21,6657.785857
47.243636,20,6658.130537
33.0,31,6658.688388
38.294753,36,6659.356968
-42.0,20,6659.654449
-42.77,28,6660.358176
-41.55,32,6660.887329
-32.69,30,6661.380832
-39.0,20,6661.727232
37.510903,31,6662.282257
38.890152,26,6664.765413
39.0,28,6665.247519
-38.16,36,6665.830009
45.0,24,6666.177937
-32.49,38,6666.784276
-42.0,19,6667.092449
44.683824,25,6667.483559
-32.56,27,6667.990717
41.70953,28,6668.463924
38.277776,31,6668.952093
-32.26,31,6669.395632
39.0,35,6669.924725
-40.05,28,6670.332597
44.60339,17,6670.593187
32.41791,43,6671.372042
41.234615,26,6671.838126
35.517986,29,6672.320616
-36.0,28,6672.84076
-40.9,25,6675.275066
44.049822,18,6675.606382
38.375,25,6675.994632
46.757249,18,6676.265547
32.4,28,6676.637784
32.105455,35,6677.247384
-38.2,33,6677.826037
-44.52,38,6678.475833
-40.94,33,6679.028247
-41.37,28,6679.481568
41.009646,23,6679.878064
-41.05,25,6680.281014
-33.0,44,6681.047013
-41.82,31,6681.640166
-32.73,38,6682.512594
-44.68,34,6683.181572
41.383513,19,6683.511467
-32.33,37,6686.304327
41.359712,42,6686.933882
-35.6,21,6687.281846
-32.07,41,6687.906939
32.008174,45,6688.675447
-32.08,53,6689.71082
34.818896,31,6690.182253
37.767442,57,6691.295054
-40.75,31,6691.794289
-44.31,14,6692.050653
43.841462,25,6692.495022
-35.31,40,6693.20299
-32.02,42,6693.970792
-40.72,34,6694.562427
-44.18,20,6694.930848
-33.0,29,6697.876896
44.071429,27,6698.269558
32.304527,35,6698.838686
37.543122,35,6699.420049
-44.1,26,6699.785405
38.634043,27,6700.221717
40.778208,35,6700.746458
44.463415,18,6701.042318
-35.9,26,6701.458648
-41.45,22,6701.848073
36.0,34,6702.40301
-38.17,40,6703.109957
-38.97,25,6703.535536
36.0,34,6704.10134
47.181115,39,6704.750842
-32.39,35,6705.34283
47.677165,24,6705.74006
44.756554,22,6708.262937
-32.53,39,6708.949003
-32.41,29,6709.371498
38.873077,22,6709.695613
41.549815,21,6709.974273
47.172414,18,6710.272098
-43.95,27,6710.674141
-41.36,25,6711.085551
-44.06,19,6711.406271
41.548117,22,6711.807982
42.0,18,6712.120836
-41.03,21,6712.487344
35.225166,40,6713.414383
-44.61,19,6713.738746
41.469492,30,6714.264389
38.822835,32,6714.836948
38.586806,37,6715.472644
38.71134,36,6716.305842
35.71223,30,6716.795733
-37.86,35,6719.240484
34.229819,34,6719.732683
-36.0,26,6720.114655
44.722433,24,6720.480989
38.141667,28,6720.893553
41.513109,21,6721.250866
-41.04,30,6721.791157
-38.56,40,6722.455704
-35.44,27,6722.941828
38.34472,33,6723.508135
-38.53,29,6724.002298
-39.0,35,6724.614239
41.873134,38,6725.27355
-43.99,43,6726.036665
-32.14,37,6726.709729
38.372385,28,6727.26611
-41.31,32,6729.632552
-36.0,31,6730.081563
-31.85,34,6730.609874
-44.25,33,6731.090893
-41.87,24,6731.500625
31.872624,34,6732.098871
41.564444,28,6732.591282
-43.67,31,6733.112786
-35.76,32,6733.687939
33.0,34,6734.304152
-42.0,28,6734.772751
-45.0,30,6735.316788
-35.34,32,6735.866852
-44.35,23,6736.275437
-35.49,33,6736.854671
-37.82,34,6737.435062
-35.02,26,6737.856565
-35.28,38,6740.483541
40.574686,27,6740.859855
-32.62,36,6741.426048
-35.76,40,6742.110312
39.0,46,6743.134869
-40.7,24,6743.66418
-34.79,36,6744.310377
38.724528,34,6744.933427
-38.67,30,6745.453952
40.720472,23,6745.856185
40.428532,19,6746.201904
-32.74,29,6746.706867
44.790924,34,6747.304511
-35.68,27,6747.767812
41.334586,20,6748.121446
35.957364,25,6748.53261
41.730469,19,6748.825953
-32.5,45,6751.346204
35.289562,36,6751.911647
47.66065,32,6752.461615
44.12628,17,6752.773735
-43.52,19,6753.086795
-41.22,22,6753.472106
-39.0,31,6754.01282
-32.35,36,6754.677152
-35.69,32,6755.223103
40.607475,31,6755.748416
32.25463,33,6756.336827
44.377432,26,6756.808017
-32.78,32,6757.318271
-35.27,30,6757.812588
37.324371,28,6758.282146
-40.28,32,6758.846184
-34.94,26,6759.26809
38.251656,28,6761.535427
40.989736,31,6762.03248
33.0,33,6762.606563
-44.81,20,6762.937549
38.031221,48,6763.836937
-42.0,22,6764.199085
-35.21,40,6764.855394
-41.26,23,6765.255368
-38.69,36,6766.056029
-40.86,30,6766.597073
37.978927,42,6767.345983
-46.67,24,6767.749277
-43.85,98,6769.660703
32.691176,55,6770.47727
43.568156,24,6772.651838
-34.95,27,6773.12767
-47.15,45,6773.795922
-41.46,35,6774.33157
35.505576,31,6774.876637
34.856273,37,6775.517092
32.729258,30,6776.096019
41.312903,33,6776.621564
41.517799,27,6777.130343
40.385563,29,6777.702368
-38.54,35,6778.373957
35.803279,31,6778.881202
35.43295,49,6779.719074
-44.23,26,6780.179659
34.874869,29,6780.618728
32.9,35,6782.900942
36.0,34,6783.483891
35.806122,25,6783.904464
32.740072,33,6784.469113
-44.59,20,6784.827742
-34.52,29,6785.317119
-38.12,44,6786.107136
35.311189,37,6786.734308
-35.51,32,6787.32023
-37.37,30,6787.897801
37.614157,31,6788.44942
-32.6,39,6789.150309
-35.69,21,6789.538422
41.223443,25,6790.009119
-35.73,24,6790.441815
35.251064,28,6790.942356
38.146418,31,6791.451265
-41.2,39,6793.970832
35.578947,37,6794.606217
40.897475,25,6795.04366
-37.98,31,6795.778661
38.294372,49,6796.607618
-44.91,29,6797.140017
36.0,34,6797.769089
-38.32,29,6798.245775
32.542017,35,6798.848554
39.927321,39,6799.524842
-41.33,25,6800.018828
-41.1,23,6800.422759
40.280582,29,6800.946415
44.368927,44,6801.687675
-37.95,27,6802.072097
35.386946,27,6802.447128
38.902724,31,6804.792326
35.61194,33,6805.395359
38.58699,28,6805.917452
-32.85,35,6806.491248
-41.52,29,6806.992835
38.539773,28,6807.504751
35.040441,35,6808.100955
-45.0,46,6808.88582
38.485294,29,6809.392681
33.0,30,6809.917688
35.038674,35,6810.532333
-42.0,39,6811.195019
41.408451,46,6811.960827
47.308219,23,6812.39011
-32.43,48,6813.151422
44.341818,19,6815.298048
-44.28,25,6815.743422
-35.31,27,6816.21653
-41.8,30,6816.748184
-38.7,30,6817.324768
-37.69,37,6818.216536
-44.32,16,6818.497061
40.689601,26,6818.919791
-35.35,25,6819.342273
41.27551,46,6820.177749
-47.07,20,6820.535997
42.0,39,6821.382123
37.55866,28,6821.899626
44.874539,18,6822.244188
32.549242,31,6822.757931
35.57931,28,6823.245247
-39.0,34,6823.714868
38.409091,27,6824.109257
-48.0,63,6826.979717
43.584316,30,6827.492554
38.598131,24,6827.928125
35.530075,32,6828.457492
40.350016,32,6829.016379
41.238782,36,6829.626306
42.0,28,6830.114934
35.257638,43,6830.814627
41.729242,23,6831.264443
38.864198,27,6831.773976
-35.55,41,6832.47722
-39.19,34,6833.062974
-41.32,22,6833.463308
-40.39,23,6833.763349
-40.38,42,6834.419554
-42.0,31,6836.861809
35.200855,30,6837.388383
-38.03,31,6837.955226
-35.6,33,6838.502419
-38.75,27,6838.973551
32.022321,40,6839.652965
38.06332,34,6840.209495
44.569343,19,6840.579123
44.401515,21,6840.937284
-41.27,24,6841.364073
38.046875,83,6843.035265
39.0,23,6843.467003
35.280919,23,6843.846107
41.623529,24,6844.191188
-35.11,30,6844.609137
40.672555,31,6845.068903
41.1625,24,6845.440495
-34.65,26,6847.784849
-44.41,20,6848.136714
-37.66,31,6848.794935
-42.0,20,6849.206052
-42.0,36,6849.879589
-38.16,20,6850.235654
-44.87,22,6850.648936
-36.0,25,6851.099645
42.0,22,6851.490796
-41.61,26,6851.936013
-41.91,25,6852.376199
-41.15,23,6852.808833
35.094752,64,6853.960382
-41.2,32,6854.430155
38.759582,22,6854.725953
-37.68,34,6855.209066
47.309091,26,6855.815545
-32.33,33,6856.298169
-33.0,34,6858.829858
-35.67,26,6859.268904
40.724427,22,6859.701581
41.313253,31,6860.231885
39.0,34,6860.841748
-40.95,28,6861.30867
-32.9,29,6861.767195
-38.08,25,6862.219601
-35.35,41,6862.943745
-40.79,27,6863.376313
-35.39,40,6864.021894
41.712598,23,6864.340489
41.674658,33,6864.79487
-40.56,58,6865.589603
41.703704,35,6866.086377
-43.62,35,6866.679064
40.86518,32,6869.14599
-44.44,30,6869.66928
41.039573,33,6870.466525
40.695636,23,6870.875577
45.0,21,6871.2309
-43.91,31,6871.775293
37.725867,23,6872.176772
34.955602,26,6872.614878
-41.85,33,6873.206272
-37.6,33,6873.978363
33.0,32,6874.52538
41.167453,41,6875.11535
-39.0,28,6875.523908
38.51417,26,6875.868226
-41.8,25,6876.209797
32.379791,27,6876.588562
-38.68,27,6877.05068
-35.47,39,6879.700503
-40.59,24,6880.095984
32.357414,43,6880.839235
38.44964,30,6881.408758
-32.55,37,6882.076569
-38.28,24,6882.495007
42.0,20,6882.797938
38.579861,46,6883.659698
-39.0,29,6884.150524
44.386207,25,6884.56863
-37.64,33,6885.108487
35.179293,28,6885.463839
-40.84,23,6885.796657
-35.33,29,6886.20532
-35.46,34,6886.672476
-41.55,37,6887.286835
44.498195,25,6887.713736
32.804878,38,6890.315063
44.017391,22,6890.690777
-32.29,30,6891.226185
39.0,41,6891.901669
41.025723,41,6892.612963
38.795455,22,6892.975794
38.495833,20,6893.338374
33.0,31,6893.85645
33.0,52,6894.717255
-38.09,30,6895.354445
38.249395,27,6895.771665
-40.42,29,6896.440121
47.033898,24,6896.807356
-41.65,33,6897.375371
-32.3,33,6897.930198
41.581281,27,6898.377971
35.175097,42,6901.146164
37.696724,48,6901.9401
-32.07,34,6902.536904
40.782626,34,6903.134212
38.144032,78,6904.507851
35.912536,37,6905.158356
-42.0,18,6905.451521
34.376433,27,6905.823513
-39.0,24,6906.139135
-44.38,19,6906.411448
-36.0,36,6906.943924
44.230189,29,6907.361524
-35.3,33,6907.938339
-44.43,29,6908.457274
-38.54,28,6908.971275
-40.85,24,6911.319378
42.0,25,6911.767781
-32.8,26,6912.20645
47.034853,28,6912.713941
41.148014,25,6913.189237
-35.24,30,6913.711593
-38.07,38,6914.349237
-35.49,25,6914.784308
41.106083,25,6915.217447
43.531381,26,6915.599555
47.158879,15,6915.816289
-32.25,38,6916.347537
37.429225,25,6916.723831
-38.83,28,6917.097023
37.590993,37,6917.713789
40.418442,24,6918.151785
-35.86,30,6918.697392
35.340164,24,6919.071944
44.292057,29,6919.581274
-35.56,27,6922.059627
-32.35,38,6922.723478
-39.0,26,6923.16352
-34.65,38,6923.889389
32.629921,52,6924.777297
40.964105,38,6925.477141
41.189516,22,6926.025383
-32.18,32,6926.441051
-37.91,41,6927.008692
35.471186,24,6927.319716
-33.0,36,6927.835929
37.252415,31,6928.381396
36.0,36,6929.066363
35.423387,28,6929.595562
-40.13,42,6930.424884
-35.14,31,6932.896397
-38.13,29,6933.352338
-38.27,28,6933.824711
-37.79,29,6934.38526
41.515152,42,6935.075783
-44.88,26,6935.513563
37.53116,30,6936.037824
32.134483,55,6936.865016
-41.0,24,6937.168671
-35.91,32,6937.749129
-41.75,31,6938.28181
-38.25,26,6938.746628
34.802583,32,6939.299922
35.457778,24,6939.754192
39.0,21,6940.118749
-39.0,28,6940.620679
37.456018,25,6941.039771
-32.2,28,6943.619569
-38.93,29,6944.120977
32.471861,34,6944.680339
43.691097,30,6945.196157
38.62543,32,6945.732327
41.142857,29,6946.162495
36.0,28,6946.54262
-38.33,34,6947.01761
32.345161,55,6947.80961
32.391635,37,6948.673877
32.557447,38,6949.32321
-42.73,25,6949.740958
-35.54,28,6950.23486
41.318668,26,6950.701707
38.319265,50,6951.578731
-38.96,35,6954.347956
-41.54,28,6954.829418
-32.97,36,6955.432514
44.085914,40,6956.115704
-41.79,26,6956.528046
-41.18,27,6956.953045
38.324444,31,6957.379976
-47.55,22,6957.664005
-40.53,37,6958.182091
32.323741,29,6958.622069
-36.0,28,6959.114945
33.0,28,6959.610102
32.255605,26,6960.058788
-43.95,27,6960.52627
-41.28,35,6961.121965
-39.0,25,6961.54588
-31.72,58,6964.459768
-41.88,35,6965.117357
40.591892,32,6965.635934
-44.57,21,6965.98202
37.917049,29,6966.445003
-41.44,27,6966.813691
44.26012,27,6967.177817
47.875,23,6967.501929
40.178722,25,6967.91563
-44.25,19,6968.221051
-32.41,46,6968.999619
-32.15,35,6969.655884
-39.8,27,6970.054317
-47.96,30,6970.591406
32.246667,38,6971.282702
35.110266,25,6971.726646
-38.18,22,6972.098766
35.443089,28,6972.542615
-43.53,29,6975.164166
35.506667,38,6975.875898
-44.5,25,6976.333418
-40.78,25,6976.756994
-41.01,25,6977.162575
44.574074,24,6977.53385
33.0,34,6978.094028
44.160991,23,6978.609587
38.808118,23,6978.98784
36.800983,27,6979.43896
-44.34,20,6979.763043
-39.0,27,6980.24327
-38.65,20,6980.571352
39.0,22,6980.991762
-44.24,21,6981.341845
43.897306,27,6981.790018
38.152985,29,6982.29714
-41.24,28,6982.768681
-39.0,27,6983.24988
-32.72,32,6983.812018
35.707317,37,6986.430575
38.337045,43,6987.262834
47.258234,23,6987.652749
-47.0,21,6988.007186
35.590551,29,6988.452345
-35.06,24,6988.791253
37.876497,30,6989.258751
-43.59,27,6989.701811
-37.56,31,6990.25365
34.628405,26,6990.700776
-45.0,23,6991.135027
32.254601,27,6991.585706
-34.66,30,6992.092748
39.0,26,6992.544186
44.757764,23,6992.937361
-43.61,21,6993.32106
38.572414,66,6994.389478
37.688755,33,6996.939829
-32.39,26,6997.333652
46.892214,24,6997.698702
36.0,23,6998.039298
-38.65,40,6998.611613
47.415094,19,6998.864961
40.73034,50,6999.566896
44.903101,17,6999.842677
-38.77,25,7000.270624
-43.35,33,7001.037516
-32.24,44,7001.792954
38.387325,30,7002.328647
38.270806,32,7003.829632
35.782609,26,7004.492068
38.813853,30,7004.985689
-40.98,21,7005.362186
39.941359,24,7005.761514
-41.02,22,7006.144354
-32.08,38,7008.581737
35.50365,35,7009.1362
-35.03,37,7009.697254
32.012346,31,7010.148611
-32.5,33,7010.643185
-35.13,37,7011.270706
35.718045,29,7011.770405
-47.16,16,7012.042863
-37.7,20,7012.379897
-36.0,30,7012.896513
-32.61,36,7013.459848
38.722222,25,7013.868851
-35.02,25,7014.284464
33.0,30,7014.825004
32.194656,41,7015.550875
38.858824,32,7016.113289
-36.0,28,7018.461959
-42.0,28,7018.871969
41.480132,28,7019.240388
-44.15,26,7019.66613
42.0,33,7020.139829
-40.8,17,7020.383054
-41.71,27,7020.766575
-37.82,32,7021.239074
-32.12,31,7021.725706
38.577358,24,7022.150931
-37.77,32,7022.783166
43.205534,27,7023.253098
-37.79,32,7023.865689
33.0,25,7024.301883
-32.17,26,7024.788694
-35.24,48,7025.637514
41.100402,23,7026.034567
34.988697,54,7029.070987
40.984146,32,7029.583436
44.052817,21,7029.931164
-40.86,31,7030.386188
37.388426,25,7030.905638
38.01,20,7031.347141
-43.53,27,7031.752362
39.0,20,7032.082995
38.439924,28,7032.543537
41.195122,32,7033.112215
39.0,23,7033.555115
-34.27,45,7034.347429
-41.23,26,7034.806752
44.041825,24,7035.698728
35.696296,28,7036.16952
35.121874,38,7036.739271
-38.21,49,7037.561501
-33.0,85,7040.804662
-41.42,36,7041.338682
36.935217,36,7041.866287
35.220616,34,7042.382486
-41.25,33,7042.911949
38.843373,24,7043.35828
35.680608,65,7044.48414
-39.82,35,7045.090213
-43.68,23,7045.523245
41.315707,22,7045.926254
-38.59,55,7046.813341
-41.67,29,7047.375828
-36.0,30,7047.915118
-42.7,37,7048.497909
-36.0,38,7050.963681
41.149091,25,7051.366241
40.346172,31,7052.518206
41.198502,24,7052.923502
39.0,30,7053.438897
37.193458,26,7053.847139
-32.38,30,7054.549156
-38.07,32,7055.075294
42.0,22,7055.458278
38.399254,31,7055.985006
-34.41,33,7056.558511
-35.41,35,7057.362146
41.609272,30,7057.834678
-32.38,43,7058.551179
-32.85,29,7058.976881
-41.37,24,7059.323075
46.987171,33,7061.712959
32.202055,31,7062.180515
-38.67,30,7062.62782
40.082058,32,7063.147149
38.323263,22,7063.520085
-39.0,19,7063.978688
41.527999,31,7064.503446
-35.64,28,7065.022883
37.832749,23,7065.422993
-35.09,36,7066.053943
44.093596,17,7066.337834
-32.27,27,7066.784496
43.532687,22,7067.15509
32.580882,34,7067.729043
-43.94,18,7068.011964
41.377419,20,7068.387073
-41.37,26,7068.760989
-42.0,28,7069.183673
-37.58,29,7069.62987
43.676727,19,7069.889363
-38.56,26,7072.1576
-38.06,33,7072.63703
32.052632,46,7073.343562
-35.53,34,7073.939141
41.664151,27,7074.408802
-44.01,34,7075.021821
38.334248,32,7075.57221
34.957831,34,7076.179003
35.072508,29,7076.685444
-38.17,25,7077.102799
-41.09,27,7077.529891
-38.39,27,7078.004044
-32.3,33,7078.547234
38.47234,19,7078.82204
-42.0,27,7079.237978
35.390476,24,7079.799306
41.09902,37,7080.489691
-32.84,32,7082.869796
-39.0,55,7084.040297
-33.59,41,7084.806476
-44.56,30,7085.321061
41.099338,33,7085.90369
-32.04,47,7086.704885
44.805755,23,7087.128168
41.220101,37,7087.756299
-36.0,38,7088.435421
-40.85,23,7088.840715
-35.35,38,7089.464602
-41.03,34,7089.92172
-38.67,40,7090.579147
-35.13,27,7091.01061
40.875158,36,7093.58405
41.190559,30,7094.036678
41.701987,25,7094.477979
36.0,73,7095.712654
36.695018,35,7096.288553
32.576324,26,7096.64795
-37.55,33,7097.220447
-36.51,35,7097.824858
-35.27,35,7098.483037
-44.62,26,7098.931213
-38.59,26,7099.326977
38.047782,34,7099.842962
-32.44,76,7100.93906
-32.07,42,7101.642936
35.964286,42,7104.519214
-45.0,26,7104.943671
35.26259,30,7105.471997
-39.0,33,7106.063374
-45.0,20,7106.543553
-32.05,29,7107.088164
-41.42,36,7107.704957
31.887234,55,7108.60341
35.6,29,7109.117482
38.056034,24,7109.692501
-38.49,58,7110.636468
-40.58,30,7111.098281
-36.0,61,7112.222795
47.338868,24,7112.605481
-43.37,22,7113.001369
35.549669,27,7115.268404
35.911032,27,7115.71708
-41.02,25,7116.119217
-47.51,25,7116.564294
41.009259,29,7117.102646
41.252896,34,7117.653659
32.19337,28,7118.123706
42.0,20,7118.502243
37.754396,27,7118.981536
47.5,13,7119.212641
-37.51,26,7119.625981
38.053381,28,7120.037664
-45.0,22,7120.355042
-38.63,37,7120.926915
-33.0,29,7121.424363
-41.66,23,7121.84052
-40.96,27,7122.325644
-38.37,35,7122.954242
40.38967,23,7123.375977
38.091575,29,7125.802408
-32.8,30,7126.365746
38.070695,31,7126.918109
-44.44,27,7127.435146
-35.36,37,7128.114275
37.533873,27,7128.56841
-41.63,22,7128.953186
38.001174,32,7129.965688
-35.04,33,7130.465833
-40.92,25,7130.831633
-32.87,26,7131.206256
38.301105,52,7132.061823
35.213879,30,7132.587769
-35.49,26,7133.036438
39.0,23,7133.626504
-33.0,28,7134.131648
-32.56,36,7134.775856
42.0,27,7137.346477
-44.75,27,7137.815401
41.168116,32,7138.342253
42.0,23,7138.743167
37.506969,58,7139.815883
32.080321,33,7140.411879
43.63424,25,7140.770983
-44.13,45,7141.433401
35.26601,33,7141.910303
35.333333,49,7142.732538
44.5,31,7143.456862
-45.0,27,7143.901011
41.697183,22,7144.288985
32.227437,31,7144.826543
-39.0,22,7145.193398
39.0,28,7145.609724
-34.42,27,7147.924411
37.790853,28,7148.418041
-38.2,27,7148.885406
44.171206,23,7149.288649
-47.5,26,7149.776763
-37.48,46,7150.533122
-41.24,26,7150.929834
-32.19,31,7151.381393
37.703082,39,7151.955676
41.527837,50,7152.724043
44.117341,21,7153.099835
32.433498,33,7153.66666
36.0,26,7154.108128
40.030057,28,7154.602514
-47.82,45,7155.328704
41.752475,21,7155.632032
-41.87,22,7157.871578
-41.53,25,7158.266254
-37.89,46,7159.086721
40.752918,26,7159.510744
42.0,21,7160.031233
-41.69,23,7160.556579
-34.74,98,7162.199705
39.897505,28,7162.831571
44.0125,19,7163.206175
32.238971,38,7163.892891
35.52868,29,7164.39662
32.120155,35,7164.976775
-38.74,25,7165.422207
41.251852,24,7165.817759
40.173788,28,7166.317538
44.273381,23,7166.645094
-38.03,36,7169.086905
41.007812,24,7169.503352
-44.38,31,7170.019015
-35.76,29,7170.443062
38.271318,65,7171.43906
-40.62,19,7171.717497
41.630282,27,7172.150841
-38.06,35,7172.693936
35.315689,31,7173.204816
-35.41,25,7173.590559
-41.4,30,7174.111327
41.247813,34,7174.734961
-35.5,25,7175.164011
-35.85,23,7175.593321
-39.0,32,7176.148967
-43.43,46,7176.875057
-37.95,81,7180.093862
40.750484,21,7180.496933
-45.0,31,7181.013599
38.5,35,7181.538536
-35.51,24,7181.891589
-40.68,28,7182.332674
-35.88,30,7182.806496
-41.54,22,7183.172988
38.707317,27,7183.657487
-36.0,42,7184.395638
35.520134,43,7185.127381
-35.23,32,7185.661315
42.0,28,7186.232323
-40.83,26,7186.856043
40.012642,46,7188.012289
33.0,33,7190.609535
38.922297,24,7191.060673
-38.84,35,7191.57036
38.546185,31,7192.000915
41.844679,19,7192.93117
-41.29,24,7193.33204
-38.18,30,7193.831921
32.928854,33,7194.392904
42.808274,19,7194.721312
38.902724,25,7195.171806
41.804878,26,7195.610951
38.638783,25,7196.029212
-40.96,22,7196.468232
-30.0,31,7197.037153
38.66065,24,7197.45277
-31.92,55,7198.297004
-38.05,31,7198.756115
41.714859,33,7199.256555
-40.4,27,7201.663693
-35.8,44,7202.31163
-34.56,33,7202.830295
44.520492,23,7203.249537
-37.75,38,7203.923475
34.086859,28,7204.411523
41.678571,23,7204.818398
35.808673,30,7205.363345
40.87539,22,7205.757405
-40.87,24,7206.203682
-43.66,33,7206.762085
36.0,36,7207.360169
-32.78,27,7207.854012
-43.92,43,7208.490963
-43.93,25,7208.841851
-38.52,33,7209.327104
-32.31,72,7212.287727
35.748971,29,7212.70995
40.454786,83,7214.524275
35.110467,51,7215.393287
-38.83,44,7216.141366
35.200406,29,7216.673734
34.567616,35,7217.287021
-38.0,26,7217.774657
35.198473,29,7218.278
-47.42,19,7218.586787
39.0,25,7218.962769
-44.44,27,7219.385427
39.0,23,7219.754173
-36.0,28,7220.201733
38.356164,28,7222.560272
-37.76,29,7222.970683
38.530387,25,7223.34369
33.0,28,7223.77564
-35.08,38,7224.464419
-42.0,35,7225.064878
-40.87,21,7225.446185
-38.32,25,7225.842469
-44.08,21,7226.267714
32.130841,36,7226.858273
36.0,34,7227.597809
-40.45,30,7228.081828
-35.49,40,7228.69461
-43.39,28,7229.115966
-44.22,24,7229.465102
-40.43,27,7229.877738
-32.4,65,7231.223267
-41.0,32,7233.784737
-33.0,35,7234.31632
43.988395,19,7234.673129
-35.3,36,7235.284286
-35.53,23,7235.677736
41.356164,36,7236.316631
-36.0,40,7237.004914
-40.65,44,7237.731131
-32.17,43,7238.614702
-35.23,34,7239.131213
41.571429,27,7240.001483
-44.95,14,7240.227212
38.123288,33,7240.78167
38.90146,20,7241.109479
-38.64,30,7241.583114
34.281458,31,7242.091331
-34.92,33,7244.524795
34.809719,35,7245.089564
37.864018,31,7245.64195
44.328467,25,7246.084023
45.860693,20,7246.432271
-33.0,29,7246.967108
47.710843,16,7247.245602
-38.42,23,7247.648414
-37.98,35,7248.237921
-47.16,22,7248.601669
38.684879,38,7249.154455
-40.73,21,7249.646078
-41.63,24,7250.005097
-44.03,20,7250.313454
-46.31,32,7250.875018
38.875421,25,7251.319973
32.90106,32,7251.895455
41.362963,28,7252.414516
39.0,23,7252.793846
-35.38,31,7255.077845
-38.57,25,7255.424742
-47.94,28,7255.841857
-35.76,38,7256.423044
35.732,29,7256.933854
-38.7,42,7257.673651
-32.07,44,7258.41712
38.42236,44,7259.210564
42.0,21,7259.576918
32.172414,29,7260.018258
41.228323,47,7260.704577
-44.46,20,7260.974518
-35.88,28,7261.392065
40.942768,43,7262.113273
-37.92,37,7262.763934
-35.02,45,7265.349288
-34.33,39,7266.093177
32.250883,31,7266.942575
-42.0,36,7267.669002
35.752896,33,7268.245518
43.75,25,7268.702128
-40.97,27,7269.163324
32.49434,38,7269.777808
38.602543,30,7270.29845
41.66805,23,7270.673796
-34.76,36,7271.225513
36.0,27,7271.633538
38.177843,28,7272.07175
-41.45,28,7272.477759
32.705128,31,7273.583729
35.33195,22,7273.956867
-44.78,22,7274.35176
38.229167,32,7276.789905
-38.66,32,7277.329639
-41.34,22,7277.721087
-41.16,28,7278.250953
-45.0,29,7278.803035
41.150198,24,7279.405084
30.0,43,7280.146245
38.313625,32,7280.609052
35.258197,34,7281.101651
47.233463,27,7281.520028
-32.91,30,7281.96922
-38.56,34,7282.551539
41.935811,38,7283.196711
-41.45,25,7283.632688
-33.0,35,7284.213887
-39.0,26,7284.669452
42.0,22,7285.05412
-33.0,29,7287.407809
-32.42,50,7288.296327
-41.37,37,7288.95462
32.655678,58,7289.955765
34.774977,37,7290.496886
37.716912,34,7291.007286
-34.97,32,7291.490213
35.295775,38,7292.298579
-37.01,27,7292.822012
-33.0,28,7293.553296
-40.78,24,7294.025004
38.007653,22,7294.372208
-32.71,35,7294.969977
32.777328,36,7295.590911
37.574127,42,7298.133355
-31.64,79,7299.488582
38.157253,31,7300.016337
-41.74,22,7300.407013
37.857143,26,7300.800379
-32.71,37,7301.327484
-41.65,28,7301.787077
32.329114,26,7302.280398
34.741379,36,7302.918251
-32.8,42,7303.629268
-38.18,31,7304.225953
41.233791,28,7304.721409
-38.87,26,7305.142227
-34.82,41,7305.819212
32.403941,39,7306.40897
-43.26,64,7309.348224
38.443609,27,7309.784805
44.57,24,7310.197559
41.760148,31,7310.663974
-37.58,50,7311.374275
-32.43,46,7312.060022
-42.95,24,7312.413964
-35.76,27,7312.90013
-44.62,29,7313.427007
-39.64,18,7313.709938
44.92093,29,7314.205316
37.511839,24,7314.613386
-39.0,25,7315.060614
38.418519,32,7315.644178
-42.0,23,7316.161755
41.709434,22,7316.488544
38.196135,42,7318.995026
38.02214,30,7319.772287
-41.74,24,7320.190935
42.0,23,7320.584529
-32.41,31,7321.05037
44.042782,34,7321.545428
46.942933,25,7321.921455
32.189655,40,7322.513645
38.198675,29,7323.060538
-41.72,28,7323.544322
41.032215,30,7324.044278
35.876777,27,7324.45703
-32.3,28,7324.962921
36.0,29,7325.477171
38.291391,27,7325.923873
-35.01,35,7326.497765
32.657258,51,7327.373843
-32.92,37,7329.798666
-37.02,47,7330.59809
41.677419,28,7331.103651
38.483279,43,7331.728687
-41.92,30,7332.195616
-47.93,28,7332.645406
33.0,32,7333.116481
41.247232,46,7333.935165
-41.17,20,7334.268264
35.001799,36,7334.900354
-33.0,33,7335.463177
-35.02,30,7336.000797
35.003922,28,7336.479881
35.950192,31,7336.998219
-40.62,31,7337.449644
-35.09,31,7339.814549
-38.08,22,7340.187258
32.806723,53,7341.135563
41.409449,23,7341.457788
38.524138,24,7341.802038
-33.0,41,7342.38068
-40.67,41,7343.02358
42.0,28,7343.520715
44.244526,22,7343.915561
38.901818,31,7344.691731
-38.58,24,7345.250212
38.590909,30,7345.881383
-44.77,17,7346.176995
-35.59,29,7346.686194
32.820122,50,7347.504644
-40.8,46,7348.201463
-38.11,24,7348.559691
44.201613,16,7350.794091
39.0,30,7351.328746
35.05042,33,7351.832502
-41.45,18,7352.125041
-38.76,31,7352.590118
-35.45,27,7353.003176
-41.01,22,7353.335114
32.440141,47,7354.08302
-36.0,31,7354.565517
-44.13,34,7355.203044
-33.0,27,7355.651736
37.519435,36,7356.328972
41.054273,31,7356.910032
44.616935,20,7357.258643
-33.0,39,7357.949525
-38.42,26,7358.304639
-37.34,24,7358.684024
-39.0,22,7359.044893
44.406475,26,7361.546931
38.9,21,7361.894278
-39.0,21,7362.264776
-38.4,32,7362.82864
42.0,45,7363.520521
-38.25,40,7364.119246
38.275424,33,7364.698619
-32.58,32,7365.244608
44.217666,38,7365.971512
-38.11,28,7366.441549
-38.21,30,7366.959606
-32.28,28,7367.459844
-35.13,36,7368.123756
-35.12,30,7368.672142
32.7897,60,7369.566033
-35.33,28,7372.438527
-32.65,33,7373.062859
38.522727,28,7373.484936
38.419463,32,7373.944394
45.0,14,7374.171849
41.62807,29,7374.592008
-32.11,55,7375.447278
-41.75,52,7376.397698
35.983936,41,7377.082202
41.088889,26,7377.528826
41.208609,43,7378.328873
37.680043,33,7378.921621
32.845324,31,7379.416826
-44.17,58,7380.264663
41.189807,23,7382.57211
-38.49,32,7383.209987
38.645914,33,7383.737073
37.112541,33,7384.212031
32.75,36,7384.748277
-38.29,32,7385.230358
-42.0,27,7385.65708
-32.82,48,7386.829596
37.555354,28,7387.301018
-38.16,29,7387.868708
38.5,25,7388.359311
44.089057,32,7388.955833
-33.0,36,7389.550147
-35.1,29,7390.010746
32.568093,25,7390.372684
38.57947,27,7390.796245
32.0375,32,7391.253078
-41.81,30,7393.692211
-35.21,32,7394.165958
32.346154,60,7395.051196
41.014717,33,7395.655827
-41.58,27,7396.111415
-41.67,22,7396.482825
-37.78,32,7397.257703
37.94789,23,7397.695955
-41.33,26,7398.338818
-41.5,18,7398.671538
-38.1,29,7399.170841
-46.56,30,7399.656794
32.630522,49,7400.40665
42.0,26,7400.830862
41.684685,21,7401.12231
38.690402,27,7401.542954
44.38806,27,7401.960825
42.0,27,7404.205644
42.0,24,7404.570454
-45.0,16,7404.818018
-42.0,25,7405.188392
41.205607,24,7405.570395
-38.48,33,7406.08585
-37.9,27,7406.617138
32.747368,61,7407.653922
40.486071,30,7408.18313
46.594908,24,7408.594984
-40.93,51,7409.440276
-33.0,34,7410.007802
45.0,29,7410.478403
38.792254,21,7410.779213
33.0,36,7411.310382
-38.05,35,7411.854609
35.325203,28,7414.187826
38.156364,26,7414.59776
-48.0,37,7415.152909
-38.29,36,7415.698124
32.102564,33,7416.236201
39.0,27,7416.731917
-44.6,26,7417.196529
-36.0,35,7417.816717
-41.27,30,7418.326984
-36.0,43,7419.087783
-44.72,28,7419.564759
-44.03,29,7420.052822
-41.28,22,7420.379435
40.835145,31,7420.832633
35.198556,43,7421.470014
35.790698,30,7421.931737
-38.35,28,7422.61456
-38.84,36,7425.205323
39.883273,27,7425.630687
-41.4,66,7426.594748
41.38189,37,7427.229857
-34.68,44,7428.012034
-44.24,19,7428.357163
-41.09,23,7428.747091
-33.0,35,7429.337599
39.732955,23,7429.728208
39.65853,45,7430.475076
32.862205,35,7430.983181
36.0,38,7431.539947
42.0,32,7432.005409
47.244027,19,7432.335191
39.0,20,7432.673239
-44.88,35,7435.179825
35.728774,41,7435.787047
-43.62,26,7436.156741
-37.32,30,7436.599668
44.439163,18,7436.918252
35.057034,28,7437.408864
34.709434,41,7438.082758
-34.99,32,7438.685505
-39.0,35,7439.283878
-38.2,24,7439.823497
40.796336,23,7440.228873
-40.98,23,7440.565031
32.09596,73,7441.554891
42.0,19,7441.846236
-32.38,51,7442.606643
41.65251,23,7443.146192
-41.34,26,7445.526625
38.312855,39,7446.130817
35.193676,35,7446.63775
35.682171,25,7447.055938
-41.43,27,7447.508449
-41.29,26,7447.969944
35.11215,31,7448.739126
35.326923,38,7449.412457
-32.66,26,7449.938273
-39.0,26,7450.546393
-38.96,30,7451.007408
-40.86,29,7451.453864
35.577358,25,7451.818822
-39.0,26,7452.209732
37.108697,36,7452.765623
41.636029,34,7453.330253
-38.75,37,7453.943753
-44.23,26,7456.263002
32.318008,27,7456.646915
-32.53,35,7457.17364
44.114907,30,7457.673043
-38.35,25,7458.113971
-35.1,29,7458.630897
-32.83,29,7459.128001
-38.34,41,7459.819473
40.016934,37,7460.678631
-38.33,25,7461.077213
-46.05,32,7461.520191
45.0,17,7461.783538
44.590226,20,7462.080905
37.796658,26,7462.469627
32.00738,43,7463.239505
38.758044,43,7464.04606
41.759398,22,7464.471459
-34.32,33,7466.874295
34.793525,34,7467.38761
-32.58,37,7468.069693
-37.69,31,7468.593258
-41.81,19,7468.949422
38.23816,38,7469.621412
-44.25,32,7470.110359
37.92801,62,7471.112522
-44.27,47,7471.82427
-41.15,36,7472.381639
40.179059,27,7472.80761
41.016064,24,7473.20278
47.748344,22,7473.678512
-39.0,26,7474.125355
-38.79,36,7475.218513
43.73488,53,7477.836184
32.76779,35,7478.395916
-39.0,28,7478.863938
-34.86,37,7479.522041
38.694444,29,7480.008864
40.792969,43,7480.816174
39.0,27,7481.28216
35.267717,29,7481.776598
36.0,35,7482.345221
-44.06,27,7482.748792
-47.11,21,7483.07604
-35.52,31,7483.542179
-44.06,17,7483.786736
-35.17,23,7484.187848
-38.8,29,7484.667481
-35.27,52,7485.544555
41.693103,26,7488.020109
-45.0,21,7488.352272
-41.14,25,7488.77983
44.409091,17,7489.076074
-45.0,25,7489.49274
47.337649,37,7490.160708
-45.0,28,7490.655811
-35.7,35,7491.255618
37.062675,28,7491.752952
-38.5,33,7492.671169
41.768966,34,7493.189942
38.484496,31,7493.611854
46.879874,52,7494.485594
-44.18,25,7494.92432
-43.93,25,7495.361994
-38.32,19,7495.662502
-39.0,34,7496.226852
42.0,32,7498.649585
41.226415,43,7499.34203
-41.61,32,7499.874728
45.0,19,7500.185917
-35.13,49,7501.018291
41.9,30,7501.994557
-38.3,21,7502.360426
-41.53,39,7502.939424
-41.22,25,7503.322289
32.589928,42,7503.958468
41.458621,26,7504.440034
46.164457,30,7505.010499
37.281187,40,7505.937594
41.275988,34,7506.598491
33.0,31,7507.186884
34.778846,32,7507.773887
-41.07,21,7509.881417
32.007722,47,7510.614725
41.356643,30,7511.122704
-38.32,27,7511.584325
-35.31,139,7513.918136
43.650747,18,7514.193254
38.883019,25,7514.567128
41.463878,29,7515.013783
-37.75,26,7515.399259
44.380795,22,7515.735436
40.600851,26,7516.171672
35.524306,28,7516.670243
32.164983,36,7517.333797
35.785714,28,7517.821239
-32.87,31,7520.182798
38.752953,32,7521.396435
-39.0,34,7521.972925
36.0,26,7522.413222
-41.77,29,7522.956766
40.889764,33,7523.56134
39.0,36,7524.194381
-38.56,23,7524.52013
38.774545,27,7524.909055
-39.02,37,7525.494527
-34.74,43,7526.302709
-37.94,45,7527.061634
40.574199,24,7527.803208
-31.6,32,7528.491145
-35.59,26,7528.883822
34.54,30,7529.328521
-38.39,32,7531.701401
36.0,134,7533.926186
-32.31,39,7534.581788
41.095473,40,7535.207199
-34.19,29,7535.634429
45.0,24,7536.011603
-35.45,30,7536.467858
-33.0,24,7536.873369
-32.91,35,7537.53432
-35.11,36,7538.139069
35.596078,41,7538.720818
-38.26,29,7539.186506
41.763713,23,7539.542372
32.112403,29,7541.956917
-41.46,30,7542.518999
-44.58,32,7543.073046
-34.79,35,7543.746436
-38.99,29,7544.319344
38.460674,32,7544.830156
-40.52,26,7545.253986
44.734286,35,7545.771515
-39.42,32,7546.215852
44.251397,93,7547.696948
-43.5,21,7548.105885
35.955172,32,7548.577344
39.0,43,7549.2187
-32.69,35,7549.727837
44.509537,26,7550.116206
-35.38,30,7552.636012
-31.66,29,7553.363208
-38.09,27,7553.81353
32.9,41,7554.771038
32.378125,44,7555.479589
34.568065,29,7555.907599
39.0,46,7556.603326
-38.68,31,7557.115961
-36.84,58,7558.142821
-30.0,37,7558.704104
37.392589,40,7559.303032
41.04312,37,7559.882157
41.855895,25,7560.254788
32.364341,35,7560.814862
-41.7,24,7563.219345
-33.0,27,7563.69742
-35.59,28,7564.179478
-35.14,35,7564.756717
33.0,34,7565.282013
35.679012,23,7565.941429
-35.63,25,7566.286044
-36.0,31,7566.766919
-35.41,33,7567.323963
38.902344,24,7567.735215
38.486692,37,7568.341386
-33.0,35,7568.856248
-38.89,36,7569.402147
44.422535,23,7569.751511
35.310345,28,7570.152683
37.522041,36,7570.735335
37.836806,30,7571.285715
32.895522,34,7574.308247
32.789474,32,7574.824663
37.652539,25,7575.156281
-41.5,34,7575.625599
32.523077,27,7576.052758
-43.92,24,7576.46456
-40.78,27,7576.916177
-45.0,19,7577.246575
-44.07,24,7577.664361
40.483341,37,7578.514523
-41.69,27,7578.966207
37.34156,27,7579.410703
40.542385,23,7579.999212
-35.47,32,7580.480779
-32.21,26,7580.865168
-32.09,28,7581.357436
-45.0,25,7581.789734
-32.04,34,7582.37568
38.363985,22,7584.699097
-41.47,34,7585.214506
41.017028,44,7585.916964
-47.5,25,7586.265468
-41.13,21,7586.593274
35.448905,34,7587.186841
-32.14,35,7587.78079
38.759615,29,7588.288099
40.787001,33,7588.873778
-41.29,22,7589.24807
38.154472,27,7589.699991
41.136187,28,7590.144464
44.325,22,7590.473217
41.887244,23,7590.819917
-35.23,25,7591.230482
45.0,16,7591.505687
-39.0,24,7591.917463
-40.46,26,7592.393527
41.316017,31,7592.926472
35.555985,30,7595.328571
35.592453,33,7595.818861
45.0,30,7596.232489
43.879635,24,7596.600889
41.815972,29,7597.094982
38.312305,25,7597.548996
44.833935,18,7597.859081
-35.22,27,7598.329879
-32.66,35,7598.946527
-39.0,26,7599.318804
-32.85,33,7599.817211
-38.56,65,7600.759141
44.540193,36,7601.337322
-32.38,33,7601.871645
-41.61,19,7602.190926
-37.35,43,7602.91728
39.0,35,7605.506038
43.51107,25,7605.875066
-38.88,42,7606.502554
-33.0,48,7607.190088
-38.72,31,7607.697722
37.489583,38,7608.319453
-38.36,21,7608.686365
-36.0,28,7609.163564
-32.91,39,7609.760635
-32.34,32,7610.236892
-35.63,37,7610.764972
35.307985,31,7611.246452
37.551343,38,7611.976245
-36.0,31,7612.497321
32.900662,28,7612.988242
-32.11,37,7615.500387
-42.0,21,7615.811952
41.167699,33,7616.314091
-38.12,20,7616.611115
40.67037,25,7616.986008
34.35572,30,7617.492491
-44.37,27,7617.952141
-35.19,26,7618.386336
-35.59,36,7619.022219
-33.0,37,7619.628435
-40.54,37,7620.190506
-33.0,31,7620.706769
40.984901,34,7621.192519
38.519608,24,7621.602988
33.0,32,7622.146068
38.857143,53,7623.072684
37.328544,37,7625.557401
32.156716,53,7626.366385
37.627512,45,7627.123856
-35.35,27,7627.579206
-41.2,21,7627.934732
35.433447,34,7628.513147
32.703448,27,7628.974373
-38.32,44,7629.725751
46.60155,24,7630.23662
-34.57,36,7631.399294
-41.19,44,7632.11265
35.937086,26,7632.597145
38.052402,24,7632.988634
37.765568,40,7633.746867
-38.49,26,7634.199565
-41.05,20,7634.563054
-41.9,27,7636.84824
41.730924,20,7637.145721
-41.96,26,7637.504424
-38.84,24,7637.84775
-32.42,35,7638.439276
-41.43,31,7638.977206
43.583466,21,7639.337854
35.520913,39,7639.973494
-35.01,30,7640.46032
37.845586,32,7640.933842
-32.34,37,7641.496255
-39.0,22,7641.810556
-41.28,30,7642.353454
-35.91,29,7642.870758
-35.16,34,7643.591487
-36.0,46,7644.343637
-38.49,33,7644.922099
44.320872,18,7647.132712
40.336537,25,7647.480516
44.033113,21,7647.794788
-36.5,60,7648.794425
-35.91,58,7649.769043
38.875502,28,7650.189681
-32.38,33,7650.748926
-38.34,28,7651.207596
37.873329,29,7651.565346
-35.72,29,7652.014678
38.475,24,7652.398289
43.730881,26,7652.844585
-35.75,48,7653.702376
-38.21,44,7654.502012
-44.87,24,7654.904483
-41.49,27,7655.36061
-41.71,23,7657.770867
-35.7,27,7658.142421
35.613977,34,7658.663917
40.902117,27,7659.136253
-35.65,35,7659.69397
-38.61,35,7660.309177
40.636667,28,7660.780371
-42.62,21,7661.157134
-38.16,23,7661.489111
32.01227,31,7661.961789
-32.04,34,7662.443879
-32.21,29,7662.880793
-41.09,21,7663.254926
-34.98,35,7663.879616
-37.05,34,7664.459849
-36.93,24,7664.876536
-38.43,36,7665.519729
-44.93,19,7668.091143
38.401754,42,7668.762015
-39.0,30,7669.242368
32.141732,35,7669.811288
-35.5,37,7670.457209
40.638054,25,7670.867881
41.361953,31,7671.337866
-38.24,36,7671.870811
-38.85,24,7672.205127
44.472222,46,7672.874928
-41.14,27,7673.346148
38.473684,25,7673.77095
-41.16,25,7674.223739
40.831528,43,7674.923198
38.382872,44,7675.716936
44.273193,29,7676.223675
35.525,41,7678.707153
-35.91,31,7679.234393
39.0,26,7679.675998
39.0,40,7680.375729
-35.73,36,7680.989573
32.757679,39,7681.582047
-34.81,29,7682.271715
33.0,40,7682.874321
-35.52,40,7683.839662
-44.42,18,7684.145519
-35.38,23,7684.542462
36.0,30,7685.034029
-32.58,33,7685.614045
-37.73,30,7686.115906
-41.67,27,7686.556285
39.0,22,7686.928048
-32.7,43,7689.516261
38.907285,35,7690.1114
41.48556,31,7690.626885
-40.73,23,7691.041608
-35.45,26,7691.399668
-36.0,52,7692.207865
-41.32,34,7692.711684
-32.19,40,7693.367261
38.820423,29,7693.862881
-41.28,29,7694.38193
-43.69,31,7694.921165
44.35,38,7695.575685
38.224138,22,7695.928232
-40.38,27,7696.382832
-41.04,21,7696.725544
-43.92,23,7697.119748
38.6625,25,7697.555115
-41.6,26,7699.872492
-41.9,18,7700.184153
32.159696,36,7700.782566
-41.08,19,7701.083023
33.0,26,7701.44548
-38.77,47,7702.159707
-41.19,31,7702.61127
41.214022,31,7703.109362
-32.68,30,7703.582403
-37.93,32,7704.141688
-41.45,24,7704.556674
38.683453,27,7705.015827
32.507788,31,7705.551143
37.664444,29,7706.04886
-33.0,46,7706.841213
-41.4,21,7707.209617
-47.56,24,7707.641308
42.0,30,7710.335942
38.028112,33,7710.917794
-44.56,35,7711.492886
38.626667,38,7712.178064
35.675098,34,7712.690824
-40.8,43,7713.343189
-32.2,45,7714.186199
-38.45,28,7714.667357
-38.33,23,7715.086766
-34.87,27,7715.532751
33.0,34,7716.1154
37.274791,30,7716.601808
-38.0,27,7717.031283
40.632521,31,7717.615757
-35.16,31,7718.080878
-39.0,27,7718.453292
-38.76,21,7720.661362
35.371179,26,7721.125837
35.386441,32,7721.640427
38.250936,30,7722.090051
-35.28,38,7722.620873
-38.84,24,7723.024502
-41.1,27,7723.483389
-44.16,20,7723.782908
33.0,28,7724.307842
38.53012,30,7724.849116
-35.65,33,7725.452006
31.565292,65,7726.506127
-33.0,41,7727.189793
-38.88,29,7727.696217
32.610714,29,7728.224054
-35.45,37,7728.784489
-35.65,33,7731.207085
-35.52,31,7731.717579
-38.58,29,7732.16898
34.364046,33,7732.668335
-44.76,21,7732.994914
-31.98,35,7733.571551
-38.23,28,7734.029835
-38.32,30,7734.88476
-43.78,27,7735.455061
-47.13,14,7735.716761
-38.51,34,7736.303722
42.0,26,7736.754265
32.025532,34,7737.330301
-32.51,37,7738.022213
32.466981,32,7738.575799
-32.51,39,7739.190997
-32.04,30,7739.630934
-38.3,46,7742.204032
-40.74,19,7742.474384
-36.0,32,7742.974522
-38.5,33,7743.44118
-38.41,27,7743.904601
32.84252,28,7744.404738
-34.34,39,7745.065559
30.0,32,7745.695613
38.035736,31,7746.215597
44.646445,30,7746.735448
-47.46,21,7747.072541
-32.33,28,7747.563806
43.220676,30,7748.102553
44.718384,19,7748.409295
-47.07,38,7749.001103
41.691142,33,7749.502142
46.308307,22,7749.842329
-41.37,19,7752.043887
-37.73,26,7752.44183
-38.39,34,7752.963522
-40.97,30,7753.423655
36.0,25,7753.826808
-38.17,29,7754.299747
-41.53,31,7754.862894
38.5,39,7755.528367
-37.89,40,7756.243199
32.226586,31,7756.798386
-38.02,50,7757.651548
38.511628,23,7758.047881
-33.0,54,7758.896685
44.229091,21,7759.207733
-41.12,29,7759.632574
-41.17,25,7760.46977
35.900735,34,7762.999227
-45.86,42,7763.584769
44.868644,24,7763.9881
-37.09,31,7764.506583
-35.84,30,7765.017355
-41.0,28,7765.485663
-48.0,26,7765.972773
41.710366,26,7766.463931
38.160643,59,7767.450345
41.290336,36,7768.103923
-32.53,27,7768.541614
-35.38,27,7768.943283
-41.66,19,7769.246473
-46.57,26,7769.633257
-37.66,26,7769.992417
35.719424,28,7770.425106
37.920495,33,7770.997201
35.026515,27,7773.383807
44.4375,24,7773.72708
-35.63,31,7774.188079
-40.95,26,7774.625426
32.046218,32,7775.233871
32.851852,37,7775.845992
-34.66,34,7776.437574
43.687162,21,7776.796902
38.028436,33,7777.427974
43.489188,31,7777.971063
-36.84,31,7778.501394
41.359551,24,7778.879114
35.594075,30,7779.323734
38.113725,36,7779.846258
-44.64,20,7780.170793
-41.39,29,7780.799909
38.665094,38,7781.515721
40.782208,41,7784.032056
-45.0,23,7784.39107
-40.63,30,7784.974106
-38.24,25,7785.414626
34.812722,39,7786.326435
38.066361,23,7786.961486
32.17192,55,7787.887378
-32.21,41,7788.64171
-40.59,31,7789.161421
35.44702,44,7789.787364
42.0,43,7790.407111
32.203791,33,7790.900437
41.519856,23,7791.292742
-44.8,25,7791.722233
-40.95,24,7792.139965
-38.1,31,7792.70736
-41.18,30,7795.07172
-38.0,30,7795.602315
-38.54,33,7796.18103
38.209402,29,7796.681303
38.518868,23,7797.126276
41.767606,27,7797.619019
-38.64,35,7798.218441
38.203513,31,7798.788633
35.296875,42,7799.44058
35.488208,27,7799.829774
-43.93,36,7800.404296
-42.0,24,7800.775523
35.581395,101,7802.485482
46.948819,27,7802.936375
-35.14,30,7805.134919
-38.67,36,7805.754061
-35.83,31,7806.332342
32.580524,26,7806.776274
40.701143,34,7807.372988
-40.93,29,7807.859704
-38.88,27,7808.352584
32.443636,35,7808.930523
-38.87,25,7809.316746
-35.4,37,7809.954978
38.090909,38,7810.537163
41.263345,30,7810.983313
-41.06,30,7811.393264
41.014035,19,7811.685608
44.106452,20,7812.244294
30.0,63,7813.62212
-41.04,29,7815.961255
-38.01,24,7816.410143
-37.99,30,7816.937438
-41.77,27,7817.39015
-44.52,31,7817.905144
-41.0,24,7818.338624
-35.08,53,7819.215722
41.388889,25,7819.644974
32.629496,32,7820.205384
-35.69,38,7820.823677
-43.94,30,7821.269473
-44.9,27,7821.674026
-39.83,25,7822.037558
-35.25,35,7822.58066
-38.24,26,7823.005663
-41.71,29,7823.509199
-35.57,35,7824.15685
30.0,47,7826.901041
-43.54,63,7827.981094
38.132162,33,7828.544673
38.36859,31,7829.065827
43.634401,30,7829.565034
-32.7,31,7830.064915
39.0,19,7830.396614
-44.21,20,7830.710743
-32.97,40,7831.301275
-41.03,35,7831.895384
35.405204,29,7832.357756
-41.12,24,7832.728619
-39.61,24,7833.173843
-41.6,32,7833.712935
38.658436,28,7834.197432
-37.78,24,7834.614722
-39.0,30,7836.963207
-44.83,27,7837.402944
-39.0,28,7837.86028
-47.25,17,7838.262381
-39.0,33,7838.960367
38.020274,36,7839.588175
-41.32,23,7840.209572
-32.4,35,7840.819482
39.0,25,7841.221538
-41.01,48,7841.960557
40.690476,19,7842.405636
35.738182,27,7842.804512
43.648058,22,7843.176735
-38.44,27,7843.641231
41.031793,29,7844.190553
46.743636,19,7844.495861
-38.08,34,7845.105456
-38.44,41,7845.760804
-35.5,24,7848.037382
44.081104,28,7848.514368
-36.0,33,7849.075641
34.863631,32,7849.633599
-41.29,60,7850.804534
36.0,41,7851.453197
-42.0,22,7851.807783
-38.07,30,7852.287696
-35.01,26,7852.671296
41.80137,24,7853.044573
-39.0,27,7853.563565
-32.48,43,7854.29572
-32.03,27,7854.753792
-41.07,26,7855.187701
-35.56,32,7855.729227
44.002202,21,7856.036838
41.840278,26,7858.30832
-33.0,33,7858.913198
38.298983,42,7859.677478
-41.44,26,7860.246052
-42.0,24,7860.660063
37.620677,29,7861.147198
-44.17,26,7861.555305
43.851545,34,7862.061363
-39.0,32,7862.554243
-40.82,24,7862.924718
-44.18,20,7863.285774
38.773852,25,7863.717487
38.455882,30,7864.199919
47.334437,16,7864.625195
38.547619,40,7865.593513
-35.5,32,7866.224493
-31.61,41,7866.885681
-41.51,24,7867.20586
37.465275,31,7869.627125
-38.62,23,7870.009718
37.652648,38,7870.651448
-32.79,38,7871.295356
-38.64,29,7871.773476
32.165441,35,7872.313067
-38.48,27,7872.661964
41.692274,27,7873.05263
36.0,34,7873.588619
39.0,24,7874.021626
-44.31,31,7874.551111
-30.0,28,7875.029776
35.26986,30,7875.550738
-38.64,37,7876.166791
-37.95,28,7876.677831
38.70438,22,7877.085479
-47.04,27,7877.49087
-41.91,23,7879.754282
-38.29,28,7880.253194
32.097276,30,7880.789731
33.0,37,7881.462589
34.684885,51,7882.340226
44.641115,19,7882.659216
40.837305,85,7883.958429
32.702206,26,7884.436627
-44.38,24,7884.852074
-41.94,30,7885.398943
39.0,23,7885.795821
-32.09,40,7886.494664
-38.82,36,7887.127642
-37.59,34,7887.707211
32.9,37,7888.271154
34.944805,30,7890.670247
41.045627,26,7891.319305
35.276289,32,7891.876327
38.543974,24,7892.28953
38.006337,42,7893.141528
35.400735,29,7893.606491
36.0,32,7894.182465
-38.43,35,7894.806673
36.0,41,7895.515242
-41.47,42,7896.274181
-39.0,23,7896.656388
32.723247,32,7897.189361
-41.86,31,7897.723519
-45.0,20,7898.070199
-37.45,36,7898.653253
34.081055,30,7899.092292
-35.64,31,7901.511119
-40.37,28,7901.92439
-41.51,24,7902.244951
-44.55,35,7902.715568
41.936364,25,7903.110501
-35.62,25,7903.463279
43.958,33,7904.057446
-31.81,43,7904.876249
-38.53,28,7905.367995
-41.83,24,7905.796886
-42.0,18,7906.102092
35.711111,20,7906.47161
41.236162,28,7906.945423
39.0,24,7907.353902
35.021888,42,7908.089077
-39.0,22,7908.519098
-44.88,29,7908.956657
41.582222,44,7911.469097
39.0,24,7911.857423
-33.0,38,7912.397887
38.022901,26,7912.78401
-41.66,41,7913.394038
35.153561,41,7914.203419
-39.68,26,7914.658554
-35.03,30,7915.169089
-40.66,27,7915.654011
-38.91,33,7916.308017
-37.89,27,7916.788033
40.457778,28,7917.329096
41.521308,24,7917.982592
-33.0,39,7918.910202
-47.61,24,7919.338011
34.811688,26,7919.792995
34.549778,37,7920.309131
-44.44,25,7922.651247
36.0,20,7922.936086
-44.22,19,7923.226472
32.166163,37,7923.785794
38.440602,26,7924.17366
41.180266,30,7924.686114
-38.4,24,7925.116919
-41.53,25,7925.571546
-36.0,38,7926.212984
42.545851,48,7927.048746
-42.0,32,7927.618911
-32.1,37,7928.22809
-43.55,31,7928.788153
-41.54,30,7929.342142
41.327338,29,7929.901853
38.525,25,7930.3044
35.321569,32,7930.809413
-31.9,46,7933.28817
-41.35,31,7933.766282
34.859436,39,7934.346697
33.0,36,7934.870243
-35.84,31,7935.335399
-45.95,26,7935.795727
-31.53,32,7936.367506
-41.53,22,7936.751963
-41.27,25,7937.173054
-42.0,26,7937.630806
-38.44,27,7938.07402
38.458236,20,7938.420825
42.0,24,7938.844543
40.328666,27,7939.299311
-40.58,34,7939.872385
-38.9,29,7940.326721
-32.78,33,7940.819187
-36.0,45,7943.761197
-38.22,29,7944.282288
35.214876,29,7944.788445
32.875758,33,7945.372241
41.263566,25,7946.089918
40.623856,21,7946.510337
-46.67,24,7946.994045
38.325581,26,7947.495686
-41.42,32,7948.073009
-44.26,22,7948.45722
-40.61,31,7949.022247
-38.21,30,7949.564541
40.65966,33,7950.181711
-46.92,21,7950.550546
35.385093,20,7950.893335
-42.0,39,7951.465682
35.764901,28,7951.904707
-35.81,60,7954.7641
32.473881,25,7955.142551
37.526361,34,7955.62743
-31.83,37,7956.192431
-32.78,35,7956.786408
35.804878,39,7957.44295
-40.53,25,7957.848436
32.837302,47,7958.694809
-44.72,32,7959.262949
-39.0,28,7959.786353
-38.13,50,7960.658787
-47.56,16,7960.939407
-37.69,34,7961.509327
-41.46,27,7962.001974
38.932331,47,7962.683964
40.734701,32,7965.164657
-38.59,23,7965.51834
-35.49,49,7966.30701
-34.67,27,7966.651417
-40.28,34,7967.16087
-39.93,45,7968.516226
-33.0,34,7969.10818
35.553957,26,7969.592232
38.1,28,7970.107597
-38.46,35,7970.93848
40.263722,40,7971.659905
43.888945,25,7972.301025
44.124274,24,7972.741459
39.0,28,7973.19003
43.969656,28,7973.610361
-35.12,45,7974.309683
36.0,28,7976.682135
-32.21,33,7977.263214
-35.16,40,7977.95324
-41.52,35,7978.560084
-41.91,29,7979.088511
-36.0,22,7979.470231
-38.46,34,7980.066305
32.01938,50,7980.972839
37.347763,35,7981.6445
-34.35,33,7982.222801
-35.42,31,7982.837499
-43.64,31,7983.310104
34.555773,42,7983.991897
-38.02,33,7984.478502
-38.12,32,7984.937307
40.763158,23,7987.12399
38.634228,27,7987.573991
37.369886,28,7988.061475
33.0,39,7988.778507
-35.55,28,7989.279489
-37.93,48,7990.066908
41.17857,40,7990.774521
35.523438,37,7991.472687
-44.01,27,7992.00985
35.407123,25,7992.662753
41.927586,34,7993.254485
-44.59,33,7993.758113
35.154717,32,7994.226615
-37.88,25,7994.59266
-38.72,24,7994.965655
37.813139,23,7995.288046
-46.55,24,7995.663234
-45.0,19,7997.913382
38.440487,36,7998.536082
41.298932,23,7998.956676
32.213235,33,7999.562113
33.445341,37,8000.450338
36.0,26,8000.870543
-41.82,25,8001.358101
37.74677,34,8001.966463
41.003472,20,8002.324463
-32.19,39,8002.980317
-36.0,32,8003.505094
41.040816,24,8003.913044
41.447205,18,8004.232247
-32.43,37,8004.792153
-44.28,17,8005.06502
-44.3,45,8005.729126
-41.83,27,8006.082614
-41.32,18,8006.386092
-45.0,28,8008.773422
37.340759,52,8009.645982
34.977365,34,8010.269106
-41.2,32,8010.799492
-35.68,31,8011.350493
34.674107,33,8011.927979
-41.62,30,8012.43722
33.684362,44,8013.207376
-41.95,18,8013.522444
35.777372,43,8014.209469
-38.5,36,8014.789872
-41.9,23,8015.118268
-41.2,23,8015.429876
-44.26,27,8015.808612
-45.0,19,8016.063057
35.850909,39,8016.631056
35.700758,32,8019.072723
40.809271,24,8019.417123
-41.05,41,8020.092463
-44.09,35,8020.699449
-32.07,56,8021.65009
36.0,22,8022.264751
-41.43,19,8022.618585
38.634761,38,8023.276127
35.750973,26,8023.758448
44.346698,19,8024.096536
41.515267,19,8024.422379
34.671686,34,8024.962137
-38.84,26,8025.468591
38.275334,29,8026.070138
-35.42,24,8026.409829
-40.19,40,8026.977789
-41.6,33,8027.489606
-44.61,29,8029.937128
-41.58,19,8030.311454
-44.29,18,8030.640066
-32.54,31,8031.232575
-38.62,33,8031.787343
43.784542,20,8032.125911
44.100746,22,8032.531238
-41.1,33,8033.432532
-32.85,32,8033.992373
-36.0,26,8034.403343
36.0,35,8034.988579
42.0,22,8035.323918
-38.25,25,8035.700464
41.175758,24,8036.071313
-38.72,26,8036.465801
-38.87,30,8036.910985
-38.6,36,8037.434667
38.647249,29,8037.851595
35.774319,24,8038.198863
36.0,64,8041.237806
-44.3,24,8041.67015
41.156352,23,8042.047811
47.140554,47,8042.83304
45.0,21,8043.208654
-44.34,29,8043.706625
38.901235,23,8044.102826
38.759348,29,8044.594269
36.0,26,8045.017143
-41.44,24,8045.398005
39.143264,43,8046.038026
-39.0,31,8046.492438
-40.91,27,8046.872748
41.132576,28,8047.296489
-36.55,30,8047.745224
38.877323,32,8048.5348
-46.41,33,8050.938224
-38.4,36,8051.551395
43.777992,44,8052.475099
41.162264,29,8053.08458
33.0,34,8053.691772
-38.51,22,8054.060973
-37.83,41,8054.804259
-32.52,35,8055.406988
-41.4,23,8055.819881
-32.62,33,8056.318398
-41.51,40,8056.947533
-38.78,44,8057.54031
44.600491,24,8057.910023
-47.47,20,8058.199062
44.641745,20,8058.505972
-35.29,25,8058.899885
-38.79,29,8059.419774
41.41791,20,8061.765673
38.018403,31,8062.37138
-41.8,27,8062.803791
-32.4,28,8063.287598
41.304636,29,8063.772969
-46.63,34,8064.374333
-39.0,42,8065.075729
-35.22,29,8065.579162
35.055404,36,8066.247201
41.258007,31,8066.70733
35.78777,29,8067.156281
-41.33,22,8067.489778
-41.13,24,8067.822569
-38.28,30,8068.239698
40.846679,53,8069.099027
-39.0,23,8069.491746
32.764259,31,8071.946577
37.757463,23,8072.383953
-32.14,44,8073.169946
31.696474,42,8074.199982
35.448115,28,8074.658232
-45.0,25,8075.099438
-41.1,23,8075.489222
34.620155,36,8076.127132
-36.0,29,8076.743943
32.341232,32,8077.202493
44.909091,36,8077.750915
35.241645,28,8078.145025
34.870803,39,8078.797182
-35.16,26,8079.411208
-32.34,77,8080.709409
35.209877,31,8083.159647
-43.96,25,8083.591879
34.034719,36,8084.213541
-39.0,49,8085.006658
-32.42,39,8085.671218
38.3,29,8086.184172
33.0,35,8086.787537
-38.67,29,8087.20573
35.685714,30,8087.652207
-41.76,35,8088.152092
-35.9,26,8088.48953
-35.74,45,8089.145797
-32.32,35,8089.72574
-37.94,33,8090.305986
44.045113,21,8090.691741
-38.41,41,8093.382087
-38.4,27,8093.826269
-39.0,37,8094.474109
32.775194,37,8095.129977
35.900735,31,8095.647946
35.678431,35,8096.153853
-35.38,34,8096.71748
-41.39,29,8097.189354
-38.82,47,8097.830626
41.102894,32,8098.275048
-35.41,33,8098.7321
32.52381,85,8100.398286
37.971983,23,8100.800302
-40.98,28,8101.314386
40.7949,39,8103.927602
-41.15,21,8104.293451
35.192727,24,8104.918928
-44.39,19,8105.253433
-35.41,34,8105.827509
-35.2,21,8106.218766
-41.39,22,8106.668703
32.211321,38,8107.337567
32.040636,27,8107.803472
34.072917,30,8108.223403
-41.06,20,8108.493798
-35.71,25,8108.842235
32.636691,25,8109.179084
-32.36,36,8109.76462
41.105882,24,8110.190892
-41.16,25,8110.620976
-40.88,32,8111.277348
32.433213,25,8111.676217
38.364078,27,8112.125084
-38.32,74,8115.31438
41.029851,22,8115.678149
31.97619,41,8116.393419
-41.64,23,8116.759791
38.152878,36,8117.368622
-37.55,43,8118.018857
32.293515,34,8118.468364
41.704433,23,8118.787866
-32.9,60,8119.63067
-35.2,30,8120.133087
-35.8,41,8120.837069
-40.37,26,8121.251413
-38.38,36,8121.875389
-32.68,26,8122.31973
35.198992,29,8124.788738
41.178832,21,8125.147276
42.0,25,8125.588219
-44.02,24,8125.985342
39.0,30,8126.46893
-35.13,28,8126.971977
-34.6,40,8127.622927
35.648116,24,8128.026253
-41.21,23,8128.388662
38.082222,27,8128.757213
-38.25,28,8129.139479
37.96408,144,8131.808737
35.689781,28,8132.304604
37.986068,26,8132.752536
41.056291,29,8133.244543
38.789474,31,8135.747429
32.313793,32,8136.300145
-35.2,25,8136.753527
41.930514,21,8137.107681
41.086207,26,8137.554011
39.0,31,8138.092422
37.276119,35,8138.644533
38.393316,38,8139.170251
36.0,42,8139.806692
-38.87,29,8140.213558
-41.94,27,8140.644181
40.452463,22,8141.003612
35.780488,30,8141.528017
-39.0,32,8142.073882
-35.45,25,8142.474667
41.545126,23,8142.857304
37.857934,29,8143.378738
-38.45,30,8145.904216
-38.32,39,8146.647167
-38.76,26,8147.068718
35.729412,26,8147.553431
-33.0,24,8147.994109
33.0,46,8148.751066
-41.47,19,8149.291248
38.317881,25,8149.613205
-40.9,24,8149.975857
44.683333,18,8150.232882
36.0,32,8150.968194
-44.6,17,8151.257758
38.964789,38,8151.923092
-44.46,22,8152.29283
-41.76,22,8152.710981
44.846395,15,8152.975482
44.141414,26,8153.44432
-36.0,27,8153.921437
44.04626,22,8154.286073
35.044292,24,8154.686342
-38.14,27,8157.136189
41.277778,19,8157.44266
34.721856,40,8158.429999
40.816069,25,8158.844862
35.100746,52,8159.578883
42.0,20,8159.875527
35.144242,40,8160.453408
-35.85,39,8161.064743
-35.84,30,8161.554953
-34.55,46,8162.346184
-47.41,12,8162.550321
37.827821,31,8163.067492
-39.0,29,8163.537747
-32.26,33,8164.104975
-41.22,20,8164.444526
-41.06,25,8164.865678
47.041353,29,8165.376919
44.374016,23,8167.751465
34.708333,29,8168.242677
-44.95,21,8168.624275
-32.92,35,8169.196541
41.901639,31,8169.67755
35.112923,34,8170.166174
36.0,34,8170.669439
38.375969,26,8171.060334
-33.0,32,8171.56077
34.936662,31,8172.094263
33.0,61,8173.169576
-47.08,18,8173.450015
-41.41,30,8173.96369
30.0,30,8174.480611
38.778689,36,8175.328964
-33.0,28,8175.829536
-38.24,26,8178.250641
-41.18,27,8178.704317
-38.56,32,8179.336342
-44.52,20,8179.62754
36.0,24,8179.983687
-38.07,38,8180.810905
40.732464,21,8181.137271
-41.8,29,8181.813658
-38.91,27,8182.292291
35.113281,31,8182.820077
38.390909,34,8183.441216
-34.21,42,8184.146318
40.542222,26,8184.826638
-42.0,26,8185.272572
-35.75,34,8185.865022
47.493103,28,8186.362703
-35.94,57,8187.323498
-39.0,24,8189.592714
32.470149,32,8190.046429
-38.38,28,8190.433508
40.617422,32,8190.879639
-35.35,61,8191.779971
44.35905,17,8192.080584
43.372238,22,8192.455822
-37.61,35,8193.072863
-38.39,25,8193.521894
-35.49,29,8194.005357
32.822064,35,8194.578516
-41.85,35,8195.182868
32.798611,28,8195.676732
-38.13,19,8196.010509
36.93713,29,8196.474239
-35.18,28,8196.974237
36.0,23,8197.358881
47.668353,25,8199.746615
-38.37,53,8200.62426
37.439161,42,8201.213684
-38.82,21,8201.506194
35.211268,36,8202.328862
-35.06,26,8202.82921
41.324064,32,8203.414066
-40.46,25,8203.837142
38.407547,31,8204.365239
-42.0,22,8204.776634
-40.84,31,8205.323289
-41.07,44,8206.054314
-34.81,26,8206.523252
41.483271,19,8206.852667
33.0,48,8207.696152
-41.99,45,8208.504973
40.378742,33,8211.002182
40.984165,37,8211.499972
-40.3,69,8212.535948
-38.66,33,8213.075071
41.816794,37,8213.713005
-39.0,32,8214.281656
41.291667,33,8214.861359
-34.17,31,8215.401144
-35.45,30,8215.931635
38.505747,32,8216.465057
-32.28,36,8217.072572
-33.0,31,8217.651118
35.713235,34,8218.245782
-37.24,26,8218.689635
-36.16,32,8221.154602
32.858238,41,8221.70777
-45.65,32,8222.12278
34.629139,33,8222.616975
38.558621,22,8222.95659
42.0,50,8223.828482
-32.3,41,8224.505153
41.39,31,8225.061141
44.848276,28,8225.557992
-40.8,23,8225.953717
-30.0,35,8226.548819
-42.97,38,8227.249881
-37.21,25,8227.932532
41.714777,34,8228.533982
-40.57,36,8229.107953
38.902344,20,8229.447937
-44.37,20,8231.631078
-41.67,29,8232.024414
-36.0,27,8232.406479
32.501976,41,8233.027752
41.256849,25,8233.462479
43.374394,45,8234.254851
38.290234,28,8234.739314
-41.77,60,8235.72904
44.065282,30,8236.267839
-41.35,20,8236.686762
-32.37,26,8237.314827
-37.89,29,8237.799899
-37.89,27,8238.272065
44.719512,26,8238.767236
-42.0,21,8239.114633
38.281022,33,8239.693702
39.0,27,8240.162219
-44.14,33,8242.525011
-41.06,31,8243.023301
-32.23,33,8243.54284
-37.78,26,8244.040058
-42.0,30,8244.541452
-32.72,31,8245.088985
38.788618,32,8245.651863
36.742365,41,8246.458033
-38.5,32,8246.975564
39.0,39,8247.648307
37.714381,27,8248.104195
-41.71,27,8248.560056
-45.0,26,8249.006289
-41.39,23,8249.390835
32.563863,32,8249.964548
41.750877,22,8250.355603
-34.49,31,8250.875883
-44.41,24,8253.051195
41.259843,39,8253.684397
-39.0,29,8254.403746
37.654747,34,8255.076326
-38.3,28,8255.564422
37.853585,39,8256.221172
38.912863,24,8256.64495
41.877483,19,8256.952335
-47.03,13,8257.221772
-35.56,33,8257.775371
38.444867,26,8258.213781
38.5,24,8258.63116
38.785016,25,8259.055099
-40.93,53,8259.955052
40.53006,29,8260.481557
-38.59,35,8261.161821
-40.86,27,8261.646668
39.0,33,8264.132232
-34.06,34,8264.880328
38.723636,28,8265.340391
37.899947,53,8266.276158
35.46941,55,8267.310526
44.711191,19,8267.578834
-40.34,30,8268.083042
41.360465,29,8268.581413
41.545455,25,8269.000601
38.32471,32,8269.573235
30.0,37,8270.270966
-35.89,28,8270.825687
-40.75,25,8271.259712
40.984476,23,8271.613596
41.676796,18,8271.928994
32.557143,34,8272.49024
-35.21,28,8274.672399
45.0,19,8275.024607
33.0,38,8275.715791
38.269879,28,8276.20473
-35.05,29,8276.66831
-36.0,55,8277.613081
-44.81,24,8278.046548
-35.52,33,8278.613254
38.448148,25,8279.027649
-41.35,24,8279.451865
35.707581,33,8280.261317
44.441197,40,8281.204236
-40.71,24,8281.584608
32.710602,33,8282.142343
41.62263,35,8282.765082
43.784173,23,8283.138891
-38.35,27,8283.545732
-32.54,31,8285.821037
47.433099,20,8286.185379
34.304823,27,8286.627228
32.360294,37,8287.252742
32.641026,28,8287.773756
33.0,30,8288.229004
-44.32,16,8288.510186
35.376426,31,8289.043509
-33.0,28,8289.464645
36.0,27,8289.942034
35.183453,42,8290.668634
-41.13,24,8291.041346
32.473251,34,8291.637531
-38.32,20,8291.969672
32.737931,44,8292.745524
35.809339,30,8293.271489
43.422078,20,8293.594591
37.867965,27,8294.003036
38.212851,26,8296.150757
44.508197,27,8296.635201
39.0,31,8297.196831
40.565711,42,8297.893898
-38.22,28,8298.400051
-47.02,16,8298.658304
-41.93,17,8298.968602
43.378353,37,8299.614552
44.864407,20,8299.938658
-35.72,41,8300.664205
-35.51,31,8301.205069
41.391892,20,8301.58581
-40.48,31,8302.113418
40.265407,28,8302.583853
38.527952,27,8303.062395
-35.09,26,8303.515609
-40.35,24,8303.893681
39.957282,21,8304.222791
40.651542,37,8306.549678
-38.87,25,8307.192156
-33.85,83,8308.996772
-32.86,33,8309.552387
40.176788,27,8310.093136
-37.5,25,8310.549893
-41.99,43,8311.305673
-32.27,29,8311.742458
-35.31,30,8312.264474
-32.93,41,8313.039496
33.0,44,8313.774785
39.0,28,8314.249875
41.603922,20,8314.598079
-46.84,24,8314.997292
44.732143,27,8315.38355
-38.0,39,8317.859129
-35.28,39,8318.501885
40.919964,27,8318.936895
37.594482,30,8319.392098
47.504762,22,8319.79469
37.974735,34,8320.377392
35.72428,25,8320.859837
35.781377,32,8321.438952
-31.91,40,8322.300375
41.936321,38,8322.962897
-46.99,29,8323.471316
47.673611,13,8323.709445
-32.4,31,8324.222183
40.613641,25,8324.642241
-41.17,24,8324.993008
39.650602,30,8325.437326
35.536424,33,8325.892421
35.790034,46,8328.475877
41.134675,30,8329.012866
37.769425,31,8329.578735
35.078067,34,8330.121617
32.891008,31,8330.640505
34.664395,28,8331.130531
41.20155,29,8331.643692
38.375839,34,8332.252491
-38.4,28,8332.778226
-38.19,31,8333.72054
-44.2,22,8334.110165
-35.12,30,8334.659253
-41.44,36,8335.244562
-43.39,21,8335.585318
-42.0,21,8335.89912
32.033113,34,8336.444459
38.314672,24,8336.762824
39.681629,29,8337.187417
-32.67,35,8339.970902
35.679181,28,8340.463887
36.78307,36,8341.160152
38.433566,30,8341.829709
44.751656,23,8342.293431
40.996894,33,8342.843805
42.0,25,8343.252836
46.416704,23,8343.620542
-41.14,33,8344.154296
-37.48,30,8344.67054
-35.68,26,8345.113678
34.485294,33,8345.679633
38.791367,33,8346.182064
32.627586,27,8346.564538
-40.77,21,8346.880227
42.0,25,8347.208994
-37.94,32,8347.630096
35.636672,30,8350.042357
38.264228,25,8350.472092
33.967411,67,8351.594166
-40.83,55,8352.548529
35.658635,33,8353.073618
41.392857,27,8353.548718
32.376667,40,8354.248977
-36.0,44,8355.006631
-44.1,39,8355.703952
38.025407,33,8356.172749
42.0,30,8356.663368
32.227437,31,8357.151527
40.94395,65,8358.120978
-42.0,22,8360.410618
-38.76,43,8361.452608
-35.38,36,8362.081313
-38.78,35,8362.659877
-42.0,21,8363.049115
-39.0,50,8363.947338
-37.81,35,8364.591118
35.585106,29,8365.112758
35.227612,47,8365.904798
33.0,34,8366.494632
38.394958,27,8366.931924
35.456604,29,8367.761583
-39.0,24,8368.096676
-38.94,97,8369.557852
-44.52,39,8372.252465
41.086957,28,8372.71844
-40.01,28,8373.243477
-38.32,23,8373.652569
30.0,36,8374.23144
-32.14,34,8374.807055
-33.0,43,8375.591983
-44.47,30,8376.122741
-38.51,30,8376.584574
-41.37,24,8376.919171
32.060606,37,8377.491293
-35.11,32,8377.997357
41.161049,32,8378.514133
44.079245,65,8379.508297
34.665319,37,8381.995387
38.754941,30,8382.498138
38.766423,23,8382.905257
41.509077,36,8383.544218
41.806084,47,8384.39105
44.578947,26,8384.881962
32.008097,35,8385.731258
32.36755,32,8386.709149
35.001938,37,8387.304869
-34.54,30,8387.754657
-44.78,18,8388.04904
42.0,27,8388.44626
38.877622,43,8389.21664
35.831276,34,8389.719372
-35.69,26,8390.130516
45.0,32,8390.61514
-35.34,26,8391.009887
-41.62,26,8393.393159
-37.92,22,8393.771371
-43.52,28,8394.227287
-39.0,23,8394.613862
-38.17,32,8395.162701
42.0,23,8395.561237
-42.33,33,8396.169541
40.597589,37,8396.74768
-35.53,44,8397.428897
-44.23,25,8397.858454
-44.03,20,8398.166674
32.373134,32,8398.671812
41.481132,27,8399.155901
-44.3,24,8399.563594
38.915663,22,8399.893876
-41.05,27,8400.315069
41.168675,26,8400.706111
43.878796,31,8401.182866
-40.17,35,8403.752028
-38.29,41,8404.487294
-34.59,28,8404.955671
34.154345,30,8405.453186
41.489933,24,8405.885547
32.379562,40,8406.526028
-44.41,18,8406.812303
-32.06,29,8407.269147
-34.94,30,8407.749074
-44.67,24,8408.088928
-41.24,23,8408.467782
-42.0,30,8409.029817
-41.25,32,8409.530761
38.275862,32,8410.092075
38.947222,45,8410.75341
-38.33,32,8411.196932
-44.24,31,8411.768512
-38.65,32,8414.45888
-37.39,26,8414.91483
-38.12,22,8415.277357
-41.19,23,8415.761599
41.5,26,8416.24014
-38.45,37,8416.911965
44.065891,26,8417.330334
-41.19,25,8417.69915
-37.28,29,8418.142346
35.428044,45,8418.859543
-35.05,31,8419.38823
-34.88,25,8419.832577
-40.55,27,8420.272129
-40.99,22,8420.615276
44.797203,16,8420.870463
39.0,22,8421.208458
47.42638,35,8421.757208
37.574644,24,8422.139824
34.569462,33,8424.643468
42.0,20,8424.96485
-41.17,27,8425.44132
35.25656,25,8425.827463
32.859316,45,8426.61581
47.042616,19,8426.95731
-42.18,33,8427.486598
-44.1,30,8427.934383
43.683391,29,8428.390631
-41.66,24,8428.750577
39.0,29,8429.189507
44.0,32,8429.737369
38.460317,51,8430.565439
-33.0,31,8431.090882
35.092096,46,8431.811866
-36.0,34,8432.384281
32.709302,39,8435.02869
-32.82,40,8435.696656
34.600459,44,8436.484567
-38.6,34,8437.066483
31.660142,44,8437.786518
44.68915,36,8438.811153
-38.32,24,8439.237094
-38.66,26,8439.704022
-40.45,26,8440.168081
32.305455,42,8440.877487
-38.4,42,8441.539802
-38.36,34,8442.055473
38.779264,25,8442.431699
-41.19,28,8442.86891
32.607407,32,8443.417077
-40.92,34,8445.973051
41.068349,45,8446.773569
-36.0,38,8447.451886
41.039526,24,8447.803186
-31.66,34,8448.337979
32.137037,32,8448.838021
-35.34,52,8449.64547
35.400735,21,8450.033608
32.621795,28,8450.544092
-44.61,44,8451.269657
-37.86,20,8451.569864
-38.32,44,8452.258209
-41.19,21,8452.657231
44.562712,31,8453.227494
35.121212,28,8453.745169
-38.32,42,8456.490565
-35.62,29,8456.96727
38.17217,31,8457.478675
-41.33,29,8457.961056
39.0,29,8458.411231
41.039927,30,8458.868043
38.241379,28,8459.333486
47.629139,13,8459.592734
39.0,22,8459.9835
-38.19,27,8460.488383
41.300939,29,8460.993318
33.0,51,8461.749825
-32.88,38,8462.322645
35.271978,35,8462.92146
44.524193,40,8463.577684
38.309963,27,8464.514958
34.40789,27,8465.029456
-33.0,28,8467.40792
-32.38,31,8467.87259
-40.48,29,8468.295788
-38.25,23,8468.632843
38.506427,33,8469.098247
-35.45,27,8469.485595
-41.5,29,8469.973207
32.581864,37,8470.587661
-38.59,32,8471.180885
37.759805,43,8471.894292
-41.13,26,8472.275978
38.467181,24,8472.664075
-43.28,27,8473.079932
41.412698,47,8473.815426
-44.08,23,8474.236121
41.012698,27,8474.693951
-39.0,34,8475.287818
-44.06,26,8477.606607
-32.62,34,8478.132652
-44.25,31,8478.622149
-47.21,29,8479.128851
40.421579,24,8479.574863
32.195364,30,8480.059892
-36.0,29,8480.636146
38.513812,25,8481.058107
36.904939,38,8481.742381
-32.23,116,8483.592262
-35.87,30,8484.085011
-45.0,41,8484.797793
-35.15,37,8485.453922
34.651852,33,8486.033405
44.507874,14,8488.208476
-37.69,22,8488.545281
-35.98,32,8489.000196
33.0,32,8489.45339
-38.81,31,8490.195475
44.171055,25,8490.903835
-44.45,23,8491.465556
41.763848,29,8491.966708
-33.0,33,8492.674836
38.602649,22,8493.001209
37.788174,28,8493.419001
42.0,34,8493.961501
38.755556,25,8494.335958
33.0,29,8494.813205
-32.27,29,8495.340499
-37.91,36,8495.945901
44.793358,48,8496.746212
-41.43,23,8497.154836
38.900735,36,8499.624801
39.0,24,8499.992241
-40.3,40,8500.631851
39.549306,22,8501.009213
-47.24,34,8501.602549
-35.2,48,8502.448234
-33.0,34,8502.986779
32.239011,39,8503.568522
40.823872,32,8504.073004
42.0,20,8504.395693
-33.0,32,8504.997264
32.900763,42,8505.72834
33.0,45,8506.547668
33.0,25,8507.017997
41.28103,25,8507.446306
-38.35,27,8509.839534
-41.73,25,8510.245631
-39.0,34,8510.823108
-33.0,30,8511.353499
-41.81,28,8511.831008
44.130435,51,8512.74787
-44.1,30,8513.191572
41.3625,21,8513.512843
-32.72,37,8514.064133
35.884892,25,8514.472006
-35.62,38,8515.168419
-32.24,40,8515.847341
-38.42,24,8516.691199
38.778626,22,8517.198133
-32.88,27,8517.672073
-34.23,38,8518.344028
39.945099,34,8520.796677
-35.5,31,8521.27994
35.729167,22,8521.7041
32.878788,29,8522.181086
-34.78,35,8522.840062
-35.23,66,8523.838455
-39.0,38,8524.405492
32.294776,37,8525.004344
-35.43,27,8525.516138
41.64095,33,8526.061449
-34.55,46,8526.84502
-47.38,17,8527.177206
35.560976,59,8528.249359
-32.88,35,8528.849756
-35.16,43,8531.490475
36.864893,40,8532.180124
-40.62,42,8532.892788
44.682243,23,8533.217073
-33.0,33,8533.702002
-35.34,25,8534.084689
-42.0,25,8534.478392
41.647059,32,8535.338016
-38.55,19,8535.65717
-38.35,21,8536.018474
32.879195,33,8536.588253
35.396364,39,8537.327095
-38.14,32,8537.862581
35.086066,30,8538.366066
-35.35,34,8538.983433
42.0,31,8539.545309
35.544828,27,8540.007184
32.741935,32,8542.463529
31.511194,59,8543.677132
41.875,20,8543.986159
-38.05,39,8544.577444
-38.4,22,8544.925119
44.668588,26,8545.381865
38.256944,27,8545.852563
39.0,28,8546.354805
41.256198,24,8546.767549
32.174905,33,8547.268532
32.932836,33,8547.843935
32.2,33,8548.383363
-34.93,31,8548.943981
-45.0,21,8549.366395
-39.0,29,8549.928695
-33.0,30,8550.426175
-44.82,43,8553.033699
-44.38,28,8553.483865
-34.03,38,8554.087561
32.563707,27,8554.504812
-37.16,25,8554.872998
41.31749,23,8555.287793
-41.15,19,8555.621186
38.069536,24,8556.053028
32.030201,30,8556.564441
40.220949,20,8556.919509
38.925781,26,8557.378351
-38.89,24,8557.772595
41.530075,18,8558.115273
-34.81,30,8558.632461
-39.41,27,8559.112512
38.199187,29,8559.614234
-40.36,31,8560.174363
-43.52,29,8560.698556
-44.94,22,8561.113019
-44.02,22,8561.446492
32.918519,51,8564.034133
-40.87,20,8564.343347
46.822471,21,8564.661963
37.289727,28,8565.121701
-47.66,22,8565.483493
34.654356,29,8565.974621
32.101639,30,8566.48918
30.0,39,8567.171966
37.747863,41,8567.965333
-38.82,29,8568.56495
-38.61,24,8569.237348
-41.04,36,8569.839723
-34.87,42,8570.601756
-44.14,20,8570.961413
36.0,23,8571.37596
41.681102,33,8571.941839
38.530405,24,8572.287556
-32.86,28,8574.586178
36.656076,31,8575.048052
42.0,21,8575.379564
-35.56,33,8575.943782
-41.16,33,8576.490041
-38.3,34,8577.081476
47.483871,15,8577.338681
39.0,33,8577.939638
-32.07,35,8578.619099
-38.9,27,8579.10209
41.436441,25,8579.619209
32.895044,50,8580.522347
-45.0,19,8580.837022
-41.14,30,8581.361779
-41.2,77,8582.677375
-44.17,18,8582.953027
33.903648,35,8585.327007
-41.82,23,8585.72793
35.53252,28,8586.217699
-35.4,41,8586.918472
-38.04,31,8587.522169
41.479675,25,8588.023456
32.900662,32,8588.57332
-41.88,36,8589.211688
41.841549,29,8590.459936
-35.9,34,8591.045892
-41.5,42,8591.725662
44.137184,35,8592.24367
35.82069,38,8592.812701
-35.91,28,8593.226169
44.949807,30,8593.710914
-38.77,26,8594.153074
32.092715,32,8596.914096
41.143519,51,8597.732251
-38.83,32,8598.267128
-35.48,47,8599.045028
45.0,40,8599.714476
-38.91,25,8600.131462
38.518797,36,8600.740268
-42.0,25,8601.204107
-38.29,27,8601.693243
38.397638,30,8602.190908
39.0,33,8602.675666
34.643284,32,8603.111884
33.0,27,8603.548282
47.011337,27,8603.980008
-32.49,33,8604.472266
-40.28,26,8604.851229
-35.79,35,8607.27846
32.891608,41,8608.038002
-35.31,43,8608.779497
32.870036,52,8609.636468
44.148769,20,8610.008776
-32.75,27,8610.492627
-42.0,25,8610.90782
42.0,27,8611.375909
40.770522,37,8611.995153
-41.17,28,8612.462269
-35.05,28,8612.871485
-35.48,32,8613.367699
33.0,36,8613.921914
33.0,24,8614.281986
-38.85,33,8614.770144
-37.99,28,8615.2105
40.876241,20,8617.717513
37.965995,27,8618.174291
37.921274,24,8618.721031
41.879377,32,8619.251286
40.961268,29,8619.816972
37.82528,22,8620.184642
-38.51,40,8621.127595
-32.35,30,8621.869578
-32.68,36,8622.478245
-32.53,34,8623.005751
38.7,31,8623.489652
39.0,18,8623.738878
37.700913,40,8624.380065
-38.19,28,8624.813078
-36.96,27,8625.222696
41.6,42,8625.809915
37.646366,28,8626.268101
-39.0,31,8628.72874
-35.53,27,8629.194509
32.535055,33,8629.818897
41.264925,23,8630.248213
-38.22,25,8630.658902
41.229049,28,8631.127429
35.776173,27,8631.581766
-35.2,34,8632.19643
-35.56,41,8632.874056
-42.0,40,8633.527706
41.855422,23,8633.885575
-35.37,25,8634.273179
39.971095,33,8634.758057
-38.58,27,8635.1484
-33.0,60,8636.060028
36.0,24,8636.423391
44.305556,23,8638.880986
35.111475,34,8639.520542
-41.81,20,8639.90615
32.003663,20,8640.237363
-35.45,34,8640.840513
-47.22,20,8641.15222
41.542056,27,8641.610258
-35.3,30,8642.169767
38.069106,28,8642.653475
41.433775,18,8642.925292
-33.0,34,8643.462419
-45.0,29,8643.897462
-38.35,32,8644.389821
-34.54,48,8645.081394
-34.73,21,8645.383529
-39.69,34,8645.910008
40.253038,29,8646.34805
-41.59,26,8647.190774
32.371841,55,8650.471718
-34.87,32,8651.051035
-35.88,33,8651.653131
41.459016,30,8652.207154
41.745455,27,8652.741643
-32.15,39,8653.403485
-38.58,34,8653.935762
38.838346,25,8654.310108
-32.64,31,8654.780498
-38.47,27,8655.16313
46.10752,28,8655.598427
44.63786,27,8655.999424
-35.91,36,8656.550953
-43.28,99,8658.199448
-31.93,34,8660.713877
-44.71,21,8661.06743
-34.87,40,8661.801129
-44.52,22,8662.224863
-44.48,35,8662.839328
32.548872,32,8663.349822
-34.99,36,8663.855033
35.580666,41,8664.496469
38.902527,34,8664.989146
40.798594,33,8665.479155
-41.32,24,8665.828617
35.253521,45,8666.528774
-41.44,27,8666.935425
33.0,41,8667.602024
-41.96,23,8668.02504
32.901709,31,8668.572064
-35.43,41,8671.165132
37.582707,27,8671.500318
-42.0,37,8671.932906
-43.37,21,8672.361085
39.0,41,8673.306708
-35.07,33,8674.186558
-41.31,22,8674.48141
-32.91,30,8675.025706
-44.07,34,8675.580378
-36.0,31,8676.041179
-36.0,28,8676.545051
36.0,29,8677.002656
-35.79,23,8677.370982
-41.56,39,8677.974513
41.88141,22,8678.324781
41.02834,20,8678.62616
41.175824,30,8679.159931
31.998084,52,8682.012243
-41.45,27,8682.536484
35.262774,42,8683.263916
-32.13,29,8683.744301
34.840909,91,8685.263108
41.506224,28,8685.70523
37.912214,26,8686.073509
-35.83,31,8686.602574
-32.54,43,8687.283466
41.827586,26,8687.686075
-35.53,38,8688.261885
-40.03,28,8688.827454
-44.11,20,8689.190056
35.9,27,8689.647835
36.85767,28,8692.11815
34.889339,36,8692.73443
41.023132,20,8693.073694
-41.63,20,8693.470868
-41.18,21,8693.881968
33.0,31,8694.437116
44.465116,20,8694.749421
38.174905,35,8695.264198
42.0,34,8695.769333
35.227414,25,8696.108248
39.0,20,8696.424891
-41.45,26,8696.877473
-37.86,23,8697.218587
38.244444,26,8697.639258
-39.87,25,8698.033529
38.471545,44,8698.673389
44.768908,40,8699.577747
32.692053,30,8700.078267
38.622407,25,8702.55893
38.62406,27,8703.087238
30.0,32,8703.652105
-38.04,27,8704.117649
38.126866,78,8705.450732
34.536789,30,8705.881994
41.410569,20,8706.216644
33.0,28,8706.663905
38.488806,37,8707.374035
-41.18,28,8707.804437
38.797619,28,8708.255458
44.07027,24,8708.641533
41.236111,26,8709.006499
44.326648,17,8709.271478
-38.71,43,8710.032438
40.583632,30,8710.559129
35.215532,34,8711.11727
41.107756,27,8713.549788
-41.5,46,8714.387246
35.092199,29,8714.913419
-41.06,31,8715.422865
37.556546,21,8715.752187
-38.54,32,8716.187842
39.338977,32,8716.678869
41.811659,28,8717.166633
-33.0,24,8717.601639
-42.88,25,8717.969209
38.595016,25,8718.359148
41.359499,53,8719.161359
-43.8,28,8719.617951
35.690972,30,8720.114326
35.813492,43,8720.871955
-41.1,28,8721.364155
44.475285,30,8723.909149
-42.87,26,8724.398156
47.429386,54,8725.609414
-38.0,25,8726.019416
-41.17,27,8726.446956
-39.0,29,8727.505762
46.853612,34,8728.132809
-44.01,22,8728.487485
35.191176,41,8729.128446
32.29588,27,8729.541238
-40.22,28,8729.965924
-34.97,34,8730.505396
-35.03,83,8732.029304
-42.0,25,8732.473877
-43.73,25,8732.931012
36.0,32,8735.507613
-38.3,28,8735.91503
39.0,46,8736.626103
38.593985,22,8736.948721
-32.41,37,8737.57541
-41.65,23,8737.950926
40.533046,30,8738.425344
-38.45,37,8738.980119
-41.34,30,8739.728948
-32.03,37,8740.414958
34.092688,31,8740.973122
-41.29,18,8741.287718
-40.79,24,8741.692632
-32.9,29,8742.191958
37.360405,28,8742.709034
-42.0,21,8743.081339
38.523404,23,8743.467332
41.648649,34,8745.936907
-41.38,25,8746.332908
-35.36,29,8746.754008
-33.0,27,8747.202987
-38.23,30,8747.760717
-35.34,24,8748.155707
-43.91,42,8748.802261
-38.16,39,8749.387179
-32.28,48,8750.124636
41.785455,23,8750.509207
-38.13,20,8750.837006
41.349315,22,8751.205134
-41.88,22,8751.613568
-35.2,28,8752.456844
35.369099,39,8753.096242
-44.63,22,8753.362691
35.786765,39,8754.032361
41.8,34,8756.493926
-41.93,33,8756.967867
32.101818,42,8757.62771
38.798387,29,8758.06338
39.0,22,8758.587495
38.739927,27,8759.059869
41.25,31,8759.517347
34.963783,37,8760.060368
41.478964,26,8760.42697
-39.7,31,8760.903115
-41.66,24,8761.30528
-41.21,28,8761.844762
-35.83,31,8762.365632
-35.75,41,8763.112032
-35.75,29,8763.595951
32.274908,74,8764.874374
43.306052,20,8767.150982
-40.92,37,8767.764048
-32.15,42,8768.43312
-41.22,27,8768.901818
-32.17,36,8769.448422
-35.08,50,8770.210488
42.980797,32,8770.681204
-39.0,25,8771.078589
-39.0,29,8771.589251
31.915493,29,8772.093571
34.918178,58,8773.141562
33.0,35,8773.725875
-40.75,23,8774.123002
-38.55,30,8774.658005
38.494565,42,8777.263343
43.138496,24,8777.629997
-43.28,23,8777.994638
-35.62,35,8778.997526
-44.49,23,8779.404228
-36.0,35,8779.948596
39.555518,28,8780.377537
-36.0,28,8780.817272
-32.75,45,8781.463209
35.061321,25,8781.940201
-35.89,33,8782.519692
-41.45,27,8782.960679
-41.26,39,8783.623361
-34.79,27,8784.091186
-32.09,39,8784.755102
-38.1,30,8785.281468
38.258823,22,8785.65294
-44.68,50,8788.320888
-45.0,32,8788.859752
40.718986,23,8789.369225
34.492737,35,8790.484766
44.60241,28,8790.929824
-41.51,35,8791.482452
-35.81,36,8792.034462
-45.0,18,8792.318983
39.0,27,8792.749005
-32.95,38,8793.438755
41.105455,19,8793.81926
-37.49,28,8794.273952
-32.02,30,8794.807362
-39.0,23,8795.208891
-35.26,29,8795.748777
-34.5,28,8796.240346
-38.58,66,8799.263432
-33.0,29,8799.756104
-37.9,24,8800.212597
-42.82,30,8800.7045
-44.77,21,8801.01786
44.612766,27,8801.438005
39.0,24,8801.880847
41.902655,20,8803.075116
-38.82,25,8803.583381
41.856618,24,8803.991287
40.804167,40,8804.69999
41.654545,27,8805.384717
-39.76,29,8806.026547
41.273246,31,8806.696854
-42.0,27,8807.174926
-38.12,33,8807.754209
-44.27,33,8808.305899
-35.53,26,8808.789744
-38.93,33,8809.346126
35.425512,25,8811.566843
38.75,29,8812.004699
-38.58,36,8812.555165
41.40528,25,8812.997019
32.055319,36,8813.674213
37.867307,39,8814.321814
-40.39,36,8814.98381
41.672932,23,8815.404209
-44.25,30,8815.91548
-38.38,32,8816.443088
-40.94,33,8817.102373
44.211268,22,8817.507526
-42.0,24,8817.959473
44.265517,24,8818.595621
42.0,26,8819.020501
-41.25,24,8819.494571
47.890034,34,8820.01223
38.019763,31,8822.265994
-38.48,31,8822.738958
38.21673,29,8823.247614
-41.53,22,8823.652245
47.435185,24,8824.06442
-40.46,24,8824.441535
-37.2,34,8825.020109
38.518828,29,8825.595776
44.145465,20,8825.987288
32.431034,49,8826.797539
40.79636,26,8827.303893
42.0,19,8827.669566
39.0,24,8828.279339
-36.0,37,8828.990176
-37.85,35,8829.587575
-42.0,21,8829.974148
47.316667,18,8830.282892
43.420743,21,8830.625408
-42.0,27,8831.021378
44.711191,43,8833.859425
36.775638,47,8834.761675
36.0,28,8835.232639
46.59589,37,8835.86799
32.065693,36,8836.46649
-34.03,32,8837.08457
-35.76,24,8837.529899
-41.85,22,8837.901122
-39.0,43,8838.653743
41.326531,17,8838.952639
37.638519,54,8839.882327
-38.38,25,8840.335876
-43.87,26,8840.745374
37.763407,30,8841.16486
-38.9,38,8841.650944
41.8,22,8843.736543
38.48,23,8844.131583
37.81651,28,8844.667169
-39.0,26,8845.08528
-34.86,40,8845.815069
-38.12,29,8846.344943
32.187726,29,8846.874946
38.54717,21,8847.253545
40.847808,27,8847.782877
-41.74,31,8848.34546
-46.83,36,8848.984532
-38.35,39,8849.659594
-32.37,45,8850.470373
-35.1,26,8850.909411
-44.11,32,8851.46603
-33.0,40,8852.091655
40.906509,22,8852.410397
-37.57,32,8855.78327
-38.73,20,8856.131611
-38.36,28,8856.59291
-44.12,22,8856.957072
38.022556,26,8857.392831
32.17134,33,8857.960912
-38.23,46,8858.720989
47.699153,17,8859.101608
42.0,32,8860.043886
39.283602,20,8860.402433
-47.32,33,8860.992958
-39.0,31,8861.50042
35.650602,38,8862.077266
-38.06,30,8862.505502
-37.24,30,8862.992532
35.058824,54,8863.846855
-35.75,44,8866.54193
-34.86,35,8867.134927
-47.47,18,8867.46284
39.0,23,8867.754214
39.0,28,8868.212506
-41.06,26,8868.657562
-34.24,35,8869.285579
38.509804,29,8869.774803
-42.0,20,8870.128888
32.315385,33,8870.684123
33.853246,34,8871.248544
-32.18,29,8871.661585
37.868832,28,8872.099874
33.0,27,8872.476418
39.0,21,8872.784552
40.58209,31,8873.26221
32.767442,33,8873.810185
41.223938,40,8874.470998
-44.1,19,8876.631176
-44.75,25,8876.987999
46.64535,33,8877.547612
41.671815,31,8878.12532
38.188149,29,8878.628538
33.0,28,8879.104239
32.782407,45,8879.887639
-32.78,31,8880.387453
-43.64,29,8880.879285
-40.33,37,8881.458503
-41.13,23,8881.792686
38.675676,24,8882.157462
41.586054,29,8882.60776
-32.37,32,8883.126197
44.875839,27,8883.577586
-35.36,34,8884.12313
41.188192,53,8887.145571
40.639198,37,8887.7206
35.776119,26,8888.178442
-38.47,24,8888.591116
35.804714,40,8889.289999
-41.86,36,8889.871994
-35.04,28,8890.388389
-35.12,43,8891.14704
-37.0,38,8891.787397
-40.04,29,8892.231025
43.74,39,8892.803247
38.513889,27,8893.295707
-35.41,28,8893.716704
-35.68,25,8894.167488
-41.15,21,8894.526866
37.882913,29,8895.014068
35.662835,31,8895.565959
-35.03,50,8898.275302
36.0,35,8898.960926
32.093103,32,8899.490678
38.127072,30,8900.020899
-38.27,28,8900.514578
-43.81,23,8900.912493
-42.0,34,8901.527255
-34.85,41,8902.170881
-39.0,25,8902.552419
35.574627,36,8903.127864
-41.26,28,8903.556643
-35.81,43,8904.304111
-34.67,25,8904.750114
-44.29,35,8905.346945
-34.63,34,8905.936891
-38.75,30,8908.342258
-44.06,41,8909.067888
41.458498,25,8909.494364
32.412121,41,8910.195673
-43.97,24,8910.607389
-47.25,19,8910.988013
-32.42,34,8911.883352
-38.59,30,8912.377663
32.94964,42,8913.046649
-32.7,36,8913.594548
41.44964,23,8914.087056
32.877483,44,8914.8492
-38.87,22,8915.306084
-32.12,31,8915.853972
33.0,54,8916.775358
-47.42,29,8917.258408
-38.17,23,8919.503467
-35.2,24,8919.914897
-41.41,29,8920.397289
35.027211,38,8921.053945
41.173333,27,8921.587228
-34.59,30,8922.155677
44.62008,22,8922.589464
-37.97,26,8922.953612
33.0,53,8923.770424
-44.86,28,8924.261512
-40.6,30,8924.770654
36.0,27,8925.28865
38.670412,34,8925.874724
32.124444,34,8926.403923
-44.81,20,8926.760763
-42.0,23,8927.15098
-41.76,35,8927.810047
40.948916,23,8930.033187
-38.33,31,8930.555297
-38.75,28,8931.059271
-35.34,32,8931.603726
-41.12,27,8932.138931
30.0,24,8932.565514
-35.5,27,8933.088819
-36.0,30,8933.569635
41.065455,24,8933.941433
-39.95,29,8934.376727
-35.87,27,8934.876379
-38.95,32,8935.417072
-35.28,23,8935.773769
-36.0,28,8936.283501
33.0,65,8937.623882
38.256809,38,8938.350296
34.439674,35,8939.089182
-38.13,34,8941.597064
47.41791,14,8941.842219
-36.98,26,8942.291816
-41.18,38,8942.953457
40.120429,30,8943.400329
-32.56,26,8943.766235
47.308642,31,8944.217853
47.174242,24,8944.603784
42.0,24,8944.95983
-40.39,28,8945.455923
-41.34,45,8946.206083
40.96344,34,8946.833255
-40.72,20,8947.162601
-47.48,16,8947.435059
-33.0,40,8948.122892
-41.1,25,8948.522745
-38.95,42,8949.117872
43.252245,25,8951.374652
43.993677,26,8951.800137
-38.3,23,8952.238294
44.173285,21,8952.623111
-41.59,24,8953.021701
-32.12,33,8953.517806
-41.21,20,8953.796048
38.617054,28,8954.225656
-40.36,31,8954.695641
38.265018,32,8955.227438
-38.74,30,8955.765486
32.425455,59,8956.880037
41.612583,17,8957.180151
40.490443,24,8957.58958
-41.13,31,8958.136034
-41.13,23,8958.536518
38.796875,38,8959.138812
-40.94,30,8959.590628
-35.66,25,8961.901592
-37.55,54,8962.842687
-35.05,31,8963.337549
-41.27,24,8963.711761
44.578428,35,8964.453434
42.0,21,8964.774072
33.0,38,8965.714659
35.754098,32,8966.251166
34.925451,31,8966.773645
-32.97,41,8967.480399
-44.24,29,8968.149265
38.784173,23,8968.564206
35.334545,25,8969.006954
48.0,34,8969.608258
-35.46,29,8970.045145
-38.28,31,8970.507364
-38.35,29,8972.905335
-32.37,40,8973.577822
35.820423,27,8974.00211
-34.94,24,8974.351472
35.643646,23,8974.696517
-38.01,25,8975.078511
-32.74,34,8975.616938
38.611111,25,8976.111166
-32.22,36,8976.746037
-38.5,19,8977.065345
-42.0,21,8977.461604
34.726739,30,8977.964857
-39.0,37,8978.603216
-39.0,36,8979.232904
47.5,38,8979.893909
35.101818,31,8980.411238
42.0,26,8980.799377
44.582317,26,8981.213192
-38.84,27,8983.479783
-41.4,25,8983.922024
33.0,32,8984.434081
-37.69,33,8984.933086
-37.25,37,8985.484034
32.11284,24,8985.851928
-32.22,35,8986.464159
-34.08,30,8986.991407
35.427562,25,8987.439968
33.0,38,8988.119543
-32.2,40,8988.818048
41.218543,29,8989.292664
38.474568,26,8989.730062
38.6,22,8990.25419
-33.0,23,8990.870476
32.348739,99,8994.968132
32.334437,33,8995.493551
-41.51,36,8996.022074
-35.73,29,8996.532446
35.001558,43,8997.319931
35.387454,28,8997.775943
-35.42,26,8998.241995
-39.0,26,8998.808457
-42.0,27,8999.278425
38.614458,23,8999.688246
-35.44,48,9000.491494
-37.78,27,9000.875662
38.036424,28,9001.294951
34.31248,29,9001.705813
38.678836,28,9002.144051
-41.83,21,9002.524657
-40.94,29,9003.045254
-41.4,44,9005.672438
44.162849,25,9006.031522
44.133531,23,9006.409776
-38.41,42,9007.032897
-32.57,33,9007.62458
-32.39,34,9008.249906
-32.39,32,9008.793958
32.305466,35,9009.42196
-41.08,27,9009.883401
33.0,31,9010.351367
-40.28,26,9010.671546
-47.53,22,9011.019894
33.0,36,9011.532397
35.609244,30,9011.999884
-43.86,32,9012.496575
-35.62,25,9012.935475
39.0,28,9015.354464
-32.41,28,9015.723123
37.428598,29,9016.172165
32.305936,32,9016.641917
-35.12,28,9017.108026
33.0,47,9018.315019
35.918288,29,9018.837056
-41.86,26,9019.287315
38.599338,41,9019.962458
-41.67,20,9020.303941
-44.16,27,9020.759315
44.232273,24,9021.166181
-38.81,25,9021.577326
38.611765,25,9021.947108
-32.39,32,9022.452652
34.547792,36,9023.00716
-35.84,32,9023.58488
34.699675,24,9023.998711
-38.3,26,9026.309376
-40.42,33,9026.833807
39.0,33,9027.365246
41.492248,49,9028.223166
-37.94,31,9028.75702
32.524164,36,9029.373281
-31.65,30,9029.864786
-39.0,31,9030.407321
-32.52,45,9031.167953
-40.5,25,9031.613866
-35.15,43,9032.329372
32.460606,35,9032.844198
-32.12,36,9033.471956
-38.15,31,9033.977161
-38.19,25,9034.407787
40.754484,22,9036.685465
38.557125,58,9037.547805
-32.71,39,9038.289248
36.0,44,9039.017353
32.491468,35,9039.614017
-34.56,29,9040.139653
-47.71,14,9040.362932
39.854268,31,9041.011376
35.345238,39,9041.755743
41.432886,29,9042.287141
-37.69,24,9042.637187
38.069914,28,9043.23644
-44.07,20,9043.574667
-37.53,23,9044.209192
-35.93,26,9044.842697
-33.99,43,9045.602794
40.771669,41,9048.161099
-44.25,18,9048.469379
44.513043,17,9048.798692
42.0,21,9049.142815
32.501767,33,9049.753599
46.275309,26,9050.113698
32.349845,35,9050.7047
-39.0,22,9051.089431
35.744604,30,9051.587157
-38.44,24,9051.951675
44.055351,20,9052.243288
32.421053,24,9052.656193
37.87098,25,9053.059182
41.504249,31,9053.57292
42.0,30,9054.131238
-35.29,31,9054.640308
34.357011,29,9055.132377
32.086614,28,9055.650002
-40.92,39,9056.348733
-34.68,36,9058.860753
-47.4,20,9059.248679
-35.78,28,9059.757571
-35.54,54,9060.719874
39.0,22,9061.149732
-39.0,29,9061.664615
32.122093,34,9062.333504
35.756654,30,9062.801336
30.0,28,9063.248368
-32.04,37,9063.778615
41.885093,27,9064.74006
-38.01,50,9066.480016
37.775845,28,9066.973786
-39.98,22,9067.333128
-32.2,44,9068.036931
38.877023,33,9070.434191
-32.51,50,9071.428076
-38.32,22,9071.919417
32.35865,27,9072.355951
41.591509,29,9072.865387
38.354167,26,9073.333058
-37.88,30,9073.80996
-38.46,48,9074.519277
-38.63,23,9074.86543
-38.59,27,9075.287442
44.24,24,9075.704261
-37.9,43,9076.464827
-44.66,20,9076.833699
-32.09,33,9077.402223
39.0,22,9077.783889
-35.57,33,9078.285691
-37.92,26,9078.657652
-32.73,35,9081.061611
-33.0,32,9081.588449
44.476364,16,9081.849472
-44.56,26,9082.327739
34.654308,39,9082.969391
-33.0,31,9083.559144
-35.37,83,9084.810834
41.769697,18,9085.067495
-38.8,48,9085.805985
34.605971,35,9086.397071
-44.2,33,9086.909527
38.942857,25,9087.431301
38.531034,35,9088.141751
41.78629,35,9088.750062
-35.03,52,9091.381146
-37.71,43,9092.085947
41.053279,23,9092.492964
-41.03,25,9092.930746
38.069767,54,9093.874336
-32.67,41,9094.4782
41.931559,35,9095.001902
-36.0,29,9095.443841
-41.6,31,9096.058077
-44.09,24,9096.585811
34.614478,36,9097.233176
-32.84,38,9098.152544
-32.91,43,9098.865994
-36.0,33,9099.412232
-38.95,26,9099.800541
-37.17,60,9102.718478
-41.02,25,9103.143952
41.745856,24,9103.569394
-43.11,51,9104.390754
38.523179,29,9104.851136
-32.33,36,9105.413371
-38.81,25,9105.811163
-44.37,35,9106.378476
-42.0,25,9106.825618
-39.12,28,9107.356476
41.693396,21,9107.723018
37.661589,25,9108.135485
-38.21,35,9108.828601
35.364548,28,9109.33944
35.803448,37,9109.956473
-33.0,29,9110.387917
33.0,34,9112.784265
-32.08,48,9113.517869
41.6375,26,9113.945953
-38.36,35,9114.554745
-32.44,32,9115.172454
38.357934,26,9115.602505
-48.0,16,9115.848196
36.0,25,9116.225055
36.0,33,9116.805327
-32.93,25,9117.18864
34.689596,32,9117.805008
40.989631,27,9118.335855
35.448148,26,9118.828017
-37.08,31,9119.428105
-34.3,34,9120.097284
32.770035,32,9120.598313
32.108209,30,9121.093205
-41.37,29,9123.638706
43.606503,19,9123.9407
38.003559,30,9124.465681
-34.85,53,9125.607846
43.564155,21,9125.986668
41.423868,19,9126.288004
-39.0,40,9126.906407
35.835249,32,9127.39693
44.912387,21,9127.710555
-37.87,54,9128.648474
-44.81,46,9129.402865
-41.14,28,9129.883054
37.488755,28,9130.471249
-41.53,34,9131.00212
38.091347,35,9131.543642
-38.17,28,9131.973547
41.036743,22,9134.230422
40.269896,48,9135.06387
-39.0,23,9135.473847
-37.93,26,9135.935612
-34.63,30,9136.447124
-40.48,44,9137.128364
35.6633,21,9137.428945
35.688034,25,9137.829207
-44.75,49,9138.629264
-41.38,30,9139.141896
38.80597,35,9139.760658
-47.58,25,9140.184826
47.361789,16,9140.473826
44.023132,26,9140.898168
-44.36,112,9144.53299
-37.75,25,9144.959841
-35.32,33,9145.492442
-41.35,27,9145.95403
-32.24,39,9146.625809
-35.64,41,9147.258728
41.566225,22,9147.68338
38.905537,23,9148.19454
44.802013,21,9148.528129
41.88961,31,9149.083458
-47.21,14,9149.337492
-32.81,42,9150.017047
44.282443,22,9150.601796
47.157729,18,9151.070908
-38.25,43,9151.804488
-41.66,26,9152.184765
35.804245,48,9152.928266
-43.96,21,9153.256682
38.06015,38,9155.883003
-44.29,19,9156.199717
-35.24,39,9156.807322
-44.91,23,9157.201489
38.693487,22,9157.523661
-43.39,61,9158.470183
-35.07,46,9159.233509
41.939394,23,9159.691395
-41.87,24,9160.106829
46.870839,19,9160.469696
-44.04,24,9160.898621
-40.98,33,9161.480795
-43.87,28,9161.983657
32.372434,35,9162.503798
44.46594,40,9163.135665
38.557554,20,9163.419579
-44.2,31,9165.926984
39.0,23,9166.334205
-37.15,24,9166.658324
33.0,34,9167.167544
38.239852,26,9167.555549
-38.51,38,9168.143785
-41.58,25,9168.57729
-44.27,38,9169.234955
32.497992,28,9169.731633
35.489879,27,9170.201729
-43.4,27,9170.657962
37.913571,23,9171.081102
38.792614,28,9171.570081
39.0,22,9171.921553
38.135531,25,9172.310093
41.041825,26,9172.718883
35.879518,34,9173.512692
41.881041,35,9174.103437
-38.65,29,9177.377944
32.900735,33,9178.056903
-43.6,39,9178.676375
-38.01,34,9179.250937
38.491525,29,9179.740064
41.838509,33,9180.374535
-41.44,31,9180.882037
32.625,65,9181.976956
-35.91,46,9182.740283
-35.48,44,9183.414732
-44.34,17,9183.690466
-43.75,17,9183.975705
38.284635,37,9184.650711
-34.91,31,9185.198084
41.01882,32,9185.794055
45.0,21,9186.187263
-43.72,25,9188.533651
44.373288,19,9188.810961
-38.51,39,9189.496109
-41.73,27,9189.974817
34.895968,38,9190.651663
45.06459,46,9191.453453
-32.47,50,9192.283357
-38.88,37,9192.8642
35.737991,22,9193.173776
35.982709,27,9193.565755
44.603053,27,9194.011241
44.558621,43,9194.767074
44.589958,20,9195.08617
44.314961,23,9195.48299
-32.04,27,9195.897602
-32.33,39,9196.614558
-43.18,58,9199.577871
44.298658,30,9200.183424
-41.88,23,9200.574516
-40.18,21,9200.940758
-32.41,40,9201.574645
-30.0,38,9202.241822
-39.0,22,9202.560148
35.291667,39,9203.44515
-32.09,31,9203.904148
-42.0,33,9204.571034
-32.76,34,9205.134981
32.673004,31,9205.677665
48.0,30,9206.2172
-35.54,28,9206.795979
-41.47,35,9207.394886
-41.02,22,9207.790142
44.359589,29,9210.591222
38.391635,30,9211.110075
-35.1,39,9211.828101
44.726908,25,9212.234918
34.523998,28,9212.677141
-35.41,23,9213.016298
-38.01,29,9213.445984
40.993914,33,9213.995662
-40.55,31,9214.514272
32.371528,55,9215.369714
-44.33,20,9215.710447
41.900735,19,9216.025291
-45.0,20,9216.385896
32.593156,34,9217.027693
44.109091,22,9217.409344
34.531431,28,9217.869056
38.152778,26,9218.338209
-35.11,32,9220.73566
-41.5,31,9221.279183
-41.12,94,9222.763635
-44.65,27,9223.215404
-38.71,30,9223.672115
-32.88,40,9224.302645
32.604317,34,9224.872939
43.300104,48,9225.98818
-35.38,33,9226.538931
-44.33,35,9227.146843
-32.85,29,9227.558118
35.907534,33,9228.126887
34.382481,45,9228.947612
-41.45,24,9231.68169
-44.11,17,9231.967622
40.75237,24,9232.408413
40.912291,28,9232.881073
-41.09,27,9233.283938
40.840107,29,9233.737817
-48.0,54,9234.611422
-38.47,33,9235.171674
-37.6,40,9235.84372
32.770781,27,9236.356405
41.390845,20,9236.707823
-37.39,33,9237.268708
-35.74,71,9238.484193
-38.83,35,9239.086748
32.789091,32,9239.624051
-45.0,20,9239.996748
35.173432,26,9242.18673
36.0,28,9242.698554
-40.05,26,9243.120604
-38.18,22,9243.499393
43.964752,25,9243.867269
43.25471,27,9244.265074
-38.12,32,9244.81999
-36.97,34,9245.434011
-43.56,22,9245.795577
-46.96,36,9246.416314
-41.81,32,9246.911021
-38.74,41,9247.59199
-32.43,34,9248.243508
-34.82,24,9248.676051
-33.0,35,9249.268475
-44.02,39,9249.949132
-34.7,36,9250.546327
32.451362,28,9252.927776
46.926863,29,9253.493753
-44.13,23,9253.905641
-41.9,26,9254.385555
47.489879,14,9254.650359
-44.06,23,9255.00056
-32.57,31,9255.493139
-32.07,31,9255.934691
-41.26,26,9256.32497
-35.88,56,9257.562864
43.650634,58,9258.560117
-35.61,35,9259.165929
-42.0,37,9259.788208
43.964044,31,9260.862533
44.321839,20,9261.224146
-43.71,26,9261.630935
-38.67,24,9262.069146
-35.49,44,9264.822368
-46.4,18,9265.06777
-32.81,30,9265.519424
-37.88,38,9266.09513
40.596417,25,9266.450118
-40.95,28,9266.866986
38.12013,57,9267.900504
41.787097,24,9268.267343
-37.79,50,9269.180148
-34.67,30,9269.700698
-38.37,25,9270.119236
-38.04,25,9270.566254
40.95122,96,9272.170912
-36.0,25,9272.544311
-41.34,26,9274.913409
32.502165,30,9275.398839
-41.25,32,9275.920546
-42.0,25,9276.300504
-43.52,25,9276.649292
37.525455,22,9276.976832
38.804878,24,9277.371811
-35.37,22,9277.877963
35.531008,26,9278.469938
38.454768,64,9279.591933
33.0,44,9280.34338
41.281955,23,9280.73915
38.876161,37,9281.356873
-43.75,20,9281.72335
-43.77,28,9282.383809
34.624363,41,9283.058953
39.0,32,9285.472954
-32.47,43,9286.146462
38.979798,31,9286.630585
37.276528,60,9287.526171
-32.78,41,9288.238344
34.914583,47,9289.057959
32.441558,25,9289.486201
35.36,52,9290.398749
37.41651,32,9290.960264
38.629344,24,9291.361807
-41.14,31,9291.926224
33.0,33,9292.525893
-41.4,22,9293.162217
35.330218,37,9293.7281
39.749107,27,9294.177341
-39.0,23,9296.480098
-35.59,25,9296.843289
-38.26,20,9297.161992
35.379699,34,9297.664891
-38.51,39,9298.322745
42.0,45,9299.081211
32.014925,37,9299.723312
35.275641,34,9300.352694
-43.4,29,9300.845818
48.0,30,9301.334075
44.121695,29,9301.838916
32.817797,31,9302.335313
41.870504,29,9302.792711
-43.64,21,9303.386117
-44.27,22,9303.772021
32.498371,31,9304.266709
39.0,21,9304.648641
-38.17,25,9307.000201
-41.37,22,9307.324224
38.365188,27,9307.758149
44.535211,45,9308.427879
38.581152,25,9309.068463
-33.0,25,9309.477825
35.593023,33,9310.001393
-33.0,32,9310.542035
38.496154,26,9311.024338
-38.32,31,9311.554569
-39.0,28,9312.041646
38.727273,29,9312.510571
-38.34,29,9312.941086
38.983051,39,9313.559002
-41.81,35,9314.155664
-34.75,41,9314.995109
37.843396,52,9317.828641
32.903061,26,9318.222679
38.879562,21,9318.537752
-38.91,21,9318.871179
38.851145,35,9319.420734
38.013889,36,9320.03051
-38.31,22,9320.40556
-37.95,38,9321.074258
-38.49,21,9321.547011
-35.25,23,9321.948059
-38.31,33,9322.518437
42.0,31,9322.996362
-44.12,32,9323.494379
-33.0,32,9324.001383
42.0,28,9324.435348
32.453237,57,9325.449429
-41.16,24,9325.836048
33.0,30,9328.213116
-39.45,30,9328.649047
35.218919,28,9329.067795
42.0,33,9329.623111
38.236434,27,9330.195165
37.485327,37,9330.843689
34.562779,32,9331.386704
41.669841,27,9331.917125
-38.3,27,9332.3908
32.18662,33,9332.859183
-37.4,28,9333.310296
-44.69,17,9333.587833
-40.93,27,9334.017503
-37.83,29,9334.697606
41.200893,44,9335.387579
-37.89,40,9336.043836
-36.0,25,9336.438209
-41.16,25,9338.808874
43.897683,33,9339.319102
-39.6,27,9339.698874
-40.71,23,9340.088231
-41.07,33,9340.675206
-47.21,23,9341.10974
-44.88,33,9341.702925
41.561798,22,9342.026033
-39.0,37,9342.677352
41.550388,21,9343.036269
-38.86,27,9343.495458
43.654846,20,9343.798871
-40.53,31,9344.258796
41.232639,24,9344.708601
38.868633,25,9345.091196
40.01831,31,9345.647974
-43.99,20,9346.00773
41.144231,22,9346.406321
-41.78,22,9346.789321
40.500157,32,9349.235746
-35.08,38,9349.791814
-32.71,38,9350.384263
35.770213,35,9350.98685
41.366197,29,9351.502302
42.0,26,9351.928328
-34.74,34,9352.538677
-41.46,25,9352.948807
42.822952,38,9353.528827
39.0,28,9353.968823
44.954357,16,9354.249974
-43.5,20,9354.558307
38.778409,29,9354.961436
-41.76,22,9355.323193
-38.59,29,9356.061121
-38.29,25,9356.480363
-38.05,25,9356.905395
-38.92,30,9357.397131
-41.23,25,9359.663573
38.5,36,9360.548182
-32.2,40,9361.2179
44.392638,25,9361.662297
-41.32,22,9362.108305
-44.77,16,9362.784362
41.407285,25,9363.225945
39.0,35,9363.8177
-41.09,33,9364.32619
-36.0,43,9364.97905
40.769784,26,9365.363747
43.532209,18,9365.660741
41.408759,21,9365.984637
41.020151,36,9366.589808
-45.0,24,9367.018162
41.718775,30,9367.605744
42.0,26,9368.080603
-35.15,28,9368.57103
-37.57,21,9368.929376
38.542652,60,9371.781538
-40.74,39,9372.504922
-39.0,27,9373.01358
-40.99,23,9373.413937
-45.0,24,9373.820719
-43.91,24,9374.212642
42.0,32,9374.671551
-36.0,29,9375.12459
39.0,35,9375.647369
32.768061,28,9376.073342
-40.7,33,9376.638179
41.469697,18,9376.941539
-47.14,26,9377.403426
-46.05,21,9377.823333
-32.26,35,9378.432815
43.510949,18,9378.734895
32.075758,48,9381.686555
41.226766,28,9382.428246
40.241148,30,9382.970844
-35.91,30,9383.543753
42.0,24,9384.025558
-39.0,25,9384.463626
-37.76,26,9384.899137
-47.57,32,9385.396198
-38.66,42,9386.021034
-43.74,25,9386.69562
-32.08,39,9387.359781
-35.82,33,9387.91696
-44.4,24,9388.348071
44.176119,22,9388.74748
44.507576,18,9389.029931
38.167286,26,9389.487181
-32.17,31,9389.976958
-35.24,31,9390.447181
-32.66,28,9393.196294
46.639942,20,9393.451042
38.506329,24,9393.823481
-44.31,20,9394.181645
-32.63,39,9394.827746
-38.67,23,9395.182606
-43.61,19,9395.468742
-38.16,27,9395.886587
-35.54,41,9396.482266
-42.0,24,9396.827547
40.740625,30,9397.314467
-32.14,35,9397.924018
-40.75,21,9398.264067
-37.58,29,9398.850579
32.071111,35,9399.437898
-40.92,37,9399.996154
-32.65,26,9400.405889
40.683317,43,9401.066239
32.27027,41,9403.637834
41.633663,44,9404.402852
32.139623,32,9404.969301
32.78157,88,9406.243591
-38.39,31,9406.688817
-32.16,33,9407.297805
-44.2,20,9407.791721
37.486603,34,9408.395575
-41.02,28,9408.860128
35.875969,29,9409.39285
32.248092,30,9409.892276
-35.82,27,9410.315283
-47.33,58,9411.238801
-32.11,35,9413.803669
39.0,21,9414.178553
-40.78,37,9414.803471
44.938776,29,9415.300103
47.08209,14,9415.538237
-44.25,19,9415.866882
35.62069,26,9416.304346
35.965957,27,9416.704219
-35.75,31,9417.190878
35.583333,27,9417.63476
-38.28,24,9418.046222
-40.14,40,9418.750044
-35.27,33,9419.332786
42.0,25,9419.732811
-47.4,24,9420.127688
38.954693,30,9420.577031
41.736059,36,9421.1497
-41.81,24,9421.524349
41.622222,28,9422.000583
-43.41,24,9424.352247
32.614786,28,9424.819928
-38.42,33,9425.422065
-38.45,26,9425.758469
-36.0,21,9426.087974
33.0,33,9426.578184
-37.44,33,9427.094963
38.77931,54,9427.930431
-44.48,34,9428.487794
38.021151,36,9429.113569
-38.91,28,9429.601256
-33.0,26,9430.010451
-35.01,33,9430.517529
-45.0,33,9431.043782
-41.11,20,9431.359465
38.25,26,9431.773921
35.660232,31,9432.375057
41.901099,31,9434.949387
-40.43,25,9435.357808
38.740586,29,9435.858133
-39.0,26,9436.250263
39.961548,36,9436.743127
-44.67,22,9437.085006
38.383333,32,9437.590165
36.974434,46,9438.626277
-41.51,28,9439.11269
-41.34,28,9439.616071
-34.67,28,9440.072952
-35.91,32,9440.564401
-39.0,27,9440.99473
44.603846,25,9441.380349
47.711191,44,9442.058885
35.601504,48,9442.876589
-34.15,54,9445.713514
41.194245,30,9446.217526
-46.88,24,9446.579398
-42.0,31,9447.005682
-32.81,35,9447.555658
36.0,36,9448.144717
47.537594,17,9448.460343
44.5,27,9448.930115
35.803977,36,9449.517896
44.090909,42,9450.221126
35.039038,29,9450.674336
-43.82,23,9451.007488
-41.1,33,9451.515345
-35.55,26,9451.879823
-45.63,26,9452.321016
35.823529,31,9452.973955
33.0,45,9455.758211
44.04918,20,9456.093989
37.504154,26,9456.506173
-35.62,27,9456.931868
39.0,24,9457.30727
-36.0,33,9457.753967
35.801527,23,9458.079391
-44.13,24,9458.484102
34.381253,38,9459.39342
-41.61,29,9459.903611
40.68037,31,9460.461777
32.035433,51,9461.236139
38.525692,24,9461.604294
44.234483,25,9461.981643
38.607843,25,9462.394474
41.100694,26,9462.927989
41.153302,25,9463.510556
43.274345,23,9463.893766
-40.14,49,9466.654285
-44.41,22,9466.942198
-38.04,27,9467.372598
37.492019,29,9467.827331
44.34589,23,9468.181728
-31.92,49,9468.991918
-39.0,21,9469.364158
43.545455,25,9469.805774
34.77984,26,9470.250286
32.852518,90,9471.797543
37.775189,27,9472.187418
-41.15,31,9473.324985
44.438953,28,9473.811674
34.170865,29,9474.278944
32.162791,24,9474.702088
40.893822,22,9475.068988
38.635193,75,9478.168186
44.545455,29,9478.624701
-34.9,55,9479.567163
41.748918,51,9480.308238
-32.26,30,9480.739572
41.787072,20,9481.092397
36.0,34,9481.589002
37.860653,26,9482.046987
-32.02,35,9482.689972
-34.45,71,9484.182109
40.569349,34,9484.795273
32.902724,24,9485.25196
32.336879,29,9485.840799
-33.0,32,9488.530232
-34.57,43,9489.53671
-35.3,25,9489.935732
-32.03,98,9491.674364
43.583417,31,9492.15361
41.236364,26,9492.522372
41.938272,18,9492.80868
38.5,34,9493.278137
41.775934,33,9493.858634
-38.86,20,9494.198386
-37.4,27,9494.645359
35.818505,36,9495.314864
44.138122,22,9495.677818
-39.0,27,9496.150462
-37.28,24,9496.55637
32.789474,40,9499.334085
-32.15,43,9499.972949
41.495935,24,9500.360539
41.47907,20,9500.657194
44.109489,41,9501.372487
-44.65,44,9502.111078
36.0,37,9502.685348
41.276062,45,9503.804951
-34.66,26,9504.358724
35.704545,30,9504.988783
-35.55,34,9505.675511
-37.14,26,9506.240043
41.36858,25,9506.795035
41.444867,23,9507.384282
44.697761,26,9508.068218
-33.0,52,9512.275547
-38.01,33,9512.80463
-47.03,15,9513.054639
-38.27,25,9513.459221
-38.91,34,9514.339809
-35.46,32,9514.922539
-38.64,29,9515.462334
-41.33,39,9516.108948
-32.71,38,9517.34437
44.09458,28,9518.135262
35.506757,25,9518.560305
-40.91,25,9519.096318
46.562315,17,9519.403958
-44.34,23,9519.865579
-42.0,42,9520.845822
-45.0,22,9521.3683
34.734859,43,9522.573265
35.481781,32,9523.694148
-41.09,28,9526.101968
-32.68,34,9526.552916
38.229323,35,9527.139149
-32.29,45,9528.257339
-38.61,53,9529.36777
-38.94,33,9529.994139
35.661597,32,9530.585016
44.109434,21,9531.00276
38.201818,23,9531.421695
-41.33,25,9531.873521
40.384393,31,9532.465427
32.108527,28,9532.966951
37.211049,34,9533.614237
38.115132,35,9534.291942
32.835404,39,9534.976515
-45.0,21,9537.780085
35.21122,35,9538.347903
41.073955,25,9538.773555
41.796825,39,9539.51002
37.780576,29,9540.114843
37.160811,34,9540.733116
44.619938,16,9541.017434
38.215417,31,9541.597591
41.291391,24,9542.005657
39.0,27,9542.316528
45.0,24,9542.667243
-37.31,22,9543.348078
41.006897,29,9543.880683
-41.09,39,9544.553483
-32.98,53,9545.746553
37.35566,32,9546.359257
33.0,45,9547.298631
-37.95,26,9549.558734
-35.66,30,9550.017665
38.14652,23,9550.41084
35.064039,33,9551.077178
-34.77,67,9552.59777
37.695486,26,9553.104057
-41.81,18,9553.414252
-32.27,33,9553.993855
-41.58,27,9554.519907
-38.77,26,9554.991448
-38.42,26,9555.507756
-37.83,26,9555.992048
-41.6,34,9556.62397
39.0,18,9556.974774
-38.27,32,9557.583582
-42.61,78,9560.966907
-42.0,25,9561.356539
33.0,30,9561.751584
33.0,37,9562.439643
38.553191,24,9562.895858
38.74812,22,9563.311483
-44.28,19,9563.685957
34.929192,47,9564.634212
-32.37,38,9565.51042
-44.51,28,9566.054749
-44.03,23,9566.538236
-41.31,26,9567.025414
35.125,24,9567.472338
-35.69,24,9567.890613
45.59332,28,9568.43457
39.0,22,9568.844647
39.0,26,9569.314008
41.440299,113,9573.45881
37.811032,28,9573.99334
-44.41,29,9574.580528
-39.0,30,9575.15993
32.025084,36,9575.859895
-37.39,32,9576.44816
38.783019,27,9577.029947
37.414886,44,9578.02273
-32.09,139,9580.761868
-31.61,44,9581.614754
-38.34,32,9582.233258
-38.0,97,9585.624957
-40.75,28,9586.119801
38.502165,42,9586.896733
37.228294,48,9587.788257
32.751938,32,9588.384549
44.588889,27,9588.896355
37.848655,33,9589.525664
43.60178,27,9590.017184
-40.94,22,9590.417876
-30.0,52,9591.367582
46.916974,26,9591.892413
38.432056,25,9592.331959
-35.69,33,9593.009302
44.698758,17,9593.300324
35.531991,40,9595.696814
-43.67,25,9596.177836
37.506505,28,9596.759834
47.324444,54,9597.79291
43.510134,20,9598.195877
39.781881,29,9598.74648
38.199187,31,9600.016467
-41.84,32,9600.632998
44.104478,16,9600.914286
35.07005,33,9601.609405
38.715278,76,9603.061163
-38.48,34,9603.698845
-39.0,26,9604.195249
-32.33,36,9604.855464
38.148607,32,9605.382609
32.20438,38,9608.51752
-38.11,25,9609.139926
-41.52,27,9609.637294
38.5,31,9610.25639
-40.49,29,9610.788919
47.183594,16,9611.062074
41.369467,19,9611.426434
-36.0,21,9611.831771
-32.27,33,9612.427396
-35.67,29,9612.980239
40.595652,103,9614.920379
-38.21,22,9615.318889
35.056452,31,9615.846319
41.900735,34,9616.378629
44.359673,18,9616.714539
38.276197,44,9617.387884
-35.91,64,9620.889275
-41.27,48,9621.795387
35.366667,30,9622.324393
36.0,31,9622.92356
-37.84,36,9623.579097
32.839879,34,9625.213219
-41.82,25,9625.681838
38.521886,35,9626.542963
35.155556,23,9626.934408
-35.82,31,9627.42426
-32.35,44,9628.113546
44.029046,24,9628.474995
-41.13,30,9628.917548
-45.0,33,9629.447697
44.406041,36,9630.118267
-44.81,27,9632.697918
-36.0,27,9633.192366
-32.46,37,9633.877995
-36.51,27,9634.393426
-41.05,31,9634.93607
41.5375,21,9635.349023
35.355769,25,9636.171534
-41.31,21,9636.590112
-38.98,23,9637.02851
38.925234,35,9637.654313
44.136643,33,9638.206331
37.795985,46,9638.904557
41.559859,25,9639.278364
41.751969,26,9639.667624
38.815261,19,9639.986938
35.75969,30,9640.506721
-32.16,43,9641.29989
-33.0,31,9643.957048
41.376596,20,9644.335279
41.911972,20,9644.734513
38.003763,42,9645.62749
37.019958,32,9646.239936
35.750842,30,9646.788665
37.878009,33,9647.406342
-39.0,23,9647.847575
36.975923,28,9648.377701
-40.58,50,9649.229678
38.102676,28,9649.655524
35.373494,30,9650.196841
-42.0,30,9650.699562
-41.21,23,9651.079844
35.24,31,9651.637279
-47.72,19,9651.994082
-43.53,19,9652.310455
37.094621,30,9653.71381
-32.81,30,9656.386426
-44.38,29,9656.915447
-43.23,16,9657.26134
-41.81,26,9657.783233
43.641791,25,9658.221153
32.541045,41,9659.026594
44.753555,24,9659.540259
32.813559,34,9660.146709
32.496689,34,9660.670533
36.0,29,9661.08692
41.541667,26,9661.476921
41.740741,21,9661.809149
44.835616,20,9662.21143
-39.0,22,9662.633499
41.162369,37,9663.34971
-35.2,32,9664.032755
-37.59,42,9665.057279
38.385852,31,9665.667695
38.219512,20,9668.175068
34.458131,28,9668.712092
-32.88,30,9669.265403
41.607547,27,9669.787377
32.532258,35,9671.05447
-35.88,29,9671.522581
-44.16,29,9671.980628
36.0,31,9672.451462
43.340503,26,9672.849203
37.024583,51,9673.733302
-35.12,27,9674.269316
-44.12,34,9674.892397
-37.82,47,9675.856806
-37.93,27,9676.520951
-38.26,30,9677.055349
37.398862,34,9678.061178
-41.39,30,9680.794977
39.82544,30,9681.369273
37.940299,27,9681.797411
44.361111,21,9682.368875
38.620818,30,9682.893577
40.625412,24,9683.251534
38.626335,24,9683.561808
39.0,31,9684.031937
41.592357,32,9684.549034
38.733119,29,9685.034045
-42.0,36,9685.610361
-38.05,24,9686.069472
44.142751,34,9686.714631
-35.09,46,9687.560621
-36.0,30,9688.101469
38.175528,34,9688.726283
38.633004,34,9689.340587
37.083467,28,9692.147098
-41.56,24,9692.568529
-38.12,50,9693.395027
35.171717,34,9693.926227
44.591281,16,9694.198768
-32.56,40,9694.882133
40.884223,29,9695.354175
-41.44,32,9695.877531
-41.14,40,9696.515027
-40.63,31,9697.086808
45.0,23,9697.505096
45.636856,28,9698.039973
38.09322,28,9698.558263
-41.39,37,9699.253382
-37.55,32,9699.829388
45.0,33,9700.418198
-45.8,29,9703.025222
35.602564,33,9703.587829
-44.15,29,9704.062638
34.247902,34,9704.598559
41.414794,34,9705.148491
-32.42,29,9705.628922
41.482273,23,9706.007355
35.517647,31,9706.493955
-42.0,29,9706.966619
35.178571,28,9707.48177
38.705455,24,9707.942837
-38.49,28,9708.475493
41.140343,83,9710.228577
-34.72,27,9710.734548
-37.64,31,9711.334683
38.076596,24,9711.774645
-38.38,32,9714.314873
38.47611,28,9714.712666
46.913621,29,9715.221737
-41.93,19,9715.525631
-41.67,29,9716.03117
-32.09,34,9716.622507
40.234011,29,9717.06299
-42.51,28,9717.531263
41.04908,24,9718.159508
45.0,21,9718.615785
-36.0,37,9719.294166
44.559871,16,9719.595802
-38.0,42,9720.395022
41.026423,29,9720.936009
36.0,42,9721.712754
41.516484,41,9722.489074
40.808763,32,9723.166975
-41.31,42,9725.638071
36.0,31,9726.151059
42.0,28,9726.613487
-32.03,32,9727.137175
32.212121,38,9727.78749
-42.0,30,9728.260479
-41.19,24,9728.66503
41.28571,24,9729.113498
38.753521,33,9729.728494
39.800996,37,9730.411952
-32.63,29,9730.959759
-39.0,24,9731.416736
-41.63,21,9731.81141
-35.55,34,9732.473509
33.0,33,9733.064467
-32.07,40,9733.854376
38.812274,28,9736.503099
-37.8,57,9737.471778
-47.14,15,9737.714307
44.522822,24,9738.142064
38.472478,31,9739.460605
-43.07,34,9740.031013
38.537634,30,9740.507146
41.178807,24,9740.886348
35.757576,33,9741.524108
44.498054,19,9741.862972
43.837078,33,9742.456293
35.727273,32,9743.013336
-44.68,38,9743.7404
40.789301,24,9744.219257
-32.67,34,9745.087979
40.954874,27,9745.959605
-39.0,25,9746.436613
35.492248,31,9749.02126
43.076374,30,9749.67094
41.655734,28,9750.205604
44.386973,42,9750.898368
-32.02,34,9751.477843
36.0,25,9751.846538
-33.0,33,9752.411419
-38.07,28,9752.917076
-32.68,26,9753.392627
40.535411,24,9753.85559
41.317909,34,9754.483738
41.917293,23,9754.937866
44.916667,25,9755.434101
44.515244,25,9755.911789
37.481823,28,9756.484211
43.754655,27,9756.981521
37.562036,25,9757.442514
-43.5,30,9757.980691
45.0,29,9760.485691
-47.62,15,9760.794956
-37.71,31,9761.343543
44.208633,20,9761.625597
-32.91,40,9762.25027
37.057266,26,9762.672818
41.973294,33,9763.273759
-35.88,26,9763.922709
41.90411,32,9764.605506
41.512295,19,9764.984982
38.386139,35,9765.67273
38.258824,23,9766.116796
40.666277,27,9766.645927
-36.63,35,9767.274335
-42.0,24,9767.741751
32.046595,30,9768.321836
-44.05,27,9768.792213
44.912548,26,9769.297435
40.56495,25,9769.713009
-39.0,41,9772.530582
-41.15,26,9773.027539
35.323701,42,9773.700407
-35.41,32,9774.178112
-41.91,26,9774.598595
-38.09,42,9775.26157
-41.57,22,9775.697897
-38.0,21,9776.079646
41.292776,23,9776.510254
-45.0,18,9776.830688
-32.03,46,9777.698808
32.455319,48,9778.555057
-39.0,48,9779.405682
41.609959,21,9779.818202
-38.14,28,9780.350537
-37.69,30,9780.880558
-32.14,29,9783.432401
-44.05,17,9783.753812
-44.17,34,9784.290082
-32.61,32,9784.774172
41.468966,29,9785.294967
-43.36,25,9785.722172
-43.78,25,9786.173304
35.156364,29,9786.749415
35.638889,30,9787.307908
34.45118,42,9788.065186
41.374172,19,9788.443529
32.0,37,9789.117166
39.0,38,9789.876745
32.579755,32,9790.702287
-32.83,29,9791.206555
35.800643,31,9791.771713
-44.24,26,9792.233958
32.645833,44,9794.939334
-35.39,32,9795.465552
34.584416,36,9795.996643
40.804054,23,9796.387578
-41.25,21,9796.78296
-32.33,40,9797.505021
35.709184,26,9797.963917
-38.91,34,9798.571454
-35.71,53,9799.757403
-37.7,26,9800.258701
32.954023,44,9801.099956
43.900164,31,9801.688297
-40.58,25,9802.186733
41.117126,30,9802.700001
41.590164,29,9803.145503
41.314861,46,9805.850701
-38.12,24,9806.215057
-33.0,27,9806.647713
-38.14,23,9807.008271
-35.45,33,9807.505496
39.0,30,9808.071636
47.644828,19,9808.425378
32.845324,34,9809.057222
38.377292,28,9809.608713
-41.75,39,9810.320497
35.712598,35,9810.962305
41.379859,35,9811.623144
-31.91,30,9812.191755
-34.22,35,9812.837521
-35.34,30,9813.436884
47.558923,21,9813.76535
-44.93,21,9814.071935
-41.41,24,9814.439525
35.394191,36,9817.071535
-35.32,53,9818.122126
-33.0,33,9818.663794
-41.7,23,9819.093657
-35.0,35,9819.737817
41.640884,43,9820.499678
-38.63,25,9821.017255
37.974149,69,9822.267146
39.0,30,9822.80879
-38.11,27,9823.283301
-43.44,27,9823.770981
38.205426,26,9824.280905
-37.58,41,9824.869962
32.762411,39,9825.732191
-32.23,37,9828.153752
32.901907,45,9828.866182
39.0,41,9829.590122
32.5,41,9830.352963
-47.74,20,9830.711796
-33.0,30,9831.248473
38.223881,27,9831.699831
-32.61,40,9832.479637
33.0,52,9833.394858
-45.83,17,9833.723708
32.774074,45,9834.48127
35.255172,28,9834.966875
-35.59,36,9835.546553
-44.38,23,9835.956523
32.392617,37,9836.561157
38.580442,28,9839.130822
-43.08,26,9839.485709
41.783688,20,9839.786564
-41.9,22,9840.173373
35.020635,30,9840.750952
-32.19,43,9841.495489
-40.83,23,9841.924937
47.071555,22,9842.384987
41.406844,24,9842.945584
36.0,26,9843.415673
-44.06,22,9843.787341
-41.28,27,9844.269253
-38.91,36,9844.886168
37.805221,25,9845.310932
-41.81,31,9845.756205
-36.88,35,9846.325677
-35.16,52,9847.120842
35.148014,37,9849.771267
38.334483,34,9850.362027
-42.0,24,9850.799047
-35.71,27,9851.496173
-35.41,32,9852.049183
38.209386,36,9852.664484
-41.33,27,9853.163977
43.75,19,9853.505211
41.323843,22,9853.893497
-31.77,27,9854.339
-38.9,36,9855.266485
39.0,22,9855.854716
-41.42,41,9856.493136
41.62406,18,9856.778475
-37.0,39,9857.351639
44.542683,23,9857.720716
-44.27,54,9858.538325
-38.92,20,9858.838355
-38.84,26,9861.197013
-41.43,20,9861.522918
-47.34,13,9861.756488
-44.5,28,9862.290151
-46.14,33,9862.822625
45.0,13,9863.085097
-41.53,25,9863.532441
-32.04,35,9864.128556
40.592113,22,9864.551942
38.673077,31,9865.078443
32.015267,38,9865.747526
35.503311,28,9866.259834
-41.19,31,9866.730046
41.77892,25,9867.133947
-35.32,34,9867.679962
39.674563,24,9868.064255
38.620579,24,9868.672925
-38.15,24,9869.075689
41.984076,22,9869.404616
-44.4,28,9871.782467
41.889764,28,9872.218283
-42.0,22,9872.576614
-41.68,27,9873.055023
43.169603,40,9873.769001
-32.78,38,9874.489573
-32.03,63,9875.637516
39.0,26,9876.310744
-32.64,36,9876.931517
34.538023,30,9877.406007
-41.33,73,9878.501265
-41.52,30,9878.883825
47.221389,43,9879.572143
32.623616,34,9880.092843
37.754753,25,9882.488675
-37.88,29,9882.990136
41.858586,29,9883.558564
40.87676,45,9884.376375
38.847826,33,9884.967148
32.810219,25,9885.415049
32.48996,28,9885.912292
-43.42,26,9886.350631
41.511905,25,9886.788639
-32.16,36,9887.336681
-38.78,27,9887.872407
-31.8,29,9888.292542
38.295455,27,9888.672623
38.767442,23,9888.985943
44.963504,22,9889.320689
39.0,30,9889.809636
36.0,27,9890.221226
44.254753,30,9890.777477
37.905983,28,9893.214493
32.800613,33,9894.002947
32.034043,25,9894.427868
32.081081,36,9895.020909
-33.0,30,9895.556481
-38.04,27,9896.08231
39.0,48,9896.947905
33.0,26,9897.393288
38.103988,28,9897.838246
-36.0,33,9898.351968
38.529412,23,9898.706117
-44.22,32,9899.128126
-41.63,21,9899.422766
35.302583,32,9899.92674
41.808219,27,9900.293546
-47.34,17,9900.580727
45.0,30,9901.275944
35.630522,38,9903.894301
37.45178,20,9904.264902
41.055944,30,9904.759155
36.0,22,9905.169126
-32.35,34,9905.725909
45.0,24,9906.140037
-38.51,29,9906.628617
47.520548,23,9907.061815
41.524194,29,9907.644441
46.94845,22,9908.02666
-44.52,20,9908.342301
37.498201,146,9910.520456
-38.53,27,9910.906328
43.894784,21,9911.314247
-35.62,29,9911.821201
41.380835,33,9914.347377
34.772436,45,9915.134753
-38.59,27,9915.705074
-33.0,40,9916.413697
-41.15,21,9916.778059
42.781757,29,9917.287394
-40.99,29,9917.946255
41.360725,27,9918.427741
41.323576,36,9918.994307
-41.18,24,9919.380237
37.926005,37,9919.944792
41.025673,32,9920.439113
-35.12,34,9920.969848
42.0,20,9921.302825
-32.73,29,9921.824272
-41.58,24,9922.232094
41.008242,39,9922.970202
42.0,31,9925.519899
43.327643,34,9926.140474
44.30303,19,9926.517866
40.319096,22,9926.89654
-34.84,33,9927.69907
-40.67,28,9928.187293
-35.69,31,9928.738225
46.780596,18,9929.051822
-41.38,35,9929.566444
41.221774,19,9929.868581
-44.67,13,9930.065946
32.434959,36,9930.554657
-39.0,47,9931.294638
41.62013,31,9931.83749
-32.11,47,9932.727796
34.250466,40,9933.409805
-41.04,25,9933.852028
-37.46,34,9936.349472
-32.66,31,9936.874226
-41.48,26,9938.204953
35.539007,32,9938.780091
39.976811,21,9939.164053
43.707759,28,9939.683813
38.003812,42,9940.325308
38.96,29,9940.730049
-32.16,49,9941.475538
-32.91,30,9941.934741
32.62069,32,9942.46292
42.423637,38,9943.125385
-35.05,36,9943.80828
41.442359,26,9944.311393
-38.42,27,9944.783378
-44.72,19,9945.314989
37.556739,27,9947.716884
36.0,52,9948.653748
-37.61,31,9949.224083
-32.12,34,9949.795129
-35.11,32,9950.296462
-35.48,32,9950.7766
38.381877,33,9951.269391
32.224359,43,9951.914082
-44.7,26,9952.290236
44.146711,22,9952.826634
44.811808,23,9953.285488
-41.18,25,9953.701349
38.672829,25,9954.14872
47.510574,23,9954.582717
32.292537,36,9955.186171
-38.71,23,9955.594796
-42.0,42,9956.303825
-38.86,45,9959.056366
41.012048,24,9959.473998
-38.3,41,9960.218992
-38.9,28,9960.646381
38.233516,25,9960.998902
-32.44,36,9961.551982
41.137494,21,9961.851958
47.296992,19,9962.110237
40.589733,31,9962.560571
37.063006,57,9963.413348
-43.56,27,9963.883669
40.746064,22,9964.267573
41.28692,25,9964.708635
40.917909,21,9965.056195
-41.91,23,9965.461253
-35.31,29,9965.959606
-32.23,28,9966.44516
-38.42,29,9968.892257
46.950758,23,9969.383373
-47.01,16,9969.716562
35.489655,37,9970.34781
32.913313,34,9970.891114
-35.38,39,9971.486679
-41.3,25,9971.891762
40.430396,31,9972.349727
34.632097,36,9972.890558
-32.43,35,9973.596216
-32.89,33,9974.085216
38.491935,23,9974.526021
-41.36,40,9975.247133
37.775945,100,9977.147902
41.068702,19,9977.500821
-33.0,40,9980.133327
-35.46,47,9980.895039
-44.59,17,9981.152341
-44.04,24,9981.529773
-40.9,32,9982.036814
-41.39,18,9982.344495
-34.49,38,9982.940001
38.586538,24,9983.327922
44.77918,27,9983.753632
-41.3,24,9984.097855
-32.88,29,9984.576528
-44.93,42,9985.322016
34.823636,32,9985.897092
38.097222,27,9986.392542
32.922807,34,9986.985634
38.744807,24,9987.42206
41.14658,28,9987.887931
-35.91,27,9990.304677
37.761044,32,9990.807676
42.0,24,9991.179151
-41.72,24,9991.536051
-34.74,38,9992.100665
-41.62,22,9992.425557
-36.0,42,9993.037782
38.414729,23,9993.380103
-45.0,16,9993.643394
-37.48,57,9994.467675
38.903361,27,9994.943875
37.049364,27,9995.602549
37.8032,29,9996.13653
32.902985,45,9996.949114
35.354507,24,9997.366027
44.321569,23,9997.741197
-42.0,14,9997.984639
38.44186,24,9998.399461
44.929368,23,10000.933907
40.223362,43,10001.544818
35.436137,38,10002.329348
-42.48,30,10003.406434
44.263158,20,10003.778804
35.055147,39,10004.396046
35.9,28,10004.812896
33.0,31,10005.294723
-41.15,22,10005.667925
35.513725,36,10006.278791
44.877358,25,10006.722381
43.399472,136,10009.066068
44.018657,24,10009.500341
39.223582,30,10011.923495
41.493776,22,10012.257879
-47.57,14,10012.489946
-33.92,44,10013.310041
-41.74,27,10013.771932
-42.0,34,10014.284113
-40.1,31,10014.757136
-38.83,25,10015.130924
-39.0,24,10015.470901
-37.68,23,10015.821198
-41.25,58,10016.79837
35.006944,22,10017.194548
-32.59,29,10017.6894
32.922179,34,10018.244721
-35.91,36,10018.834802
44.312291,20,10019.16146
33.0,30,10019.769728
36.0,25,10020.324341
-41.22,36,10022.752728
35.068966,33,10023.306271
-38.01,24,10023.801414
-40.7,33,10024.36336
-41.3,27,10024.764226
-44.57,23,10025.146275
-40.58,33,10025.672572
35.453865,30,10026.120376
-37.76,28,10026.58872
-38.7,25,10027.127458
-44.8,29,10027.739421
-33.0,32,10028.256369
41.496845,32,10028.810946
32.68543,29,10029.308671
-38.52,25,10029.736628
46.525039,17,10030.031752
-37.88,22,10030.400041
35.293246,32,10030.965917
-39.0,28,10033.282437
-32.9,41,10033.99641
41.940397,27,10034.419158
-38.36,26,10034.796546
43.50857,34,10035.343635
41.822394,22,10035.661136
-45.95,23,10036.01297
-44.64,18,10036.282765
-44.73,22,10036.657724
45.868569,18,10036.975707
-34.4,31,10037.523497
-46.57,27,10038.030388
40.87931,24,10038.462867
-41.07,27,10038.914853
40.490299,39,10039.580729
32.213622,28,10040.056295
37.552483,27,10040.515981
35.680608,34,10041.092967
-41.75,70,10044.188197
32.176245,52,10045.024266
-38.91,26,10045.418177
-37.5,58,10046.563337
36.0,33,10047.123281
41.191336,22,10047.535302
32.423333,69,10048.766971
-37.53,36,10049.411035
-39.0,28,10049.924192
44.02242,27,10050.393728
45.863964,21,10050.78075
42.622502,35,10051.500781
-38.1,32,10052.106316
-38.91,25,10052.523468
-36.24,30,10054.848838
-38.48,32,10055.329574
-40.76,23,10055.646953
-35.7,35,10056.17295
-43.82,45,10056.908307
33.0,36,10057.550754
-33.0,31,10058.055859
-38.51,35,10058.672728
-37.97,23,10059.090334
38.181467,24,10059.506726
32.028807,40,10060.177102
-38.67,23,10060.545918
45.0,20,10060.919337
44.284133,27,10061.375021
44.327103,21,10061.760503
34.451572,32,10062.323263
35.770833,26,10062.708887
41.507204,22,10064.899114
40.489483,18,10065.165984
35.189076,32,10065.626592
41.354305,34,10066.124731
-47.57,17,10066.435536
-40.53,22,10066.799074
36.941776,27,10067.265791
-40.97,32,10067.816894
-35.99,29,10068.472725
47.352027,25,10068.933553
-32.25,29,10069.454937
32.023529,31,10070.129437
-44.29,27,10070.695393
-39.59,26,10071.189439
-39.0,25,10071.644971
36.359516,46,10072.409278
-38.48,32,10072.904089
-32.68,34,10073.394441
36.0,32,10075.746982
-40.7,29,10076.204205
38.457071,31,10076.691887
43.862642,22,10077.09293
-43.53,29,10077.830932
38.527273,29,10078.344411
-43.79,30,10078.8617
-35.27,27,10079.351377
-32.83,31,10079.900893
33.0,25,10080.309322
-32.12,31,10080.831082
42.0,32,10081.384626
40.672645,25,10081.817901
-42.0,21,10082.195582
-42.0,49,10083.050817
41.362264,32,10083.524554
-40.4,20,10083.851808
41.145299,45,10086.278428
44.75,22,10086.627118
-35.74,28,10087.075269
-44.44,24,10087.463178
41.11583,22,10087.85093
-31.84,33,10088.440506
-41.61,24,10088.865357
-44.57,21,10089.196043
44.122966,25,10089.652312
-37.72,27,10090.121621
35.610922,34,10090.796226
-41.54,24,10091.190148
-41.49,23,10091.616305
-38.48,25,10092.022614
-44.21,30,10092.554279
-42.0,18,10092.857817
39.0,30,10093.381895
31.789157,55,10094.274255
-41.54,27,10094.853484
45.0,25,10097.143996
41.386555,21,10097.457778
-47.38,16,10097.698041
38.273092,28,10098.213326
-41.9,22,10098.590996
40.625436,22,10098.99232
-38.78,29,10099.490398
40.137251,27,10099.980536
-35.65,29,10100.458283
-38.8,24,10100.861181
-44.5,21,10101.207525
37.6,31,10101.73602
35.357977,37,10102.646106
41.690559,29,10103.136983
-32.73,38,10103.764102
41.112177,37,10104.335155
41.308219,26,10104.689221
-35.1,60,10105.598016
41.087097,23,10107.840134
41.087143,36,10108.42747
-35.2,41,10109.104961
35.368,31,10109.972712
35.350394,26,10110.434434
-35.39,74,10111.649504
-44.33,15,10111.930492
-38.51,27,10112.40851
-39.4,49,10113.235507
-40.91,19,10113.570468
44.423285,41,10114.248679
35.828704,33,10114.786744
-30.0,31,10115.23385
44.570707,30,10115.67468
-32.01,43,10118.307503
-40.71,27,10118.832872
-32.66,35,10119.476414
-38.08,31,10120.015345
36.348848,32,10120.786224
32.135246,40,10121.422794
33.0,32,10121.983124
35.821429,41,10122.738092
38.952381,38,10123.453722
-41.3,39,10124.163223
37.333538,25,10124.503316
-38.25,32,10124.969427
37.886444,31,10125.436353
-35.66,46,10126.159474
-42.0,34,10126.749618
-47.38,44,10129.625381
41.033035,31,10130.186336
38.424165,26,10130.660481
32.531056,40,10131.356722
41.898917,39,10132.081076
-44.17,24,10133.369745
-43.79,16,10133.654694
-41.71,28,10134.208128
36.0,26,10134.654781
-32.03,25,10135.084884
-42.0,21,10135.406283
36.0,32,10135.877416
43.846502,22,10136.213131
-34.38,32,10136.70048
41.8,22,10137.074436
-40.97,38,10137.728043
45.0,21,10138.078091
40.706774,30,10138.555816
35.552347,31,10141.954628
38.222222,33,10142.54745
34.949325,33,10143.115416
41.404711,35,10143.738706
41.665441,23,10144.096689
-41.23,34,10144.670434
-44.74,25,10145.110651
-44.17,24,10145.539487
-41.38,26,10145.925994
-35.61,29,10146.578366
-41.49,20,10146.897181
44.259259,22,10147.247805
39.0,26,10147.644903
42.0,19,10147.918933
34.986796,28,10148.337878
-32.38,32,10148.794143
-39.0,24,10149.144842
46.741274,24,10149.482467
-41.57,20,10149.808754
41.121673,22,10150.283201
-41.62,25,10152.655439
33.0,32,10153.304653
-46.72,71,10154.61517
-43.74,19,10154.951379
-34.31,32,10155.491721
-34.39,33,10156.037364
40.733404,21,10156.38819
-38.94,24,10156.789055
-32.12,36,10157.316981
-40.85,24,10157.669712
45.0,28,10158.12108
-41.32,24,10158.601291
-31.89,64,10159.56386
32.724242,30,10160.140227
44.230769,15,10160.409659
-32.61,28,10160.866674
-32.03,39,10163.367545
40.517121,32,10163.973544
-32.72,35,10164.730655
-38.88,28,10165.223977
-37.6,30,10165.772418
32.521886,30,10166.383934
-35.48,35,10167.034369
35.933775,44,10167.728798
44.612851,26,10168.259638
39.0,27,10168.671694
32.287037,30,10169.150864
35.396552,37,10169.947466
37.598949,41,10170.574566
-35.07,33,10171.087006
-42.0,23,10171.437113
41.68232,27,10171.891336
42.0,30,10174.440519
41.068536,24,10174.927342
41.56654,38,10175.573314
-41.08,30,10176.08954
-41.88,23,10176.502955
32.017606,70,10177.908021
36.0,25,10178.285755
-44.04,34,10178.928058
44.28453,31,10179.43711
40.985401,29,10180.139801
45.0,24,10180.510697
41.424605,21,10180.877331
47.694915,25,10181.269765
-41.12,28,10181.724876
30.0,33,10182.325542
45.0,56,10185.355523
41.183824,30,10185.876022
38.390947,32,10186.417689
34.599153,36,10187.021636
-41.38,23,10187.43668
38.746212,33,10187.958673
33.0,34,10188.48977
-38.38,34,10188.986885
32.03125,35,10189.542815
-38.41,32,10190.064394
41.095057,25,10190.452208
32.348659,29,10190.892369
35.193309,31,10191.374017
41.32491,22,10191.699562
35.516949,24,10192.422633
-32.29,26,10192.903503
38.696498,33,10193.561036
42.0,20,10193.926002
40.344013,35,10196.538545
-32.55,33,10197.347101
41.6,21,10197.739985
43.912164,25,10198.118271
36.0,31,10198.60913
38.508143,28,10199.030541
34.985944,31,10199.515056
42.0,36,10200.142401
38.687285,23,10200.493815
-35.65,33,10201.022285
35.319095,28,10201.465232
38.771429,34,10201.98752
-41.9,40,10203.045515
35.135849,29,10203.530243
-37.65,42,10204.286263
-40.66,29,10204.791962
37.59005,41,10207.519902
43.555398,26,10207.995369
38.072202,25,10208.417244
32.166084,43,10209.021565
-38.07,26,10209.404436
41.366701,22,10209.778274
33.0,54,10210.661286
-34.71,31,10211.156069
-34.92,46,10211.881465
-41.07,29,10212.332693
40.308515,44,10213.098336
-39.0,48,10213.918571
44.778135,18,10214.220659
43.422017,25,10214.655721
-38.75,46,10215.48067
-44.11,25,10217.823982
38.207792,24,10218.260054
-30.0,32,10218.757073
35.613793,30,10219.200708
-38.32,32,10219.666325
43.202843,23,10220.02299
39.520011,31,10220.496139
34.694346,27,10220.93877
-35.44,26,10221.330619
38.267742,25,10221.733543
46.924986,23,10222.098658
35.659314,38,10222.848347
44.728346,24,10223.368572
40.043785,119,10225.463145
38.47234,29,10226.026116
40.551724,27,10228.513282
32.876448,40,10229.12398
-40.55,25,10229.461354
-32.11,30,10229.900349
44.163763,20,10230.202457
47.359184,17,10230.62472
-45.54,31,10231.115538
41.811765,37,10231.902932
-35.0,35,10232.658466
44.153806,28,10233.275178
42.0,21,10233.636233
-43.45,22,10234.030092
47.085851,18,10234.360037
35.902985,34,10234.746764
44.724739,25,10235.225477
-32.61,34,10235.776703
-44.18,24,10236.230024
-32.04,43,10236.982936
-32.23,29,10239.384667
-35.2,30,10239.851503
37.74094,33,10240.334136
38.307692,35,10240.899118
41.741722,30,10241.39414
-44.8,32,10241.916245
-37.74,29,10242.36399
-32.56,39,10242.954683
47.573643,21,10243.313267
33.0,24,10243.734602
45.996525,51,10244.577873
-32.76,42,10245.320149
-38.43,25,10245.765712
-40.31,39,10246.472973
40.566805,21,10247.194719
-44.67,31,10247.83214
40.694139,28,10250.279833
39.0,35,10250.823139
41.01457,27,10251.256402
-38.57,37,10251.810414
-41.3,27,10252.27348
38.077739,26,10252.698116
-41.13,31,10253.206834
-32.89,29,10253.719632
-39.0,25,10254.184901
-41.29,45,10255.002609
44.389904,29,10255.532619
38.240741,27,10255.978076
-32.13,41,10256.692499
38.52809,35,10257.521512
-39.0,31,10258.055137
-45.0,26,10258.496129
-41.73,32,10260.887522
32.088968,33,10261.427306
-32.64,34,10261.917877
47.556863,37,10262.492152
-41.38,19,10262.809047
44.567723,33,10263.340186
-35.74,27,10263.801775
40.069584,28,10264.331412
33.0,47,10265.083554
44.861004,25,10265.559309
35.775735,27,10266.075315
-41.19,41,10266.781952
-32.08,33,10267.329337
-41.97,21,10267.719039
-43.12,28,10268.213835
-32.05,32,10268.675765
33.965375,52,10271.358878
38.819728,32,10271.845041
-38.43,58,10272.723217
44.644641,34,10273.254053
38.527076,32,10273.744416
34.668948,34,10274.548649
-32.19,30,10275.080123
43.562896,21,10275.44549
-41.25,34,10276.069371
-32.21,34,10276.671671
-37.62,24,10277.087939
35.61194,23,10277.453048
-32.46,41,10278.174781
-38.05,91,10279.79002
-38.62,32,10282.217881
-35.6,27,10282.642321
-46.65,20,10282.944773
32.064257,32,10283.728665
35.817376,35,10284.302015
-36.0,25,10284.737598
-37.44,36,10285.420241
43.764798,58,10286.446835
-32.98,42,10287.177903
36.0,30,10287.719265
-42.0,24,10288.108442
-34.76,28,10288.594822
-47.96,27,10289.064627
36.0,26,10289.498046
38.715278,26,10290.083287
-41.59,25,10290.51028
-36.0,29,10291.013686
34.578895,40,10293.533123
-41.28,25,10293.911841
35.258687,34,10294.409002
46.585821,42,10295.122211
-41.23,32,10295.720348
-32.56,25,10296.199762
37.502247,35,10296.865055
-42.83,22,10297.222613
41.5,31,10297.771229
-44.36,20,10298.128472
-32.12,40,10298.839583
41.953353,53,10299.831705
-41.08,30,10300.501727
-39.8,24,10300.885943
-45.0,18,10301.184722
36.659764,37,10301.831782
35.178862,32,10304.269041
-41.84,33,10304.822405
-41.31,30,10305.306742
38.566879,31,10305.848526
-37.52,38,10306.572791
32.673913,18,10306.841066
35.901887,54,10307.846773
-41.43,31,10308.392447
38.875,30,10308.919067
33.0,36,10309.794363
36.0,29,10310.25803
-35.35,29,10310.759166
-35.86,27,10311.25251
35.676157,33,10311.826936
32.532203,45,10312.5696
-38.66,29,10314.824269
-44.23,16,10315.052749
-34.39,35,10315.592454
37.556192,29,10316.077686
47.255061,16,10316.364227
-38.35,32,10316.930748
39.911614,31,10317.479736
-45.0,20,10317.858927
43.544543,31,10318.42788
38.090401,32,10319.00303
35.379791,34,10319.599529
41.265306,32,10320.147512
-32.95,50,10321.054037
36.0,33,10321.648941
-41.16,29,10322.170445
-35.09,47,10322.887577
38.040115,35,10323.442894
-33.0,26,10325.729833
34.894567,27,10326.211572
35.841727,31,10326.779073
-42.0,24,10327.37981
-37.64,20,10327.904123
-33.0,31,10328.495403
-38.16,28,10328.974543
-35.8,28,10329.482463
-41.25,23,10329.919793
32.416667,28,10330.428946
-41.64,30,10330.972855
-41.55,26,10331.414913
-36.0,32,10331.993103
35.080292,28,10332.487044
-33.0,31,10333.014353
43.680949,30,10333.482129
-39.0,31,10333.983461
-34.29,33,10334.558796
-34.7,33,10337.065059
-34.98,31,10337.768808
39.0,39,10338.468383
42.0,17,10338.745292
44.404598,21,10339.094834
42.547331,25,10339.521574
41.634146,41,10340.266938
-38.46,26,10340.739842
-36.0,36,10341.377639
-35.4,48,10342.259477
40.162107,27,10342.72941
-35.77,43,10343.452963
41.667712,22,10343.77684
-37.52,32,10344.286413
-32.3,44,10344.930386
-48.0,45,10347.571671
39.705028,33,10348.131269
-38.34,34,10348.725206
41.022026,30,10349.234532
47.770245,34,10349.87363
44.23873,24,10350.277199
-46.65,31,10350.837335
41.80292,21,10351.207204
-40.91,22,10351.578419
45.0,23,10352.044135
41.5,33,10352.622425
32.703812,39,10353.518971
40.758555,36,10354.087462
42.658468,23,10354.442264
40.22687,32,10355.088238
-35.55,37,10355.700366
-46.61,24,10356.075579
-32.06,31,10358.40151
43.293815,31,10358.950252
-32.17,30,10359.488582
-35.75,25,10359.91676
43.289278,36,10360.555838
-32.04,35,10361.299729
-34.67,36,10361.918826
-38.55,32,10362.688011
-32.51,41,10363.44019
44.605114,17,10363.774399
32.836431,32,10364.324039
-35.37,39,10364.911938
37.505032,30,10365.404749
35.222672,32,10365.926623
-38.99,25,10366.341547
-44.69,30,10366.793909
-39.0,27,10367.194807
33.0,47,10369.840686
44.167203,24,10370.176386
45.967135,41,10370.793233
37.664382,23,10371.221021
44.56654,35,10371.8077
-34.79,42,10372.525322
44.060837,29,10373.00524
34.912527,23,10373.385659
31.954887,59,10374.376112
-44.09,31,10374.854353
-32.74,37,10375.428479
44.948529,20,10375.713232
38.031008,31,10376.184118
41.613707,18,10376.464029
-41.68,23,10376.78211
34.885093,30,10377.262362
-37.54,37,10379.895912
-45.0,26,10380.345468
-38.85,22,10380.756456
-32.08,26,10381.215364
41.536869,25,10381.664655
-40.69,62,10382.725124
-44.23,33,10383.361767
33.0,28,10383.907327
-41.2,26,10384.359854
32.41048,33,10384.93307
40.545643,24,10385.314305
-41.54,22,10385.660711
41.794239,32,10386.153999
-46.06,32,10386.691516
38.06338,29,10387.145283
-40.86,30,10387.59636
-41.54,25,10387.985817
44.747253,15,10390.2378
36.597599,30,10390.789915
45.0,25,10391.249489
-38.33,28,10391.749295
-37.94,22,10392.109018
-32.22,38,10392.771939
-40.37,25,10393.193087
-40.01,24,10393.631306
-36.0,26,10394.079139
33.0,38,10394.73572
-41.52,32,10395.276604
-35.83,20,10395.578681
-37.98,36,10396.144892
43.213753,27,10396.552518
41.807843,21,10397.059239
-32.06,35,10397.610823
-35.22,44,10398.307134
32.676012,38,10400.892376
-44.15,18,10401.232618
-41.61,25,10401.665741
41.748276,23,10402.049678
-41.43,17,10402.360563
36.0,32,10402.915372
-41.58,31,10403.463024
35.29845,28,10403.946302
-34.41,30,10404.685384
44.122359,27,10405.170483
44.326848,25,10405.574328
-41.74,32,10406.046023
45.0,25,10406.422606
42.0,26,10406.7955
44.120438,20,10407.100755
-40.49,25,10407.462889
-32.31,42,10408.09008
-38.06,31,10408.564859
-38.6,30,10409.060928
47.588951,24,10411.427906
-32.15,27,10411.861315
40.807116,24,10412.12973
31.837349,40,10412.713446
38.84669,23,10413.162141
43.991175,20,10413.558236
36.0,29,10414.082855
-44.41,34,10414.678696
-41.24,21,10415.122684
37.844407,27,10415.728319
-48.0,22,10416.126916
-34.6,41,10416.770024
-35.33,61,10417.693255
34.937594,29,10418.162786
38.022321,24,10418.537699
-43.4,45,10419.248391
-32.09,31,10419.736143
47.333333,19,10422.019217
37.52879,30,10422.558516
-37.32,31,10423.058272
38.147899,28,10423.55344
-32.41,35,10424.156465
-38.63,42,10424.882665
-37.83,27,10425.319475
-41.53,17,10425.588678
37.776001,26,10426.036999
-37.57,29,10426.459177
-44.14,28,10426.857786
-39.82,23,10427.239696
-39.0,33,10427.752616
-40.97,32,10428.272246
38.5,45,10428.977098
-38.02,30,10429.586829
33.0,49,10430.324311
37.731191,34,10433.627994
-32.91,38,10434.219568
35.809701,33,10434.835697
34.924543,37,10435.502455
41.769547,19,10435.827982
41.212766,24,10436.268173
37.585529,28,10436.743116
-35.75,32,10437.248547
-35.31,28,10437.687792
35.483444,30,10438.127011
41.877483,22,10438.446553
-38.8,30,10438.939051
-35.04,35,10439.456094
35.540426,28,10439.86599
-42.0,20,10440.161108
32.220532,27,10440.605465
-43.02,20,10440.979116
-40.57,30,10443.597073
33.0,43,10444.363885
-37.95,40,10445.457651
34.08608,34,10446.05131
-34.81,45,10446.844514
38.621399,22,10447.199601
37.646959,37,10447.741305
-42.0,25,10448.115562
-36.55,38,10448.801035
-38.29,35,10449.356197
-40.6,32,10449.872165
38.147059,33,10450.365455
-41.46,25,10450.750107
-41.37,32,10451.290775
-43.98,23,10451.706846
38.483876,27,10452.18911
-41.43,31,10454.686248
-39.0,26,10455.133707
41.126866,29,10455.645217
38.481203,28,10456.340788
-41.16,27,10456.803849
35.09465,31,10457.272463
-37.2,31,10457.757214
35.795181,32,10458.237728
38.345324,23,10458.578615
-41.68,27,10459.022364
-32.53,33,10459.51806
41.323935,27,10459.935736
32.512027,30,10460.418406
-41.51,33,10460.959261
37.71096,23,10461.358551
39.0,25,10461.808619
35.902439,31,10462.344682
35.44856,38,10462.990908
35.501629,39,10465.648237
34.572739,38,10466.332049
41.836502,24,10466.835518
-44.73,28,10467.407292
40.991613,38,10468.131624
35.010425,35,10468.69981
40.33728,30,10469.211555
-43.54,26,10469.676873
-41.71,65,10470.721665
38.362468,25,10471.139104
35.205426,24,10471.546812
-35.27,39,10472.199579
-38.9,33,10472.735208
-38.86,24,10473.133891
-32.33,35,10473.762413
41.584507,30,10476.201701
-35.61,27,10476.649166
-41.37,29,10477.050976
37.642857,22,10477.370508
-44.33,21,10477.698765
41.92053,35,10478.200654
-41.71,28,10478.639006
41.070288,27,10479.072022
-38.09,30,10479.557657
-37.22,33,10480.07514
-44.28,25,10480.434583
38.54878,38,10481.018573
-35.19,26,10481.416913
41.801325,23,10481.849713
41.020209,28,10482.42523
-35.17,37,10483.190588
-35.33,34,10483.768324
-38.12,50,10486.609392
-41.15,27,10487.123034
44.263158,13,10487.33346
41.03367,21,10487.631513
-44.48,30,10488.11325
41.110345,25,10488.512596
-38.13,31,10488.981833
35.06383,26,10489.460639
46.547826,15,10489.710809
-42.0,27,10490.142708
37.640633,36,10490.818231
42.0,28,10491.249613
41.566879,41,10491.941884
44.670543,26,10492.49302
41.035211,20,10492.85051
45.482653,20,10493.449594
-34.76,33,10494.077715
41.125,27,10494.53874
-37.91,28,10495.027581
39.0,23,10497.383509
-46.55,22,10497.760717
-32.91,33,10498.260531
-44.2,24,10498.633158
47.210909,23,10498.978435
33.498414,62,10500.100787
38.130841,26,10500.762494
47.027132,20,10501.081291
38.609756,27,10501.489667
39.0,28,10501.89407
33.0,36,10502.547336
-32.78,35,10503.143573
42.0,28,10503.619198
-38.52,24,10504.041892
-41.21,23,10504.471492
41.275,23,10504.92441
-42.0,35,10505.519914
39.0,35,10506.130932
38.261062,27,10508.629701
-42.0,44,10509.404289
38.566343,24,10509.779114
-32.13,26,10510.182558
-36.0,31,10510.703733
41.34632,49,10511.434008
42.0,38,10512.036731
41.053571,29,10512.510452
-35.61,36,10513.15801
-35.67,23,10513.548049
-41.51,31,10514.066972
-35.5,26,10514.488561
-42.0,17,10514.852507
32.385281,33,10515.463641
-40.44,34,10516.104406
-36.0,24,10516.531399
-40.75,39,10519.097622
41.054902,21,10519.462934
35.027906,33,10520.002481
-38.15,38,10520.933177
-35.64,26,10521.358633
-37.64,40,10521.997976
43.319257,26,10522.404622
39.0,57,10523.279731
40.411426,25,10523.766862
-36.0,30,10524.291635
41.05102,40,10524.995027
-32.21,39,10525.721719
-36.0,31,10526.292188
-37.88,35,10526.917484
-33.0,52,10527.835336
-47.16,14,10530.512458
38.392086,22,10530.914652
32.183673,36,10531.49113
35.751825,36,10533.055239
-38.46,51,10533.898835
45.937778,27,10534.337824
44.7,21,10534.780705
38.719557,25,10535.212405
-32.51,45,10536.246483
42.0,23,10536.649992
44.75,22,10537.049727
41.854478,21,10537.416914
-32.96,30,10537.950187
-41.28,24,10538.415293
-32.82,33,10538.965098
35.498316,27,10539.442421
32.311258,63,10542.339537
31.945783,41,10542.96388
35.903361,28,10543.390436
-35.23,40,10544.083772
-38.81,23,10544.442376
38.685345,41,10545.182549
-38.85,23,10545.582381
40.158826,25,10546.047445
-35.13,35,10546.627445
-43.34,48,10547.643884
-41.12,21,10548.043261
-40.81,27,10548.599247
-41.22,25,10549.0599
32.516216,27,10549.518471
45.0,30,10550.025501
-34.48,35,10550.601203
-36.56,26,10550.973281
47.365325,15,10551.199192
44.621573,25,10553.588464
-44.2,33,10554.144269
-35.27,34,10554.67691
32.022901,27,10555.129022
-32.96,32,10555.685712
42.778784,24,10556.13211
37.623464,31,10556.671987
-44.32,39,10557.358423
38.475352,28,10558.001336
-41.91,25,10558.42104
38.198813,33,10558.974561
-35.56,32,10559.519352
41.274556,37,10560.225
-41.34,25,10560.590409
-32.81,36,10561.346171
35.569492,34,10561.892837
39.745051,33,10564.326613
32.666667,43,10564.998888
38.751724,27,10565.426359
-40.52,25,10565.883343
40.264546,54,10566.799376
-35.12,34,10567.397974
-41.11,38,10568.025658
41.385906,20,10568.39027
-37.16,38,10569.059822
-41.84,26,10569.512233
-32.61,30,10570.028164
-44.17,18,10570.301191
-39.69,25,10570.73929
-35.0,28,10571.249502
-39.64,32,10571.741099
32.449074,33,10572.252789
34.830197,56,10575.144662
-37.67,30,10575.596928
-39.0,27,10576.11432
45.0,20,10576.463015
-41.74,34,10577.059035
-32.78,27,10577.510289
38.575092,26,10578.014072
-35.27,31,10578.550058
-41.77,24,10578.961941
-34.09,33,10579.553391
-40.71,27,10580.048085
-38.24,31,10580.559092
35.666667,44,10581.244915
-44.53,25,10581.630454
-32.06,31,10582.094563
-37.73,31,10582.718409
-38.3,27,10583.170618
-40.62,24,10585.425614
37.581814,27,10585.840495
-41.28,21,10586.163584
-38.61,27,10586.682148
-43.24,22,10587.098001
-46.38,91,10588.916921
44.16705,41,10589.639105
32.740541,30,10590.152124
-36.0,27,10590.585394
38.631098,24,10591.016309
41.231449,28,10591.47338
-38.06,26,10591.850031
-42.0,29,10592.435479
35.246795,34,10592.955472
44.254717,19,10593.255533
-41.19,31,10593.80934
-38.32,46,10596.475077
-32.78,30,10596.938551
-41.82,23,10597.359712
-34.9,30,10597.909699
36.0,61,10598.972952
40.588929,27,10599.434872
44.549815,20,10599.872806
-47.61,14,10600.243617
41.296167,32,10600.804941
-44.55,20,10601.14775
32.198895,33,10601.653069
-35.76,37,10602.294424
35.079365,31,10602.766091
45.0,32,10603.266694
-38.04,57,10604.213011
-37.52,29,10604.737217
41.733813,22,10606.984986
32.131195,45,10607.773525
42.754719,36,10608.408401
-38.8,24,10608.804443
35.938356,29,10609.339317
43.855408,21,10609.749089
32.028302,47,10610.540992
-41.07,25,10611.001411
-41.18,25,10611.418989
-32.79,41,10612.057634
-39.0,46,10612.805866
-44.36,23,10613.18875
-38.64,28,10613.764449
-45.0,21,10614.268814
33.0,48,10615.071737
-33.0,29,10615.561037
32.780564,32,10617.919516
41.853333,19,10618.190086
-35.29,25,10618.613154
32.030211,50,10619.512848
-39.98,23,10619.942124
-31.61,39,10620.565821
35.131763,27,10621.035849
33.0,34,10621.571856
-35.05,35,10622.056815
-40.46,31,10622.504735
35.900763,41,10623.110237
-44.82,21,10623.440551
-35.57,35,10624.016183
41.555556,27,10624.483744
40.871237,22,10624.87071
-40.67,28,10625.370528
-34.77,33,10626.134118
-35.69,62,10629.053595
37.640054,24,10629.484587
-44.24,18,10629.788046
39.0,29,10630.271688
32.117424,37,10630.898456
-41.41,27,10631.376309
-44.71,35,10631.959678
-38.36,20,10632.280225
41.241259,33,10632.784173
-41.45,22,10633.119419
44.650407,24,10633.482221
-32.04,28,10633.978874
32.049057,45,10634.780286
-36.33,28,10635.316203
-38.84,24,10635.720631
40.486923,37,10636.374002
-37.75,30,10638.797591
-38.21,31,10639.325839
38.363375,63,10640.754394
-36.0,24,10641.20068
38.216418,24,10641.631434
-42.0,21,10641.994792
36.0,50,10642.755355
-37.78,29,10643.244722
37.472098,26,10643.630862
47.166667,39,10644.233853
-37.49,29,10644.735547
-32.57,43,10645.472228
38.878049,26,10645.984245
-37.7,25,10646.448338
-41.11,29,10646.973083
38.577594,20,10647.31689
-44.64,22,10647.718883
42.0,35,10650.143149
38.335137,53,10650.949523
38.338403,22,10651.334692
-38.02,30,10651.830184
-39.93,58,10653.035663
-32.22,54,10653.881272
41.630137,31,10654.363969
-35.05,31,10654.841632
-41.28,23,10655.244566
-37.3,32,10655.798175
-35.21,31,10656.329639
-38.72,38,10657.002852
41.363309,27,10657.491582
37.05921,42,10658.231253
36.0,41,10660.744388
-39.36,25,10661.157873
-38.14,33,10661.769839
-40.85,27,10662.271582
32.946768,59,10663.397344
32.696875,31,10663.855289
-33.0,27,10664.274145
38.828467,20,10664.577667
-36.0,27,10664.991003
36.0,26,10665.424146
44.361217,19,10665.778309
38.13308,31,10666.422193
-38.35,22,10666.950923
41.132143,24,10667.365731
-32.17,49,10668.254732
-35.72,39,10668.868242
44.656827,24,10669.18325
-40.59,31,10671.556954
-35.88,27,10672.026918
-40.59,20,10672.380122
37.167994,28,10672.842008
-37.94,28,10673.314201
-39.0,43,10673.981052
-33.0,37,10674.539998
36.0,30,10675.013894
32.136882,39,10675.621954
38.822222,59,10676.686899
34.746198,29,10677.19025
38.630952,26,10677.736758
41.443609,27,10678.214908
39.0,31,10678.794611
-32.4,58,10682.072107
-41.72,24,10682.455555
32.701987,39,10683.178001
33.0,45,10683.918217
-41.45,25,10684.322222
-40.56,24,10684.689798
-38.62,37,10685.233136
-42.0,19,10685.552873
-42.0,28,10686.000477
38.820896,32,10686.539679
-36.0,28,10686.986871
-38.42,24,10687.440078
-38.01,26,10687.876961
-35.47,29,10688.365484
44.546816,14,10688.607061
35.501608,28,10689.060572
-32.79,37,10689.736537
-35.12,29,10690.177259
-43.47,23,10690.523271
32.253623,42,10693.272823
38.422487,48,10694.155097
38.440836,27,10694.604725
32.138889,33,10695.093941
39.0,17,10695.368007
-38.09,33,10695.832435
44.438298,18,10696.110215
-40.13,31,10696.644661
-44.25,26,10697.107
37.496326,26,10697.553598
-40.66,26,10697.997912
-42.0,29,10698.513791
37.267785,33,10699.108115
-34.64,30,10699.713958
35.621118,26,10700.184348
-34.92,53,10701.019257
37.239883,27,10703.330608
36.0,36,10703.910233
44.01307,23,10704.276639
-36.0,24,10704.638999
-35.31,33,10705.106596
42.976867,31,10705.588235
-37.78,41,10706.173261
-35.03,25,10706.81507
-39.0,23,10707.219151
35.696875,38,10708.057088
-33.0,31,10708.610998
40.540153,27,10709.07977
35.675876,57,10710.119758
43.111564,27,10710.689853
41.657051,26,10711.111763
41.652318,20,10711.426335
32.306859,41,10713.965592
38.615385,26,10714.399723
43.55597,23,10714.797475
-32.39,27,10715.243261
36.0,30,10715.691525
38.694362,44,10716.304392
-38.14,73,10717.505895
-35.11,35,10718.148515
39.0,32,10718.912926
43.692727,22,10719.318393
41.511551,28,10719.907926
38.660584,22,10720.308177
-37.83,32,10720.866414
-34.71,41,10721.564844
41.478261,29,10722.046333
-41.36,30,10722.508677
-41.66,44,10725.17933
-37.95,35,10725.716012
-41.08,20,10726.005043
38.747634,23,10726.391856
44.698675,21,10726.71395
40.72973,25,10727.123188
35.045833,30,10727.628825
-35.83,27,10728.092723
38.659628,25,10728.552733
-41.24,27,10729.03398
35.633441,25,10729.476073
41.492126,28,10730.000573
32.736025,29,10730.510857
-41.88,21,10730.929343
38.125385,29,10731.419543
38.97318,21,10732.016734
35.11276,27,10732.464682
43.114839,41,10733.085371
-40.86,43,10735.703929
-44.4,19,10735.974742
38.14898,34,10736.516523
41.545852,26,10736.903133
-38.18,29,10737.356373
-32.34,35,10737.944515
-41.3,27,10738.429755
38.724458,29,10738.948569
38.011538,33,10739.554126
-37.52,27,10740.060622
42.85083,23,10740.468777
41.519531,38,10741.166979
38.701571,24,10741.648325
36.910818,28,10742.179668
44.73384,18,10742.48171
41.339332,20,10742.767753
32.912536,34,10743.304005
42.0,26,10743.711156
37.627341,32,10746.239091
34.973397,21,10746.550792
-44.11,22,10746.878752
-32.52,61,10747.781398
-35.41,26,10748.262876
39.0,106,10749.967691
38.5,30,10750.481844
38.471698,23,10750.918823
-36.0,21,10751.573409
35.714253,37,10752.245499
47.28774,25,10752.730665
-41.35,39,10753.388564
38.690141,29,10753.82542
44.09854,18,10754.097854
-41.61,25,10754.482518
39.0,29,10756.769426
-37.76,34,10757.293343
37.905968,27,10757.677801
32.345972,45,10758.282939
-35.21,35,10758.901523
-34.88,32,10759.615921
-41.66,29,10760.134986
38.801471,31,10760.672218
36.0,23,10761.079721
32.580071,39,10761.743289
-47.06,24,10762.198587
-33.0,25,10762.657458
38.831063,31,10763.190052
39.0,29,10763.615014
40.80134,31,10764.102386
-40.86,19,10764.403312
44.720848,24,10764.741292
44.26129,21,10765.05067
-41.87,37,10767.615263
-44.34,26,10768.044839
34.541875,37,10768.603014
-41.1,23,10768.957491
45.0,25,10769.350384
38.060552,32,10769.857941
35.501792,27,10770.333217
-35.3,27,10770.809381
-38.78,26,10771.279801
40.858072,26,10771.989169
-43.61,21,10772.370941
32.340996,38,10773.007639
-34.92,32,10773.532373
41.385281,23,10773.911744
-33.0,33,10774.416752
44.465649,20,10774.732823
-34.71,27,10775.113499
-38.78,27,10775.708397
35.73913,54,10778.570921
-41.58,27,10778.999189
-38.02,33,10779.515101
41.777778,21,10779.843125
42.0,26,10780.235399
-47.22,20,10780.570005
38.514085,29,10781.069527
-44.94,26,10781.540068
37.603896,34,10782.233804
-35.66,31,10782.798299
44.457983,21,10783.207039
38.491597,41,10783.871564
41.678125,22,10784.191244
35.468401,21,10784.534054
44.549488,21,10785.146341
-35.05,33,10785.679191
41.50974,22,10786.037094
-41.02,21,10786.420368
44.45082,20,10786.772627
-41.15,30,10789.167165
-44.02,27,10789.531554
41.563365,26,10789.852252
38.221584,44,10790.504622
41.120833,14,10790.712712
-42.0,23,10791.055193
38.422652,53,10791.905667
44.604563,16,10792.208626
-41.62,29,10792.730159
44.336795,24,10793.128841
-32.9,28,10793.569681
38.723485,22,10793.947827
-40.85,24,10794.320668
40.431244,48,10795.065103
38.320617,27,10795.493118
47.264706,24,10795.914839
-41.25,36,10796.536914
41.003992,27,10799.063492
-45.0,26,10799.520765
-42.0,22,10799.914246
37.704225,25,10800.283977
-34.44,29,10800.717257
-42.92,29,10801.148537
32.705882,34,10801.649406
35.421292,38,10802.260757
-41.33,33,10802.808272
38.65283,31,10803.343422
38.039683,27,10803.810809
-41.73,27,10804.24254
40.667678,53,10805.048001
41.494286,28,10805.481965
-35.91,28,10805.946666
-38.44,29,10806.487343
-37.55,26,10806.950212
-41.51,31,10809.346873
-37.72,22,10809.721557
41.156364,26,10810.18537
40.963639,39,10810.774942
44.198444,18,10811.027018
-42.0,29,10811.623018
41.725564,36,10812.336834
-37.9,29,10812.814207
-40.92,25,10813.234708
32.472222,36,10813.899984
43.245421,39,10814.49879
35.717042,31,10814.982463
44.230556,31,10815.468676
-33.0,38,10816.058103
35.376093,32,10816.650272
-43.6,20,10816.980935
-37.81,30,10817.538419
34.487539,32,10820.066717
38.528689,47,10820.858202
-42.0,33,10821.391826
35.833333,32,10821.883806
38.90146,22,10822.225282
-35.18,25,10822.633564
-34.62,31,10823.207196
38.426056,39,10824.079771
44.834891,14,10824.271814
43.91875,23,10824.663754
-36.0,30,10825.154444
35.894737,24,10825.521684
41.085911,29,10825.974855
37.662204,34,10826.647341
-44.48,31,10827.179114
-37.73,42,10827.91897
36.0,25,10828.341186
-36.0,32,10830.776896
38.619718,26,10831.190475
35.629557,34,10831.717455
-39.0,28,10832.156513
-35.23,32,10832.652553
41.905512,26,10833.116809
-43.85,20,10833.464538
34.486583,38,10834.108207
-39.0,34,10834.535655
-32.11,38,10835.091667
41.451724,22,10835.440963
-42.0,40,10836.069776
-41.27,21,10836.397722
-45.0,17,10836.664846
35.513889,34,10837.834369
-38.04,29,10838.403213
32.628906,26,10838.872898
35.090615,27,10839.379308
-33.0,45,10842.02559
-39.0,26,10842.446234
-39.0,30,10842.90853
-47.41,79,10844.329091
38.146465,32,10844.927732
-37.17,48,10845.769968
-32.8,38,10846.36586
-32.0,28,10846.839237
35.463415,32,10847.414315
-41.53,30,10847.903777
-41.55,39,10848.604047
43.654074,24,10849.027515
37.718829,32,10849.783411
-32.55,33,10850.417383
-38.22,35,10852.856594
44.715625,29,10853.34186
37.84495,37,10853.973104
41.2,32,10854.558291
41.718487,30,10855.097371
-38.33,28,10855.650264
-41.87,23,10856.013545
43.162455,80,10857.286373
-38.27,29,10857.796064
-39.0,37,10858.424819
47.782288,21,10858.796828
32.179577,35,10859.409157
42.0,28,10859.92104
-32.36,28,10860.461012
32.5,32,10860.985476
41.530675,30,10863.36735
-35.2,23,10863.765806
40.850148,30,10864.430601
-38.42,27,10865.020897
35.045657,32,10865.580044
-37.31,27,10866.043226
-44.82,22,10866.361807
32.506849,27,10866.819014
-35.02,34,10867.345827
41.580645,23,10867.709805
-47.09,23,10868.095955
-42.0,21,10868.445686
35.589354,34,10869.106054
37.86773,30,10869.623725
37.494252,27,10870.527039
36.0,40,10871.207086
-37.44,30,10871.714019
-40.59,21,10872.067284
35.453815,33,10874.728106
-41.21,19,10875.078573
44.064639,18,10875.382272
44.172067,18,10875.674567
-35.44,28,10876.349645
-41.15,30,10876.859202
-33.0,34,10877.379966
-32.53,34,10877.907033
-41.08,31,10878.377849
-37.89,31,10878.927194
-34.75,36,10879.620345
38.197297,20,10879.98251
-38.71,23,10880.373844
-34.51,29,10880.862093
44.329502,25,10881.300133
33.0,34,10881.908278
-38.19,90,10883.554751
41.501818,15,10885.643069
-36.75,32,10886.199759
44.256364,22,10886.614281
32.239057,38,10887.202592
38.707865,24,10887.544031
-40.76,28,10887.970127
40.780083,25,10888.360282
-35.55,36,10888.930778
-44.5,26,10889.426107
-38.01,31,10889.957424
41.534799,26,10890.449792
-35.01,38,10891.357046
-39.0,23,10891.754846
40.568228,24,10892.17192
37.894379,28,10892.686088
-38.3,25,10893.139717
35.323909,29,10893.645889
-32.34,75,10896.799597
-40.65,28,10897.313568
44.377432,17,10897.597621
-47.41,15,10897.847383
32.410646,38,10898.445624
-38.53,26,10898.827219
38.021191,30,10899.33492
-38.27,33,10899.92101
-39.0,29,10900.398879
41.764722,29,10900.909134
-32.54,27,10901.375819
-40.36,21,10901.830948
-39.0,39,10902.615518
-32.88,29,10903.117802
-39.0,22,10903.48462
-38.41,34,10904.103961
-38.88,33,10904.635334
41.459879,26,10905.066738
-40.65,34,10907.480181
-40.57,29,10907.896191
41.192308,21,10908.252361
32.563003,42,10908.88116
36.0,33,10909.484817
37.791751,27,10909.946018
38.5194,32,10910.488853
-47.63,32,10911.046628
-32.71,31,10911.576341
-41.5,47,10912.403871
-44.08,16,10912.681628
38.490566,37,10913.327732
-47.95,22,10913.716345
37.993407,47,10914.529834
-35.04,44,10915.172353
-44.99,49,10918.072312
-37.18,41,10918.704363
38.277259,26,10919.117834
41.662921,23,10919.515986
-41.92,26,10919.936133
-43.74,30,10920.45864
-32.28,30,10920.959426
-41.04,38,10921.647866
38.66426,25,10922.099171
-37.45,40,10922.800428
-32.07,45,10923.60773
-44.16,19,10923.947658
-34.89,29,10924.46975
-32.11,44,10925.147315
31.651515,33,10925.665345
-33.0,29,10926.10456
38.170648,32,10928.702632
37.700053,32,10929.237261
-41.5,23,10929.595733
43.366092,28,10930.12659
41.539007,22,10930.567822
41.058233,40,10931.386128
-38.57,24,10931.80828
39.0,28,10932.314981
-44.43,37,10932.998647
-43.99,21,10933.362911
44.054397,26,10933.831081
-32.77,40,10934.514713
-47.35,18,10934.811338
-41.42,21,10935.18207
35.203463,38,10935.746158
-41.24,31,10936.222107
35.284848,38,10936.808168
-32.65,32,10939.211932
39.0,25,10939.570055
35.99631,33,10940.085472
-32.91,42,10940.852414
-34.75,32,10941.482374
-43.59,20,10941.831582
32.103571,35,10942.486828
-44.76,27,10942.928798
41.38835,34,10943.482703
44.247232,22,10944.059299
41.585209,25,10944.512234
37.862294,35,10945.127898
-41.77,20,10945.470263
-38.94,47,10946.162106
32.385542,38,10946.786354
-35.08,36,10947.326408
-38.73,36,10949.889547
38.824818,26,10950.332814
38.286822,28,10950.793339
35.259786,37,10951.417395
-41.88,19,10951.739729
39.0,28,10952.218447
-33.0,26,10952.685599
-41.46,22,10953.060992
44.016605,24,10953.501014
-38.17,31,10954.009057
-41.26,32,10954.79436
38.661064,26,10955.230371
-45.0,22,10955.594463
-40.14,23,10955.92856
-33.0,38,10956.513197
-38.19,31,10957.011977
-43.21,28,10957.407581
-38.5,25,10957.866261
-45.73,24,10958.340051
-41.51,28,10960.606611
-41.6,22,10960.991732
38.805054,30,10961.455411
-38.5,24,10961.880765
-35.57,26,10962.474586
32.5,37,10963.225815
-43.7,30,10963.828356
41.227586,34,10964.566107
41.75188,35,10965.243565
-38.66,49,10966.183082
38.721612,33,10966.760182
-32.82,34,10967.304095
-36.0,37,10967.871853
-41.63,27,10968.454142
42.0,16,10968.820783
38.717472,60,10969.968986
-44.66,19,10972.318283
-38.45,36,10972.857705
38.439597,28,10973.284822
38.325112,31,10973.889999
35.133956,33,10974.485035
38.257143,38,10975.173643
32.316964,42,10975.944678
-40.22,33,10976.520305
39.0,36,10977.17487
44.298013,24,10977.570777
-32.03,29,10978.025881
-37.57,25,10978.438642
-38.1,26,10978.911649
40.57989,23,10979.301289
-36.0,34,10979.951055
-37.83,23,10980.382801
-41.17,25,10980.878281
-38.03,33,10983.369134
-30.0,30,10983.885412
40.816857,44,10984.618588
-42.0,44,10985.44946
44.579088,35,10986.101444
-39.0,29,10986.682556
47.623616,21,10987.17811
41.388889,26,10987.702263
44.223636,29,10988.283903
-32.38,23,10988.736968
35.819444,30,10989.277882
35.731034,43,10989.977658
33.0,29,10990.476495
35.705455,25,10990.924039
-34.53,37,10991.584037
40.532664,25,10992.015016
37.211346,47,10994.759697
40.846008,36,10995.356475
40.357612,26,10995.76059
-43.54,20,10996.098395
46.239368,18,10996.44212
-35.43,29,10996.98335
-44.36,37,10997.676972
37.875521,31,10998.266339
-45.0,25,10998.739737
42.0,24,10999.415389
39.0,45,11000.188586
40.877034,31,11000.706318
38.082706,27,11001.17773
-37.78,26,11001.553793
33.0,36,11002.124509
44.53252,18,11002.444343
-39.0,25,11002.931851
-40.11,23,11003.312736
44.232283,18,11005.613162
-38.47,34,11006.156943
-36.92,42,11006.864299
-32.61,32,11007.437793
34.59469,40,11008.142291
-44.16,23,11008.571504
35.828996,24,11008.970844
-39.0,28,11009.509662
35.125899,28,11010.238836
42.0,24,11010.653638
39.0,27,11011.07192
38.601864,26,11011.425258
38.318182,22,11011.791327
43.255396,26,11012.193765
-43.96,17,11012.455515
41.744548,26,11012.91223
44.12945,21,11013.28558
38.294776,35,11013.987167
35.73384,28,11016.495926
44.225,52,11017.35715
-34.42,32,11017.91413
32.200717,29,11018.372038
36.0,31,11018.932196
39.992785,26,11019.422441
-38.23,29,11019.902329
-41.8,20,11020.269396
38.97931,50,11021.211272
-32.36,34,11021.76553
-41.7,22,11022.128378
41.046025,25,11022.54493
-38.14,53,11023.437917
-32.81,40,11024.153732
-31.97,40,11024.873929
39.0,27,11025.610556
-41.17,24,11027.948757
40.848579,31,11028.458544
38.636364,30,11029.004997
40.754526,48,11029.865345
-38.19,29,11030.372726
40.132369,26,11030.891499
-40.59,31,11031.478126
32.55042,26,11031.912379
-42.68,26,11032.324623
38.490192,26,11032.720643
38.785455,24,11033.124139
47.66485,21,11033.461039
-38.59,46,11034.4697
-41.81,33,11035.128162
44.738636,42,11035.918017
-32.7,36,11036.571875
-42.0,29,11039.260579
-40.44,37,11039.963063
41.71875,25,11040.4313
41.130841,26,11040.934021
37.167002,29,11041.443588
41.241706,28,11041.941315
36.0,28,11042.432551
36.0,23,11042.804677
-41.2,28,11043.259177
35.477564,21,11043.571124
-41.23,35,11044.427738
41.022092,35,11045.073298
38.439103,23,11045.519357
-41.52,20,11045.885235
36.0,21,11046.243586
35.725926,24,11046.746305
30.0,39,11047.476818
-35.13,27,11047.988289
-36.0,26,11048.421008
-35.89,42,11051.059316
-38.56,26,11051.416484
-35.31,32,11051.922111
-41.81,18,11052.224501
44.4,25,11052.684245
32.451713,49,11053.766402
43.607764,30,11054.221498
-41.44,23,11054.557528
-35.41,30,11055.009825
32.324937,39,11055.730597
40.617789,22,11056.137331
-35.82,31,11056.720786
-38.17,55,11057.698641
37.886697,39,11058.421293
-38.6,102,11062.184034
34.563025,32,11062.78012
46.555118,38,11063.500026
34.776693,25,11063.979282
-42.0,27,11064.642491
43.504202,23,11065.024311
42.0,27,11065.479748
-41.66,14,11065.704875
-38.81,41,11066.552413
-32.62,28,11067.061639
32.302905,44,11067.819633
45.0,23,11068.252839
-41.75,23,11068.696537
-32.65,32,11069.199713
32.271186,35,11069.81363
34.53596,34,11070.379267
37.754753,26,11072.695936
-38.75,28,11073.161752
-42.0,24,11073.611576
-34.8,58,11074.634532
-38.34,31,11075.178615
-35.58,39,11075.800821
40.539186,18,11076.136439
38.609214,25,11076.612963
37.300264,34,11077.238259
39.0,23,11077.633176
37.668254,33,11078.193112
38.542857,28,11078.69731
-41.51,41,11079.613437
-37.37,31,11080.18011
-34.45,35,11080.792293
47.613941,38,11081.398278
-44.24,23,11083.871304
-38.57,26,11084.319369
41.11289,22,11084.69042
41.668142,26,11085.092108
-41.02,24,11085.485952
35.093032,31,11085.992427
41.684211,27,11086.419721
-32.06,41,11087.145226
-41.68,38,11087.87486
-38.6,27,11088.361354
33.0,29,11088.933692
-35.47,28,11089.43781
41.482578,24,11089.912281
41.717532,23,11090.306239
-35.26,42,11091.042984
-37.75,34,11091.837799
-37.96,27,11092.261431
40.564986,33,11092.799902
44.024096,24,11095.253312
-38.58,27,11095.673202
-44.35,26,11096.101907
41.02008,27,11096.522344
44.071931,26,11096.956071
38.448718,25,11097.475161
32.268293,42,11098.235002
38.01711,40,11098.957598
38.048327,35,11100.252548
-32.09,36,11100.921593
-35.06,39,11101.632627
-35.5,29,11102.194062
33.0,29,11102.692145
-38.87,27,11103.864434
41.395437,27,11104.323522
35.277143,33,11104.845085
44.713311,30,11107.194517
-41.08,26,11107.607047
41.116921,44,11108.62828
-39.0,32,11109.232585
32.464945,39,11109.975173
32.443709,40,11110.707968
43.040909,23,11111.132891
33.0,31,11111.699722
41.751656,20,11112.096197
-38.83,25,11112.604802
39.0,25,11113.034301
-38.6,25,11113.489089
38.153615,31,11114.074828
-40.91,22,11114.480235
35.208609,30,11115.030782
-35.66,32,11115.932373
-32.57,32,11116.509481
-34.5,36,11119.055353
41.878882,25,11119.605468
41.112628,27,11120.139724
-32.34,37,11121.259524
-38.79,30,11121.839593
41.284884,22,11122.246037
-46.84,17,11122.635765
44.641509,21,11123.064989
33.0,38,11123.801815
41.138581,29,11124.421319
39.0,25,11124.873371
44.455939,21,11125.296069
32.875,28,11125.801842
44.275794,39,11126.594288
41.645756,27,11127.139772
38.390244,29,11127.749549
36.0,29,11128.297113
-32.84,34,11128.903557
-45.0,19,11129.354777
35.912879,31,11131.94248
32.635659,35,11132.642004
-33.0,37,11133.339086
32.215548,35,11134.072862
32.53668,34,11134.831313
42.0,33,11135.560815
38.411523,26,11136.21228
-42.0,22,11136.764404
-41.53,23,11137.485423
34.675004,33,11138.212413
-32.44,37,11138.959592
-38.45,26,11139.466187
-32.56,33,11140.111555
-47.5,24,11140.536654
-35.24,41,11141.236758
-38.5,31,11141.727947
38.075013,32,11144.408118
-43.62,42,11145.254679
30.0,35,11145.945646
-44.42,25,11146.430119
-38.26,49,11147.437932
41.475352,22,11148.034399
-41.14,26,11148.689738
-37.31,35,11149.625666
36.0,42,11150.787723
41.464012,29,11151.386812
-38.11,28,11151.957779
35.902985,35,11152.736114
38.304487,29,11153.347466
44.261993,24,11153.836306
35.201439,26,11154.316768
-41.02,28,11154.791611
41.920755,24,11155.150674
-35.0,31,11157.95297
40.655932,30,11158.583503
38.605839,24,11159.817708
38.216364,27,11161.435458
40.420501,40,11162.213226
-40.57,22,11162.640132
32.047138,41,11163.430965
-38.5,23,11163.84829
-32.1,32,11164.367649
43.821291,25,11164.694407
38.136364,21,11165.055019
35.604837,23,11165.495555
-40.38,32,11166.683877
-34.09,32,11167.263285
-32.13,34,11167.797569
-37.4,39,11168.450729
44.881517,32,11169.605339
-38.94,28,11173.377988
32.236152,33,11174.113046
32.400735,26,11174.738474
-44.0,25,11175.37878
-35.49,26,11176.364557
32.568878,31,11177.087386
35.125597,26,11177.575872
-41.5,28,11178.221549
-41.04,31,11178.950625
-36.37,46,11180.017931
37.819122,29,11180.640521
-38.58,30,11181.478608
32.322314,38,11182.160299
-37.18,31,11182.714555
-39.0,24,11183.137632
-38.87,35,11184.04829
38.346939,28,11184.655415
-35.55,32,11187.959121
41.775,30,11188.632793
-43.95,35,11190.01761
-42.0,23,11191.364125
-40.29,29,11191.842768
35.416547,48,11192.599809
35.556291,25,11193.322987
39.0,29,11193.832647
-41.29,25,11194.201568
40.590869,28,11194.707515
41.442804,26,11195.106654
35.179832,33,11196.088498
-44.04,31,11196.683202
-35.05,24,11197.120477
-44.32,27,11197.598321
-42.0,29,11198.205604
-44.66,16,11198.514938
-39.0,35,11202.036223
-38.71,43,11202.875604
-41.1,38,11203.490248
32.15415,38,11204.174143
41.477612,26,11204.617051
-38.79,25,11204.981187
-38.07,30,11205.495914
-38.18,26,11205.940484
37.88928,33,11206.514867
-38.06,31,11207.073161
-39.0,39,11207.783619
-39.66,33,11208.420863
41.643885,23,11208.855615
36.0,26,11209.362885
-37.71,30,11209.93935
34.667311,32,11210.513337
39.0,28,11212.936904
43.570936,34,11213.782353
40.921936,27,11214.272806
-34.83,41,11214.935642
35.810924,30,11215.404423
-35.71,24,11215.746408
-41.51,19,11216.053434
37.80795,80,11217.467992
41.251938,25,11217.920608
31.597902,31,11218.488089
44.73716,21,11218.893412
44.07971,19,11219.224508
-44.97,35,11219.854651
-38.13,29,11220.390179
41.188976,27,11220.88915
-38.79,22,11221.252302
37.869172,36,11221.883842
-35.28,36,11224.74733
-41.51,30,11225.212341
-39.63,33,11225.693838
-44.47,19,11225.997324
35.475285,36,11226.490249
-35.88,37,11227.206519
35.05036,31,11227.826613
-35.02,31,11228.56374
36.0,31,11229.111251
-43.68,36,11229.785017
-47.03,29,11230.315479
-33.0,45,11231.161926
38.54047,37,11231.882243
38.751908,61,11232.901567
41.04902,27,11233.370376
-38.04,28,11235.783162
-41.77,25,11236.154394
-45.0,23,11236.471634
35.610895,33,11236.950182
-32.41,34,11237.483996
41.342282,30,11238.016403
-41.51,27,11238.514769
-39.0,23,11238.922272
-35.02,35,11239.628136
-43.63,25,11240.287897
-41.26,24,11240.76848
-38.31,29,11241.249716
-32.26,50,11242.055361
36.0,27,11242.513573
-35.75,50,11243.436605
-39.0,31,11243.960067
32.202417,26,11246.448491
41.865169,28,11246.900232
-44.11,18,11247.155313
-36.0,40,11247.735759
-41.33,24,11248.08603
34.498024,43,11248.792108
32.030075,35,11249.349908
38.240602,35,11249.952224
41.8625,24,11250.423426
38.272059,34,11251.065457
43.636364,27,11251.53541
-39.0,24,11251.971653
-38.64,45,11252.995761
-41.93,23,11253.487061
35.213178,49,11254.339806
-33.0,28,11254.935371
41.17094,29,11255.50322
32.43038,32,11258.075449
-32.6,38,11258.614783
41.602996,19,11258.875341
41.493548,61,11259.78966
40.877917,20,11260.132059
-38.5,41,11260.90081
35.121795,35,11261.497411
-47.3,16,11261.829755
35.267352,31,11262.399962
-42.0,22,11262.777511
41.00961,24,11263.243708
-36.0,72,11264.55598
-35.1,25,11265.002563
36.0,36,11265.867639
35.205882,32,11266.438917
-32.31,37,11269.00339
41.717949,39,11269.567293
43.901952,31,11270.042325
36.623958,53,11270.935766
41.077882,22,11271.3424
40.754403,29,11271.832326
38.125,28,11272.318904
44.647773,35,11272.968926
-38.54,38,11273.64734
37.867376,29,11274.203046
38.36716,29,11275.190945
-41.12,25,11275.619284
38.623574,32,11276.180392
39.0,39,11276.888362
-38.84,34,11277.478342
41.291667,35,11280.023747
-35.61,23,11280.356663
-33.87,58,11281.266797
32.503356,32,11281.830562
32.541401,31,11282.364913
-35.83,30,11282.915693
-36.0,35,11283.801162
35.90146,43,11284.540361
-39.91,37,11285.223192
41.476534,39,11285.881252
-35.2,32,11286.544278
35.09621,28,11287.001626
-44.48,23,11287.421815
-36.0,24,11287.827929
35.37037,30,11288.385648
-44.14,38,11290.953592
-41.48,25,11291.327064
-48.0,25,11291.983836
-40.39,29,11292.482963
-32.01,48,11293.821545
37.200311,29,11294.369403
41.763566,26,11294.826077
41.483395,23,11295.250451
-43.4,31,11295.803871
41.508333,36,11296.439875
48.0,18,11296.721972
-35.52,28,11297.246227
39.0,31,11297.75652
-38.71,30,11298.322455
36.0,31,11298.798745
-33.0,27,11299.246651
34.519034,33,11299.820419
-38.21,31,11300.40404
-34.6,30,11302.650695
35.682482,30,11303.19238
36.0,41,11303.98159
-41.18,23,11304.375895
32.781377,32,11304.883352
41.507353,24,11305.292526
32.688976,37,11305.930068
-35.67,37,11306.857007
-38.19,31,11307.411725
47.600671,36,11308.053169
36.979173,31,11308.687155
-41.3,22,11309.088979
-48.0,15,11309.366449
-38.15,35,11309.965288
35.596226,29,11310.462698
38.175214,25,11310.933256
36.0,41,11311.799864
-37.47,48,11314.34902
-35.97,41,11315.100156
-32.7,27,11315.645233
35.561151,30,11316.498418
40.806929,23,11316.920922
-42.0,33,11317.515002
32.481203,39,11318.411124
-37.88,27,11318.901116
36.0,25,11319.339263
-46.27,62,11320.482939
35.002672,28,11321.008296
41.417417,37,11321.695807
38.019868,24,11322.136391
37.068596,66,11323.288761
-32.09,29,11325.886613
35.201365,39,11326.597521
-40.96,32,11327.149965
41.546584,35,11327.785966
32.483146,32,11328.374096
36.0,28,11328.889028
38.4613,54,11329.950664
38.541818,28,11330.467144
-32.7,35,11331.059387
-40.78,28,11331.57169
-35.16,24,11332.207254
-41.1,37,11332.869097
35.208955,33,11333.475418
36.0,31,11334.042118
-46.91,18,11334.363607
32.280632,42,11337.199992
-35.01,27,11337.712742
-37.47,45,11338.50861
37.804,31,11339.039515
-41.64,25,11339.509565
38.335689,28,11339.999022
-41.46,36,11340.646152
-42.0,55,11341.672762
31.866906,38,11342.330213
-36.0,26,11342.765377
38.514353,32,11343.45212
38.120623,29,11344.048031
39.0,32,11344.618049
-41.04,24,11345.056084
45.0,18,11345.343807
45.0,28,11345.780342
41.867521,28,11348.234279
37.737245,36,11348.914633
44.631247,22,11349.339858
-38.15,25,11349.802902
37.901626,29,11350.342644
32.155738,27,11350.852113
38.136691,21,11351.267636
-44.61,18,11351.579947
33.0,35,11352.212904
-43.79,29,11353.135304
43.528702,32,11353.780619
38.470407,36,11354.41311
36.0,32,11354.992089
38.622568,45,11355.780182
-35.17,59,11356.79805
42.0,33,11357.265835
38.490909,27,11357.657016
-35.12,49,11360.500389
33.0,31,11361.073225
37.133583,49,11361.948137
47.813333,28,11362.458204
-46.52,22,11362.884026
-36.0,31,11363.451357
34.826996,46,11364.285096
-38.42,32,11365.006809
32.352273,41,11365.761041
-39.0,23,11366.215986
-35.75,27,11366.641194
41.535826,23,11367.03517
41.003677,29,11367.484114
-36.0,31,11367.929342
40.813988,27,11368.349096
-38.84,29,11370.770333
-37.97,41,11371.516197
36.0,34,11372.127051
41.106061,24,11372.5637
41.19078,44,11373.39187
-37.83,32,11373.960228
-47.78,16,11374.264743
41.203125,25,11374.715509
-32.78,46,11375.546423
-32.56,31,11376.102821
-32.79,26,11376.554707
-36.0,28,11377.062272
37.809623,32,11377.60251
35.706977,30,11378.035625
41.570279,41,11378.629738
-44.43,28,11379.050828
47.817927,25,11379.421391
-38.68,36,11381.656064
-41.45,46,11382.487819
-40.37,40,11383.309125
43.767293,28,11383.828131
-38.01,34,11384.410814
39.720263,30,11384.959115
33.0,35,11385.779085
42.0,24,11386.221318
39.0,87,11387.747803
-38.3,22,11388.124875
-38.19,26,11388.576488
44.697183,28,11389.025506
41.121495,19,11389.322422
-38.0,25,11389.714549
-37.6,41,11392.25609
44.283277,20,11392.641744
-38.45,27,11393.122369
41.228916,21,11393.481647
41.005764,43,11394.226692
44.867704,20,11394.80011
-38.71,37,11395.535346
-44.24,32,11396.101642
41.887967,25,11396.549039
-41.36,26,11396.997492
-44.27,28,11397.532967
45.0,19,11397.875299
-44.94,25,11398.312722
-35.9,37,11399.053446
-41.6,41,11399.708895
41.205882,28,11400.157544
41.517787,34,11400.672597
-32.14,34,11401.169775
-47.12,23,11403.492607
43.258083,39,11404.14419
-44.36,20,11404.509291
-38.95,23,11404.930485
-32.79,39,11405.633937
34.16076,55,11406.622927
-32.65,48,11407.483582
-42.0,40,11408.222463
-32.41,35,11408.839036
-32.88,33,11409.418214
-47.14,14,11409.680432
-40.29,35,11410.250512
32.32093,55,11411.003794
35.051331,58,11412.113673
-38.48,29,11414.529207
-34.79,29,11415.050151
-41.2,60,11416.036347
-41.65,25,11416.485992
35.513725,37,11417.187384
38.314815,33,11417.771703
47.107569,45,11418.537145
39.0,25,11418.978783
33.0,37,11419.851948
-41.73,22,11420.28335
37.27788,37,11420.976662
-41.84,23,11421.323056
32.131805,37,11421.9017
41.098953,23,11422.236998
-39.0,25,11422.586556
43.998363,29,11423.013057
43.863516,18,11425.304703
41.463287,39,11426.07643
39.136957,32,11426.6338
32.563433,44,11427.854248
41.136566,23,11428.281137
-37.98,33,11428.897419
-39.0,27,11429.40278
32.042553,34,11429.982274
-41.33,43,11431.437367
35.019022,30,11431.981827
34.659553,38,11432.557977
-45.0,31,11432.999211
35.32549,50,11433.729955
44.174342,28,11434.221906
37.736361,30,11434.736001
40.465887,50,11437.615688
41.741758,29,11438.311455
35.903475,26,11438.806338
-44.09,23,11439.22859
45.0,30,11439.695236
37.051084,27,11440.155653
-35.03,22,11440.536232
38.079618,29,11441.07009
35.790875,61,11442.169449
37.578311,35,11442.775616
35.420139,53,11443.668154
-38.29,36,11444.21935
-44.55,20,11444.552874
-38.5,30,11445.031365
33.0,40,11445.901329
-43.25,20,11448.294313
47.495833,17,11448.589753
-32.74,98,11450.319216
-41.23,24,11450.792241
32.401235,26,11451.30606
-35.22,34,11452.005096
-36.0,76,11453.483295
38.061341,29,11454.093104
33.0,35,11454.698728
43.253249,25,11455.060496
-44.22,18,11455.336451
44.107296,24,11455.754509
35.71517,28,11456.601388
35.264808,29,11457.213163
-42.0,22,11457.607413
38.547445,27,11460.166619
47.407258,12,11460.421231
32.100775,31,11461.078357
37.356027,35,11461.73111
38.390511,23,11462.190409
-45.0,28,11462.715
35.902439,22,11463.109269
-36.0,27,11463.678272
-30.0,37,11464.321836
38.081481,30,11465.09167
47.102703,29,11465.60529
-38.76,34,11466.18586
40.289262,33,11466.710488
-38.55,30,11467.189889
32.723776,57,11468.20584
35.318288,23,11468.626009
38.288732,24,11469.118075
-37.59,31,11469.69982
-40.15,47,11472.482563
32.31686,62,11473.5875
-36.0,31,11474.174528
32.521739,29,11474.765188
36.0,28,11475.279111
-33.0,35,11475.998764
-40.74,40,11476.729112
41.704545,21,11477.092068
38.283088,34,11477.605982
41.693727,27,11478.020667
32.037175,35,11478.575361
44.517028,38,11479.221784
-38.76,47,11480.169923
41.552623,23,11480.617469
41.183908,29,11483.555528
-35.53,28,11484.128983
39.889487,50,11485.249307
41.9,36,11485.971816
40.306738,29,11486.572318
37.836918,37,11487.390791
-35.76,31,11488.022216
-37.57,27,11488.551731
-39.0,26,11488.993251
-37.91,35,11489.586637
-41.5,45,11490.719542
41.602439,29,11491.251199
41.438476,33,11491.942111
-41.89,23,11492.485985
-35.71,28,11493.365168
-39.0,31,11493.985406
44.017143,47,11496.946109
-38.2,30,11497.538176
-41.85,28,11498.14876
35.296296,20,11498.538291
-36.0,49,11499.434844
-44.59,25,11500.027825
-44.02,22,11500.664229
-38.43,24,11501.156867
32.787645,50,11501.95873
35.619718,28,11502.428508
-41.68,25,11502.840323
-39.0,36,11503.400342
-38.6,26,11503.839068
-41.75,21,11504.227337
37.589655,40,11504.947801
40.295153,28,11505.502499
38.139576,20,11505.861042
-41.5,20,11508.340483
32.231076,28,11508.901136
44.657534,36,11509.591745
44.146154,25,11510.090889
41.476364,23,11510.509511
47.73384,18,11510.8016
44.063396,21,11511.170902
-41.44,22,11511.545512
32.322097,32,11512.0684
38.081712,33,11512.572965
37.914634,55,11513.406441
-38.43,28,11513.834307
35.778146,26,11514.266958
38.056338,38,11515.005512
-42.25,27,11515.500602
32.803774,23,11515.928319
-43.76,86,11519.793501
48.0,21,11520.212815
39.0,28,11520.710057
39.0,31,11521.289369
-36.0,27,11521.763186
32.4,31,11522.311075
-38.07,21,11522.653112
-32.45,40,11523.579086
45.0,18,11523.841661
40.65879,32,11524.330342
-32.44,34,11524.886126
36.0,27,11525.31264
-32.55,25,11525.850656
-34.47,47,11526.70266
-41.06,21,11527.261304
44.116973,22,11527.717243
39.0,26,11528.203491
-35.2,28,11528.962107
-41.74,25,11531.438541
44.460606,20,11531.799168
41.19214,26,11532.271556
35.515679,35,11532.921664
40.817727,24,11533.314608
-36.0,104,11535.028429
-43.73,27,11535.461788
38.938931,39,11536.062876
-42.0,27,11536.474931
39.0,28,11536.956151
-32.21,41,11537.707216
33.0,29,11538.245885
-39.0,25,11538.679816
-38.45,29,11539.223557
-44.59,27,11539.723128
41.866873,29,11542.258924
31.560606,39,11542.95492
43.901477,30,11543.463078
-33.0,40,11544.035966
-44.82,27,11544.476134
-41.88,43,11545.150715
-41.28,28,11545.679989
44.25,30,11546.150702
-43.62,26,11546.845415
35.779359,32,11547.37542
32.900398,35,11548.020396
44.102941,26,11548.525911
-35.95,30,11549.066792
-44.48,25,11549.533682
35.120623,27,11550.047216
38.206767,36,11550.7137
-35.5,32,11553.420773
-38.38,24,11553.813451
-32.86,43,11554.557133
34.074803,34,11555.125362
-41.18,43,11555.86847
43.555556,21,11556.229023
-41.35,28,11556.661279
-44.02,25,11557.028432
35.940054,44,11557.746999
39.0,38,11558.404015
-40.89,42,11559.186188
-35.79,37,11559.902921
-38.49,32,11560.486352
38.818182,26,11561.333349
-43.45,24,11561.746068
35.625828,27,11562.26023
-35.49,30,11565.160957
41.698885,29,11565.688594
43.503448,38,11566.303699
-41.46,23,11566.681007
-40.5,27,11567.133295
-35.73,39,11567.784554
-41.15,23,11568.150615
33.0,33,11568.718824
40.768422,26,11569.154885
32.380471,47,11570.23231
-35.14,27,11570.715487
40.906707,24,11571.192467
-42.0,56,11572.292025
34.841221,36,11573.159427
-38.09,36,11573.843155
-38.33,42,11576.586462
-41.93,29,11577.043957
-35.61,61,11578.035809
36.0,49,11579.03209
-38.58,32,11579.522058
-44.8,21,11579.897564
-40.92,20,11580.226735
38.646643,42,11580.988237
-44.63,19,11581.397889
-32.12,51,11582.420882
-35.54,42,11583.23847
41.849265,16,11583.594446
-41.08,27,11584.097444
-38.69,42,11585.038526
-38.61,47,11586.146969
38.805556,24,11589.308242
35.154472,29,11589.827384
32.021127,32,11590.43014
-38.47,26,11590.904735
38.323741,32,11591.432613
-35.58,28,11591.861322
-36.0,28,11592.509262
-38.27,64,11593.711141
-38.99,30,11594.707858
-40.51,29,11595.228489
41.686131,24,11595.746692
32.839721,49,11596.65235
-38.5,26,11597.26339
-37.75,27,11597.892517
41.370572,20,11598.299431
-46.13,21,11598.764638
-41.5,26,11599.321148
-35.32,41,11602.251877
32.435897,38,11602.947064
38.178723,28,11603.501573
-35.65,29,11604.038047
-36.0,31,11604.561571
33.0,76,11606.004897
-41.73,23,11606.436271
43.505445,32,11607.3005
39.0,25,11607.733822
-38.23,37,11608.417951
-41.51,34,11609.068238
35.212928,26,11609.573009
35.36014,30,11610.11891
-40.89,34,11610.710964
36.945516,52,11613.551056
-34.91,37,11614.135408
-33.0,35,11614.719693
32.453237,42,11615.368781
-35.27,42,11616.114212
40.988348,27,11616.617467
41.056291,32,11617.163168
42.0,20,11617.524226
-31.69,49,11618.402014
-38.28,29,11618.92047
32.638554,38,11619.643158
42.881861,20,11620.008726
38.244237,32,11620.576249
-35.87,27,11621.073223
-47.07,12,11621.277477
-42.54,37,11621.961141
44.23622,24,11624.225341
32.233898,29,11624.684008
-37.79,28,11625.170253
35.596445,35,11625.736266
-38.65,27,11626.184252
35.5,46,11627.398441
-41.69,28,11627.947355
-41.55,20,11628.356043
-35.81,47,11629.184751
32.45935,54,11630.10817
41.073042,37,11630.978728
-35.26,37,11631.726495
41.333333,31,11632.286644
41.154135,20,11632.653655
44.390698,26,11633.087392
-38.55,31,11633.71367
39.0,29,11635.959483
37.856859,37,11636.568963
38.533582,108,11638.590167
-40.53,34,11639.185797
-32.05,28,11639.696786
-35.01,24,11640.143798
38.124579,32,11640.718078
-41.1,15,11640.97737
44.320423,24,11641.411921
-37.81,22,11641.813757
35.718631,29,11642.299888
-41.04,43,11643.038193
-35.6,29,11643.568282
-41.2,22,11643.951937
41.602941,28,11644.421437
-41.32,32,11646.724984
33.0,27,11647.171417
39.801508,44,11647.965004
32.376206,25,11648.40882
-35.7,39,11649.086326
32.030418,40,11649.774192
41.036913,24,11650.250348
36.0,28,11650.83952
41.383607,20,11651.313457
-33.0,30,11651.894308
-38.67,29,11652.638984
36.0,33,11653.254433
-41.51,42,11654.013279
37.503413,40,11654.752121
39.0,24,11655.206336
-38.46,24,11655.864926
32.692308,46,11658.440383
-40.5,27,11658.95634
-32.51,40,11659.540789
-34.66,30,11660.088443
38.177604,25,11660.576793
-38.25,29,11661.123933
-47.1,19,11661.483512
-36.0,25,11661.928015
-38.35,32,11662.514125
37.771342,24,11662.956337
-38.5,29,11663.465866
-44.09,22,11663.899158
38.055556,43,11664.672092
43.592009,31,11665.278404
32.48495,42,11666.012802
44.180556,29,11666.556681
47.145406,19,11666.964566
-32.06,37,11669.369307
-38.56,35,11669.977576
-32.75,31,11670.5532
38.62069,28,11671.108224
-32.2,33,11671.677465
-41.21,22,11672.087631
46.996936,29,11672.663498
44.121091,18,11672.993754
-32.85,48,11673.831706
44.01546,28,11674.347992
-44.68,16,11674.637209
-38.03,49,11675.596305
41.431677,28,11676.131142
-44.22,27,11676.649975
-40.22,29,11677.278911
-38.21,37,11678.137876
36.0,22,11678.50519
-41.59,27,11680.712136
40.731324,28,11681.254512
-37.6,33,11681.986454
43.073801,33,11682.564149
35.257463,41,11683.218723
40.803893,23,11683.642773
34.774086,30,11684.224956
35.065693,27,11684.713791
40.845455,23,11685.190304
-41.83,51,11686.126493
39.874059,27,11686.661226
-45.0,37,11687.336812
-40.75,39,11688.015586
-41.5,21,11688.409013
38.563636,30,11688.922192
33.0,28,11689.40757
-32.24,28,11689.889764
-41.83,30,11692.214267
-35.15,31,11692.770883
35.493226,32,11693.374225
39.0,28,11693.8708
38.5,27,11694.376586
-38.74,24,11694.866877
-38.72,23,11695.268744
38.253614,30,11695.826389
-44.51,22,11696.29383
-44.58,24,11696.750023
41.356364,47,11697.647016
38.874564,27,11698.146636
-47.1,15,11698.44576
35.250936,35,11699.073543
43.740696,31,11699.645252
41.752852,32,11700.289048
-35.03,54,11701.12
35.126923,33,11703.557122
41.186533,29,11704.09254
-41.04,23,11704.522665
41.629213,21,11704.942038
35.734317,31,11705.503256
35.008889,28,11706.217169
-37.37,32,11707.068411
-46.86,30,11707.848008
-32.23,38,11708.666255
-39.0,30,11709.226906
44.565611,34,11709.871164
35.136547,32,11710.437904
-41.06,24,11710.857219
32.421818,39,11711.610385
-38.33,21,11712.000625
38.367647,37,11712.615997
-42.0,21,11712.989521
-41.46,23,11715.508672
43.579947,29,11716.078476
41.296331,25,11716.586567
-42.0,21,11716.983369
-40.42,27,11717.568368
43.609097,25,11718.045417
39.0,25,11718.505321
35.577236,29,11719.026848
-35.29,42,11719.988069
34.974084,32,11720.64001
45.0,22,11721.178357
32.72069,26,11721.708604
41.04644,20,11722.063167
37.319087,41,11723.046669
-42.0,46,11723.948419
37.522059,23,11724.338104
-38.23,30,11724.804422
44.406593,48,11727.607187
43.280896,20,11728.167939
37.934028,25,11728.777447
40.877004,31,11729.472266
41.015241,33,11730.138297
32.776062,36,11730.874317
-42.0,21,11731.264174
-37.89,37,11732.089892
-40.99,33,11732.74894
-43.68,19,11733.349171
41.33452,38,11734.704333
36.0,32,11735.476354
-45.0,21,11736.537809
-36.0,27,11737.556359
-47.43,22,11738.224671
-47.34,21,11739.484685
-43.44,34,11740.792331
-46.17,18,11741.460021
39.0,31,11742.170036
38.410345,27,11744.981778
32.173285,36,11745.720437
38.141791,31,11746.350809
32.836502,35,11747.132954
-41.13,18,11747.569559
-41.37,22,11748.048922
38.800797,25,11748.555118
41.503472,62,11749.958491
-38.13,40,11751.102048
-40.68,38,11752.219986
43.966145,27,11752.91204
-43.2,26,11753.541578
39.971343,32,11754.2326
32.074219,45,11755.248937
40.503448,25,11755.759811
36.0,23,11756.18863
37.344039,37,11760.221751
40.674904,29,11760.863612
-38.31,26,11761.476286
-35.57,24,11762.049731
45.0,55,11763.374177
-43.85,36,11764.192466
43.63505,28,11764.906965
32.213889,38,11765.885809
-41.69,30,11766.652127
39.0,26,11767.278824
45.809163,32,11768.048337
-37.17,52,11769.221212
-34.73,33,11770.462822
32.623256,32,11771.133578
43.883043,22,11772.019212
-42.76,24,11775.304912
-38.1,33,11776.4899
-37.23,68,11778.328582
35.435798,29,11779.012519
-37.98,74,11781.079194
32.459227,80,11783.21596
-32.21,66,11784.934277
33.0,32,11785.822099
-40.88,38,11786.674762
32.746479,30,11787.29092
39.873296,27,11789.12357
40.782528,25,11789.945582
34.702883,27,11793.567572
-45.0,18,11794.032042
-45.0,19,11794.471194
-35.81,35,11795.317694
35.254237,22,11795.804854
-43.28,29,11796.479212
38.092187,30,11797.301698
-44.38,22,11797.926872
44.633065,20,11798.464053
-38.47,32,11799.384197
42.0,30,11800.169096
38.836538,30,11801.012345
32.382143,41,11802.634135
-35.53,35,11803.616526
38.566757,31,11804.729208
39.0,37,11806.024937
35.878431,31,11806.979868
-40.57,35,11811.937042
38.229864,30,11813.070127
41.80083,24,11814.021901
-41.17,25,11814.840512
-44.56,17,11815.362205
-35.27,29,11816.197119
36.0,37,11817.299227
-38.21,30,11818.197009
35.204633,25,11819.002406
40.98699,29,11819.795824
38.603175,25,11820.409407
41.408163,27,11821.126837
32.277389,36,11821.952896
37.398903,34,11822.710592
-32.84,35,11823.66106
-41.71,23,11824.319736
-40.42,28,11825.157898
-35.38,31,11826.008174
40.045286,36,11830.177427
-38.5,26,11830.923137
32.752852,32,11831.66327
-42.72,36,11832.656734
-32.45,27,11833.423168
-38.21,44,11834.711581
41.72619,33,11835.680825
-39.0,27,11836.425014
41.900735,23,11836.951267
-41.08,48,11838.031527
34.939243,27,11838.702291
40.715617,19,11839.681713
37.794431,43,11841.133522
41.587678,22,11841.717176
32.284281,27,11842.463442
-44.1,20,11843.038484
-43.29,29,11843.831932
-38.82,28,11847.741199
-32.62,32,11848.944542
38.119822,26,11849.619245
43.520339,31,11850.450128
41.488095,27,11851.284343
-41.2,25,11851.981059
-37.32,27,11852.74224
-33.0,35,11853.690318
-35.31,34,11854.488346
-35.67,37,11855.41215
40.975219,30,11856.131387
38.203125,28,11856.766979
38.307414,24,11857.445585
38.572755,34,11858.545935
45.0,18,11859.072862
-38.13,32,11859.907986
38.508897,32,11860.861757
-38.52,36,11864.878806
-35.77,31,11865.714596
38.692015,23,11866.324303
-38.55,42,11867.57281
-44.28,15,11868.057267
41.455556,25,11868.797204
32.064407,34,11869.753495
41.500776,23,11870.375343
32.751111,28,11871.225777
37.953785,30,11871.946178
-32.03,34,11872.72513
44.881757,23,11873.331525
41.390879,28,11873.92768
-38.91,32,11874.734721
41.625514,24,11875.432037
-35.18,31,11876.254115
-31.92,37,11877.657695
-47.45,20,11878.278872
35.682594,37,11882.01124
-33.0,34,11882.790601
32.748092,33,11883.709507
41.425325,25,11884.445276
42.986513,34,11885.41432
35.558153,30,11886.23989
32.59507,69,11888.536622
-32.43,37,11889.563473
-46.57,29,11890.286646
-44.01,24,11890.905784
37.755172,33,11891.624809
-32.77,36,11892.416232
-43.67,31,11893.257393
-38.13,31,11894.124245
41.9,21,11894.750546
-36.0,26,11895.475143
-38.39,25,11899.195185
34.062391,34,11900.137271
-41.76,28,11901.009433
-41.86,23,11901.643424
43.900794,31,11902.932575
44.337423,26,11903.582663
-39.0,26,11904.729773
33.0,34,11905.759449
32.097122,35,11906.731537
40.341398,18,11907.199411
44.042017,27,11907.767154
35.259701,24,11908.265589
45.0,28,11908.860319
-38.31,36,11909.817788
47.138882,20,11910.399822
-38.03,28,11911.275627
41.343102,25,11911.994173
-41.5,28,11912.797194
-32.17,39,11916.684799
-40.43,51,11918.096059
32.76259,31,11919.179552
34.748417,32,11920.073384
-40.99,24,11920.820575
41.056818,22,11921.534256
-35.55,33,11922.456048
-44.76,21,11923.03556
-34.34,31,11923.814369
41.580175,33,11924.601025
-35.22,33,11925.698704
41.113139,20,11926.112354
41.145098,22,11926.607399
-38.38,28,11927.253506
-41.25,26,11928.020826
38.377483,46,11929.250113
39.89709,33,11930.088639
44.727273,20,11933.388397
-38.42,26,11934.05994
-47.17,23,11934.679998
-32.66,34,11935.239733
-34.41,38,11936.202296
-42.0,23,11936.792386
-35.95,24,11937.450577
-47.26,19,11937.981178
-40.78,23,11938.64976
-38.54,23,11939.259761
42.0,27,11939.956842
-37.57,34,11940.799137
47.122047,38,11941.60707
38.737013,30,11942.275399
38.746795,27,11942.850662
-47.12,25,11943.374253
35.77821,34,11944.254859
32.389091,32,11945.137453
35.558621,32,11948.888214
34.73741,34,11949.822513
39.0,33,11950.683337
-36.0,33,11951.551045
42.0,34,11952.582286
-38.49,39,11953.679495
37.460699,26,11954.418305
32.493056,65,11956.252668
-44.48,19,11956.773895
-41.04,19,11957.20432
35.227941,28,11957.79908
35.264591,35,11958.547655
-40.91,24,11959.506288
-43.73,29,11960.294104
47.183453,20,11960.853234
30.0,30,11961.576152
-32.94,44,11966.056094
42.0,18,11966.528208
44.281385,19,11967.062103
35.407407,30,11967.825043
-32.36,30,11968.646961
-41.31,25,11969.238963
37.901487,27,11969.969424
-34.32,34,11970.875032
-37.91,27,11971.698664
-42.0,36,11972.744624
38.070513,27,11973.447144
41.022727,27,11974.008456
41.737255,30,11974.662322
32.046763,29,11975.306818
41.071698,30,11975.953875
43.64658,26,11976.732342
-35.69,31,11977.528441
43.961126,38,11978.566957
-32.7,33,11982.097609
-41.48,23,11982.719058
40.785517,28,11983.545691
-35.28,29,11984.361071
38.415493,29,11985.137208
-35.23,26,11985.828757
33.0,47,11987.183798
-41.25,34,11988.084617
41.03653,23,11988.69939
44.505952,34,11989.591398
31.620401,42,11990.651495
35.364821,43,11991.654364
38.157459,41,11992.538824
-42.0,24,11993.085416
-32.46,31,11993.826315
-35.01,27,11994.815838
32.306667,38,11998.810291
-40.75,26,11999.666265
34.939818,34,12000.507421
-36.09,38,12001.484748
-45.0,34,12002.353824
-44.53,23,12002.990037
38.135849,41,12004.157309
38.798701,28,12004.947003
-33.0,35,12005.897717
-44.18,32,12006.70175
-37.36,30,12007.376132
-38.84,29,12008.09613
38.727273,26,12008.660335
-33.0,31,12009.370088
40.435106,35,12010.329495
-41.06,23,12010.951835
-44.99,32,12014.777658
-40.56,28,12015.836323
39.0,20,12016.383503
-44.81,15,12017.059424
-44.16,30,12017.949269
35.901099,48,12019.214239
-43.87,34,12020.012063
37.673375,33,12021.042417
-38.88,61,12022.770467
-36.0,28,12023.438518
35.440816,31,12024.182995
35.919872,29,12025.004125
-45.88,20,12025.453297
-34.73,55,12027.045346
40.659206,22,12028.041702
-38.75,17,12028.610109
-33.0,42,12033.001293
41.366345,31,12033.979652
38.771739,35,12035.043061
38.063953,29,12035.868845
-38.93,22,12036.534639
38.5,30,12037.366461
-38.48,26,12038.195477
45.0,39,12039.287473
44.662493,23,12039.879036
47.525813,23,12040.466314
34.088354,50,12041.622505
-38.43,20,12042.058157
37.608947,52,12043.234054
36.0,28,12044.090705
-47.7,17,12044.591599
42.0,44,12045.804852
35.774074,32,12049.578359
36.0,36,12050.673964
-44.65,19,12051.249505
-41.1,22,12051.834911
38.902527,49,12053.206573
42.673273,27,12053.994451
-38.43,24,12054.712589
34.766892,39,12055.733888
35.950954,35,12056.64187
-32.01,33,12057.440416
32.5,39,12058.254983
41.715789,22,12058.777152
-41.3,23,12059.36235
35.321192,28,12060.009756
38.224409,36,12061.268436
-32.91,34,12062.165175
41.558333,25,12062.783189
-34.71,46,12066.570468
42.0,24,12067.168657
35.915493,29,12067.92792
40.053798,26,12068.471991
-32.91,25,12069.023052
44.28169,27,12069.585577
32.262238,29,12070.316318
32.765517,38,12071.359496
-41.18,35,12072.210124
37.59835,27,12072.806473
-35.91,39,12073.414974
33.0,29,12074.006825
-46.46,56,12075.153151
-43.58,20,12075.56569
-44.2,20,12076.058644
-41.75,20,12076.563148
-37.62,33,12077.299278
36.0,37,12080.488244
-32.44,39,12081.280759
38.620553,23,12081.878062
-34.68,28,12083.054698
41.672897,23,12083.571271
-38.98,38,12084.370631
-33.0,34,12085.21045
38.616314,25,12085.706472
-38.53,28,12086.291747
-32.63,38,12087.3392
41.659884,39,12087.959641
-38.19,27,12088.407801
-38.17,27,12088.881386
38.5,27,12089.343286
-41.04,24,12089.77595
45.0,24,12090.230262
44.062271,25,12090.656272
-37.19,28,12093.230036
-43.26,26,12093.696272
-45.0,20,12094.045793
37.711022,28,12094.571056
-38.84,40,12095.306244
-34.6,37,12095.994632
38.341818,32,12096.566211
-35.59,26,12096.984285
38.241394,28,12097.448493
-35.43,32,12098.005741
-44.23,28,12098.504331
-35.59,28,12098.920617
38.107143,28,12099.413723
35.686047,28,12099.921036
41.419811,23,12100.349828
47.217593,19,12100.802276
41.693141,25,12101.291738
-38.42,25,12102.524355
-38.21,33,12105.08552
-40.42,38,12105.772005
-32.33,32,12106.341322
-43.7,21,12106.717454
-38.62,33,12107.219821
-39.0,25,12107.624521
32.331633,38,12108.1652
39.721535,27,12108.701269
32.673152,34,12109.260071
33.0,31,12109.785559
35.714815,28,12110.286567
-38.04,30,12110.840049
38.155039,29,12111.410832
-45.0,21,12111.885102
-38.71,35,12112.708693
-33.0,28,12113.30342
34.530418,24,12113.793769
44.4,26,12114.262532
-44.38,25,12116.702105
-35.09,25,12117.137646
44.300292,27,12117.620113
-40.1,25,12118.034725
35.088435,25,12118.431646
-32.48,28,12118.859712
-40.9,30,12119.592497
42.0,26,12119.962615
-39.0,28,12120.442504
-44.22,24,12120.865891
38.182927,25,12121.319892
-35.12,30,12122.016646
44.305854,39,12122.863078
-32.55,34,12123.486093
-41.54,26,12123.977126
38.926407,28,12124.48532
41.143646,22,12124.84917
-37.45,31,12125.39905
41.413386,37,12128.011282
-35.2,28,12128.525843
-47.84,18,12128.845659
32.085409,29,12129.473412
-44.34,26,12129.869125
-38.35,62,12130.785852
-32.9,35,12131.408199
40.68447,25,12131.835577
35.672598,32,12132.44854
44.222826,19,12132.816651
41.087737,30,12133.35276
-44.06,25,12133.785586
38.156134,28,12134.271385
38.82963,26,12134.735075
41.604082,21,12135.112752
41.3125,24,12135.541645
39.0,24,12135.960591
46.915114,20,12136.319258
-35.06,30,12138.827139
36.0,40,12139.486632
33.0,28,12139.945212
34.969454,28,12140.316456
-39.0,21,12140.638011
-38.6,26,12141.028241
-38.42,34,12141.52251
32.901408,45,12142.324633
44.426415,22,12142.722154
-41.55,21,12143.106983
-44.32,17,12143.51958
-38.81,42,12144.321201
40.807404,30,12144.859839
32.519149,32,12145.422579
43.681514,21,12145.82109
34.49651,28,12146.29608
33.0,33,12146.892365
-36.0,40,12149.458045
-35.49,29,12150.028582
-38.15,23,12150.500748
-35.41,39,12151.081225
35.084507,29,12151.547387
38.54878,33,12152.052279
38.750816,29,12152.527037
38.9,27,12153.012934
-35.17,48,12153.913267
41.175,23,12154.338358
32.657895,68,12155.502713
38.454167,27,12155.954709
47.803636,19,12156.329644
-36.0,32,12156.886583
32.274143,30,12157.429676
32.252336,30,12157.954937
-35.9,28,12160.412854
-35.23,31,12160.88822
-36.0,29,12161.307188
38.112727,28,12161.721087
-41.91,41,12162.309681
40.574641,28,12162.802902
39.0,31,12163.41031
32.482143,30,12164.326384
31.9875,32,12164.867353
-38.27,37,12165.569199
-32.24,34,12166.121338
44.635507,21,12166.539822
37.284451,25,12167.021449
44.074074,19,12167.349113
-41.28,21,12167.772556
41.626923,18,12168.085514
32.01845,35,12168.688844
-45.0,36,12169.278574
-41.06,23,12171.658341
-40.86,38,12172.203505
-35.91,30,12172.626487
42.0,26,12173.058156
40.513806,26,12173.460612
36.0,26,12173.910118
32.246057,38,12174.561131
-38.3,31,12175.137377
-35.37,32,12175.682894
35.866142,29,12176.27482
-35.76,29,12176.794952
32.645963,32,12177.385599
32.349206,31,12177.923892
-46.76,44,12178.6905
33.0,40,12179.355015
-41.27,31,12179.919357
-35.88,46,12182.575589
-32.87,27,12182.964401
38.658451,23,12183.272534
32.837748,51,12184.211555
32.338509,33,12184.935482
35.07722,32,12185.549033
-39.0,31,12186.159975
36.975605,39,12186.864004
-42.47,24,12187.324574
-35.3,30,12188.139137
-34.74,29,12188.648139
-41.16,29,12189.147427
-41.23,39,12189.901717
-42.0,29,12190.432754
32.286604,36,12191.094139
-35.24,29,12191.743273
40.535088,24,12193.915965
41.273616,34,12194.424991
-38.36,29,12194.929875
-48.0,22,12195.330542
-35.66,38,12195.959376
35.281787,32,12196.766079
-38.03,25,12197.208035
-43.51,22,12197.622524
35.377953,24,12198.032764
-38.17,27,12198.507709
34.433077,38,12199.159611
-45.0,30,12199.720167
-35.57,37,12200.424188
-35.29,38,12201.068611
38.468966,26,12201.517035
35.039826,30,12202.030699
-35.22,27,12202.495168
44.409938,26,12204.685905
38.728972,24,12205.098238
-35.91,20,12205.505237
41.20062,37,12206.841857
-44.05,26,12207.331842
-41.6,29,12207.894685
-38.18,37,12208.544862
38.290816,60,12209.562671
31.827974,34,12210.124405
43.138409,27,12210.590405
-44.26,22,12210.982668
47.897638,23,12211.381878
31.848837,33,12211.957001
44.587786,24,12212.437498
-41.58,22,12212.888358
-35.04,31,12213.426663
-44.25,30,12213.93351
-32.07,31,12216.206852
44.732852,25,12216.619215
43.913889,32,12217.228891
32.242718,35,12217.820936
40.050417,28,12218.318158
38.411321,28,12218.842012
-42.0,19,12219.206999
35.073359,26,12219.651644
41.246944,35,12220.271808
32.443089,31,12220.785195
35.4123,26,12221.233718
-41.43,29,12221.707007
37.223064,34,12222.281507
38.551181,29,12222.812242
38.02995,18,12223.156015
32.511538,39,12223.803062
35.706485,27,12224.220151
32.133333,40,12226.682711
41.421651,22,12227.131567
-38.42,33,12227.756232
-41.56,19,12228.119245
-39.83,37,12228.834451
41.742048,24,12229.258581
-32.75,40,12229.939051
-35.42,29,12230.44048
-37.32,60,12231.486511
-40.78,29,12232.029761
-44.06,24,12232.472128
44.050909,21,12232.866798
-42.0,24,12233.37358
33.0,30,12233.978461
42.0,20,12234.349295
36.0,30,12234.896172
-35.71,33,12235.445539
-39.0,31,12235.855642
40.955738,22,12237.977509
33.0,29,12238.516379
-41.54,25,12238.952394
41.563833,23,12239.770191
-44.62,19,12243.412955
35.067511,26,12244.055382
37.789649,31,12244.765174
-36.0,39,12245.556369
-38.91,40,12246.363885
-37.7,24,12246.821926
36.0,24,12247.270782
38.726131,23,12247.697015
38.431034,35,12248.383078
-40.76,26,12248.873479
33.0,32,12249.483719
-44.43,16,12249.782288
-38.49,39,12250.680604
-35.26,31,12251.190983
-47.29,14,12253.311795
-41.81,21,12253.67665
37.719027,31,12254.225832
-41.8,30,12254.818728
-32.07,31,12255.407097
37.696207,30,12255.947249
32.527972,29,12256.498525
33.0,40,12257.196182
-38.89,28,12257.653718
-32.62,37,12258.342357
-41.28,40,12259.068241
38.098592,36,12259.820793
41.390698,26,12260.463717
-34.92,30,12261.013593
-37.63,34,12261.665828
41.484375,22,12262.101669
35.779301,29,12262.577919
35.341297,32,12264.923751
-32.84,33,12265.496928
-32.85,34,12266.086917
44.045193,27,12266.646323
32.027586,30,12267.166316
-32.88,33,12267.812994
35.618056,29,12268.335727
38.630137,45,12269.125589
-44.64,16,12269.435677
-38.49,27,12270.211757
-35.02,32,12270.861544
-48.0,30,12271.477574
-36.0,42,12272.475113
44.068966,19,12272.824536
-40.53,48,12273.750979
-39.0,35,12274.274732
35.980159,50,12277.883913
32.476534,30,12278.39757
-38.9,29,12278.957962
-33.76,40,12279.693989
-43.62,21,12280.097039
-41.66,26,12280.572822
42.0,21,12280.992494
-35.26,33,12281.565174
37.736785,31,12282.318748
-31.81,41,12283.078928
40.521053,30,12283.612318
-44.26,18,12284.005304
-38.48,29,12284.51957
32.057522,52,12285.309904
41.491166,22,12285.687455
32.455696,28,12286.147459
-41.54,28,12288.672122
32.537092,34,12289.302126
30.0,33,12289.891015
33.0,43,12290.69248
42.0,27,12291.201147
44.163286,36,12291.915409
-41.65,47,12292.814845
-35.28,30,12293.394572
-35.72,30,12293.944437
38.402618,27,12294.547148
44.137097,16,12294.883367
44.341727,17,12295.257302
-38.33,28,12295.722684
-38.23,34,12296.254864
40.737538,29,12296.722766
-41.46,23,12297.086367
43.635487,46,12297.867359
-38.42,32,12300.44045
35.87395,32,12301.013242
-42.0,26,12301.460473
-44.19,25,12301.900092
-36.36,37,12302.553903
-32.94,35,12303.188285
-41.31,26,12303.723196
42.0,20,12304.154266
42.0,25,12304.578677
32.522222,29,12305.093414
-38.21,27,12305.558933
38.038776,37,12306.189722
-47.56,30,12306.677763
-43.87,31,12307.146168
-34.75,27,12307.544054
-37.91,23,12307.933445
-32.49,34,12308.498291
-38.28,29,12311.174326
35.496479,28,12311.67386
35.5,28,12312.16934
44.141099,24,12312.634534
-38.03,34,12313.271533
41.70405,24,12313.901746
35.379699,40,12314.732905
-40.63,25,12315.232746
-35.85,29,12315.794686
35.245968,35,12316.609952
38.635417,44,12317.4192
-38.88,31,12317.939196
-43.68,25,12318.34826
40.973603,27,12318.723425
-35.73,30,12319.213658
32.772563,33,12319.825942
39.0,36,12320.468281
-35.81,29,12323.041965
-32.71,38,12323.752943
41.457364,36,12324.401983
41.170909,24,12324.842659
-34.76,29,12325.393038
-44.03,28,12326.012721
41.049286,35,12326.712048
40.413743,20,12327.069541
38.493056,30,12327.671303
-41.24,25,12328.108516
-41.13,32,12328.657001
-39.42,33,12329.132204
41.388858,27,12329.539636
-41.02,34,12330.05363
-35.35,28,12330.456949
37.530396,38,12331.086066
39.0,33,12331.695524
45.0,19,12334.108861
-35.24,31,12334.719491
-39.0,22,12335.138249
-33.0,26,12335.664977
-32.27,33,12336.303245
-40.89,37,12337.011632
37.845455,28,12337.681401
-35.13,22,12338.075372
-35.79,39,12338.801465
37.296366,29,12339.335145
-38.35,50,12340.102881
41.648352,30,12340.56215
32.304636,69,12341.659451
32.11254,31,12342.276963
-41.95,21,12342.652788
37.382674,35,12345.345773
-35.14,37,12346.042103
-44.9,18,12346.389699
-35.66,39,12347.151523
-41.57,43,12348.024686
41.212598,29,12348.618845
-32.95,37,12349.316834
-36.0,29,12349.88194
-35.72,41,12350.598089
-43.55,24,12350.929951
-44.91,31,12351.41242
-38.48,51,12352.21049
-35.16,36,12352.850938
-35.48,32,12353.401596
46.910646,17,12353.705024
32.769759,26,12354.154056
39.731821,33,12356.833209
-35.95,35,12357.495542
44.375458,48,12358.400856
35.148594,28,12359.066232
-31.67,104,12361.003399
38.249057,29,12361.454157
-43.77,30,12361.931247
-38.25,23,12362.283502
33.0,62,12363.227128
-32.49,32,12364.200239
-35.91,23,12364.655533
-35.87,50,12365.611856
-38.25,40,12368.419915
-34.68,34,12369.034345
-41.56,25,12369.513883
-38.38,25,12370.040776
41.62,24,12370.631897
-35.49,27,12371.150396
-44.46,33,12371.725072
44.98917,30,12372.216658
-41.52,34,12372.684463
35.024198,33,12373.182026
-39.0,31,12373.662257
41.552326,23,12374.003085
35.106977,28,12374.522441
-37.05,25,12374.947113
-38.45,34,12375.533353
36.0,37,12376.184068
-43.18,50,12377.057852
39.0,38,12379.756387
-41.79,18,12380.066109
41.092659,42,12381.064128
-34.59,32,12381.700097
40.797735,17,12382.053883
-37.73,29,12382.581337
-35.73,34,12383.140151
37.706278,32,12383.624279
-44.07,21,12383.948296
41.756098,20,12384.233094
38.082968,31,12384.768422
35.323529,36,12385.4401
46.968753,33,12386.042557
47.405573,33,12386.649855
38.198582,25,12387.11412
32.832685,31,12387.684279
-32.87,37,12388.367456
41.792517,27,12390.99847
-41.32,28,12391.522468
33.0,36,12392.188572
-41.27,23,12392.723099
41.902778,32,12393.83895
32.189911,32,12394.477077
30.0,30,12394.943415
-38.8,23,12395.307933
44.430556,21,12395.61015
32.660232,32,12396.123564
-38.56,32,12396.644136
44.816199,20,12397.021792
-45.0,20,12397.395525
-47.49,16,12397.70994
-41.51,39,12398.45776
32.6139,31,12399.073022
-38.3,42,12399.849948
-39.0,30,12400.424098
-41.77,25,12403.044517
35.180645,34,12403.752333
38.713262,27,12404.266723
-38.04,35,12404.877814
-43.24,23,12405.228452
44.488971,19,12405.542725
-41.69,58,12406.422629
-44.1,24,12406.781293
36.0,33,12407.327226
-38.24,26,12407.790628
44.17896,19,12408.162458
-40.79,39,12408.855846
-36.0,54,12409.947006
38.970339,32,12410.58103
-38.62,30,12411.129869
-35.17,25,12411.613433
-35.24,33,12414.395404
-38.91,23,12414.827778
38.649351,26,12415.296749
-44.42,27,12415.725457
46.199265,21,12416.223091
-32.78,37,12416.831002
38.905978,22,12417.162121
39.480818,40,12417.79662
-40.9,34,12418.375842
-35.39,24,12418.816196
38.758713,36,12419.567002
41.6875,24,12420.092809
33.0,31,12420.711527
44.615672,23,12421.195724
38.846154,30,12421.814129
-38.47,35,12422.460219
-38.12,27,12422.992182
-38.38,35,12423.751567
-32.42,44,12427.042104
-44.73,19,12427.3778
32.39577,43,12428.146058
38.482143,26,12428.569627
33.0,32,12429.000038
32.346801,45,12429.804971
-35.4,30,12430.314037
-42.0,27,12430.841214
-38.41,27,12431.355653
35.082111,36,12432.058131
39.0,24,12432.563171
-38.12,44,12433.339028
32.397394,29,12433.913058
35.690476,56,12434.891239
38.769841,23,12435.280096
-41.74,23,12437.656072
-40.81,28,12438.098316
41.154135,25,12438.537097
-44.41,20,12438.833189
31.733516,33,12439.373479
-41.19,20,12439.629152
-37.59,24,12439.992068
38.039711,25,12440.365085
-35.88,31,12440.977206
-35.45,35,12441.601578
-38.75,32,12442.154509
41.119454,24,12442.59866
31.651079,29,12443.201757
35.214765,40,12443.938176
-43.32,19,12444.320987
-35.74,33,12444.963511
35.147562,43,12445.75146
-38.62,32,12446.317602
37.470651,28,12448.94902
-41.41,23,12449.31053
-44.46,29,12449.776059
40.299484,24,12450.161386
37.949938,34,12450.698635
-37.86,34,12451.218928
38.569966,44,12451.94349
-41.38,36,12452.564887
-32.25,41,12453.284458
38.900524,23,12453.728233
-44.71,31,12454.62884
41.300412,23,12455.08116
41.570342,40,12455.838137
-35.37,29,12456.35731
47.358255,19,12456.74802
44.014599,19,12457.106046
-32.82,29,12457.647067
36.0,39,12460.440045
32.755102,26,12460.882766
-42.0,27,12461.290743
-37.59,34,12461.804765
-38.4,36,12462.340018
-34.82,60,12463.37844
38.595238,28,12464.057099
-36.0,32,12464.585134
35.901709,27,12465.048438
35.53125,39,12465.700833
-39.0,36,12466.328724
-38.57,21,12466.670455
-46.42,57,12467.653193
-38.79,28,12468.143156
-44.26,27,12468.666051
-41.67,35,12471.209768
-32.68,41,12471.812568
-40.96,39,12472.384679
38.690647,37,12472.97439
-41.52,19,12473.298558
35.583333,33,12473.857863
-32.07,37,12474.480213
-33.0,34,12475.098127
-44.53,16,12475.363884
-33.36,37,12476.033758
35.50655,40,12476.766364
37.576923,23,12477.161291
-39.0,23,12477.523898
-40.61,30,12478.024467
42.953949,85,12481.418327
-47.78,19,12481.705039
-40.14,33,12482.174215
37.423535,55,12483.052422
35.623616,28,12483.491684
32.705036,37,12484.143685
-38.6,42,12484.875772
32.298039,38,12485.633357
32.439689,30,12486.296326
37.297262,29,12486.797409
35.366947,29,12487.31848
32.513109,38,12487.962241
-32.77,40,12488.617292
35.086599,34,12489.196216
47.305556,16,12489.491321
-42.0,41,12492.083066
-46.62,26,12492.562707
35.621723,29,12493.16501
34.553365,30,12493.664465
-44.13,32,12494.153785
-47.09,19,12494.473556
32.527132,33,12495.09593
-40.55,27,12495.591146
-37.8,48,12496.3553
-35.45,30,12496.879655
-35.49,33,12497.488388
-38.63,26,12497.949493
-41.31,14,12498.199329
34.64884,56,12499.135064
-41.42,26,12499.59629
-41.12,29,12500.124404
-40.75,30,12500.65828
-38.46,28,12502.948521
-35.2,25,12503.340151
-32.18,57,12504.21145
37.65,27,12504.722497
-32.2,44,12505.528546
-35.84,40,12506.206789
-39.0,23,12506.608836
-36.0,29,12507.12013
-41.21,42,12507.825312
44.470588,22,12508.198425
-42.0,23,12508.758869
-43.42,31,12509.289894
-44.55,27,12509.758675
36.525329,29,12510.284865
-41.09,22,12510.640723
35.492248,43,12511.457401
38.54878,23,12513.632946
39.0,20,12513.949959
-45.0,19,12514.221751
-32.12,57,12515.232038
-35.17,36,12516.03554
-41.09,25,12516.517283
-35.61,29,12517.007818
-33.0,41,12517.755871
35.648829,33,12518.302658
42.728119,23,12518.693058
-41.83,22,12519.110286
33.0,40,12519.822576
-43.76,23,12520.229436
-40.93,40,12520.922973
33.0,30,12521.476354
-35.56,34,12522.121999
46.618081,31,12522.661072
-32.24,30,12524.867224
-35.62,23,12525.245444
-38.18,30,12525.77921
44.225636,36,12526.350576
-38.2,25,12526.777088
-38.91,36,12527.377964
38.196908,28,12527.896841
-38.15,34,12528.595683
-38.72,52,12529.90322
37.122041,33,12530.588785
35.939516,34,12531.219635
-34.11,45,12532.24836
-46.86,22,12532.718402
41.502008,23,12533.17199
-39.0,35,12533.930814
35.57529,30,12534.435485
-32.06,30,12537.042081
-41.38,30,12537.610852
-35.81,31,12538.219947
41.024744,40,12539.015726
-38.6,28,12539.539373
-32.1,34,12540.396391
-38.55,33,12541.016011
32.853741,28,12541.513171
35.846939,37,12542.229157
-37.96,53,12543.209073
-40.58,25,12543.651649
-44.22,22,12544.057341
37.984348,30,12544.599534
32.942238,27,12545.129895
-40.61,29,12545.605039
41.391167,22,12545.944061
-41.86,24,12548.386032
-44.34,18,12548.684783
-36.0,28,12549.245233
37.50774,33,12549.866919
-35.01,39,12550.612149
35.448276,24,12551.142445
41.15283,25,12551.616157
35.851986,36,12552.298729
-35.18,37,12553.006554
35.03937,45,12553.853292
-35.48,26,12554.365488
-38.14,31,12555.023835
-32.03,34,12555.717741
43.121762,46,12556.659144
-37.62,30,12557.427876
40.09871,52,12558.359544
-35.91,51,12561.696272
-38.9,38,12562.493492
32.555556,37,12563.404649
-44.14,17,12563.66684
-35.2,23,12564.207185
32.470149,28,12564.883045
-33.0,49,12565.938843
-42.0,22,12566.44121
35.143302,33,12567.065455
47.368062,40,12567.831872
-32.33,39,12568.566569
-32.21,28,12569.068339
-41.48,27,12569.527123
-37.32,26,12569.966203
35.875862,25,12570.358912
35.126761,31,12572.787542
-43.89,24,12573.234653
36.0,37,12574.546918
35.878151,34,12575.223986
38.007981,25,12576.487565
-41.85,101,12578.61676
-41.15,33,12579.351719
-44.92,21,12579.770191
-35.41,30,12580.369757
38.562724,26,12581.019907
41.037037,21,12581.466283
38.224806,22,12581.889262
-38.46,42,12582.726194
32.666667,34,12583.320681
38.014557,29,12583.78118
-38.7,29,12584.230656
38.916,25,12586.910563
-42.0,41,12587.981811
32.520436,34,12588.660145
30.0,31,12589.207805
41.917355,46,12590.106202
44.901639,21,12590.563502
-35.74,51,12591.572316
-41.27,23,12592.022143
-35.22,33,12592.774251
-41.33,31,12593.529356
44.040816,41,12594.273186
40.655894,30,12594.839842
38.451515,24,12595.305196
-43.67,32,12595.833497
41.484791,20,12596.211607
38.175573,30,12596.808312
-35.64,27,12599.390852
-38.15,23,12599.800204
-38.26,27,12600.607684
37.675121,32,12601.273626
-32.91,31,12602.009425
35.325,34,12602.725287
-42.43,27,12603.30925
38.986111,35,12604.033781
38.649908,36,12604.79544
35.754647,26,12605.312651
-38.91,28,12605.856567
-44.21,35,12606.706346
-41.05,26,12607.133838
-34.88,39,12607.843838
41.901515,33,12608.489888
-39.0,33,12609.326274
41.501916,26,12612.902868
35.925697,36,12613.680787
-39.0,32,12614.337822
-34.84,35,12615.048644
-32.6,43,12616.189424
41.247312,20,12616.604741
38.534722,30,12617.22927
38.078266,36,12618.021071
-41.28,26,12618.571556
-47.15,53,12619.594215
-38.22,27,12620.125459
-38.78,32,12620.662097
38.509881,30,12621.180717
-41.09,39,12621.83533
43.219885,19,12622.219495
-47.39,23,12622.661211
38.186131,25,12623.421013
44.92361,64,12627.371622
41.501779,23,12627.887563
32.622517,34,12628.570114
-32.21,30,12629.316652
-34.93,30,12629.951648
-41.11,38,12630.738468
-42.0,74,12632.456062
34.361837,28,12632.953316
41.6,26,12633.443265
33.0,31,12633.934531
35.77606,34,12634.496077
42.0,22,12634.9151
-41.46,22,12635.378057
-43.93,46,12636.327297
-40.42,28,12639.24003
32.511194,37,12640.023796
37.428972,32,12640.766351
37.835865,31,12641.417431
-35.55,33,12642.179011
39.0,29,12642.800291
-38.01,27,12643.371823
-32.82,49,12644.42323
38.79668,29,12645.211483
38.022654,29,12645.803749
-41.34,26,12646.319942
46.775591,24,12646.768168
-35.45,36,12647.450735
-41.51,26,12647.934813
34.669788,29,12648.518245
41.5,37,12649.458691
43.061542,27,12652.619693
40.443712,29,12653.325152
33.0,28,12653.990077
-40.46,31,12654.868969
-40.95,21,12655.396415
-38.62,28,12656.0104
37.288096,28,12656.622241
-46.28,36,12657.468496
-44.15,37,12658.398666
37.471027,33,12659.058482
36.0,35,12659.746488
-32.17,30,12660.328269
39.0,23,12660.780302
38.742373,34,12661.452097
40.314948,24,12661.868025
-35.22,31,12662.498029
-38.77,29,12663.067461
-39.0,25,12663.650604
-35.14,35,12666.958421
31.793651,55,12668.164044
38.267442,25,12668.704254
-37.59,39,12669.57855
41.464088,19,12669.998262
-32.05,33,12670.791829
41.445902,26,12671.339233
-38.63,80,12672.908946
38.485294,25,12673.356637
-46.82,36,12674.116169
-36.0,43,12674.962893
-35.37,32,12675.648925
32.064516,39,12676.823969
37.779251,31,12679.945858
40.708618,28,12680.613496
41.489865,14,12680.923706
-37.9,30,12681.924241
-41.24,22,12682.440362
-33.0,43,12683.436622
-37.34,135,12686.371725
-41.3,26,12686.870955
-39.0,23,12687.290114
40.884615,31,12687.898251
-32.01,38,12688.668725
-37.0,30,12689.264527
44.628472,24,12689.807517
35.17284,31,12690.470859
43.97683,28,12691.080996
-44.78,25,12694.043733
-38.98,30,12694.731201
36.0,30,12695.457296
-35.49,26,12696.067086
34.504717,36,12696.858573
-41.72,28,12697.508848
-38.57,50,12698.540329
32.152091,40,12699.363608
39.94546,37,12700.08335
-39.0,29,12700.676909
-39.78,30,12701.335112
44.483344,48,12702.319847
-32.71,26,12702.908522
-32.37,39,12703.727365
-43.42,25,12704.294314
-41.45,21,12704.779212
38.164286,22,12707.804628
37.54776,49,12708.860952
-38.27,40,12709.813884
-39.47,41,12710.690422
-38.65,26,12711.231583
-33.0,31,12711.827488
-34.82,34,12712.516957
38.077821,27,12713.102587
32.279863,30,12714.034438
37.548113,34,12714.838931
-41.49,39,12715.659481
-41.78,25,12716.213964
35.439689,27,12716.841305
-34.73,37,12717.668391
-39.0,24,12718.214137
-41.14,22,12718.746677
-41.24,23,12721.685092
38.607261,30,12722.351305
-41.23,24,12722.852742
32.013514,33,12723.630085
-41.0,25,12724.174178
35.142064,49,12725.17019
-41.26,36,12725.8802
-41.29,27,12726.410075
42.0,20,12726.803449
44.209793,21,12727.205104
33.0,29,12727.740302
-39.0,36,12728.41684
40.575225,26,12728.95275
-38.03,35,12729.74949
-44.63,24,12730.30546
-37.58,30,12730.955265
-44.78,33,12731.651656
-38.5,29,12734.735214
38.116197,20,12735.150347
34.794945,32,12736.073793
44.235294,27,12736.738588
41.479705,31,12737.274612
41.590551,25,12737.739733
-32.97,33,12738.380814
-45.0,16,12738.682036
33.0,29,12739.326067
-40.61,20,12739.718182
-38.58,32,12740.46893
41.270249,37,12741.172908
-37.69,29,12741.748163
38.709677,28,12742.409623
-38.69,27,12742.981213
32.688679,37,12744.163892
35.038745,33,12744.850296
-42.0,21,12745.269544
-44.85,21,12745.708693
-36.0,33,12748.876868
-42.8,29,12749.536709
-36.0,37,12750.375036
-38.07,42,12751.172929
-42.0,26,12751.666639
37.329461,45,12752.520979
-38.5,126,12755.421873
-35.15,26,12755.996918
-33.0,30,12756.726472
35.488462,45,12757.713271
-43.66,46,12758.72047
38.80695,39,12762.020482
33.0,29,12762.652125
-40.6,26,12763.161801
-41.45,33,12763.927149
35.859779,115,12766.514766
37.648144,21,12766.980102
-44.06,26,12767.61052
35.752896,49,12768.761567
38.302128,30,12769.466712
-32.86,26,12770.010684
37.176654,26,12770.560349
33.0,41,12771.386209
-37.9,25,12771.95808
-32.77,32,12772.661924
-41.45,19,12773.077947
-40.67,28,12776.202138
-42.0,34,12776.808899
45.0,26,12777.278826
40.579323,43,12778.091524
-41.03,21,12778.551368
-39.0,20,12778.874611
-35.71,32,12779.440803
44.004644,140,12782.40139
38.232558,23,12782.928177
32.039855,32,12783.644995
-38.17,34,12784.451683
41.811808,24,12784.96569
-39.0,19,12785.376225
35.269091,21,12785.87617
-38.69,31,12788.969496
-35.17,49,12789.953056
34.740688,42,12790.80076
-41.29,22,12791.229062
32.5,60,12792.400896
38.147651,29,12792.929572
-44.86,21,12793.362082
46.556326,16,12793.708514
35.025929,38,12794.491271
40.855155,25,12795.036793
32.5,32,12796.092747
-46.53,31,12796.847385
38.219608,28,12797.51522
44.65798,22,12798.188469
32.29434,34,12798.988172
37.909668,26,12799.525851
32.405109,54,12803.097904
41.900735,40,12803.798045
-42.0,20,12804.103738
-39.0,28,12804.55269
44.003636,21,12804.942907
32.273585,44,12805.806296
38.045307,28,12806.472488
47.385593,22,12806.9542
-44.89,17,12807.366837
-41.05,24,12807.940306
-44.6,46,12809.015411
38.503937,71,12810.665973
44.35073,36,12811.468211
-32.37,37,12812.322609
32.543726,39,12813.18435
-44.68,18,12815.93968
38.836502,28,12816.555319
-38.8,31,12817.106985
42.670714,26,12817.594772
-44.52,40,12818.378076
-39.0,30,12818.933699
38.38484,20,12819.357775
-48.0,19,12819.825023
-45.0,52,12820.959809
-33.0,34,12821.662784
-38.91,31,12822.360289
41.193662,27,12822.908192
39.0,32,12823.629412
32.511905,40,12824.553823
-43.8,21,12825.279998
41.314815,20,12825.701879
-35.33,26,12826.310097
32.530259,33,12829.285717
-41.47,30,12829.89594
-34.77,30,12830.346947
-41.76,21,12830.715476
45.0,16,12830.962476
41.587458,30,12831.543773
-41.07,29,12832.108048
-34.69,40,12833.183823
38.901818,27,12833.744027
33.0,33,12834.489853
-41.25,27,12835.103776
35.141732,34,12835.874144
-40.89,26,12836.437414
-44.23,31,12837.130351
-41.88,21,12837.607221
36.0,26,12838.211209
38.217201,36,12839.063111
-35.45,28,12839.686926
38.875,26,12842.543019
-38.88,33,12843.085612
-41.33,25,12843.508092
-41.62,33,12844.168569
-37.76,26,12844.702414
38.65613,36,12845.459333
-41.84,55,12846.650982
-41.84,27,12847.215178
-35.68,22,12847.749523
-38.3,36,12848.582348
-37.65,31,12849.232964
-39.0,25,12849.837072
35.240602,26,12850.461445
-41.26,72,12852.042677
-40.52,26,12852.79755
-44.41,41,12856.12169
37.355826,39,12856.830774
-38.68,25,12857.26487
41.940426,22,12857.694648
-41.94,33,12858.41085
-32.88,31,12859.084979
39.0,23,12859.642418
39.0,30,12860.32551
31.915385,50,12861.531662
-38.41,30,12862.476502
32.143969,49,12863.917079
-30.0,36,12864.813445
-38.17,28,12865.488557
41.815436,26,12866.004188
-39.0,34,12866.742494
40.371662,24,12867.302603
-47.0,47,12870.268593
-41.51,35,12870.813411
41.698885,37,12871.511707
-38.91,33,12872.218988
-39.0,25,12872.714372
-41.34,31,12873.291575
-35.41,31,12873.943693
-41.88,26,12874.473856
35.153846,23,12874.969872
41.195218,30,12875.585
41.923611,39,12876.502589
-38.69,48,12877.64173
43.607937,27,12878.184322
-36.57,34,12878.861315
38.92953,29,12879.462073
-38.74,35,12880.189473
-36.0,38,12882.876113
-43.68,29,12884.041457
41.197719,17,12884.384487
32.169065,42,12885.278994
-35.95,65,12886.678422
32.399329,50,12887.682481
37.594624,28,12888.317124
-43.64,26,12888.962708
-43.93,21,12889.383888
38.398374,22,12890.115183
39.0,27,12890.679341
-38.88,21,12891.192381
-32.79,35,12891.921472
-41.53,34,12892.643908
-38.32,25,12893.222322
-40.8,31,12893.924941
-38.48,23,12896.489854
41.778689,18,12896.929461
-32.68,38,12897.733915
-37.91,42,12898.708383
-32.8,36,12899.433542
-40.28,31,12900.104297
-36.0,32,12900.855212
-40.4,29,12901.492774
-44.37,22,12901.923995
40.672107,36,12902.659574
-32.7,37,12903.443075
-43.1,18,12903.792411
41.184211,22,12904.26026
38.084112,29,12904.862602
36.79524,28,12905.450171
-46.61,23,12905.930609
42.510014,25,12906.438263
-32.69,29,12906.968934
-36.0,34,12909.550214
-42.0,29,12910.196863
-41.8,35,12911.081198
-41.66,26,12911.6041
37.978417,31,12912.225621
-38.23,34,12912.908701
31.791375,109,12915.226174
44.213355,22,12915.699963
-35.89,36,12916.608699
-44.88,21,12917.068072
-38.4,33,12917.775868
38.902439,23,12918.250741
41.375378,27,12918.818535
-41.53,76,12922.095895
41.737255,25,12922.670974
36.0,38,12923.421993
37.617883,25,12923.956255
36.0,27,12924.489742
-44.07,21,12924.904883
-37.55,33,12925.591153
38.433198,42,12926.488785
-35.26,28,12927.049562
39.0,34,12927.739863
41.299346,33,12928.434679
41.511905,20,12928.890468
-47.63,20,12929.329637
-47.54,30,12929.942499
36.0,33,12930.606781
32.98893,42,12931.38853
45.819012,19,12931.738773
32.37751,35,12934.324269
-42.0,30,12934.937368
35.330827,37,12935.671611
-35.75,29,12936.244034
33.0,45,12937.345269
44.263598,23,12937.818848
-38.81,28,12938.474323
-38.23,35,12939.346734
-35.67,37,12940.412552
34.541916,40,12941.259473
-36.0,43,12942.103123
-32.21,50,12943.341402
-32.16,39,12944.021856
-41.58,34,12944.526451
47.314394,17,12944.819859
-35.7,37,12947.59977
32.5,51,12948.619017
-40.49,28,12949.205881
-35.5,29,12949.867177
38.269373,32,12950.540053
47.386306,23,12951.016119
-35.6,47,12951.874787
-42.0,24,12952.428212
43.56338,31,12953.039217
32.055728,34,12953.736368
-41.21,42,12954.603757
44.363248,21,12955.051061
-41.1,35,12955.773149
-44.6,33,12956.282219
40.748713,38,12956.865587
-32.47,43,12959.669031
38.564202,45,12960.591827
37.742991,27,12961.124278
-38.76,30,12961.857751
35.824138,36,12962.556667
-35.11,34,12963.248992
-44.14,23,12963.894231
-32.39,32,12964.573133
36.0,29,12965.194078
-41.98,21,12965.609263
41.461268,29,12966.163969
31.758065,78,12967.676953
38.398649,40,12968.393958
35.318681,26,12968.806519
-35.34,23,12969.360048
35.46875,28,12972.131813
41.275641,31,12972.741467
47.416058,19,12973.144642
-38.77,50,12974.113865
44.100704,22,12974.548481
-38.03,31,12975.128427
-44.1,24,12975.640612
-34.62,28,12976.223236
45.0,27,12976.7033
41.148148,33,12977.385726
-32.21,30,12978.006688
32.992337,31,12978.595297
32.125402,34,12979.244832
-37.51,40,12979.871321
38.120805,24,12980.265103
-38.67,20,12980.572681
-41.28,25,12980.99351
38.802158,34,12983.85691
-36.0,29,12984.433795
-41.29,33,12985.101609
38.189591,24,12985.597654
37.991803,40,12986.397229
40.460701,22,12986.883038
37.285476,48,12987.809183
-47.16,52,12988.655564
-38.82,39,12989.561956
-39.0,25,12990.089159
-35.05,41,12990.890062
34.744728,29,12991.433454
46.810566,22,12991.787165
41.649474,62,12992.740267
-41.73,25,12993.158146
-35.02,43,12996.215362
-44.81,24,12996.713827
-31.54,33,12997.413286
-35.07,33,12998.05203
-41.24,83,12999.666975
-40.83,25,13000.188012
-47.31,24,13000.669238
38.801471,27,13001.193982
-38.29,31,13001.840301
-46.82,26,13002.378152
-42.0,19,13002.802645
-44.16,36,13003.383176
37.648265,46,13004.083778
-38.64,30,13004.56771
41.89434,28,13005.012682
-40.37,24,13007.662631
-36.87,42,13008.518356
-32.54,56,13009.619171
35.734982,27,13010.188386
-38.77,37,13010.944119
35.503876,26,13011.451819
46.644205,19,13011.823024
-38.88,36,13012.55259
38.729242,23,13013.039798
-37.35,26,13013.521732
-38.11,27,13014.112587
40.104675,27,13014.662306
-41.67,35,13015.383221
-41.28,28,13015.841236
41.392523,24,13016.21311
-40.09,25,13016.615756
-41.02,29,13017.277481
-38.06,24,13020.500455
44.096525,23,13020.965909
-32.36,39,13021.755331
-35.68,21,13022.215565
-44.87,21,13022.662326
41.268746,37,13023.390419
-40.81,34,13024.08584
35.645833,26,13024.610074
-40.81,27,13025.140072
-38.88,42,13025.961836
-41.52,23,13026.367679
-47.76,22,13026.694361
-35.62,53,13027.541018
32.782468,42,13028.231302
39.0,36,13028.921068
37.582915,30,13029.568426
35.654135,30,13030.176392
38.755556,28,13032.963902
38.23913,24,13033.465077
34.550777,30,13034.026811
37.705999,41,13034.828648
-41.69,35,13035.519143
-38.19,29,13036.073247
32.40056,27,13036.633473
-38.55,38,13037.399217
-38.95,34,13038.005856
38.150493,24,13038.423531
35.402836,36,13038.993355
-41.92,24,13039.366181
-41.07,21,13039.737489
-35.33,25,13040.209454
41.28404,34,13040.844264
-35.8,35,13041.776421
-47.52,17,13042.139484
41.157509,21,13044.742131
-39.0,29,13045.497869
-44.63,30,13046.130023
-38.14,29,13046.703312
-40.74,22,13047.118446
-43.42,18,13047.47024
-37.9,24,13047.929097
38.100671,31,13048.570927
-46.95,25,13049.069907
-35.51,40,13049.811738
-38.76,29,13050.272268
-39.0,31,13050.756322
-41.91,26,13051.138802
32.901887,40,13051.804243
-38.72,48,13052.754404
-35.15,42,13053.60546
-35.15,31,13054.239217
-38.56,33,13057.061239
-39.0,29,13057.642825
-42.0,22,13058.065183
44.246324,31,13058.588352
32.808271,39,13059.329861
-41.91,28,13059.952291
32.00722,35,13060.649637
-38.0,25,13061.121611
-33.0,45,13061.898055
-45.61,25,13062.269097
-41.29,43,13062.974782
-41.09,27,13063.449219
-40.69,21,13063.834027
-42.0,31,13064.471018
37.384634,32,13065.163096
38.498221,27,13065.797542
41.427757,26,13068.623111
41.360675,26,13069.184655
-41.21,20,13069.589918
-47.34,20,13070.004673
41.104265,24,13070.471113
38.479365,37,13071.465978
42.0,30,13072.068959
-38.27,29,13072.647684
41.340278,23,13073.102342
-38.76,34,13073.696527
34.899787,29,13074.14638
-35.39,32,13074.624257
42.0,27,13075.046585
34.750641,28,13075.470205
38.489286,37,13076.200835
41.377953,27,13076.743124
-42.0,36,13077.480026
33.0,45,13078.395128
-38.0,49,13081.429757
-41.09,24,13081.937763
37.825062,39,13082.766284
-39.0,25,13083.26007
-32.44,32,13083.895666
44.517857,20,13084.308573
-43.34,39,13085.108678
-37.71,27,13085.587196
32.452206,33,13086.140538
-35.79,33,13086.761984
-41.13,24,13087.121004
-41.13,41,13087.814257
-38.91,32,13088.5756
-38.65,27,13089.130431
-37.47,44,13089.969637
-41.46,37,13093.054676
-34.96,36,13093.812713
-38.88,25,13094.294153
-41.35,27,13094.832064
41.32567,26,13095.366874
-32.46,33,13096.249382
-44.45,29,13097.045729
-35.32,29,13097.573096
-35.86,41,13098.241532
39.616247,43,13098.953471
-44.99,29,13099.433481
-32.43,35,13100.110118
-37.85,31,13100.725187
40.836707,24,13101.174028
-32.66,44,13102.034073
-41.81,35,13102.74234
-37.64,29,13105.262316
32.609756,143,13108.031885
32.596439,36,13108.7165
-41.39,21,13109.033671
-41.91,27,13109.439208
-35.42,28,13109.869771
37.343823,27,13110.255389
40.990386,33,13110.838565
41.900369,39,13111.600829
47.592727,38,13112.30764
-41.59,35,13112.890913
35.566036,34,13113.567671
-41.42,23,13114.012232
-41.79,21,13117.30192
-40.2,34,13118.004758
33.96678,27,13118.531352
-47.04,20,13118.934755
-38.73,37,13119.680401
38.061728,29,13120.166939
41.496933,32,13120.726657
42.0,21,13121.167816
-40.94,22,13121.643514
-38.17,35,13122.319002
-41.81,31,13122.989646
-38.73,47,13123.808746
-44.42,27,13124.295798
38.547325,39,13125.041237
41.063244,25,13125.578161
41.704545,22,13126.100926
44.543651,26,13126.693608
38.702703,27,13127.19506
41.890909,24,13129.569672
44.809859,17,13129.921631
-38.31,43,13130.746031
-32.09,41,13131.559235
34.143663,33,13132.194103
-36.0,40,13132.833099
-35.31,29,13133.299873
30.0,28,13133.757494
-47.08,17,13134.010679
41.948529,28,13134.506448
32.137324,63,13135.900127
36.0,47,13136.826591
-38.68,40,13137.556896
38.831325,36,13138.153451
-45.0,28,13138.650537
35.095057,33,13141.278683
47.199324,32,13142.036109
-47.28,23,13142.422325
32.232446,28,13142.896808
35.821326,27,13143.293376
47.285714,22,13143.635634
-43.18,24,13143.987814
-45.0,34,13144.475639
-41.68,21,13144.792255
44.792373,20,13145.08945
-39.0,23,13145.686078
32.75,38,13146.342396
-40.09,25,13146.78606
-38.66,21,13147.154853
-38.67,34,13147.737237
44.206571,43,13148.506837
38.588889,27,13148.992608
37.255932,31,13149.596972
39.0,35,13152.178248
38.508511,26,13152.641089
-34.86,65,13153.787948
-34.7,27,13154.218455
32.261044,47,13154.943567
41.947183,25,13155.315271
44.030534,26,13155.76709
-38.05,23,13156.142978
37.27691,28,13156.655652
39.0,27,13157.151868
-38.63,31,13157.673625
38.056638,36,13158.291155
35.105882,51,13159.169909
-43.17,21,13159.550035
41.438182,34,13160.107163
-37.88,30,13162.555611
-40.94,29,13163.13128
38.698795,27,13163.643842
35.526515,31,13164.125548
35.7,34,13164.688153
-38.31,35,13165.209012
39.0,30,13165.625601
39.959886,35,13166.193929
-40.58,26,13166.592631
43.75989,33,13167.182277
35.74477,30,13167.742523
41.392857,26,13168.380835
-41.5,46,13169.174025
-41.51,30,13169.681188
32.702206,30,13170.238261
-40.57,32,13170.819884
-41.42,37,13173.449036
38.360927,42,13174.175613
32.64375,35,13174.732032
32.152985,55,13175.531934
-47.41,15,13175.749163
37.963989,27,13176.166183
44.619205,24,13176.582986
-33.0,27,13177.000809
-38.12,62,13178.13043
-41.01,30,13178.70653
41.189076,30,13179.175704
-36.0,37,13179.861229
35.522222,33,13180.459224
32.35274,31,13181.004856
41.376033,23,13181.442976
35.542088,26,13181.924638
-33.0,34,13184.506212
-42.92,32,13185.021332
44.241007,36,13185.544362
35.205298,33,13186.092542
-38.3,35,13186.640204
32.761589,27,13187.192735
-40.84,23,13187.723864
-37.13,29,13188.241437
-37.33,35,13188.912924
41.770202,27,13189.386354
42.0,36,13190.157869
36.0,28,13190.658593
34.774413,31,13191.176822
32.41637,59,13192.168552
41.223817,34,13192.757534
32.749091,36,13195.314165
32.509934,40,13195.946776
32.5875,73,13197.092299
-34.69,29,13197.59578
35.003571,59,13198.61569
-33.0,36,13199.230047
41.809783,39,13199.932999
-38.5,24,13200.317536
44.497992,22,13200.70839
41.388489,32,13201.297034
37.579783,26,13201.768593
45.0,25,13202.208923
35.844697,32,13202.764006
-44.96,35,13203.384781
-40.91,22,13203.808566
37.665444,26,13206.131202
-32.96,30,13206.534153
-39.91,39,13207.1082
-35.59,29,13207.567001
32.146825,38,13208.147768
35.306859,27,13208.568082
41.9,24,13208.991627
-38.21,30,13209.624744
-35.97,37,13210.382838
-44.05,28,13210.876938
38.193189,30,13211.437582
47.982332,20,13211.814117
42.0,29,13212.505583
44.480144,39,13213.237095
42.0,25,13213.673265
38.489655,26,13214.172368
-38.34,26,13214.688689
43.96806,22,13216.980331
-40.61,32,13217.471032
37.895382,30,13217.898032
-32.48,53,13218.752995
36.0,44,13219.528245
-41.38,20,13219.848791
39.0,31,13220.375428
-43.34,53,13221.310636
-39.75,37,13221.957884
35.490909,31,13222.490618
38.803419,29,13223.087332
-41.14,27,13223.549021
-34.29,32,13224.109737
34.882239,34,13224.705512
44.5,18,13225.02016
-35.43,27,13225.498035
41.190299,29,13227.863542
-37.95,28,13228.271406
-33.0,35,13228.837006
41.303489,27,13229.257596
35.04797,65,13230.421134
41.464029,26,13230.904577
46.20422,17,13231.191233
-37.54,34,13231.838303
-34.56,41,13232.734608
-44.08,29,13233.268661
-43.8,21,13233.617949
41.077966,22,13234.029116
44.231061,21,13234.393445
42.0,22,13234.778815
37.626063,28,13235.488998
-38.0,31,13236.004235
37.511983,49,13238.720516
38.938567,31,13239.198193
36.0,32,13239.688188
-34.49,59,13240.666819
32.891089,31,13241.235782
38.958848,29,13241.77143
38.636735,53,13242.728224
-38.78,31,13243.237615
41.206767,27,13243.724136
44.063326,33,13244.28716
-38.22,32,13244.841452
35.37382,32,13245.424372
-35.03,34,13246.053623
-33.0,32,13246.617745
44.692683,54,13249.433696
30.0,45,13250.139437
42.0,25,13250.564165
46.622523,28,13251.028739
-41.26,31,13251.577315
-48.0,33,13252.15181
40.602089,31,13252.74497
35.593525,56,13253.837278
-41.07,30,13254.378729
39.0,20,13254.7485
-33.0,32,13255.296531
46.552117,47,13256.306337
44.896679,52,13257.251926
-44.25,35,13257.909159
-34.84,33,13258.621685
-44.07,27,13260.871017
-41.21,31,13261.328517
32.806452,29,13261.779469
38.89404,28,13262.295041
40.967337,30,13262.84854
-38.53,31,13263.386377
-38.32,23,13263.78461
46.970235,57,13265.047208
45.835922,23,13265.485068
-41.79,25,13265.984194
-45.36,25,13266.471357
44.015326,21,13266.821915
-42.97,58,13267.848166
40.581363,38,13268.533528
-34.73,58,13269.50859
38.473896,26,13272.206778
-35.56,44,13273.001578
-41.64,23,13273.413381
-38.88,31,13273.975587
38.435252,32,13274.56366
-41.75,20,13274.898918
-40.52,25,13275.338072
47.339041,18,13275.697078
39.0,29,13276.176478
39.923288,29,13276.695978
-41.67,26,13277.265826
44.877698,26,13277.776553
35.342466,25,13278.213754
35.124808,35,13278.803738
44.095833,62,13280.05824
41.28125,22,13280.449584
-45.86,47,13281.1729
39.0,20,13283.446416
-35.74,33,13284.098059
32.442446,46,13284.933544
47.800738,22,13285.338212
-38.68,26,13285.786107
37.750261,37,13286.440303
-38.03,31,13286.991385
-39.42,46,13287.802827
44.330709,30,13288.301102
-41.71,31,13288.861155
38.291667,25,13289.300001
38.710843,27,13289.810574
43.737851,25,13290.221713
-38.42,28,13290.672738
-41.09,37,13291.256422
41.440472,32,13291.769661
41.524496,31,13294.143674
-34.48,39,13294.848233
-44.73,17,13295.154603
43.374941,23,13295.569128
-33.0,44,13296.339566
43.458727,30,13296.845266
44.163185,26,13297.291636
42.0,29,13297.82484
35.459144,30,13298.374225
-39.0,22,13298.765087
41.203252,21,13299.132701
-39.0,29,13299.719522
-35.06,49,13300.557389
-40.34,22,13300.88398
-35.36,33,13301.41309
38.08352,30,13301.884607
-34.87,28,13302.289716
37.718412,27,13302.743047
37.996908,35,13305.317899
41.664407,27,13305.834975
44.302682,30,13306.547954
41.399225,34,13307.19615
-41.16,28,13307.706102
-38.91,29,13308.226244
38.612782,36,13308.866973
38.106996,28,13309.255837
-38.94,27,13309.889429
40.63308,26,13310.35945
-35.82,29,13310.906494
-35.37,30,13311.427362
-45.0,26,13311.893302
-38.17,37,13312.486423
-44.5,21,13312.80792
-36.77,45,13313.553123
45.0,33,13315.997143
-39.0,28,13316.493828
-41.3,25,13316.925393
35.206406,40,13317.62201
35.967153,32,13318.168391
35.694158,27,13318.666598
35.433824,34,13319.306974
-35.29,37,13319.937651
45.0,27,13320.431994
-33.0,35,13321.019591
-34.5,28,13321.569879
39.0,23,13321.977677
41.312232,24,13322.425053
-38.35,21,13322.766987
-34.7,34,13323.334344
40.664278,22,13323.677696
-44.39,23,13324.020039
41.900735,34,13324.585713
35.27907,23,13326.895864
38.019704,21,13327.291897
37.570513,28,13327.908267
44.119048,27,13328.455706
-47.09,23,13328.879185
-36.0,23,13329.29586
37.268079,54,13330.413772
-38.36,25,13330.829859
36.0,44,13331.591957
-42.0,24,13332.186976
38.389706,23,13332.63868
-40.76,16,13332.921196
-44.6,21,13333.277131
-44.31,22,13333.643052
38.682836,82,13334.928759
-44.69,31,13335.445072
33.0,34,13335.959242
-39.63,28,13338.406255
-44.46,23,13338.768143
41.590361,23,13339.194854
37.232691,54,13340.238026
35.903475,21,13340.596383
-42.0,31,13341.143108
-35.04,28,13341.786165
-42.56,32,13342.349201
41.093617,25,13342.782893
38.338235,25,13343.178802
38.648352,35,13343.662764
32.225926,38,13344.246638
41.7,19,13344.531873
38.967509,31,13345.033866
41.834081,27,13345.406611
-37.06,23,13345.765117
40.974888,34,13346.287812
46.920109,30,13348.789845
-40.62,29,13349.349014
-35.35,31,13349.762419
35.835341,27,13350.214755
41.434483,26,13350.71307
-44.32,17,13351.007088
-38.88,30,13351.560569
-43.77,26,13352.100724
44.077473,27,13352.68046
42.0,28,13353.210509
-36.0,24,13353.62607
32.775735,32,13354.372908
38.122673,35,13354.996826
-34.57,32,13355.679008
32.108225,37,13356.236125
36.0,29,13356.640146
-39.0,55,13357.524392
-44.16,26,13360.185793
38.769886,33,13360.759063
46.283874,28,13361.283785
41.350394,41,13361.980703
-35.62,40,13362.733048
44.370717,19,13363.092455
33.0,34,13363.721139
38.559603,25,13364.171917
44.704918,20,13364.533718
-35.85,28,13365.006904
-39.0,22,13365.362022
-38.64,25,13365.909816
38.075862,28,13366.786091
41.8125,21,13367.156045
-39.9,49,13367.959882
39.0,33,13368.508135
-38.4,28,13369.055635
37.596774,22,13369.420014
33.0,65,13373.023423
44.616276,34,13373.74738
-41.36,22,13374.142515
-44.39,32,13374.86233
-41.52,30,13375.427653
36.0,29,13375.958899
-44.58,19,13376.370485
32.549839,45,13377.284296
-32.88,34,13377.993157
-44.61,33,13378.548253
-34.53,34,13379.127117
-41.29,34,13380.114133
41.07931,72,13381.749892
-32.19,26,13382.282408
32.233716,28,13385.116267
-45.84,21,13385.550122
-37.65,32,13386.190282
-41.11,28,13386.939684
34.967615,37,13387.774966
-32.64,44,13388.628507
-40.93,31,13389.246025
-40.19,23,13389.67434
43.601351,23,13390.140557
40.628811,20,13390.464772
-32.78,28,13391.299566
44.723776,47,13392.455986
41.330827,27,13393.109473
41.080091,31,13393.720259
43.594082,31,13394.404178
-44.1,33,13395.52364
-46.72,25,13396.055642
38.551971,33,13398.880873
45.0,28,13399.434173
41.505455,23,13399.875937
41.181444,23,13400.35019
-41.58,17,13400.682097
35.047273,35,13401.514347
40.916852,28,13402.080067
39.0,22,13402.532465
44.856618,21,13402.903473
-38.35,44,13403.669258
-41.77,29,13404.42567
44.877698,31,13405.105749
-33.0,25,13405.968736
35.707581,32,13406.706431
-32.91,43,13408.380133
38.024476,25,13408.988517
32.592493,38,13410.040908
-38.4,28,13412.834834
43.59507,50,13413.765274
-44.23,16,13414.075785
-34.97,67,13415.477465
38.061467,26,13415.950137
-43.23,28,13416.396452
44.302682,35,13416.954161
-41.21,23,13417.335122
37.55359,25,13417.764663
39.0,31,13418.30569
39.0,29,13418.842136
-34.44,36,13419.554689
42.0,21,13419.979231
-38.79,32,13420.61094
45.0,18,13420.948498
41.19403,17,13421.300177
-32.86,36,13422.155127
-41.44,24,13424.841034
39.0,22,13425.279849
-36.58,34,13425.923627
-32.75,46,13426.834152
32.367003,35,13427.415683
-34.76,37,13428.079027
-38.43,47,13428.840007
-38.89,26,13429.290982
-33.0,33,13429.946141
38.740741,40,13430.66328
-43.77,20,13431.07076
38.501607,30,13431.6686
-38.12,37,13432.367285
39.0,23,13432.8662
36.0,45,13433.779835
35.878378,39,13436.982137
-47.41,44,13437.86333
-35.86,22,13438.322043
41.943609,26,13438.825913
38.7,28,13439.284837
44.34471,23,13439.706879
43.637752,27,13440.159342
38.568345,23,13440.569013
-38.22,36,13441.136232
-45.0,24,13441.590971
33.0,36,13442.2564
32.591241,33,13442.945347
-39.0,32,13443.589447
-44.51,32,13444.049077
33.0,28,13444.624361
-35.36,41,13445.417657
-38.19,28,13445.96602
32.779116,55,13449.158863
44.669091,22,13449.587317
41.190184,28,13450.124662
41.6,28,13450.709111
32.67234,45,13451.542985
-46.5,26,13451.944943
40.309365,31,13452.506981
39.0,40,13453.145738
38.533937,33,13453.739015
-32.76,32,13454.361878
32.579439,33,13454.97201
-34.8,44,13456.031067
35.791958,46,13456.881659
-32.08,33,13457.480528
-43.61,23,13457.926233
-41.1,30,13460.680182
41.897611,23,13461.128795
-40.25,31,13461.741745
-42.0,26,13462.55846
35.481132,32,13463.219452
43.828188,23,13463.616751
36.0,40,13464.283094
-34.68,33,13464.830807
-38.13,26,13465.292677
-38.09,22,13465.782634
47.263889,32,13466.408251
44.797428,26,13466.934395
38.082644,22,13467.347846
-40.9,30,13467.965635
38.320323,29,13468.503729
-32.57,150,13473.483328
38.050909,28,13474.002092
-35.16,24,13474.464175
-40.49,66,13475.528439
-39.0,29,13476.00579
-38.32,29,13476.519708
-38.19,23,13476.967779
44.255973,28,13477.562638
-34.98,26,13478.623942
-41.71,38,13479.361104
-35.56,30,13479.932105
-41.27,18,13480.278182
-38.46,27,13480.822877
39.0,20,13481.206646
34.837639,31,13481.801148
-40.02,26,13482.328213
38.5,50,13485.53076
41.622776,25,13485.980366
43.550029,35,13486.567006
-35.25,24,13487.083911
42.0,36,13487.716297
-38.27,32,13488.337236
-44.57,23,13488.795723
-34.37,33,13489.614493
37.540268,35,13490.311417
41.064448,30,13491.126484
-44.16,23,13491.678409
-44.98,27,13492.196164
38.457912,26,13492.702607
-43.81,48,13493.645
-36.48,35,13494.315761
-41.35,24,13494.828584
41.241667,22,13495.242312
42.0,44,13498.179341
-35.76,28,13498.64352
37.939462,28,13499.092693
-37.22,43,13499.904217
44.122036,23,13500.349129
-32.11,35,13501.00071
-31.51,36,13501.705284
40.513267,24,13502.201361
-43.65,30,13502.804806
41.123711,36,13503.475266
-41.48,33,13504.064377
-38.66,27,13504.587787
-42.63,23,13505.084463
-33.0,45,13506.003603
-40.35,36,13506.602352
34.79416,41,13509.165831
44.802198,15,13509.402797
33.0,46,13510.168219
-43.67,27,13510.617327
-41.1,93,13512.413121
43.295474,26,13512.934769
-41.04,22,13513.358815
-45.69,23,13513.815701
-35.02,21,13514.221911
37.422631,38,13514.985497
34.95971,33,13515.641202
35.765182,50,13516.993124
-41.81,21,13517.506501
35.911538,26,13518.024867
41.198434,29,13518.613629
32.147887,32,13521.590755
-42.0,22,13521.916632
35.476027,25,13522.36258
-38.87,30,13522.908744
38.04,24,13523.36084
-35.31,28,13524.123059
37.408397,28,13524.842847
41.651515,46,13525.842398
-32.9,27,13526.438464
-42.0,20,13526.944775
35.603774,28,13527.509957
44.665746,29,13528.064916
-41.63,24,13528.61217
41.744604,35,13529.355659
38.549296,24,13529.798274
-32.3,39,13530.549318
32.833948,38,13531.234845
-38.1,31,13531.850942
44.277992,19,13534.063619
-40.42,25,13534.454807
-41.54,17,13534.684421
32.265517,27,13535.103771
-45.68,22,13535.548267
36.0,32,13536.349311
37.675407,28,13536.978011
39.0,31,13537.532935
-44.54,19,13537.972306
37.347718,48,13538.985064
-37.08,27,13539.565524
-41.69,31,13540.509779
39.0,29,13541.151046
41.430147,32,13541.871415
36.0,38,13542.735094
38.348361,18,13543.115927
44.436074,27,13543.739082
32.52862,46,13545.510495
-36.79,27,13548.235571
38.903226,62,13549.567892
44.813187,24,13550.063613
-44.91,16,13550.387109
38.659026,33,13551.11871
-43.76,28,13551.699912
41.294642,32,13552.342978
-43.84,33,13553.042513
-32.43,37,13553.801087
-38.15,24,13554.30444
-38.36,27,13554.825117
44.257839,25,13555.312761
37.902814,23,13555.781973
-43.59,30,13556.388975
-40.72,54,13557.394303
35.512968,32,13558.051373
42.0,26,13560.636047
40.527274,52,13561.575039
-44.26,20,13561.957356
-35.32,28,13562.535861
-35.63,44,13563.499723
-43.85,19,13563.865563
-45.0,25,13564.39367
-35.04,30,13564.984087
-38.56,26,13565.569206
38.954373,30,13566.189573
-35.74,31,13566.838176
-43.68,17,13567.160921
42.414497,24,13567.665667
39.0,25,13568.199332
40.367747,23,13568.661958
-47.31,24,13569.126705
-32.62,38,13569.865118
41.644995,23,13570.324117
-32.29,46,13573.100362
-33.0,26,13573.609627
-45.0,52,13575.058281
40.731532,25,13575.554548
42.0,30,13576.188133
44.123134,42,13577.031084
-38.64,27,13577.591743
-35.95,37,13578.268005
-39.0,27,13578.845734
38.696356,29,13579.420741
44.88162,24,13579.917196
-43.04,23,13580.413686
43.12716,18,13580.758254
36.641078,47,13581.664122
-38.13,29,13582.288846
-41.44,31,13582.984876
-44.68,47,13585.851983
44.354545,23,13586.32641
35.469136,24,13586.807458
39.0,28,13587.360621
-33.0,24,13587.911118
-44.7,21,13588.341913
32.235099,42,13589.181327
-32.2,54,13590.930905
-41.53,25,13591.362654
38.865517,27,13591.824663
-41.15,21,13592.204255
-33.0,28,13592.723182
43.495827,22,13593.138196
47.378947,42,13593.941268
44.477263,32,13594.532343
-44.16,23,13594.976275
32.541958,43,13595.709306
39.391136,20,13598.117267
-41.76,26,13598.609718
37.524402,31,13599.226526
36.0,26,13599.738125
-44.37,32,13600.38738
38.708333,29,13601.178083
-38.0,22,13601.784992
35.705298,37,13602.584071
-47.32,28,13603.112302
-44.18,37,13604.025031
-36.0,50,13604.986815
-42.0,25,13605.48535
-36.0,40,13606.164496
-36.0,27,13606.98813
44.794776,30,13607.487068
-41.01,27,13607.988687
-44.76,30,13610.606654
38.033,34,13611.284964
37.969672,38,13612.055733
-40.68,32,13612.714473
35.354305,30,13613.316456
38.838828,35,13614.01896
-47.21,16,13614.333979
-44.03,26,13614.879143
-38.91,24,13615.323191
-41.08,24,13615.811567
-35.78,27,13616.361991
33.0,33,13617.131941
46.844765,18,13617.501239
-42.0,20,13617.922346
32.579439,33,13618.688409
-39.0,35,13619.303648
-44.98,30,13619.939638
39.0,33,13620.494706
41.499664,31,13623.097648
-44.91,22,13623.508374
32.621019,47,13624.446281
-41.27,26,13624.935284
41.082781,24,13625.374345
-35.43,39,13626.119073
-41.1,30,13626.617315
41.707819,25,13627.168375
-39.0,28,13627.920044
-44.28,21,13628.354542
41.012821,29,13628.964296
-41.48,34,13629.864838
35.267598,59,13631.064117
-38.72,68,13632.259621
-41.06,27,13632.726557
35.566787,32,13635.577434
-36.0,27,13636.12353
41.059827,18,13636.457568
-42.0,30,13637.090105
38.068376,25,13637.6753
-43.04,18,13638.043484
-37.88,44,13638.915055
39.0,30,13639.591439
-38.62,26,13640.072214
-38.48,29,13640.60254
33.0,37,13641.297746
-32.09,38,13642.031895
-30.0,61,13643.159084
32.03871,32,13643.647062
-34.51,63,13644.698756
38.256604,25,13645.144047
38.56962,30,13647.894447
-39.0,31,13648.472173
-37.62,34,13649.134206
40.796633,38,13649.919941
41.129051,25,13650.454392
42.0,26,13650.950638
36.0,25,13651.445227
32.696154,31,13652.008385
42.0,48,13652.935881
-38.69,32,13653.59493
38.782443,22,13654.023504
32.767361,54,13655.072214
37.626089,29,13655.800689
-41.82,22,13656.249461
41.48062,23,13656.682804
38.865714,21,13657.07585
-33.0,43,13660.427542
35.838129,30,13661.024126
-38.21,19,13661.387774
-42.0,51,13662.349768
32.612167,30,13662.894191
-34.95,37,13663.639093
35.875,35,13664.315724
-38.83,28,13664.860967
-35.3,39,13665.601301
41.912338,26,13666.087445
37.959663,33,13666.680856
41.124498,33,13667.261229
34.070503,29,13667.789571
41.901099,32,13668.374566
38.209059,30,13668.898168
38.196585,29,13669.408283
-35.53,27,13672.082496
39.0,40,13672.849988
41.25614,26,13673.370204
32.191406,33,13673.972769
-35.17,43,13674.819431
-45.81,23,13675.254552
-41.36,27,13675.830584
41.453237,29,13676.358361
-35.79,54,13677.370062
-36.0,33,13677.978452
41.314642,17,13678.313246
-32.77,28,13678.77985
33.0,34,13679.434129
38.011111,37,13680.181572
46.548427,24,13680.668636
-34.36,29,13681.25562
35.140167,24,13684.17666
32.444816,34,13684.839763
42.0,22,13685.43182
44.6787,20,13685.86935
38.064407,40,13686.610671
44.79868,32,13687.200301
-46.26,56,13688.145735
-38.79,25,13688.673676
40.84775,24,13689.143428
-35.6,29,13689.628189
35.421504,41,13690.313551
40.840536,109,13692.330383
40.298641,30,13692.874194
44.381625,34,13693.468943
45.0,22,13696.073505
37.304317,27,13696.6113
38.235075,32,13697.250717
-41.34,23,13697.724296
-37.33,33,13698.380286
38.742049,29,13698.928619
-38.31,32,13699.558696
36.0,32,13700.185486
43.482291,27,13700.663939
-44.15,21,13701.04299
43.684517,22,13701.433001
42.0,23,13701.928461
-37.38,21,13702.412867
-41.22,25,13702.93211
-41.71,22,13703.364303
44.004635,34,13704.11148
40.880952,36,13705.02848
41.438849,26,13705.572645
48.0,18,13705.964999
37.928571,25,13708.8435
-39.0,34,13709.553176
32.383178,30,13710.37776
38.058282,26,13711.029717
32.4,35,13711.702268
-41.74,28,13712.225819
41.721992,30,13713.033271
37.79878,31,13713.597038
-32.29,49,13714.43029
-40.99,30,13714.93547
32.072202,31,13715.460453
-35.84,41,13716.19163
38.724409,38,13717.020213
-35.24,25,13717.512249
-32.14,54,13718.586313
44.550597,23,13719.038826
-41.21,18,13721.42547
-44.44,22,13721.873328
35.844237,27,13722.409962
-32.71,25,13722.900478
-41.14,29,13723.509154
41.110266,30,13724.065619
40.40652,25,13724.592407
38.508197,19,13724.893721
-35.39,29,13725.400938
35.460251,61,13726.400411
37.537736,29,13726.891399
41.804878,27,13727.387169
-40.73,24,13727.807263
44.879032,12,13728.016797
-32.22,34,13728.681796
-35.38,35,13729.360948
-44.08,30,13729.987984
32.225352,40,13733.065614
36.0,24,13733.511151
33.0,36,13734.217208
-32.88,27,13734.759376
38.440945,50,13735.793247
39.0,34,13736.445404
41.901639,27,13737.055509
-35.14,31,13737.647843
-38.47,28,13738.122048
-35.28,32,13738.626141
35.294702,28,13739.121218
34.583157,41,13740.234405
38.228173,31,13740.876949
41.631098,22,13741.296917
40.905976,26,13741.824105
-43.21,33,13742.488066
38.834483,23,13742.966076
-38.91,29,13745.676486
-43.74,21,13746.086933
-35.01,29,13746.639584
47.518316,30,13747.262711
38.524715,41,13748.053745
35.61002,33,13748.635261
-35.2,31,13749.205525
38.68,34,13749.754136
-41.25,41,13750.550575
41.232752,26,13751.02963
36.0,43,13751.81296
-34.75,37,13752.578769
-37.88,33,13753.277561
-41.46,40,13754.076658
-44.53,22,13754.550739
-38.83,24,13755.09171
-41.14,25,13757.905926
35.617886,35,13758.611649
-42.0,33,13759.29222
-35.6,27,13760.023725
38.276408,51,13760.968888
-40.76,23,13761.35447
38.29597,20,13761.711441
41.629283,24,13762.102082
-35.95,34,13762.852628
38.360153,28,13763.415745
-37.98,36,13764.170346
38.292605,29,13764.989257
41.05098,25,13765.479778
-41.56,20,13765.897854
43.90597,17,13766.20843
35.117241,32,13767.07859
-35.63,26,13767.602321
-35.65,31,13768.207021
38.090592,26,13771.117725
-38.5,33,13771.727141
-39.0,31,13772.26811
41.003597,25,13772.724451
-40.86,43,13773.459292
42.0,29,13773.952338
-35.28,34,13774.554403
35.902439,30,13775.146658
41.041509,26,13775.649225
44.168498,19,13776.037385
41.105691,22,13776.492659
43.518557,24,13777.010384
37.786645,36,13777.774013
41.923077,23,13778.273143
44.336134,32,13778.977639
35.510972,34,13779.674209
-44.08,23,13780.141798
38.068441,21,13780.573722
-38.29,30,13783.475088
35.25,35,13784.047598
42.0,31,13784.631005
-44.35,23,13785.021144
44.395836,30,13785.613333
-43.56,27,13786.136353
43.48296,36,13786.801591
41.153846,40,13787.509428
-35.6,36,13788.243089
41.835017,35,13788.953542
38.378431,30,13789.560502
-35.71,42,13790.389326
44.420077,18,13790.962324
35.418719,28,13791.618629
-41.74,30,13792.189213
-38.13,32,13792.838877
38.610429,40,13795.759642
47.992188,17,13796.073094
-34.29,41,13796.781996
41.100402,25,13797.282079
41.377907,39,13798.050644
-38.23,23,13798.476151
45.0,19,13798.816813
41.602941,24,13799.248694
32.274194,26,13799.702262
-38.48,24,13800.167498
42.919163,37,13800.914097
44.653992,27,13801.497974
35.294118,35,13802.212641
-41.1,22,13802.679108
42.796255,33,13803.340839
-39.0,29,13803.89516
-38.49,42,13804.826576
47.007042,26,13805.314347
-35.13,47,13808.234204
43.330426,27,13808.747612
-33.0,32,13809.373912
-35.64,35,13810.001929
38.290909,35,13810.638663
38.065491,25,13811.084253
47.157895,25,13811.537383
44.30038,15,13811.843682
-41.61,27,13812.361206
38.565972,51,13813.456942
40.599823,38,13814.215108
35.040243,35,13814.974669
37.915428,27,13815.596517
-38.8,27,13816.130814
-39.0,35,13816.894741
-41.06,21,13817.34762
41.110266,23,13820.049506
-41.56,27,13820.551841
35.498039,25,13821.008549
44.661715,19,13821.576369
43.432645,29,13822.231035
-40.26,26,13822.711015
-35.48,34,13823.341351
-43.8,21,13823.708127
37.651097,24,13824.148008
39.0,35,13824.816904
-44.4,64,13826.064454
-36.0,31,13826.642514
38.282843,34,13827.314493
32.56,26,13827.816236
-42.0,21,13828.235111
-41.03,27,13828.781368
-39.0,29,13829.352849
37.89,31,13832.114665
-34.85,35,13833.097214
-32.91,40,13837.298648
41.351613,27,13837.899456
41.9375,22,13838.415242
41.356275,20,13838.882725
35.382958,29,13839.517861
44.374046,26,13840.102649
-35.84,34,13840.816616
41.805447,19,13841.227141
-41.46,40,13842.138899
-46.47,37,13842.906746
-44.26,18,13843.276453
35.009696,40,13844.149767
44.4,20,13844.53723
-35.91,26,13845.059968
41.777778,27,13845.643942
41.447458,28,13846.213902
37.565657,28,13848.939237
32.131034,28,13849.506565
-42.0,19,13850.003848
-41.03,26,13850.636875
35.297297,34,13851.376996
-46.29,31,13851.962591
35.239264,35,13852.698022
38.616883,30,13853.334038
-44.58,22,13854.022758
41.760417,20,13854.429093
-32.24,32,13855.106051
44.179775,25,13855.650232
45.0,21,13856.098934
-38.91,30,13856.727957
44.623239,26,13857.224468
39.440491,28,13857.8167
-35.52,45,13858.764067
-35.03,23,13859.233298
41.755274,25,13859.726115
-41.11,26,13862.504358
-35.91,25,13862.957735
32.671642,27,13863.502884
43.846269,34,13864.113176
44.54065,25,13864.614633
41.132867,25,13865.187603
39.0,37,13866.094594
35.185567,43,13867.340681
-45.0,32,13868.268267
35.361599,56,13869.570017
41.766355,29,13870.171578
-35.17,43,13871.087017
38.651246,41,13871.982258
-36.36,38,13872.770357
-38.64,24,13873.185907
44.875912,35,13876.408864
35.323404,35,13876.985245
45.0,19,13877.412632
-32.02,55,13878.857419
-33.0,29,13879.476706
36.0,30,13880.084556
-34.86,36,13880.82531
41.70566,22,13881.270805
38.536508,29,13881.877442
-40.62,24,13882.43829
41.326389,20,13883.031857
-44.26,27,13883.584051
-37.88,30,13884.190341
-38.71,32,13884.84983
-44.12,23,13885.29142
-44.55,21,13885.715384
-33.0,35,13886.342467
-35.76,29,13889.256574
37.853845,27,13889.780401
36.0,53,13890.873428
34.919669,27,13891.428301
-38.55,29,13892.096458
35.452218,35,13892.831731
35.807692,42,13893.757117
47.324627,23,13894.219757
-37.25,33,13894.883211
39.0,23,13895.362302
37.352357,36,13896.098355
32.219814,41,13896.953137
38.438953,37,13897.662756
35.184502,38,13898.359798
44.408759,28,13898.873554
-38.59,32,13899.505572
-38.09,21,13901.97847
39.0,23,13902.476193
-35.42,38,13903.332922
35.623881,29,13903.959273
-41.06,37,13904.688269
41.943231,24,13905.221063
-41.19,21,13905.619359
-36.0,30,13906.238601
35.446773,38,13907.238326
-44.03,16,13907.56294
-40.33,29,13908.186621
-44.16,20,13908.588906
38.419786,30,13909.4434
38.394411,46,13910.409678
44.666667,34,13911.073553
37.614274,29,13911.647646
43.627428,27,13912.153537
-38.63,32,13914.916356
42.0,24,13915.420137
38.571984,34,13916.117442
-42.19,18,13916.488205
-35.26,54,13917.633014
-42.0,20,13918.092852
35.464286,51,13919.14278
-43.19,32,13919.819742
41.625616,31,13920.467065
-44.03,16,13920.781738
41.592982,28,13921.446778
-35.47,34,13922.127107
44.545113,21,13922.529794
43.978222,34,13923.137423
42.0,42,13923.905287
33.0,53,13925.018123
-41.6,30,13927.775202
34.919795,30,13928.357251
-41.3,21,13928.805194
41.100945,27,13929.364966
32.201439,28,13929.957897
-35.84,38,13930.7661
-41.71,37,13931.546459
-40.84,22,13932.056614
44.676692,26,13932.766239
-37.89,22,13933.345952
-35.26,32,13934.080904
47.401813,20,13934.447131
41.415938,30,13935.240575
41.515504,26,13935.750297
44.248062,23,13936.424601
41.676136,45,13937.333612
-34.64,45,13938.203743
44.394958,24,13940.896856
38.762136,25,13941.529082
39.0,24,13942.056259
-42.0,57,13943.360895
-32.89,33,13944.023792
-41.44,21,13944.445663
38.133574,42,13945.269771
-32.43,23,13945.752512
44.058182,18,13946.113552
-35.34,31,13946.757721
-32.01,31,13947.281826
38.132701,48,13948.153194
-34.68,35,13948.785554
34.568345,60,13949.997242
33.0,41,13950.710466
42.0,21,13953.344371
-32.24,36,13954.109454
-35.88,30,13954.738095
-37.52,29,13955.440099
-34.53,22,13955.884094
-41.84,37,13956.65836
37.898741,26,13957.210846
-40.92,27,13957.745882
39.0,21,13958.161297
-38.78,26,13958.68419
-38.07,31,13959.220754
40.521866,31,13959.790325
-38.08,38,13960.434929
38.199377,24,13960.840204
-35.69,32,13961.660048
44.100757,25,13962.257975
-38.81,38,13962.991887
-37.3,36,13963.70608
-38.02,23,13966.32094
-44.42,23,13966.794988
35.37037,40,13967.585631
-40.75,36,13968.393552
47.784091,15,13968.725489
-37.9,31,13969.377818
43.590841,23,13969.91091
45.0,21,13970.34428
-44.42,41,13971.17053
32.498168,30,13971.726161
-44.24,19,13972.085447
38.679487,30,13972.645206
-32.09,28,13973.153116
-31.92,51,13974.287947
33.0,42,13975.214561
-41.14,27,13975.717568
35.097222,37,13978.598779
-37.21,31,13979.28521
-45.0,26,13979.8427
-40.37,34,13980.547064
37.856506,22,13981.000489
35.534779,31,13981.67536
31.813808,45,13982.620589
-38.47,40,13983.468498
46.380497,26,13983.975194
39.380525,34,13984.647431
-35.39,31,13985.163359
-41.55,38,13985.945803
-43.72,40,13986.791382
-36.0,24,13987.452652
34.192839,37,13988.196221
-37.99,45,13989.023193
-44.43,17,13991.666205
40.891429,28,13992.182851
38.118705,41,13993.054658
44.003663,21,13993.45317
45.0,22,13993.914537
-45.0,19,13994.290039
-44.55,21,13994.756301
-41.22,31,13995.334584
-41.32,26,13995.818805
41.876325,26,13996.260239
38.003636,37,13996.929442
-32.51,36,13997.620996
-38.33,20,13998.029904
-47.84,20,13998.469371
-44.59,21,13998.927561
-40.89,31,13999.622306
-32.18,29,14000.165452
41.197987,26,14000.674066
44.74212,22,14001.06856
-38.41,25,14003.760286
-44.07,38,14004.554239
-39.0,36,14005.245069
-44.02,27,14005.752136
-34.8,34,14006.530518
-37.22,37,14007.283429
47.170543,19,14007.69063
32.832727,42,14008.460811
36.0,28,14008.958077
-47.8,26,14009.384854
-36.34,63,14010.633862
38.903727,21,14011.055323
32.901818,35,14011.737993
33.0,31,14012.322462
43.455002,53,14013.214583
-36.0,22,14016.191132
-35.68,29,14016.762361
42.0,30,14017.607092
-38.04,24,14018.128548
35.392996,23,14018.619883
41.425806,23,14019.111951
41.550991,22,14019.582913
41.267857,19,14019.968455
41.501548,27,14020.409116
44.089541,21,14020.791898
38.69112,37,14021.501074
41.743396,26,14021.973836
-41.12,23,14022.483499
41.5125,37,14023.244065
-32.12,38,14024.054854
-47.82,20,14024.460098
-32.6,30,14025.103184
37.635528,46,14025.915112
-34.85,64,14029.608469
-30.0,33,14030.282201
-41.32,25,14030.810901
-35.71,32,14031.479977
38.381743,32,14032.166702
47.306202,61,14033.158108
36.0,27,14033.623424
32.064639,36,14034.380177
37.913863,28,14034.956905
43.937751,25,14035.470205
-44.8,23,14035.921728
-37.61,45,14036.941423
-42.0,23,14037.391039
-38.94,26,14037.886166
35.402724,28,14038.362672
42.0,24,14038.886337
41.24713,31,14041.793287
38.03252,34,14042.520361
41.777778,23,14043.001276
43.841297,31,14043.620337
-40.16,33,14044.484108
-41.44,32,14045.04956
38.132375,24,14045.506435
-35.51,29,14046.047135
41.707317,22,14046.514308
-35.61,22,14046.980267
35.007843,32,14047.622904
32.825193,40,14048.394785
35.902527,56,14049.390691
42.0,26,14049.878793
41.036289,29,14050.373512
-38.66,26,14050.844232
41.03125,19,14051.287372
-47.03,19,14054.00559
32.751799,45,14054.892807
-37.75,29,14055.555291
-38.46,26,14056.037444
41.651877,34,14056.666255
43.527694,42,14057.421969
41.433852,78,14058.964723
-38.8,27,14059.542731
44.136792,30,14060.120117
-38.13,30,14060.67039
38.259786,28,14061.18154
-47.27,36,14061.88564
37.944285,27,14062.420223
38.797297,32,14063.132567
-38.21,27,14063.705807
38.659722,18,14064.187614
43.601493,25,14067.098678
-37.72,44,14067.932455
-41.57,30,14068.471858
35.78852,27,14068.946231
40.5125,26,14069.387633
-43.82,23,14069.812229
38.398601,20,14070.179455
-33.0,26,14070.863464
35.589831,32,14071.513741
-32.67,31,14072.160264
34.75788,46,14073.059726
47.21831,22,14073.452562
44.613383,21,14073.870406
35.386813,31,14074.447776
37.704058,36,14075.132647
-38.19,41,14075.976497
42.0,21,14076.447149
-40.38,28,14079.789568
44.473684,29,14080.308604
-35.42,33,14080.903792
-37.22,33,14081.473475
33.0,42,14082.306051
-41.52,44,14083.190962
38.739669,31,14083.81024
-35.81,47,14084.717468
41.375,26,14085.180957
-40.78,34,14085.832898
39.0,26,14086.56072
44.770909,22,14087.004126
34.442332,27,14087.571164
39.0,25,14088.096392
-44.4,26,14088.644796
41.099716,31,14089.595609
44.611336,16,14089.914186
34.717119,27,14092.964102
42.0,31,14093.582184
-41.35,27,14094.079868
41.434307,23,14094.49218
-44.22,40,14095.370463
45.0,26,14095.892644
-44.25,29,14096.632591
-41.63,33,14097.222171
-31.64,40,14098.146011
-38.88,30,14098.708781
-40.48,33,14099.359074
38.205761,25,14099.920382
41.444882,34,14100.608979
-32.13,34,14101.289186
-38.37,49,14102.342047
-35.55,35,14105.258853
37.405815,27,14105.782581
-39.0,35,14106.428867
-35.88,33,14107.16218
41.570552,30,14107.770757
32.250774,33,14108.424182
38.140009,39,14109.176667
38.346801,23,14109.55466
-41.6,20,14109.891759
-44.83,36,14110.510032
41.144876,24,14110.975861
-38.53,32,14111.664192
-45.0,19,14112.113647
-38.55,33,14112.81331
38.309155,35,14113.669581
37.520635,32,14114.340909
-41.18,20,14114.788245
-32.5,39,14115.693474
-45.0,24,14118.309041
38.343284,34,14119.202706
-38.23,43,14120.128198
39.0,28,14120.728882
47.735099,29,14121.291387
36.0,43,14122.044145
41.775665,32,14122.655165
-41.55,40,14123.393692
32.134884,35,14124.064457
41.756654,21,14124.766263
38.687204,26,14125.293538
-36.0,33,14125.968649
-40.41,26,14126.471255
33.0,33,14127.170778
41.666667,31,14127.869489
44.765873,23,14128.371142
-40.11,21,14130.863984
32.415686,33,14131.494994
41.752044,28,14132.09787
-33.0,31,14132.725944
-35.03,35,14133.650096
-32.12,34,14134.320031
-36.27,34,14135.006372
32.411439,116,14137.38601
-38.02,35,14138.12768
-35.9,26,14138.665657
-40.66,23,14139.189681
-32.62,38,14139.982417
-35.09,26,14140.533758
-41.53,25,14141.111069
-38.2,39,14144.178682
-38.46,32,14144.882975
35.228916,32,14145.761352
35.902985,28,14146.349888
-41.19,23,14146.754451
-41.11,25,14147.228933
-35.79,30,14147.737787
33.0,39,14148.550321
40.931303,22,14149.019649
-44.03,29,14149.672166
43.520716,21,14150.128196
44.45122,18,14150.495703
-41.47,26,14151.202221
34.862164,32,14151.890401
-37.28,30,14152.599021
-32.55,37,14153.391811
-32.79,47,14154.34848
-41.12,21,14154.799607
32.593103,37,14157.807632
-40.98,31,14158.36717
-40.59,52,14159.332861
-47.01,44,14160.115884
38.548276,33,14160.764097
-35.46,114,14163.109638
-41.34,27,14163.635459
38.710084,33,14164.364157
-38.72,39,14165.100435
38.840164,29,14165.715036
-44.25,36,14166.463131
44.516807,29,14167.041016
-32.91,42,14169.942171
-42.0,27,14170.437079
32.805668,40,14171.157594
38.052901,29,14171.665804
-35.07,35,14172.335427
38.045455,21,14172.967151
32.762557,30,14173.608574
44.564918,32,14174.244414
-37.95,30,14174.899765
-41.2,30,14175.540781
-38.85,27,14176.115256
32.349398,31,14176.750347
35.968641,37,14177.716209
36.0,27,14178.255172
32.638806,29,14178.863972
32.622047,31,14179.471021
-38.23,37,14182.388368
-41.77,37,14183.161725
-37.7,33,14183.739884
-35.94,30,14184.40817
41.039122,26,14184.909502
42.0,27,14185.479263
35.064039,33,14186.132569
-33.0,34,14186.860411
38.260536,31,14187.536453
45.0,21,14187.956816
-45.0,24,14188.464076
37.930518,36,14189.208998
-38.82,22,14189.697147
34.42819,34,14190.382049
35.5,29,14190.916803
38.080997,22,14191.346467
38.210526,26,14191.828014
33.0,28,14192.342514
-38.09,35,14195.104159
-33.0,28,14195.644112
41.667969,38,14196.43041
-38.3,20,14196.833264
-44.47,33,14197.499122
-34.75,35,14198.236055
-41.51,28,14199.017836
41.082707,37,14199.774773
35.461614,30,14200.452106
33.0,34,14201.157341
38.740602,26,14201.738132
32.40836,31,14202.352946
-35.26,33,14203.090575
-32.17,28,14203.836124
-43.81,21,14204.281209
41.5053,46,14205.149052
-40.91,26,14207.755487
41.105455,26,14208.228034
-40.58,35,14208.963671
39.0,33,14209.696806
37.587542,26,14210.214604
35.077703,30,14210.822683
36.0,65,14212.734606
41.833333,30,14213.401235
34.951226,68,14214.759626
42.754446,18,14215.142152
-40.32,32,14215.772542
38.37575,28,14216.291841
-41.31,25,14216.751752
35.749226,28,14217.368675
-43.6,27,14217.975923
33.0,30,14220.800599
-36.0,25,14221.341257
-35.99,30,14221.962584
-38.21,43,14222.862252
34.731739,36,14223.692943
-44.27,19,14224.061492
35.838006,32,14224.781441
32.595092,32,14225.843783
41.044627,20,14226.243819
35.266376,24,14226.762973
-32.51,39,14227.558829
32.781538,28,14228.050305
35.170306,34,14228.665357
-37.45,28,14229.221486
33.0,34,14229.906076
-30.0,33,14230.599108
32.138686,33,14231.642414
-38.88,26,14234.285882
-35.52,32,14234.920686
-47.0,19,14235.360533
-37.26,42,14236.20903
-38.49,29,14236.819014
-32.05,37,14237.595839
42.0,25,14238.100713
36.0,26,14238.649443
-32.13,30,14239.217901
-41.32,21,14239.61668
35.725166,30,14240.202896
-38.23,23,14240.65175
41.228636,26,14241.149577
-47.26,20,14241.583224
-38.28,35,14242.303766
47.238462,20,14242.745853
-39.0,24,14243.267458
33.0,62,14244.527533
-40.28,42,14247.605473
41.53169,28,14248.210903
38.548701,36,14248.897453
-43.97,17,14249.225954
41.395833,24,14249.689854
38.884259,55,14250.839906
43.805466,17,14251.141835
-44.3,40,14252.091542
47.55298,29,14252.662621
35.57037,30,14253.194793
41.473896,20,14253.680039
-38.31,26,14254.228662
34.325209,34,14254.931314
-32.04,34,14255.62918
-41.19,23,14256.12272
-33.0,42,14256.901317
32.009346,33,14259.979407
41.15444,22,14260.418711
-41.08,26,14260.954933
38.412903,30,14261.592366
34.43048,94,14263.427689
-42.53,25,14263.871449
-38.2,35,14264.546775
-33.0,32,14265.185825
40.01032,36,14265.938732
32.082707,34,14266.642836
-35.34,29,14267.283503
-38.69,32,14268.02362
35.803774,30,14268.597281
39.0,30,14269.370619
38.013514,33,14269.997888
32.354086,38,14272.895493
-41.63,23,14273.342235
38.475904,25,14273.839079
-39.72,28,14274.39357
38.574627,28,14274.957136
-33.0,27,14275.486014
-41.7,19,14275.837646
-38.2,28,14276.349956
34.0145,27,14276.819802
35.48,37,14277.570388
34.998719,36,14278.476072
-38.76,26,14278.991392
-47.49,26,14279.518209
41.725564,26,14280.004188
-41.1,29,14280.546915
35.719626,22,14280.997467
-35.25,31,14281.532549
44.562464,33,14282.178444
-41.2,32,14285.60678
32.171642,30,14286.22639
-39.0,31,14286.901659
-43.42,34,14287.59148
44.502513,27,14288.085798
-34.96,31,14288.672174
40.214049,25,14289.142166
35.746888,29,14289.778595
-41.69,24,14290.261576
41.1625,36,14291.026107
-44.72,31,14291.666462
-44.46,21,14292.080737
-39.0,27,14292.577563
35.463415,29,14293.107112
41.048507,24,14293.702388
-40.99,24,14294.174798
32.440678,29,14294.811449
-41.11,27,14295.37419
35.027675,34,14298.403515
-36.0,45,14299.310616
41.367647,23,14300.168668
-43.63,26,14300.626362
36.0,32,14301.200056
-41.29,24,14301.661486
-35.62,40,14302.40203
38.939163,27,14302.921551
-40.31,31,14303.549128
-41.5,36,14304.233119
34.523595,31,14305.032877
45.0,17,14305.348084
-37.82,30,14305.929507
-38.4,25,14306.478981
41.832727,26,14307.010768
-37.78,38,14307.82142
-44.48,15,14308.182698
-35.9,40,14312.068722
38.6,31,14313.468722
-45.0,25,14314.289844
-32.4,55,14315.692447
43.035291,42,14316.572626
41.596026,25,14317.157178
-44.5,24,14317.707515
-38.81,31,14318.486837
37.423571,48,14319.804091
-44.09,27,14320.510905
35.777717,30,14321.127454
42.0,15,14321.423181
-41.2,38,14322.246166
-38.83,40,14323.202562
-38.87,21,14323.682263
40.725047,28,14324.285415
40.741525,22,14327.187381
-39.49,29,14327.863079
-40.07,56,14328.888247
-35.74,43,14329.615363
-35.55,27,14330.131578
-35.8,37,14330.905178
-38.04,28,14331.45558
-36.0,31,14331.980669
-38.07,26,14332.451465
-42.0,23,14332.84743
40.535845,30,14333.341072
-38.24,24,14333.736306
38.29595,27,14334.338534
41.272727,22,14334.850754
-42.0,23,14335.299092
37.308324,25,14335.774149
39.0,30,14336.378752
-35.02,26,14336.876683
32.263699,49,14340.691779
41.11859,21,14341.079126
41.682731,24,14341.5585
33.0,40,14342.352949
-41.54,26,14342.872047
39.0,36,14343.661976
-42.0,19,14344.052235
-41.24,21,14344.433921
-44.83,16,14344.656433
-44.27,34,14345.257001
-41.67,29,14345.754146
-35.44,30,14346.281381
-35.14,39,14346.973059
-35.13,23,14347.421233
41.684982,34,14348.097231
-40.71,20,14348.500765
41.676691,33,14349.175552
-44.68,21,14351.642253
-41.14,30,14352.233817
40.279864,27,14352.683061
41.606452,20,14353.090177
-38.78,32,14353.690718
-41.02,32,14354.283543
-44.67,44,14355.269147
32.48249,34,14356.007337
-41.4,29,14356.523454
38.282759,24,14356.880347
-47.15,82,14358.409293
-41.62,21,14358.953664
-32.76,36,14359.628896
-33.0,31,14360.283519
-43.7,24,14360.926801
38.517647,35,14361.633644
32.050388,49,14365.252918
37.880877,38,14365.951675
44.583333,27,14366.67373
38.613169,28,14367.240647
-40.96,43,14368.075146
-33.0,33,14368.747993
34.697539,36,14369.426426
-41.29,36,14370.052212
-43.8,23,14370.482057
-41.87,25,14371.033299
38.494382,24,14371.501985
-35.45,59,14372.91376
32.407767,71,14374.474186
37.888239,30,14375.136517
40.763158,27,14377.691287
-44.01,19,14378.002593
38.711462,28,14378.54024
44.325153,64,14379.793995
-41.27,20,14380.227087
41.5,26,14380.783413
-40.77,28,14381.383925
44.425,14,14381.700799
-41.17,26,14382.321327
-37.21,38,14383.194942
42.0,20,14383.650974
39.0,23,14384.237626
-44.15,26,14384.894154
35.530303,30,14385.565706
32.487013,50,14386.690899
36.0,39,14387.820929
-44.05,23,14388.381382
41.687307,24,14391.059397
-38.61,37,14391.861464
37.297535,31,14392.566273
-32.25,28,14393.260125
38.322034,32,14393.924382
41.727586,27,14394.674905
38.128302,21,14395.150879
38.015315,33,14395.87747
-35.14,38,14396.655742
42.0,23,14397.121736
-39.0,24,14397.609571
-37.88,25,14398.23714
35.361371,26,14398.91104
32.365325,35,14399.707175
-41.12,26,14400.257633
41.128447,34,14401.00307
-41.46,30,14401.634877
-38.64,29,14402.357434
40.555147,44,14405.736317
41.456835,24,14406.351321
-41.81,35,14407.246964
-41.26,38,14408.119874
-35.85,31,14408.774806
36.0,25,14409.297334
-37.76,29,14409.946156
34.622605,30,14410.574769
35.45098,24,14411.398506
41.528428,37,14412.268071
38.410853,29,14412.998401
-41.39,32,14413.704555
35.738983,31,14414.427858
-32.67,33,14415.277353
-41.49,24,14415.813539
-44.93,30,14416.717384
44.282909,19,14419.71342
-41.29,25,14420.314871
-40.71,35,14421.088506
33.0,55,14422.230861
-32.71,37,14422.961602
39.0,25,14423.481612
-35.43,25,14423.963691
-37.71,30,14424.878572
38.843066,28,14425.570835
42.0,20,14426.006047
41.623288,29,14426.640791
32.139319,29,14427.269922
40.449125,39,14428.14618
-44.07,37,14428.951749
38.698182,40,14429.82751
-33.0,51,14431.004624
-35.27,29,14434.06843
38.643917,32,14434.733486
-37.73,25,14435.30428
35.552083,26,14435.849146
41.242152,29,14436.446746
-35.3,31,14437.023805
-41.37,23,14437.505075
-35.26,32,14438.340421
35.101667,29,14439.149334
32.490066,28,14439.838985
-42.0,27,14440.489188
39.286563,26,14441.108322
38.480645,25,14441.67881
41.533808,25,14442.237364
41.566997,27,14442.869633
-30.0,34,14443.664806
-41.74,23,14444.461542
32.372694,29,14445.008016
-41.2,35,14447.772247
38.133562,26,14448.241841
-33.0,42,14449.033649
-35.02,29,14449.5413
-38.69,27,14450.000355
38.011869,27,14450.451785
37.801289,36,14451.276528
34.835407,43,14452.699271
-35.36,26,14453.304555
-35.68,28,14453.902722
35.5,35,14454.647082
38.377119,43,14455.641993
-40.86,22,14456.096291
40.683453,32,14456.763394
-41.64,24,14457.247504
-36.82,38,14457.962272
-38.38,31,14460.857636
-41.55,21,14461.287793
-38.3,38,14462.111191
43.643345,22,14462.586765
32.661355,75,14464.216425
-43.31,22,14464.757673
-39.3,55,14466.001574
38.296725,24,14466.574944
-43.57,25,14467.205931
41.266026,22,14467.738019
-32.79,31,14468.509717
35.938356,37,14469.380082
-32.91,32,14470.179332
38.315452,29,14470.910556
-43.92,28,14471.587707
41.168582,27,14472.219265
-39.0,35,14475.262414
-33.0,28,14475.89284
-38.34,27,14476.431044
32.539924,30,14477.032258
-32.46,36,14477.776392
-44.58,25,14478.316745
-38.28,30,14478.978575
44.046358,29,14479.636653
-41.15,25,14480.167085
33.0,38,14480.936921
41.727273,24,14481.679276
41.245487,26,14482.239849
-38.12,30,14482.869974
-41.2,38,14483.661234
33.0,29,14484.21343
35.02583,43,14484.964371
41.109023,31,14487.803131
-42.0,29,14488.34958
-38.8,28,14488.926964
35.012925,27,14489.370272
35.415441,29,14489.905672
-44.4,19,14490.318419
44.449664,15,14490.60729
-41.54,32,14491.287491
38.53723,40,14492.099014
-41.76,28,14492.705183
40.836273,24,14493.226016
-35.08,38,14493.981655
39.0,17,14494.338057
-32.04,30,14494.872205
38.021818,34,14495.588182
38.550847,30,14496.204655
-32.48,40,14496.933157
-38.33,26,14497.441571
42.0,19,14497.803356
43.716953,21,14500.651977
-38.12,30,14501.242343
-44.75,33,14501.822331
32.56875,39,14502.612584
-35.4,30,14503.268494
-41.61,20,14503.669872
40.369977,27,14504.288252
38.293233,34,14504.975087
38.242063,23,14505.461588
33.0,32,14506.103167
-36.0,62,14507.454511
-32.53,33,14508.308262
-37.85,35,14508.977071
-41.22,29,14509.528261
41.401639,29,14510.039877
-35.89,36,14510.71248
-41.16,25,14513.303228
-34.47,34,14513.94313
37.155522,30,14514.453384
-33.0,34,14515.150066
-33.0,40,14516.002199
-38.42,30,14516.642289
-32.73,42,14517.611973
41.533113,24,14518.05635
43.096985,24,14518.560836
-34.49,32,14519.259746
35.03895,27,14519.860097
32.809375,32,14520.504753
41.949091,19,14520.933495
-43.67,22,14521.354612
41.649832,51,14522.335126
-33.0,42,14523.459084
-44.79,42,14526.599954
38.106481,31,14527.19455
41.459941,30,14527.831547
38.805195,29,14528.482819
-37.07,55,14529.651592
-32.9,38,14530.430888
-39.0,23,14530.987514
41.327465,23,14531.451312
-35.12,25,14531.984997
36.0,34,14532.659251
39.0,28,14533.225686
-42.92,26,14533.760664
-35.44,38,14534.749268
37.734976,31,14535.348563
-44.04,21,14535.755125
39.0,28,14536.33905
32.47651,29,14539.219123
-44.06,23,14539.638811
-35.86,35,14540.407132
-32.29,31,14541.106426
-41.32,39,14541.958235
44.16835,22,14542.405921
37.445635,32,14543.030558
-40.73,25,14543.538527
36.0,37,14544.321582
40.9081,20,14544.727275
40.916667,28,14545.340021
-44.38,16,14545.653836
-35.24,24,14546.108727
33.0,30,14546.719523
-33.0,35,14547.381263
33.0,43,14548.28949
40.697842,31,14549.025448
-44.05,24,14549.547036
-38.04,30,14552.398965
42.0,33,14553.054158
32.287938,32,14553.734243
-45.0,33,14554.456713
-38.88,34,14555.149854
-32.58,31,14555.832855
-35.28,35,14556.575086
32.908745,41,14557.459823
38.587549,24,14557.984061
-38.11,24,14558.445452
-38.91,23,14558.904647
36.0,41,14559.674445
43.83655,31,14560.256511
-40.23,25,14560.812676
-41.6,39,14561.849455
38.07947,33,14562.545985
-36.0,27,14565.122298
-42.0,23,14565.591439
-47.07,19,14565.988891
35.458791,29,14566.624353
44.5,21,14567.073568
-41.24,22,14567.499354
35.726154,31,14568.147404
40.102817,30,14568.83844
44.73125,20,14569.313392
-39.0,37,14570.135681
-47.32,13,14570.391185
-42.0,27,14570.898274
-41.28,31,14571.526259
-44.23,39,14572.275762
-40.52,30,14572.849855
-37.99,29,14573.474715
-44.14,29,14574.151181
-34.77,26,14574.721073
39.0,32,14575.376541
-43.57,29,14578.276699
41.046663,29,14578.887007
-37.8,25,14579.411955
-40.86,29,14580.040297
-38.3,39,14580.907943
35.805755,30,14581.526428
41.76947,29,14582.144637
41.032468,23,14582.63507
44.4,24,14583.102227
-39.0,47,14584.000528
-47.03,17,14584.358274
-45.64,51,14585.283839
-32.2,59,14586.49306
37.809623,30,14587.150773
-44.35,25,14587.761156
-35.78,40,14590.976269
41.679254,43,14591.924945
-35.82,34,14592.682322
-36.0,31,14593.34447
37.519011,31,14593.963629
-38.09,53,14595.12672
-35.65,24,14595.672858
41.231373,30,14596.274211
35.520134,31,14596.852111
-43.97,27,14597.402801
38.962963,32,14598.104423
-44.42,22,14598.622921
-35.86,30,14599.282525
-38.6,25,14599.828223
-44.78,34,14600.500621
-47.51,13,14600.787515
-41.89,37,14601.492738
-47.33,15,14604.121602
-32.12,40,14604.919189
41.527559,32,14605.551651
31.819703,49,14606.520547
35.317857,29,14607.143485
-33.0,31,14607.746701
-38.59,27,14608.313275
-35.03,33,14608.961509
41.188192,28,14609.508474
-44.23,23,14609.951186
-38.43,29,14610.605464
35.046263,37,14611.490311
34.772727,71,14612.912631
38.697318,32,14613.518462
35.443182,41,14614.248331
-39.0,31,14617.250674
38.513793,36,14618.041994
-41.91,20,14618.51321
-35.16,28,14619.113962
36.0,34,14619.816914
-41.51,40,14620.576083
-32.4,26,14621.071756
-40.78,25,14621.537837
44.607288,25,14622.007113
-35.62,28,14622.55573
45.0,35,14623.288624
-32.12,29,14623.904192
44.216028,15,14624.243829
-38.17,24,14624.747789
35.469091,49,14625.644871
-41.66,34,14626.230321
-32.64,34,14629.117609
-47.07,26,14629.958071
-32.14,33,14630.711106
38.401606,20,14631.132209
-40.58,29,14631.772689
-35.04,51,14632.834368
-35.67,26,14633.331604
41.777397,40,14634.06159
-38.49,35,14634.787479
41.083333,18,14635.169726
-37.7,46,14636.198647
-41.81,34,14636.849354
-47.39,28,14637.44295
-44.5,57,14638.663748
-38.67,25,14639.153552
35.316456,28,14639.684132
44.825083,26,14642.498153
-36.0,35,14643.251942
44.9,19,14643.639551
-40.8,24,14644.142225
46.699074,30,14644.761585
38.782101,30,14645.365441
34.80192,26,14645.82268
35.834951,33,14646.398972
-37.29,54,14647.360135
-38.33,35,14648.117279
40.220064,29,14648.717522
-37.62,39,14649.521796
44.10596,15,14649.809412
35.803846,24,14650.271992
-40.32,22,14650.681612
33.0,30,14651.261718
-38.29,47,14652.177182
-32.92,36,14655.406834
41.333333,28,14656.022408
40.609632,48,14657.032138
41.847273,19,14657.368671
-40.71,25,14657.792476
-32.23,37,14658.498718
-35.67,32,14659.057959
-36.0,48,14660.11689
38.896825,26,14660.708624
-47.97,21,14661.191933
35.703125,30,14661.790265
41.717241,23,14662.276527
41.258333,25,14662.753508
32.5,33,14663.454228
32.511278,37,14664.230273
-40.7,26,14664.757742
-35.16,32,14667.710073
-37.67,119,14670.062395
40.969629,33,14670.683705
38.642276,26,14671.193717
-32.91,32,14671.793289
-38.59,31,14672.576873
40.163322,73,14674.182109
-33.0,31,14674.786723
-41.69,27,14675.305874
-39.0,22,14675.697116
-41.63,32,14676.307432
-38.25,33,14676.945374
41.700348,17,14677.277224
-44.09,21,14677.702962
-39.0,26,14680.483919
-35.45,26,14681.246657
40.304965,32,14681.862627
43.785713,19,14682.247241
-32.5,32,14682.841843
-32.18,49,14683.762058
44.633962,21,14684.147686
-32.9,37,14684.968236
-41.03,27,14685.616603
-39.0,37,14686.589461
36.0,34,14687.537551
-35.18,30,14688.297334
-38.36,44,14689.30041
-38.06,24,14689.836251
34.939447,48,14690.853684
-35.5,49,14694.003702
44.216867,21,14694.62137
-44.23,28,14695.269341
-44.91,23,14695.730389
-41.11,35,14696.587372
39.0,24,14697.060723
-32.07,43,14697.870591
37.898376,31,14698.538005
-41.3,31,14699.23276
-39.0,52,14700.306656
-36.0,27,14700.805201
-37.79,44,14701.579312
-35.24,34,14702.180811
38.162162,31,14702.71512
-32.63,33,14703.445808
-39.0,33,14704.290434
-42.0,24,14707.096751
41.613379,29,14707.864604
44.320594,24,14708.455034
39.0,17,14708.757524
41.5,32,14709.400203
-35.91,27,14709.929985
32.397759,41,14710.797358
-45.0,22,14711.293813
40.387046,30,14712.127819
32.528689,56,14713.415585
41.274809,28,14713.973117
41.345794,17,14714.327385
-40.88,24,14714.846259
-38.88,22,14715.239781
-47.51,19,14715.622514
-35.28,29,14716.268857
-32.61,38,14717.063239
-32.47,36,14717.787923
38.476703,28,14720.602797
33.0,49,14722.09004
40.504202,31,14722.783875
37.05569,32,14723.525092
34.889978,27,14724.252403
-37.64,29,14724.834867
-38.75,27,14725.361386
-41.15,45,14726.241392
44.188854,31,14726.806653
37.636251,28,14727.279242
41.359551,26,14727.749372
41.265993,49,14728.632651
32.080972,28,14729.204947
-41.14,26,14729.747272
41.094017,24,14730.244613
-42.0,46,14733.463119
-32.44,49,14734.488672
41.003717,21,14735.025811
-38.4,31,14735.594954
-35.31,37,14736.237125
-33.0,51,14737.340715
36.0,30,14737.911321
32.254032,41,14738.732631
-41.11,23,14739.111915
-35.85,26,14739.621524
-42.0,29,14740.171561
-38.27,22,14740.582208
-36.98,67,14742.045235
39.0,29,14742.709594
-41.53,23,14743.17553
-32.84,29,14746.205162
-32.6,32,14746.768728
38.241158,30,14747.268948
41.264259,27,14747.768808
-42.0,22,14748.190509
47.708333,17,14748.698897
-41.41,27,14749.290631
-41.25,31,14749.954433
-44.3,15,14750.304728
-42.0,25,14750.83906
-35.15,42,14751.64567
-41.91,29,14752.185521
37.648984,24,14752.643102
-35.86,27,14753.258195
33.0,32,14753.894652
37.82054,40,14754.696777
-38.25,35,14755.390746
-36.0,33,14756.03471
-38.91,28,14758.805367
33.0,29,14759.335317
37.716455,33,14759.984479
42.0,21,14760.623554
40.632144,28,14761.386025
38.577419,28,14762.016595
-38.88,48,14763.007063
37.355556,27,14763.524825
42.0,19,14763.887115
35.659091,29,14764.446639
-36.0,23,14764.85642
41.671233,24,14765.334282
-32.6,29,14765.954945
-41.0,24,14766.479315
-35.67,29,14767.137481
-35.9,37,14767.903928
-41.2,22,14768.379399
-33.0,38,14769.174818
47.137195,21,14771.71067
-32.73,29,14772.221362
45.0,16,14772.532247
-38.26,31,14773.138114
-44.51,30,14773.738196
41.225352,29,14774.575535
38.387833,27,14775.084523
-38.91,27,14775.532717
37.342746,32,14776.075247
-38.42,37,14776.725078
42.897787,24,14777.174772
45.0,18,14777.469767
-44.33,27,14777.966039
38.175824,23,14778.456759
-35.53,29,14779.052591
38.876364,34,14779.720483
36.0,29,14780.374214
41.631944,21,14780.829665
-38.88,43,14781.680484
-41.24,29,14784.390945
-35.56,33,14785.078182
-35.3,35,14785.763198
43.624444,17,14786.048163
38.113497,31,14786.836717
48.0,19,14787.202226
-38.85,27,14787.658657
-39.0,28,14788.167316
38.310345,25,14788.614367
35.264192,99,14790.55817
-36.0,40,14791.367275
38.093496,27,14791.933301
-38.92,27,14792.516297
-35.03,39,14793.261876
44.579861,28,14793.863396
47.869436,25,14797.143658
-40.53,43,14797.940491
45.0,16,14798.268454
32.5,36,14798.901098
-45.54,25,14799.317354
-44.95,20,14799.658297
38.821293,30,14800.474939
38.390728,23,14800.995811
36.0,41,14801.811066
47.386179,15,14802.109699
35.378472,24,14802.609771
41.902985,30,14803.248877
-35.13,29,14803.818156
38.457792,33,14804.518171
-37.28,27,14805.079639
-39.0,34,14805.783041
-34.8,41,14806.571884
-44.42,21,14806.999526
35.018519,46,14809.823668
35.285256,35,14810.528571
-42.0,25,14810.966211
-35.5,23,14811.366741
-35.78,37,14812.04112
32.140684,36,14812.817865
-37.59,31,14813.685203
39.0,33,14814.45873
-41.68,25,14815.047612
-31.62,29,14815.671705
-37.74,37,14817.074304
-35.0,34,14818.171027
-34.09,29,14818.751813
39.0,31,14819.331366
-33.0,31,14819.936331
-37.6,21,14820.323325
40.238954,34,14823.199398
-35.09,31,14823.784193
32.731618,42,14824.647948
-40.55,38,14825.448532
-32.49,39,14826.419671
-34.76,40,14827.258915
-40.53,19,14827.669127
33.877721,41,14828.417682
-44.48,24,14828.901911
-41.31,19,14829.278143
35.552817,23,14829.687173
33.0,33,14831.051115
-32.04,41,14831.857821
-38.34,24,14832.344038
-36.0,52,14833.509383
-33.0,40,14836.278016
-42.0,29,14836.752663
-35.21,29,14837.173997
37.348929,35,14837.834777
-35.32,33,14838.433879
-32.19,29,14839.219689
-39.0,37,14839.936793
39.0,33,14840.638301
40.384024,30,14841.242378
44.248201,26,14841.810435
-38.39,40,14842.628453
36.0,28,14843.211188
47.543307,18,14843.567888
44.452442,23,14844.081609
43.487617,30,14844.684021
-41.85,29,14845.205462
-38.96,35,14845.801915
-38.64,24,14848.229984
33.0,41,14848.955679
-38.76,48,14849.879674
-35.34,27,14850.443688
-38.87,25,14851.003558
-38.48,29,14851.800747
41.25283,29,14852.433046
-37.48,44,14853.327307
38.331999,30,14853.959501
32.03125,37,14854.756429
38.772894,28,14855.371845
41.116715,28,14855.932471
-41.94,46,14856.796717
-32.53,33,14857.365584
41.094463,30,14857.872432
36.0,37,14860.514255
-38.14,24,14860.953694
-38.38,34,14861.672127
-38.44,33,14862.375463
40.886861,30,14862.971259
40.70799,28,14863.55198
35.952703,53,14864.931722
32.032951,49,14865.913425
41.610714,20,14866.336847
-32.71,55,14867.353129
46.451708,29,14867.977696
41.057778,22,14868.377206
-47.05,30,14868.928865
-37.01,41,14869.598345
-40.39,23,14870.020937
35.876364,24,14870.483509
-32.74,28,14873.130383
-41.28,32,14873.833355
34.70817,29,14874.436294
-47.32,28,14875.068592
43.515592,24,14875.578749
40.980613,31,14876.197449
-44.74,42,14877.20411
35.16443,29,14877.773455
32.041667,47,14878.574474
-38.64,55,14879.620193
-37.12,31,14880.246035
-32.11,45,14881.076348
-41.43,24,14881.51059
32.480349,31,14882.320325
-41.34,27,14882.951513
-44.3,29,14885.6138
44.300412,26,14886.086939
38.885932,32,14886.64997
-34.65,27,14887.174223
43.234394,25,14887.636279
37.463065,40,14888.405038
-33.83,37,14889.126233
-35.46,29,14889.711625
-38.92,35,14890.579697
-41.12,24,14891.05819
41.261682,24,14891.56275
40.785838,27,14892.175559
-41.66,23,14892.610573
-43.83,20,14892.989819
-43.6,19,14893.343776
-41.2,35,14894.000341
38.31749,36,14894.706705
41.285455,49,14897.898723
38.025362,35,14898.474177
42.0,28,14899.003689
38.877778,30,14899.623123
36.0,65,14900.934233
39.0,34,14901.606481
38.750988,23,14902.098599
44.526316,32,14903.003203
-46.44,46,14904.012434
32.681648,47,14904.917944
35.5,28,14905.418196
-37.94,33,14906.066067
-44.63,18,14906.377602
44.807432,31,14906.974549
-32.14,37,14907.680149
-35.86,27,14910.259417
-35.27,31,14910.843846
35.211382,28,14911.422145
-38.5,37,14912.186517
41.701987,23,14912.656299
-33.0,28,14913.215021
41.488372,29,14913.861378
39.0,26,14914.403761
-37.45,24,14915.021819
41.227255,25,14915.820191
39.672382,34,14916.497211
-41.66,26,14916.978555
-40.5,29,14917.495495
32.512605,28,14917.979872
-40.47,36,14918.618423
-39.0,40,14919.550856
41.358268,29,14920.124738
-38.6,35,14922.920652
40.723725,20,14923.35794
39.0,33,14923.985724
-37.78,33,14924.7496
-44.73,35,14925.406893
-41.66,24,14925.866319
38.209091,24,14926.380799
35.463679,40,14927.223264
-35.28,39,14928.04937
36.0,21,14928.624
-38.56,22,14928.994096
38.246269,36,14929.81527
41.032129,29,14930.426662
38.674699,44,14931.218338
-44.51,29,14931.863059
40.789844,21,14932.425184
32.547988,44,14933.343644
-33.0,87,14937.389428
-33.0,41,14938.303834
39.0,20,14938.735342
-34.53,38,14939.599526
-37.5,51,14940.604825
-45.0,15,14941.026162
35.513619,33,14941.769433
45.0,25,14942.282414
-32.94,34,14943.18941
-38.04,34,14943.825532
33.0,24,14944.341652
42.0,33,14945.069507
32.54878,36,14945.873599
-35.55,30,14946.47996
-35.21,34,14949.325567
-37.28,27,14949.904055
34.543619,24,14950.411169
-38.09,23,14950.871488
-34.73,37,14951.667811
44.728395,19,14952.116088
41.0,33,14952.831903
38.3125,27,14953.458087
34.952692,29,14954.021551
39.0,27,14954.60955
44.406716,26,14955.363072
-44.45,22,14955.863366
41.627329,27,14956.433788
41.443709,28,14957.020826
-40.87,23,14957.492824
-34.51,23,14957.968255
32.900641,40,14958.8613
41.569106,47,14959.836528
-42.0,29,14962.630544
41.339416,27,14963.217795
-37.61,29,14963.773896
35.306122,30,14964.139914
-39.0,22,14964.589829
-35.22,43,14965.581706
-47.5,29,14966.149038
34.788749,30,14966.846268
-37.38,42,14967.617252
-36.0,36,14968.381963
-43.9,57,14969.633456
44.974453,23,14970.40024
-37.73,31,14971.108823
32.613027,26,14971.732891
40.479578,32,14972.429411
-41.43,16,14972.789835
32.902344,31,14973.385094
-42.0,27,14976.224004
-47.15,24,14976.771076
48.0,24,14977.261405
37.751506,32,14977.986765
-41.72,33,14978.764504
35.269939,36,14979.508985
-44.5,23,14979.987309
44.418719,22,14980.384423
-35.54,31,14981.031451
-34.83,27,14981.573925
38.794702,29,14982.184138
-39.78,30,14982.806781
35.122186,26,14983.620532
-32.35,32,14984.334908
32.148438,46,14985.324441
32.467577,37,14986.053506
32.535565,40,14989.23864
-44.49,23,14989.764298
35.433566,27,14990.35198
33.0,33,14991.017182
-38.03,34,14991.763313
41.066494,26,14992.27836
41.901235,27,14992.882133
32.902834,45,14993.782975
-42.0,29,14994.364737
-44.15,14,14994.670865
38.49023,28,14995.15414
-36.0,35,14995.902576
35.758278,28,14996.852652
39.0,24,14997.409818
-38.67,41,14998.288865
-44.78,21,14998.686501
38.901887,40,14999.491136
35.992126,49,15002.922999
-36.0,30,15003.543375
36.0,18,15003.896327
39.0,34,15004.585952
-40.81,38,15005.497281
41.467147,40,15006.337677
-44.54,26,15006.837575
34.785498,30,15007.42789
-39.0,27,15007.962786
35.718367,30,15008.577374
40.504487,34,15009.353657
-41.37,32,15010.034389
35.043919,30,15010.861687
-41.59,23,15011.357841
35.641912,38,15012.13288
32.106132,34,15012.834091
34.962842,31,15015.689225
-35.25,31,15016.378449
40.666667,40,15017.264113
34.825435,46,15018.267642
-43.55,42,15019.054448
41.027618,31,15019.628294
38.11254,32,15020.309404
34.948485,31,15020.86793
38.077845,29,15021.516997
-38.09,25,15022.093726
-33.0,27,15022.907061
-44.53,31,15023.508586
-41.45,31,15024.117096
37.824928,32,15024.746139
-38.3,23,15025.147163
-44.57,26,15025.651695
-32.93,35,15028.603209
38.668065,36,15029.287109
-35.07,32,15030.0242
41.667832,25,15030.49009
-37.62,63,15032.031937
-38.73,31,15032.574091
41.102113,34,15033.18969
-42.0,22,15033.59005
38.550117,26,15034.328884
36.0,30,15034.926499
37.832836,30,15035.578528
-32.03,29,15036.129755
35.582707,50,15037.304285
-41.45,20,15037.740656
32.588028,36,15038.695353
35.61298,44,15039.674265
-34.85,42,15043.089291
40.992761,47,15044.091568
44.58922,23,15044.498265
-38.38,35,15045.153307
38.5,55,15046.640961
-40.74,21,15047.060215
-35.27,25,15047.629519
-37.69,44,15048.559422
-35.69,28,15049.11621
-40.54,21,15049.642391
45.0,20,15050.175276
-31.99,34,15050.846165
-41.18,33,15051.572164
-38.43,26,15052.104827
35.688136,30,15052.816553
-33.0,31,15055.692646
35.322422,29,15056.301314
45.0,27,15056.865316
-41.83,20,15057.243277
-32.5,36,15057.890698
42.0,21,15058.269321
41.10303,27,15058.787293
-38.52,33,15059.471571
-41.62,26,15060.043781
35.902685,28,15060.674412
-38.16,34,15061.341566
37.503521,26,15061.834863
-37.97,34,15062.645544
-38.27,38,15063.323873
35.689516,32,15063.948999
-32.64,34,15064.616177
36.0,31,15065.397587
-32.5,31,15065.966647
-44.41,30,15068.724881
-34.34,43,15069.484525
-42.0,33,15070.073584
-38.06,22,15070.444321
32.29927,32,15071.098794
-44.12,28,15071.705723
40.493928,28,15072.25331
41.627737,24,15072.745824
-47.2,16,15073.116905
47.330798,15,15073.422637
32.240157,40,15074.158324
-37.79,29,15075.160038
-32.91,29,15075.784111
-41.88,31,15076.591881
41.120879,20,15077.069942
-30.0,35,15077.774126
-40.93,23,15078.475297
-41.09,25,15079.022781
-44.09,25,15081.816998
-45.0,18,15082.232493
36.0,30,15082.797583
32.498534,36,15083.552628
41.252788,26,15084.021245
-35.75,26,15084.567718
-35.21,39,15085.422466
-39.0,21,15085.780671
-35.75,29,15086.251752
-42.0,23,15086.713717
-47.23,21,15087.186662
35.205761,33,15087.835758
32.323308,42,15088.59795
32.902985,30,15089.431966
41.058824,22,15089.835428
-36.0,25,15090.291759
-41.93,25,15090.903002
44.448529,21,15091.286614
37.501025,27,15091.89351
46.958849,15,15094.122712
-44.92,23,15094.581574
-38.26,30,15095.289881
-41.14,24,15095.83649
-38.5,34,15096.515259
-41.3,29,15097.062461
35.704545,29,15097.591805
-36.0,26,15098.051768
-33.0,31,15098.627285
32.394366,48,15099.593331
44.493887,17,15099.937245
32.647687,41,15100.734607
34.778799,28,15101.310742
-42.82,29,15101.887002
-38.57,25,15102.628204
42.0,18,15102.902046
-32.41,26,15103.227638
32.428571,35,15103.921631
-32.35,67,15107.471949
38.079422,42,15108.363388
-36.0,34,15109.022065
32.113821,34,15109.701174
-32.33,26,15110.143885
-32.01,56,15111.222607
-41.02,23,15111.70319
41.888283,26,15112.297338
38.448,27,15112.879446
-32.55,46,15113.850328
39.805294,26,15114.383647
-35.63,33,15115.07539
41.056936,36,15115.778573
-36.0,25,15116.349238
-32.62,53,15119.707332
40.88403,45,15120.515744
-34.38,36,15121.218497
35.043919,29,15121.778005
-42.0,24,15122.17667
-34.94,41,15122.897324
-35.67,57,15124.049775
-41.71,19,15124.410181
36.0,35,15125.233116
-40.53,26,15125.76723
38.112727,30,15126.397357
45.0,86,15128.673393
43.356364,32,15129.433094
36.0,28,15132.04852
38.724936,26,15132.487132
-44.1,21,15132.908473
-35.59,26,15133.386985
32.560185,31,15133.967611
-38.93,25,15134.43587
-35.88,34,15135.123966
-38.54,28,15135.742902
-37.85,29,15136.352607
-36.0,33,15136.992042
32.080292,43,15137.772358
-41.78,49,15138.803636
-34.28,36,15139.505902
47.947761,40,15140.316891
-41.7,27,15140.803288
-41.72,21,15141.232344
-36.0,25,15141.701403
39.0,28,15144.30547
40.729457,26,15145.179622
-42.0,34,15145.842479
32.191336,43,15146.615331
-41.62,44,15147.40025
-35.17,22,15147.871545
43.276167,20,15148.505979
41.785978,24,15149.491708
37.396738,30,15150.049567
38.726708,33,15150.741123
-38.16,26,15151.233283
-46.34,34,15151.896264
-32.67,39,15152.616778
32.016949,29,15153.230499
-42.0,26,15153.756066
-42.0,24,15154.473346
-40.5,25,15154.978993
-41.94,25,15157.98639
-47.79,22,15158.391786
35.805447,25,15158.84828
32.579151,32,15159.415684
-32.87,60,15161.295447
43.143473,32,15161.919026
42.0,26,15162.416258
45.0,30,15163.004476
-39.0,27,15163.520269
-35.35,31,15164.150777
43.462279,64,15165.394755
-38.65,40,15166.212226
38.285106,27,15166.70888
36.0,26,15167.357786
41.265185,49,15168.227757
-38.53,34,15171.152952
-32.1,28,15171.746944
37.657522,32,15172.532119
-44.47,35,15173.234074
-44.49,25,15173.719543
-34.76,41,15174.531951
41.5,24,15175.050056
-43.16,26,15175.60286
37.751381,32,15176.299043
-35.71,28,15176.889922
31.990566,29,15177.497147
-35.5,35,15178.185894
-45.0,19,15178.614856
41.902878,24,15179.098299
38.034483,21,15179.516243
-41.22,26,15180.016517
-41.21,26,15180.478321
32.566038,40,15183.45593
-43.52,30,15184.063857
-37.84,24,15184.511627
-44.05,28,15185.055766
-38.32,28,15185.607693
41.835249,36,15186.346382
-32.26,37,15187.099138
-44.95,41,15187.926285
-32.39,51,15188.921888
37.978276,31,15189.623299
-42.0,38,15190.387637
42.0,30,15190.977873
32.352113,35,15191.603867
-44.42,29,15192.126388
-32.09,41,15192.871804
35.359184,32,15195.594631
33.0,35,15196.509046
38.80597,27,15197.109807
-41.69,26,15197.72633
-40.13,31,15198.342734
47.023179,21,15198.781897
-44.14,21,15199.178628
35.877778,64,15200.472265
-40.89,20,15200.891804
-35.7,48,15201.856857
-41.2,32,15202.465896
32.290909,32,15203.119639
34.074299,33,15203.713395
-35.06,31,15204.270633
33.0,32,15204.817962
41.579125,28,15205.35282
32.414449,38,15208.445177
-32.1,32,15209.105862
-39.0,27,15209.701118
-35.19,26,15210.247633
-32.22,36,15210.968701
-43.27,28,15211.472449
-44.37,26,15212.002889
46.174047,30,15212.61114
-32.93,24,15213.018469
-38.57,35,15213.665641
-38.67,34,15214.341184
38.372881,33,15215.010495
43.82905,20,15215.391703
35.533582,34,15215.997614
-35.91,29,15216.538907
-38.65,25,15217.008652
41.307435,29,15217.562656
42.886148,32,15218.172699
47.511551,18,15220.704844
-35.21,34,15221.372339
-47.09,24,15221.839736
39.0,25,15222.523989
41.562044,25,15223.057087
37.638427,43,15223.898204
-47.3,28,15224.464203
38.607273,30,15225.053404
-33.0,32,15225.698631
-35.83,32,15226.403641
-33.0,30,15226.991568
-40.99,26,15227.496774
-41.37,21,15227.924981
-35.04,33,15228.555501
-41.08,31,15229.09486
32.405622,38,15230.568034
-47.32,19,15230.930088
-31.77,33,15233.862249
-38.53,23,15234.325878
-46.65,23,15234.786385
35.788274,47,15235.753358
39.474895,58,15236.927603
41.215769,29,15237.519976
-35.29,35,15238.244596
38.437262,20,15238.67919
42.0,33,15239.312132
45.0,21,15239.677918
-39.0,23,15240.090447
37.781462,29,15240.600451
38.463576,27,15241.084089
-41.43,23,15241.483105
-44.25,47,15242.730087
-35.24,32,15243.476777
-41.01,16,15243.794044
-38.1,22,15246.394112
-38.89,40,15247.200964
-48.0,21,15247.650122
38.40625,29,15248.199665
41.056391,27,15248.993955
-38.6,48,15250.024849
-40.88,31,15250.690591
-35.14,39,15251.44464
44.282051,22,15251.817145
-42.0,26,15252.314411
32.029412,58,15253.326254
-35.84,31,15253.870453
-32.63,32,15254.447277
-44.59,24,15254.874072
-38.12,26,15255.42659
-35.1,27,15256.015843
-32.84,38,15259.148535
-41.5,31,15259.658048
-38.62,32,15260.059739
38.939394,27,15260.600671
38.656604,30,15261.163758
-42.0,20,15261.549181
-32.07,38,15262.294707
-40.92,38,15263.032483
38.859155,23,15263.487335
40.884049,21,15263.894729
-41.94,42,15264.616516
46.866177,21,15264.987782
-44.38,40,15265.625548
41.365564,24,15266.039153
36.0,40,15266.744021
40.615132,25,15267.233974
39.0,24,15267.741996
32.393316,28,15270.409095
-40.66,20,15270.775018
35.212702,33,15271.402692
40.757172,19,15271.814543
-32.3,31,15272.440533
32.146341,35,15273.083915
35.877256,38,15273.871393
-37.31,34,15274.552497
39.998657,31,15275.380619
-44.27,19,15275.758406
44.748031,23,15276.223949
-32.67,35,15276.855617
-41.41,31,15277.396842
-47.26,27,15277.862956
-41.36,31,15278.381802
46.810324,24,15278.791083
44.408935,32,15279.511277
44.838828,23,15280.033865
40.609363,38,15282.85682
38.364964,28,15283.365677
-38.38,23,15283.917151
44.231034,27,15284.55775
-32.2,36,15285.218919
-35.13,35,15285.902835
-35.05,41,15286.734218
-44.84,20,15287.126282
41.210877,33,15287.80793
44.698424,21,15288.245656
-41.16,46,15289.093683
33.0,50,15289.95666
38.355596,32,15290.735998
-38.31,30,15291.361054
-32.84,32,15292.006051
-41.63,41,15292.785783
41.506024,33,15295.370931
41.509934,31,15295.973073
38.678445,29,15296.621567
-38.58,49,15297.696468
-32.78,29,15298.329732
-40.73,50,15299.32469
-44.73,24,15299.823613
38.445755,44,15300.948653
-32.15,48,15301.752735
-42.0,24,15302.149505
-41.07,42,15302.784433
-41.95,24,15303.279208
-45.0,22,15303.684834
-38.6,27,15304.193719
-41.18,21,15304.594012
38.262357,23,15307.209682
-38.73,24,15307.542628
41.198653,26,15307.905267
-37.11,31,15308.505091
-39.0,32,15309.12947
-47.17,33,15310.064468
-38.31,33,15310.73058
35.403382,32,15311.384867
-38.11,19,15311.732349
41.822581,22,15312.166676
32.529412,25,15312.607763
40.120979,28,15313.155675
34.64094,29,15313.779205
-44.51,20,15314.16536
-37.81,35,15314.72655
35.067164,51,15315.592331
39.0,36,15316.219673
-34.83,34,15319.190738
-37.63,31,15319.864255
-38.91,21,15320.290104
34.872008,46,15321.267667
32.225397,29,15321.826912
-38.08,33,15322.45237
34.417387,48,15323.344775
43.977083,26,15323.860564
38.582492,48,15324.800201
39.0,26,15325.341077
39.0,25,15325.789558
-33.0,27,15326.229651
-45.0,25,15326.643692
-34.45,36,15327.286542
43.694892,34,15327.904594
-37.45,28,15328.606355
38.705357,22,15329.074664
32.938017,45,15332.279885
38.804688,22,15332.728881
-35.11,34,15333.358431
42.0,22,15333.804141
-35.77,40,15334.605911
-41.02,22,15335.033391
-38.73,23,15335.655266
44.465116,26,15336.272189
-35.49,36,15337.021073
43.690114,25,15337.602736
-38.39,25,15338.081179
43.730241,24,15338.586443
38.028874,26,15339.075679
-32.16,31,15339.613537
32.254967,43,15340.526773
41.18328,29,15341.123373
-34.18,27,15341.661095
38.742373,27,15344.311532
-35.68,34,15344.937725
47.197674,22,15345.373667
-41.33,43,15346.203347
37.691687,29,15346.747067
-41.17,25,15347.272853
41.25431,25,15347.787734
33.0,38,15348.581959
-41.54,38,15349.331353
-38.91,37,15350.054877
-35.6,28,15350.564803
44.058782,45,15351.425649
40.632613,28,15351.927958
38.877612,29,15352.470259
35.095451,46,15353.354168
32.311897,36,15356.396361
-44.49,16,15356.71957
-40.73,25,15357.212992
-41.52,24,15357.628413
-37.77,23,15358.120298
-40.46,30,15358.75258
42.0,27,15359.293603
-30.0,39,15360.143009
38.569038,28,15360.721214
-32.19,39,15361.756325
46.54451,19,15362.113562
41.068562,20,15362.527772
-38.46,26,15362.998046
41.709302,50,15363.878361
34.484693,34,15364.510894
32.133803,33,15365.191962
37.457631,30,15365.79069
32.275472,33,15366.439479
33.0,33,15369.314752
34.634132,40,15370.187134
-46.49,22,15370.634775
-32.9,30,15371.20964
38.698246,31,15371.787321
38.934498,29,15372.369683
-38.11,26,15373.329278
42.0,24,15373.790052
37.936464,108,15375.565744
-40.7,23,15375.971605
33.0,36,15376.613523
45.0,26,15377.094112
-32.03,32,15377.771548
35.876364,31,15378.374563
-34.89,28,15378.979716
36.507451,36,15382.060757
-41.78,46,15382.945548
33.0,35,15383.621124
-35.83,29,15384.358901
35.090909,50,15385.448815
-41.76,23,15385.908166
-38.81,26,15386.422773
-36.0,31,15386.975215
-42.75,32,15387.557343
-47.47,20,15387.936773
44.467593,43,15388.836586
32.165109,26,15389.517493
38.767442,29,15390.093233
-37.58,29,15390.649695
-35.11,43,15391.554323
36.0,31,15394.243294
-44.12,29,15394.783354
42.867919,45,15395.65386
32.288973,41,15396.459027
34.43512,35,15397.126085
-35.55,27,15397.737273
-37.96,52,15398.737091
-46.39,55,15399.784722
-32.12,34,15400.38171
41.293103,33,15401.018862
41.393189,82,15402.729659
-36.0,31,15403.340682
38.072124,59,15406.761377
35.209175,37,15407.507052
41.260377,32,15408.185608
-36.0,42,15409.03222
35.09434,29,15409.669426
32.828794,38,15410.434545
-32.72,31,15410.996312
-40.57,22,15411.391161
36.0,41,15412.12287
35.746032,27,15412.600459
38.508143,23,15413.06285
-42.0,36,15413.808874
38.412214,36,15414.649715
42.0,25,15415.139564
-44.81,18,15415.528323
33.0,60,15419.151247
39.0,42,15419.999681
42.0,27,15420.653888
-36.24,32,15421.418961
-36.0,22,15421.942645
38.157692,28,15422.582901
36.0,26,15423.19277
-40.19,30,15423.776903
41.560403,23,15424.17408
-33.0,45,15424.996323
-40.63,30,15425.53629
-43.4,23,15425.94111
-40.6,23,15426.388813
38.882812,33,15427.032649
-32.31,40,15427.903766
-39.35,31,15428.689041
-44.48,26,15429.345151
41.55642,26,15429.952208
35.900322,31,15433.066148
-35.95,32,15434.026569
-38.49,51,15435.038531
-38.32,29,15435.750762
-38.67,26,15436.309452
-35.72,50,15437.283368
44.496269,23,15437.675987
-38.62,25,15438.041886
-41.5,24,15438.437659
41.285714,26,15438.877489
-35.09,39,15439.493323
-41.11,26,15439.973348
36.0,38,15441.061563
-40.53,31,15441.667474
37.538321,39,15442.616772
34.055451,38,15445.40943
-39.65,26,15445.905061
36.0,33,15446.464481
-32.25,44,15447.605661
32.664596,42,15448.674434
-33.0,29,15449.348832
38.939394,45,15450.190957
37.946548,27,15450.717183
38.5,26,15451.24285
-41.59,25,15451.780077
-35.37,54,15452.962787
40.35417,44,15453.868118
-32.49,35,15454.616785
-38.18,32,15455.288121
-39.0,30,15455.985298
44.725,22,15459.076669
37.30615,27,15459.824132
-32.66,34,15460.562392
-34.88,34,15461.520012
40.354223,40,15462.417872
-38.11,22,15462.919566
41.608856,31,15463.499723
-36.0,31,15464.094228
35.996479,33,15464.66408
-47.73,14,15464.940942
35.456592,30,15465.587823
-35.89,41,15466.519134
-37.66,36,15467.286612
32.398268,38,15468.109827
-34.74,33,15468.835644
32.112628,31,15469.477675
-33.0,33,15472.644015
-36.89,26,15473.296051
35.323308,35,15474.127909
33.0,37,15474.926564
38.078488,25,15475.500474
40.478916,32,15476.202439
47.420579,28,15476.743363
-33.0,32,15477.339579
44.396364,22,15477.739365
-35.85,28,15478.273664
39.879124,29,15478.946754
-38.32,32,15479.636022
38.057692,32,15480.51539
-33.0,24,15481.056017
-43.74,29,15481.677388
-39.0,30,15482.381152
37.923979,54,15483.520466
34.433625,37,15486.631432
41.5,29,15487.178586
-35.75,28,15487.764422
42.0,22,15488.256371
-33.0,37,15488.989788
36.0,30,15489.891416
-35.47,25,15490.352998
33.0,37,15491.040136
39.0,22,15491.465371
-44.5,39,15492.199671
-44.71,20,15492.586362
-42.0,24,15493.044413
42.0,22,15493.470415
-40.85,31,15494.10778
40.981203,26,15494.602129
41.4,24,15495.057483
-35.18,31,15495.665062
44.0,29,15496.404601
-35.33,30,15499.071027
-36.0,27,15499.649651
41.136713,29,15500.200773
-41.55,22,15500.618863
38.675862,28,15501.243038
-42.7,43,15501.961953
32.606299,37,15502.559753
-35.43,31,15503.076819
42.0,29,15503.565092
-44.11,23,15503.999803
-38.43,35,15504.714181
-38.58,32,15505.378973
44.896552,22,15505.829419
41.45766,31,15506.451924
35.125475,31,15507.164631
-36.0,28,15507.726095
-33.89,49,15510.845372
-32.12,46,15511.766898
-35.2,38,15512.508567
-39.99,33,15513.095875
41.92437,23,15513.52084
38.608696,19,15513.847003
35.425993,28,15514.351355
-35.12,28,15514.81897
36.0,31,15515.358153
-35.03,30,15515.960891
32.214286,32,15516.793438
-35.76,26,15517.324591
38.428058,25,15517.810897
34.765018,34,15518.471682
-45.0,17,15518.83445
-41.61,40,15519.634807
44.030508,20,15520.095054
35.55814,39,15523.747644
-44.41,15,15524.018832
36.0,24,15524.553953
-38.2,27,15525.048952
-32.5,29,15525.559258
38.22179,24,15526.004959
39.0,30,15526.57289
-39.0,29,15527.113003
40.534131,32,15527.70367
32.722222,46,15528.680782
-37.54,25,15529.174763
36.0,74,15530.683781
-35.08,40,15531.470052
41.037634,29,15532.37265
44.33871,47,15533.291167
-41.09,29,15533.891567
-41.9,28,15536.619705
-44.56,23,15537.069597
-41.17,22,15537.482056
-44.45,24,15537.860034
-35.43,33,15538.446591
38.301471,52,15539.372496
35.108438,31,15539.998133
-39.0,23,15540.455896
-43.24,29,15541.049907
-38.38,55,15542.160949
38.751656,25,15542.737751
39.0,35,15543.852552
-35.96,59,15545.099545
-43.91,58,15546.310623
-37.94,33,15549.293481
40.661765,23,15549.797577
-41.25,28,15550.27523
42.0,21,15550.653277
32.514925,32,15551.321524
-38.26,26,15551.789251
-44.37,15,15552.066342
35.095436,23,15552.654923
41.425856,23,15553.220544
-41.48,25,15553.839165
-35.77,22,15554.389345
37.852697,25,15554.984133
34.851194,32,15555.807071
-41.76,23,15556.30174
35.162264,32,15557.065249
-35.02,30,15557.708489
-41.64,26,15558.301948
39.0,22,15558.80512
39.0,33,15559.644114
-34.41,41,15562.84379
32.897338,44,15563.758112
38.798762,25,15564.26233
37.553957,36,15564.905856
42.0,25,15565.335262
-41.54,23,15565.786253
43.261079,18,15566.197848
38.753555,27,15566.767621
-44.61,24,15567.323151
-38.08,36,15568.125051
32.737762,43,15569.226934
-35.61,28,15569.849616
32.533088,38,15570.697114
-46.7,15,15571.251055
-41.17,26,15571.831119
-36.0,22,15572.369341
-38.55,26,15572.97856
38.509259,45,15573.924157
-41.98,36,15577.189004
-43.18,26,15577.616392
38.082759,34,15578.267677
34.709407,85,15580.3602
-41.57,23,15580.889498
44.416342,27,15581.5001
37.84355,34,15582.257004
40.730128,25,15582.734138
38.469799,24,15583.241452
35.057034,33,15583.991267
-31.71,39,15584.910173
-36.0,30,15585.624791
35.520147,28,15586.226968
-36.0,26,15586.774875
38.538732,32,15587.422157
32.341216,29,15589.960746
-43.52,20,15590.315488
35.629787,29,15590.814796
47.273198,24,15591.342675
41.820896,44,15592.214484
-39.0,31,15592.851248
36.0,26,15593.384013
41.426966,18,15593.745701
41.519417,27,15594.304292
-44.87,20,15594.732183
43.293651,26,15595.303542
41.266488,31,15595.940456
-32.45,33,15596.65268
40.769231,47,15597.59899
-39.0,27,15598.2058
-42.0,25,15598.811573
-39.0,25,15599.349558
38.323988,25,15599.884017
39.0,48,15602.888088
41.196774,23,15603.332351
-35.02,43,15604.292869
38.351351,28,15604.885868
38.892593,34,15605.793134
-38.52,22,15606.248354
-35.23,29,15606.830924
-41.55,31,15607.53453
-45.87,69,15608.930426
-46.75,24,15609.424335
-35.12,25,15609.916169
-35.51,78,15611.432136
-34.71,30,15612.157661
-32.03,41,15613.106242
44.233202,20,15615.60921
-47.49,20,15615.933411
-41.01,22,15616.294661
47.20209,41,15617.125697
36.0,31,15617.781437
37.54387,26,15618.189234
40.619799,25,15618.954637
39.0,33,15619.662499
-38.59,93,15621.590395
-41.99,43,15622.43416
-38.1,24,15622.906451
41.574074,35,15623.612125
-35.41,35,15624.283644
-41.47,22,15624.974817
-44.56,28,15625.610651
-41.22,22,15628.136556
35.318624,29,15628.609946
41.582555,23,15629.025857
-35.82,72,15630.375633
-41.42,22,15630.835189
-32.48,37,15631.584422
41.648485,25,15632.43062
-35.11,27,15633.003892
-45.0,23,15633.506638
36.0,39,15634.264555
-37.4,28,15634.794049
-41.28,31,15635.462367
-38.95,26,15636.076123
43.627856,34,15636.884155
34.673222,38,15637.749079
-35.91,20,15638.148844
45.0,21,15638.582776
-40.59,23,15641.1143
-43.61,19,15641.474557
46.985042,29,15641.967612
-35.17,48,15642.909794
-39.0,82,15644.707432
-35.41,40,15645.522199
-34.46,32,15646.224788
-41.49,37,15647.263015
-41.56,31,15647.896468
-34.64,44,15648.775492
38.177073,50,15649.783571
42.0,35,15650.454719
-35.91,30,15650.983463
38.125442,21,15651.569095
33.0,35,15654.004998
34.942711,49,15654.824043
-31.89,35,15655.533363
-41.51,29,15656.211507
35.8327,33,15656.874126
-41.78,24,15657.395177
-41.67,27,15657.898544
-38.61,30,15658.660215
-41.28,26,15659.183283
38.2,37,15660.229711
-44.07,23,15660.72717
37.551296,26,15661.260098
35.9375,24,15661.766638
-40.71,28,15662.400544
41.15995,37,15663.13508
36.0,43,15664.228114
-35.82,38,15667.11225
44.248092,33,15667.691403
41.877358,24,15668.153831
42.0,28,15668.798287
35.742373,36,15669.504731
-35.05,41,15670.414354
33.0,33,15671.089768
38.338182,47,15672.192886
37.514807,30,15672.829732
35.831373,34,15673.524104
-40.85,34,15674.159956
-40.75,28,15674.731647
41.108204,28,15675.330637
-35.05,27,15675.889893
38.512821,40,15676.814591
-41.89,25,15679.524989
-35.75,26,15679.9838
-46.92,19,15680.474957
-42.36,28,15681.321585
36.0,33,15682.717019
-41.58,35,15683.430276
38.190312,38,15684.277933
-42.0,29,15684.902172
-32.91,43,15686.018191
-37.55,35,15686.86846
-38.82,26,15687.389385
35.362637,33,15688.198807
-40.76,23,15688.825818
39.36921,23,15689.396683
-45.0,26,15690.034189
-40.61,36,15690.805131
-38.17,23,15691.323857
-40.91,28,15691.85589
43.780632,28,15694.424011
-37.92,24,15694.900697
-38.55,31,15695.590533
47.730594,29,15696.350743
-38.15,23,15696.951061
-41.12,22,15697.616596
43.894723,21,15698.08542
-40.39,26,15698.697105
38.340426,24,15699.318643
38.294118,29,15699.99014
-32.84,41,15700.911144
-39.0,39,15701.773476
-35.8,29,15702.377764
-39.54,34,15703.095541
-42.0,34,15703.812606
-35.21,31,15704.56828
-42.0,31,15705.194912
-41.15,26,15707.879905
-35.32,34,15708.725357
-35.27,32,15709.369573
-39.0,26,15709.899597
38.333333,26,15710.466363
-35.44,33,15711.252916
39.0,30,15711.899454
-44.76,21,15712.453058
-32.96,31,15713.180376
48.0,16,15713.764971
-41.81,37,15714.674757
-42.0,28,15715.223769
-34.89,32,15715.913807
-41.76,26,15716.379747
-45.0,27,15716.964338
45.0,28,15717.826587
32.606897,31,15718.409551
-38.24,39,15719.115584
-47.48,20,15721.596423
38.212014,36,15722.337966
32.060976,28,15722.946199
-41.54,33,15723.720544
-41.58,25,15724.325171
32.393701,66,15725.936926
35.40613,26,15726.492655
32.143357,40,15727.307782
-40.4,23,15727.777623
-39.0,27,15728.500302
35.401478,37,15729.237856
-41.56,32,15729.94185
35.871212,26,15730.463104
-35.52,31,15731.096589
41.805668,33,15731.728284
-34.5,31,15732.301692
-35.16,29,15735.426003
-34.89,56,15736.709587
39.0,36,15737.460084
41.007067,24,15738.156555
-32.11,47,15739.121891
43.329091,24,15739.617372
-40.64,32,15740.777702
-35.4,31,15741.443892
-44.11,20,15741.851417
-33.0,39,15742.657827
-41.58,28,15743.346562
-41.55,30,15743.905057
41.439163,38,15744.68104
-37.07,31,15745.273658
-41.04,30,15745.826699
-41.26,23,15746.271867
44.756654,25,15749.077296
32.540856,32,15749.752944
-32.82,28,15750.376576
-32.32,30,15751.005607
-38.4,25,15751.532465
38.672897,30,15752.167229
32.339394,35,15753.27358
-34.85,30,15753.948374
33.0,37,15754.766151
45.0,37,15755.733253
-34.6,31,15756.401507
-36.0,23,15756.881077
-41.3,55,15757.973989
42.0,39,15758.999789
-38.41,21,15759.444869
35.801471,31,15760.012133
38.145408,33,15762.948988
-40.94,40,15763.793014
-35.12,32,15764.342292
35.583942,26,15764.842155
42.0,28,15765.487999
35.88785,39,15766.295547
44.731884,22,15766.725422
37.800796,45,15767.753155
44.791798,20,15768.328489
-44.93,22,15768.839991
-41.23,19,15769.296526
-35.87,33,15769.87657
-35.22,29,15770.39526
41.22069,21,15770.914715
40.516077,18,15771.264109
32.953237,35,15772.013856
-47.45,17,15772.387986
-32.63,32,15773.006304
-40.72,36,15775.868085
-41.53,21,15776.298051
-32.5,30,15776.974601
-44.12,21,15777.428118
38.389558,27,15778.040045
41.2,24,15778.565088
43.844092,37,15779.373379
39.0,28,15780.159119
41.043956,24,15780.803736
41.654472,24,15781.431486
44.785714,25,15781.806083
35.406844,36,15782.497682
-41.2,30,15783.050509
-41.8,41,15783.810502
-41.42,34,15784.452601
32.140845,53,15785.613505
31.798561,33,15788.373384
-40.72,31,15789.083247
-36.0,27,15789.640867
38.456929,39,15790.472239
-44.81,33,15791.184832
-45.0,44,15792.048975
41.311897,25,15792.5742
33.0,62,15793.953142
-37.96,30,15794.541142
-44.53,21,15794.930764
-43.87,21,15795.334907
-35.03,34,15796.237431
-44.16,22,15796.677448
-43.2,24,15797.199106
35.725564,25,15797.786078
-32.96,45,15798.652879
-47.9,34,15801.727728
32.502008,29,15802.348078
41.651724,33,15803.101421
-32.86,33,15803.923297
32.733333,55,15805.135856
-38.53,27,15805.801406
38.476744,24,15806.357013
39.781866,51,15807.75585
36.0,29,15808.324462
-43.35,33,15809.231865
-35.03,25,15809.729514
-38.21,26,15810.391527
38.397163,23,15810.920216
-46.81,28,15811.485067
-41.9,28,15812.018184
-41.43,21,15812.466063
-38.85,21,15812.944068
-44.32,30,15815.664505
-32.12,37,15816.481866
-35.62,41,15817.468973
40.50508,24,15818.010171
-43.77,21,15818.502598
-40.03,72,15820.031898
-39.0,35,15820.678795
-47.55,21,15821.129467
41.69697,55,15822.223233
-38.76,30,15823.044653
41.062963,24,15823.782683
44.674419,23,15824.259545
30.0,40,15825.088695
-40.79,29,15825.602154
-41.3,40,15826.370941
-38.61,23,15829.027951
38.754768,24,15829.556156
-41.46,31,15830.200447
-44.12,16,15830.509402
41.30038,30,15831.3806
-46.73,39,15832.231969
38.219802,34,15832.946372
35.835294,29,15833.560326
-38.3,36,15834.254514
-43.75,41,15835.091952
-44.74,23,15835.582575
-46.36,29,15836.453867
44.224138,19,15836.848195
-32.55,30,15837.549345
-35.38,28,15838.067317
43.93207,23,15838.485259
32.312977,30,15839.090432
35.245734,35,15842.090939
38.238636,30,15842.790366
38.704433,19,15843.21653
-44.34,32,15843.853071
-41.32,37,15844.648423
36.0,41,15845.507454
38.68559,28,15846.079827
35.831502,29,15846.633508
-43.67,19,15846.968843
38.613497,34,15847.736926
-44.18,19,15848.17626
-32.12,32,15848.867778
-41.84,37,15849.938149
-38.36,22,15850.448326
-32.5,38,15851.219953
-35.83,32,15851.795084
-38.78,27,15852.310439
-39.0,22,15852.736486
-37.67,34,15855.572328
-38.19,26,15856.065479
-40.95,23,15856.560194
44.541818,21,15857.01119
41.318182,24,15857.588
38.575393,31,15858.155916
32.178723,32,15858.723514
-38.92,32,15859.329059
-41.81,24,15859.824018
38.569536,27,15860.379921
32.021008,48,15861.462257
-34.66,32,15862.13227
34.632051,37,15863.04069
-38.16,35,15863.748697
41.486301,27,15864.241657
-42.0,24,15864.702297
-41.24,34,15865.375406
44.72007,55,15868.822606
-32.9,26,15869.514754
41.308017,31,15870.166712
48.0,20,15870.593806
-41.56,23,15871.007149
41.95057,21,15871.477505
-34.78,38,15872.589115
40.580139,28,15873.280637
37.062202,50,15874.44084
-39.0,23,15875.311977
-41.9,21,15875.781011
35.651429,36,15876.70565
37.617342,34,15877.371092
-35.34,34,15878.08951
-41.5,53,15879.240441
41.786667,28,15879.852822
39.0,23,15882.719498
38.37963,29,15883.380333
-44.11,36,15884.208761
38.599303,24,15884.654369
-41.28,42,15885.457848
35.203754,35,15886.158595
-36.0,39,15887.207652
35.130081,33,15888.056396
-41.25,22,15888.525904
41.143939,27,15889.135422
41.875389,36,15890.017779
-44.84,27,15890.524533
-40.68,23,15890.971301
-41.68,23,15891.402509
-38.86,27,15891.912106
-35.03,46,15893.040594
-32.81,41,15896.035046
-36.0,27,15896.498401
-44.9,20,15896.881981
32.390947,34,15897.5602
32.664179,29,15898.155226
32.662791,34,15898.953208
-32.6,32,15899.632605
30.0,34,15900.296151
-44.63,25,15900.799204
-47.17,28,15901.386238
38.066943,25,15901.882145
-39.0,32,15902.590479
-37.51,29,15903.310765
46.237643,20,15903.655941
38.279279,30,15904.431152
-47.79,48,15905.397279
35.635628,35,15906.155688
-43.16,39,15909.221319
38.890566,56,15910.270883
40.652395,22,15910.709435
41.671756,25,15911.234888
-39.91,30,15911.915365
37.454657,34,15912.505925
-32.59,28,15913.620662
46.167621,63,15914.829173
35.891089,29,15915.414241
-39.0,32,15916.00166
41.166869,26,15916.462071
38.506897,23,15916.913037
-41.38,34,15917.60632
-38.18,36,15918.38827
36.0,28,15919.151593
35.145455,39,15922.170467
-41.61,24,15922.609453
-41.61,58,15923.655432
-41.97,25,15924.115237
-35.84,32,15924.827845
35.902724,33,15925.696152
-38.27,27,15926.353925
-35.51,42,15927.285365
41.280632,19,15927.670275
41.170209,36,15928.374694
-44.11,30,15928.980677
-37.76,38,15930.027252
35.419929,27,15930.929095
-38.31,30,15931.675977
-36.0,28,15932.414554
35.767361,60,15936.110634
-35.02,28,15936.633961
-41.45,25,15937.097625
-34.69,26,15937.619554
-38.68,17,15937.975183
35.09375,26,15938.49406
41.295053,28,15939.145093
-35.71,46,15940.152404
35.95189,31,15940.709564
-38.4,33,15941.326894
-38.72,32,15941.999442
-41.29,31,15942.85581
-35.32,29,15943.463321
-38.41,29,15944.084316
41.445161,27,15944.637868
35.590909,25,15946.280796
44.935018,34,15947.209183
37.454569,27,15947.813176
-42.0,19,15951.034453
-45.0,19,15951.356681
47.111498,22,15951.815077
-44.71,25,15952.32869
38.060897,29,15952.89144
37.417122,31,15953.462906
-35.05,26,15954.007792
-44.36,16,15954.348045
32.360248,30,15954.984471
35.381609,31,15955.660053
35.192308,28,15956.215598
-39.0,30,15956.805022
41.066087,28,15957.443703
-32.27,30,15958.225287
38.722491,36,15958.993003
-34.23,31,15959.630694
-35.61,36,15960.386362
-32.18,37,15961.111469
47.481268,22,15964.118364
-39.0,25,15964.588882
-32.36,36,15965.226728
41.349442,24,15965.66072
33.0,65,15966.858491
44.058566,25,15967.390675
35.596154,26,15967.931919
40.599723,25,15968.415552
-37.86,25,15968.970091
-41.25,28,15969.546828
-36.0,24,15970.1063
-37.86,27,15970.725965
36.0,26,15971.286788
-44.12,24,15971.721178
-44.46,22,15972.16264
-42.0,18,15972.573084
38.670683,30,15973.498731
-47.24,18,15973.923542
-38.28,44,15977.157833
-32.46,100,15979.069437
-32.66,40,15980.078762
-41.0,90,15982.15627
41.404669,24,15982.744585
35.306202,28,15983.369693
-44.35,29,15984.050353
41.665563,22,15984.626282
36.0,27,15985.531093
38.423948,27,15986.188718
38.409253,35,15987.001075
44.401707,19,15987.388782
-41.1,35,15988.053269
39.0,24,15988.538583
-41.08,24,15991.611908
-41.66,18,15991.894831
41.448669,23,15992.264741
-32.72,50,15993.150481
-32.16,36,15993.78875
-43.61,25,15994.236975
-32.28,36,15995.13271
44.565385,28,15995.644892
38.893162,31,15996.20959
-38.55,20,15996.58917
-38.33,41,15997.394011
-33.0,39,15998.115036
41.130814,22,15998.572471
-37.9,37,15999.227457
-35.61,36,16000.055223
-41.48,22,16000.48121
41.703704,33,16002.892087
36.0,29,16003.370067
35.128302,26,16003.913659
39.0,28,16004.399423
-33.0,31,16005.017776
38.738897,31,16005.549995
-38.58,23,16005.973997
32.161572,24,16006.424042
-35.94,38,16007.437701
-40.88,31,16008.015647
-36.0,31,16008.577694
-35.23,28,16009.244314
-35.86,36,16009.976215
-38.29,33,16011.504267
-37.27,37,16012.11182
-32.49,37,16012.843699
-41.37,56,16015.677307
-37.7,32,16016.201596
-38.42,27,16016.714122
39.926492,47,16017.532081
-31.59,31,16018.068904
-38.84,29,16018.569975
-35.92,32,16019.188444
-35.7,36,16019.85639
-34.72,35,16020.488931
-40.65,28,16020.990779
43.615757,27,16021.532621
32.5,44,16022.789498
44.63197,22,16023.157991
40.325766,26,16023.558506
-42.0,18,16023.855214
-45.1,46,16024.604422
-41.56,26,16027.09018
32.457565,42,16027.810122
35.86121,21,16028.210524
41.429688,21,16028.593563
-38.84,26,16029.06333
38.37931,25,16029.500918
34.601147,56,16030.482515
-35.77,34,16031.080622
32.487273,31,16031.621471
-41.02,23,16032.015605
43.154493,37,16032.888895
-44.99,29,16033.406284
41.503676,24,16033.828238
-38.36,49,16034.656822
41.715827,38,16035.207195
40.751553,22,16035.544588
35.444828,36,16038.072374
-39.93,44,16038.818177
-39.0,43,16039.603528
41.077519,22,16040.000308
-37.91,126,16042.366955
-39.0,25,16042.81825
-32.74,28,16043.314359
-41.48,20,16043.895066
32.611111,30,16044.399187
-43.8,43,16045.216026
-33.0,37,16045.865952
40.726785,22,16046.372666
41.824786,22,16046.883071
-38.56,23,16047.296715
41.686508,23,16049.609773
-38.2,26,16050.044084
35.773585,25,16050.484661
-43.75,21,16050.866541
35.84273,49,16051.736814
-44.35,22,16052.117135
40.780612,24,16052.515411
-45.71,19,16052.908604
35.117964,32,16053.511788
-43.96,30,16054.073188
44.215094,40,16054.763086
37.508479,35,16055.360863
41.961538,35,16056.047905
-36.0,31,16056.593758
37.908271,41,16057.428125
-40.8,35,16058.076121
-35.83,25,16058.593496
37.819076,26,16060.933806
47.244949,27,16061.459886
32.333333,34,16062.049561
-35.83,33,16062.663974
-32.72,31,16063.222144
32.162362,28,16063.992563
37.932361,31,16064.528543
32.287273,40,16065.205458
-44.79,25,16065.614914
32.779359,42,16066.315633
-39.0,24,16066.712528
-41.02,36,16067.410116
-34.63,36,16068.134301
44.125,27,16068.726124
-36.0,23,16069.175277
-39.0,27,16069.657328
-42.0,30,16070.224679
-44.5,21,16072.383286
34.442687,30,16072.933386
-32.87,32,16073.518469
-34.82,32,16074.129137
41.013128,32,16074.715005
-41.71,18,16075.056517
-42.0,20,16075.395669
-41.14,35,16076.027446
44.215565,29,16076.480556
-41.4,41,16077.124327
-42.0,25,16077.574879
44.517241,31,16078.132792
-44.82,18,16078.488426
40.874573,25,16078.930813
-40.16,31,16079.655498
-43.49,22,16080.052742
-38.5,22,16080.732137
41.234483,35,16081.352383
37.094488,30,16083.770025
44.419118,15,16084.041916
-35.71,38,16084.76416
35.483627,34,16085.396865
41.634483,21,16085.77227
-35.84,28,16086.2962
42.0,20,16086.598356
41.42227,37,16087.238095
-38.81,42,16087.948499
43.546196,34,16088.535939
-44.91,23,16088.960829
-43.29,52,16089.901867
44.041379,31,16090.473523
-38.52,37,16091.156759
-36.76,29,16091.79666
32.933099,28,16092.431773
-41.17,32,16092.930024
38.656716,22,16095.245392
35.536801,30,16095.781154
40.415875,23,16096.215029
-38.38,26,16096.695767
-34.39,32,16097.259451
36.0,28,16097.748209
38.054436,28,16098.188157
32.9,60,16099.177783
37.489928,31,16099.727715
39.0,21,16100.099553
34.202884,37,16100.790087
40.740269,22,16101.165385
46.428941,23,16101.717084
-32.34,28,16102.306911
40.331857,28,16102.785551
35.56044,30,16103.310739
-36.99,38,16103.945796
35.894118,35,16106.50575
41.348774,28,16107.030024
32.514286,33,16107.731127
-37.94,29,16108.263629
-35.31,34,16108.810146
41.12605,42,16109.520303
-39.0,38,16110.107977
-41.72,21,16110.469258
37.235903,35,16111.126928
-45.0,65,16112.355592
-38.72,24,16112.80732
42.877024,23,16113.161751
41.877358,38,16113.808432
-41.22,28,16114.579844
-41.37,30,16115.139704
-38.88,48,16118.041659
-35.7,35,16118.708328
35.233333,38,16119.330903
-41.12,21,16119.677961
-35.45,28,16120.158243
-41.36,28,16120.593818
-41.52,18,16120.904335
41.590551,29,16121.388662
-41.58,34,16122.018432
-38.16,28,16122.538715
40.904672,24,16122.966051
36.0,25,16123.403752
-33.0,30,16123.890007
35.469849,24,16124.435202
38.707031,24,16124.843332
-37.8,47,16125.711777
47.374172,22,16126.141396
-41.06,36,16128.684527
-38.03,35,16129.311887
-40.47,35,16129.900742
38.378676,26,16130.377964
-43.77,20,16130.718087
38.572755,29,16131.193213
38.601476,23,16131.582407
43.470418,24,16131.972118
-44.73,19,16132.328024
-32.66,47,16133.198968
39.0,34,16133.804959
-46.35,25,16134.220955
-36.0,24,16134.674177
-35.81,24,16135.042314
39.0,30,16135.562108
-34.7,30,16136.152601
37.764278,34,16136.773453
-43.94,24,16137.221122
-32.03,27,16139.716345
32.338462,38,16140.44123
-35.82,27,16140.87659
38.583942,28,16141.2779
-33.0,42,16141.995533
44.501832,38,16142.619973
-40.54,21,16143.033297
-35.58,28,16143.562291
-40.92,29,16144.015454
-34.33,33,16144.583451
35.844068,26,16145.014816
-40.84,33,16145.535478
41.008108,33,16146.068834
-38.36,29,16146.581233
32.693431,36,16147.344325
-44.2,26,16147.818354
32.454545,36,16150.385225
-38.07,30,16150.962794
-41.19,34,16151.536647
40.85828,58,16152.510736
35.281853,23,16152.86524
47.255061,27,16153.419638
33.0,31,16154.006396
44.071429,24,16154.459197
47.35698,30,16154.965152
46.062434,30,16155.30011
-44.86,77,16156.525474
46.496839,24,16156.907354
-41.67,19,16157.24372
39.0,25,16157.651572
41.373333,22,16158.255208
34.586735,47,16159.087296
-41.75,36,16161.766976
-45.0,17,16162.140136
-35.36,34,16162.807768
-35.44,35,16163.412863
-32.35,28,16163.897295
-40.95,22,16164.269399
-37.63,25,16164.741762
40.96258,25,16165.215871
-32.95,49,16166.509931
-33.0,40,16167.167864
40.748829,37,16167.758292
41.134615,24,16168.122291
38.022835,26,16168.555852
-41.61,21,16168.981865
-42.0,21,16169.355824
-40.81,26,16169.834038
-37.1,32,16170.522088
-41.21,24,16171.06088
41.661972,23,16173.391613
-38.7,35,16173.955818
47.821168,25,16174.632013
42.0,43,16175.453254
34.367015,39,16176.174184
32.613971,35,16176.799941
-38.86,27,16177.379368
-38.52,23,16177.810129
-44.66,25,16178.249464
43.905484,21,16178.581848
35.891775,30,16179.059314
-36.85,39,16179.765284
-44.45,17,16180.084588
47.398305,22,16180.488195
-38.21,31,16181.091005
-38.26,33,16181.683339
41.465258,26,16182.184702
-41.64,27,16184.536518
34.500755,31,16185.048235
43.751993,33,16185.696981
-32.91,29,16186.350546
-38.74,28,16186.904848
-44.43,19,16187.222415
35.582547,29,16187.801018
-32.51,33,16188.385067
32.512456,33,16188.924834
46.908444,20,16189.264842
37.647212,41,16189.978275
-38.28,77,16191.838852
41.662551,38,16192.554251
-40.67,42,16193.342392
38.689286,21,16193.760066
35.25448,24,16194.316801
-40.61,34,16196.848718
35.214008,24,16197.267638
41.578571,15,16197.535992
-38.53,24,16197.982211
-38.61,24,16198.371754
-44.54,30,16198.887354
-46.29,23,16199.222243
-37.37,30,16199.731458
40.984848,32,16200.346397
37.4134,26,16200.87207
-40.8,22,16201.301588
38.651877,34,16201.901381
36.0,34,16202.567961
-35.16,40,16203.270947
35.236264,27,16203.752424
39.319726,30,16204.270901
-44.05,24,16204.718416
40.614068,32,16205.289216
32.848606,31,16207.714267
-32.62,33,16208.308376
-32.61,31,16208.809506
-32.38,36,16209.504228
-35.39,27,16210.018203
-32.3,108,16211.94871
38.36246,25,16212.422265
-38.3,36,16213.085094
-38.62,24,16213.557098
-41.08,28,16214.052776
32.36646,40,16214.755905
-43.51,26,16215.240571
41.279654,34,16216.002455
-32.07,47,16218.779859
-35.43,43,16219.445748
35.878049,30,16219.965055
-38.56,31,16220.468619
35.18254,74,16221.815768
41.524715,36,16222.428625
-36.8,34,16223.103113
41.452055,29,16224.684921
-38.38,29,16225.221066
44.049046,20,16225.563238
43.276656,30,16226.171702
32.302041,34,16226.817859
-34.16,33,16227.415475
-36.0,33,16227.939193
44.294521,22,16228.270909
-38.22,24,16228.667409
41.128405,31,16231.03081
35.867133,28,16231.591938
-44.38,19,16231.953753
37.609223,28,16232.490326
-34.41,36,16233.153148
35.443609,23,16233.598615
-38.48,31,16234.372922
41.212928,20,16234.784245
-46.19,22,16235.181903
-43.49,42,16235.953038
38.120492,28,16236.432424
-32.9,28,16237.144376
35.527778,39,16237.858977
-39.33,43,16238.567262
-38.02,62,16240.174713
-34.98,31,16240.677763
45.878244,22,16242.980423
40.717529,33,16243.624876
-38.2,31,16244.234995
-40.71,38,16244.940038
-44.17,17,16245.263819
-36.51,36,16245.88704
-38.87,26,16246.381765
-41.68,27,16246.86263
-43.8,48,16247.678824
37.909824,45,16248.516041
-35.76,30,16249.01279
-32.96,33,16249.557942
35.897436,23,16249.912419
-34.65,23,16250.293604
-43.58,26,16250.714126
-38.36,47,16251.521709
-33.0,28,16253.886071
41.528,43,16254.673212
-41.15,25,16255.153417
38.727273,31,16255.721094
40.59699,29,16256.234259
36.0,27,16256.712398
42.0,23,16257.135005
32.101648,36,16257.975776
-44.43,22,16258.418333
-32.43,28,16259.198485
-33.0,32,16259.755863
-35.32,30,16260.251011
41.557554,27,16260.675691
44.109212,38,16261.321742
-37.72,34,16261.8813
35.805556,28,16262.348583
-37.69,29,16262.787637
45.0,69,16266.246603
-38.55,33,16266.92432
-43.8,20,16267.256557
-38.48,29,16267.808388
-35.8,30,16268.38563
41.10596,23,16268.794822
-32.51,31,16269.342737
38.525097,21,16269.870085
41.185455,21,16270.260235
-36.75,30,16270.783895
-47.62,18,16271.08563
35.248148,29,16271.591839
-35.18,30,16272.129279
35.61165,27,16272.564325
41.00084,28,16273.010876
39.0,31,16273.505774
-41.36,18,16273.843263
-44.41,26,16274.268693
-38.71,23,16276.688331
41.546032,23,16277.145632
-39.0,28,16277.663614
-40.59,33,16278.253995
35.596296,39,16278.96999
38.660377,37,16279.635829
-32.52,29,16280.161175
-40.22,36,16280.796117
33.0,42,16281.455595
-35.53,30,16282.150373
-36.95,27,16282.594226
39.0,32,16283.081023
35.030189,31,16283.572359
-40.61,31,16284.032323
-38.69,44,16284.812602
40.752387,34,16285.478807
-42.0,26,16287.979575
37.947505,46,16288.851466
-35.94,38,16289.79272
38.834891,26,16290.326763
-41.01,18,16290.700669
43.667924,27,16291.27442
-32.25,40,16291.99156
41.891026,24,16292.407412
35.029851,23,16292.833932
39.0,29,16293.319073
39.0,29,16293.779156
-39.0,23,16294.204085
-39.0,18,16294.571599
41.208835,31,16295.097208
38.520249,45,16295.915304
41.70823,21,16296.311043
38.13617,24,16296.744656
-41.37,26,16297.204273
-39.0,28,16299.855058
44.55597,22,16300.279322
35.210526,80,16301.781205
-38.5,28,16302.384366
-36.0,36,16303.449922
38.66443,30,16304.152865
-38.27,22,16304.720425
-41.77,22,16305.317396
32.400749,25,16305.937884
-44.52,22,16306.423167
-38.74,49,16307.38021
-44.66,29,16307.978125
40.262239,29,16308.54864
41.5,23,16309.133976
-35.49,38,16310.05968
-40.46,36,16310.739047
-35.45,39,16313.558426
-37.8,27,16314.142627
44.983673,24,16314.824565
-35.91,34,16315.528058
35.349624,26,16316.024488
-35.61,29,16316.765788
-35.54,25,16317.21667
-38.39,28,16317.761291
34.452051,30,16318.239101
-34.87,69,16319.473564
38.255814,26,16319.927378
32.850575,31,16320.451411
-32.29,35,16321.077796
-36.0,27,16321.649597
-44.74,34,16322.309706
-39.0,24,16322.765252
38.51895,28,16325.318487
44.359155,25,16325.804127
-37.7,27,16326.298717
-39.0,29,16326.994532
35.732075,29,16327.572917
39.0,31,16328.113116
42.662759,28,16328.616041
-42.0,27,16329.048579
-41.3,30,16329.732748
-36.0,47,16330.549037
35.597561,25,16330.984304
41.231061,25,16331.422993
-43.7,26,16331.953592
38.23053,46,16332.796073
38.784672,42,16333.60001
35.379661,39,16334.353393
-40.14,27,16337.028218
-32.61,35,16337.688178
-35.54,29,16338.197241
41.707317,21,16338.571968
41.205575,27,16339.04249
-38.5,40,16339.737438
-44.34,43,16340.496696
-40.99,37,16341.081042
-41.32,27,16341.537045
35.802326,33,16342.079526
38.4,45,16343.141202
-41.06,126,16345.538277
44.462121,35,16348.202501
-39.0,31,16348.787516
38.275862,22,16349.214166
-35.2,23,16349.668416
41.5,31,16350.214356
41.868132,21,16350.581248
41.850932,25,16350.94557
34.574174,62,16351.921937
42.0,28,16352.327557
44.174274,26,16352.72278
-37.57,29,16353.230628
45.0,26,16353.736936
-33.0,30,16354.558261
-33.0,37,16355.284348
-35.86,30,16355.859715
-41.96,24,16356.311195
-33.0,26,16356.807368
37.622173,25,16357.299902
38.406844,20,16359.879654
32.401544,30,16360.477424
34.865385,36,16361.194241
-32.5,56,16362.308528
32.804878,33,16362.801933
41.782443,21,16363.163875
44.779116,21,16363.539726
34.832256,33,16364.040268
41.763889,21,16364.496315
34.66985,33,16365.185944
-32.85,39,16365.920896
47.327869,18,16366.553105
41.40694,21,16366.985084
-41.05,19,16367.321298
41.801471,23,16367.759932
-38.31,23,16368.161904
37.990316,25,16368.670556
-35.54,35,16369.241672
-32.28,34,16371.949617
-35.24,33,16372.586042
38.780576,30,16373.14324
37.579692,34,16373.708572
35.481675,33,16374.330946
-32.72,34,16374.853653
32.314103,30,16375.345424
32.462585,32,16375.881274
42.0,24,16376.293408
-36.0,28,16376.818893
-35.72,27,16377.368493
40.722348,33,16377.973132
42.0,21,16378.396605
44.705882,19,16378.736594
38.375862,33,16379.357758
35.286567,32,16379.973197
41.513208,31,16380.544906
36.0,25,16383.126146
35.016129,26,16383.659556
45.0,17,16383.942238
-47.45,20,16384.262163
-32.38,37,16384.890283
36.0,24,16385.29365
41.923636,21,16385.624134
38.708955,25,16386.047464
-44.24,18,16386.339985
35.124528,21,16386.879997
-34.91,30,16387.419196
-32.42,34,16387.977036
-41.14,38,16388.668142
-37.52,36,16389.335181
35.376384,29,16389.847414
41.825095,37,16390.560123
-32.91,35,16391.197206
-32.81,36,16392.006589
-39.0,27,16392.763543
40.572835,31,16396.028783
38.277778,33,16396.536337
48.0,12,16396.742754
-42.0,28,16397.192001
-41.66,25,16397.598483
-43.31,23,16397.938027
43.453521,48,16398.813322
35.168539,31,16399.370885
37.196583,31,16399.941283
31.821212,63,16401.09343
44.006969,30,16401.651566
35.707317,28,16402.193286
-32.2,30,16402.797161
-39.0,21,16403.32613
-40.77,35,16404.008161
-41.05,24,16404.528982
-32.18,42,16407.151186
38.681087,35,16407.712344
43.905888,31,16408.257251
-41.31,66,16409.404434
38.083333,27,16409.92725
-47.67,52,16410.893077
43.893701,25,16411.472779
-47.23,19,16411.984113
32.568966,29,16412.50667
44.30172,23,16412.937638
35.841379,23,16413.335399
44.493878,24,16413.76655
-41.15,26,16414.230802
-46.62,15,16414.489279
41.155894,26,16414.951697
-47.07,27,16415.433987
43.734875,24,16415.895965
41.205674,23,16418.344981
38.152344,30,16418.800219
-39.0,29,16419.338355
-38.44,29,16419.83223
-41.52,20,16420.210802
-32.09,29,16420.837505
-47.2,25,16421.317528
-43.79,30,16421.907547
-47.17,16,16422.202717
-36.74,31,16422.79374
32.035587,55,16423.802451
38.707775,28,16424.374155
38.5,21,16424.782039
35.629091,40,16425.544662
44.751534,23,16425.98092
44.172093,32,16426.619647
-38.02,35,16427.315043
35.902439,28,16427.81286
-32.43,47,16430.440871
33.0,33,16431.073655
35.773438,32,16431.614365
-34.68,32,16432.200065
-38.46,62,16433.3463
-37.73,49,16434.273727
44.667939,27,16434.817923
40.623288,26,16435.309689
32.538153,41,16436.05751
-38.22,24,16436.550792
38.294702,21,16437.082152
-38.51,27,16437.655852
-32.63,26,16438.146086
43.689695,27,16438.648379
47.24031,20,16439.028037
-33.0,33,16441.396449
-33.0,27,16441.918225
42.0,16,16442.192688
-38.31,24,16442.698916
44.787546,18,16443.015366
-37.45,21,16443.399177
-44.59,16,16443.85745
-38.24,37,16444.511911
41.415493,37,16445.198058
47.650376,23,16445.625211
32.40617,30,16446.178532
38.611336,38,16446.871966
46.183609,18,16447.267297
-34.75,37,16447.956062
-41.72,30,16448.584632
-38.64,33,16449.35433
40.489063,22,16449.856514
41.630252,24,16450.406436
-42.0,25,16450.967343
41.080048,21,16451.355626
-39.0,30,16454.030216
-32.82,35,16454.928425
32.164706,31,16455.702456
38.043668,42,16456.702421
42.0,22,16457.183175
-37.23,33,16457.976723
-37.43,44,16459.080329
-35.49,29,16459.775192
45.0,19,16460.229002
-37.67,35,16461.010954
36.0,36,16461.782687
-33.0,30,16462.443401
-39.0,26,16463.100761
-41.15,24,16463.696376
41.231343,25,16464.266114
35.796117,27,16464.754709
41.258065,27,16465.32964
41.198211,27,16467.738694
38.102043,28,16468.251781
-48.0,41,16469.034307
35.341727,57,16470.168924
-33.0,37,16470.944192
39.0,35,16471.767888
-47.29,29,16472.291364
-38.85,61,16473.451728
39.80909,23,16473.884671
-32.51,30,16474.405323
36.861301,45,16475.215513
33.0,31,16476.129678
-38.21,26,16476.532902
48.0,22,16476.889426
46.875862,24,16479.213251
-36.0,33,16479.855345
35.502724,29,16480.368502
-39.9,31,16480.94879
44.251938,20,16481.373178
-34.15,38,16482.044938
-35.05,42,16482.904357
42.933376,24,16483.361648
44.252726,20,16483.766076
-44.39,43,16484.564695
34.811545,36,16485.249283
-41.32,32,16485.923921
38.351916,28,16486.439428
41.674242,33,16487.039091
-38.91,43,16487.638421
37.654676,36,16488.445627
-44.54,23,16490.786748
43.270951,19,16491.14733
-38.88,25,16491.621567
43.597046,22,16492.016738
-39.0,18,16492.543614
-47.51,42,16493.341124
38.208904,33,16494.037608
-34.65,31,16494.639111
-38.61,27,16495.137021
-44.05,12,16495.361934
-41.38,26,16495.864815
-43.23,32,16496.714826
-35.41,31,16497.399781
-41.37,26,16497.994165
38.437984,38,16498.690268
35.158879,32,16499.614644
-35.07,29,16500.153632
-35.39,35,16500.77103
38.319853,27,16501.263106
32.740602,35,16504.187713
-41.03,35,16504.947492
-41.51,22,16505.399363
42.0,50,16506.381173
-41.44,31,16507.026778
-38.27,28,16507.546157
39.0,28,16508.065777
35.269231,31,16508.664884
32.498069,37,16509.354712
38.255319,28,16509.84946
-39.0,25,16510.347178
44.331034,21,16510.737162
38.145404,27,16511.387316
-44.53,25,16511.830113
-43.67,24,16512.25143
-32.41,39,16512.894193
-41.25,25,16513.33758
-36.0,82,16516.787129
-44.03,23,16517.274866
38.82973,31,16517.831896
40.77314,30,16518.409069
-32.73,43,16519.182308
-35.04,25,16519.692574
-37.38,86,16521.386673
-38.34,39,16522.048217
38.693431,26,16522.493013
-41.62,25,16522.937062
-38.84,30,16523.680298
-44.87,28,16524.173768
35.880342,23,16524.572582
-38.05,28,16525.085134
32.467433,27,16527.620904
-38.32,32,16528.166124
43.212864,30,16528.704348
38.414226,42,16529.463741
35.050584,35,16530.192835
-32.66,35,16530.878855
-35.11,35,16531.572381
47.101391,19,16531.956085
-35.54,26,16532.40348
40.71958,30,16532.942243
37.306823,28,16533.414483
37.487519,27,16534.002595
-42.9,29,16534.485478
-35.49,32,16535.085411
37.411871,41,16535.767963
-41.71,37,16536.475683
41.901515,23,16538.901417
44.878327,19,16539.252435
45.0,23,16539.682467
43.926208,29,16540.25948
40.008185,22,16540.687739
-46.61,16,16540.972548
41.710084,28,16541.517891
36.0,24,16541.967192
-44.48,16,16542.262583
-34.65,31,16542.810962
32.280335,53,16543.75081
38.5,33,16544.395184
-39.0,37,16545.294619
-41.71,20,16545.655261
-37.79,33,16546.17779
47.363636,28,16546.792523
-37.62,35,16547.448843
-45.0,31,16548.034077
35.330218,34,16550.878349
-44.41,42,16551.757102
-32.21,31,16552.396969
41.127907,25,16552.912256
34.973732,39,16553.677357
-44.04,20,16554.094709
-47.02,22,16554.53255
44.662222,23,16554.939037
-35.13,29,16555.497828
41.824,28,16556.108461
38.473684,27,16556.634606
32.033175,27,16557.204916
40.535211,23,16557.614942
-44.24,26,16558.09203
-41.07,30,16558.59994
-38.52,32,16559.108
-35.34,26,16559.607371
-40.02,28,16560.192954
-32.81,38,16562.974833
41.745098,29,16563.552986
-37.78,31,16564.133295
-34.64,42,16564.959422
-35.47,23,16565.385204
38.653333,24,16565.765208
41.732432,30,16566.300432
-39.0,25,16566.694797
-39.67,31,16567.183265
-39.0,20,16567.496754
-34.89,30,16568.040159
-44.23,43,16568.703267
-43.87,27,16569.237094
38.147887,27,16569.75153
-38.22,34,16570.361938
-33.0,24,16570.838055
-41.12,27,16571.375739
-33.0,27,16573.886273
47.852273,29,16574.421619
38.624535,32,16575.049481
36.0,32,16575.675071
-43.58,33,16576.618102
35.257246,27,16577.100399
39.0,24,16577.524597
37.256422,23,16577.855757
-37.14,36,16578.44008
41.765517,26,16578.891976
-41.91,29,16579.709322
-33.0,43,16580.491623
-38.69,24,16580.89674
38.178229,32,16581.367051
-32.77,33,16581.948311
46.967593,16,16582.210404
-44.85,23,16582.692809
-43.88,23,16583.143832
-37.43,41,16585.968301
-34.97,28,16586.486806
-43.26,20,16586.829648
33.0,36,16587.547328
-32.71,28,16588.016096
-41.89,35,16588.624085
-41.75,23,16589.008682
-32.85,39,16589.659414
36.0,27,16590.144526
-41.24,21,16590.512083
32.04186,27,16590.978827
38.44,24,16591.378564
38.237209,33,16591.870297
32.716667,62,16593.059765
-35.19,25,16593.528982
-38.26,22,16593.941949
33.0,66,16597.16943
-41.63,29,16597.684785
40.92693,24,16598.145283
-41.26,24,16598.598947
-33.0,35,16599.267325
-35.62,117,16601.695
-44.35,25,16602.217934
32.610236,30,16602.851612
44.777448,21,16603.339715
-36.0,30,16603.868618
-37.52,31,16604.426749
-39.07,49,16605.383356
32.664179,27,16605.91445
-36.0,28,16606.392241
-33.0,45,16609.268378
-41.43,19,16609.632091
37.88825,29,16610.166023
44.275424,23,16610.565485
35.477679,26,16610.995893
32.802158,24,16611.403307
32.578947,35,16612.012155
39.0,26,16612.491846
33.0,29,16613.017538
-41.12,42,16613.691759
-41.72,24,16614.163224
46.678571,21,16614.556149
-40.84,31,16615.140766
46.026916,15,16615.39275
34.739826,37,16616.105822
-44.02,25,16616.563539
37.837468,28,16617.035223
-35.75,28,16617.60511
-32.89,37,16620.294253
-36.75,28,16620.794231
-32.17,35,16621.362549
-41.04,23,16621.72619
32.229091,26,16622.127728
45.0,18,16622.418694
-38.61,36,16623.077008
44.004955,25,16623.52204
36.933384,43,16624.220009
32.877953,47,16624.973417
-44.3,29,16625.672988
-34.73,48,16626.560913
-33.0,26,16627.050026
-31.65,27,16627.659231
-42.0,25,16628.14698
47.291498,25,16628.595007
44.364341,29,16629.321544
-38.55,27,16631.894507
41.37037,28,16632.315961
-38.75,42,16633.033531
-32.39,37,16633.638068
-42.0,37,16634.319659
41.907749,21,16634.889505
-32.66,31,16635.387925
-33.0,35,16636.016224
41.5,18,16636.283013
-40.78,27,16636.761102
-45.0,19,16637.117556
32.868217,27,16637.875139
38.616541,33,16638.563685
-35.78,22,16638.983489
39.820219,20,16639.341527
46.727612,21,16639.717091
32.589552,41,16640.470844
43.890244,27,16640.946846
32.706667,32,16643.465475
42.0,26,16643.911077
32.079167,30,16644.481928
35.501684,29,16645.049486
38.229091,43,16645.80141
36.0,29,16646.281284
-32.11,29,16646.698377
41.160777,24,16647.143471
42.716116,26,16647.72065
-37.8,28,16648.231375
-44.71,20,16648.949302
-41.12,36,16649.620852
36.0,30,16650.170109
-40.73,26,16650.662145
-38.24,27,16651.170271
-39.0,21,16651.587831
-38.59,25,16652.407834
35.221402,36,16653.074856
44.08643,17,16655.453829
40.853874,26,16656.075383
-44.85,27,16656.60912
-43.73,30,16657.166224
44.811321,60,16658.11933
35.875,39,16658.785481
44.525424,25,16659.240554
-37.96,28,16659.804641
39.0,26,16660.337399
-40.61,24,16660.870028
-35.25,28,16661.415203
-32.37,30,16661.955167
44.354978,21,16662.551239
-38.92,25,16663.162173
-39.0,25,16663.648722
-32.95,57,16664.914759
-35.59,30,16665.448922
36.0,35,16668.263251
-35.44,64,16669.670144
-38.48,30,16670.154266
-38.33,58,16671.225414
-35.27,60,16672.345888
32.701818,41,16673.298007
-38.21,29,16673.863428
-38.87,42,16674.67377
-44.68,23,16675.140297
-32.7,82,16676.756221
-32.31,56,16679.642519
39.0,26,16680.53317
32.804255,36,16681.225266
32.542234,34,16681.969656
-36.0,25,16682.41993
44.232639,22,16682.846722
-44.78,27,16683.364467
39.0,24,16683.887414
42.0,18,16684.531795
44.372822,19,16684.978677
-42.0,42,16685.998916
-41.57,49,16687.123019
-34.95,32,16688.124077
-34.84,33,16689.142076
44.906977,17,16689.578878
37.748002,29,16690.267697
32.274834,43,16691.213321
37.440859,32,16693.979369
32.020339,31,16694.511446
-34.46,28,16695.089209
-35.39,38,16695.807426
34.852745,27,16696.501854
-44.42,33,16697.085193
44.310047,29,16697.610493
38.116473,26,16698.130504
47.578947,30,16698.718064
38.736264,22,16699.214173
39.0,47,16700.376091
-33.0,24,16700.886053
-36.0,32,16701.524747
-46.52,20,16701.878338
41.100719,23,16702.367658
-41.47,21,16702.760804
35.56391,32,16703.315846
41.40625,23,16703.700181
-43.9,22,16704.051603
-44.4,28,16706.582559
32.685976,64,16707.715239
32.140187,47,16708.51387
-32.11,25,16708.904829
-44.26,18,16709.261972
44.639192,20,16709.640262
-35.91,23,16710.091302
-40.25,27,16710.772618
38.568395,29,16711.353998
-32.03,68,16712.614186
-39.7,29,16713.154794
34.528846,33,16713.91297
35.9,30,16714.395433
-35.35,34,16714.964254
-38.15,27,16715.412488
-35.91,37,16718.103406
41.484848,22,16718.494105
37.484888,28,16718.951289
-43.46,25,16719.383421
-34.65,41,16720.035967
38.051359,29,16720.556225
-40.36,25,16720.994841
-37.99,36,16721.688124
35.445104,23,16722.149385
-41.25,22,16722.564252
39.0,25,16723.046926
39.0,22,16723.526283
34.697424,36,16724.201467
-32.45,44,16725.094779
41.433225,21,16725.459067
-32.34,50,16726.400466
-38.53,30,16726.984414
-45.0,30,16729.536469
41.136119,30,16730.01265
38.02973,24,16730.405764
38.5,24,16730.80062
42.713236,21,16731.189792
39.0,27,16731.661844
35.111111,31,16732.248197
44.397626,24,16732.686074
43.327409,21,16733.084553
38.614458,28,16733.691783
41.387234,23,16734.132005
-35.78,26,16734.62801
30.0,54,16735.901895
-41.69,22,16736.245229
32.745455,36,16736.827721
-35.76,33,16737.32966
-35.81,25,16737.765647
-41.04,37,16738.433416
34.774911,26,16740.990844
44.436567,25,16741.472867
34.990548,38,16742.02993
-38.32,28,16742.535214
45.0,22,16742.965424
37.777724,45,16743.827421
44.012048,17,16744.120387
39.0,30,16744.673561
43.991616,28,16745.56489
-35.04,26,16746.0139
-32.85,36,16746.682124
-36.0,33,16747.225807
-36.0,27,16747.655915
44.037589,24,16748.046018
-33.0,37,16748.663494
-38.35,30,16749.288688
-39.43,35,16749.981073
-41.3,18,16752.241549
44.301887,24,16752.665339
-35.17,28,16753.136282
41.738956,29,16753.682762
-41.8,26,16754.213236
-47.11,14,16754.484161
-32.25,61,16755.604248
-35.25,34,16756.250389
-39.63,27,16756.745636
-35.19,31,16757.35253
38.134199,24,16758.150092
36.0,29,16758.663729
-41.25,28,16759.12529
-40.9,32,16759.653938
33.0,25,16760.15959
-44.04,19,16760.523726
36.572092,37,16761.251873
-41.02,23,16761.689003
38.293542,37,16764.200313
-40.02,27,16764.690576
-39.0,27,16765.130268
-40.94,34,16765.731611
41.025455,29,16766.227945
41.616162,30,16766.796143
-35.5,26,16767.36889
-38.2,31,16768.053823
41.23,38,16768.775899
40.711558,28,16769.347689
32.693277,43,16770.101686
38.687259,29,16770.613539
34.581511,29,16771.110331
-38.78,85,16772.67801
35.661017,44,16775.375419
-44.77,17,16775.656316
-32.44,34,16776.231827
39.373208,40,16777.018728
-44.27,29,16777.530485
43.818518,21,16777.88455
40.802639,27,16778.383483
41.270635,36,16779.044503
39.0,31,16779.616838
-35.09,26,16780.111984
-32.16,44,16780.85154
-38.76,24,16781.285856
-44.46,26,16781.792977
41.274436,26,16782.237462
33.683412,35,16782.865273
-40.29,30,16783.472156
-44.46,34,16784.115891
32.494297,25,16786.843394
-41.51,27,16787.387042
-41.4,29,16787.928338
-33.0,40,16788.864609
-31.57,67,16790.744763
41.463504,28,16791.729243
-40.47,27,16792.392839
-38.09,37,16793.159149
-41.46,25,16793.734226
44.287671,23,16794.761944
-38.84,42,16795.857223
-38.34,33,16796.743704
38.454829,24,16797.186034
-37.73,41,16798.080098
-32.35,31,16798.849882
-38.5,23,16799.303788
-32.59,48,16802.425909
-35.51,30,16803.063375
32.768293,27,16803.68414
41.85,40,16804.678592
-35.16,36,16805.601997
-41.95,15,16806.07808
44.712727,25,16806.746189
38.147059,26,16807.373837
40.178689,35,16808.191163
32.501818,50,16809.14539
-34.63,40,16810.121011
45.0,20,16810.582182
32.026616,36,16811.49918
-44.59,29,16812.134849
41.614887,27,16812.715043
-38.7,22,16813.215988
-35.64,30,16815.719963
34.704116,29,16816.229878
32.577869,30,16816.79376
-38.47,30,16817.369723
-41.31,29,16817.905625
-38.81,34,16818.572953
-41.38,23,16819.170339
32.303448,41,16819.867286
44.825807,24,16820.338363
32.218623,28,16820.867052
-32.51,27,16821.577289
38.253712,29,16822.160804
-41.14,28,16822.674127
32.833333,29,16823.288176
-34.97,60,16824.515932
44.490566,21,16825.037077
-35.85,34,16827.710546
-44.27,19,16828.024064
38.37234,24,16828.457445
-35.29,33,16829.10903
35.912,22,16829.526524
-35.07,29,16830.118298
46.717903,28,16830.6842
-35.72,29,16831.241645
41.478992,38,16831.971823
-33.0,34,16832.577019
39.0,28,16833.125834
44.326705,32,16833.853628
-35.57,27,16834.402862
-35.14,27,16834.956482
-40.71,57,16836.055664
32.31746,43,16837.044968
-33.0,31,16837.921386
41.906615,42,16840.931436
40.554936,26,16841.407925
41.309336,23,16841.858444
-40.35,31,16842.621484
-38.77,32,16843.23107
-35.11,52,16844.101346
-35.41,28,16844.603719
-42.0,22,16844.97273
44.657993,21,16845.335731
38.434959,30,16845.918782
-33.0,33,16846.576676
36.0,71,16848.474576
41.478386,37,16849.3196
41.032152,28,16850.081639
-34.85,31,16850.681637
38.42236,22,16853.569777
44.038235,26,16854.136054
42.974356,34,16854.769267
-41.83,24,16855.332217
-32.85,34,16856.049399
-41.16,25,16856.58155
-32.68,37,16857.277497
38.862903,31,16857.785493
38.385542,41,16858.589389
-34.21,33,16859.231484
41.788679,42,16860.124662
-43.86,54,16861.186006
-32.5,29,16861.753998
-44.48,25,16862.356606
-35.71,38,16863.089924
42.0,30,16863.695132
-38.09,62,16866.979494
-32.61,43,16867.78316
-43.71,20,16868.185915
-42.0,40,16868.941558
-38.08,30,16869.506302
44.745833,22,16869.878734
-39.0,31,16870.461658
-41.74,47,16871.670377
32.439103,85,16873.963475
-37.1,32,16874.605116
31.940171,38,16875.380981
-32.11,43,16876.192317
-41.72,24,16878.684675
-35.82,36,16879.407338
41.062257,27,16880.076714
35.454167,31,16880.735767
32.937063,35,16881.676953
37.761589,28,16882.20768
34.40111,43,16883.028053
-41.9,44,16883.861178
32.744505,35,16884.557819
-40.44,37,16885.267375
-32.08,33,16885.950863
-35.97,29,16886.505143
-44.74,27,16886.967442
-42.0,21,16887.571146
-35.57,26,16888.152744
35.629851,31,16888.697613
-47.32,23,16889.105447
-36.94,28,16891.868221
-31.55,30,16892.442575
-32.67,25,16892.899134
41.079832,23,16893.329477
36.0,28,16893.948455
-47.24,29,16894.567607
-42.0,25,16895.127549
-44.17,15,16895.439236
-46.77,42,16896.36873
33.0,35,16897.38122
-31.6,37,16898.242493
-41.62,41,16899.28279
-33.0,33,16900.094348
32.53125,36,16900.97208
-41.25,97,16904.616219
35.440171,29,16905.067334
-42.94,22,16905.454958
35.434018,31,16906.003843
39.0,28,16906.552371
38.122302,31,16907.241395
38.840164,22,16907.620094
31.911985,35,16908.274556
-37.79,25,16908.997107
-41.4,23,16909.484584
-41.52,26,16909.999644
-37.83,29,16910.517003
38.093023,32,16911.125618
-41.79,20,16911.502517
-41.24,30,16912.130425
38.36194,24,16912.567987
32.372549,62,16913.698481
-32.91,37,16916.260505
41.109677,32,16916.874833
35.309404,50,16917.772835
-41.29,27,16918.25747
-38.17,27,16918.77243
-41.65,21,16919.160419
-38.26,25,16919.660036
35.130909,33,16920.305954
41.9,23,16920.748237
-35.95,30,16921.315874
-42.96,64,16922.541683
-38.7,42,16923.37084
39.0,22,16923.788175
-36.0,37,16924.531413
-41.14,28,16925.007736
41.08502,31,16925.540673
45.764957,57,16928.469831
38.014916,28,16929.130601
38.090226,31,16929.843298
-38.24,29,16930.42485
41.592072,22,16930.81601
-40.36,27,16931.282812
32.850187,46,16932.131024
35.4,24,16932.769275
-32.07,31,16933.390514
38.173228,32,16934.243216
34.519611,31,16934.856596
-39.0,36,16935.534858
-42.0,18,16935.88426
-33.0,42,16936.704526
-32.84,35,16937.439823
-38.18,36,16938.07832
-37.83,28,16940.428146
38.477099,33,16941.045802
41.082418,26,16941.568117
38.376364,26,16942.044559
35.933566,32,16942.622939
-41.91,24,16943.071091
-34.58,30,16943.683577
-41.14,31,16944.356438
38.797909,33,16945.020201
-33.0,31,16945.653815
-35.26,28,16946.227518
42.0,45,16947.109993
35.220217,33,16947.752262
-39.0,23,16948.153932
32.221591,40,16948.816965
43.732785,34,16949.375122
-32.07,28,16951.771946
-35.26,37,16952.464362
45.0,22,16952.9198
-44.88,32,16953.854085
-38.23,33,16954.480128
-35.71,26,16954.980396
35.403448,37,16955.672399
-35.76,31,16956.313926
-35.68,23,16956.797123
41.252918,24,16957.292606
-32.76,37,16957.995885
-38.09,29,16958.790814
-44.19,30,16959.335634
32.213333,28,16959.877748
-37.61,31,16960.443229
39.0,33,16961.168402
45.698155,28,16961.716475
-41.61,32,16964.246464
41.241445,22,16964.689253
35.271066,34,16965.406525
-41.21,27,16965.952847
43.275487,21,16966.565623
-37.8,21,16966.975171
-44.18,23,16967.409935
44.303704,22,16967.866553
38.51938,30,16968.451445
44.090592,18,16968.815476
35.248387,28,16969.384039
-44.11,30,16970.091085
39.0,21,16970.49563
32.587549,38,16971.259824
-42.0,24,16971.660675
34.723235,36,16972.324042
-38.5,68,16973.408822
32.377698,32,16974.03151
41.798013,29,16976.566176
38.708171,23,16976.991386
-38.27,55,16978.066882
45.0,16,16978.355636
44.34981,24,16978.847368
-35.81,28,16979.358351
-43.27,30,16980.002703
41.372414,26,16980.526899
41.647287,22,16980.952976
-40.68,25,16981.419149
38.017606,31,16982.031323
-38.23,29,16982.596712
32.495833,36,16983.154934
34.945537,36,16983.771059
43.359246,35,16984.32966
-35.18,24,16984.708437
35.612546,46,16985.720518
-38.19,29,16988.429404
-35.59,26,16988.948813
-40.72,23,16989.367412
41.780488,26,16989.902228
38.077419,32,16990.473391
32.526667,29,16991.596849
39.0,24,16992.01075
-35.34,28,16992.589185
-32.25,29,16993.145701
-32.22,28,16993.687905
-40.02,27,16994.204775
-43.38,36,16994.938515
39.0,33,16995.537819
-36.0,34,16996.114998
35.263158,33,16996.644932
-35.49,25,16997.075889
35.125475,31,16997.664239
-38.55,34,17000.355904
-41.26,25,17000.788732
41.405512,23,17001.189231
-36.0,27,17001.663452
-44.43,26,17002.185819
-38.42,29,17002.674887
-35.83,25,17003.038465
38.7411,28,17003.589514
41.638629,25,17004.095784
37.852062,27,17004.64519
41.189815,24,17005.105352
-35.95,28,17005.637644
-32.33,36,17006.327966
47.690402,33,17006.963012
41.459459,25,17007.37277
-38.43,28,17007.797679
44.533333,25,17008.174934
-38.62,26,17008.585439
35.188272,40,17009.269544
-35.0,29,17011.716777
-37.81,26,17012.230825
44.286822,20,17012.761137
-36.0,33,17013.584766
-37.15,52,17014.661587
-36.0,23,17015.24895
41.876448,21,17015.642291
44.411602,33,17016.328732
42.0,23,17016.832048
42.0,20,17017.229642
-38.87,31,17017.848634
39.0,28,17018.426482
43.801887,32,17019.572716
-41.28,25,17020.040574
-34.55,26,17020.516514
32.059041,35,17021.148238
-39.97,24,17021.705456
-41.66,27,17022.276199
-32.53,33,17025.016341
44.40081,21,17025.452224
38.048276,23,17025.873487
38.382239,27,17026.383877
-41.41,36,17027.065048
-32.85,37,17027.870776
-41.24,19,17028.211313
-44.69,30,17028.752045
42.999394,39,17029.563568
-37.89,25,17029.989721
-35.26,34,17030.548998
44.712,30,17031.088714
-32.5,40,17031.73767
43.545849,22,17032.082727
-41.29,23,17032.711311
-42.0,24,17033.142953
-42.94,27,17033.662971
-32.09,45,17036.525301
-38.38,26,17037.052934
-40.61,27,17037.593409
-43.88,24,17038.195284
38.913313,34,17038.844245
35.426282,26,17039.510207
-37.21,41,17040.548859
38.135849,40,17041.463477
-40.85,27,17041.993221
43.885046,29,17042.484339
-35.09,28,17043.028429
40.650943,19,17043.407384
35.116711,30,17043.947945
39.0,30,17044.560551
-34.83,32,17045.591357
-32.39,27,17046.226991
-37.9,28,17046.812371
32.858736,32,17049.730551
35.593496,35,17050.441532
32.248201,98,17052.506237
-38.07,26,17052.982692
41.241144,30,17053.452997
43.40113,34,17054.076709
40.941389,29,17054.605399
-35.42,35,17055.25059
-38.18,27,17055.704522
-33.0,29,17056.637295
-34.97,30,17057.186888
38.130282,27,17057.738246
32.709302,31,17058.35378
41.228814,29,17058.944596
41.395062,31,17059.558437
34.158684,25,17062.029008
36.73743,39,17062.822614
36.0,26,17063.296682
44.68254,21,17063.677673
41.914286,26,17064.100149
32.33213,46,17064.915906
38.384615,35,17065.551326
-43.98,20,17065.946065
-45.0,28,17067.005396
47.166667,59,17068.092411
-32.29,29,17068.676793
-36.0,28,17069.295725
-41.54,21,17069.726093
-47.42,12,17069.975991
-44.82,32,17070.593046
38.573944,40,17071.46361
34.719682,47,17074.641534
-38.4,43,17075.457557
-45.0,26,17075.932643
-40.97,35,17076.505846
-34.77,42,17077.173314
-44.75,28,17077.691293
-35.64,31,17078.229042
-37.54,26,17078.668847
38.62062,30,17079.168803
-40.62,25,17079.670939
-38.2,37,17080.403385
-37.66,33,17081.073547
-37.89,27,17081.577569
44.463203,27,17082.0971
-36.0,31,17082.701641
37.698251,35,17083.339837
-35.19,26,17083.839627
39.0,19,17086.86306
44.571429,23,17087.202519
-39.0,31,17087.736653
-35.45,38,17088.358362
32.706383,33,17088.947166
-38.38,33,17089.498991
32.214286,27,17089.956316
35.522059,22,17090.423074
-40.31,35,17091.150875
44.154676,22,17091.579822
-38.84,30,17092.350883
-33.0,31,17093.095063
34.868945,32,17093.845609
44.084249,36,17094.491743
-47.46,17,17094.817457
42.944666,37,17095.530727
35.684411,31,17096.082245
34.634686,46,17099.043832
41.404951,22,17099.413187
38.831034,34,17099.974397
-35.26,38,17100.600532
-47.0,30,17102.010736
40.331433,23,17102.437324
32.262357,25,17102.903332
-39.0,25,17103.426508
-38.08,25,17103.924151
-38.15,29,17104.472697
41.735099,23,17104.873442
41.09434,20,17105.255109
41.467857,23,17105.693801
-41.34,41,17106.454953
35.425856,36,17107.155331
-39.0,18,17107.502769
40.646552,25,17107.908622
-44.2,17,17108.254379
-41.19,25,17108.809909
-38.25,32,17111.31277
45.516962,31,17111.865144
45.0,19,17112.194988
36.0,31,17112.774644
-35.13,31,17113.403278
-46.28,30,17113.978894
-43.67,27,17114.482635
-35.3,30,17115.08443
41.663004,22,17115.585868
41.443636,21,17116.001918
32.901818,33,17116.662469
-45.0,39,17117.504594
43.798748,23,17118.066299
-45.0,28,17118.642355
-45.0,28,17119.213667
35.368254,28,17119.99326
-41.79,24,17120.474675
-32.8,31,17121.120613
40.692771,48,17123.870045
44.377432,22,17124.283577
40.703125,27,17124.799319
37.772457,26,17125.322564
-38.41,31,17125.953566
34.591802,32,17126.540667
-35.91,27,17127.075269
-40.32,27,17127.641515
-35.26,29,17128.209538
43.532261,26,17128.703147
-35.62,33,17129.285721
-33.0,37,17129.938281
-41.45,44,17130.794719
44.345588,29,17131.352897
38.388112,24,17131.885916
45.0,29,17132.451327
-44.48,17,17132.758181
-37.86,31,17135.093677
-35.25,28,17135.562349
35.449057,38,17136.238738
38.156,27,17136.771624
35.238262,34,17137.435799
-35.17,35,17138.271144
-38.72,24,17138.768064
38.426174,25,17139.306974
-37.14,38,17140.074716
-38.84,31,17140.744174
-34.86,47,17141.764509
42.0,40,17142.639869
-39.0,33,17143.376176
39.801645,24,17143.855262
38.271028,31,17144.485762
-35.17,38,17145.166081
-35.19,32,17147.869777
42.0,34,17148.616503
-42.55,22,17149.008875
-40.2,28,17149.545156
35.141762,23,17150.150048
-38.08,32,17150.822003
-35.71,33,17151.435552
42.0,26,17151.945908
-44.27,24,17152.414437
-44.66,17,17152.762558
-33.0,34,17153.410948
32.900763,27,17153.921924
38.362963,31,17154.556496
-41.48,35,17155.232735
-38.66,25,17155.930581
41.439693,32,17156.660611
-41.01,22,17157.141656
41.590361,24,17157.4862
-40.45,35,17160.41853
-38.28,42,17161.205971
-37.57,40,17161.967594
-37.67,35,17162.671433
43.725186,25,17163.150963
-32.81,36,17163.911617
-40.44,34,17164.598959
-36.0,30,17165.279804
37.572161,32,17165.901433
-38.56,35,17166.858826
44.148615,32,17167.487596
33.0,26,17167.94325
40.804183,23,17168.347125
45.0,30,17168.835474
41.161994,25,17169.21858
39.0,22,17169.615312
-43.07,26,17172.217835
38.889706,22,17172.600569
-35.89,81,17174.338449
37.959897,31,17175.049813
-33.0,33,17175.63076
44.262082,22,17176.194759
35.448669,37,17176.895247
41.292776,26,17177.434953
42.777933,30,17178.020805
32.533101,40,17178.843773
-41.15,39,17179.521725
-33.0,42,17180.213802
-35.26,29,17180.690511
-40.7,20,17181.003052
35.213643,34,17181.609857
41.254804,26,17184.094878
33.0,27,17184.651282
47.881757,23,17185.138821
-39.0,19,17185.49995
41.522267,24,17185.994988
35.408333,27,17186.532692
-38.47,25,17187.068155
-38.77,41,17187.878411
-41.67,44,17188.938834
-32.08,32,17189.54842
32.843636,34,17190.230298
43.586045,30,17190.80898
-41.2,24,17191.287561
41.232727,18,17191.611688
32.467681,40,17192.230739
40.766397,24,17192.613129
-35.07,28,17193.151815
-32.8,25,17193.659542
35.474359,31,17196.548625
43.439581,28,17197.380267
41.272388,49,17198.333769
-40.48,29,17198.875014
-44.19,25,17199.35038
33.0,25,17199.983376
37.558516,25,17200.432771
-35.63,25,17200.908991
35.110749,33,17201.537014
44.4,17,17201.857779
45.940399,21,17202.197502
36.0,30,17202.701339
41.642023,21,17203.029716
41.806897,27,17203.458646
-32.53,54,17204.531134
-41.06,25,17205.005985
-43.72,24,17205.454801
-35.1,37,17206.18128
43.396969,25,17208.653714
-39.77,26,17209.245968
-35.14,34,17209.889509
38.606061,30,17210.453634
-43.7,21,17210.872288
-38.88,28,17211.47302
-41.06,24,17211.90422
-32.8,35,17212.62026
-38.68,23,17213.090476
-39.0,38,17213.772569
47.405299,22,17214.132357
-34.81,37,17214.681587
-32.43,33,17215.699796
36.0,29,17216.228178
36.0,27,17216.758488
41.186312,19,17217.121439
-35.28,76,17220.552955
-38.38,37,17221.26463
-40.83,30,17221.823933
-41.25,28,17222.386816
-41.43,22,17222.919529
32.694656,39,17223.755589
-44.02,23,17224.243763
-44.14,21,17224.801361
-44.15,20,17225.200607
-34.92,28,17225.696244
36.0,30,17226.198242
-38.61,28,17226.581386
45.569374,26,17227.065839
38.354853,42,17227.805226
-38.02,25,17228.253003
-41.71,21,17228.720714
-32.66,39,17229.549905
41.5,52,17232.674767
-34.68,25,17233.195955
44.563863,18,17233.519178
-35.96,38,17234.318336
-46.6,22,17234.80037
-38.35,18,17235.184056
-32.02,33,17235.870185
38.558824,26,17236.304993
32.080537,39,17237.008877
-32.3,41,17237.75861
-43.0,24,17238.189539
-38.34,27,17238.637355
-35.71,40,17239.373698
-33.0,46,17240.222734
-35.4,30,17240.777014
41.653992,23,17241.406199
-34.64,25,17241.950091
-35.53,32,17242.535595
34.777327,30,17245.188414
-44.11,16,17245.502985
-44.29,23,17245.939272
-41.37,26,17246.436304
-41.11,24,17247.002092
44.626506,27,17247.459445
44.335901,23,17247.881716
42.0,21,17248.211379
41.553957,24,17248.978646
38.243968,27,17250.079388
-44.38,23,17250.469082
-35.07,41,17251.173253
44.437751,29,17251.634814
41.492857,34,17252.460547
-38.81,32,17253.044045
-38.22,27,17253.570102
40.881167,28,17254.137571
-38.5,28,17254.667821
-41.33,29,17255.230498
37.752459,26,17257.677122
41.4,25,17258.224726
35.808219,29,17258.735844
39.994382,29,17259.275147
-38.22,55,17260.28039
35.231707,39,17261.04444
-43.92,32,17261.723663
41.404255,22,17262.119889
40.590226,77,17263.453316
-35.36,31,17264.011461
34.005064,40,17265.244457
-35.73,35,17265.920352
41.439189,21,17266.297494
-32.27,31,17266.93678
-41.41,23,17269.334411
-42.0,23,17269.75962
41.752896,22,17270.146155
-35.18,23,17270.573323
44.25488,34,17271.216027
-32.35,34,17271.888094
-35.33,54,17272.98501
-38.06,47,17273.858286
-38.91,28,17274.376483
35.253521,30,17274.939265
-38.29,28,17275.486
-41.45,25,17276.146071
-35.09,26,17276.725595
32.418251,37,17277.601723
-44.37,26,17278.186485
35.958175,30,17278.831093
-46.81,15,17279.128428
-38.84,34,17281.728473
-44.81,22,17282.106092
-41.05,32,17282.672172
44.310345,21,17283.117316
-35.72,38,17283.893157
-33.0,37,17284.64223
-41.29,19,17285.181552
-40.58,29,17285.740146
-33.0,29,17286.29598
33.0,30,17286.832237
-44.77,16,17287.11295
-44.05,27,17287.6935
-41.11,28,17288.215876
-46.83,19,17288.580166
35.902834,33,17289.157664
-37.76,30,17289.711268
38.366279,44,17290.642353
-38.47,57,17293.522587
-41.58,21,17293.880975
-41.83,22,17294.277711
-33.0,29,17294.786228
32.106272,28,17295.320992
-38.59,20,17295.68237
-32.74,36,17296.343825
-44.0,20,17296.727316
-41.54,32,17297.608274
39.0,33,17298.147544
-46.54,18,17298.528345
-38.88,27,17299.021704
-36.0,33,17299.768502
-35.34,34,17300.472528
-41.55,18,17300.888072
37.336702,31,17301.669199
44.655556,20,17302.045847
41.246711,26,17302.589155
35.778723,34,17303.280234
-47.11,15,17303.805858
35.585624,32,17306.230911
-38.88,32,17306.890667
41.231707,22,17307.400005
47.178984,27,17307.943904
44.650909,18,17308.261007
37.893307,46,17309.136878
-38.61,34,17309.774851
40.906502,27,17310.304433
-42.0,28,17310.842075
-44.37,61,17312.010614
41.15019,27,17312.496141
35.052817,31,17313.098194
41.322064,28,17313.664964
44.465021,21,17314.079187
-38.94,36,17314.768076
-40.45,41,17315.538591
38.7,22,17317.865587
38.716216,30,17318.468325
38.448598,39,17319.166471
-40.41,19,17319.463186
-35.51,29,17319.982064
-37.92,22,17320.384794
35.251799,36,17321.037351
-41.06,22,17321.441795
-41.71,29,17322.002722
-32.27,35,17322.654383
-41.17,29,17323.240108
41.490421,25,17323.748418
41.032143,39,17324.500978
-32.78,27,17325.030123
36.0,36,17325.693564
-37.0,40,17326.625738
-43.76,17,17327.006024
-35.82,26,17327.480526
-35.41,29,17329.852345
31.998507,30,17330.430201
38.307407,24,17331.012489
43.755725,23,17331.499802
-38.42,22,17332.021528
-40.6,27,17332.494878
-37.54,24,17333.126991
35.594096,43,17334.107885
-41.11,22,17334.627233
39.0,29,17335.202645
-38.07,42,17336.024122
38.33871,30,17336.601165
41.730612,40,17337.439787
-35.38,24,17337.993432
38.345455,30,17338.590338
38.196552,30,17339.163969
44.699588,34,17339.751495
44.105932,19,17341.956039
41.700297,26,17342.406337
32.313793,44,17343.197969
41.433824,32,17343.754394
36.0,31,17344.281641
35.198556,37,17344.992953
39.0,36,17345.65059
32.270968,51,17346.495113
40.7131,29,17347.017779
-35.8,29,17347.533672
41.59707,24,17348.005874
-35.75,29,17348.575161
-40.56,26,17349.08227
-41.78,18,17349.446654
-41.45,22,17349.846825
40.948532,33,17350.445592
-40.69,32,17351.030365
41.066879,34,17353.64395
-30.0,30,17354.106312
43.383611,19,17354.467144
39.0,24,17354.943403
-33.0,26,17355.523908
-35.55,33,17356.119726
-41.79,25,17356.590786
-44.07,26,17357.340638
-44.36,34,17358.162887
32.918149,32,17358.757401
-47.08,28,17359.324358
41.727273,35,17359.939608
34.715566,35,17360.636458
-44.61,28,17361.189442
38.857616,94,17362.892532
-41.63,27,17365.235432
32.15102,30,17365.732791
-35.03,26,17366.240099
-35.33,20,17366.590338
-32.5,51,17367.471937
38.798319,30,17367.98984
-44.9,19,17368.298635
-39.91,38,17369.09673
-47.39,13,17369.399102
35.133956,28,17370.029264
-41.15,51,17371.035387
35.694545,37,17371.714658
-44.38,31,17372.396107
42.623359,43,17373.297372
-37.44,50,17374.250851
-38.94,32,17376.685605
38.902439,26,17377.293576
-32.26,36,17377.943001
42.0,28,17378.593244
-37.33,19,17379.010213
44.391473,23,17379.665673
-34.67,29,17380.369587
38.067568,40,17381.460234
-32.0,30,17382.116069
40.597744,19,17382.573054
-32.52,46,17383.711345
32.081356,41,17384.655417
41.54007,20,17385.328727
-38.61,27,17385.938564
37.761719,33,17386.624058
35.351852,34,17387.27279
35.245833,26,17387.71995
41.5,30,17388.178575
-36.46,40,17390.868928
36.0,30,17391.365426
43.773481,48,17392.210365
40.382553,25,17392.871193
38.412037,29,17393.440928
-42.0,22,17393.886363
-41.41,30,17394.47487
41.258462,22,17394.898698
38.052083,30,17395.518065
-32.5,31,17396.070418
40.276275,32,17396.676167
-38.29,30,17397.213158
-39.0,31,17397.810685
33.0,26,17398.318664
-47.4,22,17398.74367
-35.23,25,17399.134574
-30.0,34,17399.799183
-38.5,31,17402.557328
-41.4,30,17403.124435
32.650177,30,17403.67713
-32.03,33,17404.389872
-35.3,29,17405.045523
-39.0,58,17406.188403
32.551095,35,17407.096981
-32.68,31,17407.693767
-35.05,44,17408.562372
35.098214,26,17409.048582
35.831373,23,17409.461476
-38.81,23,17409.922965
-44.34,22,17410.313062
36.908478,30,17410.762397
37.740393,30,17411.321357
-33.0,32,17412.245328
-41.43,34,17414.674583
-40.58,27,17415.147091
35.742236,41,17415.870928
41.494063,66,17417.06325
41.901818,25,17417.585386
-38.31,29,17418.145334
-42.79,26,17418.628309
32.463918,34,17419.285235
32.277778,33,17419.897938
38.673004,36,17420.583597
41.411552,21,17420.980904
33.0,30,17421.541447
-38.91,34,17422.198298
-32.19,31,17422.790437
41.501577,29,17423.296083
37.880149,30,17425.610662
-32.59,29,17426.080676
-41.88,27,17426.528742
35.18251,24,17427.030184
-34.73,26,17427.584468
34.610817,28,17428.184792
35.510135,28,17428.760051
-38.5,28,17429.290485
37.32596,29,17429.851338
-38.56,23,17430.31023
-41.5,20,17430.714488
-47.06,20,17431.140299
-37.78,28,17431.695232
-32.69,31,17432.421901
35.345098,31,17433.056346
41.152542,19,17433.431119
-35.56,33,17434.121128
38.206751,46,17434.958619
-33.0,30,17435.449106
-40.93,30,17437.844025
-35.7,32,17438.549548
41.539735,24,17439.279828
38.559701,23,17439.700045
-39.0,22,17440.087206
-44.15,26,17440.579581
41.78,34,17441.252764
33.0,45,17442.102783
38.728972,26,17442.628116
-36.0,25,17443.147198
41.44,38,17443.876305
-44.14,22,17444.305164
-38.38,20,17444.693864
41.610039,28,17445.206168
-35.42,34,17445.900576
44.433956,61,17446.946111
-37.15,28,17447.411756
-32.02,35,17449.941088
40.730987,25,17450.40027
38.56993,26,17450.973612
35.361775,32,17451.591358
-43.76,17,17451.916384
-36.0,28,17452.472677
-32.77,33,17453.1329
-44.38,50,17453.97618
34.384972,33,17455.063144
-40.45,21,17455.489972
35.766537,24,17455.99015
-35.8,28,17456.489006
37.597037,26,17456.996499
43.540266,20,17457.402546
-38.58,27,17457.893262
37.855559,43,17458.90076
-36.0,33,17459.539275
32.625,55,17462.448744
41.0,32,17463.019475
-35.44,32,17463.673988
-35.01,42,17464.488617
-38.92,25,17464.97146
-41.01,22,17465.50632
-38.32,29,17466.10681
38.732824,29,17466.67328
40.905714,36,17467.381918
34.886635,32,17467.945905
-38.71,25,17468.418178
-39.0,28,17468.965722
-42.0,29,17469.451963
-44.01,30,17469.960688
39.0,25,17470.444163
32.676806,35,17471.009351
45.0,21,17471.419485
-41.29,28,17473.802984
-37.98,34,17474.461197
-41.01,40,17475.264533
-40.47,33,17475.873661
-38.42,34,17476.769598
38.894737,37,17477.561622
41.902128,15,17477.89806
-43.06,19,17478.271087
37.378769,58,17479.828063
-36.0,47,17480.729992
43.63067,27,17481.218629
35.333333,35,17481.826861
41.158385,22,17482.188596
-38.5,24,17482.888407
41.647059,25,17483.296441
39.0,28,17483.988669
-38.82,21,17486.274454
38.578571,35,17486.966302
44.003731,24,17487.441365
32.710611,30,17487.964211
-38.06,26,17488.470332
-35.42,29,17489.038861
-41.36,25,17489.546322
44.532847,22,17489.969927
-35.49,27,17490.485229
-35.04,23,17490.922669
-40.6,27,17491.451912
38.675573,51,17492.542298
-42.0,74,17493.770434
44.236515,22,17494.159954
43.659529,33,17494.76207
-41.79,25,17495.196285
-36.0,32,17497.687778
-35.77,30,17498.246208
-40.74,29,17498.825413
41.212995,27,17499.35165
-38.63,23,17499.824506
44.877551,25,17500.383293
44.213523,21,17500.828167
43.398758,22,17501.244945
-38.89,38,17501.993232
35.380567,30,17502.519254
36.0,90,17504.112092
-32.53,33,17504.687814
41.559949,23,17505.131675
-33.0,35,17505.866376
38.302381,32,17506.384846
35.386364,62,17509.444782
-38.94,30,17509.940177
41.395437,30,17510.284951
41.816547,27,17510.777678
38.901235,28,17511.503605
-42.0,24,17511.948008
41.441065,42,17512.773666
47.350675,19,17513.124269
-44.91,33,17513.801762
38.496689,29,17514.429175
-38.6,20,17514.783303
35.86921,45,17515.619873
-42.0,21,17515.99722
-35.42,28,17516.499075
-42.0,23,17516.879591
42.0,24,17517.258595
42.0,29,17517.731915
-35.91,26,17518.394057
-44.5,20,17520.527558
38.371308,29,17521.07969
-38.19,28,17521.634205
34.925856,28,17522.16296
35.677852,22,17522.609918
41.775424,27,17523.131771
44.432432,29,17523.708945
-38.8,23,17524.156002
32.296875,36,17524.890575
-35.06,35,17525.601806
44.442446,44,17526.42204
44.061728,21,17527.094811
-35.55,30,17527.609847
-44.2,31,17528.155532
-37.98,29,17528.627598
-38.23,26,17529.142895
38.450893,33,17529.694026
40.869811,18,17530.025084
39.0,32,17532.629538
-38.89,28,17533.101757
-35.61,36,17533.895069
33.0,28,17534.392759
-35.78,29,17534.967425
-41.11,39,17535.679149
-44.67,16,17535.98791
44.313793,24,17536.548315
36.0,38,17537.308793
-35.17,36,17538.045848
-38.83,26,17538.541618
-41.13,26,17538.99329
42.0,26,17539.432694
-35.19,25,17539.869486
41.450136,36,17540.518154
44.463415,18,17540.859363
45.0,24,17541.275064
-32.48,40,17541.942872
41.535055,25,17544.398462
-38.81,31,17545.122662
43.590253,27,17545.787875
-35.41,35,17546.480716
-34.89,47,17547.380898
-33.0,35,17548.058105
43.300705,22,17548.457302
35.222222,38,17549.168423
-44.25,27,17549.753291
44.590551,25,17550.248659
-36.0,36,17550.904026
-35.81,48,17551.739524
-32.25,32,17552.344802
-38.88,28,17552.849863
45.0,16,17553.135925
-41.13,21,17553.525454
-39.0,23,17553.917797
-44.2,44,17556.739495
44.553691,24,17557.234852
41.6875,35,17557.878727
35.558935,28,17558.480503
36.0,33,17559.108765
-38.09,27,17559.675697
41.00974,51,17560.660283
44.394366,18,17560.979192
-37.53,29,17561.54828
-34.73,30,17562.046596
-38.29,21,17562.40312
-39.0,23,17563.036408
38.209417,31,17563.65237
40.54266,31,17564.232026
32.087108,36,17564.85332
-44.21,19,17565.199902
40.945283,37,17568.45262
-32.17,31,17569.066017
-41.03,50,17570.00342
41.416667,20,17570.458543
47.557632,58,17571.826618
-45.0,29,17572.484854
41.876448,21,17572.92868
-38.13,31,17573.540724
41.503846,26,17574.120899
41.150407,25,17574.532125
41.861111,32,17575.141377
38.067999,55,17576.454527
38.115756,29,17577.016113
33.0,32,17577.617559
32.150579,31,17578.217213
40.703154,26,17578.725042
-38.72,26,17581.199582
44.510823,21,17581.632115
-41.36,31,17582.234093
36.945582,23,17582.668561
-32.3,35,17583.331283
-41.84,44,17584.239732
-38.91,27,17584.774658
40.967471,35,17585.45458
38.354701,29,17585.983434
40.306375,34,17586.899054
37.810475,31,17587.519882
35.380228,34,17588.158544
38.729084,23,17588.651622
-35.64,47,17589.82832
-32.52,36,17590.508552
-38.91,22,17590.902184
-41.47,21,17591.321894
-38.49,27,17593.976593
36.0,45,17594.809228
35.05694,37,17595.567499
35.754209,49,17596.563619
35.762082,27,17596.998841
38.464789,24,17597.38377
-39.0,31,17597.974829
43.572736,17,17598.28384
35.707165,41,17599.222885
-38.62,28,17599.784762
35.724528,34,17600.421674
-41.62,26,17600.900094
-35.5,25,17601.347122
-45.0,20,17601.739192
38.368254,61,17602.854357
39.0,25,17603.311632
44.140221,31,17605.917194
42.0,28,17606.461887
-35.65,28,17607.103725
-35.76,24,17607.529449
-34.17,38,17608.565521
-32.69,31,17609.206723
-38.7,28,17609.713692
-38.3,37,17610.479446
-47.15,18,17610.818357
-38.69,25,17611.243527
41.189189,24,17611.639569
-38.19,28,17612.089996
37.583032,42,17613.034929
32.688474,33,17613.651586
-38.71,36,17614.322321
-38.27,32,17614.91687
43.605772,42,17617.788024
40.54,27,17618.269122
34.554485,29,17618.765285
32.405512,29,17619.262604
31.61245,68,17620.383944
-38.74,28,17620.896178
32.795252,29,17621.452819
-45.0,18,17621.766547
-36.0,33,17622.353485
38.467866,31,17622.896936
43.633578,23,17623.271607
32.149068,54,17624.214221
-41.14,34,17625.586112
44.471616,20,17625.98974
38.692308,26,17626.490613
36.0,23,17626.91037
-32.18,24,17627.37511
44.285199,23,17629.732288
-35.7,37,17630.329494
41.377119,30,17630.831132
-35.84,32,17631.38914
31.910345,32,17631.943234
-39.0,24,17632.416736
40.261778,24,17632.828393
-38.29,34,17633.368776
-38.72,27,17633.839308
38.405204,26,17634.281567
38.15034,31,17634.890804
35.365854,24,17635.375435
-40.68,34,17636.016081
35.837535,34,17636.634636
34.530458,37,17637.342909
40.119083,25,17637.827501
-44.27,55,17640.960956
41.709544,29,17641.403908
38.086735,45,17642.151272
33.0,34,17642.741333
-33.0,30,17643.260478
-37.54,25,17643.715825
37.746515,34,17644.342096
40.502582,34,17645.326945
40.561757,29,17645.901148
-38.1,25,17646.37454
41.254902,28,17646.972131
-44.17,27,17647.586626
-38.3,28,17648.128902
-42.0,30,17648.727644
37.464429,30,17649.283875
35.473684,31,17649.841975
33.0,32,17650.791648
38.584527,29,17653.267473
-38.71,20,17653.697894
-48.0,19,17654.049615
34.819596,30,17654.622381
35.124193,30,17655.176362
-41.08,28,17655.68147
-42.0,34,17656.225538
41.003279,20,17656.583887
45.0,32,17657.206825
-37.05,38,17657.859604
-44.29,21,17658.323333
35.391635,36,17658.972878
36.0,28,17659.490822
43.667582,32,17660.088441
-38.42,29,17660.611016
32.672727,32,17661.242748
41.003205,21,17661.649499
31.930868,37,17662.365289
41.533101,35,17664.78096
-41.06,32,17665.285098
41.102649,29,17665.743432
40.357301,35,17666.574208
43.738398,20,17666.911326
38.447876,25,17667.312802
-38.94,27,17667.820903
39.0,35,17668.540475
-41.73,19,17668.917246
-32.41,29,17669.464044
41.199281,31,17670.070523
32.634241,31,17670.604874
32.68797,34,17671.257308
45.0,23,17671.658771
-41.7,38,17672.402693
42.0,39,17673.109937
-44.85,24,17673.494502
38.492958,25,17675.771274
-38.71,30,17676.451739
-40.41,24,17677.004333
43.989268,30,17677.497643
32.657895,41,17678.17379
36.0,33,17678.762283
38.5,54,17679.792398
35.100843,34,17680.50627
35.397638,35,17681.266292
-47.5,21,17681.763667
-32.91,29,17682.467978
-41.55,24,17682.957943
-43.86,25,17683.449399
-41.11,39,17684.263555
35.115106,28,17684.883411
38.523819,34,17685.652645
-38.46,36,17688.691774
39.0,29,17689.302147
35.806452,38,17689.988645
-38.51,37,17690.68014
38.852399,32,17691.27149
44.270968,28,17691.801719
41.338182,29,17692.354392
38.176056,34,17693.330765
-38.29,24,17693.822402
-38.01,86,17695.810477
31.502762,36,17696.621377
35.5,27,17697.113852
44.34442,26,17697.61994
39.0,25,17698.0831
44.419118,22,17698.449703
32.21673,27,17700.83143
38.567797,28,17701.284325
34.562095,29,17701.765502
-35.4,42,17702.46768
43.656275,27,17702.947942
-39.0,40,17703.718308
41.669202,29,17704.414212
-32.94,34,17705.047268
-32.17,54,17706.010164
42.0,25,17706.329584
-35.02,27,17706.715214
38.22619,34,17707.325421
-35.41,34,17707.972138
-39.0,24,17708.409256
43.025744,27,17708.894692
-47.37,40,17709.566305
32.307985,27,17711.828954
-34.55,43,17712.637402
38.171533,20,17712.99485
-38.27,29,17713.456791
-43.48,24,17713.855425
41.467532,32,17714.421763
-44.69,32,17714.969715
-35.48,32,17715.588173
-35.57,42,17716.411556
-44.11,25,17716.878806
35.915556,33,17717.780476
45.0,21,17718.38177
-40.8,24,17718.829501
34.745301,45,17719.744733
-34.18,28,17720.228704
-37.97,26,17720.732544
39.880855,24,17721.087575
-44.17,27,17723.439936
43.192351,24,17723.891919
-43.71,27,17724.421966
40.590102,24,17724.887989
44.467181,18,17725.213859
-38.84,44,17725.948866
-42.0,21,17726.289956
-33.0,23,17726.710077
30.0,36,17727.351441
34.397456,32,17728.003306
41.246649,27,17728.478876
-37.97,88,17730.218146
-43.57,31,17730.77103
-41.53,21,17731.153636
35.340081,28,17731.76452
37.842222,30,17732.294265
-42.0,39,17734.886493
40.579153,32,17735.457633
-38.11,34,17736.059286
41.361446,31,17736.590371
-35.25,35,17737.158703
39.0,25,17737.624628
-44.05,21,17738.030393
35.702206,28,17738.590733
40.824769,22,17738.999443
38.902527,27,17739.461235
40.638271,20,17739.844662
-35.29,37,17740.50089
47.842282,28,17741.062239
37.709406,29,17741.636624
39.978512,62,17742.947845
-38.35,25,17743.475845
-39.0,60,17746.336247
-38.48,31,17746.880218
-45.0,33,17747.524614
-37.12,31,17747.993917
-32.63,36,17748.656145
-41.11,20,17749.008642
38.461818,34,17749.685884
35.627615,31,17750.282879
-38.03,33,17750.918784
35.413333,47,17752.335117
-32.56,39,17753.06064
39.0,66,17754.370743
-41.22,25,17754.812329
32.260163,29,17755.953136
-32.88,28,17756.599952
34.823038,40,17759.338506
-36.0,44,17760.139941
35.869732,25,17760.636157
43.615985,26,17761.164858
34.632743,28,17761.674804
-36.0,28,17762.153959
47.937269,28,17762.670409
41.634758,30,17763.275112
-37.86,29,17763.80781
39.0,32,17764.41752
44.448997,22,17764.811167
-47.7,38,17765.50563
-40.89,26,17765.977991
-32.11,45,17766.713831
38.404389,30,17767.204293
38.74026,31,17767.700712
-41.13,24,17770.072469
32.385757,51,17771.162524
32.594017,41,17772.225987
-35.81,25,17772.729824
37.629763,43,17773.498538
32.594595,49,17774.967938
32.419708,32,17775.548347
44.01929,20,17775.933341
37.727023,28,17776.438458
-30.0,45,17777.220197
-41.12,34,17777.820372
-38.13,23,17778.213003
32.321705,41,17778.881968
-42.0,25,17779.407993
32.512281,38,17780.102232
35.180132,52,17782.853233
-44.56,19,17783.231163
-38.0,22,17783.803588
33.874196,48,17784.725975
-35.27,24,17785.194979
37.072439,39,17785.974089
32.914729,33,17786.607367
-39.59,52,17787.559195
-35.41,30,17788.393676
-35.81,30,17788.897843
-36.0,36,17789.520954
-47.29,25,17789.937726
-34.65,34,17790.556123
40.785026,21,17790.95591
-32.46,27,17791.481251
-45.0,22,17791.872322
39.0,26,17794.181303
-46.89,22,17794.56504
-40.85,36,17795.237328
38.142384,32,17795.959456
39.0,44,17796.88751
41.057915,20,17797.240035
45.0,27,17797.849023
38.137594,26,17798.372913
35.904564,42,17799.296429
32.206997,27,17799.811182
-38.67,24,17800.226036
37.687169,32,17800.762851
43.45978,34,17801.328123
44.184401,25,17801.752793
44.402985,35,17802.432758
-40.56,20,17802.771021
38.387021,24,17803.186492
32.835616,34,17805.579736
-38.16,42,17806.315347
-43.9,51,17807.18793
-41.99,26,17807.638286
-32.21,62,17809.536882
-35.11,33,17810.13045
-41.58,35,17810.747125
-45.0,26,17811.295712
-32.07,35,17811.904278
-41.09,27,17812.484406
41.630724,28,17813.066727
47.024291,14,17813.365751
36.0,31,17814.014965
38.513423,26,17814.559727
-41.72,46,17815.456608
-35.74,38,17818.448858
41.76834,25,17819.019101
38.259124,23,17819.542266
-41.76,22,17820.03488
-40.82,29,17820.652777
-34.88,33,17821.735128
36.0,38,17822.93491
-32.33,28,17823.707659
-47.82,18,17824.066669
32.449664,31,17824.662732
-36.98,39,17825.296536
35.795455,29,17825.758362
-44.52,25,17826.219026
31.660991,59,17827.213085
-44.0,24,17827.662011
44.733083,24,17828.070779
-33.0,39,17828.756428
41.876984,24,17831.123721
-42.0,28,17831.822155
-37.19,25,17832.357797
-35.81,40,17833.049596
37.03572,32,17833.659306
35.409836,29,17834.252791
-42.0,23,17834.640807
-38.08,27,17835.112095
-35.14,35,17835.723239
-37.56,29,17836.260308
47.110266,14,17836.548529
44.970909,68,17838.296478
-38.32,24,17838.716164
-35.32,38,17839.385455
44.611552,37,17840.047773
-41.31,34,17840.784487
-44.17,21,17843.1054
-34.51,26,17843.590514
47.116338,27,17844.142573
46.397071,35,17844.790207
-38.84,24,17845.267535
-35.12,30,17845.833294
-41.33,26,17846.275968
-35.19,31,17846.911924
41.893536,28,17847.363084
-32.01,35,17848.124825
39.0,27,17848.800875
41.022082,22,17849.333517
38.026049,27,17849.883201
38.501845,34,17850.507252
45.0,26,17850.962881
-46.99,37,17851.544881
38.625,28,17852.083776
41.793651,31,17852.657568
-39.0,26,17855.057225
41.306452,26,17855.568921
-41.27,38,17856.248721
38.291732,31,17856.786739
-35.57,29,17857.289135
35.349376,39,17857.945053
-40.69,24,17858.371913
-42.99,24,17858.920975
41.045509,23,17859.440755
41.900398,18,17859.760396
-47.42,13,17860.077879
35.264925,32,17860.628419
38.626923,41,17861.388359
34.977444,29,17861.957941
32.798561,31,17862.486696
38.592233,25,17862.949042
35.900735,36,17863.917153
38.957529,31,17864.540303
38.682927,21,17867.095121
-45.0,38,17867.857953
34.420718,34,17868.463048
-43.13,30,17868.949782
-38.47,26,17869.43778
41.064639,34,17870.851771
-38.76,51,17871.840853
-44.55,23,17872.410134
33.0,36,17873.035229
-41.41,66,17874.101094
-41.11,41,17874.885642
-35.77,35,17875.846886
-33.62,35,17876.54376
-37.13,31,17877.193391
44.350195,25,17879.723495
-35.63,37,17880.347787
42.0,27,17880.84001
-32.3,50,17881.692378
39.0,31,17882.237446
32.840136,40,17882.973317
41.299663,25,17883.446739
45.0,23,17883.899414
35.368039,28,17884.363996
-44.77,25,17884.831568
-33.0,42,17885.535759
-35.15,42,17886.435816
-45.0,20,17886.878256
33.0,40,17887.685297
41.269091,20,17888.099772
-38.79,29,17888.69945
-42.0,22,17889.12238
-38.72,26,17891.469339
37.94523,29,17891.97821
-35.28,23,17892.384803
-42.52,29,17892.930104
-40.18,48,17893.857387
-44.92,22,17894.300406
32.746528,31,17895.01256
41.617363,31,17895.648119
35.430894,26,17896.111252
-34.66,32,17896.704056
-48.0,28,17897.299169
-43.69,37,17897.961122
-36.0,31,17898.523216
40.560359,27,17898.999608
32.566225,33,17899.595034
35.29661,27,17900.077484
-41.11,27,17900.638781
41.36755,20,17903.039875
44.644629,27,17903.589012
43.565129,32,17904.172143
38.344812,26,17904.696186
-41.05,21,17905.127204
32.583333,38,17905.923406
39.0,22,17906.453659
-40.82,39,17907.290622
-44.52,22,17908.23242
44.350806,26,17908.70134
41.093985,31,17909.257288
-44.49,26,17909.772384
-34.51,42,17910.631726
-35.49,34,17911.389768
43.635628,25,17912.004444
41.846442,22,17912.49863
38.337884,31,17913.146772
39.0,50,17916.198487
-41.23,44,17917.033784
35.5,23,17917.427877
38.203081,22,17917.969092
38.088435,25,17918.423643
-32.3,34,17919.390926
36.0,38,17920.396743
38.06338,28,17920.874304
-38.11,38,17921.553384
35.5,23,17922.003614
-32.8,36,17922.640455
41.641737,30,17923.164829
35.157895,38,17923.826089
-41.51,25,17924.279462
36.0,30,17924.83115
-38.11,27,17925.341219
-38.26,29,17925.882442
32.004149,31,17929.051278
-43.16,25,17929.534987
36.0,36,17930.404681
46.31583,23,17930.80363
-41.32,25,17931.283544
47.401575,26,17931.795123
33.0,28,17932.328217
-38.09,31,17932.877405
40.959073,33,17933.430955
-38.41,22,17933.856268
-41.9,21,17934.254807
-38.18,29,17934.832296
39.0,21,17935.504481
42.989876,28,17936.050503
-37.31,37,17936.710409
-37.11,40,17937.459566
-44.7,23,17938.437215
41.998175,21,17938.812215
41.334694,27,17941.134218
44.619926,25,17941.640555
-38.07,29,17942.214105
33.0,45,17943.010849
40.855954,31,17943.596868
-41.95,21,17943.905326
-45.86,23,17944.308264
-32.07,38,17945.023671
36.0,29,17945.605058
-42.0,25,17946.296364
-41.74,21,17946.672597
-38.38,35,17947.267125
42.0,27,17947.755949
-35.91,31,17948.346293
41.585185,23,17948.770592
-41.42,26,17949.267482
39.0,27,17949.75726
39.0,31,17950.332049
41.879518,30,17952.720262
44.273872,22,17953.120185
-35.31,46,17953.978749
-38.74,21,17954.340971
34.938112,29,17954.829129
-35.28,30,17955.346303
38.5,34,17956.204446
-38.51,33,17956.825405
38.494898,29,17957.348187
-40.9,25,17957.814493
36.0,29,17958.372103
-35.02,39,17959.083053
41.503676,35,17959.808366
-41.57,24,17960.272241
44.675676,23,17960.734942
32.403361,33,17961.310821
-34.61,49,17962.155463
39.0,26,17964.494133
-32.12,26,17965.015489
39.0,39,17965.898101
-38.08,25,17966.336159
38.34296,32,17966.946359
33.0,29,17967.603449
32.447917,28,17968.209756
39.0,31,17968.864366
-47.41,15,17969.239857
37.967838,27,17969.785512
-37.56,45,17970.75428
-42.0,22,17971.49478
-32.81,32,17972.25789
35.655172,31,17972.897274
-32.68,28,17973.433174
38.470199,27,17973.90227
-36.0,33,17974.459518
-41.47,21,17974.820373
39.0,27,17977.144223
38.63818,31,17977.697458
-41.6,22,17978.032889
32.235431,39,17978.717629
-44.24,23,17979.274575
47.490775,29,17979.796215
-41.25,23,17980.19759
-35.69,35,17980.839767
-40.84,25,17981.321874
-39.73,62,17982.653728
-41.39,41,17983.377851
35.48289,35,17984.470785
36.0,26,17984.939215
-34.68,28,17985.415341
38.790441,26,17985.846748
38.446903,87,17989.176725
39.0,31,17989.765337
44.156383,19,17990.206166
-39.0,23,17990.747933
-41.94,29,17991.320719
39.841296,40,17992.068774
41.785211,23,17992.70468
41.900763,27,17993.227757
-38.34,24,17993.711246
-38.15,26,17994.161175
45.0,30,17994.71738
43.414966,30,17995.261656
35.50495,36,17995.921766
-35.44,24,17996.341738
42.0,36,17996.986024
-38.38,38,17997.597205
37.54373,34,18000.301846
37.545852,28,18000.80051
43.570912,23,18001.241063
-31.88,44,18002.124725
41.310219,22,18002.591257
-38.35,27,18003.065278
-32.2,35,18003.764614
38.227119,30,18004.435905
32.759197,33,18005.07364
38.611765,24,18005.559698
-44.15,50,18006.474511
43.811213,26,18006.945474
44.007042,21,18007.336836
35.666667,34,18008.134607
-44.32,36,18008.694913
-39.0,44,18009.540769
47.049242,17,18009.845664
38.130769,35,18012.550938
-35.84,31,18013.134178
-38.83,27,18013.652018
32.231061,30,18014.200086
-41.92,23,18014.622666
38.597173,25,18015.06331
33.0,28,18015.587204
40.91035,29,18016.130415
-38.12,25,18016.569806
-41.27,39,18017.17987
37.74359,45,18017.985621
-38.1,27,18018.493955
32.901709,36,18019.149407
35.014925,33,18019.700061
-35.5,34,18020.234281
-38.72,27,18020.692886
32.620579,42,18023.189587
38.109694,27,18023.65625
38.274809,24,18024.279642
41.132446,25,18024.774007
37.277558,35,18025.414791
38.793696,36,18026.120776
43.782589,25,18026.613066
-33.0,30,18027.152923
37.453987,25,18027.670773
42.0,23,18028.112597
41.927739,30,18028.742708
35.148459,32,18029.485443
-41.77,28,18030.008177
38.018973,26,18030.411543
-34.56,29,18030.93143
43.766327,19,18031.281364
38.263736,24,18031.717265
-41.06,24,18032.157583
-38.17,24,18032.605234
41.389961,34,18035.110135
44.429032,27,18035.70966
32.695312,33,18036.359484
37.551816,28,18036.878165
-33.0,28,18037.423276
39.0,34,18038.069299
-35.94,77,18039.586508
41.705882,26,18040.115978
35.425197,45,18040.98481
-38.0,26,18041.458867
41.749049,21,18041.841169
-32.44,31,18042.376992
-38.39,32,18042.951228
38.902439,31,18043.633341
38.229773,33,18044.288625
-32.41,32,18046.761023
-35.81,31,18047.349967
-35.79,27,18048.090379
32.412639,40,18048.842734
-42.0,19,18049.326705
-38.43,31,18049.973699
-38.66,22,18050.420481
32.492958,34,18051.642063
43.374411,22,18052.035848
-37.53,24,18052.484601
35.133333,33,18053.077048
41.423948,21,18053.427783
38.903226,25,18054.018418
41.804196,23,18054.421602
39.0,27,18054.87831
-40.92,32,18055.404757
36.0,32,18056.011132
38.392523,25,18056.505553
-38.21,44,18059.662497
-47.58,25,18060.274695
-38.7,30,18060.891837
-38.94,23,18061.3822
32.672474,31,18062.103979
35.334545,28,18062.633312
38.227414,25,18063.154969
-41.31,27,18063.608049
39.0,42,18064.513431
-38.29,47,18065.467447
44.054755,33,18066.271503
-42.0,22,18066.63093
-44.05,27,18067.179681
35.711268,31,18068.114884
-33.0,32,18068.600045
-43.46,23,18069.003514
-42.0,25,18069.43754
-35.36,38,18072.235253
38.753555,26,18072.703101
-35.91,35,18073.307663
-35.04,35,18073.980973
-41.45,25,18074.365533
-32.31,38,18075.043382
-44.96,35,18075.698431
-36.0,31,18076.279979
-39.97,37,18077.132103
41.115079,29,18077.606477
33.0,28,18078.079083
-35.58,36,18078.74147
41.337662,25,18079.158141
35.462222,31,18079.746342
43.946721,56,18080.866679
-44.85,21,18081.350864
32.524528,31,18083.79038
-32.48,45,18084.586376
-41.41,26,18085.119975
-44.18,22,18085.499451
38.64881,39,18086.247015
-33.0,29,18086.857509
38.385851,23,18087.464274
-44.12,24,18087.958584
-43.2,29,18088.550701
-47.73,19,18088.835844
-35.54,33,18089.444613
-41.46,19,18089.805259
-41.14,25,18090.264485
41.794776,22,18090.620949
38.208953,23,18091.035837
-32.23,37,18091.64948
35.908127,45,18092.504178
38.726708,24,18092.978502
36.0,35,18095.489576
-44.8,23,18095.920456
38.022305,27,18096.415879
40.877404,34,18096.993902
37.57759,29,18097.560971
-37.92,27,18098.062131
38.753488,34,18098.647413
-37.77,32,18099.425904
-33.0,26,18099.841367
-38.16,31,18100.324184
42.0,20,18100.714082
-35.49,28,18101.172568
-38.18,25,18101.585846
41.27993,26,18102.029208
39.0,25,18102.494337
38.556338,31,18103.226977
-35.93,27,18103.722807
35.289655,30,18104.255546
34.853255,44,18106.975999
32.131274,32,18107.583746
37.0254,34,18108.198735
43.740824,16,18108.503636
-41.79,47,18109.356547
32.385757,41,18110.083297
-33.0,36,18110.685003
-41.04,25,18111.084148
-32.43,49,18111.879035
-40.78,47,18112.597973
40.62264,25,18113.006136
-41.76,18,18113.428066
41.044776,24,18113.971826
-41.46,23,18114.438015
-45.0,16,18114.725178
41.61516,22,18115.113309
-32.33,34,18117.650328
-44.34,36,18118.250561
-35.7,26,18118.74108
47.851852,25,18119.249125
38.465201,24,18119.722799
-32.33,29,18120.283257
-38.43,29,18120.833244
-47.25,29,18121.391847
-43.78,27,18121.898391
-35.27,25,18122.319096
39.0,36,18122.944097
38.944251,32,18123.429639
-38.3,34,18123.92863
-37.91,39,18124.582974
-38.01,26,18125.037084
-35.5,32,18125.670438
35.752852,33,18126.243946
-38.07,27,18128.698194
-44.55,28,18129.186738
45.0,22,18129.56548
-36.0,23,18129.995744
-41.36,30,18130.717353
32.116466,32,18131.341409
-35.72,28,18131.987367
-41.3,33,18132.669874
-41.73,28,18133.179755
-36.0,24,18133.546248
-38.37,29,18133.98841
-35.59,33,18134.512497
-44.39,21,18134.839974
44.084806,24,18135.241212
40.863127,23,18135.65981
44.579755,30,18136.191502
-41.28,32,18136.788326
34.720641,30,18137.319946
-44.32,29,18137.888707
38.040179,51,18140.980344
41.0875,26,18141.464324
-33.84,35,18142.133829
36.0,32,18142.874796
31.839483,36,18143.554215
38.588889,29,18144.097031
-38.0,32,18144.667408
-38.59,27,18145.158552
-39.0,32,18145.636514
-35.08,27,18146.089379
38.665428,41,18146.990953
-33.0,47,18148.3795
-32.75,27,18148.909624
40.881259,29,18149.443684
37.232165,24,18149.932187
41.178082,29,18152.383789
-42.0,27,18152.868451
-47.54,24,18153.337193
41.682353,47,18154.427976
-36.0,31,18155.035578
-38.91,28,18155.54469
-40.04,36,18156.136895
-38.72,58,18157.111313
-35.4,31,18157.71474
33.0,34,18158.349055
32.121951,30,18158.91993
-44.37,26,18159.40232
-35.38,41,18160.433448
-41.5,22,18160.916798
-34.69,29,18161.530603
39.0,27,18162.066632
-39.0,45,18165.0786
-40.21,36,18165.922117
-43.87,19,18166.298408
-38.27,25,18166.725468
35.411932,33,18167.300959
-41.81,19,18167.568585
-38.88,19,18167.885524
-40.88,22,18168.255911
35.782222,34,18168.787381
-32.14,36,18169.446544
-44.43,19,18169.814905
35.507143,34,18170.460207
40.613224,20,18170.978574
-38.82,39,18171.729379
-35.44,38,18172.459279
32.406504,36,18173.121944
38.876923,31,18173.676763
41.852941,27,18176.20623
35.238806,34,18176.896325
35.598361,30,18177.440793
-35.7,30,18177.946774
-32.61,41,18178.775227
37.795722,38,18179.616382
41.352518,22,18179.980921
33.0,34,18180.624914
-44.13,21,18181.250086
44.146226,25,18181.707563
-41.46,18,18182.465127
-37.83,28,18183.019118
-35.6,28,18183.585135
35.225,32,18184.214655
-41.0,29,18184.707735
-44.3,42,18185.520299
-41.19,28,18186.106272
41.347015,21,18186.498632
-34.52,33,18188.916015
41.53937,37,18189.46509
-35.42,26,18189.845142
35.508046,37,18190.424518
40.109486,29,18191.286213
35.057252,53,18192.544292
-38.91,36,18193.325292
-41.09,48,18194.218969
-35.31,35,18195.010548
44.179961,38,18195.762066
40.942316,22,18196.17275
-37.63,27,18196.705837
-38.44,33,18197.371652
-37.23,48,18198.195654
-32.93,36,18200.806755
39.0,19,18201.087751
44.141479,20,18201.387922
-41.59,24,18201.781984
-32.44,31,18202.190589
38.359482,37,18202.826457
41.125,28,18203.36846
-32.64,36,18204.058714
-33.0,31,18204.640491
-35.52,51,18205.547504
-38.2,26,18206.015522
32.560748,27,18206.470832
35.760618,31,18207.052008
-47.79,28,18207.729509
38.671153,28,18208.304268
-32.36,33,18208.970843
44.50625,19,18209.376782
35.076159,30,18211.950634
-38.5,36,18212.483421
-34.38,33,18212.970296
44.35743,21,18213.775561
32.081967,36,18214.392534
43.811358,32,18215.013963
-37.96,34,18215.667062
-35.34,34,18216.196488
-38.91,38,18216.957416
-34.67,37,18217.815818
36.0,31,18218.443291
43.14829,55,18219.485012
-35.27,29,18219.997377
-39.0,29,18220.581471
41.896104,22,18220.964405
-44.38,20,18221.321429
41.586466,23,18223.627155
-38.84,27,18224.101304
-38.59,29,18224.536946
-36.0,44,18225.307195
-43.59,37,18225.995452
-40.15,24,18226.50283
-39.87,30,18227.121475
-34.13,31,18227.673121
44.829787,15,18227.950721
35.960699,23,18228.381557
38.586942,24,18228.857452
32.403315,31,18229.448891
44.159533,18,18229.737525
40.306431,19,18230.139535
-38.22,35,18230.788274
-32.64,28,18231.313407
38.901887,55,18232.334526
-35.36,30,18232.878212
43.294326,20,18235.301238
-38.47,31,18235.763676
-38.33,24,18236.173751
-41.76,27,18236.697706
-46.71,20,18237.049464
-47.23,18,18237.430357
40.627572,18,18237.784935
45.0,22,18238.181154
38.636364,36,18238.891086
44.010909,25,18239.549155
-35.15,26,18240.080917
-35.5,30,18240.658506
-42.0,22,18241.065824
-41.37,28,18241.576186
42.0,17,18241.920537
-40.98,21,18242.337262
-40.24,74,18243.908791
-37.87,30,18244.673038
35.5625,28,18245.207688
41.849602,30,18247.609539
-31.8,38,18248.284781
33.0,26,18248.809768
-41.22,35,18249.463066
38.715107,28,18249.974888
-42.0,24,18250.424564
41.109915,24,18250.913755
38.608974,25,18251.383864
38.736842,28,18251.921527
34.404716,32,18252.550658
35.65,28,18253.068943
-37.68,24,18253.522223
-42.0,24,18253.968469
32.641379,37,18254.756786
-39.0,38,18255.64962
35.926282,28,18256.193101
-45.0,33,18256.741559
-44.59,24,18259.163017
39.539545,31,18259.750654
-32.47,26,18260.238795
-44.13,24,18260.871192
-41.07,22,18261.205653
32.558394,40,18261.997283
44.673993,19,18262.32084
36.2252,28,18262.864756
38.267544,31,18263.549545
47.040632,25,18264.063196
-39.0,24,18264.551939
39.0,38,18265.306253
-35.44,37,18266.031853
41.809969,26,18266.694811
-41.56,43,18267.511161
-38.1,30,18267.96441
-38.18,27,18268.423697
-44.69,25,18268.827617
-40.59,25,18271.228432
32.026415,33,18271.882131
46.913793,26,18272.408857
-39.0,28,18272.934306
37.534886,27,18273.327626
-40.82,31,18273.983938
-41.56,23,18274.466933
-40.18,24,18274.89733
35.787234,43,18275.752637
35.805054,28,18276.306883
-38.18,23,18276.747653
-32.28,25,18277.196036
-32.14,36,18277.86127
42.0,22,18278.418021
-41.8,40,18279.099127
-38.5,30,18279.659991
47.033379,18,18279.975514
-38.01,30,18280.517066
37.788119,34,18283.036756
44.158672,28,18283.586872
35.830935,33,18284.204293
-38.16,26,18284.720155
38.506993,35,18285.383813
-32.24,25,18286.104466
-41.18,24,18286.553838
44.167582,38,18287.270258
-35.2,30,18287.831677
38.138614,38,18288.582626
33.608893,50,18289.571181
-42.0,21,18289.945275
-41.57,17,18290.308088
38.884735,25,18290.795573
-47.75,40,18291.520344
41.558386,61,18294.384155
-41.89,20,18294.771367
-36.94,29,18295.220193
-44.36,33,18295.819697
-40.44,34,18296.497765
37.710393,32,18297.424348
42.0,23,18297.938716
-32.25,35,18298.657902
43.945859,29,18299.376328
38.188525,28,18300.011249
32.355301,29,18300.558221
-46.62,27,18301.076236
38.902344,21,18301.486645
38.892195,42,18302.604542
-32.42,36,18303.266315
43.644737,19,18303.612038
41.804878,43,18304.290096
-35.35,30,18306.870909
35.514894,35,18307.517939
45.0,25,18307.921855
-44.41,16,18308.226047
-36.0,26,18308.712948
-38.66,34,18309.350648
35.5,28,18309.860166
-44.09,39,18310.58039
-40.63,42,18311.479774
-41.07,26,18312.009557
-37.6,23,18312.521841
-32.92,29,18313.371351
47.51711,19,18313.813737
-44.38,30,18314.476638
-32.19,39,18315.304324
38.944828,22,18315.769608
-41.15,56,18316.767712
35.518248,29,18319.576266
-35.45,52,18320.656242
-35.64,34,18321.452912
-32.11,36,18322.172194
38.014778,39,18322.894144
38.138528,71,18324.219669
-42.0,26,18324.866375
-41.02,24,18325.36666
-44.06,19,18325.713619
-44.19,18,18326.070012
-41.32,24,18326.512706
-41.94,23,18326.898421
-44.44,33,18327.487817
43.850361,39,18328.074416
-36.0,29,18328.526678
41.087774,35,18329.084749
-38.88,35,18331.770345
32.67451,29,18332.33226
-35.55,33,18332.96429
-43.8,101,18334.813585
-36.0,70,18336.148095
35.877729,28,18336.632185
-36.0,41,18337.388969
-44.64,38,18338.09165
-32.91,40,18338.73601
-36.29,27,18339.310161
-39.0,30,18339.957462
33.0,34,18340.517448
-41.81,26,18342.995074
-41.47,34,18343.573439
-45.0,31,18344.114938
-37.72,33,18344.816152
-32.31,29,18345.365199
41.86875,23,18345.8354
-42.0,24,18346.33509
-40.49,31,18346.933974
-47.95,49,18347.852505
38.151891,27,18348.387033
32.949074,38,18349.249706
-38.53,32,18349.851705
-32.24,38,18350.616875
37.562663,24,18350.971284
38.871795,23,18351.396199
-38.69,31,18351.897699
38.10687,24,18352.31281
-36.0,27,18354.791399
-42.0,22,18355.189343
44.11757,23,18355.668108
-46.27,18,18356.013054
-35.95,42,18356.781062
41.401434,21,18357.176531
-41.25,34,18357.954922
-39.99,27,18358.459472
-32.14,32,18359.038987
47.472441,19,18359.439263
41.900735,20,18359.760666
-40.86,22,18360.169562
-37.38,32,18360.72606
48.0,21,18361.076217
45.0,19,18361.381763
38.613497,26,18361.846309
-38.47,20,18362.179881
-32.25,36,18362.789972
32.625616,32,18363.403223
35.294118,44,18366.184685
34.462205,31,18366.844683
35.823741,31,18367.406394
44.416221,18,18367.708462
38.9,27,18368.206892
-41.07,23,18368.650632
-33.0,35,18369.301752
-32.25,35,18369.994698
45.0,23,18370.409064
32.472441,28,18370.96835
-41.4,40,18371.628429
-35.44,48,18372.453639
34.783526,68,18373.497138
-35.34,30,18373.969676
38.119454,20,18374.343171
-39.0,28,18374.835224
-37.02,39,18377.654592
-43.9,22,18378.077834
-32.09,40,18379.030581
-38.26,19,18379.374916
38.877483,28,18379.886708
32.584848,31,18380.451738
-41.28,24,18380.897371
-38.81,32,18381.481063
-41.76,33,18382.098094
41.659176,24,18382.553232
-38.58,32,18383.112882
-41.96,31,18383.592137
35.835498,30,18384.056035
41.285171,33,18384.593259
-41.12,25,18385.011168
39.0,24,18385.393144
36.0,27,18385.877359
37.837621,24,18388.413294
-37.97,34,18388.987763
38.110266,27,18389.479776
44.81749,20,18389.888497
-37.28,22,18390.282893
38.818868,32,18391.033231
-41.2,34,18391.717654
38.53937,26,18392.284253
-40.44,34,18392.955864
-47.34,17,18393.207607
34.77273,30,18393.771397
37.730189,35,18394.359593
-47.91,25,18394.760978
44.21943,22,18395.153963
38.859649,28,18395.557432
-42.0,26,18396.370505
36.0,39,18397.309796
-44.4,24,18397.762514
-41.58,24,18398.17221
-41.35,22,18400.44358
39.0,43,18401.247123
-32.05,30,18401.688255
38.322314,45,18402.343052
-37.83,35,18402.864055
-44.3,25,18403.238151
32.421245,37,18403.791419
-35.83,36,18404.677544
-41.02,56,18405.550957
38.715953,31,18405.990027
-44.3,22,18406.315691
34.433598,34,18406.76986
38.616487,25,18407.17215
47.822581,24,18407.526521
-31.91,35,18408.050611
-38.27,33,18410.345577
35.257525,26,18410.723929
-35.14,27,18411.091545
35.366197,26,18411.467029
33.0,39,18412.044831
44.725191,25,18412.437731
40.806202,23,18412.77235
-32.51,33,18413.277556
38.049618,33,18413.779539
33.0,36,18414.29198
-37.98,37,18414.839848
32.176245,36,18415.330426
42.0,42,18415.876446
46.81746,31,18416.291592
44.118182,18,18416.581778
36.0,35,18417.076237
41.162015,24,18417.458771
35.495726,34,18420.503115
-42.0,24,18420.885534
-41.66,26,18421.321311
-38.65,25,18421.666242
-38.18,25,18422.061481
36.0,29,18422.485973
-37.87,24,18422.86842
-32.64,36,18423.548729
-41.12,25,18423.926572
44.356061,22,18424.206255
41.951493,27,18424.567957
33.0,34,18424.985712
-44.62,22,18425.306903
36.0,39,18426.040416
-34.6,25,18426.384715
-41.03,22,18426.72531
37.492082,34,18427.196604
-41.74,25,18427.611459
-41.13,20,18427.953151
-37.85,23,18430.144588
39.0,28,18430.577388
-37.25,25,18430.975075
35.875371,29,18431.411682
32.218462,27,18431.801162
-32.45,44,18432.628521
36.910521,51,18433.371781
37.354945,38,18433.922964
37.570261,32,18434.409198
47.5,26,18434.88713
35.763848,36,18435.790574
-41.71,26,18436.178395
43.555557,26,18436.521909
41.939502,24,18437.02499
41.062762,30,18437.51518
-44.03,26,18437.9073
-34.79,47,18440.425397
39.0,25,18440.803393
-35.34,30,18441.276371
40.442962,31,18441.795621
-41.2,27,18442.16415
-34.47,31,18442.575668
-32.23,34,18443.037339
41.364964,23,18443.378626
-37.36,43,18444.024019
41.669421,25,18444.43492
41.413199,28,18444.805524
32.705224,40,18445.378662
-38.32,22,18445.70506
-40.25,27,18446.119921
-40.52,32,18446.564528
42.0,21,18446.834486
-38.17,18,18447.11699
35.813433,32,18447.597655
-34.62,32,18449.888159
38.957792,23,18450.230169
-33.0,26,18450.60505
-40.78,23,18450.880128
40.829861,24,18451.235742
32.895161,31,18451.714785
-41.34,30,18452.140605
38.178462,23,18452.492297
-34.5,39,18453.073678
43.448801,29,18453.56003
39.0,31,18454.074549
-40.78,22,18454.525152
35.654618,24,18454.87999
-44.38,26,18455.252026
-44.78,27,18455.661194
35.279528,28,18456.087198
44.681356,25,18456.438578
-34.36,31,18456.905299
-38.02,27,18459.062186
-32.79,30,18459.476944
47.154717,21,18459.798594
-41.91,21,18460.065283
-41.1,25,18460.436631
39.0,23,18460.725312
-44.46,27,18461.105168
-34.37,37,18461.672769
38.117188,25,18462.033982
44.245912,23,18462.361308
-38.28,52,18463.184564
35.225455,33,18463.692233
-36.78,35,18464.36957
35.268293,30,18464.795253
41.127273,23,18465.176206
40.580495,18,18465.439086
-37.9,28,18465.856279
38.654618,31,18466.314608
32.578723,36,18468.488538
-38.22,26,18468.836378
35.239216,41,18469.45155
-35.52,27,18469.8656
47.360656,30,18470.341718
-41.58,24,18470.654869
41.355705,27,18471.172842
41.014134,20,18471.57799
-33.0,26,18471.9958
36.0,27,18472.38294
-37.58,32,18472.854317
-41.21,65,18473.847682
-41.27,24,18474.194571
-44.01,28,18474.634741
47.186441,30,18475.204867
41.314765,27,18475.585729
38.396634,24,18475.947879
-35.65,25,18477.908437
-37.43,28,18478.27552
39.0,20,18478.613355
38.772334,46,18479.479192
-41.65,24,18480.0037
-37.07,37,18480.503356
-37.89,33,18480.935313
43.536038,27,18481.258303
35.752809,47,18481.971339
41.528889,44,18482.505077
38.292308,39,18482.935488
44.507289,24,18483.235647
38.41791,24,18483.53569
35.301471,41,18484.058654
47.587963,21,18484.353092
-41.9,24,18484.69606
38.275701,31,18486.417911
39.855968,30,18486.849155
38.996,37,18487.364753
-38.62,25,18487.725435
35.376761,43,18488.323703
43.77281,35,18488.764657
-46.79,25,18489.137953
38.765517,24,18489.467953
-35.03,31,18489.811321
42.0,25,18490.151389
-41.71,19,18490.390777
32.25974,26,18490.709369
38.250779,29,18491.079701
39.0,34,18491.813804
-32.26,29,18492.168215
38.801527,25,18492.451749
-36.0,35,18492.837959
-35.14,32,18493.203433
-41.31,26,18494.823758
-33.0,30,18495.197054
-38.46,35,18495.839309
-37.84,31,18496.210837
-39.0,27,18496.5512
39.0,22,18496.795439
41.142857,25,18497.098885
34.673049,33,18497.499191
-35.04,121,18498.947348
-38.81,21,18499.217023
-40.72,24,18499.529749
-41.07,29,18499.883402
38.035211,38,18500.311042
46.687187,33,18500.746222
38.5,25,18502.440086
41.903614,22,18502.712647
-40.71,28,18503.042526
-35.38,34,18503.456221
42.0,26,18503.757527
42.0,22,18504.070591
38.696154,25,18504.490161
-47.26,20,18504.761402
41.50463,20,18505.058551
-32.45,37,18505.495944
-41.35,49,18506.044841
36.0,28,18506.431395
36.0,32,18506.832129
-44.51,24,18507.110387
41.509158,22,18507.366172
-41.89,41,18508.345589
-46.71,14,18508.52427
-43.28,59,18509.423686
-35.9,32,18511.252673
41.054265,26,18511.612643
-41.6,34,18512.031637
-32.65,29,18512.393556
34.339862,34,18512.7867
-37.2,33,18513.198225
40.903636,26,18513.531945
-44.5,26,18513.82204
40.371431,20,18514.066694
-41.42,18,18514.287353
-44.56,40,18514.995371
-38.62,31,18515.381987
46.487585,25,18515.732635
41.437583,35,18516.167008
-37.94,28,18516.536796
-42.0,23,18516.840661
41.3535,23,18517.140593
-32.63,36,18517.624041
-35.22,27,18519.386237
41.846457,22,18519.641372
-36.0,22,18519.896195
-32.23,34,18520.326722
-41.2,22,18520.619503
34.719686,40,18521.098391
41.007553,23,18521.370317
40.717853,28,18521.683323
38.834711,26,18522.011678
-37.28,27,18522.333976
-41.22,30,18522.710245
-40.75,28,18523.058438
-41.12,26,18523.356148
46.505543,26,18523.663249
38.666667,28,18524.002942
-40.43,27,18524.345578
38.16443,39,18524.810764
-38.8,28,18525.190582
-41.68,20,18526.958781
-40.24,31,18527.337482
-38.81,27,18527.665435
36.0,30,18528.037581
-39.0,23,18528.376864
-38.57,22,18528.675772
-38.59,29,18529.010019
38.384615,33,18529.41272
-32.57,29,18529.755647
-37.78,44,18530.263751
-44.83,38,18530.832761
43.32694,23,18531.114441
-38.37,32,18531.521032
38.756098,27,18531.86238
-43.6,42,18532.413062
-35.77,31,18532.801254
37.997799,28,18533.133729
42.0,25,18535.011502
-40.5,26,18535.320704
34.110577,45,18535.862789
36.0,56,18536.696312
-35.08,49,18537.302162
-35.73,47,18538.550818
44.665517,25,18538.892081
36.0,42,18539.424042
-37.64,38,18540.087217
35.758621,27,18540.469582
39.0,29,18540.83451
35.084291,27,18541.165239
36.0,26,18541.493013
-35.37,30,18541.862684
36.0,27,18542.172697
44.163333,21,18543.85089
-36.0,28,18544.184087
-42.0,22,18544.597471
-41.75,17,18544.782959
37.368566,25,18545.100748
-37.44,30,18545.523153
-38.33,28,18545.852611
-38.91,38,18546.39274
32.5,32,18546.814588
-39.0,24,18547.154704
37.891635,39,18547.656814
-34.79,32,18548.085555
-42.0,27,18549.113947
-44.31,29,18549.498353
38.336323,19,18549.720059
-44.5,22,18549.986718
-35.39,33,18550.399582
35.426415,27,18550.71591
38.70318,24,18551.022282
-41.08,41,18553.293429
-38.61,29,18553.675079
-36.0,30,18554.077839
43.593485,22,18554.367819
-37.71,29,18554.729054
41.07764,50,18555.713368
-37.53,26,18556.086975
32.170279,35,18556.566182
-37.42,21,18556.97892
-33.0,35,18557.39761
-37.65,45,18557.94482
-43.33,27,18558.274122
-39.0,26,18558.611841
-35.53,38,18559.06478
-35.43,33,18559.501821
-46.75,32,18561.296822
-32.6,54,18561.996821
44.387324,22,18562.276181
32.641129,33,18562.670479
-38.56,35,18563.092348
-46.1,42,18563.574938
35.57947,71,18564.430448
-42.96,35,18565.006353
35.09697,32,18565.383618
-38.91,21,18565.667606
35.062044,25,18566.11766
41.745174,21,18566.657941
-38.77,34,18567.079834
41.387833,23,18567.378249
-30.0,40,18567.917048
-38.4,25,18569.649671
-41.72,22,18569.956897
38.557491,28,18570.293395
31.798701,35,18570.763622
-41.36,27,18571.068568
38.751908,28,18571.550183
44.806338,19,18571.79807
45.0,14,18571.994942
-38.81,22,18572.296913
-36.0,24,18572.586616
-43.43,40,18573.08127
32.571984,40,18573.644391
-38.84,27,18574.01829
38.657993,62,18574.75767
-41.97,26,18575.113071
43.71246,25,18575.423796
40.474036,32,18575.78512
-34.62,34,18577.559685
-44.49,20,18577.833359
-37.33,56,18578.584642
-35.72,42,18579.103444
35.772093,28,18579.446545
41.536023,33,18579.969518
38.129256,40,18580.441433
35.542274,23,18580.72666
44.262963,23,18580.983865
38.603448,34,18581.405681
32.315498,41,18581.912066
34.748655,35,18582.344567
38.187764,26,18582.669531
40.45398,21,18582.961444
-40.75,31,18583.365947
-39.0,24,18583.654302
35.31338,31,18584.483566
39.0,21,18586.332624
38.047859,25,18586.674248
37.606277,32,18587.176909
-35.75,28,18587.531313
-37.33,26,18587.825076
-35.07,58,18588.592459
-36.0,27,18588.935839
-38.94,24,18589.673625
44.427119,24,18589.96949
-34.54,29,18590.316706
-32.41,36,18590.729569
-47.32,20,18590.989688
38.262357,33,18591.390574
-38.58,24,18591.693132
-38.44,26,18591.990271
-41.24,19,18592.22828
32.599448,37,18592.696498
-35.18,32,18594.486651
41.583916,48,18595.123495
-40.84,30,18595.496044
43.819904,32,18595.912769
44.241287,17,18596.157304
43.916895,29,18596.536629
-42.0,32,18596.942922
-35.59,31,18597.315941
35.90146,46,18597.876451
33.898752,28,18598.222976
-44.83,21,18598.493516
-45.0,15,18598.664167
35.751534,25,18598.962699
-32.12,30,18599.320308
-32.25,39,18599.850487
-38.28,24,18600.176567
41.243829,49,18600.829201
-32.34,30,18602.738455
-41.27,42,18603.240646
-41.25,22,18603.543614
-35.23,29,18603.884791
38.08386,28,18604.246875
44.249117,32,18604.783503
-40.65,26,18605.117278
-41.22,22,18605.406798
38.128895,25,18605.744322
-38.67,22,18606.011395
35.093117,41,18606.559921
32.300813,33,18606.970775
-39.0,31,18607.338948
38.06993,32,18607.754923
-44.71,26,18608.111846
-41.15,23,18608.40648
35.63913,28,18608.816206
38.658273,21,18609.099197
-35.74,33,18610.873061
-41.02,32,18611.464051
37.545609,35,18611.926502
34.827242,29,18612.260264
45.0,27,18612.584542
-37.35,33,18612.977472
-41.32,26,18613.318158
-36.0,36,18613.776128
-39.0,25,18614.164634
41.090909,23,18614.434
32.493377,28,18614.795661
-36.0,44,18615.31501
-35.92,37,18615.76468
38.41573,32,18616.175169
-45.0,18,18616.399287
38.56012,27,18616.748117
-35.08,34,18617.196823
-38.07,40,18619.165429
35.268212,33,18619.60473
-44.17,26,18619.921143
38.503448,26,18620.286144
-43.07,25,18620.611038
38.754056,34,18621.017069
-40.73,20,18621.237715
41.579399,22,18621.503296
35.290076,28,18621.847678
-38.18,28,18622.206633
43.935953,24,18622.547966
-41.41,24,18622.967246
-44.26,23,18623.256487
35.104869,26,18623.864956
-38.5,30,18624.21628
36.0,107,18626.889833
33.0,37,18627.362477
-39.0,26,18627.716764
33.0,30,18628.103589
34.654093,27,18628.435624
37.829545,25,18628.765815
-41.88,41,18629.436048
36.0,60,18630.253565
41.709677,24,18630.57591
-44.58,28,18630.920894
32.595918,41,18631.432804
44.656442,21,18631.705001
41.151341,26,18631.992032
-35.35,38,18632.456233
38.5,33,18633.362364
-43.79,24,18633.648651
-43.55,37,18635.491069
-38.47,25,18635.796518
-41.71,25,18636.143338
-32.02,35,18636.539112
32.342105,37,18636.970924
-35.91,63,18637.842222
-38.25,24,18638.182736
38.510563,52,18638.863078
38.5,30,18639.245436
32.481343,35,18639.679227
37.171156,26,18640.025256
-45.77,58,18640.79812
-35.47,36,18641.296646
-34.68,30,18641.693901
37.755814,22,18641.958825
-44.67,15,18643.533396
32.901887,35,18644.010481
43.592494,22,18644.298092
-41.65,27,18644.63814
43.724462,29,18645.01471
35.872414,39,18645.493353
-41.62,21,18645.726202
-35.88,24,18646.012646
-32.26,46,18646.739106
-44.2,74,18647.628532
38.310105,36,18648.030771
-38.0,44,18648.558932
-41.42,28,18648.954388
35.403226,39,18649.441945
-38.04,26,18649.76876
-34.72,37,18651.582887
-42.0,23,18651.865183
40.533175,29,18652.249611
-40.42,26,18652.594596
-36.0,28,18652.922777
32.470803,35,18653.362009
-38.67,24,18653.674886
39.0,23,18653.947786
-33.0,26,18654.268323
-37.54,32,18654.65474
-40.86,27,18654.992871
35.251928,38,18655.456874
38.576208,32,18655.819614
-35.29,30,18656.275298
-35.58,37,18656.712449
35.678715,26,18657.062303
36.0,31,18657.465941
41.156716,18,18657.676367
32.314815,28,18659.571713
-44.17,28,18659.905766
35.504404,32,18660.289336
39.0,26,18660.632667
-34.75,38,18661.110257
35.013232,29,18661.668657
41.560976,41,18662.186098
-30.0,30,18662.54636
35.597315,28,18662.911642
32.196078,29,18663.263213
41.007299,28,18663.601835
37.931642,22,18663.922941
41.202492,26,18664.394523
-40.05,29,18664.775448
38.658307,25,18665.118633
45.0,56,18665.835836
41.980769,23,18667.479207
41.380357,23,18667.767268
-47.32,32,18668.156435
-41.0,23,18668.476261
40.365862,27,18668.832293
-38.54,31,18669.174155
-43.91,33,18669.547018
-36.63,28,18669.87512
-42.0,19,18670.118114
44.293948,27,18670.454974
38.064309,23,18670.721361
39.0,24,18671.039752
44.034161,38,18671.521418
-42.0,23,18671.789026
41.733083,41,18672.337606
36.0,28,18672.680476
37.672053,34,18673.091777
34.145422,40,18673.556033
35.474747,36,18675.340425
-35.45,26,18675.747587
40.857895,30,18676.168349
45.0,34,18676.568663
-38.79,25,18676.883461
-36.0,30,18677.215701
-47.13,21,18677.456722
38.59596,40,18677.943542
-41.26,93,18679.175042
37.751748,30,18679.530923
35.181911,28,18679.878365
39.0,21,18680.300671
41.938849,34,18681.125267
-38.81,27,18681.484049
35.801471,26,18681.797237
-35.12,35,18683.517617
44.607143,21,18683.806193
39.0,32,18684.203925
-38.54,29,18684.558418
-38.38,24,18684.837749
38.166078,35,18685.308634
-44.56,31,18685.690093
-37.11,29,18686.052601
33.0,31,18686.474826
-34.93,31,18686.842643
41.015625,21,18687.122893
-47.7,23,18687.428962
38.79564,55,18688.110831
42.0,18,18688.339182
38.098485,24,18688.758742
41.169802,28,18689.086682
-42.0,19,18689.304613
38.252336,27,18689.614457
-33.0,43,18691.479279
-32.29,33,18691.939204
-44.34,22,18692.190356
39.40126,31,18692.577723
-42.76,37,18693.05543
-35.91,41,18693.562292
-44.51,26,18693.85565
33.0,31,18694.19855
-38.93,26,18694.580923
-42.0,20,18694.796013
-40.33,25,18695.124374
41.718543,30,18695.492733
39.0,41,18695.967251
-34.56,33,18696.342659
-43.51,20,18696.573837
-35.16,25,18696.888081
35.439394,40,18697.357302
38.423948,34,18699.098917
-38.41,33,18699.609468
41.178832,28,18699.940564
-38.51,27,18700.285447
-42.0,21,18700.558134
-38.18,28,18700.869023
41.366044,28,18701.216034
-35.37,30,18701.614712
34.802642,38,18702.105853
44.256098,18,18702.334299
35.850746,32,18703.167546
-41.74,26,18703.535236
-38.37,29,18703.89276
-38.7,22,18704.196238
33.0,27,18704.51951
-35.03,33,18704.918695
41.409774,26,18705.265505
32.645756,37,18705.691565
-41.44,34,18707.408747
-41.05,26,18707.762309
41.949301,38,18708.271993
38.562738,38,18708.707596
39.0,24,18709.032179
-36.0,44,18709.576074
32.753521,30,18709.911618
-40.56,23,18710.18838
37.980373,28,18710.55303
-38.26,35,18710.986094
39.0,31,18711.371146
39.0,23,18711.650656
-41.87,18,18711.863386
32.902439,26,18712.313399
-32.64,93,18713.920352
40.701136,28,18715.557666
-35.04,33,18715.973562
36.0,31,18716.333193
-37.82,33,18716.726453
-32.26,38,18717.216799
34.801957,33,18717.613764
43.527237,23,18717.863248
40.649763,64,18718.642918
38.875839,32,18719.064698
-33.81,36,18719.526588
-46.62,22,18719.801747
-41.15,21,18720.050624
-32.64,37,18720.479191
38.901274,27,18720.771805
38.123457,32,18721.150412
-40.37,35,18722.844669
-32.04,34,18723.303447
44.432773,37,18723.782326
-41.14,22,18724.013181
44.538168,25,18724.350484
44.022989,20,18724.598934
38.523438,26,18724.899912
38.495327,25,18725.240407
-41.7,26,18725.562084
-39.51,35,18725.959198
-33.98,44,18726.506943
38.654155,44,18727.066812
38.236948,25,18727.373445
-32.44,29,18727.731165
41.582043,29,18728.062871
-35.11,36,18728.484454
-38.78,21,18728.695281
43.319934,22,18728.953722
-36.0,27,18730.564437
-41.04,21,18730.81197
-45.0,19,18731.301839
32.737991,43,18731.787158
41.277154,26,18732.099615
35.90676,45,18732.654108
38.571429,24,18732.960246
38.665529,20,18733.170382
39.0,37,18733.615897
35.433898,28,18734.079408
39.0,25,18734.355305
38.33929,32,18734.744968
37.426729,41,18735.277261
-38.75,23,18735.549363
32.509579,47,18736.122865
-39.0,25,18736.444398
-32.43,38,18738.226358
38.440299,33,18738.63041
-35.29,24,18738.966302
-42.88,22,18739.265593
-41.66,27,18739.590312
40.103877,36,18739.992363
-44.58,33,18740.389041
-40.43,24,18740.651289
32.48659,30,18741.017264
32.513514,29,18741.339462
32.365854,65,18742.833197
35.507353,27,18743.167309
-44.32,27,18743.542964
38.236749,34,18743.966388
37.480209,27,18744.286836
35.491453,42,18744.759306
35.783505,33,18746.416535
44.66065,29,18746.771832
-44.05,21,18747.023669
35.62963,29,18747.402217
-35.74,32,18747.793448
35.877395,35,18748.239515
-41.61,33,18748.647532
-32.14,34,18749.07158
42.0,37,18749.52824
-35.2,25,18749.812642
-38.71,24,18750.123066
38.904943,23,18750.529548
41.901709,21,18750.800012
41.040018,27,18751.131486
32.01875,34,18751.543417
35.900383,28,18751.946761
37.720994,25,18752.229958
41.646209,27,18752.57119
44.260317,21,18752.857124
-39.0,29,18754.677476
-35.68,27,18755.023065
-41.91,22,18755.317296
-38.82,27,18755.643664
38.754967,41,18756.129594
-44.02,21,18756.339483
35.665414,30,18756.73262
38.053935,27,18757.159884
-38.45,37,18757.644289
35.57047,25,18757.953568
41.132576,26,18758.298763
-38.91,25,18758.598992
40.71615,43,18759.139816
41.440433,28,18759.46683
-43.85,22,18759.75681
38.03876,22,18760.009428
-48.0,21,18760.263362
38.018182,26,18760.632642
32.086345,31,18762.22734
35.043651,38,18762.744387
35.139013,29,18763.156847
-35.62,20,18763.419387
-43.99,26,18763.745059
41.439516,29,18764.0674
35.657459,31,18764.441087
-40.63,37,18764.859379
34.524735,29,18765.253783
-37.73,30,18765.604321
44.079245,25,18765.953679
32.900383,36,18766.384624
36.0,43,18766.906638
38.842105,27,18767.229656
47.488095,24,18767.533577
42.0,25,18767.866075
-44.27,24,18768.131395
32.338816,37,18769.926063
32.33213,44,18770.482409
32.437262,54,18771.150832
32.403175,33,18771.585322
-38.33,26,18771.892047
40.988063,27,18772.236309
39.0,26,18772.578741
35.565891,32,18772.952081
38.231481,32,18773.330281
43.675636,32,18773.696366
44.781114,26,18774.01672
-35.53,24,18774.283206
-38.91,23,18774.56332
44.276596,26,18774.888423
37.398903,37,18775.299649
-38.72,32,18775.665224
-38.67,24,18775.963589
38.688172,33,18777.629631
38.5,24,18777.933459
-45.0,19,18778.140224
-35.39,24,18778.467217
-36.0,34,18778.908831
43.964671,23,18779.152105
47.050926,21,18779.410266
44.23741,29,18779.74728
-41.85,36,18780.196761
37.862627,30,18780.584319
-36.0,29,18780.919463
-36.0,29,18781.263539
-44.38,32,18781.719729
41.674267,34,18782.1297
-41.5,24,18782.399351
33.0,28,18782.726932
35.302718,33,18783.123397
38.639065,31,18783.4951
38.459574,26,18785.076331
43.514885,29,18785.464545
35.592453,39,18785.974011
38.376921,26,18786.280239
32.677043,34,18786.711442
32.613169,37,18787.863115
37.797948,21,18788.159355
41.805054,25,18788.515644
-47.22,25,18788.856966
-32.47,53,18789.463255
-39.6,30,18789.809098
41.514925,26,18790.130917
35.9,31,18790.497511
-47.76,47,18791.065431
-38.52,23,18791.319207
37.829412,24,18791.592314
35.831373,52,18793.486587
41.196336,26,18794.095349
40.596939,40,18794.586819
-44.52,25,18794.890939
-35.4,27,18795.219163
36.0,29,18795.562991
-41.02,27,18795.937124
36.0,29,18796.288155
-35.42,47,18797.349783
38.399078,28,18797.674064
47.439024,51,18798.344866
38.190114,28,18798.698044
-37.94,30,18799.060203
-44.41,16,18799.258785
38.345621,31,18799.711915
40.841667,28,18800.140506
-34.61,39,18801.902168
-35.8,35,18802.294152
-35.88,40,18802.764752
32.045603,34,18803.196638
46.607884,27,18803.526612
-35.67,27,18803.84268
41.524648,21,18804.095119
-38.45,54,18804.758158
-45.0,28,18805.147279
44.22297,30,18805.55885
40.850193,30,18805.941612
32.198198,38,18806.422318
35.0375,30,18806.780166
-39.0,25,18807.096551
-35.16,31,18807.67442
44.18112,24,18807.978283
-41.33,22,18809.547326
-33.0,34,18809.943864
-43.61,22,18810.431428
41.416974,24,18810.730134
-37.9,29,18811.105576
40.480231,31,18811.492814
44.262548,19,18811.693588
40.475638,47,18812.272283
-44.81,18,18812.476104
-35.14,34,18812.911425
-33.0,29,18813.259428
-46.96,12,18813.392963
-32.43,75,18814.270739
32.53,45,18814.786395
-38.22,35,18815.20217
-33.0,29,18815.571317
32.395745,23,18817.151881
-35.73,44,18817.696954
-46.21,25,18817.994173
32.121795,32,18818.373976
-34.19,27,18818.71465
39.0,26,18819.059506
-41.69,27,18819.367769
-37.15,30,18819.732488
46.49266,33,18820.155214
-38.39,23,18820.415133
41.603089,26,18820.743301
42.755724,25,18821.059675
-34.73,31,18821.418561
-44.17,23,18821.687891
-44.53,32,18822.071906
-43.59,46,18822.598336
32.15894,34,18823.064589
-35.55,38,18824.767552
33.0,33,18825.132281
41.80597,33,18825.51335
-44.03,24,18825.783784
34.712996,39,18826.406855
45.0,23,18826.684031
-41.8,19,18826.928958
40.152204,35,18827.38261
45.0,12,18827.556171
-46.58,23,18828.516257
-38.71,27,18828.822891
-34.47,30,18830.040012
-40.79,31,18830.42112
-35.91,28,18830.785133
35.492958,29,18831.153212
-32.81,33,18831.532793
-35.46,31,18831.887968
41.47619,32,18832.257014
32.901515,35,18833.944739
35.665517,48,18834.521624
37.874754,28,18834.947553
-35.69,32,18835.317025
38.318898,60,18836.154573
-32.47,33,18836.668702
35.239437,32,18837.037725
-37.17,86,18838.179591
41.640741,20,18838.433857
-38.34,39,18839.650033
-38.51,45,18840.196559
-38.58,29,18840.549044
38.266917,41,18841.006482
41.721154,22,18842.528034
-44.44,18,18842.730701
-38.29,27,18843.042111
38.350943,30,18843.412659
-44.07,27,18843.751564
32.9,31,18844.126575
38.246795,33,18844.597304
-44.31,16,18844.777255
-38.51,36,18845.22288
-41.54,29,18845.630032
41.391218,21,18845.859314
-38.16,34,18846.260029
-39.0,55,18846.909616
-40.07,26,18847.201662
41.602649,26,18847.51823
-42.0,26,18847.880614
40.383523,34,18848.351969
41.748175,21,18848.665848
-34.83,29,18850.347648
-39.0,27,18850.662158
39.993592,29,18851.096544
34.695515,31,18851.445951
47.045802,28,18851.80203
38.233226,37,18852.227944
-35.48,46,18852.865137
38.326823,28,18853.182451
-44.19,14,18853.337921
38.43747,24,18853.635271
35.803636,27,18853.966156
41.4,24,18854.243293
-38.37,31,18854.597455
38.693662,24,18854.917155
-38.1,33,18855.41618
-32.18,30,18855.819144
32.875,41,18856.291843
42.754336,28,18857.898671
-41.23,26,18858.194773
33.0,35,18858.595261
35.32,29,18858.945583
42.0,40,18859.448336
44.283489,22,18859.738564
34.505128,32,18860.148973
-42.0,28,18860.4614
41.536765,22,18860.750505
-41.01,34,18861.308049
-41.36,35,18861.73373
43.008074,36,18862.179184
-32.53,32,18862.604215
-38.36,23,18862.854037
-39.0,27,18863.188175
47.043478,29,18863.532484
35.034749,30,18863.91162
-33.0,35,18865.640739
41.14167,30,18865.983745
-35.36,27,18866.349301
35.072886,31,18866.724985
47.82397,21,18866.950816
41.874016,28,18867.283401
41.787313,34,18867.769004
40.258835,33,18868.174723
35.402439,46,18868.702509
35.134981,29,18869.021971
41.221662,26,18869.342763
44.334416,19,18869.573166
37.839289,26,18869.86638
41.475,26,18870.182726
-35.01,48,18870.756156
44.356667,25,18871.10945
-38.42,26,18871.462396
-38.91,28,18873.108323
-44.23,19,18873.327045
-42.0,27,18873.658562
-41.4,33,18874.12614
-35.64,31,18874.510699
-35.05,33,18874.908025
-42.0,34,18875.324797
-38.95,27,18875.643192
45.0,33,18876.019788
32.694779,29,18876.357287
32.801471,34,18876.774209
35.376761,24,18877.107647
39.0,31,18877.431636
-43.52,19,18877.675668
41.232394,41,18878.149971
42.0,27,18878.463751
39.0,23,18878.75916
48.0,19,18878.978523
40.476668,31,18880.647815
33.0,37,18881.131939
-38.6,28,18881.490725
38.360927,48,18882.037587
41.15331,28,18882.375712
38.836576,27,18882.688086
-44.83,17,18882.903017
-44.4,23,18883.149805
-43.65,82,18884.642461
47.202381,20,18884.920948
-35.52,32,18885.275896
-41.53,38,18885.77571
41.80303,50,18886.353899
-37.45,28,18886.695844
41.873563,18,18886.890478
