#{"t_start": 1789619920.7258658, "env_id": "poke-env-v0"}
r,l,t
-41.23,24,3.4117
-41.95,26,4.113948
-36.0,33,4.794452
-41.23,25,5.192873
-41.34,26,5.591808
-44.53,27,6.03121
-42.0,24,6.429836
-40.62,28,6.876956
-41.37,51,7.700297
-42.0,23,8.109137
-38.38,30,8.582594
-41.21,26,9.009272
-41.12,27,9.44511
-41.07,50,10.232591
-43.23,28,10.653117
-39.0,31,11.122391
-38.13,31,11.529128
-38.88,34,14.71534
-41.04,23,15.07619
-38.7,28,15.54637
-34.75,45,16.239997
-42.0,24,16.668963
-40.5,38,17.24783
-38.94,22,17.607956
-38.48,29,18.099602
-44.08,22,18.411415
-38.56,26,18.825403
-44.77,28,19.26627
-38.18,90,20.67763
-35.5,28,21.080801
-41.0,30,21.506192
-41.58,39,22.007399
-38.4,43,25.137
-46.63,17,25.556061
-42.0,28,26.191136
-36.0,25,26.763915
-36.0,27,27.339516
-41.57,24,27.886599
-45.0,26,28.506212
-41.61,26,29.136817
-38.38,31,30.003378
-47.25,21,30.356152
-44.25,30,30.86826
-44.22,26,31.34305
-37.44,37,32.00603
-32.88,36,32.57667
-41.47,26,32.983608
-42.0,32,33.522332
-36.0,35,34.117385
-41.21,27,34.604689
-44.56,25,37.447682
-41.46,23,37.916719
-41.1,26,38.421565
-44.94,26,38.897865
-36.0,32,39.518227
-44.94,27,40.031316
-39.77,31,40.67622
-36.0,46,41.510392
-44.88,21,41.882159
-45.0,32,42.350662
-35.69,47,43.133407
-44.82,20,43.450907
-44.15,24,43.845031
-41.52,28,44.283509
-38.71,26,44.737783
-43.39,21,45.097852
-44.59,26,45.509467
-41.77,17,45.818852
-44.13,32,48.866738
-37.27,31,49.473696
-41.67,28,49.984444
-38.06,25,50.660892
-41.46,38,51.394623
-38.88,29,51.970446
-44.47,27,52.488798
-44.05,17,52.840176
-42.0,49,53.619258
-41.8,30,54.091279
-44.23,21,54.438679
-41.46,33,55.03991
-38.75,33,55.758837
-44.07,27,56.254412
-43.8,30,56.752741
-43.78,54,57.643569
-44.5,24,58.041316
-41.13,35,61.438804
-44.9,35,62.099874
-35.28,26,62.59974
-38.75,32,63.245953
-32.73,45,64.094056
-35.2,39,64.811978
-41.17,26,65.440688
-42.0,23,65.840249
-38.71,24,66.283535
-41.66,23,66.706005
-41.16,29,67.29197
-38.09,29,67.821192
-41.8,36,68.45709
-39.0,22,68.834709
-47.4,24,69.242071
-37.63,28,69.716298
-44.28,42,72.926537
-36.0,28,73.457926
-38.76,34,74.134597
-32.29,44,75.011351
-35.91,36,75.717076
-38.69,37,76.40488
-42.0,24,76.777432
-44.67,20,77.118612
-38.61,42,77.842647
-38.03,26,78.302477
-44.6,24,78.745886
-38.41,31,79.232183
-38.74,31,79.742699
-38.5,76,80.955627
-35.28,38,82.001353
-38.07,23,84.790925
-41.14,22,85.243212
-35.27,29,85.833338
36.0,24,86.360298
-40.68,20,86.736067
-46.46,22,87.142884
-38.74,30,87.721066
-42.0,24,88.14327
-38.7,24,88.573979
-35.69,39,89.224353
-39.0,27,89.700709
-41.29,27,90.146549
-32.56,44,90.804591
-44.29,24,91.204004
-43.82,24,91.574793
-44.89,23,91.930308
-35.31,31,92.518635
-47.61,30,93.067205
-47.28,20,93.454388
-41.3,29,96.405897
-35.03,28,96.95208
-40.71,32,97.638143
-42.0,21,98.073896
-44.46,65,99.352985
-38.44,58,100.31498
-41.39,43,101.023977
-41.7,42,101.682094
-38.91,33,102.232965
-41.94,23,102.58585
33.0,39,103.200217
-44.19,27,103.612224
-38.35,28,104.107369
-44.57,25,104.560741
-38.32,37,105.25921
-41.1,25,108.195292
-39.0,22,108.719525
-38.76,26,109.199769
-38.34,36,109.944949
-38.9,22,110.386215
-38.91,51,111.249388
-41.71,30,111.729432
-40.55,23,112.090828
-43.79,24,112.464969
-41.78,23,112.84652
32.629496,42,113.597633
-35.5,46,114.374271
-43.8,19,114.697319
-44.64,22,115.032197
-47.4,22,115.463199
-35.2,35,116.180083
-39.0,21,116.616358
-38.8,21,117.041736
-35.66,33,120.332666
-47.51,21,120.766165
-41.18,32,121.516501
-42.0,21,121.924425
-37.61,28,122.540744
-41.46,21,122.978396
-35.44,32,123.484418
32.146245,35,124.040358
-40.86,26,124.454781
-44.21,19,124.838655
-43.8,27,125.370168
-38.87,32,125.835433
-44.54,18,126.151874
-44.46,26,126.57254
-40.86,29,127.026728
-38.41,44,127.751483
34.182681,41,128.519536
-38.46,27,129.044183
-34.37,29,132.308481
-35.8,27,132.83503
-38.63,27,133.332724
-39.0,51,134.181741
-35.71,41,134.830813
-38.01,24,135.216183
-45.0,36,135.751437
-34.77,29,136.263507
-46.01,24,136.690146
-40.65,28,137.10241
-41.72,34,137.728565
-41.93,28,138.159173
-35.25,36,138.747446
-35.44,66,140.538862
-41.04,24,141.008206
-41.1,25,143.946736
-41.21,29,144.491051
-44.94,24,144.985339
-40.71,24,145.444921
-37.4,28,145.891179
-39.0,20,146.221713
-39.0,22,146.590716
-41.17,45,147.329787
-42.0,26,147.839289
-38.55,22,148.209811
-41.49,27,148.628002
-35.35,28,149.089165
40.370271,30,149.554674
-36.0,36,150.12238
-44.2,27,150.627628
-41.85,25,151.316701
-35.85,26,151.787385
-38.29,26,152.238742
-35.34,31,152.932316
-41.78,27,156.70104
-36.0,32,157.488848
-43.67,37,158.285118
-38.37,30,158.941746
-34.95,53,159.843383
-32.84,37,160.460198
-44.82,20,160.790562
-36.0,39,161.37991
-38.09,25,161.786068
-35.4,36,162.358427
-39.0,29,162.891898
-34.89,45,164.00439
-41.77,22,164.428246
-42.0,32,165.037362
32.069486,37,165.732381
-35.61,30,168.664425
-38.76,32,169.062368
-41.78,26,169.437066
-41.66,41,170.101829
-44.09,22,170.442481
-38.09,23,170.775329
-32.67,35,171.318207
-38.5,28,171.755051
-40.84,28,172.184058
-38.39,26,172.58285
-36.0,34,173.136567
-42.0,25,173.530071
-42.0,31,174.053321
-38.88,43,174.798588
-35.43,30,175.34951
-35.06,28,175.953511
-32.62,28,176.561923
-36.0,30,179.529245
-35.36,42,180.222512
-41.15,27,180.649478
-41.44,24,181.001175
-37.77,23,181.327756
-41.32,27,181.712322
-30.0,29,182.140242
-39.0,32,182.602125
-36.0,38,183.144677
-32.65,25,183.552253
-38.43,24,183.878947
-35.5,28,184.347507
-39.0,22,184.751977
-43.52,26,185.206792
-38.84,29,185.709739
-41.74,27,186.158218
-35.05,30,186.659264
-37.73,27,187.098893
-38.22,27,189.725998
-41.49,34,190.39704
-38.73,28,190.869638
-42.0,28,191.30864
-38.34,29,191.777278
-41.02,21,192.131439
-44.1,19,192.436202
32.325301,33,192.923686
-42.0,20,193.210413
-37.97,29,193.669936
-38.45,26,194.018948
-35.45,31,194.621536
-38.79,29,195.138477
-38.62,29,195.643712
-36.0,25,196.07655
32.140741,37,196.783995
32.512456,26,197.285706
-44.01,21,197.670476
-41.26,24,198.104017
32.378378,32,201.174904
-39.0,59,201.982615
-38.61,24,202.457319
-39.0,27,202.969854
-38.16,23,203.351893
-38.91,26,203.789901
-35.14,32,204.310489
-32.34,38,204.855947
-37.18,36,205.37004
-34.65,40,205.956313
-36.0,25,206.320605
-35.84,29,206.76916
-38.13,25,207.264073
-41.37,23,207.702097
-35.58,29,208.253582
-38.03,26,208.724212
32.18328,28,209.228327
-32.72,40,212.242417
-32.48,36,212.881412
-38.64,30,213.428283
-39.0,21,213.804388
-40.88,31,214.285949
-44.67,25,214.663462
-33.0,30,215.100918
-32.48,34,215.602062
-40.58,22,215.87447
-37.8,37,216.418708
-38.16,24,216.783552
-33.0,33,217.300366
-41.77,32,217.795737
-45.0,21,218.297532
-35.75,28,218.796271
-42.0,38,219.410177
-41.55,28,219.852031
-35.22,28,222.665323
-44.54,22,223.088632
-43.64,31,223.675077
-37.88,23,224.069208
-38.36,28,224.54042
-45.0,19,224.827864
-38.38,31,225.304595
-38.67,27,225.724312
32.553957,28,226.11304
32.055901,31,226.597449
-41.67,25,226.964327
-33.0,30,227.445748
32.537815,42,228.051475
-42.0,23,228.398914
-42.0,18,228.667343
34.567816,30,229.18068
-35.68,32,229.749282
-33.0,30,230.40327
-41.82,37,233.245435
-37.63,27,233.727033
-39.0,22,234.123933
32.071186,32,234.736384
-43.63,20,235.170707
-36.0,26,235.548747
-38.22,30,236.048263
-32.3,32,236.597472
-44.27,18,236.999142
33.0,33,237.545521
-37.63,27,238.007562
-38.17,37,238.709147
-32.91,35,239.348217
-40.18,25,239.77618
-32.08,44,240.593868
31.984099,35,241.169063
36.0,37,242.003342
-44.06,20,244.762498
-44.91,22,245.187863
-38.25,23,245.615766
-44.47,26,246.171488
-37.52,24,246.561751
-43.59,22,246.885001
-42.0,19,247.201313
-41.91,20,247.490251
36.886205,66,248.474831
-32.13,33,248.961241
-35.81,32,249.406673
-35.16,32,249.894406
-41.72,23,250.210573
-41.62,25,250.625946
-47.3,19,250.964278
-40.58,30,251.475926
42.496503,35,252.107743
32.715517,36,252.740702
34.49342,28,255.505607
-38.48,26,255.973163
-38.91,29,256.446811
-38.37,19,256.756926
-40.83,21,257.051076
-41.69,26,257.508171
-41.06,20,257.798702
-40.85,35,258.336465
40.200949,35,259.375595
-35.27,34,259.898008
-35.43,22,260.254778
-41.18,21,260.570538
-41.2,131,262.812359
-35.43,42,263.594067
-33.0,30,264.181997
-38.44,32,267.314988
34.650407,37,267.859086
-34.68,49,268.584019
-38.32,27,269.000679
-38.64,28,269.443408
-35.8,28,269.93788
-34.21,46,270.627533
-36.0,29,271.070756
-41.25,36,271.639574
-38.72,26,272.015941
-41.77,28,272.487165
33.0,34,273.078717
-38.16,21,273.478549
-37.73,31,274.0639
-35.77,27,274.504944
37.464961,19,274.849214
-38.68,23,275.305458
-41.09,23,277.902452
-35.7,47,278.619584
-38.86,27,279.007464
-32.3,36,279.547899
-36.0,25,280.021487
-37.61,30,280.495459
-32.4,29,281.703933
-41.08,26,283.331276
-41.55,28,283.916462
-35.81,34,284.574798
-38.22,28,285.055459
-38.81,30,285.597984
-40.9,17,285.895805
-38.88,28,286.544811
-33.0,29,287.068596
-40.61,23,287.450394
-32.52,30,287.992766
-35.67,33,290.774736
-40.98,31,291.237191
-35.17,34,291.699471
-38.12,31,292.141021
-32.91,29,292.668047
-32.73,31,293.303029
-32.05,29,293.841076
-38.71,32,294.45555
-41.62,22,294.84169
32.61194,35,295.478731
-35.58,32,296.09316
-41.25,24,296.533033
-37.81,43,297.312254
32.832685,38,298.098507
-38.24,23,298.500393
-36.0,52,299.38038
-34.7,34,302.11192
-33.0,36,302.623319
-37.63,24,302.926234
32.503676,31,303.434426
-38.01,31,304.002259
-38.9,18,304.325303
-41.77,22,304.752096
-41.3,32,305.514739
-32.79,36,306.189981
-36.0,23,306.569353
-38.52,29,307.082606
-41.6,32,307.649371
32.211409,32,308.197162
-37.71,31,308.744375
-32.16,30,309.330736
-39.0,22,309.745082
-41.52,26,310.19571
35.610429,28,310.674637
32.292969,36,313.352283
-41.45,31,313.778957
-35.72,24,314.131414
-32.38,35,314.706568
-34.85,31,315.533456
-40.91,22,315.954545
-41.55,18,316.296092
-32.28,25,316.76352
-38.04,38,317.45491
-38.38,32,318.084414
35.471074,40,318.801465
-39.0,24,319.215477
-39.0,25,319.719333
-41.38,24,320.126399
-41.31,23,320.528747
-39.0,27,320.975745
-32.66,35,321.578577
35.165714,23,321.972833
-40.12,26,324.546385
-38.5,27,324.936736
-47.21,19,325.166056
35.222153,26,325.62121
-39.0,20,325.964546
-35.3,32,326.559104
-38.18,23,327.017084
-41.21,29,327.562279
-41.15,19,327.911393
-32.88,28,328.394247
-32.81,34,328.978516
41.554688,30,329.52668
33.0,32,330.618192
-35.05,37,331.318902
-38.55,32,331.983782
-39.0,29,332.49904
35.080128,33,333.098847
-32.57,32,333.693963
33.0,33,336.491986
-32.68,30,336.873018
32.714859,35,337.319841
-35.27,30,337.806499
-34.69,30,338.30561
-43.24,30,338.852476
-36.0,30,339.395255
-38.74,20,339.771364
-35.91,26,340.269321
-41.5,18,340.689404
-32.67,28,341.188055
-38.78,24,341.612559
30.0,34,342.594945
32.383803,27,343.05356
-35.53,28,343.511868
-41.01,24,343.938404
-38.54,21,344.316308
-41.08,23,344.723823
-41.77,29,345.247621
-33.0,34,347.894629
-35.5,32,348.369234
-32.91,33,348.899631
-32.1,52,349.897208
-36.0,28,350.385008
-32.18,33,350.954635
-41.28,24,351.368894
-44.71,21,351.789299
41.293548,25,352.22554
-38.66,30,352.744821
-40.57,24,353.145102
-37.68,30,353.678314
-38.64,32,354.317506
-32.3,31,354.895586
37.71374,75,356.294998
-39.0,28,358.909693
-39.0,35,359.364585
-36.0,28,359.764521
-41.77,20,360.148419
-42.0,21,360.551484
-36.0,23,361.042706
-34.61,32,361.66975
-32.71,51,362.558769
-35.06,40,363.264323
35.324528,22,363.691793
32.11284,30,364.189153
-32.64,37,364.848648
-38.5,32,365.429554
-42.0,39,366.133018
-43.05,26,366.578535
-43.81,23,366.961623
32.065934,31,367.509366
-41.25,22,369.998027
35.078838,25,370.373196
-38.91,29,370.780437
-41.67,30,371.373382
-38.67,30,372.783176
-33.0,30,373.336047
-38.09,29,374.707547
-41.51,26,375.482839
32.043796,33,376.148115
34.965455,30,376.728487
-36.0,20,377.100279
-41.8,31,377.697015
-34.86,29,378.24438
-41.45,25,378.714347
-37.54,34,379.370302
-38.24,29,379.977005
-35.09,24,380.407755
-32.9,36,381.09846
-41.05,26,383.742305
-38.24,24,384.208591
-32.44,38,384.971851
-41.28,28,385.551213
-41.58,29,386.132
-35.06,31,386.749606
-38.2,32,387.402044
-36.0,30,387.99547
-40.15,23,388.458515
-34.48,39,389.299143
32.255814,32,389.885495
-44.23,15,390.118864
-38.38,32,390.679899
-36.0,27,391.134198
34.224516,32,391.664886
-38.54,23,392.064344
-36.0,22,392.467978
-35.15,31,392.935194
-32.6,25,395.534736
32.142857,36,396.228613
-36.0,31,396.844433
-36.0,23,397.299134
32.225201,39,397.993485
-41.08,70,399.320187
-32.82,29,399.835888
-32.68,30,400.398387
-38.76,26,400.904152
-38.05,28,401.419164
-35.81,29,401.954914
-35.77,26,402.411663
-37.63,27,402.921563
-35.0,29,403.496855
-40.88,45,404.231448
-37.52,29,404.669191
34.882253,37,407.628753
-32.88,33,408.636652
-42.98,23,409.07811
-39.0,24,409.53895
-32.12,32,410.148106
-38.56,27,410.673209
-38.37,21,411.048956
-41.56,17,411.390814
-35.49,33,412.121085
-36.0,28,412.663062
-38.51,35,413.288973
-37.91,32,413.962284
-32.21,30,414.590723
35.119048,28,415.078108
-38.74,24,415.527388
32.465812,39,416.719395
35.80212,27,417.168183
-42.0,69,420.502493
-36.0,32,421.253882
-36.0,70,422.677944
-38.17,23,423.097183
-42.0,23,423.505943
-39.0,25,424.190739
-32.77,30,425.050067
-38.14,31,425.669852
-36.0,44,426.413085
-43.29,23,427.011794
35.630282,56,427.993587
-36.0,28,428.612659
-35.88,26,429.030519
-37.45,28,429.460797
34.967402,32,432.087802
-41.29,22,432.549754
34.938744,30,433.129384
-38.91,20,433.567736
-35.46,36,434.366972
-39.0,28,434.921815
-45.0,25,435.439245
32.441176,41,436.324056
-32.37,28,436.86788
-40.38,20,437.307802
-32.32,30,437.881079
32.622291,36,438.59274
-41.3,26,439.117746
32.469914,33,439.793299
-35.41,26,440.2553
-35.8,32,440.897048
-38.25,31,441.457692
-38.66,27,441.924232
-37.44,27,445.374882
32.08502,36,446.104989
-31.93,39,446.851809
-35.21,29,447.696245
32.462541,42,448.697149
-47.32,15,448.999803
-38.17,25,449.470782
-32.79,30,450.079478
32.236052,37,450.973795
-39.0,26,451.641756
-35.28,22,452.078215
-41.54,26,452.593624
-38.24,29,453.173629
-32.88,37,453.86349
-32.89,28,454.36681
-36.0,27,454.825956
-42.0,17,455.105141
-40.54,26,455.517296
-38.6,24,458.050394
-32.33,34,458.686491
-31.91,27,459.199776
-35.42,26,459.706431
-35.44,22,460.126291
-41.03,26,461.09155
32.711111,28,461.735138
-33.0,29,462.388129
-38.41,34,463.095804
-38.28,22,463.484094
-41.08,27,463.991366
-38.95,26,464.476701
-39.0,22,464.858879
32.086053,36,465.553154
-39.0,40,466.356875
-34.84,29,466.840483
-32.37,28,467.262662
-36.0,57,470.358822
-36.0,24,470.785616
-38.3,24,471.231021
-37.83,35,471.961891
-31.7,29,472.494628
-39.0,19,472.883463
-37.34,31,473.529037
-38.72,27,474.069693
-39.0,27,474.614774
-38.91,26,475.11227
-38.67,30,475.74514
-35.44,23,476.197001
-38.54,28,476.739901
-44.38,33,477.349476
-34.91,49,478.209982
-34.65,26,478.689139
-40.57,25,479.097863
34.708186,28,479.594743
-38.69,26,482.175732
-41.33,28,482.739604
-32.46,32,483.362657
-37.34,25,483.82247
-38.17,26,484.349411
-41.83,23,484.842907
-38.87,25,485.344767
-34.78,36,486.040929
-32.97,51,487.062838
-32.45,35,487.735764
-32.32,33,488.419967
-38.49,23,488.870176
-32.81,29,489.454829
32.264516,35,490.163393
-43.45,23,490.535669
-42.0,20,490.879061
-33.0,41,491.547141
-42.0,18,493.810396
-42.88,27,494.310902
-35.01,29,494.822808
32.956954,30,495.303184
-32.75,26,495.776479
-35.91,23,496.159604
-38.04,20,496.494672
-38.74,27,496.962414
-38.64,27,497.366847
-35.44,25,497.81627
34.909164,33,498.33427
-39.0,29,498.80674
32.267176,41,499.952228
-32.34,33,500.511654
-38.14,30,500.993977
-35.52,24,501.394894
-37.54,22,501.927037
-37.31,26,502.29697
-35.1,32,502.973637
-35.73,35,506.421021
-39.0,25,506.819871
-35.91,31,507.203948
-44.74,17,507.791404
-35.11,27,508.87606
-32.7,30,509.371042
-41.06,21,510.303756
-41.72,53,511.168731
-35.57,33,511.743561
-35.66,27,512.209867
-48.0,13,512.420998
-44.88,19,512.791207
-38.79,26,513.160894
-35.58,27,513.56018
-41.22,28,514.70731
-35.69,34,515.644822
-35.9,26,516.094939
-33.0,32,516.672321
-35.89,32,519.105642
-38.4,33,519.667052
-35.24,33,520.286639
-32.41,52,521.334603
-38.7,27,521.917571
-33.0,27,522.381077
36.0,24,522.795563
-34.82,25,523.242011
32.433213,42,524.271758
-38.56,28,524.655494
-35.08,23,524.911388
-44.16,16,525.072664
-35.45,38,525.596524
32.61859,29,526.012492
-32.28,31,526.545799
-35.26,34,527.131548
-38.34,21,528.273638
-35.51,27,530.918233
-37.52,26,531.411358
-39.0,18,531.758891
-36.0,25,532.194871
-37.77,25,532.623529
-38.52,26,533.035477
-42.0,22,533.426519
-38.66,25,533.852773
-31.51,34,534.369604
35.238636,28,534.769881
-38.03,23,535.117369
-41.24,23,535.576005
-32.12,30,536.11714
-35.2,22,536.516564
-36.0,26,536.982171
-44.87,20,537.325604
-35.75,24,537.724717
-39.0,24,538.145944
-32.62,37,538.689044
-35.72,27,539.144674
-32.1,32,541.617984
-32.69,29,542.092943
-38.01,31,542.759308
-32.27,25,543.190656
-32.74,26,543.638621
-38.62,29,544.278329
-32.81,26,544.711328
-39.0,29,545.161232
-38.78,23,545.480116
-40.98,29,545.905932
-38.35,21,546.236434
-33.0,25,546.623349
37.372722,34,547.237225
-41.55,29,547.746706
-35.62,27,548.296694
40.72859,19,548.621019
-35.51,25,549.055768
-38.95,23,549.456288
-35.78,30,550.015601
-37.22,27,552.52673
-41.1,26,552.951951
-32.83,37,553.576297
-33.0,38,554.214504
-44.13,28,554.672057
-35.04,25,555.093277
-38.24,23,555.430801
36.0,38,555.94799
-32.38,37,557.157794
-38.17,24,557.74251
-35.1,32,558.285095
-35.52,42,559.011987
-35.77,27,559.479794
-32.29,27,559.923358
-44.91,20,560.465041
-32.75,28,560.937032
-35.82,23,561.259118
-34.65,31,563.744662
-35.91,29,564.244629
35.672727,29,564.964107
-38.51,21,565.293235
-44.66,27,565.771053
-33.0,32,566.270127
35.085324,30,566.76406
-38.51,27,567.185959
-36.0,30,567.762438
-35.59,32,568.390126
-32.03,28,568.915352
-41.16,23,569.332693
-40.62,21,569.725658
-38.34,23,570.197914
-38.12,33,570.923432
-35.73,22,571.431742
-38.45,27,572.097675
-35.81,26,572.586172
-36.0,23,572.983758
-32.17,25,575.454775
-32.06,36,576.092904
-33.0,24,576.537834
36.0,34,577.160559
-44.54,20,577.481553
-35.66,26,577.953809
-38.27,27,578.423818
-41.91,22,578.776732
-34.81,37,579.467144
-41.11,27,580.073216
-34.61,30,580.804083
35.356322,29,581.378548
32.145455,26,581.864772
-35.04,33,582.668481
-38.77,22,583.226021
-38.58,21,584.126947
35.898246,56,585.214207
-31.56,31,585.804549
-38.23,24,588.445238
-39.0,19,589.086405
-38.8,39,589.679555
-38.1,22,590.001212
37.791099,28,590.470558
-41.8,19,590.873566
-32.14,27,591.557476
-35.73,21,591.965317
-38.14,25,592.440157
-35.84,25,592.907551
-37.82,24,593.357946
-41.24,22,593.763514
38.526132,22,594.17957
-33.0,26,594.66853
-42.0,22,595.053761
32.901478,26,595.507522
-35.76,29,596.062926
-32.76,28,596.561377
-38.59,31,597.140604
36.0,27,597.567662
-40.69,21,599.953283
-40.68,19,600.267932
-38.44,25,600.673973
-34.75,28,601.128021
-38.54,20,601.478578
-34.72,47,602.37163
-36.0,27,602.872726
-39.0,26,603.366507
-39.0,30,603.964734
-35.16,38,604.742451
-36.0,25,605.194858
-32.64,29,605.766509
-39.0,27,606.287667
-35.04,22,606.709347
-39.0,19,607.117079
-35.15,28,607.616605
-42.0,21,608.096877
-40.62,26,608.771158
-35.01,34,609.335027
-38.5,23,611.70234
-37.34,30,612.194815
-35.46,26,612.649376
-37.51,26,613.138469
-33.0,33,613.749364
-35.23,33,614.482208
35.007895,27,614.974429
33.0,35,615.561886
-35.2,29,616.114305
-38.75,42,617.043089
-35.84,29,617.59691
-38.08,36,618.282531
33.0,24,618.737154
-35.68,33,619.375595
-41.08,21,619.802102
34.06967,30,620.309564
-38.9,24,620.701805
-38.4,32,623.394235
34.265008,23,623.792777
-38.57,21,624.165099
-38.73,29,624.841857
33.0,32,625.794284
-38.29,23,626.222859
-40.9,25,626.69235
-35.38,28,627.301388
-39.0,23,627.77638
-32.18,32,628.414277
-35.24,43,629.19418
32.355828,31,629.74666
-33.0,37,630.443018
-39.0,23,630.857491
-39.0,26,632.315969
-35.44,25,633.3617
-35.19,28,633.815738
-35.81,31,634.273883
-37.4,31,636.999925
32.210909,28,637.571841
-39.0,26,638.039696
-40.24,26,638.494062
34.70743,30,639.02226
-35.7,24,639.418604
33.0,28,639.948487
-37.52,26,640.402809
-35.36,25,640.855556
-35.56,29,641.38654
-41.43,25,641.830501
-34.88,29,642.399321
-35.9,19,642.733882
-37.82,24,643.200004
-38.7,25,643.759037
-44.55,24,644.209448
-37.94,29,644.644418
-38.58,18,644.94223
-38.29,23,645.287478
31.64726,24,645.624456
-35.82,27,647.934362
-41.23,26,648.378268
32.576642,30,648.775172
-32.9,33,649.09408
32.864238,40,649.73011
-41.21,24,650.119735
35.441065,36,650.73841
-35.72,27,651.208757
38.45,27,651.659309
-35.07,27,652.092418
-32.48,31,652.630197
-36.0,42,653.329089
32.875862,33,653.870169
-35.02,36,654.479475
-32.28,35,655.056418
-35.87,30,655.44406
-38.43,25,655.810347
-35.88,20,658.083112
-39.0,21,658.450896
35.36,25,658.900754
37.222713,29,659.426162
-33.0,33,660.061299
-41.89,23,660.423535
-32.9,36,661.019138
-44.67,21,661.638023
-40.91,24,662.069092
-41.99,33,662.656021
-35.21,25,663.110464
-35.63,25,663.507469
-32.09,28,663.975664
-36.0,24,664.368732
33.0,34,664.976201
37.701206,28,665.370945
-35.61,29,665.805435
-32.53,52,666.606026
-35.37,35,669.513215
-39.0,24,669.991433
-33.0,25,670.442509
-35.54,31,670.984838
-32.6,35,671.55029
32.184739,30,672.060047
-42.0,29,672.529185
33.0,35,673.143631
-44.49,22,673.49827
-36.0,25,673.927395
-41.49,32,674.447613
-44.54,26,674.886325
32.121795,29,675.352754
-35.39,26,675.817976
34.892199,32,676.325481
-38.76,33,676.791628
-35.14,29,677.227186
-34.96,29,679.512014
-39.0,27,679.974928
32.5,24,680.393662
-35.08,25,680.817819
-41.15,17,681.130417
-36.0,25,681.532073
32.652985,31,682.149807
-38.39,47,682.93819
-32.04,43,683.660942
-42.0,19,683.997267
-38.44,31,684.460692
-32.11,33,685.162386
-38.39,22,685.565712
-36.0,27,686.069069
35.644886,44,686.821074
-32.59,25,687.271629
-38.73,23,687.63852
-44.26,19,687.929
-41.19,20,690.178878
-35.55,27,690.629924
-35.57,27,691.074564
-46.81,25,691.490282
-39.0,31,691.989775
-38.75,29,692.477472
32.174905,33,693.226419
-38.4,24,693.629573
-41.17,26,694.084963
-32.28,39,694.702102
-32.87,25,695.105214
32.735915,38,695.738177
-36.0,49,696.633092
-32.76,26,697.004304
32.467153,26,697.361183
-36.0,22,697.680018
-36.0,26,698.816965
-35.55,32,699.347745
-38.66,25,701.649139
-39.0,34,702.117296
-38.72,19,702.42629
-32.85,25,702.843092
-32.68,27,703.28782
-32.1,35,703.866884
-35.31,28,704.375757
-32.53,29,704.817918
-38.21,25,705.214849
32.446097,35,705.847669
-35.33,42,706.536203
-35.91,24,706.965864
-34.75,32,707.503634
-41.77,37,708.100578
-37.82,25,708.534661
-41.34,20,708.907874
-35.9,34,709.644388
33.0,26,712.448227
-34.66,49,713.246952
38.901515,20,713.616944
-32.46,27,714.054651
32.434211,29,714.5425
-32.63,35,715.175913
-44.18,15,715.418637
-38.23,23,715.813889
-41.04,33,716.34974
-36.0,33,716.905036
-38.46,68,718.041652
-35.34,34,718.50672
-32.47,34,719.025447
-35.44,24,719.406067
-38.42,30,720.229664
-32.28,26,720.719704
-35.53,25,721.945928
34.91203,28,724.232091
-44.48,33,724.780816
-32.23,26,725.098137
-39.0,25,725.456195
-35.46,32,726.046033
-38.06,26,726.481457
-36.0,23,726.892143
-41.54,24,727.286224
32.5,86,728.781533
32.747212,28,729.179172
-35.48,30,729.617539
-38.22,31,730.056214
-36.0,26,730.417579
-37.79,23,730.749503
-35.27,29,731.168264
-34.11,26,731.487937
-35.62,21,734.180387
-36.0,26,734.645707
35.085632,38,735.430773
37.313674,23,735.817294
-35.48,27,736.540467
32.344538,49,737.459884
-32.33,50,738.426688
-40.94,23,738.806617
33.589098,32,739.438491
-36.56,157,741.751373
-32.45,27,742.212137
32.405018,30,742.818044
-33.0,26,743.22682
32.745921,54,746.099128
-42.0,19,746.410875
-35.36,25,746.859801
-38.2,23,747.291149
-35.09,27,747.745355
-37.91,24,748.128847
-35.2,25,748.494172
-38.83,23,748.887653
-41.36,31,749.415407
-39.0,25,749.798131
-35.58,24,750.144329
-32.32,23,750.494336
35.182561,33,750.958286
-36.0,28,751.354324
-38.22,26,751.757247
-35.46,34,752.377713
-42.0,28,752.88048
36.0,26,753.299032
35.029046,24,755.722321
32.775,31,756.299846
35.9,41,757.006569
-38.45,28,757.463679
-37.7,23,757.878589
-36.0,26,758.352676
-32.48,30,758.885566
38.800813,24,759.296076
-38.4,34,759.87914
-36.0,23,760.21416
-36.0,22,761.182194
38.405405,26,761.570841
-41.3,22,761.946948
32.346457,28,762.428706
-40.68,24,762.908193
-38.18,24,763.329366
-32.69,31,763.925872
34.780541,28,764.433721
-39.0,20,764.80141
-38.87,25,767.197103
35.639706,27,767.582195
35.917415,34,768.193052
33.996296,30,768.872878
-35.86,36,769.469516
-35.49,26,769.952754
-41.68,26,770.38805
-35.5,25,770.737724
-35.83,35,771.277081
-35.85,35,771.876782
-41.1,27,772.289272
-35.68,27,772.709533
-44.02,21,773.054112
32.297794,31,773.654628
-33.0,29,774.162105
-38.78,31,774.743351
38.072289,22,775.117227
-35.45,29,775.556404
-34.61,29,778.221508
-38.25,30,778.863735
-35.91,27,780.348456
-38.16,26,780.927122
33.0,24,781.402536
-32.83,45,782.218472
34.863004,45,782.91913
38.632035,24,783.316047
-32.13,29,783.727928
-38.02,26,784.086335
32.079254,35,784.660867
-34.94,30,785.241424
-40.62,24,785.735885
-32.23,45,786.508697
-32.37,29,786.958049
-33.0,29,787.5333
-35.5,30,790.116864
-38.91,27,790.523327
-35.91,23,790.884771
-35.91,29,791.423247
-35.12,28,791.932362
35.72619,27,792.381819
-32.34,28,792.832346
32.794393,26,793.204872
-37.91,28,793.615159
-35.43,30,794.068663
-32.91,22,794.41918
33.0,28,795.087671
-47.4,14,795.355915
-32.52,38,796.045672
-32.79,26,796.51092
-38.04,24,796.899507
-41.91,23,797.316745
35.453237,27,797.750529
-32.14,35,798.259454
35.216749,27,798.682963
-35.57,28,801.279461
-38.6,25,801.743534
-33.0,36,802.347225
-35.81,22,802.742393
-38.24,30,803.269312
-35.72,27,803.669411
-34.25,29,804.072806
-35.91,26,804.457105
-33.0,25,804.81459
-36.0,24,805.167248
-32.5,29,805.677737
-35.67,24,806.082344
-46.43,39,806.738385
-35.91,35,807.349679
-35.15,27,807.757385
-41.35,19,808.007926
32.662835,29,808.443569
41.374655,57,811.302344
-38.5,34,811.862135
-32.29,30,812.598156
32.468992,38,813.250862
-37.85,28,813.623908
-32.42,31,814.07441
-35.53,25,814.42931
-38.82,29,814.846182
-41.06,25,815.261916
-38.46,24,815.677283
-35.54,26,816.117348
32.025806,30,816.82935
-35.71,27,817.248703
-41.13,24,817.685659
-38.28,25,818.136364
-37.72,22,818.514826
-41.58,31,819.089828
-37.93,28,819.549413
30.0,33,822.092582
-38.98,25,822.530176
34.942568,26,822.985039
-34.84,28,823.442192
-35.53,26,823.866305
-38.37,23,824.218453
-41.09,22,824.520776
-32.16,34,825.041203
-43.32,20,825.326591
33.0,32,825.870366
32.363958,29,826.384016
-38.47,27,826.83085
32.43662,31,827.365484
-37.57,22,827.801252
-41.09,25,828.283446
-41.67,18,828.560879
-32.91,27,829.024748
-37.38,32,829.527089
-36.0,28,829.9387
-38.9,28,832.409759
-38.52,21,833.131511
-38.43,26,833.588545
-35.61,31,834.045181
-42.0,22,834.369195
-32.31,34,834.892941
-33.0,28,835.295841
-38.18,27,835.722196
-38.51,30,836.332555
38.585821,18,836.631668
33.0,30,837.118584
-35.83,34,837.753747
32.630814,33,838.455718
-38.53,28,838.948714
-38.5,40,839.608363
-38.48,31,840.144367
36.0,24,840.521234
-44.61,16,840.764959
34.980374,26,841.127701
-38.35,22,843.553344
-35.13,35,844.236637
32.386986,39,845.113673
-35.91,29,845.55212
-35.07,30,846.000211
-32.51,24,846.349196
-33.0,28,846.777952
-36.0,46,847.538256
-32.48,33,848.152229
-38.12,23,848.565522
32.823105,27,849.06918
-38.24,32,849.709209
-44.04,17,850.062496
40.048435,21,850.394785
-32.22,36,851.038305
-39.0,28,851.572031
-36.0,25,851.94951
-32.03,28,854.351619
-38.9,25,854.756504
-33.0,53,855.634801
-38.96,33,856.13656
32.155378,33,856.726074
40.590773,27,857.221339
-32.59,32,857.666991
-35.79,27,858.162771
35.177358,24,858.559748
-32.27,34,859.161115
-36.0,29,859.669665
-37.22,30,860.192683
32.22561,33,860.957548
-37.19,40,861.742581
-38.22,31,862.240032
38.494297,23,862.563708
35.114068,36,865.180216
-38.44,42,865.91606
-38.56,26,866.454247
32.059859,30,867.032372
-41.66,32,867.630282
-41.75,32,868.151529
-38.88,26,868.602719
-35.1,27,869.082846
-38.75,24,869.505179
-35.91,24,870.097246
-34.94,28,870.702438
33.0,27,871.288593
-37.08,30,871.887739
-32.22,36,872.604479
-38.8,21,872.958714
-43.44,27,873.435411
43.288086,25,873.864398
-36.0,28,874.270464
-38.22,38,877.209973
-38.15,37,877.927289
-38.86,28,878.356939
38.914729,22,878.689628
-36.0,25,879.083839
32.073359,31,879.567147
32.132931,35,880.097152
38.890977,26,880.517905
-38.12,23,880.889555
-32.62,33,881.441838
-42.0,19,881.826469
-35.56,24,882.720014
-41.33,21,883.096916
32.489583,37,883.735879
35.768638,26,884.192772
-36.0,31,884.759459
-41.06,26,885.141938
-38.37,34,885.659496
-38.16,25,888.42998
-38.17,23,888.813791
-35.51,25,889.165653
-38.76,23,889.491707
-41.66,24,889.945655
-37.43,31,890.456559
32.941176,27,890.852279
-35.07,28,891.306089
34.421792,25,891.869805
-41.54,20,892.292736
-37.2,28,892.755005
32.217082,29,893.276814
-41.14,31,893.877204
32.622291,32,894.383776
-35.55,29,894.87
-36.0,23,895.27116
-34.47,29,895.827462
32.598253,28,896.48262
35.027586,25,896.903894
38.525478,28,899.504531
-38.78,25,899.965365
-32.25,29,900.468123
-32.31,27,900.845975
32.5,26,901.258007
32.579336,32,901.74032
-36.0,36,902.276507
-36.0,26,902.749498
33.0,37,903.454618
-35.47,35,904.045126
-45.0,48,904.929373
37.749926,24,905.360697
32.901961,29,905.896808
-33.0,36,906.503537
-32.77,31,906.959262
32.783394,33,907.460688
-31.81,30,907.905932
-35.09,35,910.728088
-38.43,25,911.112957
-35.65,33,911.597179
-38.27,29,912.035405
-36.0,37,912.576713
-32.5,31,913.040849
32.108108,37,913.664799
-32.61,31,914.260783
-43.44,32,914.936433
-35.43,28,915.397124
34.430284,36,916.106934
-32.39,30,916.691674
-41.78,22,917.372849
-40.48,19,917.694488
32.419014,31,918.235289
-38.47,29,918.761571
35.615741,25,919.202554
-33.0,33,921.915011
-39.0,25,922.33118
33.0,39,923.104283
-39.0,22,923.594453
-47.09,27,923.992652
-36.0,25,924.347219
-40.14,25,924.772308
32.010638,32,925.345314
-33.0,25,925.8026
35.579251,37,926.475124
-36.0,22,926.856171
-38.4,27,927.392552
-41.43,20,927.712358
32.691406,32,928.309067
-35.17,30,928.869733
-32.03,33,929.350822
32.290698,26,929.750097
-36.0,29,930.188508
-35.22,25,932.708544
-32.66,34,933.248482
35.660959,22,933.554258
-32.48,30,933.990996
-41.16,27,934.396481
-38.01,26,934.76974
-37.23,27,935.177388
35.268293,27,948.758626
32.587786,29,949.210027
32.158076,33,949.721994
32.902527,31,950.204086
-41.04,35,950.814085
-35.47,44,951.692952
38.421277,28,952.200055
-35.52,52,954.36413
-37.61,30,954.856525
44.576324,30,957.334039
41.655738,28,957.865271
-35.11,37,958.756925
-43.44,25,959.185398
31.525105,36,959.843728
-38.24,53,960.63107
42.731001,24,961.003692
40.576384,27,961.405103
35.432648,38,962.193705
-38.67,49,963.340879
-35.31,23,963.896516
-32.35,32,964.700512
32.821958,36,965.457779
35.40056,38,966.159202
35.597345,28,966.617951
35.165254,31,967.171104
-32.91,33,970.353318
32.26087,35,971.163294
35.353612,42,971.987813
38.007873,41,972.742438
35.780612,25,973.196712
35.24125,29,973.742727
-35.52,29,974.342666
35.281573,32,975.063294
32.040373,39,976.241693
-32.49,61,977.606311
-38.66,23,978.179051
-32.56,29,978.73713
-35.16,36,979.360708
-35.73,32,979.979762
32.575439,73,984.971921
-35.91,27,985.689172
35.02381,29,986.304354
33.0,32,986.899266
-38.49,29,987.454422
-40.08,33,988.004157
-36.0,26,988.544406
32.131673,48,989.470423
-32.18,37,990.258337
-38.51,25,990.748645
-35.15,32,991.646221
-35.31,35,992.279046
38.326271,24,992.694355
33.0,37,993.369585
32.184834,44,994.198475
32.868421,39,997.525718
36.0,33,998.181516
31.742105,35,998.783416
-32.68,38,999.582615
36.0,35,1000.303279
37.056492,25,1000.836615
36.0,43,1001.736286
36.784425,33,1002.470967
37.230801,32,1003.156758
-39.85,28,1003.728235
-39.9,27,1004.257856
-35.65,32,1004.823205
-43.82,20,1005.158808
-39.0,24,1005.550284
-41.86,19,1005.901407
33.0,33,1006.46851
33.0,26,1009.384946
32.834586,42,1010.230966
35.738411,40,1010.957871
-38.73,21,1011.312842
-32.54,37,1012.200455
32.904059,55,1013.267123
35.437695,32,1013.991947
-32.57,32,1014.610593
37.816793,26,1015.152536
41.094595,34,1015.809185
33.0,36,1016.443578
-37.39,30,1016.957552
30.0,40,1017.624554
-36.82,33,1018.174799
-33.0,35,1018.84658
37.989564,36,1021.886051
32.63871,28,1022.407043
-35.38,33,1023.061815
-35.34,26,1023.493274
-38.6,33,1024.662812
-32.83,46,1025.759094
35.452555,32,1026.347364
32.691964,43,1027.121791
-38.55,25,1027.55103
35.49537,32,1028.130969
41.502035,65,1029.097555
32.095588,31,1029.561946
36.0,41,1030.282783
-32.26,41,1030.958677
32.683019,31,1033.482825
38.081967,24,1033.850085
-37.09,44,1034.512639
32.632411,34,1035.365559
-38.16,33,1035.948073
-38.03,34,1036.531685
-35.58,36,1037.16064
38.248959,37,1037.847964
-32.67,101,1039.57158
35.125899,26,1039.967668
38.064649,25,1040.660894
-36.81,33,1041.21075
43.848329,37,1041.883723
-32.27,47,1044.776498
37.750683,35,1045.370747
-35.59,21,1045.715502
-35.09,27,1046.162056
37.295398,40,1046.791591
35.169121,26,1047.27744
30.0,37,1047.973629
36.0,33,1048.543625
38.788079,25,1049.002346
31.724335,45,1049.67858
-43.6,24,1050.076843
-35.71,37,1050.618955
32.367647,31,1051.127384
35.612179,25,1051.582605
32.901099,26,1052.078538
32.751969,45,1052.95243
-38.04,45,1056.020341
37.992716,34,1056.647954
-36.0,28,1057.125124
35.667857,25,1057.543326
34.609155,26,1057.977963
-34.66,38,1058.637524
-39.68,29,1059.198951
-34.8,31,1059.752557
-41.59,36,1060.405516
-32.4,40,1061.400664
-34.85,27,1061.877367
-33.0,38,1063.238641
-41.55,24,1063.706748
41.63986,25,1064.255378
-32.99,30,1064.749293
35.135338,29,1065.373657
-46.44,54,1068.85411
32.778182,29,1069.303898
-33.0,23,1069.688361
-31.62,32,1070.197035
-38.4,31,1070.740468
32.822844,49,1071.737491
-38.4,27,1072.200839
-32.24,31,1072.74958
-35.26,29,1073.241289
47.876364,24,1073.649629
32.222527,56,1074.586916
-34.4,36,1075.253368
35.207547,34,1075.83698
44.405778,35,1076.483173
32.125,33,1077.089652
41.753378,29,1079.67191
-32.3,34,1080.202634
-35.43,31,1080.670102
39.0,23,1081.018533
32.673563,32,1081.520584
-32.15,29,1082.0308
35.234694,31,1082.549479
40.950958,43,1083.231137
-38.36,26,1083.617493
36.0,21,1083.955716
-37.45,29,1084.425752
31.823843,55,1085.525352
-32.03,47,1086.371964
-37.73,35,1087.011133
-41.89,33,1087.794435
-38.81,31,1088.376915
35.778523,37,1091.204956
36.476993,36,1091.827675
38.619718,25,1092.240264
-32.75,33,1092.988164
-35.0,43,1093.704418
-32.33,67,1094.743609
32.460967,37,1095.305421
-37.99,29,1095.830349
32.674603,34,1096.524731
-32.9,40,1097.197164
35.093333,28,1097.696126
-35.21,39,1098.451293
-32.07,36,1099.184684
35.38961,30,1101.666396
-38.26,27,1102.068045
35.210728,34,1102.580592
-38.6,33,1103.118758
-33.0,27,1103.544914
-36.0,43,1104.306281
37.877211,29,1104.720223
32.101818,35,1105.35655
-37.87,36,1106.626778
-39.0,31,1107.191469
35.012121,41,1108.007676
-38.66,29,1108.584399
-38.84,27,1109.124419
-39.0,28,1109.67644
-37.81,30,1110.192887
-32.44,36,1110.839237
-32.84,44,1114.128593
35.070513,23,1114.524628
-35.1,32,1115.049747
32.457338,37,1115.802526
34.797875,37,1116.329051
-43.39,29,1116.837234
-40.68,30,1117.420038
-43.7,30,1117.93763
36.0,37,1118.564576
-35.28,32,1119.235254
-39.0,24,1119.720051
35.27907,27,1120.193288
-41.74,27,1120.667757
32.252747,31,1121.214929
-41.01,27,1121.703297
-38.2,30,1122.769528
-34.42,31,1123.291705
-35.28,38,1126.345577
-35.08,27,1126.736661
33.0,34,1127.186972
-36.62,30,1127.636138
39.903337,30,1128.064023
36.0,25,1128.447342
37.856459,30,1128.951358
-36.0,39,1129.642888
-30.0,34,1130.228309
-34.73,33,1130.804279
37.067076,34,1131.406375
-34.76,22,1131.7981
35.788104,27,1132.244346
-38.04,23,1132.657643
-32.48,42,1133.427974
-38.61,30,1133.963094
-38.61,22,1134.38429
-37.01,26,1136.895277
35.505119,29,1137.260435
-34.52,29,1137.692626
35.151079,31,1138.170076
-32.91,44,1138.798854
41.730769,21,1139.118119
41.703448,36,1139.74261
34.919871,33,1140.31512
-35.86,36,1140.917513
-38.08,30,1141.406793
-33.0,28,1142.091516
-32.09,35,1142.7617
32.724138,47,1143.601816
-34.76,34,1144.255538
-36.0,41,1145.011679
-32.78,39,1147.619284
32.381323,35,1148.0897
32.102662,30,1148.530971
-37.69,37,1149.057157
-32.28,38,1149.644524
35.009346,30,1150.147062
-34.98,38,1150.754386
-32.67,36,1151.406374
38.102206,25,1151.830585
38.85214,22,1152.231257
43.575652,23,1152.641711
38.376426,23,1153.040712
-35.88,28,1153.570808
41.289522,23,1153.955524
30.0,35,1154.537672
-40.98,30,1155.064757
40.368075,24,1155.456938
-35.78,42,1157.955372
-32.58,38,1158.482383
41.239394,26,1158.87664
-31.74,41,1159.531201
35.205298,42,1160.264382
-32.67,34,1160.823815
-40.28,37,1161.438216
-35.76,30,1161.935678
40.419643,26,1162.396328
32.25283,24,1162.808788
-35.2,40,1163.501964
44.731034,28,1164.075179
-35.55,30,1164.573945
37.830746,30,1165.068611
37.876923,39,1165.717786
32.5,33,1168.227768
-33.0,36,1168.833461
33.0,41,1169.64663
41.6633,31,1170.179532
-32.35,38,1170.853721
-40.59,33,1171.310459
33.0,40,1171.998089
32.109091,52,1172.85792
32.234234,42,1173.540023
-30.0,32,1174.076028
-41.39,36,1174.681604
-35.78,30,1175.148573
-35.12,29,1175.640182
-32.1,35,1176.225733
35.181818,34,1178.57102
-44.75,32,1179.00163
-35.67,29,1179.39626
41.053279,21,1179.749356
36.930373,37,1180.345363
-37.78,35,1180.94556
33.0,40,1181.61697
-34.56,41,1182.321547
32.43662,37,1182.912916
-46.66,18,1183.197279
-38.09,55,1184.102967
35.053412,42,1184.840765
-32.51,41,1185.513824
38.578313,30,1186.000021
41.101626,21,1186.368017
-38.28,25,1188.514934
-32.7,49,1189.215753
35.771523,31,1189.611659
-32.19,56,1190.479023
-33.0,53,1191.431511
-30.0,35,1192.168483
-33.0,26,1192.620504
-41.17,26,1193.046611
44.400783,24,1193.73856
-35.32,31,1194.459775
36.0,22,1194.834154
34.10894,62,1195.975552
32.61512,39,1196.686846
32.008511,27,1197.158336
-37.96,28,1199.625163
35.054745,30,1200.064981
-37.99,27,1200.474971
-35.49,30,1200.882174
38.177035,29,1201.340264
35.79359,42,1202.045892
37.26307,31,1202.541859
38.187154,46,1203.365575
-34.83,36,1204.060923
-31.82,37,1204.849694
-38.72,25,1205.379395
34.6341,41,1206.072126
32.273381,38,1206.849912
-32.93,32,1207.446935
32.019868,32,1208.135993
-32.5,28,1208.809078
37.697108,41,1211.56224
35.250909,28,1212.045858
-38.74,27,1212.458766
38.902527,26,1212.873464
-33.0,32,1213.451567
-32.22,28,1213.933131
38.186047,23,1214.357028
35.48062,26,1214.844906
-37.89,21,1215.197732
-32.03,31,1215.719234
-38.61,35,1216.344965
35.147436,26,1216.831558
35.631182,39,1217.505228
-32.01,26,1218.028328
-39.82,40,1218.814791
37.872172,30,1219.532964
-32.74,38,1222.116062
35.543689,30,1222.521487
38.484542,20,1222.793818
33.0,28,1223.155487
32.214286,32,1223.645664
-41.26,26,1224.150038
-32.24,35,1224.731902
34.612193,48,1225.55476
32.29595,39,1226.220806
35.563537,39,1226.884746
35.314176,30,1227.427377
-35.82,36,1228.09202
-35.71,36,1228.718318
-37.56,41,1229.447808
-35.68,36,1230.573787
32.530387,29,1231.068218
-35.91,30,1233.492004
38.003115,25,1233.86149
-38.64,23,1234.240943
37.44838,34,1234.816044
35.669456,29,1235.310224
41.045126,44,1236.108199
38.62721,29,1236.486561
-33.0,27,1237.320899
-35.83,43,1238.171512
33.0,30,1238.70638
38.426056,26,1239.162072
35.024425,36,1239.81898
-36.6,41,1240.561185
35.063559,35,1241.20148
-38.11,25,1241.656667
-33.0,65,1244.735354
34.797915,35,1245.470465
32.476015,39,1246.654754
35.818898,35,1247.374477
32.244582,33,1248.129465
-40.02,26,1248.649645
-35.1,32,1249.240245
-41.56,21,1249.792431
32.281553,37,1250.653439
-35.47,28,1251.314282
-38.12,23,1251.841717
46.281711,26,1252.40489
-32.22,33,1253.162359
36.0,37,1254.001846
-40.38,26,1254.696105
45.59078,20,1255.195334
40.126119,30,1255.823443
-32.77,33,1258.668694
40.891425,31,1259.239301
-38.2,32,1259.901215
-32.73,40,1260.714158
-34.94,30,1261.300749
35.849498,50,1262.126483
-38.13,36,1262.797057
-38.06,34,1263.379684
35.063844,44,1264.228419
32.421053,80,1266.066413
32.243346,40,1266.878365
-32.09,25,1267.379084
32.179104,28,1267.905154
37.350801,40,1270.544523
-41.16,35,1271.251897
-34.96,34,1271.894602
34.960193,30,1272.497313
-32.42,29,1273.16862
38.049383,31,1273.773845
-30.0,35,1274.436763
31.550746,59,1275.619044
-37.7,44,1276.460936
-31.52,39,1277.147881
39.119437,27,1277.622306
35.389764,33,1278.222358
39.0,25,1278.642956
-38.13,46,1279.403206
36.564555,30,1281.936813
38.59542,24,1282.41975
-36.0,26,1282.957952
35.637363,28,1283.580706
-40.95,26,1284.215667
36.924102,36,1284.981839
34.42316,38,1285.893378
-37.37,30,1286.471037
32.467492,31,1287.031439
32.472973,26,1287.623378
-35.85,40,1288.369679
38.692607,31,1288.954482
32.13278,40,1289.801353
35.835443,39,1290.570098
32.285714,30,1291.173767
34.705126,31,1291.687886
-35.27,38,1294.511569
-37.41,37,1295.395371
33.0,36,1296.144113
39.0,35,1296.814704
41.108473,27,1297.284003
32.294286,32,1297.881469
35.124138,37,1298.538163
34.789213,46,1299.344777
-32.12,33,1299.924146
34.119288,32,1300.553847
-36.0,50,1301.479532
-40.9,27,1301.901935
38.915058,36,1302.438406
-34.8,30,1303.251036
-38.88,39,1303.903255
32.120155,31,1306.53763
37.405056,28,1307.036914
39.0,23,1307.44928
-35.69,31,1308.07948
33.0,30,1308.564509
37.627852,33,1309.164647
41.48062,29,1309.689565
-35.41,31,1310.279002
-38.05,33,1310.927903
32.900735,39,1311.602443
33.0,36,1312.237082
32.402834,75,1313.62092
32.727273,61,1314.632151
-32.12,38,1317.149613
-35.77,29,1317.713709
38.55298,29,1318.349209
35.392996,30,1319.027288
32.660436,34,1319.950478
38.787986,31,1320.507119
38.057778,28,1321.084935
-34.71,37,1321.990628
35.869718,34,1322.600473
32.9,26,1323.146931
-34.77,32,1323.751968
-32.28,36,1324.403642
36.0,33,1324.94204
38.310818,32,1325.423301
32.522901,33,1325.913169
-38.24,44,1326.555428
36.0,26,1328.896391
43.502264,19,1329.246485
36.0,43,1329.985929
-32.31,45,1330.975434
33.0,28,1331.560034
34.518034,26,1332.07816
32.579088,27,1332.576828
-40.52,31,1333.111991
-35.62,32,1333.656063
35.7,31,1334.180012
-35.91,23,1334.638401
36.0,27,1335.167681
36.584984,28,1335.684199
37.713973,31,1336.347257
-44.75,21,1336.660108
32.662551,29,1337.161233
41.572881,21,1337.509334
32.636364,30,1337.975258
42.0,24,1340.398162
-32.11,32,1340.954731
-36.0,34,1341.524152
32.334586,33,1342.099269
-32.25,33,1342.712997
-34.47,40,1343.510347
-35.16,25,1344.021987
-35.61,41,1344.803584
-32.54,34,1345.590846
37.27564,24,1346.02848
35.687243,37,1346.762657
-38.13,27,1347.262324
38.690763,33,1347.764081
-34.64,37,1348.569215
33.0,33,1349.097545
-38.28,29,1349.544164
35.195364,30,1351.865659
32.513514,43,1352.663606
35.710317,40,1353.418049
-41.41,30,1353.949202
43.145073,32,1354.517871
36.0,25,1354.972371
-35.78,37,1355.634962
34.866133,40,1356.580305
-32.52,36,1357.218675
-34.99,42,1357.95362
33.0,28,1358.471813
35.763566,34,1359.099061
35.301887,35,1359.937368
-35.11,37,1360.44578
-43.44,25,1360.804831
38.359259,26,1363.081836
-32.07,35,1363.699572
32.5,33,1364.309519
33.0,28,1364.813026
-38.36,37,1365.55075
32.763359,35,1366.1826
-32.14,31,1366.762436
32.727554,29,1367.2716
34.604721,44,1368.119025
-32.41,29,1368.660587
-32.64,34,1369.238395
38.180147,47,1370.084221
-43.63,26,1370.575716
-35.02,30,1370.992289
-37.48,40,1371.618778
35.305556,24,1373.986472
-41.87,19,1374.333076
-36.0,34,1375.024248
37.791854,26,1375.615053
32.429091,34,1376.191566
32.672131,31,1376.732885
32.327273,34,1377.330349
-37.36,40,1378.110064
-32.68,38,1378.833524
32.025735,42,1379.601775
-44.07,64,1380.74132
-38.45,32,1381.101769
-35.55,23,1381.365083
41.714286,28,1382.058766
40.71194,20,1382.38655
-34.84,27,1382.776664
-32.34,30,1385.248594
-41.28,45,1386.014718
41.254021,22,1386.406057
38.208835,36,1387.0676
35.024116,31,1387.616835
35.811538,29,1388.22178
38.928854,21,1388.605267
-41.39,49,1389.446744
32.195755,35,1390.096901
32.567669,36,1390.758839
-35.69,32,1391.31754
-33.0,114,1393.521143
41.546021,28,1393.926507
41.323944,17,1394.1717
34.502203,31,1396.731966
-34.77,43,1397.537581
35.69697,42,1398.413805
32.69962,32,1399.072256
37.628943,38,1399.764007
-36.0,21,1400.523443
32.645756,40,1401.362369
35.362445,32,1401.953551
-32.83,43,1402.750538
-35.59,26,1403.183369
-35.29,37,1403.823853
35.376623,33,1404.36349
-32.84,29,1404.798232
32.805054,36,1405.308241
-33.0,31,1407.748501
37.555031,45,1408.580001
-38.4,27,1409.151922
-32.7,34,1409.926257
-30.0,29,1410.440099
41.448718,29,1410.971218
-34.91,38,1411.668113
35.25,37,1412.351665
43.547176,24,1412.832607
-40.24,24,1413.416031
35.17157,32,1414.198501
38.349442,40,1415.077827
32.9,26,1415.615394
35.694545,41,1416.277776
-38.44,28,1417.392691
32.970297,39,1418.092497
-38.4,25,1420.643821
35.539095,31,1421.172942
-38.69,30,1421.702035
-32.41,35,1422.350164
32.158163,28,1422.830491
-35.62,34,1423.420549
33.0,44,1424.320204
38.054055,29,1424.803164
35.147663,34,1425.401246
-35.58,26,1425.823285
33.0,34,1426.640058
-41.16,20,1426.994044
-35.64,29,1427.406955
38.119658,30,1427.868891
-37.38,25,1428.231876
32.64574,42,1428.848495
33.0,43,1431.699835
-35.76,28,1432.195133
32.74026,50,1432.944841
32.814672,30,1433.419142
40.47136,30,1433.954882
35.533784,31,1434.591597
-32.49,36,1435.412366
-32.64,40,1436.17844
-31.57,33,1436.752648
30.0,29,1437.161139
-35.22,26,1437.633348
-38.29,29,1438.050604
33.710135,42,1438.668389
35.272374,29,1439.098149
-44.44,25,1439.439267
37.318771,37,1440.126025
32.781955,33,1443.040739
37.23503,28,1443.716187
-35.4,81,1445.220205
-37.99,33,1445.760678
38.5,21,1446.178497
-34.68,28,1446.659956
38.076923,35,1447.320502
-35.37,30,1447.961495
-32.09,35,1448.64045
35.577358,30,1449.203954
35.644366,28,1449.643265
34.852832,39,1450.184532
32.503311,30,1450.631004
32.943396,29,1451.113581
-34.96,43,1454.011458
-40.16,28,1454.492651
32.880795,31,1454.854481
35.384106,25,1455.243375
32.690625,27,1455.725339
-38.15,32,1456.249814
32.417808,27,1456.721436
-33.0,38,1457.407201
33.0,31,1457.924805
-31.55,32,1458.476843
-41.65,19,1458.809505
38.098873,25,1459.265644
33.0,35,1459.869655
35.033835,30,1460.664002
-33.0,29,1461.063728
-38.47,24,1461.413335
35.27,25,1461.77457
-32.77,34,1462.374191
35.625,32,1464.971924
36.0,33,1465.518782
-34.93,30,1465.98196
38.275424,28,1466.492509
-34.46,33,1467.054577
38.459756,27,1467.534093
37.5842,34,1468.204174
41.152985,20,1468.589189
32.254601,35,1469.21173
41.856601,39,1469.95323
-32.46,32,1470.541265
-38.25,33,1471.033286
31.745283,32,1471.507432
38.363891,31,1471.960409
-32.34,39,1472.524629
35.273764,30,1473.082982
-34.88,29,1475.761206
32.543726,36,1476.401772
35.231618,45,1477.266713
38.086207,37,1478.110736
30.0,35,1478.84905
32.573643,47,1479.718953
-32.83,29,1480.267787
-37.54,30,1480.82777
-38.61,26,1481.254807
-35.19,23,1481.595972
34.606709,38,1482.115052
-38.46,30,1482.534018
-32.19,34,1482.999457
-33.0,38,1483.59683
-37.96,25,1484.024055
-32.59,38,1487.000773
38.187446,26,1487.417333
-32.45,75,1488.98804
32.721068,31,1489.550151
32.603217,33,1490.111457
32.231454,31,1490.649145
35.094554,34,1491.267762
-32.76,28,1491.748683
-37.38,29,1492.238632
31.536364,160,1494.678125
-35.51,26,1495.139988
-38.12,27,1495.62651
35.677554,43,1498.690535
-38.82,22,1499.103742
-35.24,35,1499.712309
35.901515,24,1500.201008
32.110294,35,1500.879627
35.10687,37,1501.528481
32.753049,39,1502.276565
37.864529,27,1502.786422
-32.56,36,1503.333374
33.0,53,1504.360599
35.263636,29,1504.756799
35.621701,30,1505.25073
38.777358,27,1505.727602
32.588745,33,1506.387582
32.156716,44,1507.159902
38.184262,29,1509.790419
33.0,24,1510.231142
35.429907,28,1510.989795
35.281633,27,1511.490674
-35.04,32,1512.059503
37.640216,29,1512.590467
35.696356,36,1513.242047
-39.83,30,1513.818688
-44.52,35,1514.355805
32.522556,37,1514.879332
-32.27,38,1515.393376
37.302381,41,1515.985327
-38.74,28,1516.472677
-35.19,40,1517.159801
-37.61,29,1517.654904
35.054393,29,1518.203553
32.044776,34,1520.840397
-32.61,35,1521.448572
31.621339,40,1522.121119
-32.61,27,1522.599937
-32.36,43,1523.330872
-32.41,35,1523.912313
-40.27,22,1524.237239
32.848361,56,1525.024858
36.77792,21,1525.3105
32.51,44,1525.935567
-35.42,27,1526.444618
32.584677,31,1526.974129
-35.25,22,1527.356831
35.453202,37,1527.991704
-40.64,25,1528.594921
32.90146,32,1531.156499
35.662338,29,1531.717004
-41.3,39,1532.391583
38.706941,31,1532.960151
37.818311,36,1533.563451
35.901961,28,1534.149014
35.789668,36,1534.917757
41.051471,22,1535.249438
35.687023,39,1535.758156
33.0,35,1536.266911
-33.0,50,1537.148668
-35.14,24,1537.529391
38.383871,33,1538.100986
-35.6,30,1538.632717
43.800912,27,1539.112065
35.154924,40,1541.829559
-32.94,35,1542.434773
-38.43,27,1542.876935
38.693277,20,1543.217876
-34.66,26,1543.640819
-32.22,33,1544.182757
-36.0,26,1544.576512
-36.0,27,1544.977137
33.0,31,1545.414262
-32.61,29,1545.827501
33.0,33,1546.276151
31.933198,33,1546.853125
-34.61,34,1547.421963
-35.34,32,1547.982244
33.0,33,1548.552817
35.435614,33,1549.115023
37.674061,32,1549.666919
38.383562,30,1552.249712
35.9,33,1552.951337
-42.0,25,1553.413481
-40.64,26,1553.900419
-40.1,37,1554.592211
-32.81,31,1555.18231
-37.12,27,1555.814336
-35.61,29,1556.283664
32.041667,32,1556.764095
-35.5,35,1557.326131
32.020134,32,1558.020662
32.235294,48,1558.866239
38.062016,33,1559.466551
32.020325,34,1560.27967
-32.52,24,1560.730634
-32.7,38,1561.407631
-35.16,30,1564.025952
32.316364,42,1564.97688
42.0,18,1565.339291
38.034884,33,1566.033727
43.508321,27,1566.55067
-41.19,25,1566.986727
-33.0,31,1567.872874
35.902685,34,1568.470071
38.352941,22,1568.784241
32.18677,31,1569.275203
-35.52,32,1569.920391
-38.5,23,1570.364725
-34.15,34,1570.950256
36.0,33,1571.673437
34.620885,44,1572.573037
38.39054,30,1573.116395
-32.81,27,1573.598112
35.343173,30,1576.210782
-40.6,27,1576.71616
-32.06,43,1578.422991
-35.2,37,1579.389469
38.847826,27,1580.183222
-35.17,30,1581.11362
-38.25,43,1582.078899
41.159696,17,1582.49178
-40.4,24,1583.419696
32.388626,36,1584.416963
-35.0,23,1585.040452
-32.69,37,1586.092204
-32.18,36,1586.890089
35.787645,24,1587.501589
35.015576,38,1588.280521
-35.23,31,1588.873107
-41.69,23,1589.28053
35.506173,34,1592.308977
-32.13,35,1592.965282
35.606557,30,1593.478678
-35.52,27,1593.920825
-38.2,28,1594.371004
32.688716,34,1595.141311
-47.57,12,1595.336231
-32.54,30,1595.894741
-37.74,33,1597.398167
32.694631,47,1598.292831
-32.73,32,1598.907356
-32.16,35,1599.5673
32.988372,40,1600.287066
35.540984,31,1600.87036
-32.11,34,1601.489154
-40.87,26,1601.976034
36.0,31,1604.648209
-32.15,44,1605.319292
32.15,41,1605.953259
35.523231,30,1606.38297
40.257636,22,1606.762306
37.62931,23,1607.23754
-33.0,32,1607.894192
-38.7,26,1608.389237
-41.17,21,1608.879093
-32.5,37,1609.541018
42.0,22,1610.074327
38.939495,46,1611.030306
32.308,35,1611.654118
39.649407,28,1612.200847
40.922423,32,1612.790532
41.549669,23,1613.291808
-32.12,32,1616.208815
38.381679,31,1616.696627
-44.01,38,1617.261491
32.833916,31,1617.68253
36.583009,46,1619.286771
-32.91,31,1619.888918
-35.46,37,1620.649314
32.254658,50,1621.552976
-36.94,33,1622.118422
-33.0,29,1622.674803
-35.19,36,1623.294437
41.220339,22,1623.603688
34.976184,36,1624.006308
-35.75,28,1624.324077
-32.78,33,1624.910498
40.835272,21,1625.292534
32.058219,31,1627.997069
40.574477,30,1628.460058
-36.0,48,1629.280549
35.108359,35,1629.759685
32.33,43,1630.448605
-35.84,40,1631.154933
32.30625,37,1631.820554
41.043771,25,1632.342829
-35.71,31,1632.888024
-32.26,48,1633.708056
-33.0,42,1634.528912
-35.22,21,1634.93764
32.265233,43,1635.672261
41.352761,30,1636.252806
-32.27,48,1639.251145
38.726277,24,1639.641986
38.164,32,1640.112442
41.142276,26,1640.496084
38.94864,28,1640.942438
32.376206,44,1641.719123
-41.53,27,1642.205421
38.042553,30,1642.779395
-37.98,23,1643.18584
-40.7,28,1643.658002
36.0,34,1644.510514
32.605769,29,1645.065253
32.50566,33,1645.752473
-38.14,28,1646.257147
44.893443,22,1646.647272
-39.01,25,1647.401581
32.442748,38,1648.091562
32.550926,35,1650.854086
-32.67,34,1651.359499
35.297587,31,1651.856496
35.401639,39,1652.505786
-32.81,49,1653.327962
-37.5,28,1653.84179
35.376761,30,1654.427201
38.317269,45,1655.227868
33.0,42,1655.967933
36.0,35,1656.597525
32.9375,61,1657.720748
-38.15,28,1658.22562
-42.95,21,1658.621356
42.0,27,1659.111024
32.225,38,1661.769238
-38.13,26,1662.163706
-41.55,62,1663.106127
32.388679,36,1663.671276
37.527377,40,1664.403949
34.731968,31,1665.171683
35.741313,25,1665.629808
32.31068,42,1666.375818
34.868998,40,1667.114801
-32.04,34,1667.772896
-38.54,27,1668.267647
35.273381,31,1668.845614
-32.04,42,1669.789234
38.434959,31,1670.338329
34.868281,38,1672.985356
34.214085,36,1673.503532
32.778146,36,1674.072475
32.15,36,1674.656528
-34.64,31,1675.175635
-35.29,29,1675.727112
-34.39,41,1676.457448
-32.05,29,1676.999082
-40.24,27,1677.497472
35.669613,37,1678.202992
35.717241,45,1679.128282
-41.08,40,1679.834119
43.337216,28,1680.340039
-40.7,28,1680.848453
44.780488,25,1681.297751
-32.74,34,1683.868181
-32.31,34,1684.358255
-32.82,28,1684.834567
-33.0,23,1685.190719
38.213622,31,1685.946079
35.089552,28,1686.458044
36.0,35,1687.085742
-35.2,33,1687.620503
38.462121,28,1688.2875
-37.92,37,1688.930742
35.17931,32,1689.598103
33.0,30,1690.229003
-35.22,27,1690.697395
38.755906,69,1691.95473
-35.33,32,1692.565442
32.629771,34,1693.159346
-37.64,24,1695.684313
-34.26,57,1696.572429
-32.03,52,1697.701167
44.214134,24,1698.173732
-32.2,33,1698.786343
35.29572,32,1699.38708
-38.64,41,1700.106923
45.936777,19,1700.468941
35.307985,35,1701.089738
-33.0,39,1701.764819
32.631902,33,1702.339011
35.400568,36,1702.972558
32.556364,30,1703.538601
35.292254,31,1704.0916
-35.73,32,1706.543918
32.790875,56,1707.366258
38.106464,26,1707.788663
-33.0,33,1708.391884
-38.21,40,1709.111089
-37.88,27,1709.492273
32.475836,32,1710.007618
-43.76,25,1710.463162
-32.91,33,1711.010352
32.049689,60,1712.049937
-33.0,34,1712.66859
-32.36,39,1713.363521
34.781818,30,1713.924865
-34.54,31,1714.491388
35.112583,26,1714.964517
-41.75,30,1717.504743
33.0,27,1717.922307
-35.53,35,1718.442752
35.281853,29,1718.935528
35.010649,34,1719.526943
42.0,27,1720.06194
-32.27,33,1720.681376
33.0,30,1721.234796
-38.2,37,1722.097697
-41.35,23,1722.813768
-34.76,50,1723.723614
36.910953,29,1724.246062
34.621137,39,1725.238723
-38.55,34,1725.874039
38.316901,39,1726.55988
40.551382,30,1727.055346
-32.06,31,1729.469396
36.0,27,1729.979495
38.333333,28,1730.452626
-32.55,26,1730.927664
-35.41,32,1731.59321
-32.3,31,1732.121172
-32.46,36,1732.784687
37.733547,29,1733.285805
43.534523,20,1733.640822
35.718335,39,1734.344577
-32.69,31,1734.886899
35.252708,67,1736.079864
-46.08,27,1736.586945
41.642586,35,1737.250341
-39.99,38,1737.961949
30.0,36,1741.64118
-36.83,29,1742.369328
-33.0,40,1743.21198
-37.86,28,1744.361513
35.652997,24,1744.925039
-40.39,23,1745.418263
32.113208,30,1746.033848
32.214286,31,1746.663085
-32.34,41,1747.451118
42.0,29,1748.019446
40.976587,37,1748.975031
-37.6,30,1749.649589
38.085821,27,1750.078928
38.063187,41,1750.76508
44.056856,28,1751.263163
-37.69,28,1751.717391
-35.18,39,1754.619808
-37.83,34,1755.303333
-32.45,41,1756.065914
-40.79,25,1756.552141
38.129601,28,1757.078377
38.796238,29,1757.63119
-34.55,28,1758.146235
32.633721,38,1758.926986
-32.21,34,1759.570996
41.037037,24,1760.055898
32.693798,30,1760.658934
32.342373,53,1761.566127
40.783056,24,1762.00374
35.177419,29,1762.55974
-35.72,29,1763.098189
-30.0,35,1763.750955
-32.19,37,1766.68756
33.0,25,1767.160888
-31.52,35,1767.821646
-32.76,41,1768.627039
42.469213,31,1769.288015
42.0,22,1769.709194
33.0,40,1770.478455
-32.19,35,1771.154518
35.642857,27,1771.929465
-31.65,36,1772.684195
35.116981,24,1773.175824
-32.81,51,1774.069897
41.046032,34,1774.675323
35.815789,24,1775.080507
38.194853,27,1775.541405
-36.0,63,1778.985351
-36.0,31,1779.522999
32.064151,46,1780.565953
44.580986,20,1780.964055
35.168566,42,1781.747373
37.665109,27,1782.293973
35.61324,42,1783.131835
35.0,27,1783.691569
-35.14,35,1784.481376
32.432836,31,1785.038372
34.510482,32,1785.657343
35.778338,30,1786.22062
32.369478,50,1787.059926
38.14173,24,1787.453323
-32.19,51,1788.246577
-34.77,26,1790.810877
36.0,26,1791.316909
-33.0,26,1791.798738
43.171705,20,1792.175471
35.609665,32,1793.32685
-32.21,34,1794.004014
32.152648,39,1794.745981
36.0,22,1795.197648
44.516667,26,1795.701858
-32.19,79,1797.029942
33.407056,32,1797.852893
-32.05,30,1798.306533
-35.25,36,1799.143113
40.508695,32,1799.627367
41.136986,18,1799.922618
34.701247,31,1800.443502
-32.84,30,1803.226401
32.68,36,1803.983495
-34.52,34,1804.856086
33.0,43,1805.72908
35.754768,31,1806.359056
-34.37,36,1807.080656
-32.76,37,1807.757266
-35.46,29,1808.148219
-33.0,37,1808.793242
32.29595,37,1809.409225
32.685039,25,1809.808767
33.0,34,1810.299268
-41.23,51,1811.118448
-35.28,28,1811.559611
-35.87,29,1811.982544
-41.73,19,1814.615606
31.747761,33,1815.237919
38.240153,31,1815.825336
-34.67,33,1816.546896
-34.76,38,1817.264793
-38.83,34,1817.860747
35.066901,25,1818.319896
-35.12,35,1818.97215
-33.0,34,1819.517924
35.629921,28,1819.954602
-38.43,40,1820.592251
-40.19,26,1820.99755
39.9836,80,1822.224991
-38.24,27,1822.670071
32.625,31,1823.285185
38.372549,25,1825.917754
-32.37,35,1826.828316
41.508751,39,1827.628034
-38.22,32,1828.237337
35.01279,34,1828.866667
38.049689,28,1829.389661
38.112727,30,1830.253957
-35.01,64,1831.779299
35.207317,31,1832.343224
-37.47,32,1832.884774
35.320513,38,1833.550783
-32.46,45,1834.301156
40.739544,19,1834.61805
-33.0,32,1835.142635
-35.14,38,1838.073668
41.770035,34,1838.68451
-38.65,21,1839.066011
41.079848,34,1839.700495
-32.59,30,1840.241039
-33.0,54,1841.294723
-40.95,29,1842.082484
38.291971,25,1842.568047
38.377677,31,1843.137692
38.124528,21,1843.536807
34.697109,45,1844.303742
34.525723,28,1844.769291
38.558333,23,1845.135973
-32.63,36,1845.703647
-36.0,23,1846.104158
-44.38,29,1846.573499
37.876559,24,1847.022144
-38.53,25,1849.999517
-32.07,28,1850.484677
41.33209,24,1850.924431
33.0,35,1851.5762
35.549153,29,1852.143833
33.0,32,1852.725254
-47.28,22,1853.424376
35.319549,34,1854.106302
35.444079,32,1854.71577
-36.37,24,1855.151441
32.109966,31,1855.712602
35.302181,34,1856.257176
35.395904,88,1857.633754
-32.37,31,1858.788406
-35.18,33,1859.612943
33.0,41,1862.526038
-34.34,28,1863.070032
41.210345,27,1863.561944
35.552846,27,1864.103861
-35.25,35,1864.77363
-35.59,27,1865.309443
-41.58,37,1866.070792
35.668712,31,1866.704875
-33.0,29,1867.245639
-36.0,33,1867.717022
-32.35,29,1868.175159
-32.21,44,1868.815962
38.393316,23,1869.158902
33.0,41,1869.844251
37.913511,28,1870.431668
-36.0,32,1871.033634
44.212,35,1873.868683
35.651852,36,1874.516259
41.010076,21,1874.935477
38.482625,23,1875.386715
-35.75,31,1875.962933
-38.48,36,1876.635852
35.129464,32,1877.267817
-34.71,28,1877.784007
32.878327,45,1878.743438
-35.47,38,1879.336082
41.482639,70,1880.410908
-32.57,49,1881.419375
-32.28,61,1882.549632
-32.34,33,1885.435725
38.824627,28,1886.118626
-35.34,40,1886.987312
41.043165,27,1887.528126
-36.0,35,1888.372894
-32.14,35,1889.154526
-41.47,31,1889.861833
-35.46,39,1890.773669
-31.77,73,1891.995938
-34.47,33,1892.496412
34.462837,30,1892.909043
-41.95,24,1894.237041
-35.26,38,1894.951732
38.498442,21,1895.332541
-41.45,28,1895.862019
32.228669,26,1896.3838
38.377953,26,1899.093414
38.038023,39,1899.825075
41.649606,31,1900.418244
40.307276,32,1900.992822
36.0,31,1901.544246
38.431924,58,1902.494349
44.419451,25,1902.866603
35.278846,26,1903.280763
32.236434,31,1903.741193
32.32491,34,1904.275579
-36.0,27,1904.848146
44.245617,22,1905.372399
38.045802,27,1906.026011
-35.81,31,1906.618814
35.621693,45,1908.050355
37.611654,35,1911.154573
-32.48,38,1911.844133
-36.0,27,1912.479262
-33.0,44,1913.383347
38.741176,27,1913.814747
38.076923,27,1914.292562
33.922319,38,1914.843065
32.240566,37,1916.139068
33.0,31,1916.769787
-32.91,30,1917.348636
38.090625,24,1917.790519
35.835017,28,1918.346246
-38.09,23,1918.754861
-32.42,33,1919.410416
34.488009,31,1920.010655
-38.91,28,1920.590845
38.823333,34,1921.287329
-32.2,31,1924.233039
32.523636,32,1924.925524
-40.5,20,1925.314508
-38.71,25,1925.756465
35.67931,36,1926.637365
-43.57,21,1927.045338
-33.0,51,1927.992701
35.638783,78,1929.526936
-35.36,37,1930.26122
-37.62,38,1931.034969
-39.0,33,1931.745104
-32.54,39,1932.621159
41.508197,24,1933.092346
-41.28,23,1933.608231
32.762431,35,1936.721464
-38.14,29,1937.383463
35.426136,30,1937.901537
33.0,33,1938.483979
32.404255,28,1939.018624
38.701107,30,1939.532134
32.845018,37,1940.23546
32.66791,37,1941.068238
41.325203,22,1941.684031
-35.51,28,1942.270768
39.97141,22,1942.77076
-35.23,38,1943.582325
33.0,37,1944.332231
-41.47,38,1945.139271
-32.6,38,1945.951714
35.204819,28,1946.505985
-38.33,30,1947.140854
32.503226,34,1950.0836
32.780992,29,1950.666253
-34.55,34,1951.243543
-35.39,48,1952.094322
-32.38,37,1952.786823
-37.59,27,1953.236802
-38.94,31,1953.868311
39.0,28,1954.466433
44.060976,24,1955.000427
35.731801,32,1955.871266
-35.15,27,1956.975685
38.228346,29,1957.607463
-35.27,42,1958.427123
35.737255,32,1959.100176
37.892671,37,1959.847636
-35.21,29,1962.706389
38.446667,23,1963.17026
35.901639,26,1963.774685
44.070382,30,1964.244224
36.0,29,1964.715545
-37.59,38,1965.279556
-43.61,35,1965.914446
-34.94,33,1966.716053
-36.0,30,1967.311348
-35.45,30,1967.874716
-38.07,36,1968.580986
39.0,27,1969.26056
38.232662,35,1969.938513
38.273381,22,1970.370985
32.630769,32,1970.962723
40.910767,30,1971.5109
41.283988,27,1972.137842
35.32852,36,1974.659179
36.0,42,1975.349509
-38.91,26,1975.768569
-32.28,30,1976.268256
-32.96,45,1977.024322
38.90146,26,1977.469194
32.076923,45,1978.342777
-41.14,24,1978.774515
-35.05,74,1980.106399
-32.91,29,1980.638722
32.039735,30,1981.465518
33.0,28,1981.948364
35.564394,25,1982.360819
-35.69,34,1982.955665
-32.09,33,1983.501927
-41.79,23,1985.992597
-32.74,34,1986.610992
-44.92,20,1986.94257
35.525,35,1987.559433
39.0,28,1988.070706
-35.35,32,1988.730726
32.705455,33,1989.552526
43.724577,20,1989.964901
35.154694,38,1990.654895
32.787879,35,1991.316502
-32.27,32,1992.010856
32.5,34,1992.944321
-37.52,30,1993.63922
-35.39,24,1994.145989
-32.09,46,1995.382396
-35.17,36,1996.03544
-38.16,44,1998.929007
33.0,25,1999.433983
38.425625,36,2000.013439
-35.51,33,2000.518136
-35.15,31,2001.180072
32.103448,33,2001.739464
36.577319,33,2002.389852
33.0,32,2002.968768
41.871795,21,2003.334942
-33.0,33,2003.879493
-33.0,33,2004.44477
38.563433,32,2005.010293
-33.0,33,2005.967227
-40.63,27,2006.409909
-41.28,24,2006.807732
44.393701,30,2007.269757
-41.14,25,2007.652479
-35.43,35,2010.473767
-43.85,20,2010.918008
37.882676,32,2011.444268
-34.28,35,2012.044216
-32.75,45,2012.82793
41.060976,25,2013.280848
-38.91,26,2013.771809
32.349498,52,2014.65025
-44.34,20,2015.025013
-35.65,26,2015.495397
32.046263,50,2016.337879
38.152091,22,2016.738632
38.486792,41,2017.445086
-36.0,31,2017.946604
-41.9,16,2018.191523
-33.0,68,2021.433855
38.538182,23,2021.79465
-32.28,31,2022.276755
-32.78,34,2022.996921
41.493151,22,2023.462896
-39.0,33,2024.050752
-32.88,26,2024.622555
-36.0,26,2025.222848
-33.0,37,2026.081972
34.271677,38,2026.88776
34.428356,33,2027.626486
36.0,47,2028.497214
-40.69,31,2029.452087
32.55036,40,2030.235336
-33.41,41,2031.034799
-41.55,24,2031.442134
-32.23,35,2034.249362
-38.73,32,2034.827214
-39.0,21,2035.23836
35.002828,35,2035.997821
46.98789,23,2036.420579
-35.2,32,2037.005541
32.889734,30,2037.521564
-41.2,24,2038.495351
-32.12,33,2039.189822
41.75,22,2039.626788
35.726562,37,2040.392546
-38.57,24,2040.929686
35.901408,43,2041.967937
-32.31,28,2042.563498
-37.05,28,2043.074332
35.673016,22,2043.529347
38.094191,30,2044.110888
38.272059,32,2046.979696
-41.49,24,2047.567844
-32.21,28,2048.271125
35.5,42,2049.070309
-44.64,16,2049.394
-35.18,37,2050.406085
36.0,35,2051.110272
-32.73,28,2051.708487
-38.81,23,2052.148556
39.0,22,2052.71067
-34.94,38,2053.553909
35.663333,24,2054.025799
-33.0,39,2054.932848
38.470199,25,2055.401861
-35.22,28,2055.836949
-44.35,45,2056.583631
-37.69,38,2057.495423
35.165992,33,2060.255637
38.723549,26,2060.733235
38.252308,24,2061.226319
38.058824,24,2061.74071
-32.81,35,2062.427098
-35.1,26,2062.927187
-32.35,34,2063.796831
35.517882,39,2064.637263
35.763066,31,2065.260031
32.670782,28,2065.794945
35.05283,22,2066.224517
32.79822,32,2066.769319
-38.76,31,2067.266358
39.0,24,2067.662094
44.111426,23,2068.007652
-34.42,35,2068.589144
33.0,47,2069.886287
-32.91,29,2072.533647
35.361111,35,2073.271365
-35.82,66,2074.575268
-32.26,44,2075.582131
-38.3,34,2076.224925
-38.4,44,2077.294622
37.385041,34,2077.931435
32.358896,33,2078.510038
36.0,29,2079.014515
-32.91,25,2079.386436
39.0,28,2079.858034
-32.1,30,2080.389661
37.568788,30,2080.993969
-32.6,46,2081.827638
-38.56,25,2084.410833
-36.0,35,2085.00525
39.701296,36,2085.650144
-38.72,30,2086.267635
-38.76,26,2086.771606
38.723404,25,2087.669924
41.488215,21,2088.043576
35.272727,23,2088.488786
-32.06,28,2088.955577
35.951389,36,2089.628221
32.434483,28,2090.146167
37.046754,29,2090.654015
35.813559,38,2091.273746
-38.32,28,2091.743377
-38.01,32,2092.380737
-32.21,28,2092.962004
-41.38,22,2093.386032
40.062619,31,2095.995681
-41.72,19,2096.38984
32.375486,37,2097.105521
38.401408,39,2097.81422
38.001901,26,2098.313363
-35.34,24,2098.753246
-38.08,21,2099.147066
-35.53,28,2099.6612
43.547794,35,2100.35392
34.934066,26,2100.839792
-40.63,27,2101.322692
-35.79,35,2101.89088
36.0,24,2102.322292
-40.82,35,2103.119411
-32.8,43,2104.121738
-32.2,36,2104.822929
-35.21,37,2105.520609
-31.6,35,2108.172482
32.05668,33,2108.747664
-35.52,36,2109.40032
38.744,34,2110.037315
-38.33,27,2110.56817
-38.67,26,2111.051703
38.713235,77,2112.43501
44.646617,24,2112.843016
41.315789,27,2113.323741
-38.26,45,2114.084231
32.034056,36,2114.740122
-43.97,25,2115.234666
32.482394,35,2115.981681
-37.72,25,2116.468688
35.221374,30,2117.016959
32.535714,43,2120.647979
-38.22,27,2121.199043
41.265714,23,2121.640505
-39.0,26,2122.15616
45.0,29,2122.688772
-32.14,28,2123.151931
-34.81,30,2123.707886
-35.17,29,2124.199712
-32.58,39,2124.842235
36.0,28,2125.316747
37.865129,31,2125.8514
-36.0,29,2126.371931
-35.62,29,2126.888481
32.201439,32,2127.469515
-32.19,38,2128.412775
32.74744,32,2129.009032
44.143911,22,2129.621069
35.425676,31,2133.128576
33.0,28,2133.651653
-35.47,36,2134.273344
43.891591,28,2134.725626
44.626712,19,2135.038883
-32.74,32,2135.550844
-40.33,40,2136.625938
41.624031,28,2137.171694
-44.79,19,2137.556553
-32.26,38,2138.267351
35.305755,29,2138.794229
32.646388,51,2139.816472
-38.24,28,2140.354525
35.79,25,2140.901094
35.589928,26,2141.41145
35.003559,38,2142.194407
-33.0,37,2145.038639
-36.0,41,2145.706851
-38.38,25,2146.109893
38.690323,23,2146.49339
-35.73,38,2147.144219
35.684681,38,2147.869058
40.581889,23,2148.288373
-37.4,30,2148.865029
35.665455,34,2149.462904
31.905109,34,2150.02867
-36.0,30,2150.589018
37.804878,29,2151.167828
40.63308,34,2151.787775
-32.32,25,2152.256429
-35.35,29,2153.305979
-35.91,25,2153.78942
32.442446,32,2154.316363
32.438567,50,2157.457237
41.902685,18,2157.819423
-35.32,44,2158.536082
-40.84,35,2159.165916
-35.76,28,2159.707025
32.42623,29,2160.244019
-41.32,25,2160.759234
-38.58,30,2161.367169
-32.62,28,2161.907439
34.98289,29,2162.505401
32.689531,35,2163.194492
38.07197,32,2163.856958
32.617188,36,2164.55401
41.5,48,2165.515609
47.055016,20,2165.871007
44.021978,18,2166.17653
-36.0,26,2168.628898
-33.0,28,2169.069129
-32.91,40,2169.683688
-38.7,23,2170.113805
-40.42,23,2170.511068
-41.18,29,2171.068341
41.269231,24,2171.507727
-32.89,29,2172.044542
38.518152,24,2172.532307
38.903346,25,2173.002331
33.0,39,2173.741728
38.435897,20,2174.138798
35.653333,80,2175.667346
35.1,30,2176.227591
-35.75,32,2176.818681
37.618558,73,2179.923918
35.560976,30,2180.389878
36.0,25,2180.752634
-32.26,32,2181.265088
32.059259,41,2182.258043
35.5,27,2183.060436
38.256944,27,2183.625391
32.006623,28,2184.296917
36.0,23,2184.796005
38.485944,21,2185.32349
38.661818,40,2186.251413
44.423077,24,2186.757981
35.320513,41,2187.625138
-35.34,37,2188.314829
35.380463,26,2188.808204
-37.95,37,2189.492813
-32.34,32,2190.164522
-35.08,33,2193.069923
-38.67,21,2193.412677
38.254237,75,2194.897379
-41.83,18,2195.238446
-32.14,32,2195.81773
-32.9,27,2196.347353
38.782772,28,2196.866263
-39.0,22,2197.29452
-32.52,31,2197.920582
35.119205,27,2198.437409
-38.43,22,2198.826281
38.171004,65,2200.081892
41.255172,20,2200.459307
-33.0,31,2201.050079
38.229885,31,2201.766276
33.0,29,2202.497721
36.0,31,2204.999884
42.0,32,2205.567359
33.0,27,2206.03384
38.303249,42,2206.788835
35.092937,30,2207.330291
47.930131,33,2207.944357
-35.33,32,2208.532628
32.063786,30,2209.142082
33.0,49,2209.945289
-38.97,34,2210.362581
-38.49,29,2211.024813
37.51184,44,2211.89029
-35.23,29,2212.507699
-35.35,39,2213.281395
-43.57,40,2216.232405
35.33209,25,2216.644183
35.022642,27,2217.094649
-33.0,38,2217.795292
-32.51,35,2218.912068
-38.53,29,2219.508014
-32.41,36,2220.195165
-32.02,56,2221.174826
41.078717,45,2222.060819
36.908151,49,2223.074396
-41.06,29,2223.673459
-37.46,27,2224.303713
32.749091,42,2225.115637
-34.87,36,2225.91751
32.597122,38,2228.555701
35.9,28,2228.995777
41.540523,28,2229.4633
32.301587,36,2230.094772
-35.41,38,2230.803295
39.0,67,2232.040826
38.819853,26,2232.535297
35.396825,33,2233.164292
-41.91,21,2233.512282
35.540084,38,2234.169188
-41.9,36,2234.725798
32.258567,32,2235.262394
-32.19,30,2235.946001
-32.22,32,2236.695071
-32.86,31,2237.264485
39.0,26,2237.695418
33.0,26,2240.062531
-38.23,31,2240.537389
35.118682,45,2241.270391
32.124031,41,2241.970346
44.854406,24,2242.435246
-32.04,41,2243.164974
38.587121,27,2243.634013
33.820967,35,2244.227965
-35.23,27,2244.705883
35.151724,31,2245.219301
38.587786,31,2245.742232
-41.22,25,2246.176431
41.479186,25,2246.63502
35.606557,30,2247.190862
-35.33,26,2247.67328
-34.55,31,2248.165638
38.074803,25,2250.458991
39.98588,36,2250.981722
40.424219,37,2251.61408
-38.17,31,2252.130028
-42.0,29,2252.624722
-32.27,36,2253.215327
41.403448,32,2253.761502
-32.61,47,2254.605488
-38.81,28,2255.096729
35.255452,39,2255.806309
-34.24,35,2256.42514
-32.25,38,2257.095702
41.776423,21,2257.446163
-32.32,36,2258.074263
44.201613,25,2258.481342
48.0,13,2258.652444
37.397378,30,2261.044613
-32.45,37,2261.745054
-46.88,19,2262.13875
-40.69,22,2262.532357
43.290612,50,2263.379782
-38.29,35,2263.969584
33.0,80,2265.386541
35.305466,32,2265.958482
-32.75,37,2266.568426
-31.72,34,2267.287818
32.772388,58,2268.290376
-35.61,31,2268.809362
-35.83,27,2269.202809
39.0,21,2269.521348
31.589231,53,2272.264449
34.356507,24,2272.640163
32.7,35,2273.113535
-38.66,24,2273.511533
-35.57,27,2273.9728
-44.08,30,2274.509139
41.513245,24,2274.935586
-35.91,50,2275.780997
-35.72,29,2276.290154
38.938017,33,2276.878672
38.260377,24,2277.292776
38.768657,33,2277.8711
-39.0,24,2278.257381
38.708955,26,2278.710173
38.009615,25,2279.175663
32.185185,29,2279.654766
-38.91,32,2280.140278
32.740625,46,2282.737725
42.0,35,2283.326434
37.606765,30,2283.73441
-32.36,39,2284.73034
-35.12,30,2285.256879
-32.72,26,2285.726551
40.532922,31,2286.265163
43.791153,20,2286.610646
32.757085,32,2287.139416
-38.27,40,2287.793505
34.959551,26,2288.218696
-39.0,23,2288.63372
-41.41,41,2289.346507
-33.0,38,2289.947916
38.055556,54,2291.213347
35.414449,36,2293.626961
-38.11,24,2294.049344
-32.22,32,2294.622596
47.350532,21,2294.998702
-34.29,33,2295.572929
-39.0,35,2296.160795
-33.0,40,2297.011202
32.197987,52,2298.120147
34.918485,29,2298.692881
-32.69,36,2299.417803
-32.25,32,2300.025458
38.745399,26,2300.537233
-46.37,20,2300.945246
-37.63,34,2301.719412
-32.45,45,2302.491143
-34.74,27,2302.942119
-33.0,29,2305.536248
-35.78,36,2306.167741
-34.7,33,2306.748409
33.0,42,2307.409575
41.295203,23,2307.817423
40.449884,24,2308.212475
35.17193,31,2308.896054
38.341727,40,2309.839076
36.0,36,2310.523864
35.198556,32,2311.076567
-44.33,45,2311.857027
-38.42,33,2312.441403
41.924138,31,2312.947623
38.320896,31,2313.477029
32.588235,35,2313.987617
-35.54,28,2316.417117
32.902439,45,2317.152396
32.140741,45,2317.915276
-32.78,35,2318.551868
-33.0,38,2318.972548
32.44697,43,2319.502539
32.328125,30,2320.026058
-38.19,29,2320.513026
-32.33,30,2321.015224
41.097378,28,2321.54425
41.078902,38,2322.244715
38.065625,30,2322.746615
43.347035,31,2323.258938
41.066929,30,2323.797211
32.572,31,2324.300133
35.413907,32,2326.460678
-35.18,32,2327.051737
-32.5,28,2327.523794
32.535545,31,2328.027431
-38.93,43,2328.76263
-43.61,23,2329.142356
32.787755,47,2329.976387
-35.58,30,2330.550056
-47.27,29,2331.023069
-38.4,31,2331.543824
38.889831,27,2331.985051
-32.45,32,2332.502521
-41.58,22,2332.90122
37.742185,29,2333.708908
-37.49,37,2334.448896
-39.0,23,2334.852716
-43.77,27,2335.330848
-32.2,41,2337.716915
38.181668,37,2338.521917
38.070707,23,2338.970641
-41.28,29,2339.592747
-38.81,46,2340.517946
-32.26,25,2340.982082
-30.0,40,2341.705828
-41.16,33,2342.64025
39.0,25,2343.126474
34.910547,40,2344.042945
-37.3,30,2344.651424
36.0,39,2345.361333
34.701374,27,2345.943833
44.162879,25,2346.526618
35.501961,30,2347.051932
-32.57,30,2347.552372
-35.1,36,2349.872899
41.426943,43,2350.612571
32.625483,38,2351.254731
41.853896,26,2351.716639
47.357052,25,2352.113977
-35.44,42,2352.918509
35.693038,42,2353.789457
35.802281,24,2354.273946
32.984791,39,2355.018035
32.071161,27,2355.528886
35.652733,35,2356.231693
-32.1,31,2356.805086
-34.58,33,2357.393203
33.0,33,2357.982528
-32.18,37,2358.883997
-32.45,55,2362.69466
-41.72,30,2363.301729
-32.78,29,2363.901572
-35.89,35,2364.532981
-38.17,27,2365.268986
35.52,23,2365.70031
-38.17,40,2366.442574
40.953957,34,2367.068241
31.984848,32,2367.738062
32.683019,38,2368.465035
-35.91,25,2369.016982
-36.0,34,2369.863887
-35.53,22,2370.499347
-46.31,28,2371.22555
-37.86,44,2372.369112
33.0,37,2375.861149
37.969119,47,2376.837351
-32.67,38,2377.796613
-39.0,32,2378.518563
33.0,26,2379.097474
-35.87,33,2379.750577
41.737762,26,2380.305308
32.65371,33,2380.924448
40.193452,46,2381.720416
-35.38,36,2382.41258
-36.0,25,2382.910988
-44.63,21,2383.331472
-35.27,42,2384.225257
35.743191,26,2384.693869
43.887075,25,2385.147872
-32.1,47,2387.888358
34.910646,50,2388.848615
32.066148,33,2389.73562
35.776952,25,2390.382368
44.434397,23,2390.868762
34.238588,44,2391.754121
-38.53,26,2392.236321
-38.28,34,2392.904469
-35.11,32,2393.652821
34.06924,36,2395.226219
35.37037,32,2395.907815
-32.79,33,2396.57316
35.088983,34,2397.209065
33.0,34,2398.464121
32.625387,30,2398.951122
-32.57,47,2402.074302
-32.71,37,2402.944506
32.672862,36,2403.647616
-44.48,17,2403.966907
-32.39,33,2404.611112
-35.45,38,2405.213607
32.52963,36,2406.181576
-38.32,38,2406.936486
-32.44,53,2408.016232
-32.68,39,2408.830843
-32.64,28,2409.303047
38.317241,25,2409.736166
39.0,27,2410.16094
-32.53,35,2410.710217
-43.25,27,2411.200214
35.755034,32,2411.76051
-33.0,32,2414.363162
32.827119,45,2415.275863
44.569106,18,2415.652026
-35.82,38,2416.380731
32.559441,46,2417.490388
36.0,25,2417.993866
32.186992,35,2418.862249
35.646586,23,2419.463101
35.496403,28,2420.064978
-36.0,32,2420.704042
44.050388,24,2421.151526
35.797048,31,2421.683439
34.791037,41,2422.313137
38.387363,26,2422.736136
-38.01,48,2423.445147
35.753906,36,2426.174781
35.218884,36,2426.876837
-32.74,38,2427.604041
-35.47,40,2428.369592
-33.0,35,2429.045819
-32.53,33,2429.670681
32.751429,25,2430.137227
-33.0,31,2431.000995
-32.65,34,2431.770906
-32.23,29,2432.331641
-35.29,31,2432.801396
-32.5,40,2434.011467
37.79927,28,2434.444964
32.875502,37,2435.037277
34.557595,45,2435.792825
38.606635,30,2438.58793
35.282946,31,2439.212977
32.380567,39,2440.005064
44.101818,19,2440.39971
33.0,35,2441.08273
-35.78,33,2441.743558
38.55627,24,2442.212011
-35.64,26,2442.695152
32.35545,27,2443.24995
-37.83,48,2444.175261
-35.46,27,2444.618532
33.0,27,2445.055507
35.133333,29,2445.763074
-37.95,25,2446.188031
-39.0,27,2446.625419
44.590278,48,2447.7119
32.888889,40,2450.755679
35.545775,30,2451.341869
35.461538,32,2451.944452
-35.38,32,2452.557609
-32.45,42,2453.311927
39.0,23,2453.750391
-40.73,23,2454.173792
37.336703,26,2454.608743
-32.81,36,2455.195434
-36.83,33,2455.744503
-40.46,20,2456.064756
-47.92,21,2456.412376
41.409836,22,2456.76212
30.0,27,2457.188231
35.086957,30,2457.676589
-37.35,32,2458.180404
34.642252,43,2458.957132
41.054983,31,2459.610522
32.171521,24,2462.481863
-38.22,51,2463.366303
-35.08,36,2463.838113
-32.62,44,2464.635422
35.0028,34,2465.293064
32.16726,40,2466.088588
-44.41,23,2466.512872
-32.61,32,2467.132743
33.0,32,2467.651511
35.078249,30,2468.172875
-35.15,30,2468.719419
-33.0,32,2469.227831
41.613271,24,2469.783836
-32.51,63,2471.023165
38.775,34,2473.892313
-35.17,36,2474.573957
32.49226,48,2475.466843
-38.33,31,2476.061731
-32.17,32,2476.674443
35.8,31,2477.212873
-34.87,35,2477.845994
32.613445,31,2478.365995
-38.1,52,2479.258616
35.938111,46,2480.255724
-32.77,58,2481.224425
-41.26,31,2481.760798
34.714286,31,2482.376298
-46.55,18,2482.754511
-38.69,30,2485.520246
-32.12,56,2486.581228
-32.44,36,2487.239088
32.913208,28,2487.813939
-37.76,40,2488.681262
35.452471,31,2489.287579
44.666667,20,2489.67076
-38.24,33,2490.237222
41.467433,24,2490.637737
-35.51,45,2491.42074
-43.58,23,2491.793963
33.0,32,2492.336267
-37.59,38,2492.934607
38.233871,23,2493.317664
41.233641,27,2493.824179
-42.0,17,2494.165748
-34.18,35,2497.065423
-35.46,78,2498.742649
-38.43,24,2499.196964
-35.72,25,2499.703934
-34.7,33,2500.360125
39.0,32,2500.951715
32.207547,32,2501.481234
-34.57,33,2502.016038
-35.73,27,2502.469627
-32.36,38,2503.147691
-44.12,23,2503.512182
32.709677,34,2504.077502
42.0,25,2504.485393
32.771863,34,2505.071581
-44.56,28,2505.606285
44.567944,20,2505.961964
37.553333,56,2509.3221
-36.9,62,2510.491829
-34.57,31,2511.146515
32.724832,55,2512.464464
32.23676,40,2513.109318
-32.74,36,2513.750601
-33.0,38,2514.378331
-39.0,32,2514.894649
42.753459,40,2515.586065
32.10596,31,2516.105672
-32.9,40,2516.810806
-37.3,30,2517.395392
-36.41,41,2521.251562
44.091912,22,2521.657326
38.780488,46,2522.650307
-35.12,26,2523.31266
39.0,31,2524.041306
-41.1,19,2524.380372
32.136364,44,2525.162556
-35.42,32,2525.800412
-38.46,38,2526.416811
32.541667,34,2526.995974
38.900524,25,2527.430896
-32.55,35,2528.071081
33.0,29,2528.591711
-40.5,37,2529.415173
35.144231,43,2530.228833
-47.19,21,2530.634423
-37.41,33,2533.556692
34.496289,44,2534.35576
34.775071,29,2534.827013
-44.04,21,2535.163654
-31.52,26,2535.567637
-32.38,29,2536.489824
-32.52,28,2537.042149
40.417433,27,2537.506525
39.0,29,2538.118971
35.701493,25,2538.518525
-32.88,40,2539.207022
-41.71,28,2539.763157
35.278261,24,2540.237719
-32.82,44,2541.118789
32.130303,47,2542.089772
-41.5,36,2542.788888
-32.6,60,2546.097399
-38.77,47,2546.858282
47.067729,25,2547.267201
-38.28,34,2547.863445
-41.71,24,2548.305844
-32.03,33,2548.98237
-35.64,34,2549.783442
-33.0,43,2551.050889
37.864583,37,2551.922923
-32.56,33,2552.649306
-41.31,37,2553.373443
32.742236,33,2553.997254
35.744671,38,2554.737799
32.389558,29,2555.235821
-32.33,69,2558.61659
38.2,32,2559.297161
39.0,18,2559.742393
-32.69,26,2560.42784
-32.56,40,2561.159339
-35.91,32,2561.714505
-32.88,26,2562.115858
-36.0,40,2562.895764
-41.66,30,2563.448377
-32.79,34,2564.11263
32.792727,36,2564.787444
-37.6,25,2565.254874
35.313559,25,2565.718743
-35.81,30,2566.317774
-44.91,29,2566.915607
32.771044,38,2567.60654
-35.5,36,2570.231358
35.610108,25,2570.618589
32.25,31,2571.145833
32.330544,34,2571.669386
-38.48,33,2572.291934
-31.81,34,2572.950543
36.0,32,2573.532728
41.136691,22,2573.917346
35.573462,37,2574.609625
-32.24,29,2575.355448
42.926708,22,2575.828413
-35.88,25,2576.282005
36.0,38,2577.12449
32.798658,32,2577.669928
-41.8,22,2578.045127
-39.0,29,2578.532346
-33.0,34,2579.08556
-41.53,30,2581.546927
32.775758,34,2582.051023
35.561047,28,2582.459761
-35.2,30,2582.931264
32.75641,38,2583.526824
32.859779,32,2584.043021
38.041045,39,2584.731649
32.186335,36,2585.318283
-37.75,29,2585.846533
-40.95,24,2586.29405
-38.12,25,2586.703054
34.813401,44,2587.496292
33.0,50,2588.378526
-35.16,39,2589.078607
38.095406,23,2589.506148
44.586331,30,2591.936316
-46.92,23,2592.278228
32.828897,32,2592.777206
35.898182,33,2593.279505
35.803681,25,2593.646433
34.846705,55,2594.506191
38.23839,29,2594.992802
-35.91,29,2595.51888
32.579167,42,2596.27386
-32.44,34,2596.844423
35.046474,36,2597.435943
-32.68,33,2598.160515
34.838095,25,2598.622788
32.858824,26,2599.108797
38.109155,23,2599.52103
36.0,26,2599.980013
36.0,33,2600.567778
44.649231,23,2603.047117
41.062637,46,2603.712037
-38.18,25,2604.106323
32.307143,32,2604.626976
34.452752,35,2605.1928
-35.29,24,2605.614997
36.0,28,2606.284862
37.692029,23,2606.766066
-35.27,28,2607.359699
35.575862,33,2607.929974
32.538776,59,2608.976262
-32.92,38,2609.591529
-38.15,24,2609.985834
32.969595,32,2610.508638
32.552941,38,2611.65891
-41.05,23,2612.184331
36.0,43,2615.165119
-35.16,34,2615.762474
38.250951,27,2616.22831
-35.28,35,2616.824919
-32.05,35,2617.43152
38.105031,36,2618.165543
33.0,42,2618.972903
34.641432,44,2619.771262
38.472222,24,2620.236021
-32.6,33,2620.893385
-35.3,29,2621.519964
38.125,23,2622.034317
33.0,25,2622.504849
31.821429,52,2623.629539
38.672535,28,2624.393543
-35.82,40,2627.514011
44.078292,35,2628.08364
-34.01,39,2628.806473
-38.19,47,2629.712778
38.185328,34,2630.521303
-38.82,36,2631.215231
-43.83,37,2631.952924
-39.0,24,2632.435884
-35.49,39,2633.176199
35.586466,33,2633.828723
38.57783,31,2634.450048
-32.69,31,2635.035373
44.502058,24,2635.51607
-39.0,27,2636.035896
-34.97,40,2639.070428
-39.0,35,2639.648506
-41.11,32,2640.192182
-31.99,33,2640.727641
-38.64,24,2641.120404
31.668342,119,2643.425687
32.508,27,2643.946272
-35.23,30,2644.457736
35.294776,30,2645.066406
33.0,29,2645.654188
-41.11,25,2646.10628
32.551724,56,2647.167922
-32.6,27,2647.691594
-37.32,28,2648.242212
-43.95,25,2651.648959
-41.66,26,2652.07701
44.41875,33,2652.569932
-41.14,30,2653.065545
35.640707,35,2653.967187
35.817241,30,2654.547572
35.969697,37,2655.279058
34.538911,43,2656.384349
-38.68,25,2657.057008
38.077966,28,2657.652358
35.621429,29,2658.188586
-35.7,40,2658.944407
35.578755,49,2660.024159
32.278932,40,2660.805924
-41.51,27,2661.298268
-38.02,52,2664.296096
-39.0,29,2664.847823
35.678082,36,2665.529993
35.299053,45,2666.416081
32.361702,28,2666.9878
38.653409,28,2667.529831
-35.54,49,2668.489824
-39.0,23,2668.936846
36.0,24,2669.414524
32.650909,29,2669.973752
-38.32,36,2670.671243
37.809944,31,2671.282117
35.708326,34,2671.90251
-36.0,31,2672.538255
36.0,28,2673.066825
37.220991,30,2673.558466
-32.21,38,2676.217736
-35.79,28,2676.83945
-32.25,59,2678.179175
-41.02,29,2678.742473
32.258182,29,2679.288683
-38.06,25,2679.719643
-38.63,33,2680.584882
32.851301,23,2681.04504
34.621673,35,2681.659676
-41.73,51,2682.821958
-32.29,41,2683.560853
38.393103,28,2684.094307
32.502058,34,2684.7589
-40.19,29,2685.294694
39.0,20,2685.629482
32.42053,35,2688.421381
35.361789,32,2689.082841
-41.34,19,2689.500999
-43.64,33,2690.1559
41.7125,29,2690.676842
41.767025,19,2691.01101
37.381998,40,2691.83997
-43.55,21,2692.368841
32.684588,34,2692.987094
37.741245,31,2693.55464
-35.84,42,2694.28675
-44.35,18,2694.599347
-40.94,24,2695.050936
32.394737,34,2695.638774
-41.37,34,2696.232334
-32.85,37,2696.82418
32.55144,45,2697.508608
-35.16,29,2699.847996
-35.69,40,2700.549822
-38.58,26,2701.009549
41.70566,21,2701.351231
35.164384,26,2701.799602
-39.0,31,2702.319705
38.632867,41,2703.020006
40.512898,30,2703.514513
-37.71,33,2704.085185
35.133333,32,2704.635763
35.304511,36,2705.419047
33.0,34,2706.018743
-35.42,25,2706.454823
-37.59,26,2706.90411
-34.93,40,2707.721583
-38.67,35,2708.320673
38.565517,30,2712.352185
-41.57,21,2712.851955
-32.09,36,2713.659253
38.623529,22,2714.224404
41.146213,21,2714.694845
-37.52,29,2715.357902
38.070513,27,2715.920454
-42.98,23,2716.466355
34.892319,52,2717.593314
37.042188,42,2718.472898
38.112896,24,2718.993504
-32.69,27,2719.5495
36.0,30,2720.099808
-37.05,34,2720.709256
-35.18,36,2721.334982
36.810445,32,2721.805157
30.0,29,2722.279992
43.333176,50,2725.749901
-32.84,34,2726.567025
32.450161,33,2727.324759
-39.85,40,2728.344198
-38.22,34,2729.211228
-35.85,34,2730.086138
34.637931,35,2730.852309
32.623574,35,2731.665897
-41.05,45,2732.598435
32.183453,28,2733.109389
47.398649,24,2733.645548
36.0,31,2734.140771
41.669935,21,2734.479736
-44.78,19,2734.808851
32.236111,31,2735.323211
41.609524,28,2738.03789
-32.29,30,2738.664877
32.570281,72,2740.308684
30.0,35,2740.992342
-44.4,28,2741.526168
-32.66,28,2742.070148
36.0,31,2742.687859
-32.49,29,2743.241167
44.073718,20,2743.614491
-43.54,30,2744.176249
-44.64,19,2744.565655
35.355987,29,2745.123597
38.544872,22,2745.466022
42.0,17,2746.045317
-38.11,35,2746.640731
-38.62,21,2747.043442
33.0,38,2747.696281
-41.06,29,2750.453696
-32.14,42,2751.306451
-44.18,19,2751.674824
-31.62,49,2752.665183
-34.78,38,2753.577396
35.658537,33,2754.284106
-35.89,41,2755.127719
35.614545,32,2755.675288
-34.68,37,2756.336233
-32.5,40,2757.006138
35.450593,26,2757.497242
-44.43,22,2757.807474
-35.11,30,2758.536657
-32.21,44,2759.302775
-35.52,37,2759.825845
-32.09,36,2762.342628
34.968795,26,2762.816386
-35.74,34,2763.455177
-35.59,39,2764.380062
-35.71,41,2765.094176
35.248466,32,2765.629441
38.5,32,2766.262707
-31.54,28,2766.938781
32.34471,33,2767.639593
33.0,36,2768.602699
40.051025,27,2769.49955
-36.0,29,2770.269118
-35.23,29,2770.869461
31.876667,36,2771.569561
-42.95,30,2772.097487
-43.19,23,2772.519952
-35.68,36,2775.656574
-38.29,28,2776.360645
32.25188,61,2778.102
-41.05,24,2778.650318
-35.13,26,2779.208491
32.723247,32,2779.692271
32.507519,31,2780.274293
32.585139,41,2781.188154
32.475275,39,2782.085593
32.097015,36,2782.969073
32.606557,35,2783.898017
-40.95,27,2784.573094
-35.76,28,2785.29582
-37.62,28,2785.839949
-38.06,34,2786.387027
35.728745,41,2789.385803
-33.0,41,2790.173716
-35.15,47,2791.1198
-34.59,62,2792.503605
32.833333,27,2793.01224
-41.74,35,2793.802566
32.851613,54,2795.085551
-32.89,34,2795.793547
-33.0,36,2796.639527
37.406169,30,2797.25235
32.893519,39,2798.013906
-34.21,31,2798.511428
-46.85,20,2798.800086
44.097233,24,2799.147334
38.950178,37,2801.714928
32.011538,38,2802.448122
-35.93,32,2803.116396
-37.48,28,2803.672672
38.724444,22,2804.136487
32.088571,39,2804.841218
30.0,35,2805.459679
44.462687,29,2806.008033
32.139535,31,2806.564969
-40.76,24,2807.160061
-44.91,20,2807.483597
38.617647,29,2808.00606
-41.23,30,2808.541869
-40.66,41,2809.389644
-34.88,28,2809.856594
35.897436,24,2810.227056
38.191057,30,2810.649966
-42.15,30,2813.205383
32.430233,41,2814.093917
32.357414,41,2814.867183
-38.53,27,2815.352376
35.43128,31,2815.999676
-41.37,26,2816.482678
-42.0,27,2816.961431
32.420664,30,2817.490034
-37.46,43,2818.32562
35.593156,31,2819.271157
-31.78,37,2820.108031
-37.9,47,2820.898762
-35.09,28,2821.30354
-38.45,25,2821.678507
38.991903,29,2822.099438
-32.49,39,2825.148493
-35.09,31,2825.801747
-41.87,23,2826.2516
31.506231,33,2826.847581
43.677939,20,2827.198764
38.297222,29,2827.813506
-43.76,19,2828.161733
-32.35,38,2828.833695
-38.73,33,2829.399528
-38.03,30,2829.924649
41.312903,22,2830.366326
-33.0,53,2831.283493
32.232558,39,2831.99849
41.331429,21,2832.322728
35.059701,26,2832.755251
-41.33,26,2833.177734
35.604848,33,2833.652359
-32.49,29,2836.561835
-38.73,38,2837.21758
-39.0,42,2838.128855
35.427007,28,2838.704967
31.968013,32,2839.298948
32.875,31,2839.749419
-36.21,35,2840.274868
-41.27,24,2840.739766
33.0,33,2841.320149
-36.0,37,2842.015931
-37.42,21,2842.384075
37.96831,32,2842.976873
40.85035,29,2843.502143
-41.58,18,2843.842965
38.938849,34,2844.330807
42.0,20,2844.612594
-44.37,33,2845.150731
-38.91,33,2848.061614
37.5626,27,2848.532751
-31.76,35,2849.331306
32.140684,28,2849.864116
33.0,27,2850.384682
-32.5,40,2851.139573
-35.96,53,2852.149975
35.467532,40,2852.838478
32.331169,31,2853.39483
35.066667,41,2854.109938
-32.06,32,2854.738451
37.752426,32,2855.464216
32.104167,41,2856.190687
39.0,25,2856.633713
38.339416,27,2857.142498
-44.5,20,2857.461895
42.0,38,2860.241984
-47.61,20,2860.612855
-39.0,30,2861.154337
41.261905,29,2861.680027
33.0,24,2862.120579
-44.62,16,2862.4352
-44.34,26,2862.911531
-36.22,37,2863.57269
-38.01,22,2864.011084
34.967464,38,2864.705525
-32.14,33,2865.297407
-32.08,34,2865.930623
-44.4,28,2866.413052
-37.68,31,2866.971982
-35.08,34,2867.466681
-33.0,29,2867.892805
32.5,49,2870.954148
-39.0,50,2872.074455
34.101111,30,2872.93841
-41.35,23,2873.418331
-35.15,39,2874.265597
-37.65,37,2875.145255
-35.78,27,2875.950268
-38.37,25,2876.461742
-32.95,45,2877.438144
48.0,23,2878.083086
38.849802,30,2878.814994
-37.73,27,2879.228601
-32.55,37,2879.765974
-32.86,34,2880.322892
36.0,64,2881.37363
35.687368,29,2884.019362
35.009709,35,2884.61398
38.5,30,2885.147002
-32.3,35,2885.804192
38.686084,28,2886.307545
35.463035,29,2886.838194
38.764901,34,2887.582408
38.338235,28,2888.206324
-45.0,21,2888.695351
-41.3,23,2889.15659
38.541317,31,2889.653717
-31.62,37,2890.20121
32.802326,43,2890.820402
-35.76,31,2891.256253
32.901478,34,2891.901019
-35.48,28,2892.414373
42.0,18,2892.744537
-43.88,24,2895.215554
-33.0,32,2895.774949
-32.1,34,2896.382743
41.875969,49,2897.554412
-32.45,41,2898.301564
-33.67,46,2899.119977
-31.77,42,2900.243936
41.899563,28,2900.781327
-32.23,50,2901.542361
35.441038,27,2901.97664
32.583916,33,2902.496211
35.4,25,2902.908439
-40.96,31,2903.486086
39.0,30,2904.071139
38.192568,34,2904.728619
38.466165,23,2907.543781
40.610701,25,2908.108423
-40.73,25,2908.686094
35.149864,31,2909.290635
-41.35,24,2909.746127
43.813847,32,2910.288624
-32.77,33,2910.883056
-38.96,36,2911.597982
34.656705,43,2912.56997
40.537671,25,2912.997363
-45.0,20,2913.367345
-38.02,22,2913.74668
-32.73,32,2914.991391
-37.38,42,2915.916658
41.8,23,2916.420646
32.358065,31,2917.139503
32.5,30,2917.717021
35.190476,36,2920.733735
-35.88,43,2921.64495
36.0,35,2922.352221
-37.93,28,2922.923637
41.613475,50,2924.206401
-35.38,32,2924.850352
-37.51,33,2925.377754
35.875,32,2925.907266
-40.92,23,2926.282213
-43.3,25,2926.670518
39.0,25,2927.139374
-41.94,23,2927.60505
-33.0,31,2928.273647
35.400662,28,2929.11294
38.641129,26,2929.694312
34.676745,33,2930.440235
35.662469,35,2934.596283
-41.02,27,2935.163884
-32.67,69,2936.500326
-35.55,27,2936.952018
-46.79,25,2937.32055
38.134981,32,2938.320229
34.479064,35,2938.849798
32.803922,30,2939.428653
-33.0,29,2939.95405
-32.16,24,2940.443623
-44.67,25,2940.945113
43.386287,23,2941.431223
-38.99,25,2941.931215
38.06367,22,2942.450337
32.408719,47,2943.359633
-40.26,37,2944.123866
38.301639,34,2947.405783
-34.6,44,2948.39718
33.0,38,2949.054796
-34.69,31,2949.543273
38.197239,28,2949.953855
38.228216,51,2951.172967
44.913194,20,2951.61014
-36.0,28,2952.150309
37.831695,33,2953.086525
-41.41,37,2953.824301
-34.97,35,2954.535596
-41.48,34,2955.21691
32.00823,37,2955.828301
41.362179,33,2956.405425
36.0,28,2956.929147
-32.06,34,2959.822818
35.722769,31,2960.456112
-41.17,32,2961.07981
-35.26,28,2961.601742
-33.0,43,2962.319552
-39.0,23,2962.700842
40.580085,31,2963.264268
-47.1,21,2963.794291
-32.09,46,2964.869846
33.0,32,2965.653429
-41.25,22,2966.177559
-33.0,35,2966.977103
44.679612,23,2967.420144
32.680147,37,2968.176483
35.576324,23,2968.682536
-39.0,31,2969.291157
-36.0,28,2969.808
-32.55,41,2973.410337
-41.46,28,2973.841409
-32.55,33,2974.375524
35.344444,39,2974.96412
-35.57,28,2975.40876
35.560606,39,2976.065051
44.602484,43,2976.907662
-36.0,26,2977.395905
-41.58,50,2978.365073
38.341379,57,2979.683849
-48.0,18,2980.034689
-35.45,34,2980.63165
-41.37,28,2981.178765
-32.01,34,2981.825845
-32.68,26,2982.314435
32.522556,36,2985.340384
-43.74,52,2986.076908
-35.31,25,2986.467623
32.095941,29,2986.926644
38.279851,28,2987.399995
-41.1,23,2987.85381
-35.33,29,2988.410005
44.38488,26,2988.905972
35.011407,27,2989.394201
35.80303,38,2990.467038
-41.77,44,2991.376977
44.170266,35,2992.197016
-35.27,28,2992.846728
41.409091,18,2993.227034
-38.34,56,2994.404778
41.493007,23,2994.881333
38.924188,29,2997.853496
-32.46,31,2998.403617
38.023013,25,2998.825256
-36.0,42,2999.50636
-32.29,28,3000.021817
-32.16,28,3000.584677
-38.34,21,3000.985528
34.765585,33,3001.599204
32.901478,27,3002.107585
38.217241,33,3002.692761
41.287162,21,3003.12833
41.586667,25,3003.623206
37.973015,33,3004.268186
37.878683,36,3005.238925
35.509983,34,3006.354506
41.545833,29,3007.049933
36.0,37,3007.747546
32.41994,33,3010.415179
37.383572,31,3010.869815
38.745455,32,3011.343945
-41.05,23,3011.755187
38.708955,28,3012.463262
-37.81,26,3012.960911
33.0,30,3013.514054
40.543658,32,3014.120575
32.011765,34,3014.757324
35.84,42,3015.575661
-41.09,18,3015.884588
39.75435,47,3016.777719
32.55137,28,3017.286103
-35.5,28,3017.795665
-32.49,34,3018.705848
38.773333,30,3019.254412
38.319118,25,3022.136914
38.093851,34,3022.844831
-36.0,28,3023.363631
35.902778,28,3023.911719
-35.68,33,3024.618651
-40.37,24,3025.090816
44.048726,27,3025.658207
45.0,25,3026.136676
41.112319,25,3026.599294
35.632353,33,3027.293208
-41.91,26,3027.894796
-34.29,49,3028.906131
-47.66,21,3029.354257
-37.14,31,3029.94444
37.761765,34,3030.549595
39.0,29,3031.103508
-32.91,33,3032.002439
35.305556,33,3034.801675
35.450331,32,3035.364441
36.720981,43,3036.151711
-38.88,35,3036.803555
-43.4,25,3037.303205
42.0,16,3037.592467
-40.95,32,3038.191174
-31.61,41,3039.163379
-35.36,25,3039.623825
32.352518,40,3040.395945
-40.83,25,3040.847171
41.484848,49,3041.843528
35.640845,33,3042.474816
38.540146,29,3043.024312
-32.68,39,3043.961081
-32.65,33,3044.656169
35.261818,33,3047.53012
-38.43,34,3048.126726
-41.78,26,3048.625464
41.658516,26,3049.132982
-35.17,26,3049.649391
-32.82,33,3050.314305
-33.0,33,3050.907499
32.354839,34,3051.566415
47.097276,14,3051.861626
33.0,32,3052.475531
42.0,28,3052.979585
33.0,28,3053.517974
41.327103,24,3053.955379
-39.49,30,3054.51832
-43.16,22,3054.92855
36.0,52,3055.888809
-41.3,20,3056.296029
38.825175,24,3056.727382
35.815182,41,3059.940097
38.453488,35,3060.727154
-36.0,23,3061.487966
-32.56,32,3062.156851
35.031153,29,3062.819218
-38.22,28,3063.474503
-42.0,31,3064.226237
45.0,17,3064.606238
-43.67,23,3065.097887
35.882784,30,3065.904436
35.262069,25,3066.705342
44.931034,30,3067.407107
32.745098,62,3068.819255
38.02439,40,3069.726897
38.399754,25,3070.283387
-32.6,47,3073.668242
-41.42,25,3074.21202
-34.77,35,3074.988487
-32.56,32,3075.713863
-36.0,34,3076.406
36.0,24,3076.899572
-36.0,26,3077.425452
-38.12,31,3078.03862
38.496158,22,3078.520932
-34.9,31,3079.213875
35.419753,36,3080.21526
35.751111,32,3081.045647
-35.73,31,3081.842623
-32.88,73,3083.537178
-33.0,60,3084.975223
41.749035,32,3087.80472
-32.09,56,3089.060228
32.051471,27,3089.615094
44.309331,27,3090.165202
37.904097,33,3091.277579
32.18107,35,3092.096661
41.843407,27,3092.65415
-32.66,44,3093.690101
-35.31,31,3094.556022
35.539563,31,3095.254439
34.776064,43,3096.272155
40.18908,33,3097.146378
-39.0,28,3097.690762
32.954861,27,3098.22553
38.529183,24,3098.701223
38.075522,26,3099.222721
41.686275,29,3102.249002
40.351476,27,3102.875046
34.070973,47,3103.925045
-38.7,27,3104.436172
37.661654,36,3105.186066
-30.0,36,3105.912771
32.400552,36,3106.627517
-41.74,24,3107.132186
35.556923,34,3107.841007
32.529412,54,3108.944025
37.584537,31,3109.512935
31.508032,34,3110.260099
32.311897,32,3110.921449
32.174242,29,3111.532876
-38.16,30,3112.181107
-35.56,28,3115.241529
42.0,27,3115.836251
-35.6,43,3116.810394
38.51711,33,3117.519571
-37.89,39,3118.441329
-37.89,26,3119.340724
-32.33,32,3120.274658
40.363102,30,3121.04606
-32.03,38,3122.002965
43.917508,16,3122.382556
38.90106,32,3123.161968
-37.51,26,3123.744654
-41.8,17,3124.078389
38.188889,25,3124.578775
-35.18,25,3125.135465
35.108108,25,3125.57664
44.504065,22,3125.986902
34.025806,45,3129.353787
-32.32,37,3130.097059
-43.92,19,3130.436525
32.1417,38,3131.172077
-34.52,27,3131.69362
35.151639,39,3132.418537
-32.54,35,3133.08715
38.145763,22,3133.510164
34.794521,26,3134.047063
35.404984,26,3134.51668
41.148692,25,3135.02046
-35.64,38,3135.931374
43.738269,25,3136.41617
36.0,25,3136.904061
-38.84,33,3137.52027
32.480427,30,3138.007228
33.0,42,3138.705061
-41.75,24,3141.101738
35.104294,36,3141.818683
-38.61,35,3142.475362
-36.0,40,3143.247128
-35.35,28,3143.779072
-41.72,24,3144.281252
-41.21,24,3144.810044
-41.67,24,3145.267513
34.993713,34,3146.131318
-35.15,38,3146.824483
-35.15,44,3147.783518
-46.96,17,3148.114435
33.0,45,3148.909162
-37.91,28,3149.405338
-44.89,22,3149.788195
-32.36,33,3150.406907
-35.11,30,3150.89479
41.425703,32,3153.943634
-41.22,38,3154.660762
31.843434,37,3155.325872
-42.0,27,3155.877433
35.003559,27,3156.375975
-41.11,25,3156.894525
-35.46,33,3157.523386
-35.82,32,3158.101292
-32.13,27,3158.667337
-44.52,19,3159.064851
34.995459,34,3159.78461
-32.49,32,3160.39407
-45.0,31,3160.958276
-34.9,36,3161.622676
-41.52,34,3162.34919
-44.24,20,3162.790125
41.381098,79,3166.710666
37.899096,25,3167.334152
37.844464,27,3168.091553
45.410793,54,3169.514347
35.215229,30,3170.174978
-43.73,27,3170.855564
-35.43,41,3171.884245
-32.32,37,3173.025291
-41.35,38,3173.900407
-35.54,31,3174.531028
35.338521,29,3175.075705
38.880768,50,3175.842865
32.267857,27,3176.248002
43.829984,51,3179.567919
32.535714,46,3180.43937
-38.32,31,3181.050236
36.0,27,3181.653935
32.223735,32,3182.481363
35.393548,27,3183.413269
-45.0,23,3183.932496
-35.63,29,3184.503704
-38.54,29,3185.145278
-35.89,35,3185.870112
-41.66,31,3186.483214
32.51711,36,3187.255716
37.507042,24,3187.743438
-35.93,31,3188.387928
44.209877,16,3188.7416
-35.7,22,3189.129654
38.03719,28,3189.64236
38.498715,27,3190.11181
-35.14,37,3193.215392
-46.28,22,3193.688504
35.854054,26,3194.250058
-32.14,34,3195.104765
-32.25,41,3195.986522
34.067098,42,3196.958427
32.251852,35,3197.692541
38.640927,23,3198.137453
-35.68,33,3198.923054
-38.71,32,3199.61686
43.902035,30,3200.479798
37.074111,32,3201.594427
38.085502,33,3202.188266
38.305856,48,3202.947887
-32.13,39,3203.522088
-41.3,33,3206.922347
-41.03,35,3207.654589
-36.0,26,3208.192793
-45.0,32,3208.757457
-32.02,36,3209.454653
-38.52,28,3210.055003
47.919872,32,3211.387007
-42.0,17,3211.733689
35.754098,27,3212.23884
-32.91,37,3212.930141
37.857452,30,3213.509977
35.880795,26,3213.944133
-38.26,35,3214.566794
38.617978,29,3214.994386
-39.19,32,3215.502126
32.890756,34,3216.037765
-41.22,34,3216.654828
32.862857,29,3219.519713
35.854545,23,3219.973268
-41.81,31,3220.56796
44.180723,18,3220.922574
-41.28,31,3221.54902
-38.16,26,3222.014596
34.402092,25,3222.476003
34.560976,34,3223.166687
34.254669,29,3223.735571
-39.0,28,3224.326186
-39.0,33,3224.919851
38.698885,23,3225.252084
-44.8,28,3225.841285
-35.34,36,3226.498911
34.840388,36,3227.064606
-35.44,35,3227.635315
-38.87,30,3228.40162
-37.42,25,3228.901568
-46.44,27,3231.572904
44.403125,13,3231.803948
36.991973,37,3232.65534
35.367521,28,3233.199841
-38.77,23,3233.659073
-35.05,42,3234.485553
-32.2,54,3235.527271
38.687732,31,3236.291501
-36.0,27,3236.805108
-44.04,16,3237.04937
36.0,23,3237.450076
40.5625,25,3237.843895
-32.47,36,3238.440698
37.934607,30,3238.964756
32.048077,30,3239.51971
-39.0,33,3240.124836
41.033846,21,3240.552882
35.624324,42,3243.635991
-35.09,28,3244.212729
44.103846,23,3244.71964
35.205545,50,3245.645055
36.0,23,3246.722093
37.647405,26,3247.199218
35.477402,30,3247.745951
32.036585,38,3248.449243
38.2,37,3249.097962
44.739286,43,3249.764083
38.674897,31,3250.245286
-32.8,28,3250.669502
-38.81,22,3250.992387
32.07874,36,3251.569225
38.428571,30,3252.037984
-41.43,35,3252.735975
33.0,34,3255.934623
32.681199,34,3256.535402
34.663153,46,3257.275813
40.741827,30,3257.854644
38.80597,22,3258.269091
-35.35,24,3258.696391
37.716222,44,3259.553481
41.610108,28,3260.101117
-32.17,44,3260.908675
41.182927,30,3261.440384
35.231373,31,3262.070965
41.158451,20,3262.471746
37.638391,38,3263.061482
-38.38,26,3263.435467
39.0,29,3263.903738
32.178451,32,3264.439017
41.935606,24,3267.28395
39.0,28,3267.827552
32.463415,49,3268.824834
32.003968,31,3269.431018
-36.4,39,3270.151968
42.0,18,3270.475252
35.433437,53,3271.487674
41.316733,23,3271.94664
-35.25,29,3272.514538
-38.97,34,3273.055285
32.477564,31,3273.551411
32.686084,35,3274.09343
38.151724,30,3274.562531
42.0,23,3274.943261
-38.5,42,3275.66584
32.862676,27,3276.211931
-32.04,36,3279.204079
-34.82,43,3280.07453
-47.24,22,3280.449453
41.439863,24,3280.948514
-35.7,38,3281.988244
-37.87,42,3282.765409
38.08871,26,3283.247708
34.209273,29,3283.800879
-34.8,43,3284.526845
35.641379,35,3285.088841
-40.59,32,3285.579944
-35.51,29,3286.014352
35.56229,32,3286.553106
-32.84,26,3286.971316
-32.76,32,3287.529169
-41.49,19,3288.020617
39.0,29,3290.842378
32.817439,33,3291.427703
-38.82,26,3291.933004
38.109489,25,3292.505774
40.903046,35,3293.236547
-47.17,26,3293.77972
-41.48,28,3294.357924
-32.41,36,3295.106137
-38.7,34,3295.750846
-36.6,29,3296.231445
-33.0,28,3296.680945
-43.66,26,3297.122303
-37.62,29,3297.727906
-34.67,36,3298.378197
-36.0,38,3299.043692
41.454887,29,3299.622134
35.25974,29,3300.189815
-44.37,24,3302.950597
-41.26,27,3303.68314
37.726866,27,3304.251861
-34.68,33,3304.908033
-35.08,33,3305.548585
-38.48,31,3306.181491
38.471338,27,3306.68323
-34.6,36,3307.374053
41.472488,24,3307.797312
32.5625,30,3308.327936
-32.5,35,3308.874676
-34.23,43,3309.661475
32.606164,32,3310.224093
-38.25,26,3310.763541
35.502242,28,3311.320888
32.208609,35,3312.081515
32.630682,71,3315.751919
41.264721,28,3316.346696
-32.39,42,3317.207422
35.901235,24,3317.697866
-35.91,27,3319.117795
-38.3,26,3319.656243
35.5,34,3320.37076
33.0,28,3320.976574
32.487633,34,3321.639313
37.618479,32,3322.218925
32.374502,38,3322.840577
-41.45,17,3323.148214
32.534704,34,3323.797154
43.224663,28,3324.352088
33.0,29,3324.863829
35.033582,29,3325.418531
35.491379,38,3328.512431
35.793388,25,3328.988165
-42.0,26,3329.452684
38.269874,27,3330.008877
32.097561,44,3331.156121
-38.18,24,3331.660482
40.860656,25,3332.176299
-34.52,31,3332.792055
-32.47,48,3333.600118
32.900735,37,3334.185436
-41.44,29,3334.751852
-32.66,32,3335.263508
-35.06,32,3336.287434
41.287309,21,3336.708168
36.0,26,3337.213011
42.922945,32,3337.8473
-40.43,24,3338.306887
35.543726,39,3341.286947
38.079755,35,3341.991009
42.0,24,3342.420932
-41.7,24,3342.931525
32.491468,35,3343.654684
47.486692,29,3344.250935
35.897059,26,3344.715055
38.824929,32,3345.23739
32.326923,32,3345.804751
-35.53,56,3346.851983
32.724739,34,3347.41858
45.0,18,3347.90918
38.708633,28,3348.446574
35.519856,34,3349.120198
41.5,20,3349.540663
-35.31,25,3350.015943
-31.52,43,3352.995148
45.0,34,3353.631816
32.256318,33,3354.24839
-38.32,36,3354.921178
36.877503,28,3355.530764
34.449394,35,3356.283033
37.597872,41,3356.967403
42.0,29,3357.425574
-44.44,31,3357.872142
41.770548,28,3358.368911
44.221967,73,3359.668101
-32.31,37,3360.442314
-38.3,28,3361.064677
44.134259,17,3361.384467
-37.73,31,3361.984507
35.233974,28,3364.665259
38.362812,28,3365.205773
-41.55,32,3366.023649
-40.94,23,3366.453173
-35.28,34,3367.090046
-41.5,16,3367.400286
32.356,36,3368.076496
40.33284,24,3368.490897
-36.0,31,3368.968253
-40.9,29,3369.401934
32.935976,78,3370.709372
-38.09,23,3371.152385
35.507519,24,3371.585305
32.575342,29,3372.134076
32.492593,31,3372.703986
44.142857,16,3373.0108
38.388889,27,3373.49323
-37.67,19,3375.794867
41.08,28,3376.327965
47.282258,15,3376.634363
-35.11,36,3377.343364
-36.0,35,3377.9746
-43.42,24,3378.467781
-38.91,22,3378.934301
-34.6,39,3379.540308
44.818868,24,3379.83605
38.165459,41,3380.588193
-35.51,51,3381.368323
-42.0,26,3381.872089
32.082397,33,3382.502526
41.124454,31,3383.01292
-36.0,41,3383.706203
34.96596,78,3387.381076
41.208079,24,3387.811641
34.779344,30,3388.423978
32.228013,32,3389.01499
36.0,38,3389.725257
-38.44,26,3390.218087
-42.0,35,3391.000878
-32.71,31,3391.699126
-35.43,39,3392.397408
36.0,30,3392.937908
-44.34,22,3393.263811
-43.97,41,3393.907784
-44.14,19,3394.200878
-41.31,24,3394.612812
-33.0,34,3395.189976
32.272358,32,3396.264772
-41.07,35,3396.888394
-41.39,24,3399.566096
-38.4,26,3400.022985
32.789286,30,3400.593661
46.873163,20,3400.986354
-40.8,43,3401.797764
-35.29,29,3402.374872
34.157292,43,3403.243162
-44.84,23,3403.631002
-41.14,24,3404.099395
-36.0,33,3404.592748
44.503676,37,3405.15582
41.421686,28,3405.562155
38.8,31,3406.047305
-33.0,27,3406.562275
-34.93,42,3407.586142
-35.23,24,3408.068945
41.55838,19,3408.407625
32.490637,37,3411.456278
-46.63,38,3412.112398
44.216535,26,3412.566959
37.816041,34,3413.289541
-32.51,30,3413.936191
35.355228,29,3414.582598
37.694417,40,3415.9334
-35.04,42,3416.833925
-32.5,99,3418.513559
42.0,24,3418.934234
-33.0,31,3419.552054
35.389961,44,3420.481775
-38.2,105,3424.787904
-32.41,29,3425.346294
-38.88,31,3425.940699
32.239865,39,3426.695919
40.52103,27,3427.707379
-40.78,34,3428.652062
-37.28,24,3429.033201
44.180812,25,3429.440244
32.277592,38,3430.090892
35.630998,27,3430.589471
-35.87,29,3431.150508
-41.51,22,3431.55698
-32.68,43,3432.404781
-37.77,28,3432.93614
40.707885,28,3433.497081
-35.66,30,3434.337941
44.467584,35,3437.291538
33.0,40,3438.242718
-36.0,21,3438.725221
-32.19,27,3439.222468
38.557325,28,3439.70921
43.581548,26,3440.158165
-44.26,19,3440.493746
35.326923,32,3441.053362
-35.75,24,3441.464509
33.0,32,3441.971875
-38.55,31,3442.480053
32.252788,34,3443.060555
-41.09,25,3443.611266
-32.53,34,3444.413792
38.902985,18,3444.769845
38.550201,33,3445.4142
32.801498,29,3446.008768
43.352376,21,3446.416514
-43.76,69,3450.007212
-36.0,33,3450.450986
35.490494,27,3450.910268
-41.91,26,3451.405216
41.502075,21,3451.78459
-47.16,23,3452.17031
-37.88,29,3452.650077
35.027296,34,3453.194442
32.124138,29,3453.737618
-34.68,35,3454.326274
32.661721,33,3454.879912
-39.0,21,3455.274966
-35.64,32,3455.921781
-35.13,32,3456.527334
32.122378,29,3457.105631
38.783871,46,3458.03034
-32.28,42,3461.604994
35.317164,30,3462.178962
41.557867,37,3462.870891
-35.99,53,3463.71676
35.31032,37,3464.303455
35.86646,32,3464.842257
-44.03,19,3465.139119
38.924188,27,3465.60612
-35.61,35,3466.198175
-35.43,23,3466.62501
46.701014,28,3467.213264
-35.66,30,3467.830595
-35.45,43,3468.657689
44.515038,27,3469.270371
41.250965,34,3470.068716
-35.48,34,3473.031434
35.817073,27,3473.537419
35.975904,35,3474.173172
32.079422,32,3474.719397
41.493789,26,3475.290033
35.145873,33,3475.817263
-44.41,58,3476.781329
-47.45,62,3478.185999
43.926533,26,3478.700979
38.608696,21,3479.140251
-40.73,24,3479.597788
-35.05,35,3480.256612
32.448718,42,3481.050941
41.808219,18,3481.415538
-42.0,29,3481.948737
38.805054,31,3484.966678
-35.2,34,3485.656083
32.789189,34,3486.253456
-41.6,23,3486.653917
-41.12,25,3487.067204
-32.26,31,3487.608477
35.222222,26,3488.080568
41.373832,37,3488.784055
40.894874,28,3489.290817
-34.37,43,3490.109725
33.0,41,3491.001009
-38.38,24,3491.513098
-34.61,26,3492.084286
-36.0,44,3492.954176
38.132685,24,3493.427278
-34.61,30,3493.990868
-32.5,44,3497.213531
-38.24,29,3497.824393
-32.86,38,3498.567971
40.646036,32,3499.137034
-35.34,44,3499.959131
35.741445,39,3500.682747
38.5,54,3501.707611
38.595016,26,3502.18962
-34.99,32,3502.748944
-35.46,34,3503.353698
-35.75,49,3504.288999
32.690962,27,3504.800389
41.475556,20,3505.211349
-40.14,27,3505.787484
-43.28,28,3506.361072
32.043228,33,3509.199535
41.875969,27,3509.713555
44.245033,20,3510.035121
35.875,29,3510.517426
-42.0,20,3510.886238
35.08046,35,3511.683665
-40.4,31,3512.259874
40.444335,26,3512.728078
-32.59,34,3513.280338
-46.51,37,3513.96778
32.746667,33,3514.553829
44.371134,22,3514.955411
31.546358,35,3515.767834
-47.1,12,3515.979002
34.457457,40,3516.745211
41.487273,26,3517.263012
-36.0,24,3517.782685
-41.54,25,3518.306418
35.489933,36,3521.233149
-34.91,34,3521.82374
32.803419,37,3522.500693
-47.2,35,3523.076846
-30.0,35,3523.715777
-38.65,26,3524.209646
-36.0,23,3524.586063
-35.33,30,3525.059395
-36.0,33,3525.598366
-32.26,36,3526.216923
32.749129,34,3527.317148
41.123431,31,3527.896374
-35.27,44,3528.703905
-40.47,65,3529.895529
35.557769,31,3530.647134
-37.76,29,3533.478968
-38.47,35,3534.062777
-40.88,29,3534.545813
35.8,29,3535.022074
38.056716,25,3535.41911
41.724382,27,3536.19468
47.753968,27,3536.670702
38.711744,25,3537.112036
-35.81,24,3537.527403
-35.79,27,3538.036256
40.746528,23,3538.455899
32.068592,37,3539.173224
38.222581,28,3539.717962
41.455253,43,3540.517662
41.112546,29,3541.080379
38.901639,22,3541.497997
38.089431,24,3542.044277
-32.27,32,3542.727088
-38.76,34,3545.740244
35.275862,35,3546.406811
40.88493,24,3546.80798
32.5,49,3547.966295
-32.4,36,3548.595418
40.379238,22,3548.974297
-44.88,20,3549.337599
-41.43,27,3549.835333
-41.81,36,3550.53996
-38.83,28,3551.061031
40.738731,50,3552.04365
43.713751,36,3552.76055
39.0,22,3553.183519
32.011765,48,3554.085371
-38.88,34,3554.740906
32.488889,29,3557.453277
40.351787,23,3557.844124
36.0,29,3558.335901
38.826667,22,3558.655844
-37.68,32,3559.165405
-32.05,32,3560.224325
-38.69,29,3560.808746
-38.82,35,3561.730447
-35.27,33,3562.369673
47.575623,29,3562.98455
-33.0,33,3563.641591
-46.32,22,3564.058906
-44.15,33,3564.701642
39.661895,53,3565.701374
-32.39,31,3566.302393
32.745455,34,3567.047902
-38.69,53,3570.067455
-43.88,25,3570.471414
-32.21,26,3570.925359
-42.9,49,3571.73361
-33.0,38,3572.810885
39.0,24,3573.39595
-43.81,18,3573.766708
-32.45,28,3574.32165
35.312727,37,3575.011117
38.162879,33,3575.568012
-32.45,37,3576.013645
-32.55,38,3576.762845
38.795556,38,3577.497932
-46.43,23,3577.932172
-35.7,32,3578.620407
-44.45,25,3579.122671
44.043988,123,3583.310677
35.065637,27,3583.777858
32.217054,47,3584.622732
-38.81,24,3585.057352
-41.91,30,3585.632776
35.83125,33,3586.241149
-35.05,30,3586.829751
32.599338,27,3587.630045
-35.15,23,3588.174577
41.700935,23,3588.709112
41.418367,23,3589.259044
-36.0,33,3589.977213
-35.05,35,3590.696174
-32.3,32,3591.486938
32.068702,35,3594.424532
38.125177,29,3594.893878
40.085948,27,3595.374752
41.13617,24,3595.849478
-38.12,28,3596.343275
-35.48,29,3596.899531
35.492126,48,3597.898174
-32.33,34,3598.7217
-35.69,30,3599.478354
37.548276,32,3600.172131
-47.19,31,3600.747584
32.767273,29,3601.372068
41.201238,36,3602.170262
31.833333,35,3602.934407
-35.12,27,3603.55413
37.821619,31,3604.243612
-32.01,37,3607.61074
-41.43,21,3608.019176
-34.32,34,3608.757164
41.30031,36,3609.623966
32.266932,35,3610.404057
38.59727,26,3610.963191
35.081211,34,3611.744659
43.21311,25,3612.294225
-34.75,31,3612.986139
-42.0,20,3613.419854
-37.48,35,3614.204148
-36.0,25,3614.775433
38.561346,28,3615.516639
32.301115,35,3616.25691
-35.88,31,3616.997765
34.250995,41,3617.891129
32.172691,30,3618.472193
40.384746,24,3620.808873
38.202335,33,3621.412287
32.144404,26,3621.925642
41.425101,20,3622.713363
-34.01,44,3623.692083
41.2,45,3624.524101
-41.25,21,3624.81076
-32.35,33,3625.37475
37.80377,31,3625.987999
35.183962,31,3626.572028
-35.44,35,3627.402381
-38.13,28,3627.954084
37.94697,29,3628.484932
32.625,38,3629.245139
37.524994,26,3629.712266
35.192308,31,3630.266069
32.90106,31,3630.856403
39.0,31,3633.370277
36.0,32,3633.957432
-47.05,20,3634.364485
38.188285,32,3634.951361
-38.53,28,3635.517267
36.0,22,3635.921465
44.154135,26,3636.427365
-38.36,40,3637.154577
-38.06,30,3637.769716
-35.18,23,3638.180998
-33.0,37,3638.884388
-42.0,23,3639.336061
35.536585,29,3639.969239
39.0,29,3640.588578
32.335849,30,3641.079352
-33.0,39,3642.13404
-39.0,30,3642.673048
-32.63,30,3645.058158
-44.23,33,3645.603209
-32.41,62,3646.814787
-39.0,24,3647.255768
-34.94,25,3647.732233
38.223877,50,3648.679379
-32.48,30,3649.222023
35.333333,28,3649.782288
-40.75,37,3650.45089
-47.47,20,3650.824832
-38.49,57,3651.887575
-35.18,31,3652.686449
-32.87,41,3653.548261
32.147436,36,3654.310497
-38.81,23,3654.701926
38.699187,20,3656.955883
-41.5,30,3657.524938
32.3,26,3657.998735
32.167969,51,3658.928697
-41.35,27,3659.417619
-40.91,29,3659.986527
-32.08,34,3660.651307
-41.55,31,3661.18971
35.93617,38,3661.903704
40.74233,47,3663.040923
-40.93,40,3663.900662
-35.29,38,3664.645225
39.0,28,3665.329497
-32.6,30,3665.905862
33.0,30,3666.409459
-35.84,27,3668.862291
-43.77,29,3669.459569
-34.74,29,3670.109039
32.9,55,3671.128831
38.749049,31,3671.686675
-35.58,30,3672.264147
-31.82,40,3672.991482
32.60076,27,3673.490771
33.0,25,3674.129399
43.073913,24,3674.628262
36.0,27,3675.10587
37.620728,28,3675.594794
41.054945,23,3676.014
-38.06,27,3676.499273
-35.34,31,3677.509866
-35.58,29,3678.146593
42.0,28,3678.697528
-36.0,26,3681.453638
-42.0,27,3681.952771
38.52439,24,3682.687343
-32.68,35,3683.359828
33.0,31,3684.010834
35.12848,30,3684.560901
-38.59,29,3684.94813
-41.53,20,3685.281903
38.472119,23,3685.7681
38.267442,36,3686.43487
38.472727,23,3686.826983
-35.55,21,3687.300084
35.04428,28,3687.858805
35.380952,31,3688.446498
35.773463,31,3689.102703
-33.0,35,3689.794683
-34.74,38,3690.469825
-39.0,42,3693.824991
35.774074,33,3694.530752
34.892336,33,3695.139299
38.287823,40,3696.182823
38.266026,34,3696.825398
40.603203,26,3697.300299
34.853259,36,3697.991883
35.561837,27,3698.704818
-38.43,27,3699.252723
35.169977,26,3699.708055
-37.6,28,3700.232149
35.601562,25,3700.755995
-35.99,30,3701.322336
-35.08,31,3701.947684
-35.3,29,3702.44924
-35.79,37,3703.080696
41.140845,22,3703.407088
-33.0,34,3706.162714
35.9,29,3706.811595
-41.28,24,3707.240692
-32.62,35,3707.917142
-35.09,27,3708.42655
32.177852,32,3709.019503
-37.67,37,3709.722792
-35.57,29,3710.272984
35.71564,32,3710.93636
-40.69,30,3711.48276
36.0,87,3713.065829
-37.36,23,3713.504665
-32.47,41,3714.153734
-30.0,34,3714.944544
40.97651,23,3715.282655
-38.36,29,3717.830957
32.799213,27,3718.564828
32.59542,30,3719.163532
-35.67,27,3719.648695
32.5,40,3720.391563
38.73494,29,3720.940283
34.911178,25,3721.457453
-32.11,32,3722.047057
47.88755,28,3722.67676
44.040323,25,3723.20091
-39.0,29,3723.752924
-43.63,55,3724.828228
32.098765,37,3725.45618
-44.44,17,3725.786562
38.5,45,3726.572204
38.477966,27,3727.031586
-38.54,33,3729.783779
-41.14,23,3730.283096
32.024272,34,3731.216158
-32.43,31,3731.845093
34.454863,32,3732.479053
32.644444,34,3733.175608
-35.83,25,3733.738881
-41.49,34,3734.480432
35.378906,38,3735.193513
35.956772,31,3735.79833
-44.33,19,3736.150377
-35.15,42,3736.881726
44.3,28,3737.385287
44.886463,32,3737.892533
35.025,41,3738.55724
39.0,31,3739.048976
-36.0,27,3739.473239
47.03,30,3742.044584
38.395498,26,3742.586905
-35.44,30,3743.118195
44.202166,53,3744.389192
32.672355,37,3745.078956
31.63834,31,3745.671659
33.0,31,3746.262328
-38.38,30,3746.829046
35.662577,30,3747.366445
44.051319,29,3747.916478
39.932004,25,3748.430212
37.514599,27,3748.933199
-32.5,31,3749.418205
-42.0,26,3749.825495
-38.55,49,3750.549336
-35.86,26,3750.947987
32.064378,34,3753.703023
37.963415,25,3754.183995
38.03668,26,3754.682094
44.516035,21,3755.051108
39.38726,28,3755.583091
35.02214,27,3756.11182
-36.0,27,3756.762455
-40.4,25,3757.391137
37.514443,35,3758.069757
-38.57,24,3758.509315
-39.0,26,3758.980951
38.116883,36,3759.722104
39.0,33,3760.376193
35.809859,43,3761.160049
35.02518,33,3761.720185
-32.14,30,3762.172979
-32.27,32,3762.711381
33.0,41,3766.530499
43.899831,33,3767.155324
-32.61,32,3767.797728
32.573265,36,3768.768327
44.502778,22,3769.181005
36.0,34,3769.803117
-33.66,36,3770.491364
32.154799,39,3771.301101
47.209877,13,3771.547427
-47.21,23,3771.9481
39.0,35,3772.506024
35.4,26,3772.910263
33.0,37,3773.464351
36.0,25,3773.809254
32.009434,47,3774.632863
-44.1,26,3775.155025
33.0,39,3778.362761
-42.99,21,3778.819922
-42.7,24,3779.277633
41.033074,24,3779.740162
-33.0,30,3780.186053
35.900312,24,3780.579292
46.397937,27,3781.159318
35.436293,34,3781.885808
-40.93,27,3782.380218
-32.11,31,3783.037697
38.003378,24,3783.615248
-35.13,27,3784.140841
-35.46,31,3784.624643
-38.89,30,3785.089526
-38.33,23,3785.543302
35.335849,38,3786.230548
35.556863,33,3786.860186
39.0,27,3787.445279
32.319853,46,3790.773169
41.216129,22,3791.21762
35.679621,35,3791.840311
35.180672,33,3792.507152
-32.56,52,3793.62655
42.0,20,3793.987961
-46.79,35,3795.003839
32.404255,31,3795.677285
32.385496,30,3796.248887
-32.36,40,3797.058193
38.384615,19,3797.358429
-32.83,32,3797.927301
-38.36,27,3798.326927
40.384386,30,3798.77251
47.451613,16,3799.039243
-41.69,21,3799.47064
32.571429,32,3800.039623
-37.79,32,3802.841389
36.0,59,3804.107885
-38.22,30,3804.750191
-32.27,38,3805.441193
-38.77,23,3805.866875
-33.0,33,3806.500169
32.143411,29,3807.02148
38.111082,49,3808.017789
36.0,27,3808.511013
-38.63,23,3808.879346
42.0,24,3809.2887
-32.91,35,3809.800396
-32.56,38,3810.392074
-39.0,24,3810.762435
-35.95,34,3811.563492
32.701439,32,3814.277183
-35.18,36,3814.981912
38.674699,25,3815.464247
-35.87,30,3816.060758
32.073171,33,3816.765784
32.605634,40,3817.648564
-35.7,35,3818.284054
40.218207,30,3818.88045
47.254347,22,3819.36023
35.363985,28,3819.974835
-41.53,24,3820.464988
-41.69,24,3821.004416
38.067194,37,3821.603858
-40.92,36,3822.116706
38.05636,32,3822.710834
41.5,41,3823.414657
36.0,25,3823.873324
32.5,28,3826.501464
32.173554,30,3827.025029
-35.6,24,3827.460375
-35.05,25,3827.938183
-33.0,40,3828.77921
38.696751,30,3829.228212
-35.43,24,3829.935569
32.401408,35,3830.686295
40.667596,22,3831.188508
-38.83,28,3831.757405
-31.72,33,3832.356685
-32.55,35,3833.029618
-32.43,33,3833.609562
-38.09,31,3834.082834
-32.85,35,3834.640846
38.022727,30,3835.184611
34.94719,47,3838.225149
-32.6,31,3838.968423
41.081073,29,3839.54601
35.903346,31,3840.199851
38.877419,27,3840.732302
-45.0,18,3841.103763
-32.09,35,3841.84377
38.808511,26,3842.434397
-38.44,21,3842.916392
-35.63,36,3843.622946
32.900524,28,3844.115003
44.701439,32,3844.652285
37.830447,32,3845.151075
38.083636,25,3845.512604
32.166023,33,3846.032365
-32.43,32,3846.49299
37.422143,26,3846.93733
32.193916,27,3847.648117
38.579439,35,3850.743806
-41.75,26,3851.242101
32.579088,38,3852.014397
41.500938,27,3852.525193
-32.11,42,3853.428305
-38.17,33,3854.052984
44.540179,16,3854.364896
46.264813,23,3854.930564
39.0,23,3855.404904
-35.91,31,3856.038538
32.290043,46,3856.938009
38.786765,35,3857.461359
44.109244,30,3857.925438
44.926316,43,3858.714584
43.848689,18,3859.443507
42.0,42,3860.263923
-35.43,59,3863.702805
-35.72,30,3864.338368
32.902724,37,3865.251178
-35.9,32,3865.903154
-42.0,21,3866.318029
37.886079,31,3866.959295
38.009207,35,3867.666801
40.050276,32,3868.210143
32.523256,28,3868.632441
-38.26,24,3869.018726
41.642553,26,3869.440586
41.698885,26,3869.851844
41.25641,19,3870.180553
-32.58,30,3870.797539
-32.2,38,3871.490766
40.6125,35,3872.175965
-43.93,25,3872.646673
-33.0,36,3875.650185
30.0,42,3876.475013
-38.13,31,3877.08933
-32.74,38,3877.787229
32.202703,32,3878.421802
-39.0,29,3879.004151
35.496528,27,3879.489186
37.221249,27,3879.889596
40.420664,33,3880.587272
41.209544,32,3881.08687
-38.61,37,3881.698542
38.471264,32,3882.30813
35.051383,27,3882.821123
-33.0,27,3883.323961
35.351852,28,3883.831882
41.354545,35,3884.503671
36.0,31,3887.317831
35.167832,57,3888.384697
45.0,44,3889.292103
41.236948,30,3889.962795
45.0,30,3890.544929
-35.21,36,3891.125238
35.621253,32,3891.620834
41.045587,34,3892.114661
-43.73,30,3892.568033
41.855596,23,3892.96437
-35.73,31,3893.535607
35.577519,30,3894.056781
39.0,22,3894.462191
32.125341,38,3895.200174
-40.41,20,3895.557848
42.0,45,3898.751197
38.868132,24,3899.194556
32.199248,39,3900.185274
-35.64,41,3900.993367
-41.28,37,3901.683624
-38.41,38,3902.358243
41.277778,22,3902.684456
-38.81,22,3903.025761
-47.02,20,3903.369859
-38.66,30,3903.868447
-32.24,34,3904.420094
41.683019,25,3904.944033
45.0,35,3905.660783
32.680556,43,3906.544519
37.631313,33,3907.243883
-32.91,45,3908.262169
41.02888,38,3911.039258
41.694981,36,3911.523117
37.739075,40,3912.230336
-32.59,27,3912.727049
32.229167,38,3913.437696
-34.41,34,3913.973751
-33.0,38,3914.550276
32.353659,26,3914.917907
38.440273,29,3915.89513
34.727443,51,3916.973184
-40.49,29,3917.506576
-34.77,31,3918.038432
-32.87,33,3918.654992
46.776294,17,3918.96211
32.338346,29,3919.500908
32.467681,26,3922.278816
39.0,30,3922.81122
-32.44,27,3923.314265
41.312796,25,3923.939369
-35.17,24,3924.393647
35.255061,31,3924.9247
39.0,23,3925.255501
37.810073,23,3925.594707
-32.54,33,3926.069539
38.370787,40,3926.697996
32.287719,30,3927.263293
-46.31,19,3927.636838
-35.22,29,3928.15286
33.0,33,3928.821167
-35.1,36,3929.488549
-32.81,31,3930.039962
36.0,32,3930.789532
32.685393,32,3931.532601
-35.46,29,3934.342434
36.0,24,3934.775695
-40.94,49,3935.766355
-42.52,37,3936.360504
-35.07,38,3936.929752
-32.79,43,3937.593726
35.681319,31,3938.045072
35.118959,32,3938.631258
-42.0,77,3940.051335
-38.71,30,3940.71261
-44.09,14,3941.011561
42.0,20,3941.488757
-38.74,29,3942.511284
-38.88,30,3943.170109
-44.02,20,3944.211376
33.0,37,3946.996636
38.657431,40,3947.687333
-44.72,36,3948.22291
32.902527,35,3948.743634
-38.53,40,3949.387213
35.902985,29,3949.867071
32.302949,32,3950.440536
35.094737,36,3951.275988
35.264798,34,3951.886035
-32.02,48,3952.883036
-44.5,37,3953.641762
-39.93,26,3954.267644
38.909091,45,3955.188599
-36.0,33,3955.839081
-38.24,35,3959.03966
47.577519,40,3959.685658
-44.42,32,3960.320964
-38.94,31,3960.866499
47.355102,17,3961.108207
-38.76,21,3961.445453
-41.86,30,3962.002316
44.748344,19,3962.36952
-40.65,30,3962.938389
32.5,42,3963.799424
-38.44,25,3964.31192
-35.36,28,3964.830384
35.570961,23,3965.294953
-38.89,30,3965.858645
-32.03,37,3966.547313
38.772388,20,3966.90516
41.418868,29,3967.595871
32.605405,39,3968.414485
32.582555,31,3971.048914
35.802281,33,3971.53511
-35.36,33,3972.083877
-36.0,22,3972.519601
35.521583,25,3972.932468
42.0,29,3973.561161
40.797629,36,3974.251704
32.176923,29,3974.876314
33.0,35,3975.607163
38.1417,29,3976.166619
39.0,29,3976.999466
36.964651,44,3977.881189
47.498099,13,3978.135909
39.0,41,3978.863991
-38.54,23,3979.333102
-32.5,30,3979.917228
40.769697,30,3980.497032
-35.04,24,3983.177911
41.697417,28,3983.600227
-32.56,30,3984.047759
-37.97,25,3984.433227
44.327815,18,3984.711298
44.400662,22,3985.120816
-38.26,37,3985.802123
32.075085,33,3986.416516
-34.45,37,3987.109976
-38.83,33,3987.747341
35.834286,29,3988.255627
46.878967,24,3988.709018
38.565957,26,3989.153926
-45.0,14,3989.403478
-47.21,26,3989.882946
32.156322,34,3990.478086
-38.38,50,3991.571153
38.529412,23,3992.126612
-38.3,30,3994.769104
-32.03,37,3995.306871
41.501859,31,3995.836299
-35.91,25,3996.252132
-37.4,57,3997.289469
37.562848,41,3998.007877
38.7,32,3998.604671
35.725694,31,3999.154224
-35.92,33,3999.805787
41.204861,34,4000.404833
32.052632,33,4001.112864
48.0,18,4001.815607
-41.62,21,4002.270451
42.0,30,4002.821195
-40.97,27,4003.317748
32.901639,31,4003.868502
35.633094,42,4006.649272
46.797641,23,4006.962135
-37.1,36,4007.55314
32.051852,37,4008.27573
-31.66,37,4008.983395
36.0,26,4009.432289
48.0,23,4009.843858
35.313953,33,4010.550066
-33.0,36,4011.481596
32.634328,38,4012.299194
35.298039,33,4013.028856
-42.0,22,4013.561285
32.342222,36,4014.3693
-38.2,25,4014.882617
-35.66,35,4015.735326
-32.24,36,4018.556504
37.879245,27,4019.016042
31.942308,28,4019.453058
-38.36,28,4019.935066
-35.37,26,4020.406758
-39.93,30,4021.158947
-36.0,28,4021.539307
-41.25,37,4022.189634
37.467179,33,4022.782819
-32.57,31,4023.360049
-32.14,41,4024.124097
38.704545,32,4024.685122
35.339744,26,4025.135833
43.988889,20,4025.520739
-41.59,24,4025.989027
40.406397,27,4026.4751
38.629139,25,4027.252888
38.914209,30,4027.796909
-37.8,32,4030.323441
-32.24,27,4030.820343
36.0,31,4031.357109
-38.59,24,4031.759153
32.070588,33,4032.366462
41.200813,21,4032.819891
41.095116,29,4033.406866
38.086806,31,4034.085032
-32.48,30,4034.756029
32.9,56,4035.845814
38.481928,38,4036.631769
32.221277,33,4037.254395
35.85,29,4037.895356
-42.0,19,4038.323691
-32.83,28,4039.054926
-35.21,33,4039.69288
-40.24,27,4040.200573
-35.32,24,4042.527326
41.586207,32,4043.029996
38.468635,30,4043.525645
-35.65,39,4044.240525
38.265993,32,4044.830475
44.607595,43,4045.63852
32.414545,36,4046.315463
-38.17,25,4046.934856
-44.93,20,4047.294384
44.43402,28,4047.827544
-39.0,30,4048.388874
41.377698,20,4048.809541
-35.23,39,4049.572875
-42.0,27,4050.063166
32.716475,31,4050.839945
-32.28,30,4051.510238
-40.56,23,4052.037616
42.0,39,4054.992832
36.0,29,4055.562344
-38.74,29,4056.258
40.928248,56,4057.566832
41.225455,23,4058.061714
38.712121,32,4058.675067
38.288344,27,4059.255966
-32.77,46,4060.276781
-45.51,21,4060.74063
-35.69,29,4061.384851
32.413127,41,4062.16687
-35.55,41,4062.968015
-35.37,26,4063.450847
35.093923,39,4064.177008
44.15995,28,4064.688799
37.513771,29,4067.160951
32.587629,34,4067.749362
-33.0,24,4068.151137
-37.28,29,4068.656435
32.397351,28,4069.199772
37.80596,30,4069.777964
-37.68,39,4070.559254
33.0,46,4071.603248
-36.0,31,4072.231668
-32.39,25,4072.787171
-41.26,22,4073.276153
35.222527,28,4074.074453
-35.74,29,4074.633067
-44.19,26,4075.167935
35.030814,30,4075.811073
42.0,29,4076.361048
-40.99,31,4077.11619
44.454678,26,4079.799256
-34.12,30,4080.402804
32.403346,39,4081.159301
-39.0,28,4081.716614
35.506757,30,4082.350006
33.972267,35,4083.077956
32.394265,29,4083.708576
-41.21,24,4084.335817
32.393939,44,4085.342723
-39.0,36,4086.101624
35.158333,32,4086.717614
-37.59,39,4087.425138
-42.0,19,4087.784275
-35.14,23,4088.309829
41.902655,26,4088.896817
-33.0,45,4089.589877
-42.0,25,4089.98998
40.180868,28,4092.68963
-32.53,32,4093.297668
38.714286,22,4093.679381
39.0,27,4094.140823
-32.37,34,4094.819464
-35.32,22,4095.269734
31.534749,32,4095.892207
38.313053,37,4096.569507
-40.78,34,4097.308903
-38.96,37,4098.061448
-41.19,28,4098.559262
-32.78,37,4099.255159
-38.23,28,4099.791019
-43.19,22,4100.42458
38.424908,43,4101.276946
41.318008,31,4101.796022
35.665116,32,4104.43147
-35.73,28,4105.050591
41.7,24,4105.514249
40.727752,30,4106.051838
-33.0,52,4107.047517
38.377953,34,4107.683472
-35.43,28,4108.213715
38.57947,32,4108.942169
45.0,26,4109.413156
37.984904,36,4110.087017
32.63035,25,4110.558599
39.0,41,4111.458076
-32.29,33,4112.061746
36.0,35,4112.657761
-41.41,26,4113.088887
41.322957,18,4113.356285
32.227273,29,4113.889268
46.952614,66,4117.169879
-32.14,40,4117.91671
44.137736,25,4118.444918
32.883803,31,4119.008593
-32.29,28,4119.746185
-44.54,26,4120.23294
-35.84,31,4120.793464
-32.38,32,4121.37128
41.874172,29,4121.939049
-32.57,29,4122.451583
32.073171,38,4123.074744
-41.12,34,4123.703604
-41.17,22,4124.082212
-33.0,33,4124.726786
37.544314,30,4125.316736
-40.96,31,4128.259826
32.413669,35,4129.055167
-40.9,26,4129.717422
-44.94,40,4130.728604
38.37352,27,4131.282834
39.376957,35,4132.381095
-32.06,96,4134.37052
-40.64,32,4135.094311
44.731618,30,4135.702094
34.654078,47,4136.649675
36.0,26,4137.142636
-32.22,37,4137.910067
-40.26,34,4138.440437
36.0,28,4138.866248
40.150214,24,4141.578611
-38.03,40,4142.446462
-43.76,25,4143.0943
-32.13,49,4144.12718
-32.21,42,4144.902335
37.433865,47,4145.779978
-44.68,31,4146.394459
32.684982,31,4146.971204
40.731381,27,4147.439413
33.0,30,4147.906957
-32.4,32,4148.429583
37.96988,32,4148.921628
-41.2,27,4149.416935
39.0,47,4150.277517
-38.34,26,4150.707577
-35.4,34,4153.834512
-39.0,26,4154.388847
35.640411,39,4155.65953
-32.08,35,4156.826685
45.0,40,4157.565691
38.989209,24,4158.270624
-46.02,21,4158.678089
38.083636,29,4159.21969
35.042705,25,4159.673745
38.473837,25,4160.095734
-41.38,24,4160.476791
-42.0,23,4160.875727
36.0,30,4161.409168
38.317485,28,4162.041543
36.0,26,4162.652566
37.593188,27,4163.170545
-36.48,33,4163.726301
40.738739,24,4164.147502
32.91358,28,4166.789557
35.808219,24,4167.273575
-35.51,36,4167.94239
39.0,28,4168.462925
33.0,44,4169.264458
38.902357,25,4169.755335
42.0,23,4170.210939
-32.88,26,4170.69107
-35.41,53,4171.604867
-35.7,26,4172.042691
35.794613,29,4172.848977
-32.37,35,4173.656116
33.0,34,4174.386246
-32.88,33,4175.02901
-44.17,24,4175.506174
37.724303,29,4176.128363
47.320423,25,4178.849869
-32.68,34,4179.639834
38.644444,33,4180.401511
38.489437,32,4181.269172
-38.36,24,4181.751206
-43.24,29,4182.663327
-37.03,28,4183.223572
42.0,21,4183.621729
-35.95,37,4184.225555
35.627692,34,4184.78933
35.48922,28,4185.459454
-42.0,26,4185.955724
-32.92,35,4186.630032
44.419769,22,4187.034515
-38.42,29,4187.580234
37.362735,30,4188.068025
-44.83,20,4188.404407
37.856569,32,4188.943264
-33.0,57,4192.741306
32.977444,31,4193.199565
42.768869,26,4193.719071
32.785714,27,4194.213458
-37.0,29,4194.746346
-43.31,24,4195.235857
-42.0,63,4196.354822
35.541818,25,4196.761735
35.241379,32,4197.296069
41.290801,30,4197.865501
40.91761,37,4198.538171
41.031153,19,4198.856787
46.864937,29,4199.311812
-41.14,25,4199.729441
-35.21,82,4203.372049
32.565916,31,4203.997644
-38.32,30,4204.471375
32.645756,35,4205.158984
32.744275,39,4205.967447
-41.33,37,4206.653829
38.776243,26,4207.15407
-40.52,24,4207.573847
35.317881,27,4208.409581
-41.18,31,4208.911759
-41.54,29,4209.427152
44.217631,28,4209.992174
38.856481,22,4210.36419
35.307647,29,4210.819806
-43.37,27,4211.564275
35.554487,40,4212.277177
44.385113,18,4212.623129
-44.46,23,4213.049994
38.632576,58,4216.514784
-37.6,35,4216.947851
41.047411,26,4217.466198
35.862963,34,4218.117483
33.0,30,4218.703019
32.506667,37,4219.366264
-32.02,31,4219.866151
-44.67,18,4220.202193
37.952206,27,4220.682987
39.0,27,4221.215979
-32.43,27,4221.80085
-41.82,21,4222.305282
43.475174,20,4222.76698
38.903475,31,4223.266299
-33.0,36,4223.872269
43.107003,25,4224.350358
32.658824,38,4224.979182
-43.82,30,4227.958095
-41.72,33,4228.668519
-35.23,36,4229.39022
-41.11,28,4229.97012
-33.0,29,4230.528129
35.683636,39,4231.34854
41.075406,27,4231.96147
32.975275,68,4233.151942
-34.98,38,4233.822544
38.269058,22,4234.216959
41.007752,22,4234.656143
39.0,20,4235.073436
-46.7,38,4235.978997
-38.79,29,4236.470507
-45.0,26,4236.890592
-41.52,21,4237.243224
35.271429,32,4240.476086
38.119205,24,4241.097241
-32.21,31,4241.687667
-41.44,50,4242.646536
-39.0,23,4243.078747
32.605166,48,4244.051906
37.503068,29,4244.62798
-32.84,33,4245.237056
44.005535,25,4245.657922
37.282353,33,4246.206595
31.876569,52,4247.195757
44.792727,23,4247.706305
-32.81,43,4248.482936
-35.05,34,4249.06292
35.413559,29,4249.697361
41.429134,23,4252.735701
41.64,23,4253.228854
-36.0,42,4254.008642
-47.55,14,4254.272769
32.721362,34,4255.307797
-35.06,28,4255.821819
36.0,37,4256.460148
-32.42,47,4257.279581
38.414729,27,4257.862514
38.241007,31,4258.400729
-35.53,29,4258.857543
44.464907,32,4259.657254
32.17101,29,4260.220041
35.517915,25,4260.656049
-40.4,27,4261.165022
-32.77,36,4261.83662
37.767217,26,4262.262625
44.504237,33,4265.283215
38.762452,26,4265.833204
-41.54,38,4266.712646
34.679741,39,4267.713245
38.712329,27,4268.277503
-35.4,28,4268.797786
-32.31,32,4269.388007
-35.7,31,4269.914429
-41.44,29,4270.56334
38.897541,40,4272.081306
44.609907,31,4272.640115
35.097222,40,4273.36878
32.425926,33,4273.86526
-32.29,30,4274.39308
-42.0,27,4274.812599
38.91129,44,4277.658674
-41.12,29,4278.163903
34.0454,38,4278.868251
-43.48,29,4279.252909
36.0,29,4279.574975
40.331512,31,4280.13712
32.121673,38,4280.969777
36.0,32,4281.478224
-44.16,22,4281.817492
-41.22,45,4282.537069
34.73426,41,4283.279263
-42.0,30,4283.866156
-47.24,13,4284.077614
33.0,34,4284.825124
35.276786,33,4285.516131
-45.0,38,4286.456391
-37.45,30,4289.72789
38.771318,31,4290.342014
-35.49,31,4290.91406
-41.42,28,4291.619444
35.858238,35,4292.264712
35.723881,28,4292.800184
-42.0,26,4293.342609
-38.94,36,4294.161012
36.0,26,4294.578635
39.0,24,4294.98903
-35.91,25,4295.474653
-36.0,42,4296.403283
41.098425,25,4296.920875
38.186992,32,4297.409313
38.495935,33,4297.932212
-41.31,24,4298.337053
-32.69,34,4298.86606
36.0,35,4301.757912
-38.46,27,4302.397884
-32.69,33,4303.065589
-42.0,33,4303.827366
41.074219,39,4304.660908
-44.66,19,4304.989055
35.037944,32,4305.57408
32.672474,35,4306.285441
-41.34,57,4307.398532
-36.77,39,4308.187894
41.472561,29,4308.757556
44.680556,27,4309.378729
38.198675,43,4310.179059
-34.92,29,4310.646316
36.0,24,4311.157807
35.31068,27,4311.689962
-33.0,29,4314.660124
-33.0,27,4315.173677
-32.1,42,4316.000947
-44.48,49,4316.821086
-39.0,24,4317.63005
34.297586,28,4318.095789
32.536122,31,4318.643907
-41.06,24,4319.129094
35.218531,28,4319.710979
-34.77,30,4320.047148
-32.73,35,4320.943784
35.324675,30,4321.659938
41.677253,35,4322.304085
-41.02,19,4322.676734
-41.76,21,4323.09302
-34.44,31,4323.655863
38.075,26,4324.131259
-41.4,25,4326.688448
-43.83,30,4327.252752
-33.0,38,4328.123147
-37.94,27,4328.548865
-34.76,37,4329.27883
-38.67,25,4329.709167
39.0,28,4330.220472
33.0,31,4331.067506
-38.19,30,4331.732383
-36.0,36,4332.404585
39.0,63,4333.59545
42.0,40,4334.273201
-37.48,26,4334.732012
-38.2,28,4335.243748
-43.94,22,4335.763703
-44.47,18,4336.117595
32.6875,31,4339.068141
43.579832,28,4339.567718
33.0,34,4340.202349
-37.92,41,4340.95577
35.968504,43,4341.732154
-44.02,30,4342.239893
-32.35,38,4342.986137
-32.73,33,4343.626596
44.233813,22,4344.170385
-36.95,31,4344.753821
41.547619,29,4345.24892
-41.5,18,4345.5442
-38.27,31,4346.087831
-38.12,25,4346.476107
-42.0,22,4347.041603
-41.47,22,4347.532582
41.300569,25,4347.993874
-35.01,28,4348.5254
-31.96,30,4351.213353
-44.66,36,4351.841699
44.821622,26,4352.275307
-35.44,26,4352.674475
-44.17,25,4353.017787
-47.68,22,4353.390126
35.847015,30,4353.918039
-41.26,19,4354.2516
-38.1,32,4354.843142
-37.87,80,4356.253762
35.003891,30,4356.778111
44.101887,31,4357.34932
37.954548,29,4357.950555
-35.81,39,4358.664084
33.0,30,4359.307828
-33.0,33,4362.520659
-36.0,25,4363.00676
-31.71,40,4363.623214
34.151149,49,4364.429571
39.0,32,4364.959608
-41.22,30,4365.484394
-36.0,25,4365.974417
44.736462,32,4366.815558
35.81203,29,4367.334805
-41.25,23,4367.715439
41.012854,27,4368.157138
33.0,39,4368.775029
-35.74,35,4369.594828
-39.0,25,4370.050685
-35.22,37,4371.009718
-45.0,28,4371.71817
-42.0,34,4374.702975
38.611486,47,4375.486328
38.658703,37,4376.099009
-32.09,43,4376.887314
-36.28,29,4377.420321
38.092715,27,4377.923356
-35.73,42,4379.104054
-35.5,38,4379.727526
41.610294,24,4380.137326
38.203774,24,4380.621511
32.900662,33,4381.291925
41.402488,30,4381.966324
36.0,23,4382.47115
44.340541,23,4382.980434
-37.59,42,4383.907721
35.060837,26,4384.416395
-38.95,46,4387.485438
45.0,18,4387.751415
-39.0,23,4388.147732
39.0,20,4388.490494
-44.14,44,4389.241467
40.8625,34,4389.886306
-35.03,36,4390.478779
-44.62,29,4390.957
44.253472,43,4391.710105
35.47028,80,4393.321627
-38.49,34,4394.058891
38.930909,29,4394.722881
-35.2,29,4395.425609
-41.31,27,4395.98375
-41.59,28,4396.650071
-35.39,38,4399.636827
-39.0,27,4400.052226
44.485915,23,4400.430782
32.496795,50,4401.273049
38.345745,28,4401.78809
-40.71,27,4402.239374
-35.81,25,4402.631703
-44.15,17,4402.906447
-41.66,25,4403.327586
-38.33,27,4403.815867
-44.26,23,4404.320406
38.222222,34,4405.051497
44.555284,33,4405.769496
35.512397,39,4406.628737
35.3,32,4407.274231
-36.0,32,4407.855018
38.730159,35,4408.505611
38.387417,34,4411.647214
-44.23,16,4411.944974
-41.1,41,4412.716636
-38.06,26,4413.319574
38.530075,31,4413.865498
-36.25,40,4414.523543
38.822134,30,4415.024014
-36.0,25,4415.49147
-41.69,36,4416.154209
40.754167,21,4416.5558
-35.73,33,4417.175407
32.623053,26,4417.735973
-37.64,32,4418.196284
41.814961,27,4418.943665
38.440741,25,4419.426879
-40.97,21,4419.831515
35.596838,27,4420.350517
-38.25,43,4423.454042
41.7375,19,4424.140288
-45.0,37,4424.861654
-42.0,19,4425.303074
40.467638,31,4425.959899
-37.58,35,4426.616036
32.913386,55,4427.699156
-32.27,26,4428.299929
-32.67,39,4429.1456
44.454839,25,4429.663385
46.835948,27,4430.187571
44.140288,33,4430.813532
35.410188,31,4431.392443
-44.38,22,4431.862044
40.05959,25,4432.397417
32.634877,49,4433.297549
38.378151,27,4433.854538
-43.18,41,4436.524368
38.25,30,4437.107575
-32.64,34,4437.646571
32.372549,40,4438.274477
-35.69,22,4438.627223
47.584906,16,4438.906442
37.388767,27,4439.342134
-43.2,29,4439.93752
-38.22,28,4440.486983
-38.26,21,4440.881253
-35.16,53,4441.900559
-38.34,39,4442.629719
41.81749,19,4442.988431
38.141762,21,4443.423091
32.063218,31,4444.021498
-38.33,30,4444.602242
36.0,55,4447.660583
-32.52,30,4448.235963
39.0,44,4448.933443
44.283465,30,4449.721601
-43.17,21,4450.031076
38.080537,22,4450.534172
-32.56,29,4451.276467
35.767918,29,4451.813803
36.0,30,4452.393903
39.0,32,4453.020747
38.729242,26,4453.525478
37.787625,25,4454.049656
35.465517,37,4454.741159
35.104693,31,4455.33092
-34.23,42,4456.147748
-39.0,25,4456.606882
-35.26,32,4457.171825
-37.91,48,4460.065361
35.533113,26,4460.470976
-45.0,17,4460.786285
43.739283,36,4461.422053
41.377023,36,4462.028497
-43.91,39,4462.741631
-32.25,28,4463.283724
44.006826,31,4463.84778
-44.5,21,4464.343252
35.796226,38,4465.025358
39.0,22,4465.445542
-41.4,25,4465.896908
38.065015,29,4466.42356
32.642384,46,4467.41628
-38.13,30,4468.02145
39.0,28,4468.522182
-38.07,20,4471.24628
35.697417,27,4471.657274
37.812005,31,4472.183274
-41.21,31,4472.688797
-41.09,48,4473.550512
-32.03,33,4474.15914
-35.13,30,4474.722522
38.545171,24,4476.075701
-41.12,25,4476.617135
34.668813,36,4477.366914
-44.37,30,4477.971156
38.874172,24,4478.493238
32.218391,42,4479.383921
41.226298,29,4479.898263
37.530534,22,4480.251813
38.831373,22,4480.592579
-32.58,33,4481.134025
-38.23,28,4484.447192
35.803448,32,4484.952488
35.541818,40,4485.68621
39.893994,60,4486.848145
-38.91,20,4487.232039
32.370504,39,4487.920072
35.938628,31,4488.493133
-40.47,48,4489.412297
-34.49,46,4490.294473
-40.67,20,4490.62189
-40.81,35,4491.197703
-38.49,39,4491.825999
41.350806,33,4492.372623
-35.67,30,4492.942229
-41.11,31,4493.520254
-36.84,28,4496.070873
44.492308,24,4496.527308
-40.25,25,4496.997418
-32.51,39,4497.711765
35.465649,30,4498.26908
38.568345,24,4498.725088
-33.0,35,4499.483928
35.106529,38,4500.326447
32.34375,49,4501.699254
32.112727,41,4502.428229
34.673453,26,4502.860515
-44.74,21,4503.217277
-42.83,20,4503.56684
-38.17,26,4503.988555
-32.91,61,4505.277277
-34.86,36,4508.101142
-34.56,37,4508.799709
-38.86,44,4509.636885
44.030612,22,4510.045149
-38.54,19,4510.398924
38.5,25,4510.840491
36.0,31,4511.397782
-35.32,30,4511.97741
44.5,25,4512.456466
-41.03,31,4513.049025
32.230469,37,4513.669646
35.046693,30,4514.181404
35.505155,27,4514.619958
35.488889,31,4515.1018
38.050388,36,4515.81118
-38.23,29,4516.903829
45.0,21,4517.324798
40.508455,23,4517.81122
33.0,34,4520.781527
38.669065,28,4521.339614
-33.0,27,4521.822721
35.935361,31,4522.409254
38.338983,26,4523.398695
-43.96,32,4524.018055
-38.35,41,4524.822773
-40.58,42,4525.461997
-32.18,62,4526.5016
41.635417,24,4526.938691
-33.0,35,4527.831619
-32.91,38,4528.79602
-38.01,25,4529.284312
36.675081,34,4529.90141
-34.81,42,4533.06294
32.611511,30,4533.686626
41.240288,27,4534.189234
37.565773,26,4534.73016
35.115894,29,4535.370126
42.0,35,4536.159367
-35.84,23,4536.614185
-38.26,34,4537.205844
40.591286,30,4537.692866
-38.13,32,4538.204106
38.410569,27,4538.630739
-34.54,48,4539.630948
38.493976,28,4540.200167
-34.72,37,4540.939624
35.902778,35,4541.560831
-37.99,29,4542.081383
-38.23,28,4542.557646
-32.36,25,4545.130688
38.725191,40,4545.888819
35.623308,27,4546.411783
-33.0,24,4546.882645
40.503817,31,4547.495014
-38.72,41,4548.281217
34.757866,32,4548.879926
-41.58,19,4549.610866
32.003717,47,4550.482949
41.373654,71,4551.789467
39.0,22,4552.169771
-32.04,31,4552.818003
44.383142,25,4553.553282
-38.88,40,4554.340513
-41.07,30,4555.132324
-38.61,32,4558.019109
-44.34,18,4558.337356
-39.0,36,4559.015141
38.10685,26,4559.502889
34.680051,28,4560.002337
-33.0,33,4560.659275
34.87931,30,4561.210184
-43.43,24,4561.645123
47.138686,15,4561.967109
-32.67,35,4562.720613
38.598769,38,4563.473414
-32.42,32,4564.135552
-43.15,34,4564.785925
-38.01,25,4565.470009
-33.0,55,4566.461384
32.616114,31,4567.055332
33.0,47,4570.077122
32.097122,57,4571.267751
-40.71,44,4572.146679
35.023569,34,4572.801785
41.027197,33,4573.44778
-44.29,21,4573.809008
41.775,23,4574.220869
33.0,60,4575.298633
42.0,28,4575.852477
-38.55,24,4576.319581
-35.91,32,4576.902738
-32.81,34,4577.588732
38.552545,24,4578.064988
35.744361,28,4578.644829
-32.79,22,4579.145668
43.810511,29,4579.810779
-39.0,25,4582.528096
-45.0,19,4582.902944
-44.51,25,4583.378675
-35.29,28,4583.918001
38.5,39,4584.663492
-32.58,31,4585.234922
32.760148,32,4585.783851
-39.0,26,4586.252805
-35.07,29,4586.884045
39.957919,27,4587.45586
-32.43,34,4588.202084
35.729537,27,4588.778186
35.054007,38,4589.578007
-36.0,38,4590.281474
-39.0,40,4591.072189
41.509091,31,4591.617254
-35.7,38,4594.816755
35.489933,30,4595.429348
-40.75,26,4596.018305
38.331034,23,4596.466682
38.675926,29,4597.128152
32.515789,66,4598.408675
38.761719,34,4598.983508
-35.05,28,4599.491412
-39.96,60,4600.63645
41.930736,34,4601.26839
-38.57,26,4601.716342
41.501818,24,4602.087292
34.543478,32,4602.596636
-38.45,31,4603.136241
44.902724,18,4603.476636
35.113208,30,4604.162435
-33.0,48,4607.765117
-44.45,42,4608.95887
37.675248,31,4609.637638
36.0,26,4610.077883
41.873303,25,4610.519368
-32.69,37,4611.248186
41.176259,36,4612.050415
-38.44,28,4612.715889
-44.88,18,4613.1327
-38.47,30,4613.784875
44.492936,27,4614.513616
-32.48,25,4614.975823
34.877778,34,4615.59089
31.970405,31,4616.122224
33.945974,43,4617.000544
-44.43,19,4617.404701
35.25283,33,4620.241071
40.683475,33,4620.786004
36.0,29,4621.256356
-32.31,30,4621.762805
44.214876,24,4622.209882
47.5173,27,4622.662812
41.201521,44,4623.475682
-35.04,33,4624.072201
41.115756,20,4624.437023
-44.03,33,4625.059813
-35.66,30,4625.574412
38.333333,37,4626.195685
-41.24,24,4626.684579
38.587591,34,4627.329268
38.461224,28,4627.990256
-44.21,23,4628.508276
-41.91,33,4629.186018
-41.28,26,4631.913996
38.6139,82,4633.273438
-44.51,23,4633.667472
-35.34,32,4634.212923
38.316901,24,4634.737245
-43.65,24,4635.518255
-35.35,32,4636.158714
-39.0,25,4636.619974
-44.31,38,4637.320825
38.039528,32,4637.958764
35.300699,31,4638.511061
41.453125,27,4638.941582
-38.04,31,4639.49551
35.802974,48,4640.615606
-32.26,32,4641.351447
-31.54,45,4644.645567
-36.61,35,4645.390058
35.779221,30,4645.955923
30.0,37,4646.635306
35.358025,29,4647.179118
44.361564,20,4647.546411
37.631817,30,4648.080384
-35.13,27,4648.584306
-39.0,30,4649.112567
-41.76,26,4649.546322
-32.74,42,4650.191249
41.41086,38,4650.802251
32.489712,70,4652.223731
-47.18,16,4652.5439
37.61586,27,4653.144497
44.686813,37,4654.00486
40.089688,26,4656.51512
44.344828,17,4656.805679
35.485437,34,4657.476609
-36.78,34,4658.184589
-38.48,108,4660.253171
36.0,35,4661.057085
35.586587,32,4661.563469
44.730627,18,4661.852008
-32.92,31,4662.603946
32.207547,33,4663.242427
35.785256,31,4663.84438
38.760933,33,4664.573048
41.731788,20,4664.969056
35.342949,44,4665.818789
32.063927,42,4668.660881
-32.07,33,4669.107085
38.342742,30,4669.571234
41.402778,25,4670.057802
40.347975,28,4670.56637
32.348993,32,4671.184164
44.441065,30,4671.760124
-47.32,34,4672.381215
-32.06,36,4672.94195
-36.0,28,4673.373922
40.640819,36,4673.943696
40.314619,28,4674.453074
35.085366,27,4675.082051
38.719424,25,4675.565928
31.861111,28,4676.566509
32.340741,33,4677.155121
36.0,34,4677.768246
-44.15,30,4680.290455
32.34507,32,4680.940286
47.04471,25,4681.473318
32.902778,30,4682.066792
40.749339,29,4682.581321
35.731392,27,4683.074549
38.337875,29,4683.519479
-38.64,30,4683.973683
32.149425,33,4684.607531
-32.83,32,4685.133851
36.0,29,4685.729165
38.931915,25,4686.2397
38.053333,42,4687.407025
-41.29,20,4688.160189
38.72,40,4688.950619
35.464646,42,4689.89986
-44.13,29,4692.54396
-38.75,29,4693.090122
38.432234,27,4693.662748
32.328063,30,4694.312224
35.275194,24,4694.847129
44.432727,29,4695.514791
-45.0,24,4695.994529
-37.92,30,4696.576339
-32.33,30,4697.12156
-44.74,22,4697.458974
39.0,38,4698.229818
33.0,29,4698.939784
45.0,22,4699.375047
-37.96,31,4699.979557
-33.0,34,4700.745264
-32.62,49,4701.629047
-41.35,31,4702.189697
-41.59,30,4704.723422
-35.32,33,4705.333283
39.0,23,4705.851379
-41.69,26,4706.296022
-41.28,31,4706.915339
-32.4,34,4707.457426
-45.38,17,4707.749243
33.0,36,4708.301935
-35.31,40,4708.934723
34.702335,27,4709.445052
-43.99,27,4709.944864
-32.71,30,4710.496884
35.076159,32,4711.102255
33.0,26,4711.737975
33.0,50,4713.072133
-35.14,50,4714.260353
-37.78,45,4717.476939
-46.87,23,4718.013467
39.642125,31,4718.712821
-37.75,29,4719.241145
38.096026,24,4719.656868
35.529412,28,4720.166712
47.439678,19,4720.516083
-46.36,23,4720.895227
-32.39,35,4721.620167
-41.22,22,4722.053781
35.535211,49,4723.004365
-42.83,35,4723.704006
41.091111,25,4724.2191
-41.07,25,4724.675237
-38.49,28,4725.291603
38.859574,25,4725.77229
-37.97,33,4726.425056
-43.28,34,4726.964929
41.544554,24,4729.409098
-44.35,21,4729.798426
-44.43,23,4730.2306
-41.33,16,4730.492219
-44.08,25,4730.90947
33.0,27,4731.305088
-37.78,28,4732.457983
-32.25,38,4733.154289
-37.23,27,4733.684096
44.519841,43,4734.580617
39.0,26,4735.117452
32.561538,38,4735.972062
-45.0,28,4736.621668
40.177212,24,4737.14538
-39.0,28,4737.746084
-38.02,29,4738.388253
-34.16,41,4739.074565
41.774545,27,4739.544463
-41.49,23,4742.286284
38.271324,28,4742.715966
-35.75,34,4743.244735
-41.62,32,4743.756236
44.44,35,4744.493169
43.266765,26,4744.970979
-32.61,28,4745.454587
41.552846,34,4746.069374
-44.91,23,4746.447406
35.245902,27,4746.954793
-47.31,19,4747.352956
41.106875,28,4747.897097
38.080463,26,4748.35792
38.5,39,4749.075577
43.852239,15,4749.386766
36.801487,29,4750.006904
41.415474,29,4750.515856
-47.12,16,4750.854116
36.0,28,4753.875427
44.135061,31,4754.4297
47.76378,41,4755.291767
-34.92,42,4756.120027
-44.03,19,4756.49085
32.954887,32,4757.06633
38.185185,23,4757.51587
-46.29,24,4757.95626
38.385214,32,4758.62589
39.0,18,4759.060752
-32.36,33,4759.716204
34.917822,35,4760.451194
-39.77,25,4761.042145
-32.52,35,4761.965479
-44.6,22,4762.409635
-37.96,27,4763.033935
-44.45,40,4763.854815
-32.43,35,4766.497322
41.875502,34,4767.031316
-35.72,32,4767.633579
-35.47,58,4769.042399
-47.1,15,4769.315768
-40.87,34,4769.936787
32.876364,33,4770.562237
32.38189,38,4771.285427
-38.66,35,4771.947875
-32.87,46,4772.794972
-41.94,24,4773.242104
39.552405,32,4774.799823
32.78777,43,4775.589674
-32.56,23,4775.930851
-41.1,20,4776.241724
-32.67,33,4776.783298
-36.0,28,4779.255972
39.0,27,4779.773003
-36.0,32,4780.410092
33.0,23,4780.730286
44.024735,14,4781.136378
-35.96,43,4781.962545
40.982001,34,4782.552359
41.636752,21,4782.948177
-38.54,22,4783.352721
48.0,13,4783.594855
46.258153,27,4784.08176
40.840741,22,4784.491846
-35.31,39,4785.21591
-38.1,32,4785.779622
44.00993,51,4787.043035
-47.11,20,4787.430684
-41.48,30,4787.906726
-41.92,24,4788.311148
37.53199,30,4790.92093
35.28125,27,4791.372737
-35.64,26,4791.838816
34.990465,34,4792.544137
35.186916,24,4793.090211
32.945455,43,4794.045241
-41.53,38,4794.951631
-30.0,27,4795.441545
-41.11,34,4796.076509
41.679365,52,4797.015964
37.543322,33,4797.641724
32.402542,40,4798.419739
38.434343,20,4798.740424
-44.7,30,4799.226649
34.684758,41,4799.898292
-35.75,31,4802.480396
37.671606,37,4803.287312
38.026709,28,4803.968995
34.735294,41,4804.877425
32.030418,30,4805.451917
-32.68,32,4806.055947
-32.29,38,4806.738751
37.540411,24,4807.197473
44.615385,32,4807.883077
41.833948,29,4808.487441
38.146754,28,4809.127604
-47.5,28,4809.717782
36.0,43,4810.796227
35.711111,26,4811.32201
39.0,22,4811.845852
38.922078,29,4812.425559
-35.69,29,4812.91687
43.527344,31,4815.504583
-39.0,35,4816.162601
-35.65,37,4816.820344
41.690299,20,4817.175325
32.194346,34,4817.815946
35.187234,26,4818.270875
41.909968,20,4818.669224
38.654362,24,4819.08183
-35.62,54,4820.541857
-41.53,37,4821.36839
35.16791,30,4821.972218
-37.72,32,4822.547222
-39.0,26,4822.9909
-32.1,38,4823.6199
39.0,46,4824.483468
34.395409,35,4827.299254
41.550562,28,4827.939293
41.03876,26,4828.582258
-43.99,26,4829.078103
-41.56,33,4829.728384
-38.27,26,4830.200096
34.236007,33,4830.774304
-44.07,20,4831.165107
-38.78,26,4831.745375
38.5,90,4833.435621
38.430518,27,4834.029021
36.0,22,4834.521738
46.651007,17,4834.860506
-35.48,47,4835.720341
-35.09,30,4836.279435
37.884257,27,4836.760401
38.662252,40,4839.481367
36.0,36,4840.227583
44.248344,29,4840.887744
32.8375,33,4841.513755
-38.57,21,4841.943787
-32.7,38,4842.736914
35.335404,31,4843.39658
41.261364,26,4844.241547
-37.27,28,4844.80232
-40.98,37,4845.488695
-46.68,22,4845.83111
-44.75,27,4846.302755
35.775735,37,4847.334151
35.60076,27,4847.769255
-41.24,28,4848.300848
36.847442,28,4848.831057
42.0,28,4849.513728
32.717489,39,4852.89053
-41.85,28,4853.434313
36.766489,24,4853.888228
41.573826,31,4854.434358
-32.71,30,4855.030592
-41.15,32,4855.640073
-45.0,30,4856.159184
-35.7,25,4856.590454
-38.33,27,4857.08487
38.60198,32,4857.654611
-46.81,42,4858.321902
-41.65,26,4858.754975
-38.88,28,4859.197609
-38.32,25,4859.600559
32.363813,37,4860.268989
-41.22,26,4860.710457
-32.04,35,4861.443912
40.883764,30,4864.053154
-32.43,40,4864.935678
40.665212,24,4865.518016
-32.53,28,4866.043536
-47.29,15,4866.32642
-48.0,16,4866.640089
-33.0,35,4867.381556
35.109034,35,4868.005296
-35.6,33,4868.580924
37.11831,34,4869.118342
32.275974,35,4869.647923
35.105428,37,4870.276451
-38.36,45,4871.058321
37.709607,30,4871.654815
45.0,17,4872.093732
41.305147,28,4873.320639
32.911043,75,4876.756044
38.392226,41,4877.633265
47.339286,17,4878.044866
34.541509,24,4878.468195
-41.25,22,4878.881815
-32.48,34,4879.521982
-35.09,32,4880.052135
38.375,23,4880.404824
32.753036,30,4880.875649
-41.41,26,4881.265229
-35.67,30,4881.748004
-38.27,37,4882.411422
-35.79,26,4882.851826
41.389356,39,4883.497274
46.651244,46,4884.28528
35.093248,34,4884.839483
-41.46,56,4888.341951
-37.5,31,4888.87932
-32.25,41,4889.630177
44.415709,22,4890.005359
38.770718,24,4890.412767
32.917695,43,4891.147067
32.711027,40,4891.879107
34.657838,36,4892.517753
-38.38,28,4893.071678
-41.16,21,4893.444392
37.992336,33,4894.146174
-34.51,29,4894.720559
-38.58,32,4895.222088
-35.55,37,4895.851384
38.62406,37,4896.487463
-38.07,31,4897.02444
32.966165,46,4900.230173
-41.04,21,4900.620724
33.0,48,4901.598269
44.514398,33,4902.110765
39.0,26,4902.430329
-35.02,28,4902.888957
-36.0,35,4903.502292
35.445755,34,4904.04762
32.298387,38,4904.604985
32.801471,40,4905.214381
-41.68,41,4905.934961
-38.7,33,4906.553683
-37.53,33,4907.1538
-34.62,33,4907.732779
-35.33,37,4912.001106
-37.82,26,4912.524182
-35.72,32,4913.14711
-32.3,38,4913.906186
-35.88,41,4914.717221
-38.94,27,4915.329457
-39.0,22,4915.750536
-31.76,37,4916.362899
41.183751,31,4916.972549
-44.32,24,4917.393395
-41.25,22,4917.758971
44.553762,26,4918.236878
-42.0,27,4918.669481
-38.58,24,4919.129059
-44.72,28,4919.67118
-44.9,55,4920.734453
-31.7,35,4921.397295
46.584734,18,4924.142369
-41.51,45,4925.23623
-40.52,28,4925.726049
-41.6,33,4926.535876
-32.3,38,4927.295008
-41.31,22,4927.714339
39.0,36,4928.321708
-41.77,28,4928.751534
-37.56,31,4929.203898
41.453815,24,4929.577604
40.533172,36,4930.184635
35.151515,35,4930.752214
32.698758,47,4931.511096
-38.8,29,4931.934728
-32.91,36,4932.594876
-43.41,25,4933.060852
32.660839,31,4935.886704
-34.69,32,4936.565362
-41.35,27,4937.027893
-44.83,34,4937.463963
40.615678,18,4937.745409
38.339009,25,4938.174048
-36.0,34,4938.728338
41.127915,31,4939.27692
40.464438,29,4939.783166
44.375,15,4940.083053
-37.7,36,4940.686053
-38.71,33,4941.468431
-44.24,18,4941.882892
-44.77,31,4942.483844
-35.37,32,4943.154582
-32.4,57,4944.125635
41.089337,26,4944.631554
-42.79,68,4948.284715
-35.94,30,4948.800944
-40.65,55,4949.886607
-41.42,27,4950.36365
-38.5,28,4951.013166
45.0,16,4951.280488
-37.97,30,4952.157357
36.243519,42,4953.01804
39.0,37,4953.815184
35.697917,32,4954.413586
-35.32,40,4955.152874
35.0,155,4960.470754
43.967044,29,4961.070973
41.978417,29,4961.727491
-44.41,24,4962.289495
47.692015,13,4962.544188
-41.0,44,4963.465837
41.180095,30,4964.004618
41.876923,21,4964.310726
-42.0,21,4964.640882
-38.8,28,4965.211044
34.477859,37,4965.925646
-39.0,39,4966.786551
44.335849,23,4967.169686
-42.0,55,4968.084429
-35.24,45,4968.917825
-44.84,24,4969.363488
-32.78,28,4972.058746
35.396624,31,4972.649198
-44.11,22,4973.043443
-41.51,19,4973.412215
35.647088,36,4974.029042
-42.0,23,4974.482482
-38.7,27,4974.984269
-41.0,27,4975.45896
34.806321,40,4976.333369
47.524432,23,4976.842011
-41.1,22,4977.425333
38.268434,27,4978.337163
38.5,26,4978.837762
40.486497,42,4979.644519
-38.69,26,4980.143149
-32.63,33,4980.841093
32.259259,33,4981.47883
41.472222,35,4982.169378
-39.0,27,4985.171902
-31.89,80,4986.8552
-38.6,24,4987.38739
-32.6,30,4988.024393
-37.34,34,4988.699111
-38.68,34,4989.401897
-42.0,41,4990.169437
-41.56,34,4991.272846
-46.18,40,4992.025332
41.523013,41,4992.731963
-32.32,29,4993.294998
41.090566,30,4993.971717
-34.48,39,4994.807952
33.0,28,4995.448441
35.296992,34,4998.369346
-38.91,26,4998.7956
35.261364,26,4999.184624
38.716724,32,4999.696164
47.437956,31,5000.281104
-38.94,44,5001.1929
-35.19,38,5001.945682
44.658621,21,5002.436044
38.086633,36,5003.060366
38.372881,26,5003.532866
38.162794,26,5003.943579
46.454023,16,5004.223847
-38.36,33,5005.086996
-38.08,34,5005.737336
-40.23,49,5007.096906
43.962465,17,5007.457432
-32.88,65,5010.721155
37.722707,30,5011.240484
-38.41,25,5011.637538
35.61832,31,5012.170755
32.435424,29,5012.703909
-41.58,28,5013.243233
38.186312,29,5013.798064
44.730909,21,5014.235837
40.821025,29,5014.797759
-35.11,22,5015.138845
-38.72,24,5015.520433
-41.61,24,5015.919998
41.53668,22,5016.271286
-37.86,32,5016.770508
-38.53,27,5017.321615
-32.91,31,5018.034203
-41.11,35,5018.881137
-37.49,28,5019.563757
32.388235,32,5022.189256
-35.41,30,5022.813816
42.0,17,5023.151219
32.238095,36,5023.909822
-35.2,41,5024.859956
40.651796,45,5025.749886
41.514056,22,5026.292484
-32.69,33,5026.970664
-41.55,21,5027.361741
47.838028,34,5027.974585
-44.35,41,5028.65885
-40.55,30,5029.16405
41.290705,31,5029.744328
-45.0,31,5030.342472
38.1121,32,5031.072536
39.0,33,5031.811285
-35.76,27,5034.384685
-37.2,35,5034.93156
-38.4,27,5035.392172
-38.5,36,5036.099694
35.614076,33,5037.677208
38.509434,21,5038.065356
38.25283,26,5038.549513
33.0,27,5039.047669
-32.68,32,5039.695683
-32.21,31,5040.052123
42.0,25,5040.565774
-36.0,25,5040.969579
-44.62,60,5042.065185
-41.21,25,5042.461552
42.0,39,5043.178333
44.146617,50,5044.140859
37.334943,45,5046.858144
-38.29,21,5047.222239
-47.5,23,5047.685991
-43.85,35,5048.365
-39.0,28,5048.866564
-44.11,26,5049.481826
-30.0,35,5050.262105
37.962687,36,5051.013831
-41.02,22,5051.430831
35.415873,22,5051.787699
-35.54,32,5052.257134
36.0,46,5053.005141
35.665272,27,5053.47855
32.461207,44,5054.484042
43.772601,20,5054.889082
-35.11,35,5055.74271
-38.2,41,5058.676513
38.216115,22,5059.14904
32.705224,34,5059.73268
36.86929,52,5060.916549
-34.34,38,5061.615153
-35.06,33,5062.346552
-36.0,25,5062.832852
39.0,27,5063.28326
32.621795,33,5063.775783
47.027237,21,5064.129917
44.421687,32,5064.71352
-37.9,45,5065.454519
43.411407,45,5066.357982
45.0,18,5066.728204
-36.0,33,5067.348235
-41.68,21,5067.814434
34.54005,34,5070.491015
41.337037,29,5071.016991
-35.57,42,5071.833962
44.508333,33,5072.44892
-35.65,33,5073.587461
-41.08,22,5074.016502
34.383091,35,5074.700274
-37.72,30,5075.227673
-41.53,25,5075.59238
-41.5,25,5075.986026
39.708579,24,5076.37431
41.468966,28,5076.81909
-32.91,45,5077.624004
35.269373,45,5078.520018
32.803922,36,5079.196051
41.67791,24,5079.583546
-34.7,30,5082.067876
-38.38,25,5082.530827
-32.81,38,5083.401959
-44.79,24,5083.853882
39.0,38,5084.529238
-32.16,31,5085.099502
-32.35,41,5086.011713
-38.27,23,5086.388719
35.277049,33,5086.895191
-36.0,23,5087.506374
32.909657,58,5092.131092
-38.02,29,5092.813396
40.292241,33,5093.566617
38.548951,28,5094.03915
-35.04,30,5094.520805
-35.5,55,5097.599746
32.384921,35,5098.271598
41.401606,32,5098.876645
32.320513,29,5099.447429
44.688917,50,5100.33558
38.512121,27,5100.883708
39.0,24,5101.290509
-41.16,21,5101.644818
35.327465,26,5102.033603
32.420635,36,5102.639446
-43.8,73,5103.98824
-32.26,28,5104.563154
-38.16,36,5105.241755
44.282051,22,5105.584442
44.454545,25,5105.963485
-32.58,34,5108.585993
41.877483,34,5109.221215
35.354545,28,5109.796223
36.0,40,5110.573715
39.0,30,5111.381069
-32.19,37,5112.096616
41.815884,30,5112.653394
41.602941,29,5113.143109
38.899582,25,5113.556632
-39.0,29,5114.012467
35.294702,37,5114.712153
-35.25,38,5115.761868
-32.91,31,5117.080119
-40.55,40,5117.781944
-38.44,34,5118.329151
45.0,18,5118.644385
32.969799,32,5121.290437
-44.69,26,5121.822653
-32.28,32,5122.470554
-36.0,30,5122.919341
40.988722,36,5123.56284
-35.49,30,5124.060811
33.0,34,5124.606108
-43.83,33,5125.120192
-35.04,25,5125.535263
32.476015,36,5126.236606
-41.62,25,5126.686047
43.815589,27,5127.205187
36.0,23,5127.627023
-37.03,36,5128.333762
-32.86,35,5128.899884
41.849291,22,5129.235307
44.965839,59,5130.500454
-39.0,29,5133.339158
-33.0,31,5133.978415
-39.0,26,5134.491287
-31.88,31,5134.972038
-32.83,36,5135.534252
-43.73,17,5135.827388
-43.77,43,5136.522691
-33.0,37,5137.468704
38.095057,34,5138.356206
41.563716,41,5139.172779
44.717647,17,5139.552688
38.326316,31,5140.143422
-32.22,34,5140.67452
-32.59,34,5141.179103
-42.0,27,5141.671218
-38.09,33,5142.330459
44.303371,23,5144.642586
37.528037,25,5145.106932
-36.0,37,5145.756639
42.0,19,5146.08138
-41.19,31,5146.632907
-41.14,27,5147.077272
-44.11,27,5147.502691
41.794613,23,5147.870126
-38.2,31,5148.341727
-41.37,30,5148.885945
-46.49,15,5149.156646
35.265403,24,5149.582704
36.0,27,5150.066664
-38.53,27,5150.509999
34.992366,29,5150.940496
44.61817,27,5151.327003
32.097561,32,5151.819929
-38.91,20,5152.159706
35.857143,30,5152.647948
32.884462,37,5155.056041
41.507299,25,5155.484269
-39.0,30,5156.037287
37.806258,27,5156.518687
-39.0,22,5156.916755
-45.0,20,5157.290859
-38.2,28,5157.791546
32.141343,34,5158.307447
-47.31,31,5158.767812
40.91093,38,5159.348103
39.0,29,5159.826527
38.056873,25,5160.321681
37.3457,34,5161.116289
-40.53,28,5161.61341
38.195946,24,5161.989799
38.165992,31,5162.452736
41.6139,33,5162.936247
-37.84,41,5165.745262
-32.26,29,5166.4564
-38.89,24,5166.880962
35.120521,30,5167.380797
-43.57,29,5167.900371
41.0694,30,5168.362486
41.623377,40,5168.950259
-38.33,38,5169.521091
35.277778,30,5169.971396
-41.44,33,5170.511692
-42.0,20,5170.92042
-35.19,31,5171.435628
-38.5,41,5172.12163
-42.0,23,5172.481966
-38.76,33,5173.000021
-38.1,25,5173.37932
-34.96,33,5173.891859
41.425532,38,5176.640352
-40.25,44,5177.453684
38.124542,26,5177.928187
38.875371,27,5178.425502
47.111429,29,5178.902497
34.032355,27,5179.299511
40.693074,31,5179.790853
-32.35,34,5180.450587
39.0,29,5180.919774
35.362232,31,5181.415752
-35.37,30,5182.761865
35.465021,21,5183.093915
44.278146,19,5183.414704
32.743902,25,5183.79496
38.490975,24,5184.175466
45.0,22,5184.531375
45.0,19,5184.970115
-35.76,38,5185.675756
46.787051,35,5188.224235
38.450704,35,5188.880254
-34.91,40,5189.512663
-43.8,17,5189.783509
42.403859,27,5190.200275
-44.38,43,5190.999144
-41.69,32,5191.681839
-44.18,90,5193.343613
-39.0,26,5193.782528
36.0,31,5194.335311
-44.5,21,5194.661868
-40.35,30,5195.141316
35.211387,34,5195.629505
-35.28,29,5196.053342
-32.38,43,5198.953654
33.0,33,5199.518689
38.764259,32,5200.015548
-38.03,30,5200.478645
-30.0,33,5200.974026
-37.66,28,5201.399306
-32.84,31,5201.947752
39.743167,40,5202.672565
-35.91,30,5203.182923
-32.71,40,5203.721155
-44.72,26,5204.18053
-35.47,75,5205.461321
-38.71,27,5205.889287
32.254658,37,5206.449687
43.439117,32,5206.939792
-34.77,39,5209.66474
35.906344,25,5210.04425
-45.83,46,5210.76559
43.611748,31,5211.246269
46.686102,38,5211.897866
-38.44,24,5212.301491
-41.66,32,5212.838948
-38.51,24,5213.292923
-36.0,34,5213.887295
35.636752,26,5214.552688
38.62782,24,5214.998591
35.736626,34,5215.616984
-38.31,35,5216.175222
-32.28,38,5216.74196
39.0,23,5217.106495
-38.58,34,5217.629988
42.0,21,5219.98753
46.54621,41,5220.633126
-43.66,23,5220.989913
-38.41,41,5221.660105
-38.08,37,5222.263896
42.0,27,5222.77677
-35.0,48,5223.604217
-43.98,24,5224.021
-35.75,31,5224.572688
-38.42,22,5224.978664
-38.1,38,5225.69852
-40.92,23,5226.117099
41.43714,18,5226.351498
-35.81,26,5226.746616
40.987727,26,5227.139617
43.516291,26,5227.52231
-35.17,30,5227.95525
-40.09,40,5230.567673
-41.51,22,5230.899344
34.608979,37,5231.651286
32.627907,41,5232.35982
38.807829,24,5232.811245
44.182879,20,5233.171314
32.625954,40,5233.871128
-43.8,21,5234.256583
38.03413,32,5234.828486
-38.44,29,5235.333232
-35.14,28,5235.813145
35.561837,29,5236.34094
37.168967,32,5236.920153
-44.31,22,5237.251045
-35.87,36,5237.802024
-37.97,24,5238.185919
-44.42,22,5238.497367
-33.0,27,5239.150599
34.326148,36,5241.756471
35.142857,34,5242.297238
38.493878,34,5242.80425
44.122186,29,5243.30385
-44.22,17,5243.585462
-43.79,21,5243.979989
-32.64,29,5244.540353
32.068493,26,5245.024697
-38.49,27,5245.529191
-41.43,34,5246.161102
34.929689,38,5246.934523
-44.7,21,5247.330066
-37.76,23,5247.69994
33.0,38,5248.310687
44.113793,29,5248.732153
-37.88,35,5249.269911
43.5482,25,5249.707611
32.894531,33,5252.275574
39.0,44,5252.956158
-35.82,50,5253.816622
-41.54,24,5254.222267
-44.53,26,5254.686523
-36.0,31,5255.45648
35.137457,30,5256.014173
44.429787,18,5256.326368
-32.64,28,5256.809066
44.058419,52,5257.738935
-34.61,36,5258.296744
32.695833,31,5258.780679
-41.36,24,5259.119057
-34.87,50,5259.954647
-35.75,26,5260.442546
41.098113,32,5261.027725
41.079848,23,5263.482244
36.0,23,5263.848282
33.0,36,5264.431216
-41.36,32,5264.988812
-39.0,24,5265.42064
34.654853,30,5265.955573
32.856187,35,5266.578539
-43.53,36,5267.213813
38.291045,22,5267.610375
40.104012,24,5268.018579
33.0,39,5269.069329
33.0,50,5269.791166
38.479497,28,5270.261891
-35.8,31,5270.856336
37.712231,31,5271.43471
-35.04,32,5272.085091
-40.53,39,5274.668339
-32.27,29,5275.162023
39.0,26,5275.652155
-35.3,33,5276.244674
47.220339,23,5276.655525
39.0,24,5277.117802
-35.91,34,5277.726349
39.0,33,5278.283443
-38.34,35,5278.820164
-38.92,38,5279.679883
-33.0,29,5280.138094
44.481752,30,5280.670483
43.764694,40,5281.77097
-40.26,23,5282.174903
-34.49,54,5283.112422
41.487365,25,5283.554469
41.309816,22,5285.849566
-38.05,27,5286.288686
35.352273,26,5286.750663
38.112917,37,5287.511136
-41.19,36,5288.273169
38.529412,26,5288.683511
-36.0,26,5289.108416
40.919572,29,5289.538981
44.445104,39,5290.119252
-44.54,26,5290.538104
-35.06,37,5291.242636
36.0,24,5291.670425
39.0,38,5292.326079
-32.68,42,5293.080735
-43.88,21,5293.443653
-36.0,27,5293.944558
32.287313,29,5294.466786
-32.08,51,5297.217407
-38.64,28,5297.7717
-41.16,30,5298.306655
-43.36,27,5298.745185
-38.82,22,5299.109345
41.276661,39,5299.715794
-44.27,20,5300.036156
38.242247,41,5300.656588
-32.91,27,5301.148508
38.566802,29,5301.655323
44.794872,18,5301.972067
35.055829,31,5302.520257
32.260417,44,5303.30141
-41.2,26,5303.802291
34.927139,40,5304.603781
-32.88,40,5305.31904
-43.98,47,5308.069252
32.806122,29,5308.568558
-40.1,31,5309.105011
44.26,20,5309.429663
-32.86,37,5310.004728
-39.0,27,5310.513052
-38.15,34,5311.056463
-32.28,28,5311.505612
35.834586,33,5312.288362
-35.44,27,5312.790632
-33.0,73,5314.045925
-47.5,43,5314.839877
33.0,27,5315.415906
35.139078,26,5315.927823
-38.97,49,5319.383469
-33.0,30,5320.107224
-36.0,31,5320.77278
-32.13,32,5321.411429
35.163866,35,5322.026679
38.161871,31,5322.554714
39.0,29,5323.037166
38.53668,79,5324.481832
-35.17,60,5325.681985
-41.39,20,5326.107784
33.0,46,5327.062448
-41.18,30,5327.63952
-33.0,37,5328.347161
-36.0,25,5328.829998
-34.32,31,5331.501117
34.565559,50,5332.522393
40.910211,30,5333.077183
-32.58,38,5333.658703
-32.12,32,5334.159891
41.58498,25,5334.577896
-38.36,35,5335.222257
-35.15,30,5335.830014
-41.79,25,5336.324687
44.354037,33,5336.980384
35.685824,35,5337.647989
-35.91,32,5338.346896
35.191148,35,5339.277671
32.159259,25,5339.786385
41.757282,25,5340.27216
-41.93,21,5340.666621
-38.48,23,5341.076774
33.0,34,5343.677977
34.586216,57,5344.584071
-36.83,34,5345.21578
-32.01,30,5345.733784
-35.65,33,5346.274029
38.689815,26,5346.712385
-35.75,41,5347.383151
-40.17,28,5347.968632
32.787004,38,5348.68531
35.344828,30,5349.262797
-36.0,29,5349.824106
-33.0,35,5350.509277
-39.0,23,5350.986212
-32.61,29,5351.519522
-36.0,31,5352.057077
-37.62,30,5354.612391
35.090723,50,5355.59782
-41.01,24,5356.092456
-41.6,50,5357.150761
37.255935,28,5357.593256
38.276923,35,5358.188143
44.800847,23,5358.558944
-32.7,31,5359.13841
-33.0,27,5359.695913
-38.98,31,5360.339532
-41.26,34,5361.036008
-39.0,27,5361.502324
-32.2,33,5362.180092
-42.0,23,5362.60632
-38.64,26,5363.011117
-42.0,23,5363.471567
35.552727,33,5364.096553
38.148276,30,5366.971013
-41.0,31,5367.545005
-41.65,27,5368.043799
-41.5,23,5368.42909
41.719351,21,5368.748748
35.525547,30,5369.199266
42.0,50,5370.049455
35.260826,27,5370.565587
-39.69,40,5371.400272
-33.0,30,5371.989326
42.0,19,5372.391867
40.373298,23,5372.857655
-38.06,34,5373.522976
-41.15,30,5374.07593
-34.11,26,5374.672826
47.251082,25,5375.240571
-41.28,24,5375.663419
32.466238,36,5378.365699
38.822835,21,5378.755461
44.067722,29,5379.306093
35.145985,26,5379.732183
-43.55,27,5380.131368
38.125,23,5380.520256
40.863319,26,5380.96393
46.700198,22,5381.372337
44.542088,28,5382.087282
-36.0,30,5382.671621
47.568681,19,5383.137321
41.084161,24,5383.654378
-38.23,29,5384.160273
-44.45,23,5384.578989
-41.33,24,5385.021506
41.621818,23,5385.406439
-32.54,32,5385.998455
-41.31,24,5386.393467
44.871486,33,5386.92827
44.566265,25,5387.35714
41.080745,30,5389.777614
-44.64,21,5390.133956
-44.74,25,5390.687926
-35.29,27,5391.198646
-34.85,32,5391.726656
-35.76,39,5392.313705
-35.05,30,5392.77557
-32.67,32,5393.358824
-41.02,28,5393.856577
-44.78,25,5394.325583
-35.5,33,5394.995216
32.800738,32,5395.589389
38.403101,29,5396.08952
41.281356,31,5396.629262
34.771871,27,5397.012891
-41.91,30,5397.464075
-32.52,32,5398.00413
43.331806,32,5400.532407
32.280576,44,5401.316417
35.112812,31,5401.80356
37.666052,25,5402.218309
38.126415,20,5402.549886
32.923372,59,5403.485938
47.6,18,5403.802295
43.902985,36,5404.470545
-41.11,27,5405.026076
-45.0,21,5405.456097
35.240299,28,5405.984106
-32.88,34,5406.600148
32.097015,28,5407.066186
36.0,21,5407.402137
-41.29,23,5407.818813
-35.2,34,5408.577394
37.191873,32,5409.063801
-37.77,31,5411.729112
44.081712,17,5412.048
35.944828,27,5412.517856
-38.27,22,5412.868515
-42.98,22,5413.21972
38.347298,25,5413.610739
-31.62,76,5415.068772
41.653846,24,5415.529807
32.184564,30,5416.357705
-43.95,31,5416.974884
-36.0,38,5417.756782
-42.0,30,5418.422897
-35.49,28,5418.893201
-41.71,46,5419.623984
33.0,42,5420.455336
-43.49,24,5420.973406
38.478339,30,5423.783194
34.91842,26,5424.170559
34.098981,33,5424.692658
41.522222,22,5425.008061
35.452555,28,5425.420321
-38.68,26,5425.843529
36.0,30,5426.357852
-34.67,36,5426.955624
38.169811,31,5427.489026
35.034547,35,5428.113755
41.228669,30,5428.642077
-41.5,35,5429.216196
32.485612,36,5429.733723
41.375,34,5430.223906
35.938272,30,5430.67353
41.315175,28,5431.101103
38.656489,23,5431.534718
-38.61,28,5434.276779
-41.65,28,5434.685888
43.886845,21,5434.997093
-35.24,33,5435.455197
-39.0,22,5435.785363
32.633858,46,5436.527258
43.402355,29,5437.041767
-41.81,39,5437.757442
32.003559,26,5438.32753
-32.4,26,5438.84136
46.310906,33,5439.46221
34.31622,30,5439.935131
-42.0,39,5440.562893
41.704109,52,5441.664639
-41.23,28,5442.165082
44.201613,22,5442.606652
-32.17,36,5443.30146
-33.73,44,5445.894997
41.460993,38,5446.45874
38.308353,32,5447.045664
38.926471,45,5447.884533
-43.2,24,5448.31199
39.0,51,5449.298701
32.217899,39,5449.96615
41.877953,30,5450.437633
32.113281,43,5451.105926
38.095652,25,5451.469665
-32.11,40,5452.067148
37.560248,26,5452.514716
-35.68,36,5453.144914
-41.12,23,5453.550102
-39.0,27,5455.961129
47.768657,30,5456.399947
-40.56,30,5456.845125
-47.22,16,5457.110551
-47.76,19,5457.476211
-46.43,31,5458.228301
36.0,72,5459.460251
-44.64,28,5459.935728
-32.54,34,5460.530837
34.896911,35,5461.051397
37.29421,40,5461.676481
36.0,25,5462.026186
32.831111,29,5462.460279
35.802281,46,5463.230182
44.921717,33,5463.816218
-32.62,35,5466.364607
-38.66,30,5466.791222
-38.5,41,5467.404989
-32.52,40,5468.016409
-38.54,22,5468.404207
-32.52,34,5469.110995
-35.18,27,5469.575449
33.0,45,5470.368728
-46.86,26,5470.831261
-41.11,22,5471.25832
43.972607,28,5471.722483
40.869889,39,5472.463287
-33.0,25,5472.864506
-47.08,30,5473.314605
-43.73,35,5473.813857
-32.6,38,5474.396179
-30.0,46,5477.175741
-46.46,35,5477.686041
-38.22,22,5478.016024
44.430464,14,5478.236706
35.358543,26,5478.591662
46.853928,45,5479.334952
-38.03,47,5480.124202
-35.15,27,5480.593331
-40.71,28,5481.119987
39.0,32,5481.715697
-41.6,25,5482.159952
-35.19,37,5482.95362
40.366455,32,5483.440528
32.921642,33,5483.916131
-42.0,23,5484.280484
-36.0,38,5484.886183
-38.04,48,5487.770128
-36.0,31,5488.223813
-43.5,23,5488.579542
-47.47,34,5489.058497
-34.68,64,5490.52232
-38.29,25,5490.993317
-47.86,26,5491.457605
43.444686,33,5492.017995
-40.78,47,5492.852609
42.365352,27,5493.243019
35.902685,36,5493.787949
-44.85,22,5494.137404
44.352603,35,5494.664818
35.551724,30,5495.184541
35.611486,27,5495.701282
38.114223,28,5496.222623
34.595563,48,5499.124298
-36.9,24,5499.518199
38.142322,43,5500.333811
34.953815,40,5501.001745
32.27037,36,5501.605874
-41.63,28,5502.080481
32.914286,31,5502.662998
-39.93,27,5503.154393
44.280851,51,5503.89552
47.718978,16,5504.141428
40.974512,27,5504.551607
35.146269,24,5504.907062
42.0,30,5505.389263
-46.67,20,5505.728315
32.436137,35,5506.417025
-36.0,36,5507.510584
-41.16,31,5510.355114
41.077869,24,5510.737825
-32.03,34,5511.319681
37.178385,27,5511.783461
41.711172,25,5512.425338
-33.0,28,5513.199682
-44.39,21,5513.667682
-32.48,46,5514.626235
-41.81,27,5515.171309
38.353268,33,5515.744391
-38.91,24,5516.135321
32.230769,42,5517.186009
32.462236,36,5518.027534
35.072886,27,5518.534254
35.931915,31,5519.091843
42.0,29,5519.756141
-40.32,27,5520.35858
48.0,39,5522.860933
42.0,20,5523.22506
41.66171,29,5523.731468
35.309038,32,5524.287317
-35.29,30,5524.839659
34.524776,28,5525.342431
-35.38,57,5526.288223
38.919003,30,5526.736616
-41.09,33,5527.278335
-47.83,41,5527.966248
-35.27,26,5528.408611
-37.37,25,5528.84777
45.0,18,5529.139358
38.284173,29,5529.630395
38.919355,38,5530.295106
35.889706,30,5531.00929
47.878788,18,5533.197922
32.134228,46,5534.03139
41.686207,27,5534.54128
-43.6,29,5535.216009
-38.67,33,5535.820868
38.591111,25,5536.241095
47.705455,17,5536.557697
44.71954,19,5536.824364
41.003597,27,5537.242658
-37.9,36,5537.805848
39.722604,26,5538.211558
33.0,35,5538.802025
-38.66,49,5539.628234
32.108209,37,5540.266087
46.448356,53,5541.217663
-37.29,32,5542.206402
34.98254,34,5544.987348
-32.75,39,5545.679308
47.452369,44,5546.479189
38.692557,23,5546.883288
-43.81,30,5547.368158
37.591633,46,5548.056652
40.529132,30,5548.51244
35.271967,31,5549.014591
-35.78,25,5549.482737
35.726236,35,5550.09556
33.0,33,5550.733087
47.589474,18,5551.062115
-32.46,26,5551.538544
33.0,38,5552.209868
-41.12,25,5552.637751
35.878327,41,5553.355286
-34.46,35,5555.872857
-47.2,45,5556.642203
36.0,45,5557.360056
32.973154,43,5557.981838
45.0,25,5558.351572
-37.93,24,5558.730843
39.0,26,5559.129165
32.226415,27,5559.52597
36.0,38,5560.372705
-41.55,45,5561.176192
-32.44,39,5561.850756
-41.72,30,5562.406536
47.559028,27,5562.891925
38.940171,34,5563.792341
33.852988,61,5566.817474
-40.62,43,5567.739171
-37.92,42,5568.484738
32.339416,32,5569.058367
31.554054,29,5569.535218
-41.52,21,5570.11775
-38.33,37,5570.701849
32.178947,38,5571.35525
40.406177,26,5571.779846
33.0,38,5572.396931
-38.13,24,5572.852356
42.726838,26,5573.321888
-38.5,33,5573.911812
-42.0,24,5574.334934
36.0,24,5574.778011
38.349398,31,5575.263212
-35.11,30,5577.642787
-47.31,45,5578.398352
38.89527,32,5578.880896
33.0,31,5579.327219
41.2,19,5580.498818
44.761905,16,5580.792195
-37.73,22,5581.173545
-38.16,27,5581.637941
38.851852,23,5582.028973
37.791325,29,5582.547993
41.963889,26,5583.010899
32.923077,37,5583.61132
-36.0,27,5584.046796
41.901478,19,5584.386641
-32.6,38,5585.128876
38.19078,35,5585.957842
44.048712,28,5586.351713
-47.09,18,5586.625289
34.255834,31,5589.048741
38.872146,25,5589.408782
-32.88,44,5590.042104
-36.0,23,5590.395392
36.0,78,5591.747715
32.160256,44,5592.652016
37.909828,46,5593.514305
-39.0,28,5594.014125
32.107735,35,5594.656726
-38.24,25,5595.099631
41.225728,24,5595.509266
36.0,24,5595.930622
-45.0,36,5596.581516
42.0,51,5597.431862
38.063646,24,5597.799816
-41.29,26,5600.082524
-38.17,36,5600.766207
-34.83,44,5601.569123
41.068429,26,5601.985759
-34.61,37,5602.745744
32.26506,41,5603.49053
-35.67,26,5603.95443
-35.45,29,5604.501776
-32.47,37,5605.155765
38.17623,30,5605.767449
40.671218,49,5606.663315
-35.15,35,5607.434177
-44.62,26,5607.989286
40.290191,25,5608.462166
-38.08,47,5609.347608
38.902834,33,5612.298345
38.430905,58,5613.443574
38.140517,65,5614.540614
-46.03,33,5615.103785
44.885417,55,5616.11442
41.186441,23,5616.554086
-41.75,30,5617.090818
44.454545,23,5617.505318
-38.57,27,5618.028841
-45.0,18,5618.359701
35.354176,39,5619.284209
41.409396,18,5619.596918
35.424,47,5620.210536
35.712082,32,5621.041542
35.661157,33,5623.345376
32.55,38,5623.898754
38.181467,28,5624.405247
41.308475,23,5624.771896
35.69434,26,5625.240478
34.947712,27,5625.668482
-35.55,34,5626.296868
42.0,25,5626.738371
32.526749,31,5627.265824
35.902027,31,5627.784796
-38.25,23,5628.198385
40.827273,45,5628.915642
-47.9,39,5629.60442
-44.44,19,5629.916301
32.707165,90,5631.35969
40.415611,27,5633.797622
-41.56,24,5634.215534
41.585455,22,5634.591937
42.0,24,5635.014931
-37.34,35,5635.593937
-32.5,32,5636.182553
32.475983,51,5637.12509
38.973384,28,5637.734918
-35.32,36,5638.386605
-35.66,44,5639.146149
-38.73,34,5639.784997
-32.84,32,5640.340349
41.295276,27,5640.811792
41.253787,18,5641.070132
-41.02,21,5641.377296
-35.12,34,5641.855222
38.035336,30,5642.339515
42.0,19,5644.493184
40.508084,24,5645.055465
38.682243,31,5645.574505
40.300954,34,5646.20716
37.519946,32,5646.812713
-38.31,26,5647.267601
32.738832,43,5647.991744
-30.0,25,5648.437926
38.317961,33,5649.033942
-33.0,36,5649.660408
-44.03,37,5650.2545
-35.86,32,5650.795427
41.422601,27,5651.176803
-38.16,34,5651.698659
-32.21,67,5652.784822
-37.23,26,5655.16527
-39.0,22,5655.579775
-38.17,25,5656.010292
-41.13,29,5656.489144
-34.47,38,5657.09424
-38.29,23,5657.482756
-42.0,22,5657.864331
38.726236,88,5659.318949
-32.31,34,5659.8947
-44.12,18,5660.202268
-38.9,21,5660.536712
-38.79,27,5660.979984
44.177083,24,5661.314366
35.605735,31,5661.739053
-32.22,34,5662.43011
36.0,34,5663.053435
35.7751,25,5663.461311
44.536713,24,5665.716226
38.674923,59,5666.718023
-35.25,31,5667.229256
38.503876,30,5667.783063
38.131915,25,5668.187623
31.524922,35,5668.774494
-35.69,29,5669.482788
36.0,27,5669.987968
-36.0,36,5670.579013
-32.79,61,5671.557508
32.799486,35,5672.046964
-41.44,19,5672.304281
-43.68,25,5672.678669
-39.0,32,5673.155148
-38.1,25,5673.589242
-38.67,24,5674.022089
-35.62,31,5676.385579
-44.17,22,5676.787777
43.551991,36,5677.382894
-33.0,33,5677.980738
-35.07,26,5678.423985
-40.59,47,5679.31573
-41.44,22,5679.690356
40.27628,31,5680.20172
-41.46,18,5680.498512
-39.0,23,5680.882653
-37.73,51,5681.630628
-44.6,29,5682.040731
-47.34,34,5682.531609
-44.15,52,5683.382773
-44.94,45,5684.146477
32.45,44,5686.925746
-41.37,26,5687.372386
-32.07,30,5688.031177
-38.81,33,5688.688952
-38.24,25,5689.105684
43.889,45,5689.864775
38.211297,21,5690.220574
41.505576,32,5690.763396
-41.07,40,5691.377807
41.265517,29,5691.810008
34.164868,33,5692.300836
-36.0,26,5692.707389
38.011003,39,5693.384971
-39.0,30,5694.001653
-44.7,25,5694.424683
-32.01,37,5695.048223
35.034384,38,5697.516489
-38.11,29,5698.002394
35.569132,30,5698.510628
-41.32,23,5698.913803
-36.0,24,5699.303566
-42.0,33,5699.916044
-32.08,35,5700.52979
-32.53,30,5701.025454
32.308333,40,5701.606541
40.364021,38,5702.209329
43.696783,31,5702.675019
-37.74,32,5703.242671
41.109541,26,5703.676629
30.0,36,5704.286196
35.075159,39,5704.918112
-35.54,28,5705.397228
-38.43,33,5707.815869
-44.67,36,5708.407809
35.428279,28,5708.872286
32.015528,39,5709.544925
-33.0,51,5710.374744
32.901887,32,5710.782783
38.255245,42,5711.614957
39.0,21,5711.926621
-38.37,34,5712.42486
38.516299,28,5712.803547
-35.16,28,5713.226538
-38.83,45,5713.995891
-40.92,26,5714.477999
-44.51,19,5714.82816
-33.0,28,5715.30831
-35.32,34,5715.812287
-34.39,45,5718.482624
-41.0,39,5719.271782
-30.0,31,5719.949768
-35.67,40,5720.607769
35.078935,27,5721.057207
36.0,25,5721.493098
32.786207,33,5722.003726
41.464615,22,5722.384476
38.27037,30,5722.849645
-32.27,44,5723.470904
42.0,37,5724.083399
34.012045,44,5724.852586
-35.7,32,5725.355558
32.072874,42,5725.994616
-41.88,23,5728.199026
-42.9,29,5728.687094
42.0,34,5729.242977
39.898694,26,5729.685911
43.999038,19,5730.042786
42.0,22,5730.421751
-42.0,24,5730.838386
-38.15,38,5731.501005
36.0,30,5731.994096
34.861404,28,5732.403579
-32.82,33,5732.888874
-32.14,31,5733.378115
-37.25,37,5734.026246
-44.29,71,5735.346656
-39.0,22,5735.706437
-38.27,25,5736.094782
38.019231,27,5736.715509
-41.28,24,5738.947773
-36.0,33,5739.507421
32.61811,31,5740.071303
44.660066,24,5740.510485
34.407758,39,5741.188207
-38.91,27,5741.639252
-41.31,48,5742.323339
-44.36,24,5742.680972
41.192771,21,5742.98771
-35.23,26,5743.344445
38.623574,25,5743.747959
41.060241,26,5744.386643
-38.34,32,5744.946887
41.373592,29,5745.438812
35.855556,31,5745.969775
-42.0,25,5746.341294
38.625,40,5746.908051
38.862416,31,5749.473744
-32.22,68,5750.635605
-35.7,39,5751.272267
-38.24,28,5751.697169
46.991289,19,5751.994536
-44.82,26,5752.357944
-32.03,40,5752.971679
-41.29,19,5753.285681
-32.01,37,5753.861996
35.19112,30,5754.352119
-41.95,26,5754.798002
-37.94,39,5755.454186
-42.0,40,5756.10419
38.151751,35,5756.614406
32.496622,31,5757.062829
-38.81,40,5759.579212
-44.32,19,5759.893808
-41.64,20,5760.244401
46.550505,21,5760.596976
41.324345,25,5760.983201
41.151625,26,5761.653739
43.918923,28,5762.025831
-38.53,26,5762.496732
-34.12,44,5763.140244
38.426993,29,5763.554784
-35.72,35,5764.094261
-32.34,36,5764.702922
39.0,31,5765.233408
-39.89,28,5765.658715
34.568323,32,5766.109695
-41.28,29,5766.52175
35.353735,32,5766.967956
37.912037,28,5767.381039
-35.13,28,5769.887961
38.59916,25,5770.33724
-32.57,50,5771.171432
34.571062,49,5772.066262
32.630872,36,5772.579275
-41.54,27,5772.972488
-39.0,46,5773.656516
-38.18,25,5774.050184
42.0,27,5774.500318
37.956454,36,5775.107239
43.31273,26,5775.536993
-41.19,26,5775.905093
-38.34,26,5776.268346
41.901141,28,5776.687596
37.875195,28,5777.300435
38.901235,36,5777.941652
44.9,18,5780.202448
-38.27,47,5781.010121
-41.75,28,5781.480051
-36.98,52,5782.311174
-35.66,31,5782.766652
34.821678,27,5783.167485
-35.34,32,5783.606102
-44.27,33,5784.257192
38.197531,25,5784.725469
33.0,48,5785.566535
-39.0,23,5785.905506
39.0,22,5786.522633
35.166635,30,5787.012811
-38.89,27,5787.435063
-35.5,66,5788.561274
-44.34,23,5790.880608
33.0,35,5791.467464
47.7,23,5791.849231
-39.0,26,5792.201952
35.79375,36,5792.730532
-38.4,26,5793.319208
34.764591,45,5793.980083
35.092455,39,5794.842257
-38.2,24,5795.241558
47.5,34,5795.772802
32.163498,32,5796.264081
44.509804,21,5796.563457
39.0,37,5797.131006
-45.0,17,5797.422013
41.224335,28,5797.911108
-38.51,23,5798.27869
-38.17,25,5798.723702
39.0,26,5801.113821
-39.0,39,5801.776598
-38.75,23,5802.1626
-35.5,31,5802.611335
41.010291,31,5803.072016
35.336702,53,5803.849905
33.0,30,5804.321338
43.831793,23,5804.717374
35.901709,24,5805.097945
32.902439,30,5805.528517
-38.05,37,5806.078236
-35.51,32,5806.537172
41.025829,26,5806.939769
41.044177,40,5807.614389
-38.19,25,5808.040138
35.900735,28,5809.340836
-41.59,47,5812.164485
-37.79,42,5812.866317
35.394309,34,5813.366037
-40.53,98,5814.86553
32.066148,32,5815.435042
44.306513,31,5815.976538
41.878431,24,5816.372876
-32.08,30,5816.834668
33.0,34,5817.388316
35.306564,31,5817.965396
38.524476,26,5818.401911
-35.72,39,5819.074008
44.777778,22,5819.618049
44.259259,22,5819.994951
-39.0,40,5822.571311
-39.0,27,5823.008625
38.373917,51,5823.760041
-34.22,62,5824.701905
-33.0,38,5825.364173
34.668622,30,5825.860037
-48.0,15,5826.087873
38.079774,40,5826.711722
33.0,38,5827.246792
-33.0,39,5827.85001
35.831615,23,5828.250307
-38.51,29,5828.769021
33.0,26,5829.208091
-32.92,33,5829.765007
-44.14,48,5830.542501
-42.0,20,5832.758374
-41.08,28,5833.143725
-34.4,43,5833.771039
40.286932,29,5834.26906
40.917266,28,5834.699145
-37.7,25,5835.129274
-34.42,80,5836.471202
36.935293,31,5837.147935
41.794872,21,5837.463609
35.0625,30,5837.93776
40.749807,28,5838.402641
41.735772,21,5838.770358
47.524138,28,5839.238914
38.628571,25,5839.687282
-45.51,20,5840.0158
-32.35,40,5840.704561
41.17123,25,5843.090031
44.278146,28,5843.493315
33.0,58,5844.318949
-34.91,31,5844.87843
41.25782,32,5845.557245
35.820051,25,5845.998562
44.888031,23,5846.346449
-35.03,35,5846.873606
39.0,20,5847.168196
38.902778,28,5847.589215
41.144295,28,5847.998369
35.519685,30,5848.511125
47.403333,25,5848.952169
41.611057,42,5849.643783
-41.11,22,5850.027499
38.445993,26,5850.44099
43.286882,33,5851.084852
-32.42,32,5853.536412
-41.79,25,5853.864968
-44.22,25,5854.249821
-40.14,24,5854.598313
-44.01,29,5855.048171
35.139706,31,5855.554088
44.682594,23,5855.941449
38.576389,28,5856.337162
-38.21,32,5856.815134
38.424242,29,5857.250611
-38.5,22,5858.047919
37.870225,35,5858.653887
-36.0,23,5858.968663
41.412071,22,5859.264326
41.876866,29,5859.783901
41.4,24,5860.188021
-32.54,33,5860.818887
-47.9,29,5861.491811
32.643382,30,5862.048043
42.0,33,5864.447791
46.856354,29,5864.868956
-40.92,28,5865.32515
43.64751,20,5865.640759
-39.0,38,5866.216049
-36.0,30,5866.686668
37.541679,24,5867.046785
35.025,38,5867.626499
-41.55,25,5868.048989
38.801471,26,5868.484157
37.588312,29,5868.96787
-44.09,18,5869.270063
32.337398,54,5870.582184
-46.4,26,5871.038184
35.642023,37,5871.650624
32.59375,35,5872.226239
-32.56,37,5874.661644
35.238095,48,5875.331424
-39.0,29,5875.839753
-35.77,31,5876.31424
40.284957,28,5876.728189
32.474265,42,5877.306221
-47.3,15,5877.530181
-36.0,38,5878.081314
-32.23,49,5878.860605
41.916364,26,5879.308701
-32.43,33,5879.875747
-41.72,46,5880.673149
40.415391,24,5881.093928
38.806084,28,5881.580168
-38.06,21,5881.992902
32.5,39,5882.674311
36.0,29,5885.075954
33.0,39,5885.683507
38.498155,24,5886.052755
-41.29,28,5886.683152
-38.74,29,5887.105784
34.962112,45,5887.760022
35.676282,34,5888.290593
-32.06,33,5888.833662
35.06338,30,5889.309391
-41.63,24,5889.712802
-37.84,97,5891.429425
-37.34,24,5891.844404
-38.66,42,5892.556293
35.812883,25,5892.951365
-35.49,36,5895.362273
-34.67,28,5895.937267
-33.0,28,5896.494699
-41.57,26,5896.880716
-38.1,26,5897.229949
-44.14,23,5897.617805
44.310219,24,5897.974952
35.652733,37,5898.566299
-37.19,29,5899.04776
-32.45,56,5900.000963
-34.94,35,5900.562984
35.518519,49,5901.434399
-37.93,32,5901.955811
37.712966,26,5902.41418
37.677064,30,5902.925767
40.520478,31,5903.444822
38.130597,27,5905.737676
-41.55,41,5906.435245
-40.59,56,5907.271521
-38.91,36,5907.805512
45.0,30,5908.225505
-35.08,27,5908.677431
-44.45,46,5909.416063
44.7,20,5909.749086
35.5625,33,5910.311554
38.300613,35,5910.802079
-37.58,35,5911.593481
43.519337,52,5912.513702
-36.0,32,5913.14069
37.519157,38,5913.894355
-34.42,50,5916.564066
-32.27,29,5917.008802
41.381148,35,5917.507211
37.648594,33,5917.963545
-35.47,34,5918.450296
-36.0,34,5919.022367
35.363354,32,5919.57079
-36.28,37,5920.186476
40.418269,28,5920.671681
-40.94,30,5921.192588
32.781513,27,5921.829541
38.410345,36,5922.439762
-41.54,22,5922.812515
-41.42,18,5923.115837
-35.87,27,5923.573343
-32.17,32,5924.079506
38.86747,45,5926.694168
-38.81,35,5927.222147
35.440329,30,5927.708972
-35.27,27,5928.09633
-34.51,66,5929.217461
-35.18,89,5930.67842
-36.0,26,5931.103311
40.840989,59,5932.083424
-37.43,32,5932.612023
-40.89,32,5933.154498
-35.63,34,5933.735902
-39.37,26,5934.171403
36.0,30,5934.687031
-44.91,29,5937.090971
-38.2,41,5937.699401
-36.0,29,5938.113001
45.0,22,5938.476101
-37.0,25,5938.898668
32.29,34,5939.453313
40.628759,33,5940.024546
-35.29,41,5940.742779
-38.16,37,5941.38058
-41.53,25,5941.804247
-47.22,40,5942.469647
-35.7,29,5942.988688
-33.74,57,5943.960958
-37.58,26,5944.363835
-39.0,32,5944.897637
41.559129,33,5947.28268
-34.44,31,5947.959161
-37.91,32,5948.444216
-37.7,25,5948.858402
-35.79,29,5949.334545
40.805147,30,5949.816943
-37.99,43,5950.553496
44.311475,20,5950.884269
35.237069,26,5951.341024
-40.43,53,5952.239558
-36.0,27,5952.698681
-44.46,26,5953.1049
32.729412,32,5953.644296
44.35,26,5954.080206
38.942238,24,5954.47963
-41.8,23,5954.867189
38.569132,51,5955.674559
41.903614,23,5957.8261
36.0,24,5958.174886
32.59366,39,5958.74928
38.723247,46,5959.576592
35.073483,56,5960.569093
-35.44,34,5961.163936
-32.09,50,5962.175919
34.807985,28,5962.729438
-41.03,24,5963.136609
44.105455,47,5963.912562
-35.36,47,5964.681632
-41.79,24,5965.127905
41.953678,39,5965.761186
-38.94,43,5968.298541
40.765122,26,5968.692552
35.433566,31,5969.173808
-32.55,43,5969.898313
-41.26,20,5970.20604
-33.0,38,5970.849307
41.306993,17,5971.155962
-41.56,26,5971.656968
-35.58,35,5972.510121
-41.0,44,5973.478474
38.307985,29,5973.959651
-38.58,39,5974.617845
40.959232,42,5975.39812
-41.76,39,5976.068385
36.802933,31,5976.881229
39.0,29,5977.316512
41.235294,42,5980.318974
41.099631,23,5980.719517
-32.07,37,5981.46229
-36.0,33,5982.030647
32.400662,35,5982.611387
34.859551,32,5983.165898
39.0,40,5983.835453
37.522605,33,5984.409311
-41.81,57,5985.362401
-38.88,33,5985.887556
-41.22,27,5986.30681
-41.61,26,5986.710109
-35.68,28,5987.133867
-47.39,24,5987.493984
43.785141,29,5988.202571
-47.49,22,5988.539799
37.996014,26,5990.846579
43.636765,20,5991.201675
33.0,29,5991.704492
-32.14,38,5992.329514
-40.98,38,5992.974365
41.122262,30,5993.498228
41.876923,25,5993.937226
35.326531,29,5994.433841
-35.14,27,5994.857711
-36.11,30,5995.369152
36.0,29,5995.89899
-38.41,37,5996.436835
32.019108,28,5996.843575
-32.06,27,5997.22573
-41.65,34,5997.723856
35.260091,43,5998.404265
-32.52,40,6001.010387
-32.44,37,6001.644265
32.156627,33,6002.172296
-37.29,25,6002.581878
32.7109,40,6003.319862
-47.51,19,6003.656388
-41.81,25,6004.05959
39.709331,28,6004.541142
38.495627,34,6005.152594
43.540161,43,6005.915167
-41.06,25,6006.2811
34.329982,31,6006.74045
-38.89,38,6007.27252
38.04798,26,6007.686622
-35.49,26,6008.115266
-35.15,34,6008.722517
-40.52,27,6009.170299
44.856618,32,6011.567356
46.177419,47,6012.374181
43.534221,29,6012.86546
38.848375,30,6013.38143
-38.91,29,6014.129188
-43.24,22,6014.488288
-46.75,34,6015.063631
-31.53,33,6015.570827
33.0,28,6016.021698
-35.19,38,6016.537043
-35.02,25,6016.920466
32.097872,58,6017.75728
37.465021,25,6018.12963
-38.36,24,6018.498634
47.40867,20,6018.911246
-37.62,31,6019.433266
-38.24,42,6022.0284
-47.21,20,6022.359221
35.466653,26,6022.851462
42.0,24,6023.273869
-38.25,35,6023.921989
35.831418,28,6024.46362
-40.48,32,6025.03758
-47.26,13,6025.248922
38.75,23,6025.673466
40.951429,45,6026.519729
-35.08,30,6026.99314
38.682836,27,6027.391374
31.892727,34,6027.859144
32.910638,38,6028.441689
-32.36,33,6028.96294
41.60687,24,6029.389246
41.338474,28,6029.883755
-32.4,31,6032.291613
-42.64,29,6032.824691
40.109514,34,6033.399606
-36.0,29,6033.893589
-41.32,35,6034.5633
33.0,38,6035.186119
38.546663,20,6035.522097
43.178036,26,6036.011551
-39.0,34,6036.662294
38.505455,23,6037.028114
-40.39,40,6037.682503
35.638926,33,6038.151103
-41.43,23,6038.484503
-47.55,27,6039.139731
-38.77,26,6039.596557
-38.18,31,6040.106173
36.0,48,6040.830866
-38.16,32,6043.269294
37.901934,42,6043.988798
-41.54,31,6044.48591
41.031359,23,6044.869136
-38.53,32,6045.41315
41.573583,22,6045.798855
-38.61,32,6046.36156
-37.99,40,6047.032123
-44.56,24,6047.369581
36.0,25,6047.747626
-41.71,21,6048.052304
-33.94,35,6048.606759
-32.2,32,6049.265683
-38.91,24,6049.710397
39.89794,30,6050.247202
-38.53,20,6050.616934
47.242353,34,6051.15021
-37.57,24,6053.494748
34.183234,33,6054.086911
35.068376,28,6054.575844
-41.38,31,6055.134524
38.543944,22,6055.499321
31.824427,33,6056.077693
-41.17,32,6056.665307
-34.53,48,6057.447881
-39.68,26,6057.889306
-35.48,30,6058.356851
-38.38,31,6058.823514
34.4277,27,6059.210038
-34.71,31,6059.734695
37.549007,39,6060.452367
36.0,30,6060.971831
-38.95,31,6061.456606
-38.04,30,6061.898423
-41.56,26,6064.568478
44.642586,28,6065.095935
-35.75,27,6065.700538
30.0,27,6066.302249
-39.0,21,6066.672324
35.216667,52,6067.552398
-36.0,33,6068.271656
-34.26,40,6068.922918
34.946667,48,6069.647012
-38.2,49,6070.355948
-41.2,40,6071.001783
35.392283,31,6071.512501
38.090909,29,6071.94286
34.51742,34,6072.459285
-40.15,62,6075.360317
-32.08,35,6075.962282
-39.0,27,6076.443413
36.0,31,6077.026045
-35.42,30,6077.563352
40.508621,19,6077.855882
-44.32,31,6078.377751
-41.27,25,6078.810486
32.141745,37,6079.621115
41.477564,28,6080.058918
32.252747,37,6080.588258
-43.93,38,6081.236003
-35.18,31,6081.765592
-39.0,26,6082.164535
36.142432,33,6082.635202
-40.83,36,6083.193974
-47.3,17,6083.464672
-32.35,35,6086.054869
-33.0,32,6086.586277
32.109966,30,6087.114503
40.672828,39,6087.795345
46.313838,23,6088.207579
41.27907,26,6088.663477
38.487395,36,6089.201081
41.279605,20,6089.434765
-37.64,40,6090.032522
38.573077,28,6090.451108
38.036145,29,6090.871186
-38.72,26,6091.335349
35.441558,34,6092.112862
47.788889,31,6092.644422
41.204255,23,6093.006125
-41.63,25,6093.370543
-44.5,29,6093.781022
-41.49,29,6096.194162
32.875,63,6097.30423
-36.0,29,6097.933595
-42.0,23,6098.339072
31.901813,49,6099.098918
32.116279,53,6099.870727
-35.6,31,6100.369931
37.904943,28,6100.814467
-44.4,25,6101.231126
40.955758,23,6101.635814
35.579439,34,6102.215006
38.34657,24,6102.571002
-38.44,28,6102.984974
-32.02,47,6103.711763
-35.1,28,6104.135054
-44.24,27,6106.707161
38.191176,29,6107.208007
-39.0,28,6107.667665
41.403226,26,6108.107474
-35.26,36,6108.7145
-41.41,33,6109.217999
-44.14,28,6109.643646
-35.91,29,6110.07477
35.040541,27,6110.481311
-38.64,29,6110.941221
-44.38,27,6111.402184
38.519298,31,6111.916062
-38.03,31,6112.399426
-41.08,30,6112.842277
34.661716,36,6113.38302
-38.4,37,6113.938887
-41.71,21,6114.261943
42.0,34,6116.77063
34.58365,33,6117.55754
-41.65,31,6118.085682
39.0,26,6118.625412
39.0,28,6119.081451
44.641577,29,6119.50049
-32.08,37,6120.037102
-45.0,22,6120.350213
36.0,31,6120.838293
35.982507,30,6121.342859
-44.5,31,6121.87868
38.118644,24,6122.286669
38.446358,28,6122.720295
-44.75,26,6123.099846
39.0,21,6123.421416
41.511864,23,6123.765364
-35.13,31,6124.220092
-30.0,31,6124.729895
39.0,24,6127.092093
-37.4,27,6127.567621
42.0,21,6127.955493
-35.09,29,6128.462476
-43.75,38,6129.046972
-42.0,23,6129.394329
-32.21,38,6129.951194
-40.89,25,6130.305931
-32.34,39,6131.073416
-42.0,34,6131.716495
-45.0,16,6132.010396
-40.97,38,6132.633387
-41.16,27,6133.020869
35.19697,27,6133.438206
41.557432,29,6133.892513
-35.91,38,6134.45939
-38.04,30,6135.019513
39.0,24,6137.516384
41.096342,30,6138.036919
32.23839,39,6138.682703
-32.43,44,6139.306244
-47.72,30,6139.743572
-32.26,37,6140.273847
-39.0,22,6140.601355
-35.37,37,6141.15585
-41.91,38,6141.795054
-38.42,20,6142.127753
-41.15,21,6142.417606
-44.14,21,6142.941692
42.0,24,6143.323459
-35.73,31,6143.781729
-39.0,29,6144.213139
32.693548,36,6144.832244
-36.0,36,6145.41678
-38.76,41,6148.090592
36.0,27,6148.549922
-34.91,46,6149.330469
38.383459,27,6149.708559
38.240312,27,6150.134959
-39.0,29,6150.552482
41.902357,44,6151.299332
-32.15,33,6151.846452
-37.89,20,6152.294272
-37.11,37,6152.859228
-32.5,34,6153.382211
-40.91,23,6153.722471
44.530612,20,6154.017138
47.291367,13,6154.236247
45.0,26,6154.709077
44.881295,41,6155.402185
-38.73,28,6155.876867
41.644444,29,6158.399242
32.43771,39,6159.078646
32.415323,36,6159.653613
-41.08,20,6159.927361
33.0,40,6160.526003
35.347682,29,6160.946182
40.562623,25,6161.340931
-38.19,29,6161.821754
-37.24,34,6162.35151
-41.43,28,6162.743872
-38.28,32,6163.264013
40.797614,19,6163.544517
-41.56,33,6164.011701
37.741477,29,6164.46726
-41.82,30,6164.971581
-45.67,51,6165.812009
41.466667,22,6168.151653
41.006276,31,6168.699029
-37.88,28,6169.327975
41.548287,49,6170.053386
41.408955,21,6170.355047
41.014565,22,6170.691667
42.0,21,6170.988096
-32.11,34,6171.546554
36.0,26,6171.970736
-36.0,30,6172.461226
-37.87,31,6172.958181
-43.33,32,6173.465379
38.241509,37,6173.970338
32.198251,54,6174.791537
39.0,31,6175.338445
-47.8,30,6175.836636
-43.26,29,6176.305099
-35.36,34,6178.827321
41.522968,22,6179.15482
-38.69,35,6179.659295
37.719304,24,6180.016412
41.485185,32,6180.462277
-44.64,26,6180.875494
38.5,40,6181.599218
-42.0,43,6182.379614
38.323741,33,6183.104305
-38.19,23,6183.435587
-41.37,39,6184.017856
-35.23,32,6184.483226
-32.22,42,6185.292968
-36.0,32,6185.857139
-41.78,25,6186.343026
32.647287,31,6186.921714
-42.24,26,6189.480698
-33.0,32,6190.025141
-35.16,28,6190.399562
41.380823,29,6190.809406
-39.0,25,6191.169152
48.0,40,6191.907116
-32.38,31,6192.453842
-44.31,30,6192.942373
-38.52,34,6193.450929
39.0,26,6193.847878
-32.49,56,6194.711423
-43.95,28,6195.374866
-44.45,29,6195.864668
-43.75,25,6196.271184
40.534893,40,6196.967053
-47.47,20,6197.32409
34.063879,41,6199.970227
-41.45,39,6200.59344
38.4875,35,6201.115357
-35.13,39,6201.689323
-36.0,25,6202.057784
-32.49,45,6202.839496
35.866438,26,6203.219363
32.527778,37,6203.751318
-41.29,24,6204.115767
-38.06,34,6204.642947
47.07326,13,6204.821739
-35.06,35,6205.419641
34.527746,37,6206.082213
35.777778,28,6206.58458
-43.88,44,6207.392994
-32.88,40,6210.065268
41.365625,26,6210.483486
-31.54,39,6211.077594
38.72,43,6211.730817
35.368303,35,6212.206108
35.319066,33,6212.727996
-39.0,38,6213.36817
-35.97,32,6213.841448
-44.72,34,6214.391993
-37.53,40,6215.002738
35.630252,35,6215.607951
-32.51,33,6216.148854
-41.06,25,6216.574224
44.594096,22,6216.945299
-38.3,25,6217.348045
41.531746,25,6217.681498
-38.89,35,6220.360693
41.346722,36,6220.893893
-41.7,17,6221.400127
44.824242,21,6221.801753
-38.03,27,6222.247674
32.837638,35,6222.867887
-37.35,35,6223.486057
38.893103,30,6223.996905
-44.5,18,6224.294577
38.327815,29,6224.731633
-39.0,25,6225.076073
38.873239,29,6225.505882
38.088028,21,6225.826063
-32.88,30,6226.293654
41.259574,32,6226.86056
-44.69,27,6227.43113
-37.68,30,6227.941964
-35.78,62,6230.947485
35.283951,35,6231.478906
38.052446,38,6232.047971
-44.55,26,6232.4533
33.0,28,6232.990343
38.021583,27,6233.461379
-46.38,20,6233.835702
35.189394,37,6234.425452
45.0,16,6234.660937
-31.6,38,6235.288124
32.659176,35,6236.000347
-32.35,29,6236.527689
-39.0,18,6236.863469
-38.09,32,6237.453537
40.897887,21,6237.807972
41.748062,22,6238.194835
-32.3,27,6238.650981
37.190645,22,6239.058888
44.374517,27,6241.485196
34.603337,31,6241.952542
-38.6,39,6242.518566
-38.55,25,6242.915709
38.083658,61,6243.954457
38.708955,24,6244.331624
-41.18,27,6244.722069
-40.72,30,6245.180623
-47.69,25,6245.555362
41.119149,25,6245.909105
38.257445,29,6246.422154
43.609848,40,6247.160386
38.509804,22,6247.706001
38.30031,35,6248.402099
37.83657,27,6248.892828
-40.61,30,6249.464123
45.0,20,6249.819013
34.591603,32,6252.312448
-47.14,58,6253.18478
-40.84,23,6253.572899
44.592308,25,6254.043482
-38.49,27,6254.494713
35.003831,27,6254.903087
-36.0,29,6255.348425
35.256276,31,6255.808544
39.995114,28,6256.216668
43.863636,30,6256.675279
42.0,22,6257.062976
-44.16,17,6257.423813
-41.23,73,6258.690795
32.423611,33,6259.234538
34.65037,29,6259.729759
-47.61,22,6260.128817
38.758491,27,6260.5951
-32.91,32,6263.340569
44.075949,26,6263.797261
-39.0,27,6264.258942
32.876667,38,6264.94451
41.413919,26,6265.37273
35.377256,47,6266.074182
-39.0,32,6266.730772
43.961647,22,6267.029211
41.739683,26,6267.478403
46.720838,20,6267.823523
39.0,40,6268.532296
-32.22,43,6269.264591
32.617241,34,6269.837429
35.794677,28,6270.380954
41.748,25,6270.79031
32.393333,39,6271.475825
35.127147,29,6273.817563
45.0,25,6274.445875
-38.82,33,6275.007379
-38.88,83,6276.338754
40.971055,48,6277.067451
-38.51,23,6277.416399
-38.04,21,6277.768742
32.686747,31,6278.302843
44.829365,23,6278.687745
41.625802,33,6279.252929
32.370213,38,6280.165807
41.877395,39,6280.863705
-38.06,74,6282.117532
47.086057,28,6284.445926
35.12605,74,6285.705346
-31.77,38,6286.298079
41.813411,26,6286.687974
35.120301,36,6287.442018
-38.91,25,6287.832331
43.805966,21,6288.219644
-41.46,28,6288.704396
38.520913,25,6289.263341
-35.42,40,6290.040847
44.377953,19,6290.37807
-32.79,30,6290.91133
45.0,20,6291.253403
-44.46,48,6292.087249
-38.04,25,6292.507288
41.752412,35,6293.054655
-47.84,17,6295.262532
44.5,21,6295.658255
-32.63,29,6296.110229
37.132462,26,6296.512787
-32.33,30,6296.945968
43.262629,30,6297.387777
-32.9,39,6297.986424
41.210993,35,6298.589826
35.780105,30,6299.083988
38.248882,29,6299.532235
-38.31,30,6300.078316
-32.84,49,6301.014039
32.064725,30,6301.528653
32.246964,36,6302.147264
-36.0,35,6302.745011
35.196284,42,6303.411024
-38.37,23,6305.634147
-32.67,45,6306.409595
40.508649,25,6306.780323
32.802281,33,6307.239594
32.8,26,6307.556772
-41.94,27,6307.975766
-39.0,30,6308.427141
-43.99,27,6308.903556
-32.84,51,6309.769904
-40.77,30,6310.293702
-38.8,39,6310.938533
32.273764,51,6311.801319
-38.19,28,6312.347724
39.0,22,6312.713487
43.745562,31,6313.230401
41.026616,22,6313.552532
-34.55,33,6316.135776
36.0,22,6316.527087
44.293137,25,6316.946056
32.402332,28,6317.368278
35.686411,31,6317.840437
-38.57,29,6318.328346
-35.17,43,6319.01993
35.863971,24,6319.425342
-41.31,23,6319.818057
47.927966,23,6320.211545
38.434109,25,6320.629594
41.227331,21,6320.988622
-39.0,45,6321.789342
-38.61,24,6322.255839
-37.5,27,6322.708338
-32.14,32,6323.275642
40.256023,34,6323.849545
38.349057,25,6324.227281
41.519231,24,6326.637408
36.0,32,6327.211613
-38.69,26,6327.761072
38.205575,31,6328.287737
-46.76,18,6328.645772
35.582143,33,6329.261233
41.374099,43,6330.009344
38.11526,41,6330.739367
37.746365,31,6331.296315
-43.54,19,6331.671455
37.99192,32,6332.215333
42.0,26,6332.661379
-37.2,25,6333.066999
35.542435,28,6333.545775
-37.27,28,6334.012445
43.775851,31,6334.514187
33.0,41,6335.131693
32.315353,34,6337.558318
-32.15,39,6338.166337
-41.88,27,6338.578611
35.070039,27,6339.019524
-38.94,33,6339.607078
-37.61,28,6340.13972
38.110879,26,6340.640743
33.0,35,6341.248016
47.126923,19,6341.779382
32.876761,30,6342.419055
34.957364,26,6342.970591
-41.06,33,6343.554063
-41.42,43,6344.273717
-38.02,27,6344.740697
-32.75,50,6345.440787
38.034317,33,6345.905004
-41.02,33,6348.284143
-40.0,34,6348.764232
-36.0,26,6349.203013
-41.55,27,6349.656385
39.0,29,6350.154872
43.619294,19,6350.461931
47.326528,27,6350.942074
-40.7,33,6351.584159
37.951923,38,6352.227027
-38.87,29,6352.705237
32.288372,39,6353.459884
34.800651,47,6354.359215
-38.08,25,6354.77839
-34.59,28,6355.48895
-32.09,40,6356.044718
-35.88,32,6356.522578
35.163498,30,6358.868629
-41.48,27,6359.345362
39.0,52,6360.269386
37.988889,28,6360.746306
47.197917,31,6361.273894
-38.0,27,6361.742859
-41.3,49,6362.539383
-32.08,26,6362.954159
-32.06,29,6363.466044
41.710714,23,6363.84059
41.478417,28,6364.324586
-38.4,29,6364.850596
-35.04,35,6365.389665
-44.59,27,6365.779366
44.683099,17,6366.024093
46.710909,23,6366.364288
38.482759,36,6366.886496
-32.36,34,6369.509808
38.321569,23,6370.012911
47.058394,13,6370.275661
41.551351,31,6370.829105
-38.25,29,6371.342517
-37.71,27,6371.795354
-38.63,33,6372.337258
-41.34,37,6372.961484
-40.81,56,6373.940348
32.326599,55,6374.83827
35.190141,33,6375.370673
-44.52,20,6375.636651
-33.0,34,6376.16338
-35.16,31,6376.616514
38.015128,51,6377.448478
38.830189,17,6377.738286
35.586538,57,6380.865438
41.201992,33,6381.432947
-34.82,37,6382.070191
-41.02,32,6382.644832
-35.67,25,6383.081293
-38.04,28,6383.556924
-35.85,36,6384.162892
32.214286,32,6384.691077
-38.58,36,6385.25312
-35.91,56,6386.143566
-37.41,21,6386.457891
-35.08,26,6386.837096
40.695427,32,6387.377862
35.901639,42,6388.111373
41.227106,29,6388.568626
-40.74,27,6390.861654
-38.59,31,6391.364635
35.785714,34,6391.951259
-32.9,25,6392.383821
38.378431,26,6392.818262
38.257322,28,6393.33357
-41.26,31,6393.869769
44.330049,17,6394.149092
48.0,24,6394.543084
32.271978,25,6394.97951
32.7,37,6395.847411
44.154254,28,6396.253891
38.85625,25,6396.604223
-43.7,25,6396.985075
-43.38,27,6397.3918
-41.86,26,6397.820289
39.0,23,6398.275337
-37.67,22,6398.714376
35.556866,69,6401.765375
45.0,19,6402.15764
-38.29,28,6402.629384
-38.47,32,6403.190835
40.757016,27,6403.658666
41.578496,26,6404.122908
-38.76,20,6404.476764
-38.46,39,6405.146137
-32.6,57,6406.222111
38.092522,25,6406.719547
35.551724,33,6407.179057
41.358362,27,6407.57829
41.923636,22,6407.91876
-41.73,24,6408.365646
-38.62,23,6408.804888
-40.77,29,6409.24456
-42.0,26,6409.624659
44.783019,26,6411.924966
38.310888,27,6412.398496
32.212264,38,6413.097783
47.105442,41,6413.841294
-40.54,25,6414.277153
-38.34,23,6414.659538
38.799296,27,6415.146219
32.25283,36,6415.781125
41.375012,69,6416.792831
44.570978,22,6417.122166
32.604027,32,6417.601507
-41.59,23,6418.131718
-37.65,37,6418.781619
44.800738,33,6419.29547
41.235099,20,6419.596127
38.271111,33,6420.100241
-32.07,36,6422.80342
32.027237,29,6423.34022
-35.15,27,6423.847772
38.521236,18,6424.164143
-38.66,25,6424.593104
44.535117,22,6424.973465
-41.28,24,6425.387253
-41.3,27,6426.063577
-32.3,40,6426.648165
-38.59,30,6427.074523
-38.47,26,6427.478016
44.792453,23,6427.824695
-41.38,24,6428.240152
-41.58,24,6428.646274
-32.71,34,6429.211577
43.769369,27,6429.688284
-33.0,24,6430.02854
-41.1,31,6430.541451
-32.03,33,6431.013903
44.745033,29,6433.486152
-32.88,36,6434.138038
43.40593,32,6434.705323
-39.62,34,6435.253004
46.8209,14,6435.497839
35.318352,22,6435.840098
42.0,29,6436.359476
44.051629,30,6436.788996
-41.53,31,6437.235114
-32.34,35,6437.737431
32.420195,38,6438.312203
33.0,33,6438.860678
45.0,21,6439.237302
41.5,25,6439.667452
-33.0,29,6440.163217
41.334601,40,6440.772996
-40.45,30,6441.234022
-34.01,28,6443.534507
-32.16,31,6444.045532
-35.41,27,6444.511972
32.747159,66,6445.663913
-44.54,35,6446.242193
-40.72,31,6446.740561
-37.52,34,6447.24719
-32.99,58,6448.334395
32.38806,54,6449.298816
35.218107,26,6449.744704
-34.43,38,6450.387023
38.058824,35,6450.924154
39.0,22,6451.231545
-43.77,20,6451.506581
45.0,38,6454.053436
-36.81,36,6454.649561
43.221389,30,6455.176813
32.324921,66,6456.309195
-41.33,22,6456.667873
-32.5,43,6457.380844
33.0,31,6458.009926
-35.12,37,6458.609659
38.827922,22,6458.982213
35.519164,26,6459.406397
44.051661,17,6459.721414
-37.84,60,6460.743227
38.672727,29,6461.2185
41.642276,19,6461.531678
-35.03,32,6462.009165
-41.28,25,6464.312201
44.488889,23,6464.761988
-35.73,32,6465.332711
-35.61,32,6465.861847
37.844491,24,6466.247473
44.319035,27,6466.645773
40.578257,29,6467.06689
-31.57,43,6467.690799
-38.05,36,6468.35733
45.0,24,6468.74457
40.085571,50,6469.599974
-40.58,27,6470.079516
-38.06,27,6470.53569
44.193101,38,6471.131524
-42.82,35,6471.639055
41.686189,39,6472.224247
-36.0,26,6474.510249
36.0,28,6475.163566
47.386813,28,6475.746494
43.365029,32,6476.30062
-35.05,33,6476.776149
44.490132,17,6477.02479
-44.49,18,6477.296221
45.0,25,6477.674221
-41.5,23,6477.991695
-43.77,19,6478.295601
-35.51,27,6478.75028
-41.6,29,6479.220739
43.854782,42,6479.943669
-35.18,38,6480.684584
-41.07,20,6481.060629
45.748192,22,6481.354978
-32.29,35,6481.916926
35.781457,36,6482.485265
33.0,46,6485.196379
-41.38,30,6485.737783
-38.16,28,6486.190906
35.470588,54,6487.026484
38.663625,32,6487.483231
45.0,24,6487.842945
40.704088,23,6488.185452
38.850394,107,6489.924627
-36.0,33,6490.500122
-33.0,37,6491.100595
-35.69,33,6491.619084
39.0,31,6492.076245
-43.0,31,6492.531406
-38.18,33,6493.015162
36.0,37,6495.570023
-40.28,36,6496.205009
43.882858,30,6496.67903
39.0,28,6497.193032
42.0,24,6497.550617
-41.69,34,6498.10132
-44.63,23,6498.475073
-33.0,32,6499.049632
-45.0,24,6499.437197
47.403483,37,6500.096403
-41.34,42,6501.022599
-35.37,26,6501.463615
40.580852,30,6501.932209
-40.57,22,6502.269445
-41.45,27,6502.686769
36.0,48,6503.409319
-41.4,33,6505.961075
-35.33,31,6506.45381
-39.94,33,6506.949578
-44.31,34,6507.428751
43.425215,20,6507.754381
43.600719,22,6508.078481
-40.94,36,6508.903565
45.444621,26,6509.48533
38.736655,30,6510.011065
40.984992,22,6510.386564
-35.11,43,6511.144122
-39.0,37,6511.695763
41.488,23,6512.710844
-40.8,36,6513.338935
44.021028,30,6513.856092
35.330693,35,6514.438948
-37.67,36,6515.064836
-38.6,26,6517.38184
38.423077,30,6517.804283
41.418864,26,6518.181666
-35.18,32,6518.629637
-38.75,24,6518.983557
33.0,30,6519.50571
-46.72,26,6519.971944
-41.54,28,6520.441841
35.03252,47,6521.178679
44.344681,25,6521.534146
-35.54,27,6521.932185
46.265178,40,6522.525834
-40.93,34,6523.07338
35.466667,24,6523.454804
40.4218,35,6524.070089
-47.34,26,6524.494886
43.9875,25,6524.93871
32.622302,25,6527.30893
-35.27,22,6527.611021
35.864583,32,6528.082138
-32.89,32,6528.540078
-35.48,26,6528.929178
-39.88,28,6529.413246
-35.61,33,6529.903379
38.6,30,6530.386719
44.243243,29,6530.890771
37.849845,44,6531.574424
42.0,23,6531.932286
36.0,34,6532.521554
-35.67,32,6532.981855
-36.0,31,6533.510707
-41.26,33,6534.111421
35.810484,29,6534.58193
34.290348,37,6535.365793
41.244068,31,6537.887269
35.507463,32,6538.413717
35.90106,32,6538.867562
-40.49,21,6539.17141
35.232727,31,6539.660805
-45.0,23,6540.104195
-35.56,25,6540.534425
-41.66,17,6540.815784
34.859237,52,6541.672207
35.630872,33,6542.170053
36.0,29,6542.578565
33.0,100,6544.135378
38.243346,24,6544.521734
-35.24,33,6545.06138
-41.8,29,6545.54138
-40.44,33,6547.907605
-41.83,42,6548.547104
-35.15,50,6549.302616
39.0,35,6549.882437
-38.95,33,6550.62609
40.575729,39,6551.31085
-42.0,27,6551.77183
37.540074,32,6552.286237
38.903614,25,6552.902966
-32.54,38,6553.463911
-40.77,58,6554.362705
-37.97,31,6554.879357
36.0,26,6555.325428
37.688915,27,6555.773619
41.437956,47,6558.613522
-38.91,29,6559.048081
32.156951,40,6559.711523
38.276364,25,6560.180616
-38.08,31,6560.745222
41.64486,19,6561.29354
32.478417,32,6561.864795
38.23053,25,6562.253767
-35.15,39,6562.8284
44.471144,28,6563.269485
-32.02,86,6564.635928
-37.59,34,6565.22364
-38.52,33,6565.759928
42.0,26,6566.21384
35.560458,44,6568.832762
33.0,25,6569.184864
38.602273,25,6569.584498
-38.07,30,6570.098186
-33.0,37,6570.718099
-33.0,29,6571.256079
-38.13,30,6571.828104
-41.3,29,6572.318703
40.844498,25,6572.650391
-35.12,32,6573.085342
-44.59,36,6573.638218
-41.76,27,6574.072996
36.0,22,6574.38995
-44.05,22,6574.716931
33.0,40,6575.394687
-35.32,30,6575.895356
-41.45,19,6576.282452
41.24,32,6576.871522
-33.0,41,6579.656671
-36.0,25,6580.067243
32.714829,29,6580.715279
-37.97,22,6581.168324
-44.19,17,6581.455312
35.131687,39,6582.122997
-35.07,52,6583.057109
-41.69,28,6583.54082
45.85362,26,6583.974993
-40.53,33,6584.443833
-44.13,46,6585.114062
41.487085,32,6585.605406
32.371237,34,6586.159992
32.758993,33,6586.999412
41.778523,31,6587.614286
-38.53,26,6588.055969
35.166667,52,6590.732243
42.0,17,6591.022393
44.601732,17,6591.300581
47.19403,26,6591.748923
-38.91,28,6592.236682
-38.59,58,6593.189375
-37.08,32,6593.724514
35.256677,47,6594.407019
32.717472,29,6594.813502
35.237762,45,6595.507088
38.247232,31,6596.14051
-41.85,28,6596.600729
-33.0,27,6597.057691
41.502712,35,6597.673856
44.341463,20,6597.998322
32.767802,34,6600.396723
34.468974,47,6601.1559
37.885312,36,6601.759489
-32.35,48,6602.594704
41.853061,25,6603.046783
-38.29,38,6603.780557
-43.64,17,6604.026201
-34.82,73,6605.127218
38.561129,29,6605.592829
-44.81,24,6606.085063
40.897272,23,6606.470769
-38.44,31,6607.281868
41.759124,36,6607.880635
-32.01,32,6608.409389
-38.22,22,6608.776072
35.520576,29,6609.190387
48.0,35,6611.799847
-38.85,25,6612.225339
31.904984,33,6612.783835
-38.88,25,6613.449074
-32.22,34,6614.017218
-33.0,27,6614.4332
-41.74,33,6614.931424
-41.61,29,6615.372832
-34.72,39,6615.997867
-40.8,52,6616.86082
-35.7,37,6617.534505
-35.93,89,6619.073577
36.663493,60,6621.925177
37.832995,27,6622.391608
32.80292,30,6622.922346
-37.97,26,6623.401948
-38.63,27,6623.898128
44.804154,18,6624.17992
42.0,27,6624.609191
32.037313,30,6625.06206
42.0,25,6625.43504
-41.52,21,6625.738501
45.0,29,6626.236604
35.210117,43,6626.999895
-32.44,35,6627.607485
35.237179,36,6628.232992
37.397799,30,6628.72523
-41.78,21,6629.081107
-36.49,37,6629.651253
-38.13,27,6630.063772
38.066298,38,6632.626955
-37.24,34,6633.373097
-35.33,42,6634.115272
38.953488,25,6634.610013
33.0,39,6635.233616
42.0,26,6635.616692
43.823588,22,6635.966829
-44.78,23,6636.373182
-38.18,37,6637.001353
32.881119,41,6637.683404
34.829428,27,6638.321983
-39.87,26,6638.78389
-35.45,30,6639.26989
41.349398,20,6639.566087
-38.38,28,6640.020953
38.392265,38,6640.603968
-37.55,30,6641.074377
-37.0,34,6643.60959
45.0,30,6644.079991
-34.07,66,6645.085363
-44.23,36,6645.593924
-41.65,29,6646.075224
38.400722,34,6646.636868
38.195572,28,6647.127603
-46.87,22,6647.526528
44.529412,30,6648.038218
-34.82,42,6649.450435
-39.0,23,6649.773364
-43.58,27,6650.217425
-32.59,41,6650.786902
32.177112,33,6651.372571
-35.89,24,6651.778925
41.068027,19,6654.103631
-33.0,28,6654.513263
41.011152,35,6654.989827
-32.48,25,6655.345729
-32.09,52,6656.165622
-38.21,29,6656.610188
-36.0,54,6657.529371
-41.53,27,6657.990437
41.388124,27,6658.450663
-38.68,22,6658.846367
-41.31,27,6659.365505
-32.65,28,6659.943899
41.774468,32,6660.553326
-35.76,43,6661.285586
32.116279,39,6661.951718
38.338926,28,6662.451353
-32.22,25,6664.939876
-38.9,25,6665.345921
47.120457,30,6665.826791
-33.0,29,6666.269606
40.84432,25,6666.660883
-32.35,36,6667.223632
33.0,39,6667.898306
35.094697,34,6668.496073
37.970232,26,6668.898252
-32.46,38,6669.464885
-38.8,33,6669.95489
-36.0,28,6670.370451
-47.5,55,6671.316328
-36.0,30,6671.846339
-39.0,22,6672.219249
43.242838,28,6672.71694
-44.21,36,6675.362696
38.673228,29,6675.847673
-34.54,25,6676.23216
-38.19,42,6676.903044
-44.73,24,6677.250805
-33.98,37,6677.90766
36.0,30,6678.422624
35.838428,28,6678.881013
41.938272,34,6679.44322
-44.5,29,6679.949482
43.119751,32,6680.474096
-33.0,29,6680.909646
-38.56,24,6681.405092
41.701848,33,6682.051724
37.898467,30,6682.813356
-36.0,26,6683.292855
-41.6,36,6683.969359
-35.5,31,6686.579639
-32.91,47,6687.289989
-41.71,29,6687.740159
-32.24,51,6688.577124
-32.34,30,6689.202641
-46.24,49,6690.018028
-41.82,33,6690.631129
-38.75,30,6691.215463
44.446565,31,6691.71103
-38.58,22,6692.124206
38.9,29,6692.636348
-41.91,26,6693.083264
44.060729,24,6693.528908
36.0,24,6693.947831
35.666667,28,6694.434033
-37.47,43,6697.717145
37.327465,32,6698.177989
44.618519,30,6698.644428
36.0,39,6699.29317
44.071429,20,6699.599397
-37.67,30,6700.055881
41.446154,28,6700.495644
-41.46,23,6700.836383
-37.9,28,6701.247218
44.416404,16,6701.541764
-32.44,48,6702.328794
40.587121,25,6702.779934
38.902439,36,6703.402534
36.0,34,6703.976746
33.0,45,6704.729462
-35.02,31,6705.24994
37.750052,38,6705.886134
38.281356,33,6708.600418
-35.54,49,6709.379558
-38.91,36,6709.901608
41.5,25,6710.280963
-35.72,33,6710.779058
-41.09,24,6711.183579
44.82963,25,6711.628276
-35.71,40,6712.317125
33.590378,31,6713.079601
44.306667,26,6713.56166
-36.0,24,6713.960226
-41.88,26,6714.440277
32.143969,39,6715.1313
39.575465,41,6715.909441
-33.0,48,6716.825621
41.4,25,6719.105327
41.721698,23,6719.45184
-44.42,27,6719.85789
-36.0,34,6720.359149
-34.76,23,6720.721245
31.535587,35,6721.247071
35.544444,30,6721.798203
38.137755,32,6722.325837
-45.0,29,6722.848711
-38.64,30,6723.371141
41.771429,39,6724.031288
35.333952,33,6724.60765
-44.49,19,6724.980663
-41.71,25,6725.37835
-34.64,67,6726.563637
41.771994,46,6727.464161
41.333333,33,6729.809759
35.876161,33,6730.310332
-33.0,33,6730.783702
32.571023,32,6731.281592
44.513308,22,6731.699859
-32.77,29,6732.182959
-44.15,29,6732.691156
-32.16,43,6733.436998
-44.63,20,6733.799705
34.917681,37,6734.459282
-39.0,19,6734.760578
-44.64,26,6735.214554
36.0,28,6735.732358
40.367499,31,6736.264741
-40.76,34,6736.861484
38.013812,39,6737.565603
-32.08,47,6740.192373
33.0,44,6740.963344
42.0,23,6741.308392
34.838912,33,6741.87164
-35.09,36,6742.69921
-38.35,34,6743.34179
-31.76,29,6743.940019
-32.49,31,6744.510489
-37.78,35,6745.11801
38.739623,28,6745.602841
37.661927,31,6746.155828
-47.08,48,6746.998978
-32.31,26,6747.444678
44.126984,26,6747.914853
35.379859,40,6748.590229
-38.64,25,6748.969618
-35.16,69,6751.854826
-41.86,26,6752.323329
40.185418,29,6752.830027
44.362205,29,6753.309577
-38.16,24,6753.729325
-44.3,29,6754.242879
-38.18,40,6754.966252
32.715232,29,6755.443987
42.0,44,6756.227578
-41.71,25,6756.681944
30.0,30,6757.144862
-32.54,37,6757.77584
-35.6,45,6758.52441
41.639847,35,6759.139697
-32.85,38,6761.567395
-44.65,18,6761.847423
-32.91,38,6762.489804
38.011152,23,6762.872098
42.0,22,6763.277179
-41.61,26,6763.771588
-35.26,33,6764.333266
-44.05,24,6764.716856
-41.37,22,6765.090629
47.764259,35,6765.730172
47.291545,29,6766.40012
-32.1,30,6766.940208
-37.6,39,6767.6112
-41.42,27,6768.076298
-35.71,35,6768.909678
41.773333,18,6769.203058
38.735772,25,6769.643009
-36.0,54,6770.445522
38.42623,27,6772.656687
-32.17,36,6773.29067
-40.55,36,6773.807606
-33.0,32,6774.29152
-44.68,23,6774.683704
-41.78,32,6775.264755
35.531746,29,6775.791707
-38.26,28,6776.29847
-35.68,32,6776.833753
43.573222,26,6777.334239
-40.49,34,6778.002352
-44.01,19,6778.343362
32.482353,28,6778.819803
41.703488,22,6779.172996
32.308157,32,6779.715136
-39.0,34,6780.322272
41.646388,24,6780.69708
-35.24,33,6782.933725
35.414179,34,6783.515534
-41.88,26,6783.960864
-41.51,22,6784.337093
47.352208,27,6784.796007
32.80695,32,6785.349196
-42.12,35,6785.978287
-38.64,38,6786.611326
44.285968,26,6787.112343
34.88034,43,6787.8988
-41.33,31,6788.451264
-35.2,38,6789.134016
38.652318,28,6789.682498
-41.65,28,6790.18948
32.306452,39,6790.889891
44.901515,16,6791.17046
48.0,14,6791.389699
-32.65,27,6791.772705
38.826389,26,6794.151428
-39.0,21,6794.50054
-37.37,66,6795.857621
38.706383,27,6796.291978
37.684239,21,6796.671486
-39.0,34,6797.300313
-43.27,26,6797.758116
37.777011,34,6798.34451
-38.16,20,6798.691275
33.0,31,6799.208637
35.714286,36,6799.853026
41.873065,30,6800.399938
35.11413,48,6801.28461
39.0,22,6801.647301
35.294872,44,6802.287739
-42.0,24,6802.602921
38.148855,85,6806.00307
42.0,27,6806.426264
46.519231,16,6806.706717
40.999018,25,6807.152441
37.552214,27,6807.631602
-35.88,30,6808.132354
-41.62,20,6808.458822
40.392546,43,6809.200932
-38.32,31,6809.753058
-41.91,19,6810.094785
36.755491,22,6810.462753
-32.5,42,6811.176595
38.581764,25,6811.607277
-35.34,29,6812.117271
33.0,37,6812.774501
-40.21,34,6813.273172
-38.91,22,6815.473503
38.149805,30,6816.006757
-35.9,35,6816.62217
41.930736,34,6817.242146
-40.9,20,6817.866636
-44.59,36,6818.50039
38.923372,22,6818.872533
38.107958,41,6819.579421
44.651877,16,6819.85149
-42.68,24,6820.304214
33.0,74,6821.774279
45.0,23,6822.215358
40.453554,33,6822.760585
30.0,29,6823.272839
45.0,34,6823.748528
34.583562,38,6824.277529
-32.1,43,6826.853546
-40.13,23,6827.242424
44.274576,36,6827.883352
-35.1,28,6828.344564
-38.88,25,6828.785453
35.065972,28,6829.268973
38.286195,28,6829.745651
-44.94,30,6830.264596
-43.98,17,6830.540915
-32.56,36,6831.182305
-41.43,33,6831.802655
39.402634,23,6832.1981
41.877953,20,6832.55371
39.0,24,6832.957915
37.424305,29,6833.472469
-38.82,26,6833.827402
-38.27,26,6834.209375
35.244898,29,6834.656196
42.0,29,6837.104141
35.642586,31,6837.660303
-31.85,49,6838.510111
41.711921,20,6838.858434
-41.82,34,6839.436913
44.812121,23,6839.845597
38.215827,30,6840.397249
-38.19,30,6840.886569
40.180575,29,6841.393365
42.0,28,6841.875813
-37.28,26,6842.325962
-43.9,21,6842.866761
-38.5,26,6843.402344
36.0,23,6843.77458
-41.31,28,6844.200206
-37.63,40,6844.794178
-48.0,20,6845.066524
-41.26,25,6845.444305
32.638889,32,6847.906969
-32.39,31,6848.425127
-38.88,29,6849.118948
38.901887,32,6849.712708
-39.0,27,6850.208701
-32.77,41,6850.978772
-47.66,27,6851.444647
-41.44,39,6852.140882
-36.0,35,6852.757983
38.242063,30,6853.295217
42.0,36,6853.952703
40.481631,29,6854.389082
-38.68,32,6854.836285
46.724961,24,6855.170124
38.883459,24,6855.725931
43.851805,21,6856.038408
32.203333,38,6858.617351
-41.37,24,6859.005176
-44.05,20,6859.357622
-41.58,22,6859.807375
-32.69,30,6860.306796
38.875676,25,6860.752033
40.347598,30,6861.245201
-35.99,34,6861.797644
34.580495,35,6862.459564
41.823529,19,6862.761911
-38.33,40,6863.433438
44.599237,23,6863.746298
44.215223,38,6864.349125
35.811989,23,6864.67413
39.0,29,6865.079875
38.211023,34,6865.523325
33.706993,38,6866.0544
-41.29,25,6866.49089
37.254888,44,6869.148828
32.702602,35,6869.78706
-39.9,20,6870.320419
44.806748,22,6870.724308
34.650376,50,6871.596704
-38.29,31,6872.110564
41.902527,28,6872.593179
-38.18,44,6873.380229
44.608541,16,6873.789984
35.36,37,6874.489107
46.826228,27,6874.897765
-40.5,25,6875.251232
-32.34,29,6875.669073
40.721843,25,6876.020922
35.785714,48,6876.694968
39.899362,31,6877.22573
41.928571,29,6879.6946
-35.68,77,6881.015146
36.0,36,6881.693392
-34.8,28,6882.202993
41.791391,20,6882.550412
-32.25,35,6883.106622
35.171141,55,6884.10677
-43.33,51,6884.977007
-32.66,33,6885.418201
-35.17,34,6885.907096
47.851695,23,6886.211362
33.0,31,6886.644508
41.326678,32,6887.14659
-35.93,31,6887.682586
39.0,22,6890.018569
47.483906,42,6890.742285
38.121212,27,6891.212023
32.022581,38,6891.838522
-41.91,17,6892.133381
-41.27,23,6892.529434
-41.08,33,6893.087837
41.410909,26,6893.519619
37.951122,28,6894.010598
35.531008,26,6894.434707
-37.37,35,6895.012852
-35.81,29,6895.650895
35.902439,31,6896.09701
-35.64,49,6897.115278
-35.15,37,6897.740183
-38.32,25,6898.153557
37.819403,20,6898.487283
44.318792,20,6898.825255
-41.27,30,6901.406445
-33.0,42,6902.096576
38.516129,19,6902.419142
-41.56,28,6902.934466
-42.0,28,6903.405133
-38.57,24,6903.837982
41.265517,26,6904.311847
-40.64,32,6904.853169
-38.72,30,6905.353056
-37.78,27,6905.747569
46.81129,17,6905.991247
38.562992,25,6906.333665
44.501558,28,6906.755964
-43.69,33,6907.219835
-41.59,23,6907.596425
-35.37,32,6908.146147
-47.01,23,6908.567548
-37.52,31,6909.11408
35.462725,26,6911.50945
-41.05,28,6911.991712
38.643123,27,6912.463519
38.051587,31,6913.050191
-44.83,33,6913.637848
41.312057,38,6914.268727
41.284861,32,6914.845145
-37.68,54,6915.685962
-41.51,26,6916.068296
38.327872,26,6916.438268
37.39557,23,6916.780128
-32.01,29,6917.174477
-35.04,30,6917.656765
37.887114,33,6918.260837
43.738141,40,6918.945865
-41.54,18,6919.281894
-45.0,22,6919.640188
-40.26,50,6922.50687
-40.31,45,6923.29846
-45.0,20,6923.677837
40.506272,32,6924.255073
-47.15,19,6924.565632
-36.44,31,6925.085634
-35.38,41,6926.01079
47.598361,34,6926.472582
41.427136,27,6926.849013
33.0,25,6927.181744
-32.73,89,6928.560934
41.180828,24,6929.039645
44.134454,18,6929.367613
41.762821,48,6930.200759
35.677083,31,6932.803142
-44.03,23,6933.146234
32.457944,29,6933.626735
47.270936,16,6933.932599
42.0,52,6934.853785
41.022727,31,6935.370741
35.234657,24,6935.804998
-42.0,35,6936.373164
-32.28,34,6936.854311
-38.97,43,6937.418148
-40.45,27,6937.967169
35.498391,31,6938.515712
-34.97,38,6939.155749
32.672932,27,6939.668162
-37.49,32,6940.264542
38.347692,20,6940.610173
35.480769,28,6941.217664
41.117057,28,6943.677265
38.635135,24,6944.075876
41.635556,23,6944.453563
-35.29,51,6945.324564
38.901099,29,6945.816979
-35.33,30,6946.251941
-32.28,37,6946.768645
-36.0,29,6947.154778
-32.77,39,6947.709664
41.5,21,6948.252188
-44.52,28,6948.768428
35.800781,27,6949.205918
-41.61,24,6949.637498
-43.87,24,6950.044504
44.092437,27,6950.522884
39.0,33,6951.109877
-43.49,31,6951.662443
-38.1,36,6954.460891
-38.86,25,6954.885303
32.735632,33,6955.41308
-32.63,35,6956.027372
35.875,32,6956.537073
35.708333,26,6956.947418
-38.61,28,6957.33579
-42.64,27,6957.693675
-38.42,24,6958.026396
-32.58,37,6958.554052
35.871875,41,6959.293581
-35.54,25,6959.728734
41.566644,36,6960.329079
38.900641,32,6960.884951
-47.2,24,6961.335928
-41.08,18,6961.635159
-31.58,45,6962.364809
-45.0,33,6964.900424
41.141667,28,6965.395072
-33.99,26,6965.832827
36.0,27,6966.272289
-44.37,20,6966.570243
32.555556,64,6967.431579
41.680328,28,6967.829434
-33.0,25,6968.293679
-38.26,28,6968.744536
35.02952,23,6969.165508
-41.76,25,6969.625298
32.838129,46,6970.361423
34.504792,33,6970.968383
43.501359,66,6972.132221
-38.06,46,6972.87398
38.875389,36,6975.663048
-41.51,22,6976.056289
37.584904,34,6976.668547
32.62249,32,6977.189616
41.044944,25,6977.58625
-37.36,29,6977.978565
35.506494,32,6978.72866
-37.72,29,6979.202287
44.578947,16,6979.466281
44.076052,20,6979.790591
-39.0,63,6980.923248
41.137209,57,6981.882589
-43.96,24,6982.273044
36.0,31,6982.825535
35.306691,33,6983.41965
-32.58,34,6986.019348
-41.73,34,6986.57636
41.778146,33,6987.210116
-33.0,29,6987.726709
-41.16,30,6988.215986
39.828448,29,6988.641766
-40.68,26,6989.026646
-35.21,42,6989.686104
38.977941,48,6990.542109
44.511905,31,6991.11031
36.0,22,6991.470354
38.521127,21,6991.823828
-40.13,34,6992.424336
32.585185,43,6993.177027
-41.58,20,6993.542837
43.64563,33,6994.062705
35.76834,29,6994.54809
-38.72,38,6997.149048
37.570922,27,6997.545708
-43.91,25,6997.914672
37.955346,25,6998.289579
35.803448,28,6998.688281
-31.69,63,6999.551127
-35.51,33,7000.110088
-35.8,37,7000.812773
35.285122,36,7001.579235
-37.18,29,7002.04808
38.122093,26,7003.479988
38.202797,23,7003.866969
-35.62,25,7004.499814
-40.94,31,7005.017951
-33.0,39,7005.696565
36.0,39,7008.230969
-36.0,52,7008.9893
42.0,26,7009.395452
38.628571,28,7009.819938
-33.0,31,7010.286602
32.988806,28,7010.710465
43.076819,29,7011.193649
38.916364,33,7011.76018
41.902985,28,7012.232937
-41.14,34,7012.832668
-32.83,38,7013.440353
-37.6,29,7013.897605
-38.41,44,7014.637372
-41.41,24,7015.071804
-35.05,29,7015.616494
-38.42,30,7016.12102
-42.21,23,7018.389761
-37.19,28,7018.818958
-44.16,21,7019.084051
-46.93,14,7019.305079
33.0,29,7019.764772
-44.11,55,7020.546608
32.144444,33,7021.00842
-35.1,31,7021.481638
-40.69,28,7021.938666
32.556777,45,7022.81203
32.615385,33,7023.397186
-38.14,32,7024.027275
37.62654,34,7024.605463
-45.0,32,7025.136441
41.64257,24,7025.594854
35.441989,24,7026.022625
44.674923,26,7026.503566
-31.86,24,7029.016114
38.03497,22,7029.348721
-32.11,43,7030.050911
37.868056,26,7030.441324
-40.99,25,7030.991961
-38.8,29,7031.534226
-35.68,35,7032.074412
44.816794,22,7032.410462
41.387887,29,7032.934648
-47.29,18,7033.259711
38.028898,32,7033.873511
-38.47,30,7034.407681
-35.29,27,7034.885132
41.84,26,7035.800437
-43.27,35,7036.398525
35.815341,35,7036.89939
35.903101,28,7037.334304
-38.23,31,7037.883134
-44.37,34,7040.329278
-39.52,44,7040.998787
44.082734,19,7041.260019
-37.83,32,7041.737625
-41.85,24,7042.106324
-43.67,30,7042.559299
48.0,25,7042.975383
47.735043,26,7043.4613
34.864796,36,7044.091465
36.950291,39,7044.767444
-38.47,24,7045.174181
38.664688,26,7045.648299
40.534118,29,7046.16797
-31.84,62,7047.25521
-41.34,24,7047.684181
-32.41,50,7048.492297
-35.68,33,7050.87523
-38.38,22,7051.220425
38.311942,25,7051.601786
41.426273,30,7052.768987
38.875758,40,7053.473781
38.707317,23,7053.828573
-36.0,33,7054.583757
-35.81,32,7055.109187
-32.48,36,7055.725128
44.619444,22,7056.099529
47.316527,34,7056.720094
38.555556,28,7057.369442
-38.74,36,7057.983752
32.110236,33,7058.508402
32.083333,30,7058.944657
41.273279,30,7059.401521
-40.87,32,7061.768457
35.230189,27,7062.161089
-35.44,29,7062.588519
41.004497,37,7063.211368
-41.22,22,7063.579725
35.071651,34,7064.263021
-38.59,35,7064.883108
-44.02,43,7065.663172
38.340589,41,7066.366165
37.850493,24,7066.76194
32.503521,46,7067.540681
32.625828,30,7068.009963
35.539062,35,7068.622611
-36.0,40,7069.21765
38.62406,23,7069.558481
-32.25,34,7070.058786
33.246915,75,7073.040095
-38.29,31,7073.566792
-32.35,30,7074.07845
-35.18,38,7074.746879
-35.56,33,7075.323377
-40.69,39,7075.980856
41.524715,30,7076.548898
37.998978,27,7076.99112
41.308733,37,7077.612031
-40.36,28,7078.100717
-34.3,62,7079.053443
-43.39,26,7079.473198
38.638655,28,7080.162348
46.284924,37,7082.626186
-35.48,46,7083.394548
36.0,29,7084.148365
-32.19,40,7084.902017
42.0,18,7085.189382
-47.3,18,7085.527234
34.625,28,7086.021018
38.130714,29,7086.508608
-32.84,83,7087.958519
38.763158,32,7088.523071
34.628856,40,7089.212183
-32.24,41,7089.811757
-38.14,23,7090.206175
34.69576,28,7090.607131
-44.73,23,7090.967005
-40.81,48,7093.735594
-38.49,42,7094.421772
-41.55,21,7094.784545
39.0,30,7095.282503
38.901639,29,7095.787011
38.028571,39,7096.422019
40.069014,37,7096.951967
37.864541,30,7097.512623
-46.75,29,7098.023853
40.540134,38,7098.709756
-36.0,34,7099.256814
-39.94,31,7099.729673
38.013986,29,7100.152295
-35.58,36,7100.657944
-35.42,28,7101.092797
-38.46,27,7101.554792
40.791513,34,7104.279621
37.918219,25,7104.671292
39.0,32,7105.251215
-40.61,28,7105.764934
40.537383,30,7106.264253
-37.65,32,7107.014042
35.294118,35,7107.59357
-44.12,34,7108.154313
38.05802,33,7108.712451
36.0,31,7109.253682
-34.74,30,7109.960284
34.702452,25,7110.337413
-32.63,37,7110.916668
34.373633,42,7111.641033
-35.81,27,7112.123612
36.0,41,7112.824215
-42.99,27,7115.124296
-35.96,28,7115.559846
32.693227,35,7116.144018
-41.03,27,7116.640632
41.586093,26,7117.104309
32.361011,42,7117.805107
-44.2,30,7118.319565
-43.62,26,7118.818894
-41.15,49,7119.617824
-35.81,35,7120.142458
35.486843,38,7120.703234
35.916388,26,7121.126813
38.050781,39,7121.812789
44.745174,31,7122.378591
36.0,36,7123.032097
35.72973,39,7125.624033
35.439114,27,7126.146667
-32.43,34,7126.744074
-32.96,37,7127.435396
41.875486,26,7127.948828
41.903475,19,7128.270772
-34.97,33,7128.826442
48.0,23,7129.712173
38.64311,31,7130.198236
33.0,30,7130.643375
42.0,24,7130.98586
-46.23,28,7131.425567
-35.81,26,7131.839023
44.857143,24,7132.236731
-43.87,15,7132.497972
38.49309,27,7132.983297
-40.91,26,7133.606772
-40.53,23,7134.048576
-40.74,30,7134.604913
34.676484,35,7137.270406
-32.74,35,7137.897179
43.443151,27,7138.331805
-39.0,34,7138.989928
-47.05,22,7139.352693
-44.91,18,7139.671118
38.05713,32,7140.280885
41.221703,38,7140.862077
44.431507,24,7141.202093
-41.06,23,7141.546668
38.244014,29,7141.96471
38.553586,40,7142.597159
32.723333,33,7143.364954
-38.3,29,7143.866839
-38.41,33,7144.443943
-34.25,35,7145.042484
-32.16,32,7145.529842
-42.96,41,7148.074235
44.07272,21,7148.446564
44.903485,24,7148.862071
-44.97,24,7149.284745
-41.03,25,7149.736862
-38.9,30,7150.236633
-32.12,32,7150.768589
35.072289,28,7151.182258
-32.12,45,7151.817569
-42.0,25,7152.213372
34.969194,25,7152.609171
-38.9,21,7152.942322
-37.37,42,7153.665372
-35.33,24,7154.080492
38.27572,21,7154.463754
-38.44,36,7155.058053
-36.0,32,7155.551586
38.59593,27,7155.95857
-43.96,45,7158.595119
-32.41,30,7159.149009
41.187234,28,7159.618109
40.248909,59,7160.871955
32.198113,30,7161.310842
38.606061,23,7161.759756
-45.0,24,7162.120541
34.40549,40,7163.029187
41.516364,26,7163.520068
35.258993,41,7164.239841
-31.72,35,7164.824276
38.454902,77,7166.193123
41.088235,22,7166.518676
38.180723,33,7166.976434
37.855556,31,7169.408881
33.502814,32,7169.944069
41.407746,28,7170.356981
32.680556,33,7170.880731
35.370833,25,7171.246164
33.0,33,7171.745199
42.0,25,7172.143966
-33.0,36,7172.69336
37.797344,24,7173.079854
-32.87,33,7173.624248
34.699611,32,7174.190065
-44.51,23,7174.631587
-35.91,37,7175.257839
-41.9,23,7175.683649
-47.01,21,7176.021981
-38.62,32,7176.552116
-47.63,16,7176.814453
32.259109,31,7179.089816
-38.24,27,7179.539342
-43.11,26,7180.049404
-32.64,30,7180.642802
-44.23,25,7181.046659
40.855968,24,7181.385027
-38.08,34,7181.89462
-44.53,24,7182.278589
35.809524,23,7182.64058
-35.21,29,7183.108179
-44.46,16,7183.418243
-44.2,24,7183.83814
-39.0,46,7184.623897
-39.0,30,7185.132324
-33.0,36,7185.753698
-43.6,25,7186.224477
-38.7,29,7186.946151
41.090604,35,7187.657359
-41.11,33,7190.488453
-43.7,26,7190.95909
-44.21,32,7191.465914
-35.29,28,7191.864365
-37.7,30,7192.938833
32.42053,28,7193.416964
35.163194,29,7193.910496
33.0,81,7195.320971
38.161765,24,7195.728631
-41.66,33,7196.299766
-44.15,42,7197.097507
38.583333,32,7197.647752
-32.16,33,7198.147511
38.147059,40,7198.728241
40.475352,24,7199.074991
40.778697,28,7201.504522
-38.1,30,7201.963002
-44.15,52,7202.736078
43.703662,20,7203.10005
-35.14,28,7203.610446
-34.81,35,7204.220773
41.03343,31,7204.754496
-32.05,35,7205.401234
-35.88,30,7205.925238
-42.0,40,7206.62796
-32.43,32,7207.16857
-44.83,34,7207.774371
-38.68,48,7208.502332
39.0,26,7208.872274
-33.0,34,7209.381585
38.593074,27,7209.791737
-41.51,23,7212.019414
-45.0,50,7212.740668
-41.01,20,7213.030401
44.420027,23,7213.417258
40.542818,25,7214.123127
42.0,31,7214.865183
35.827586,34,7215.399163
-41.79,26,7215.860256
-38.67,35,7216.475632
-44.94,24,7216.902012
38.953237,36,7217.540883
34.289591,28,7218.046403
35.366935,28,7218.507318
33.0,40,7219.135871
32.201613,41,7219.790622
37.868966,31,7220.294878
-38.02,30,7222.668087
-32.69,40,7223.238256
-33.0,57,7224.175433
43.767062,61,7225.240577
-39.0,55,7226.211228
-41.4,28,7226.693201
40.858918,21,7227.041535
-44.59,16,7227.33078
-38.45,23,7227.860371
-41.81,21,7228.195323
37.79411,31,7228.664092
32.258182,37,7229.220345
-41.65,24,7229.571344
38.355828,31,7230.041878
36.0,27,7230.691919
41.458647,23,7231.110828
45.0,23,7233.597045
-46.83,20,7233.905459
32.297189,42,7234.578157
-39.0,26,7235.007011
-32.09,27,7235.492802
42.0,25,7235.937403
41.538182,25,7236.372452
-35.2,34,7236.935689
-47.75,21,7237.307239
47.526502,37,7237.919797
-44.84,25,7238.279622
-39.0,29,7238.953176
35.658451,35,7239.848831
-32.69,27,7240.364367
-35.06,23,7240.733105
-37.61,61,7241.76792
35.142241,32,7242.296395
39.0,28,7244.630359
41.532189,28,7245.061956
-38.62,23,7245.475805
44.295775,35,7246.08971
44.778169,36,7246.758403
38.506711,33,7247.339334
38.512195,33,7247.887685
-42.65,25,7248.339818
41.752768,22,7248.68579
38.710084,20,7248.95576
38.402878,24,7249.508037
41.836013,19,7249.785848
-35.68,32,7250.26694
-37.92,39,7250.952327
37.940277,45,7251.721996
35.23494,102,7255.23805
-38.09,20,7255.528707
38.096386,24,7255.907625
40.475129,41,7256.530055
40.550182,25,7256.959543
-40.88,27,7257.448884
36.0,30,7257.954397
43.750909,25,7258.37607
-34.56,27,7258.839927
-38.88,31,7259.4407
35.5,28,7259.87979
38.657992,27,7260.256778
46.294088,17,7260.515522
41.206349,43,7261.15458
-39.94,30,7261.580641
41.145455,25,7261.999336
-41.27,27,7262.499736
44.317308,31,7263.032754
-42.0,25,7265.240646
44.566038,19,7265.577083
-44.56,23,7265.988788
-38.41,22,7266.559383
-38.05,27,7267.265888
41.303867,24,7267.739224
37.412118,36,7268.374793
-43.87,33,7268.970697
-32.1,46,7269.713232
42.950705,37,7270.352531
-32.28,38,7270.961206
37.630112,28,7271.370391
42.0,23,7271.722574
-38.28,22,7272.065442
37.92017,36,7272.581429
41.372624,25,7273.617459
-37.52,24,7274.032227
38.171629,24,7274.449909
-32.01,41,7277.027135
44.398496,45,7277.825496
35.613559,28,7278.375786
-42.0,21,7278.75904
44.033784,21,7279.135659
38.902128,34,7279.874997
44.69708,23,7280.277583
-35.65,25,7280.637055
-35.2,47,7281.340878
38.790541,26,7281.743249
32.031056,35,7282.267902
-47.66,19,7282.638353
-35.23,27,7283.085958
-32.19,31,7283.611238
-47.57,21,7283.972009
-43.74,17,7284.241799
35.508571,28,7284.744539
41.655786,27,7285.215225
41.323636,25,7287.511353
-30.0,38,7288.179326
-34.72,33,7288.742063
-32.71,35,7289.35666
-38.53,33,7289.932528
-38.38,24,7290.295614
38.528384,26,7290.678288
-41.85,21,7290.972247
-39.0,25,7291.359638
-38.37,25,7291.743283
-35.22,30,7292.445237
33.0,58,7293.795247
35.78169,51,7294.679936
35.817121,28,7295.16153
37.908353,37,7295.814543
-32.19,37,7298.261426
-37.58,30,7298.773651
38.439394,87,7300.272818
32.316547,41,7300.898108
38.01083,29,7301.303382
43.879224,22,7301.650601
32.694853,37,7302.348835
38.364286,21,7302.715139
-41.05,38,7303.355358
32.831126,39,7304.052621
36.0,33,7304.649098
40.309877,25,7305.062957
35.905556,37,7305.666046
-35.84,48,7306.41405
41.132075,29,7308.716226
-32.29,35,7309.345053
38.607273,29,7309.840944
-39.0,38,7310.457092
32.192771,27,7310.850824
47.01444,15,7311.057848
-37.41,31,7311.523546
35.230901,24,7311.859992
36.0,27,7312.267261
-39.0,25,7312.672238
41.704225,23,7313.092232
-35.4,40,7313.780056
32.5,52,7314.673572
47.139706,15,7314.92283
45.0,13,7315.15684
37.416402,36,7315.831834
37.199032,33,7316.45769
46.315383,23,7316.772663
-41.76,23,7319.033614
44.749264,25,7319.693723
-47.25,17,7319.989986
38.200803,30,7320.49847
-37.56,33,7321.036569
-41.71,24,7321.384297
35.559767,29,7321.82217
47.768519,28,7322.210279
38.119438,34,7322.736593
-40.47,33,7323.374408
35.261893,34,7323.950814
-32.15,31,7324.41851
37.200923,26,7324.900416
39.0,34,7325.505152
38.878151,37,7326.114439
38.834416,26,7326.56058
32.059459,44,7327.283561
34.669845,42,7329.798733
-46.35,22,7330.185219
35.444444,38,7330.823404
-32.53,31,7331.355418
-38.72,35,7331.869791
35.32069,30,7332.360575
-44.61,19,7332.638075
-43.59,26,7333.020902
-36.0,33,7333.604354
-37.88,32,7334.142814
-41.47,30,7334.648495
38.487805,30,7335.171018
-41.09,21,7335.550727
38.253378,27,7336.029174
38.037453,26,7336.466221
35.752852,28,7336.939268
-41.16,47,7337.663683
-33.0,32,7340.05413
38.099678,24,7340.483295
-41.66,28,7340.945626
34.451626,34,7341.495325
32.152263,32,7341.953052
-46.62,45,7342.596033
47.18136,24,7342.959176
33.0,39,7343.663177
-34.24,31,7344.45383
-38.1,23,7344.860642
-34.56,35,7345.71664
-40.83,24,7346.128057
39.87336,25,7346.532968
35.625455,27,7347.008973
-33.0,34,7347.574799
32.877395,36,7348.081163
45.0,20,7348.412354
44.107492,20,7350.681787
43.263503,29,7351.215777
41.92549,33,7351.714545
-36.92,35,7352.276711
38.289474,24,7352.64459
-32.76,36,7353.175621
38.349398,24,7353.570498
34.790165,39,7354.164304
36.625138,26,7354.56743
38.505703,34,7355.198932
-34.52,44,7355.999678
44.106195,23,7356.418396
38.482639,27,7356.913639
35.225806,27,7357.411174
-47.2,58,7358.312626
-41.65,25,7358.715697
42.371577,30,7361.205149
-41.74,31,7361.787462
39.0,29,7362.296446
-36.0,36,7362.919544
38.441935,28,7363.352925
40.035977,30,7363.800523
41.902685,27,7364.233435
38.08589,22,7364.60628
41.242331,26,7365.063432
38.22658,26,7365.541241
40.39044,32,7366.123007
-46.95,21,7366.471018
42.0,37,7367.107157
-34.7,35,7367.727062
-34.21,67,7368.955733
41.523148,27,7369.330888
32.901639,38,7372.146733
32.281553,29,7372.884693
-32.07,73,7374.000822
38.396365,41,7374.595459
38.652393,36,7375.152766
38.845018,31,7375.70124
-39.0,26,7376.173944
-44.15,22,7376.554945
-38.18,35,7377.135655
-37.91,55,7378.075173
47.821705,25,7378.606416
41.354582,37,7379.204772
32.042945,43,7379.870734
35.483146,30,7380.29306
-43.27,24,7382.628537
41.109325,27,7383.168995
38.20903,25,7383.575343
-32.42,33,7384.060925
37.450107,38,7384.614806
38.161994,31,7385.067453
-38.05,32,7385.611022
-40.45,24,7386.314843
-32.3,27,7386.806002
-33.32,45,7387.6003
-38.68,27,7388.137445
-41.88,27,7388.664969
-36.0,29,7389.168196
43.891635,25,7389.58383
37.139242,34,7390.126669
-43.21,27,7390.515571
33.0,36,7391.067403
-41.32,31,7393.501816
-44.61,27,7393.916639
-32.27,31,7394.364726
32.085616,37,7394.895643
-44.34,16,7395.165861
-41.71,22,7395.528062
-33.0,33,7396.109314
33.0,28,7396.620112
-41.64,25,7397.253805
-32.46,49,7398.316674
-41.22,26,7398.815594
-37.89,32,7399.364807
37.759476,30,7399.861237
-35.14,27,7400.237002
41.486755,22,7400.593355
38.430267,21,7400.922737
35.274009,29,7401.338651
-32.44,29,7401.77837
35.875887,34,7404.143119
-32.9,36,7404.702447
41.736434,22,7405.020331
-41.88,40,7405.648806
32.128205,34,7406.192337
42.0,29,7406.76353
37.520184,39,7407.431057
-35.42,53,7408.322436
36.0,27,7408.809432
-37.93,51,7409.651724
38.222552,30,7410.132992
-35.88,26,7410.558388
-44.13,31,7410.99807
-44.39,33,7411.501214
34.910865,33,7412.003467
-44.88,30,7414.394124
-41.42,29,7414.817015
-43.86,27,7415.241575
-39.0,28,7415.652855
45.0,16,7415.898472
35.9,26,7416.35617
-41.2,25,7416.808018
-35.57,67,7417.990306
-38.73,31,7418.528028
-35.81,27,7418.994526
37.352425,31,7419.518553
-34.64,47,7420.295516
-38.24,20,7420.575422
41.609756,27,7420.975277
-39.77,32,7421.446353
-41.07,24,7421.808591
-36.0,40,7424.716907
-35.24,40,7425.341448
-38.6,37,7425.902311
-42.0,21,7426.216282
-38.99,36,7426.791316
-40.25,32,7427.319213
-34.18,37,7427.901923
-32.01,35,7428.592568
36.94898,42,7429.29597
-37.21,35,7429.900191
31.818021,42,7430.579202
35.255172,34,7431.084909
40.55118,31,7431.525441
33.0,31,7431.963249
41.836364,24,7432.389447
-44.47,32,7432.920659
-37.85,27,7435.288162
-33.0,34,7435.778784
40.95413,38,7436.349931
-47.33,23,7436.698842
-38.13,35,7437.290428
32.510563,33,7437.843712
-44.38,22,7438.218729
35.193916,31,7438.804504
38.633588,23,7439.202624
43.933735,21,7439.647323
44.606557,16,7439.975251
-40.52,27,7440.410004
-35.59,41,7441.005979
35.449664,27,7441.367308
41.457983,27,7441.718847
45.0,28,7442.126412
41.124966,24,7442.474358
-32.39,27,7443.082513
36.0,33,7445.593625
38.647482,28,7446.031285
40.361525,59,7446.912286
33.0,37,7447.537176
36.0,32,7448.114049
34.656233,40,7449.030457
-41.86,33,7449.602611
36.0,33,7450.405232
-44.15,16,7450.70317
41.749035,26,7451.087983
-39.0,24,7451.446359
37.905187,27,7451.856875
-38.43,26,7452.238236
40.900493,30,7452.693551
-32.53,27,7453.117298
-38.15,36,7453.746311
-38.93,40,7456.294549
-38.08,58,7457.137827
-34.53,56,7458.07145
-35.09,58,7459.100434
35.173432,36,7459.699634
-44.45,24,7460.140936
35.569733,31,7460.848451
-36.0,56,7461.687594
-47.79,24,7462.048167
45.0,22,7462.38573
33.0,31,7462.900564
-38.55,35,7463.531487
-41.55,35,7464.240222
-44.53,23,7466.520989
39.0,27,7466.940294
38.991354,21,7467.248494
41.05303,47,7468.077581
-44.92,23,7468.47518
-32.34,33,7469.084697
-45.58,26,7469.527491
-32.88,31,7470.043171
-38.57,28,7470.509451
-38.42,27,7470.921213
-36.0,34,7471.41923
-33.0,33,7471.933935
35.337884,21,7472.25277
38.711382,24,7472.603422
33.0,28,7473.078453
32.645669,29,7473.657622
44.516364,20,7474.016742
-32.5,60,7477.303514
-41.08,16,7477.558136
38.745033,25,7477.927643
38.347323,27,7478.355966
44.691367,25,7478.775226
39.0,26,7479.230301
-41.2,27,7479.691004
-47.55,19,7480.015564
-41.69,23,7480.439857
-44.48,21,7480.847643
41.210526,27,7481.311013
37.062301,44,7482.083072
-32.45,38,7482.644332
-41.61,26,7483.032916
-40.37,23,7483.41192
-32.49,40,7484.007711
-41.53,21,7484.36558
35.107522,29,7484.851118
36.951482,29,7485.339054
31.746324,35,7487.980331
-38.48,32,7488.489184
-38.43,29,7488.985198
35.070946,33,7489.55029
-40.49,31,7490.073421
-41.75,21,7490.487568
-39.0,24,7490.902845
32.557632,37,7491.544062
-40.98,34,7492.503469
35.902439,42,7493.13565
41.200787,30,7493.548568
-41.81,25,7493.931959
-31.64,53,7494.852765
43.098872,20,7495.189358
-40.41,30,7495.723002
-35.85,34,7496.282857
-44.16,28,7498.636244
-41.56,21,7498.963942
41.614232,21,7499.295772
38.47451,30,7499.79561
44.079167,29,7500.279451
32.546667,44,7500.997432
-46.43,29,7501.985692
35.249221,28,7502.469844
-44.12,22,7502.79591
-43.41,32,7503.272263
-41.51,27,7503.702234
41.785991,36,7504.294975
32.336177,42,7505.106607
35.3,31,7505.821275
-35.08,54,7506.876151
-41.37,22,7507.290321
33.0,33,7507.89934
-32.88,36,7510.185028
-32.36,52,7511.066154
-41.34,30,7511.572001
-34.67,34,7512.135197
-32.08,30,7512.630843
-44.15,24,7513.039177
-36.0,41,7513.75846
-44.07,20,7514.096488
32.527273,41,7514.691776
-32.06,39,7515.279946
-38.1,26,7515.665678
32.393822,29,7516.152093
36.0,28,7516.635526
38.953795,29,7517.187491
-41.63,24,7517.606703
35.5,30,7518.118071
-39.0,34,7521.182869
-40.63,25,7521.636612
35.395904,28,7522.107872
-44.6,28,7522.598897
42.0,38,7523.320629
-34.15,31,7523.837353
-38.22,40,7524.490708
-42.0,25,7524.854649
-41.26,20,7525.163841
-32.2,28,7525.60011
45.0,21,7526.007843
35.569966,28,7526.522462
35.018408,34,7527.094108
34.75741,37,7528.19543
-35.09,27,7528.626081
-39.0,24,7528.995447
-41.29,28,7529.421259
-42.0,21,7529.702097
-37.63,39,7532.221224
-32.17,35,7532.801394
47.915408,21,7533.164664
-36.0,30,7533.695126
38.88764,26,7534.140304
-41.81,33,7534.686754
41.225166,32,7535.157555
-35.23,32,7535.644257
-34.82,38,7536.231308
36.0,30,7536.684326
32.754167,34,7537.339016
-36.0,24,7537.780459
35.56229,31,7538.273392
-39.0,53,7539.0591
-40.93,20,7539.371677
41.624138,30,7539.828639
40.98831,26,7542.257696
-35.47,32,7542.820437
-35.46,26,7543.283857
43.633982,18,7543.576379
-39.0,31,7544.251427
-36.0,38,7544.884026
-45.0,24,7545.262692
33.0,33,7545.757845
39.0,36,7546.274786
36.0,23,7546.609705
-38.96,74,7547.836232
35.294964,28,7548.307157
-32.29,34,7548.825434
-35.22,33,7549.309756
-43.06,32,7549.784461
-32.16,34,7552.276394
-45.0,17,7552.569205
-32.14,40,7553.504415
-44.77,55,7554.671773
-47.75,30,7555.197809
-35.41,35,7555.711915
-32.4,30,7556.175536
-41.36,25,7556.560445
42.0,26,7556.960279
-32.15,32,7557.536775
-48.0,14,7557.814959
38.904564,28,7558.308016
35.637066,34,7558.802139
37.821839,28,7559.210356
-32.61,45,7559.886399
-31.6,36,7560.434499
38.36965,25,7560.851044
-35.91,41,7563.5488
-38.16,26,7563.980947
-36.0,44,7564.738163
-38.68,28,7565.174572
38.103448,31,7565.950721
-38.65,24,7566.281684
37.999624,28,7566.712557
-41.62,21,7567.088337
-38.65,24,7567.488452
32.958175,35,7568.054688
-42.0,16,7568.320852
-41.93,26,7568.715015
41.593023,20,7569.029037
37.819876,40,7569.606042
-36.0,29,7570.028659
43.895134,27,7570.43561
41.689716,25,7570.882062
-40.93,34,7571.504508
-38.39,30,7574.477508
37.839314,29,7574.907364
38.451613,50,7575.569427
32.274627,30,7576.03761
-37.9,31,7576.561364
-41.37,27,7577.010667
39.0,24,7577.428439
-35.09,22,7577.81602
41.129082,17,7578.154656
32.589431,26,7578.775511
40.288638,38,7579.382107
32.380795,28,7580.06891
-32.74,39,7580.644447
-33.0,38,7581.261168
32.316364,35,7581.889563
-43.63,29,7582.354378
-38.79,34,7584.886459
-44.22,29,7585.313662
32.515625,30,7585.793825
-32.04,32,7586.26022
41.335849,26,7586.682538
32.405622,47,7587.466866
-38.12,24,7587.901991
-32.04,37,7588.589896
35.096939,25,7589.006462
44.516981,21,7589.352297
-35.69,29,7589.821755
-39.0,27,7590.24925
43.676171,51,7591.024136
36.0,29,7591.515673
35.105469,34,7592.103304
-36.0,29,7592.636726
-35.68,33,7595.10355
-38.12,27,7595.530215
-43.6,24,7595.883967
32.127551,37,7596.40654
41.764505,30,7596.902379
-31.9,39,7597.58361
35.073826,30,7598.091828
45.0,21,7598.456103
-38.82,28,7598.950859
41.390798,50,7599.695114
34.631783,25,7600.056453
42.0,29,7600.477077
-44.8,35,7601.01874
-44.6,30,7601.504293
35.604294,25,7601.902297
-41.05,38,7602.537993
-37.15,30,7603.046153
-38.19,35,7605.650404
40.807391,51,7606.378242
-32.71,29,7606.809875
-38.9,33,7607.290869
-32.78,40,7607.917485
41.535981,45,7608.689091
-39.65,20,7609.055737
-36.0,34,7609.596873
37.507605,30,7610.026053
44.292063,29,7610.465401
-35.28,39,7611.030044
-45.97,17,7611.298504
37.943976,24,7611.777091
35.074489,40,7612.467716
-38.29,34,7613.057194
34.033162,38,7615.599587
41.154167,23,7615.942904
-47.73,16,7616.177198
32.630769,38,7616.728089
-32.45,44,7617.429755
-44.26,30,7617.938956
33.882246,37,7618.569246
-32.17,31,7619.13652
-38.11,30,7619.607805
-38.8,27,7620.001942
38.17004,36,7620.59825
-44.7,20,7620.923763
33.0,28,7621.326284
-32.33,36,7621.942438
42.0,23,7622.331177
-35.82,26,7622.814562
-33.0,42,7623.5413
-40.91,21,7625.702488
38.930599,29,7626.136771
44.407497,26,7626.564648
-32.11,40,7627.241247
-32.68,30,7627.728506
-38.09,25,7628.151006
-47.61,29,7628.661489
32.741433,30,7629.176201
-36.0,29,7629.66406
-42.0,27,7630.212583
38.403846,37,7631.406407
-35.91,46,7632.174264
-34.97,33,7632.754028
34.6875,28,7633.243205
33.0,30,7633.815296
44.363469,32,7634.383073
44.616279,23,7634.791791
38.414449,27,7637.036605
35.678832,39,7637.609023
-38.79,34,7638.122811
-34.25,35,7638.69511
32.632047,32,7639.256093
-38.48,22,7639.663329
37.90448,28,7640.101885
-44.2,24,7640.466878
41.197904,34,7640.990777
-41.07,27,7641.39407
-32.68,33,7641.881485
-38.81,40,7642.598687
-41.46,28,7643.103002
-38.48,23,7643.617649
41.378378,27,7644.072933
35.521886,25,7644.490637
41.227586,29,7644.99991
-41.11,37,7647.439333
-38.59,32,7647.943327
-47.28,20,7648.256627
40.937255,22,7648.643239
-32.73,32,7649.181901
40.760659,28,7649.631408
-32.85,39,7650.265124
-35.23,26,7650.696434
-41.93,28,7651.148443
-40.16,32,7651.563128
38.141975,27,7651.987576
-38.73,31,7652.48348
-41.27,27,7652.948984
-32.55,44,7653.733307
40.575397,25,7654.231044
41.261587,30,7654.733934
41.072243,23,7655.132397
-47.33,25,7657.551815
-41.85,33,7658.044121
-33.0,28,7658.47278
34.384419,40,7659.126002
-38.31,36,7659.702618
-39.0,31,7660.254587
-38.85,43,7660.986503
38.709924,24,7661.372539
-39.0,26,7661.74204
-35.7,33,7662.249447
35.152581,32,7662.722822
-44.37,19,7663.002406
-35.7,36,7663.641048
-34.54,50,7664.531663
38.750973,25,7664.968547
-41.68,34,7665.581063
40.982353,34,7668.385048
-35.69,30,7668.871939
-35.62,36,7669.458883
-40.2,30,7669.951473
-38.63,42,7670.665136
41.875862,17,7670.942821
38.426093,35,7671.462839
-42.0,21,7671.770922
-35.17,34,7672.266855
-39.8,36,7672.768806
-32.59,37,7673.408895
-38.77,41,7674.092599
32.107143,49,7674.912946
-35.57,36,7675.542829
-32.7,38,7676.230505
-32.21,25,7678.47745
34.681668,37,7679.064769
-42.0,24,7679.476236
35.190813,29,7679.969171
38.250552,28,7680.477342
44.07541,32,7681.018445
41.348837,24,7681.363737
-41.38,31,7681.907404
-47.7,28,7682.554021
43.326567,35,7683.083689
34.666667,30,7683.874174
-32.4,28,7684.33927
41.435252,25,7684.760895
32.327731,37,7685.370176
46.866906,15,7685.669723
32.819277,28,7686.115139
36.0,28,7686.585519
-37.81,28,7687.067724
31.955556,35,7689.501808
-34.09,39,7690.189894
38.816199,22,7690.549038
47.5,16,7690.830401
-35.68,49,7691.570694
-38.86,25,7691.957545
-43.9,31,7692.427248
-30.0,36,7692.989845
-41.84,26,7693.42591
38.650558,28,7693.895207
-38.67,29,7694.406529
47.391892,28,7694.881028
-32.31,41,7695.608659
38.193416,24,7695.999056
41.890909,70,7697.176545
-35.19,70,7700.255161
35.408935,30,7700.749049
-33.0,29,7701.207618
-42.0,23,7701.526903
38.666082,26,7701.91649
-38.69,30,7702.354611
34.457242,39,7702.965626
37.811686,24,7703.329128
34.727072,29,7703.826571
41.26616,34,7704.409331
41.208609,32,7704.947153
38.512635,31,7705.488462
-41.36,23,7705.899757
-38.92,29,7706.385029
40.295106,23,7706.777007
-33.0,31,7707.328294
36.0,24,7707.821889
40.826677,34,7710.548105
-32.28,38,7711.177898
42.0,24,7711.570942
32.708633,40,7712.285099
-41.35,24,7712.639329
41.012048,22,7712.982389
-38.23,24,7713.335441
35.432787,32,7713.925815
44.015171,26,7714.408528
47.450758,16,7714.66601
-33.0,30,7715.207129
38.134259,29,7715.701172
38.137394,34,7716.278869
-41.5,23,7716.660077
-40.65,28,7717.104407
35.707317,28,7717.616902
40.770806,31,7718.089133
38.967213,29,7718.510295
-41.31,55,7721.320219
44.190661,23,7721.669008
32.332143,40,7722.276131
41.820896,32,7722.720789
-40.27,33,7723.250273
-33.0,37,7723.872061
-35.94,22,7724.276015
44.760933,15,7724.544301
32.375912,39,7725.278577
34.918782,41,7725.941409
-34.57,51,7726.79692
-42.0,42,7727.4984
-35.37,28,7727.99601
-38.26,20,7728.348222
44.863208,20,7728.630346
32.823333,43,7731.210691
-38.33,31,7731.725082
-37.22,24,7732.110337
32.02589,37,7732.65919
-38.1,42,7733.346402
-35.39,34,7733.892006
32.604563,39,7734.737544
39.0,21,7735.348784
-37.95,32,7735.9593
-32.59,29,7736.44712
41.39961,27,7736.903259
41.59164,20,7737.245584
41.218723,30,7737.769402
-35.07,40,7738.493142
32.596923,32,7739.026818
-46.35,33,7739.520738
41.886792,22,7739.836011
-35.24,33,7742.211305
-38.02,30,7742.668495
44.087227,17,7742.93319
-41.72,33,7743.396991
44.368056,33,7743.961799
43.981671,29,7744.476293
-32.69,32,7745.011585
-41.54,48,7745.900524
37.357096,30,7746.415647
38.523404,20,7746.766521
-35.67,28,7747.241551
-41.4,28,7747.714101
-48.0,82,7749.067445
30.0,33,7749.575182
34.312952,33,7750.074298
41.284173,20,7752.258328
32.588957,47,7753.019212
35.903346,34,7753.535602
44.434615,25,7753.947366
38.902685,30,7754.455383
43.780675,48,7755.291527
38.933775,26,7755.746645
41.475,28,7756.227182
38.498834,30,7756.75825
-43.81,27,7757.254207
48.0,30,7757.771322
34.937584,34,7758.323683
32.705036,35,7758.854461
38.697406,23,7759.201792
32.516026,42,7759.847767
-40.47,31,7760.840151
36.0,30,7763.220057
35.149606,30,7763.640402
41.679181,21,7763.981166
39.0,24,7764.386859
-38.2,26,7764.831187
38.052655,32,7765.34532
41.340762,21,7765.729343
44.21978,24,7766.203336
-34.47,55,7767.135429
44.654321,26,7767.597905
38.448718,31,7768.161814
37.585794,31,7768.660448
-40.78,32,7769.143795
-40.61,28,7769.554618
44.590226,51,7770.282168
-37.87,33,7770.845455
-38.56,25,7773.239016
41.583333,30,7773.676248
41.324627,38,7774.242605
44.217054,26,7774.681175
35.024746,38,7775.37143
-35.76,37,7776.028352
38.335766,21,7776.357079
-47.25,22,7776.739582
-40.71,31,7777.312894
-32.24,35,7777.9489
-38.86,27,7778.437847
41.84507,28,7778.863908
38.230189,44,7779.52229
38.607914,27,7779.915006
-32.64,36,7780.617807
-32.96,38,7781.339976
44.162544,22,7781.732435
38.296567,32,7784.09879
-37.63,29,7784.549511
-32.83,31,7785.15375
-41.63,19,7785.507819
33.0,43,7786.485587
41.594488,28,7787.205325
-35.38,33,7787.756175
34.082862,26,7788.202296
35.225926,30,7788.772246
-41.37,33,7789.292894
-37.57,29,7789.695639
41.377834,24,7790.051687
-32.9,37,7790.60635
-35.5,112,7792.502155
39.412072,25,7794.781379
40.383098,30,7795.299454
32.5,52,7796.210387
-32.83,41,7796.918667
44.5,22,7797.385253
-32.06,30,7797.865942
34.212614,26,7798.333387
35.708502,43,7799.116506
-38.15,21,7799.406211
41.42069,35,7799.944734
-41.86,24,7800.298018
41.741007,20,7800.610091
-38.4,31,7801.132847
44.338808,42,7801.843777
-38.61,29,7802.328881
-32.88,29,7802.815109
-31.99,74,7805.759238
-46.45,17,7806.094988
-34.93,35,7806.693128
41.670455,22,7807.12106
-38.12,23,7807.496398
-32.47,35,7808.070775
34.994988,42,7808.805128
38.870849,34,7809.349784
-44.38,42,7810.063999
-35.78,51,7810.83163
-32.36,33,7811.296275
38.551587,21,7811.598062
40.798077,30,7812.359504
-37.66,44,7813.31502
-47.04,25,7813.818789
-37.62,27,7816.108366
35.12024,33,7816.717301
35.742358,30,7817.216583
-38.2,41,7817.910782
40.457686,21,7818.299621
-36.0,23,7818.67995
47.574932,34,7819.248186
-37.26,48,7820.076213
40.899902,33,7820.637469
-41.34,22,7820.963342
41.571942,25,7821.35983
-38.6,33,7821.86062
-40.36,30,7822.278817
33.0,83,7823.676288
35.089662,25,7824.131541
-35.9,30,7826.584462
38.09324,30,7827.097245
-35.52,30,7827.594333
44.440141,18,7827.918312
37.958171,27,7828.378384
-39.69,32,7828.909873
41.797654,24,7829.33932
32.694444,36,7829.91697
32.552147,35,7830.510299
-38.23,36,7831.052756
34.606973,33,7831.561621
35.075758,27,7832.033322
41.481543,28,7832.472011
-32.71,53,7833.386707
-32.6,29,7833.863049
35.399225,36,7834.500847
-41.99,26,7836.748825
-35.59,30,7837.253437
-45.0,14,7837.515006
-38.26,29,7837.988777
39.0,26,7838.662219
43.58028,19,7838.992823
-44.14,23,7839.398969
38.525292,24,7839.821697
-35.1,37,7840.669129
38.680672,21,7841.024641
-38.22,29,7841.490763
44.018945,79,7842.84389
39.0,44,7843.584532
38.216535,56,7844.595806
48.0,33,7845.176286
-44.34,27,7845.593849
-33.0,36,7848.073239
-41.75,24,7848.476506
-32.4,32,7849.024209
44.374101,32,7849.579236
35.330909,31,7850.122639
38.157088,26,7850.637947
38.671827,27,7851.152697
-47.25,15,7851.381609
-38.65,24,7851.761282
-44.31,21,7852.089987
32.548936,31,7852.556481
42.0,22,7852.8941
38.158652,31,7853.461556
41.760204,39,7854.128367
-34.87,35,7854.723601
-36.0,30,7855.241342
-35.07,29,7855.715778
-40.84,19,7856.002906
-35.76,31,7858.368351
48.0,24,7858.765122
42.909497,19,7859.155042
40.331769,33,7859.766187
-39.0,31,7860.392849
41.795666,27,7860.871705
-38.91,29,7861.321225
-41.27,41,7861.969066
38.487973,23,7862.292969
37.63484,33,7862.822301
39.0,26,7863.260619
-38.04,24,7863.678249
39.0,27,7864.124181
33.0,31,7864.910903
35.436242,45,7865.903475
-38.07,25,7866.364913
-34.36,33,7866.865571
-35.39,34,7867.376367
-32.85,42,7869.965925
-41.57,36,7870.579512
-45.0,37,7871.212417
-38.28,28,7871.677557
-38.32,28,7872.120855
-37.6,44,7872.727969
-32.26,37,7873.254654
-40.97,30,7873.756755
-36.0,27,7874.233237
-44.01,41,7874.928689
41.110997,25,7875.380081
-35.5,33,7875.938994
37.963576,30,7876.487978
38.645833,21,7876.827227
44.092466,17,7877.160303
44.114391,25,7877.520266
-38.58,34,7880.00358
38.742188,33,7880.559807
32.482955,55,7881.570982
35.332248,21,7881.967921
47.395951,30,7882.446835
-47.52,18,7882.743949
35.798479,31,7883.190308
-44.59,29,7883.620673
-38.36,31,7884.188855
35.77907,29,7884.693052
37.274826,24,7885.115317
-43.63,25,7885.57509
34.461936,48,7886.391136
-39.17,29,7886.897854
-33.0,59,7887.910389
-38.3,36,7890.352068
39.0,26,7890.814876
-38.87,36,7891.642814
-38.27,30,7892.101023
-35.34,38,7892.943227
44.073895,26,7893.354236
34.753322,31,7893.87723
45.0,34,7894.493685
32.411371,28,7894.973619
-45.0,22,7895.350282
-32.06,34,7895.976715
-32.27,53,7896.855222
-47.45,29,7897.363413
34.903313,29,7897.864556
40.764471,33,7898.422523
32.877133,53,7899.230819
-42.0,22,7901.478943
35.450311,34,7902.001575
-32.27,34,7902.440904
-35.48,31,7902.877289
-41.59,24,7903.258914
35.492212,51,7904.109927
40.343183,22,7904.524884
-42.0,20,7904.905131
-40.96,21,7905.263283
34.91233,29,7905.787353
44.902527,34,7906.386997
-38.5,34,7906.973357
38.076138,29,7907.487548
38.008333,29,7907.987327
40.214928,44,7908.793704
36.0,27,7909.162942
42.0,27,7909.554482
40.530522,26,7911.826623
34.238173,64,7912.764836
-32.91,33,7913.266892
-41.46,23,7913.681793
-44.04,23,7914.122243
40.799361,21,7914.47439
-40.69,21,7914.859143
38.070015,27,7915.330719
-36.0,32,7915.842892
34.90327,38,7916.651737
40.420728,26,7917.115385
32.905455,26,7917.796961
36.0,25,7918.493238
-44.57,22,7918.897785
38.003497,23,7919.31295
-41.16,27,7919.785503
38.643077,30,7920.190958
-34.77,27,7920.580956
38.070423,28,7922.98936
-35.24,34,7923.501207
-32.37,38,7924.05924
-38.62,35,7924.649237
35.15019,30,7925.194857
-44.81,83,7926.6064
-35.22,37,7927.261195
36.513448,35,7927.859241
35.698305,38,7928.529263
-36.65,34,7929.155333
32.136187,34,7929.814314
41.605469,31,7930.304612
-44.22,23,7930.672317
44.513793,19,7930.965394
-35.22,37,7933.321177
-32.16,31,7933.787155
-34.38,37,7934.336294
-41.05,19,7934.635387
-42.0,33,7935.104626
38.718876,41,7935.784532
-39.0,21,7936.167879
35.404494,30,7936.69675
-38.72,33,7937.254117
38.399293,35,7937.859577
-38.16,28,7938.324866
-37.33,35,7938.972914
41.372951,29,7939.44774
-32.76,28,7939.903963
35.181048,34,7940.447803
38.529412,29,7940.87591
43.714658,17,7941.121511
39.875969,46,7944.115895
38.155949,24,7944.515773
-35.61,30,7945.068357
35.61014,29,7945.648209
-33.0,49,7946.84673
-34.95,30,7947.420763
-34.55,33,7948.010752
38.591912,29,7948.532274
40.864887,26,7948.986994
38.021365,27,7949.494847
-34.47,30,7950.049795
-42.0,24,7950.459038
-44.33,21,7950.831357
32.363309,54,7951.671417
44.144757,29,7952.119844
40.270169,33,7952.637569
-41.5,25,7954.951067
-42.0,22,7955.254638
-41.16,31,7955.709193
38.631922,35,7956.246448
38.222222,30,7956.750045
-41.27,35,7957.323078
41.068182,21,7957.673086
-32.13,46,7958.496759
-41.74,26,7958.974974
40.87044,25,7959.395049
-38.94,36,7960.075446
32.106897,54,7961.014254
-38.96,20,7961.338055
32.777778,41,7962.072227
35.056561,36,7962.586015
38.738074,43,7965.233611
-45.0,36,7965.805976
32.632743,30,7966.270864
-35.91,40,7966.82009
41.066148,42,7967.505605
38.903475,29,7968.575814
-32.82,43,7969.313315
34.52381,85,7971.083761
-41.62,25,7971.51457
35.676375,37,7972.398393
38.148699,26,7972.871726
40.683092,33,7973.367069
43.182428,25,7973.742598
-46.15,26,7974.146464
-46.96,33,7976.594095
-38.69,23,7976.983796
38.857639,21,7977.362135
-37.95,30,7977.850019
39.0,46,7978.699542
-41.44,24,7979.124153
-32.24,31,7979.662271
-41.91,22,7980.028429
-40.77,22,7980.442848
39.0,51,7981.412961
46.298753,18,7981.745167
33.0,55,7982.660587
46.512003,49,7983.532572
35.845659,26,7983.953252
-38.52,34,7984.45854
47.090116,15,7984.686183
-39.0,39,7985.241757
-43.72,23,7987.453914
-32.15,36,7988.085174
-38.72,26,7988.55973
-37.7,31,7989.123107
-46.71,24,7989.576702
32.170909,35,7990.122884
38.461059,28,7990.640293
-40.74,27,7991.090235
-44.11,29,7991.702625
47.07109,21,7992.279639
32.042146,41,7992.998316
41.076364,21,7993.385309
-35.67,34,7993.873259
44.504274,19,7994.162361
-38.56,33,7994.653435
41.755639,30,7995.108715
-34.9,29,7995.516069
-36.93,38,7998.070575
44.919505,31,7998.646168
32.835391,22,7999.034199
-43.49,18,7999.367611
-40.74,35,8000.192647
35.078125,45,8001.015306
38.211366,21,8001.390735
44.218605,23,8001.80826
-33.0,27,8002.280096
32.625442,59,8003.26674
-41.43,27,8003.710388
-39.0,26,8004.152639
-36.0,30,8004.619536
-38.38,25,8005.029666
33.0,44,8005.663297
32.622581,35,8006.178889
-45.74,27,8006.628042
-36.62,31,8009.057904
-41.21,27,8009.513073
39.0,33,8010.091888
35.823755,38,8010.741949
-44.82,22,8011.122359
-41.77,24,8011.539393
34.679507,31,8012.096349
-47.08,30,8012.61746
35.807692,35,8013.211264
40.638028,34,8013.798665
35.180405,32,8014.330008
35.277592,31,8014.796787
-32.06,33,8015.267407
37.859611,27,8015.637832
39.0,42,8016.220778
-47.69,15,8016.444257
-32.44,38,8018.929112
35.490385,39,8019.521854
-39.0,18,8019.81562
-32.16,29,8020.330996
-40.02,56,8021.293317
-34.66,60,8022.582568
41.06,21,8022.924973
-41.65,26,8023.405592
41.55036,38,8024.082289
35.900415,29,8024.608852
41.243446,27,8025.016808
-37.69,44,8025.966184
-38.44,42,8026.56014
-32.64,27,8026.936287
46.707516,20,8027.226998
-35.55,34,8029.742552
-36.0,24,8030.182955
-43.36,28,8030.723484
38.153949,30,8031.292889
42.0,27,8031.722433
-35.7,29,8032.220827
-40.63,42,8032.990381
41.836461,21,8033.664084
45.0,19,8033.989305
33.0,27,8034.43499
44.373494,35,8035.015737
-32.01,34,8035.54056
-38.91,22,8035.871943
-43.58,25,8036.266856
-34.57,36,8036.803998
41.605634,41,8037.391429
35.290909,35,8037.90636
-43.65,21,8038.189932
45.0,18,8040.40931
-32.4,27,8040.876932
-32.81,32,8041.477946
-37.61,29,8041.948373
-35.17,32,8042.512741
-41.15,27,8042.967802
32.380368,33,8043.527777
-35.89,28,8043.996478
-37.8,31,8044.535123
-41.28,40,8045.181163
34.595617,32,8045.673979
-35.04,36,8046.234929
40.445552,33,8046.683063
-35.3,49,8047.413847
36.0,29,8047.971137
40.913152,25,8048.522552
-35.91,25,8050.790258
-35.5,26,8051.236531
30.0,30,8051.759572
-41.68,18,8052.101851
-43.66,35,8052.959915
38.410072,37,8053.589845
35.367847,35,8054.199631
35.334646,34,8054.804262
-33.0,30,8055.329275
-32.12,37,8055.979781
38.699301,35,8056.533346
39.0,34,8057.03961
-36.0,27,8057.396917
-41.53,20,8057.672556
41.085523,30,8058.1307
-41.83,24,8058.491451
-41.53,22,8058.814013
-42.0,27,8059.312474
-32.59,39,8062.057103
-38.37,28,8062.528943
46.977247,26,8062.946023
-38.7,28,8063.440454
38.78125,25,8063.858086
38.14786,26,8064.312197
35.179782,63,8065.399868
44.803922,44,8066.173088
41.306792,30,8066.640942
-41.02,29,8067.099826
-43.76,25,8067.4729
-40.87,32,8067.932215
-32.34,27,8068.324006
39.0,20,8068.63062
-32.14,31,8069.127415
44.766484,35,8069.729203
-37.26,34,8072.263062
-40.93,25,8072.702306
33.0,44,8073.743337
-41.46,55,8074.732664
41.030511,36,8075.353863
38.436823,27,8075.800237
39.0,29,8076.312355
-34.81,32,8076.953575
36.0,28,8077.380883
-35.67,34,8077.890515
-41.33,37,8078.426697
-35.12,31,8079.121922
-39.0,46,8079.912748
-41.47,29,8080.380606
32.263889,38,8081.046211
-32.89,42,8083.692287
-42.49,22,8084.069425
-48.0,23,8084.451779
-41.52,28,8084.893422
40.819265,27,8085.358369
32.456667,41,8086.043253
-38.09,33,8086.641218
-41.24,23,8087.016859
-41.88,25,8087.382956
-40.67,27,8087.781087
-40.76,22,8088.073357
-32.39,49,8088.734755
41.082722,30,8089.201931
-44.7,19,8089.530333
-42.0,26,8089.966421
-41.63,26,8090.41529
34.187943,37,8091.106788
-38.88,41,8093.725524
-36.0,31,8094.262264
38.173004,37,8094.94591
47.144131,28,8095.40377
31.548872,28,8095.863382
-32.66,81,8097.145843
-41.1,39,8097.67228
37.670623,37,8098.192992
38.663551,41,8098.770594
-35.63,31,8099.475967
-32.77,39,8100.187547
-41.4,67,8101.374159
-41.9,37,8103.930049
32.357143,43,8104.879285
-39.0,21,8105.256768
-38.27,33,8105.821713
38.759669,24,8106.287167
-38.0,26,8106.803111
-41.44,24,8107.207374
32.303644,55,8108.122357
32.539877,36,8108.610397
35.308197,23,8108.923099
-44.03,22,8109.208444
-39.42,33,8109.712897
38.862464,21,8110.109477
41.439739,24,8110.526981
37.385635,39,8111.299022
35.1787,32,8111.843308
41.008032,29,8112.320613
-40.89,29,8114.694384
-35.69,44,8115.469191
32.592,33,8116.051686
44.150655,21,8116.392008
-38.75,25,8116.814787
32.234375,33,8117.358879
36.0,30,8117.829118
46.79787,31,8118.243249
-36.0,31,8118.66469
38.060237,25,8119.024969
32.07393,38,8119.546335
38.068111,43,8120.261827
32.682927,31,8120.792756
-41.94,22,8121.143592
32.255385,34,8121.757095
36.0,28,8122.207823
41.505882,27,8122.682378
34.448021,28,8125.1229
-47.6,16,8125.415068
-35.1,31,8125.921729
-37.93,51,8126.777117
32.459016,28,8127.262642
35.333333,31,8127.776214
-31.94,32,8128.25744
-41.21,26,8128.654791
-38.12,38,8129.193109
-41.62,25,8129.520911
-40.68,38,8130.085086
-32.42,49,8130.871242
38.518072,43,8132.064046
40.815789,41,8132.757579
-39.0,27,8133.210833
36.0,28,8135.66972
-40.73,62,8136.750493
-35.64,29,8137.278043
-35.53,34,8137.859915
-35.21,35,8138.44219
35.762264,35,8138.959628
-39.95,37,8139.45025
41.825472,20,8139.751406
38.78125,30,8140.183835
-38.88,24,8140.549322
-47.47,17,8140.838299
41.349027,43,8141.598241
-39.0,34,8142.174963
-32.03,33,8142.717814
-32.76,43,8143.567336
-34.82,47,8146.261347
32.017483,50,8147.207488
38.806338,23,8147.631644
-43.33,29,8148.15949
-38.42,26,8148.57011
-35.43,30,8149.240837
32.875,26,8149.622187
44.580508,44,8150.286747
43.857266,24,8150.899361
-38.71,25,8151.319551
37.351744,37,8151.950931
33.0,32,8152.512811
-38.54,29,8153.043278
-33.0,33,8153.642517
41.597786,35,8154.235125
44.232877,23,8154.619713
-35.11,30,8157.110734
-41.8,27,8157.612663
-32.27,41,8158.558654
-41.65,22,8158.924762
41.212631,24,8159.288324
41.407843,32,8159.725245
32.07717,33,8160.206948
40.377234,31,8160.659742
41.507407,22,8161.004208
35.411765,29,8161.436553
39.0,30,8161.968498
32.48,31,8162.511369
-40.54,35,8163.098918
-35.76,29,8163.562686
38.149606,25,8163.991832
-38.11,28,8164.476135
37.973684,29,8164.965934
41.506803,26,8165.431722
-36.0,25,8167.835945
-32.48,29,8168.339646
-38.0,33,8168.921995
-40.95,34,8169.449052
41.537954,21,8169.777838
34.689523,40,8170.338657
-39.0,28,8170.771573
-41.21,23,8171.114102
-42.0,21,8171.441313
39.984852,26,8171.868634
-39.0,23,8172.273736
41.806202,32,8172.826629
-35.45,29,8173.32925
34.720144,44,8174.081548
-33.0,26,8174.51193
-38.0,22,8174.896885
38.377953,31,8175.676715
-40.92,36,8178.256325
39.0,32,8178.801755
38.902724,57,8179.796012
-40.35,26,8180.164495
34.667143,31,8180.907909
-40.97,20,8181.220009
-35.3,36,8182.029343
41.368217,23,8182.419647
-38.28,27,8182.888526
-41.32,27,8183.381851
41.075538,33,8183.948524
43.541944,31,8184.605825
41.170543,25,8185.139917
-41.47,25,8185.55323
-32.38,38,8186.228093
41.552124,26,8186.68627
37.883231,36,8187.26941
-42.0,28,8189.621213
-44.53,26,8189.980735
-44.36,22,8190.278012
-38.95,29,8190.700986
43.538732,23,8191.027479
41.467153,28,8191.415158
-42.57,22,8191.751256
-38.08,26,8192.211533
35.178182,30,8192.751137
-32.05,35,8193.355149
32.997118,27,8193.818707
-40.06,37,8194.429833
34.758489,32,8194.979098
-33.0,47,8195.794535
32.236593,34,8196.360817
34.894118,26,8196.808948
32.272059,27,8197.271877
41.007143,29,8199.714707
-44.91,28,8200.250421
-32.12,45,8200.878558
-41.25,24,8201.220819
40.769208,35,8201.733906
-38.83,27,8202.478716
-44.61,16,8202.757884
-47.74,34,8203.361943
-41.5,23,8203.765326
-40.58,40,8204.453247
43.639097,30,8205.014177
-38.7,35,8205.607033
35.275194,31,8206.131514
32.063492,44,8206.913389
41.747967,26,8207.359618
38.867647,26,8207.818919
-41.37,26,8208.295449
-47.43,40,8210.942141
-32.35,34,8211.390912
-41.34,28,8211.814751
38.996552,48,8212.513742
34.423472,56,8213.465532
-38.38,83,8214.922355
35.516556,36,8215.54206
41.875,33,8216.103989
38.166804,30,8216.6265
34.583772,37,8217.244726
41.441065,18,8217.570421
36.0,25,8218.015966
32.106452,31,8218.556872
35.561151,29,8219.058648
38.876068,31,8221.442442
35.315534,61,8222.266906
-41.01,29,8222.698124
41.503937,35,8223.264888
32.597561,30,8223.777939
-38.48,31,8224.289897
-45.0,23,8224.686394
47.101538,17,8224.989406
38.914894,26,8225.461974
41.709434,23,8225.852745
-44.86,43,8226.612077
38.65035,23,8227.033123
-39.0,33,8227.832578
40.991166,29,8228.346185
-35.71,27,8228.802319
-41.06,23,8229.217478
39.0,36,8231.637418
45.0,17,8231.870919
-35.83,28,8232.260329
-39.0,39,8232.835018
44.743083,20,8233.161141
38.488673,29,8233.662189
43.632508,30,8234.183842
34.653543,37,8234.838767
38.355114,30,8235.325746
-41.95,32,8235.861827
-37.73,36,8236.545994
32.739623,33,8237.310836
38.230216,20,8237.629935
-32.8,29,8238.142582
-39.0,28,8238.68453
41.57947,23,8239.069286
38.268817,25,8239.504616
-44.3,26,8239.9884
41.827273,19,8240.317049
-33.0,36,8242.700024
41.310415,28,8243.167537
-43.95,25,8243.532632
40.535529,43,8244.333275
-35.86,40,8245.01145
35.546763,44,8245.779778
-35.14,30,8246.384669
-30.0,35,8246.95987
32.969811,35,8247.580014
38.785156,23,8247.975171
39.0,27,8248.42211
38.296519,32,8248.955253
-38.47,33,8249.516888
37.584275,24,8249.942752
-38.52,22,8250.343729
-41.1,28,8250.824266
-38.53,35,8253.203449
44.010666,50,8254.068619
-41.85,30,8254.824392
36.0,27,8255.291258
41.236708,25,8255.750292
-35.02,32,8256.277651
38.316327,22,8256.64718
43.024523,22,8257.019054
38.809816,27,8257.50979
32.969388,33,8258.062498
39.0,23,8258.459251
38.5,37,8259.119848
40.234605,29,8259.589289
39.0,24,8260.014123
-41.41,24,8260.437096
-34.34,49,8261.374968
36.0,27,8261.840522
-41.46,24,8264.236438
-32.09,35,8264.953528
-32.45,29,8265.429668
-37.65,35,8266.036293
-41.01,24,8266.476055
35.533422,38,8267.184668
38.360902,30,8267.64785
-35.81,26,8268.091992
34.846626,65,8269.227819
-32.62,34,8269.802851
35.117825,39,8270.595372
-44.54,33,8271.170711
-41.95,32,8271.707061
38.803636,31,8272.224979
-32.65,31,8272.762679
32.206349,28,8274.938818
35.727723,33,8275.56264
-48.0,28,8276.045817
-42.0,29,8276.527166
-36.0,29,8277.022765
-40.46,25,8277.451743
-44.17,27,8277.918028
-32.77,34,8278.505395
-38.48,25,8278.936174
41.331034,19,8279.240394
45.0,19,8279.582517
38.100946,28,8280.328786
35.92053,24,8280.863676
34.150428,40,8281.643477
-32.22,37,8282.267236
-45.55,30,8282.793451
36.0,25,8283.208904
39.0,29,8283.63474
39.0,32,8285.934836
-38.86,32,8286.467446
44.791667,22,8286.85076
-42.0,16,8287.125128
35.045283,35,8287.748922
35.206452,44,8288.464955
42.0,24,8288.881651
-42.0,26,8289.311238
38.562561,28,8289.756069
-39.0,25,8290.183881
-41.03,28,8290.67057
36.0,32,8291.21001
-44.85,31,8291.743617
-32.02,32,8292.300065
41.451064,24,8292.691547
47.268382,32,8293.256119
-35.35,32,8293.777
38.084367,32,8294.251996
33.0,30,8296.509527
41.159696,26,8296.986698
36.0,26,8297.444623
-41.34,30,8297.955162
-34.48,40,8298.630813
40.717054,30,8299.173944
-38.15,24,8299.585101
-44.03,61,8300.630872
-35.48,42,8301.390977
32.236364,33,8301.989347
41.603226,20,8302.326246
-32.57,24,8302.72314
-35.89,32,8303.297302
41.434944,31,8303.810052
38.677778,25,8304.17506
35.442553,23,8304.498008
44.394137,28,8306.895541
41.081784,34,8307.564253
-31.92,37,8308.591502
-36.0,30,8309.096907
38.5,52,8310.02019
-41.7,18,8310.382663
-39.64,25,8310.80392
-41.95,51,8311.620017
41.88764,26,8312.102992
-35.91,41,8312.84515
-39.0,34,8313.439382
-32.82,32,8313.987604
-35.26,28,8314.447366
-40.35,26,8314.896298
-34.62,26,8315.275111
-44.09,29,8315.711368
-41.84,72,8318.745085
33.0,32,8319.284149
39.0,27,8319.719435
-38.78,34,8320.303117
-35.12,33,8320.937931
-38.07,28,8321.427019
-39.59,33,8322.182405
-41.62,25,8322.587043
-39.28,20,8322.946484
32.245455,28,8323.449446
-37.13,37,8324.096235
-41.16,25,8324.504237
-42.87,30,8324.969137
-46.96,25,8325.343818
44.222571,17,8325.571986
38.411552,27,8325.971339
35.209184,30,8326.40404
-41.62,21,8328.652986
-44.25,26,8329.09959
41.222997,25,8329.526785
33.0,54,8330.434755
32.55914,41,8331.137508
-47.3,21,8331.515856
44.292308,25,8331.95542
32.220859,32,8332.510232
-35.44,38,8333.623498
36.079584,44,8334.408268
36.0,35,8335.03669
32.213675,30,8335.513735
35.787234,32,8336.002598
35.301325,25,8336.388087
35.819608,40,8336.953666
37.289431,33,8339.593341
35.038277,30,8340.159712
-36.0,46,8341.02279
43.855932,21,8341.549917
-32.67,33,8342.195678
36.0,30,8342.709282
33.0,33,8343.244942
-41.77,62,8344.276578
32.367647,40,8344.93866
38.048193,28,8345.428527
-39.0,24,8345.810591
34.733114,44,8346.476037
39.0,35,8346.980386
45.0,20,8347.23743
32.466926,34,8347.719225
41.163265,33,8350.169747
32.29588,32,8350.717317
-41.34,25,8351.132283
-38.14,28,8351.584044
-40.22,26,8352.032042
-32.62,31,8352.575151
-35.16,38,8353.205468
-36.0,50,8354.05295
-44.03,48,8354.905103
-41.77,28,8355.40625
-44.7,22,8355.785713
-33.0,49,8356.511228
-38.81,24,8356.874816
-37.95,36,8357.443612
35.279245,34,8357.94516
-40.5,25,8358.323905
44.19661,24,8360.921916
43.659766,25,8361.410158
-35.2,36,8362.031297
-38.13,30,8362.540409
38.875,43,8363.293572
-40.31,32,8363.877616
-39.88,38,8364.57131
-47.27,16,8364.90019
33.0,35,8365.483487
-41.21,24,8365.873188
-43.84,26,8366.34921
44.907895,29,8366.795324
35.330798,29,8367.650589
-35.37,35,8368.172111
45.0,19,8368.465326
-44.22,26,8368.853163
32.078182,28,8369.266946
35.064257,32,8371.767939
42.0,24,8372.161216
38.414062,23,8372.560828
40.920511,32,8373.163626
-34.88,27,8373.647391
-43.46,21,8373.986796
-33.0,30,8374.483168
38.653199,30,8374.971301
37.188071,33,8375.596926
-35.46,29,8376.111792
38.678082,31,8376.592381
32.184426,31,8377.05654
-39.0,25,8377.424959
35.406475,20,8377.739008
44.040741,20,8378.089392
32.376374,48,8378.823337
37.358356,27,8379.222975
32.120438,33,8379.720042
34.841069,24,8382.021128
39.0,38,8382.686196
-35.35,26,8383.14487
-38.15,26,8383.605404
-45.85,30,8384.148864
39.85052,34,8384.75279
32.107807,28,8385.337764
40.92958,24,8386.042571
-41.31,43,8387.07086
-33.0,29,8387.508621
-32.81,29,8387.978333
-31.84,30,8388.417547
42.0,27,8388.867985
-32.04,36,8389.480482
33.0,30,8389.94871
37.738411,34,8390.449975
-35.6,28,8390.889765
-38.45,33,8393.364295
-41.9,23,8393.764768
-46.28,25,8394.158339
-38.18,26,8394.593187
43.744,28,8395.081994
-35.5,30,8395.614662
40.748908,49,8396.493434
35.538732,47,8397.198518
-37.74,31,8397.677794
34.358744,34,8398.253609
-43.86,32,8398.769373
-36.0,26,8399.23158
-32.58,26,8399.658224
-35.32,23,8400.001171
32.227586,31,8400.466555
44.058821,31,8400.937721
-41.27,27,8401.40532
-41.17,29,8403.863163
41.402571,26,8404.299255
41.439163,22,8404.699844
-37.62,29,8405.190176
-37.41,29,8405.687564
-40.56,31,8406.212421
41.358779,37,8406.794838
-41.03,23,8407.146203
41.040498,21,8407.494637
-36.0,29,8407.943148
38.131148,36,8408.502435
44.020535,30,8409.05872
44.563824,30,8409.506093
-45.0,21,8409.911451
36.0,36,8410.458563
-44.08,36,8410.993161
-37.86,46,8411.708647
44.740157,20,8414.208918
38.437127,37,8414.872968
32.225806,51,8415.842103
42.0,29,8416.371844
35.455224,36,8417.019466
-34.52,30,8417.48044
-45.0,18,8417.750865
-40.68,26,8418.137332
-33.0,34,8418.665894
-44.58,16,8418.940976
35.694631,46,8419.716392
-33.0,36,8420.341317
-35.04,42,8420.999108
-40.92,34,8421.518052
40.715989,26,8421.940895
44.0625,24,8422.314315
34.285584,32,8424.7948
32.154412,61,8425.774403
-40.08,25,8426.240859
-35.01,41,8426.961641
37.938182,46,8427.698431
-35.21,30,8428.149162
-40.94,29,8428.589226
-37.7,36,8429.130993
-38.52,39,8429.824119
-32.38,29,8430.295618
37.86269,55,8431.181971
-38.51,23,8431.526614
-41.25,39,8432.177706
-38.72,35,8432.833226
-38.05,26,8435.197996
37.956971,35,8435.785839
-42.0,32,8436.363415
-35.96,27,8436.828151
-39.67,35,8437.387559
-32.21,36,8438.225008
42.0,24,8438.809669
-38.01,26,8439.291936
-37.24,33,8439.884487
35.10566,30,8440.390257
-41.06,32,8440.949813
32.461326,61,8441.884254
32.224335,47,8442.613783
41.316547,42,8443.265154
41.868852,33,8445.809187
43.895613,27,8446.293494
-34.73,30,8446.849281
-38.46,28,8447.333568
35.36,34,8447.873108
-41.51,22,8448.206331
-43.96,27,8448.61935
44.014837,25,8449.00842
41.802281,58,8449.955607
41.883636,48,8450.826823
-38.82,25,8451.236025
38.181609,32,8451.735129
41.038041,41,8452.377532
43.524461,33,8453.010795
-35.59,29,8453.553819
42.0,23,8453.985801
41.763514,21,8454.335793
-38.33,27,8456.781894
39.0,26,8457.228792
-32.09,41,8457.886973
35.766871,33,8458.408598
-36.0,30,8458.858986
-32.05,36,8459.479279
41.018395,25,8459.93798
-41.71,27,8460.449363
-42.0,27,8460.922631
-38.57,29,8461.374406
-35.6,29,8461.805775
38.02424,61,8462.74804
-47.1,19,8463.061925
-38.24,23,8463.471843
-44.35,23,8464.167454
-38.26,28,8464.821928
38.107121,27,8465.299401
35.263804,25,8467.635627
34.566263,34,8468.111377
34.67351,32,8468.586804
37.011507,34,8469.053891
34.216467,48,8469.789034
38.614907,24,8470.194968
38.007634,28,8470.686049
36.0,31,8471.276
41.039031,24,8471.671511
33.0,31,8472.140762
-32.02,35,8472.672488
38.705032,39,8473.281299
32.346008,53,8474.157498
32.805054,44,8474.924458
-32.49,30,8475.434714
32.176,38,8477.936902
40.832061,36,8478.470307
35.766187,23,8478.846276
32.030043,45,8479.686875
-41.09,31,8480.219423
-38.2,26,8480.723625
44.793919,29,8481.225414
-35.18,32,8481.811686
37.683267,30,8482.289682
-44.06,21,8482.627435
34.978188,37,8483.204683
34.586027,35,8483.736201
-41.29,24,8484.162539
44.5,31,8484.692872
-38.74,31,8485.215003
-41.66,22,8485.637531
-40.6,29,8486.139822
-32.55,29,8488.51996
-32.54,31,8488.962013
37.350723,36,8489.482494
-33.0,31,8490.223315
-42.0,21,8490.816196
32.126866,29,8491.536932
-35.02,26,8491.968575
41.732298,64,8493.160219
38.410104,32,8493.634458
32.021834,38,8494.242157
38.805668,31,8494.714257
46.500891,36,8495.374553
-37.51,28,8495.838672
-35.38,28,8496.306291
38.344538,32,8496.864171
-32.4,33,8499.332745
-39.0,20,8499.618204
44.501608,20,8499.921004
-34.42,35,8500.462838
-34.92,44,8501.226078
-43.62,31,8501.783414
-39.95,44,8502.544386
-35.48,47,8503.277729
41.404669,28,8503.698956
-32.11,37,8504.280271
37.162031,30,8504.79241
-37.15,43,8505.600405
-41.38,31,8506.138324
-36.0,26,8506.6283
41.900312,21,8507.0074
35.607547,44,8509.714913
41.611511,18,8510.003849
35.313953,33,8510.537573
-44.45,30,8511.067281
-35.4,33,8511.63471
38.689189,29,8512.127615
-38.28,31,8512.701074
32.027491,34,8513.218498
-38.72,31,8513.686368
-41.81,24,8514.041097
-38.67,28,8514.501268
-43.56,31,8515.043588
-33.0,31,8515.617152
35.033019,29,8516.541693
38.55157,26,8516.990813
-41.72,21,8517.460692
38.902778,27,8517.919714
38.261905,27,8518.429352
38.902357,30,8520.80386
-38.19,41,8521.460702
32.62249,36,8522.114592
34.817834,27,8522.625938
35.29362,34,8523.187719
-37.38,32,8523.681737
37.52606,29,8524.094809
-43.32,49,8524.85376
-38.65,21,8525.231004
-36.77,33,8525.816725
-42.0,22,8526.185227
32.460606,53,8527.112813
41.266667,25,8527.570151
-38.25,39,8528.279776
-48.0,49,8529.139905
41.514706,26,8531.463559
44.263975,30,8531.985694
32.571429,45,8532.746525
-40.45,36,8533.297761
-35.59,31,8533.758764
39.793678,32,8534.256866
-44.75,48,8535.343798
-32.35,31,8535.887857
40.973262,41,8536.577241
-41.5,35,8537.233941
-35.66,25,8537.682325
-37.22,25,8538.100162
-38.1,29,8538.600386
-32.67,33,8539.18947
-41.19,21,8539.577567
41.147139,22,8539.934167
35.141791,32,8542.400584
-32.24,29,8543.060608
-32.91,43,8543.834999
-36.0,22,8544.172912
-43.59,32,8544.657582
-40.84,29,8545.123685
-35.69,41,8545.841869
-38.32,28,8546.346634
41.695817,39,8546.99143
-35.33,26,8547.397721
-43.54,23,8547.781812
-35.6,32,8548.3218
44.201863,32,8548.890383
-36.0,26,8549.429015
-35.49,31,8550.017447
43.27834,28,8550.484458
36.0,30,8551.019925
-41.8,28,8553.309815
35.938272,32,8553.823039
41.111498,26,8554.253058
-44.28,36,8554.776095
37.843705,30,8555.287757
-44.7,27,8555.787657
-36.0,25,8556.236165
35.66,97,8557.916598
42.0,25,8558.334086
36.79065,32,8558.906358
35.964981,35,8559.495124
-35.91,30,8560.08195
39.0,29,8560.578001
47.720149,24,8561.025416
-35.13,35,8561.593825
-37.6,31,8563.879459
35.196078,31,8564.33524
35.78209,26,8564.756562
37.71824,29,8565.240311
-41.7,28,8565.685387
34.983834,30,8566.195016
41.394366,30,8566.697816
42.0,25,8567.125137
41.697842,37,8567.780699
32.222222,32,8568.529923
41.745247,23,8569.17488
-38.69,24,8569.586636
38.225229,37,8570.230281
-36.88,30,8570.780875
-38.3,24,8571.186221
40.575,47,8572.023245
-38.22,23,8572.372045
-32.63,31,8574.711988
-32.52,30,8575.153684
-34.52,32,8575.650904
-38.66,22,8576.04469
-42.0,30,8576.5467
38.875445,28,8577.017656
43.244327,32,8577.57304
44.751592,40,8578.38008
41.534584,29,8578.877085
-32.5,33,8579.490358
-38.62,27,8580.043292
44.731915,23,8580.441083
-39.0,28,8580.930207
-38.81,22,8581.311494
-47.5,18,8581.655778
-41.01,26,8582.119805
39.0,28,8582.560299
-38.77,24,8582.90791
-38.4,24,8583.272755
35.493976,32,8585.6461
-36.0,35,8586.27442
34.966431,30,8586.771098
-41.61,25,8587.246386
-39.0,31,8587.889235
40.331013,38,8588.50995
41.138426,31,8589.081242
41.383803,20,8590.194701
-44.8,41,8590.870844
-32.67,33,8591.418306
35.618785,43,8592.100995
-44.93,23,8592.46726
-36.0,23,8592.787166
-38.36,41,8593.398261
35.374046,33,8593.939236
37.788052,30,8594.591386
-32.37,28,8597.123257
38.359517,32,8597.647877
38.109966,35,8598.227015
32.247273,46,8598.979336
38.669173,32,8599.528905
-35.94,28,8600.002823
-41.52,23,8600.391606
-38.03,27,8600.847929
-37.17,28,8601.349404
-35.34,35,8601.970549
-41.45,33,8602.48663
-35.27,60,8603.346838
-40.62,26,8603.784291
-44.02,38,8604.355663
44.777778,31,8604.795454
41.324111,20,8606.990273
39.0,26,8607.444549
-32.52,31,8607.988267
39.0,46,8608.777014
40.023157,29,8609.277342
-44.6,27,8609.741617
37.532022,32,8610.272792
-37.43,29,8610.785014
35.935252,29,8611.300344
44.34878,29,8611.8048
41.137097,27,8612.243966
-41.93,24,8612.641075
-37.89,31,8613.108356
35.081197,32,8613.58004
36.972275,27,8614.005963
-37.93,26,8614.392477
40.560383,31,8614.864494
38.01701,31,8617.491063
-40.55,22,8617.892288
-43.7,36,8618.620751
-42.0,66,8619.8069
-40.57,32,8620.478701
-35.84,32,8621.159375
-41.31,42,8622.135833
-40.35,24,8622.509838
-41.79,28,8622.949657
-36.0,36,8623.494964
-37.24,29,8623.943187
-41.42,21,8624.279925
-32.82,27,8624.673882
-41.44,27,8625.092818
-41.65,29,8625.519186
-38.1,28,8625.929255
40.76087,25,8626.339795
44.530075,20,8628.590006
-41.11,19,8628.931845
38.368727,22,8629.337031
-35.28,22,8629.740129
-42.0,26,8630.193789
-38.1,34,8630.785454
38.39627,26,8631.227734
-44.5,24,8631.647048
-32.97,29,8632.153891
35.035256,26,8632.598632
-40.56,33,8633.139492
-36.0,44,8633.837748
-38.25,45,8634.512161
-44.41,56,8635.354456
40.508795,36,8635.90094
38.876161,24,8636.264423
-38.63,30,8636.742748
-41.15,28,8639.323152
41.738733,32,8639.94506
-30.0,29,8640.42699
38.543624,24,8640.846086
-44.14,25,8641.267578
41.534545,38,8641.948493
44.884726,21,8642.312723
-37.12,40,8642.961431
35.294872,31,8643.446317
-42.0,27,8643.851748
43.18648,28,8644.282037
-41.03,23,8644.5993
35.07947,30,8645.040135
41.431683,33,8645.534916
-46.79,31,8646.018521
36.0,26,8646.415417
-45.79,24,8647.227465
41.152941,31,8650.076064
34.864305,30,8650.633688
-45.0,22,8650.992889
44.026564,19,8651.353793
38.401467,29,8651.90592
44.566757,32,8652.489031
44.15748,19,8652.868918
35.839416,30,8653.37003
-38.25,26,8653.789482
38.803704,40,8654.39542
37.844358,36,8654.919325
44.570342,19,8655.18873
38.416667,25,8655.571749
-44.84,18,8655.860215
32.582822,79,8657.055699
-38.28,50,8657.917701
-41.36,23,8658.335557
-33.0,31,8660.782441
-35.38,25,8661.227768
42.0,20,8661.610222
-34.89,30,8662.140028
-40.66,26,8662.590513
38.851485,32,8663.151635
39.0,27,8663.561682
38.123239,26,8663.929712
-48.0,11,8664.106048
38.137795,44,8664.764393
-38.46,40,8665.348274
-42.0,33,8665.825246
-39.0,36,8666.369683
-35.74,27,8666.826027
-38.69,24,8667.165357
-35.71,34,8667.753975
40.11188,27,8668.235314
-33.0,32,8670.772351
41.315934,40,8671.318226
-39.0,29,8671.646613
-37.36,31,8672.088547
44.236364,37,8672.838989
44.476562,23,8673.412972
-39.0,19,8673.878915
-41.15,35,8674.591702
39.708631,31,8675.133855
40.944666,23,8675.510032
32.263158,44,8676.18473
-39.0,29,8676.699773
35.543807,27,8677.132989
42.0,21,8677.453468
37.928355,29,8677.88514
41.31749,25,8678.279494
-35.91,41,8678.94026
34.112169,33,8681.498024
-44.77,16,8681.792495
44.878543,29,8682.267642
35.419811,30,8682.839624
-42.0,25,8683.264429
35.418519,32,8683.824281
-41.69,25,8684.241253
-39.0,27,8684.64957
40.490113,23,8685.062288
-41.0,24,8685.440578
-35.38,24,8685.834957
-37.71,31,8686.294663
-44.76,24,8686.704514
44.428058,24,8687.074167
-41.29,30,8687.534134
38.071207,32,8688.039178
-33.0,27,8688.484081
43.82197,30,8689.048356
-42.0,23,8689.465518
-33.0,58,8692.484831
-41.65,24,8692.875928
-38.35,33,8693.464509
-32.02,28,8694.05127
-35.47,36,8694.624192
-41.39,29,8695.05551
-39.0,21,8695.379484
-32.02,53,8696.139077
43.800982,32,8696.682279
41.754098,24,8697.04932
-35.2,24,8697.417079
47.393103,25,8697.823218
-41.52,23,8698.181061
-35.31,40,8698.766289
-42.0,20,8699.319775
-32.78,57,8700.283138
33.0,28,8702.84557
43.982639,35,8703.504568
-38.22,26,8703.949317
32.679167,30,8704.470479
-38.1,31,8705.022541
-32.62,32,8705.547048
-38.27,30,8705.985492
44.12097,19,8706.299424
33.0,24,8706.662132
-44.13,30,8707.250051
44.285714,23,8707.631379
38.329476,28,8708.107931
44.101966,25,8708.479818
-39.0,20,8708.782305
-32.51,32,8709.25572
33.0,40,8709.932403
-35.75,32,8710.507008
41.556452,54,8713.365891
39.0,25,8713.830398
39.0,28,8714.315223
-38.33,25,8714.821889
38.8,21,8715.180366
40.570798,31,8715.652371
-44.28,15,8715.872658
-35.27,37,8716.408535
-37.65,59,8717.380188
-41.69,31,8717.891306
-41.21,29,8718.340013
-34.88,28,8718.770812
32.041379,36,8719.332384
32.551402,39,8719.999659
38.25,26,8720.426056
-48.0,39,8721.080872
43.84507,42,8723.805081
44.668966,25,8724.31931
-35.38,36,8725.026325
-42.0,20,8725.568235
-41.08,25,8725.972123
-38.29,34,8726.537938
47.1121,70,8728.330383
-47.89,15,8728.569792
38.05371,35,8729.09491
-33.0,22,8729.429938
-38.38,31,8729.907928
37.723524,36,8730.47755
46.829291,21,8730.872341
-40.01,27,8731.373642
38.641667,24,8731.841615
-44.85,31,8732.373807
37.594183,31,8732.915329
-35.31,47,8735.731806
-35.14,37,8736.279257
-41.06,28,8736.7133
33.0,39,8737.304303
-32.61,33,8737.862163
-32.33,36,8738.457054
47.90785,21,8738.783932
-41.05,27,8739.463454
38.521739,30,8739.924195
-33.0,22,8740.369183
41.903614,30,8740.918777
-41.43,21,8741.276391
44.089041,27,8741.750095
-42.0,25,8742.154948
-41.41,34,8742.791032
37.097353,27,8743.246761
36.0,35,8743.822874
32.902439,25,8746.130092
-35.78,26,8746.529435
30.0,36,8747.092442
-38.4,30,8747.643727
-34.5,38,8748.29861
-41.36,26,8748.684538
-44.27,27,8749.12663
35.490706,33,8749.615922
-41.6,19,8749.873061
-41.08,35,8750.427732
-35.58,34,8751.008363
42.0,30,8751.542615
-32.81,72,8753.131224
40.597561,42,8753.714437
32.42126,41,8754.418679
-32.21,50,8757.070113
45.581596,24,8757.467649
41.586207,27,8757.854896
-34.67,35,8758.565933
-35.6,26,8759.040365
-44.87,18,8759.32258
-41.26,60,8760.191062
-35.83,29,8760.606532
40.602304,30,8761.069684
41.237736,24,8761.522642
-38.0,28,8762.052888
35.757042,29,8762.523758
38.228873,33,8763.107749
-35.72,30,8763.631266
-41.13,34,8764.192562
38.415638,33,8764.761611
-44.85,21,8767.05335
33.997206,32,8767.618133
-43.86,30,8768.074803
41.707317,20,8768.384216
-37.87,35,8769.028297
-37.37,33,8769.519022
-41.46,44,8770.163996
32.5,28,8770.59648
32.791469,29,8771.044261
35.05296,43,8771.812417
-35.48,40,8772.50616
47.308118,46,8773.32261
-32.91,36,8773.933538
-36.0,35,8774.526814
-32.46,35,8775.12222
32.174797,30,8777.514218
42.0,26,8777.93294
41.919779,36,8778.947675
42.0,25,8779.358279
35.130081,31,8779.853317
-36.0,30,8780.311416
-38.08,27,8780.736637
47.386111,37,8781.264067
41.44,28,8781.774481
-40.42,27,8782.247459
34.647451,55,8783.188154
-41.18,27,8783.629366
-41.2,28,8784.120683
-38.32,35,8784.704704
-41.27,26,8785.155827
43.577966,19,8785.493037
-32.13,27,8785.954655
-41.5,26,8788.222918
41.903226,76,8789.746815
-44.39,20,8790.466112
-32.82,33,8791.012589
-44.99,21,8791.320347
45.0,16,8791.587775
41.299163,37,8792.195167
-33.0,30,8792.633546
38.682171,31,8793.171936
34.787926,34,8793.819278
-42.0,21,8794.161185
32.069853,38,8794.83921
-41.51,27,8795.311904
-41.19,26,8795.810182
-41.56,25,8796.234972
44.757009,30,8796.771653
33.0,38,8799.300929
32.27459,80,8800.679586
-42.0,27,8801.106667
-38.98,46,8801.787688
35.901961,33,8803.339168
-42.0,20,8803.716556
-33.0,36,8804.334405
-46.91,23,8804.7853
-48.0,27,8805.442583
-44.26,20,8805.820081
35.951673,56,8807.01339
38.758294,27,8807.512962
-36.0,35,8808.118645
-36.0,26,8808.570686
44.358362,25,8808.996375
35.143885,29,8811.320495
-46.37,31,8811.803292
-35.81,26,8812.193288
-45.0,21,8812.504045
34.845304,36,8813.151335
43.979138,26,8813.634429
41.001931,28,8814.109432
-46.63,27,8814.592108
44.605178,22,8814.963756
-44.35,22,8815.383403
35.532847,26,8815.821058
-41.85,17,8816.120472
-41.49,22,8816.475455
-38.47,63,8817.685294
-36.0,31,8818.286754
39.0,20,8818.806252
-40.55,37,8819.483881
41.18797,23,8819.865859
-44.24,24,8820.192077
-42.0,67,8823.058105
33.0,35,8823.681638
38.777778,56,8824.625806
34.501513,46,8825.463768
-44.79,25,8825.94604
35.903614,34,8826.502099
-41.43,29,8827.002242
-47.26,18,8827.390206
-35.6,23,8827.98923
-40.37,24,8828.468816
-41.32,26,8828.938467
44.797428,28,8829.423235
35.650177,21,8829.794424
-32.03,41,8830.482933
-44.68,23,8830.843123
35.401408,29,8833.203649
-35.72,27,8833.860195
41.246445,41,8834.546583
32.503597,33,8835.224603
-40.07,27,8835.696602
44.526515,21,8836.043641
-37.49,33,8836.626544
36.0,37,8837.31952
44.202572,26,8837.792531
-32.36,29,8838.287216
32.485795,37,8838.91012
-39.0,30,8839.470462
-34.92,69,8840.637583
45.0,35,8841.130507
-43.96,22,8841.411351
43.3222,31,8841.860988
33.0,35,8844.184633
-40.47,25,8844.654104
-38.51,29,8845.143228
-41.14,20,8845.455856
38.438272,24,8845.955513
-38.15,25,8846.399742
35.833333,27,8846.834301
32.327645,41,8847.64697
-47.22,25,8848.099465
-44.44,22,8848.508502
-41.81,20,8848.874871
-42.0,18,8849.178682
35.29572,35,8849.829449
-36.0,36,8850.44169
-35.19,30,8850.968565
-40.92,32,8851.524455
-42.0,29,8851.969896
-44.15,28,8852.377039
39.0,27,8855.668922
35.4,27,8856.113679
-35.94,63,8857.18253
-38.17,70,8858.339327
-39.84,29,8858.845019
32.435374,46,8860.115236
-37.59,25,8860.582905
41.157051,41,8861.254133
-32.77,27,8861.703632
47.95302,50,8862.438107
38.012821,31,8862.933492
42.0,27,8863.3433
42.0,23,8863.690995
-41.63,31,8864.225361
-38.44,38,8866.837185
-35.39,33,8867.389921
-35.27,33,8867.888701
-40.7,30,8868.381263
-41.94,23,8868.74155
-41.83,60,8869.808181
36.0,39,8870.491614
35.496324,29,8870.97449
-32.7,25,8871.367963
35.830769,54,8872.177435
-41.37,31,8872.624886
-38.46,22,8872.952461
-39.0,23,8873.2865
38.364662,24,8873.702079
-38.28,30,8874.199567
-44.15,43,8876.738405
-41.62,40,8877.369734
-43.51,19,8877.697479
34.760845,35,8878.336968
-32.92,37,8878.97675
43.210798,41,8879.66733
36.0,28,8880.145947
-38.11,37,8880.767448
-40.63,18,8881.042478
-47.33,26,8881.447404
-32.91,38,8882.029898
47.201581,16,8882.263569
43.956404,23,8882.612454
-46.91,21,8882.947099
38.265244,78,8884.237992
-32.38,33,8884.998114
-44.16,27,8887.368526
33.0,27,8887.792601
43.595754,22,8888.164702
-47.18,38,8888.83437
-45.0,27,8889.29632
-35.02,30,8889.785347
33.0,26,8890.27359
35.804878,25,8890.733782
35.777778,30,8891.251397
39.0,36,8891.843632
-35.38,38,8892.396223
-35.63,31,8892.868774
37.700704,25,8893.32453
37.848203,30,8893.794108
-36.0,26,8894.258218
41.501916,56,8895.218456
44.045775,18,8895.529807
-41.05,30,8897.884809
-41.95,23,8898.278272
35.179286,26,8898.764453
-37.6,25,8899.243317
-32.78,38,8899.889044
44.314189,20,8900.232392
-32.13,33,8900.821654
-35.74,30,8901.367383
35.4329,24,8901.75826
-38.61,20,8902.078461
-38.68,27,8902.488297
41.10084,22,8902.825582
-35.31,35,8903.393279
38.222305,27,8903.852828
35.544118,27,8904.285024
32.474576,28,8904.809198
41.232639,23,8905.178509
35.183566,35,8905.777773
32.147163,44,8908.446242
38.388664,26,8908.886115
-43.08,46,8909.716527
-39.77,67,8910.861027
-34.53,31,8911.651277
-36.0,35,8912.281295
-38.1,29,8912.79036
44.916364,20,8913.123882
-35.68,36,8913.833112
35.023256,43,8914.473419
-38.41,21,8914.854493
-37.95,33,8915.520319
46.574516,26,8915.975588
32.472924,30,8916.449312
39.428331,31,8917.015302
-36.0,23,8917.393844
-37.98,28,8919.748283
-38.72,23,8920.110915
-38.56,27,8920.53103
-38.41,27,8921.027422
40.435815,44,8921.85591
44.192727,29,8922.470366
42.0,22,8922.797453
38.245211,25,8923.17671
42.781724,28,8923.591594
-38.5,39,8924.247138
-36.0,28,8924.724588
-40.81,24,8925.17577
-46.51,25,8925.612469
32.702265,34,8926.166025
33.0,55,8927.117078
36.0,37,8927.806391
-47.26,42,8930.340243
-47.5,36,8930.962249
-38.6,21,8931.310442
-43.95,29,8931.841142
-42.0,16,8932.199508
38.247934,26,8932.740452
42.0,24,8933.120519
-43.77,49,8933.899603
35.082677,41,8934.541722
-38.7,36,8935.17926
-41.06,21,8935.530721
35.342657,28,8936.003931
-32.2,48,8936.857223
38.074238,37,8937.694525
-44.73,32,8938.225217
-42.0,29,8938.943284
34.122915,24,8941.27149
32.324138,29,8941.773506
32.435484,35,8942.422355
-32.5,43,8943.12769
-37.61,27,8943.542477
42.0,25,8943.868149
-40.96,26,8944.253026
41.06,17,8944.509182
-40.2,43,8945.198422
-44.62,21,8945.584092
35.234657,42,8946.290495
42.0,34,8946.906763
38.425479,27,8947.34844
32.809701,44,8948.101048
44.370968,19,8948.423045
41.902439,24,8948.732351
-41.7,31,8949.211596
-33.0,38,8951.677421
-43.43,25,8952.125818
-41.05,25,8952.597948
-44.24,29,8953.097156
-40.27,26,8953.459113
38.75873,46,8954.149688
-38.39,27,8954.571421
-40.96,53,8955.45153
-35.52,27,8955.938877
32.116022,36,8956.587961
-36.0,35,8957.244291
41.188462,34,8957.850166
44.369565,22,8958.22424
41.207263,30,8958.771033
33.0,31,8959.23148
-38.49,24,8959.572692
-35.91,24,8961.856057
44.406716,18,8962.232593
-37.81,30,8962.717613
-45.0,30,8963.202973
46.718868,21,8963.539918
-38.41,32,8964.116173
44.685661,28,8964.65235
35.257454,28,8965.35141
-41.62,33,8966.004094
-35.27,24,8966.394287
-41.08,26,8966.803713
-38.5,28,8967.281699
41.059603,27,8967.788758
44.372093,22,8968.300761
-37.83,32,8968.875372
-45.0,27,8969.360337
-38.05,25,8969.783398
-32.87,49,8970.493479
34.028409,37,8973.03746
32.439394,29,8973.534978
40.664888,25,8973.917826
38.805447,41,8974.532978
-33.0,31,8974.996512
34.444399,25,8975.385201
44.02649,30,8975.903421
32.303419,30,8976.494537
-47.06,16,8976.753708
44.128147,27,8977.20674
-44.84,21,8977.628362
32.436533,37,8978.236651
-32.55,51,8979.112941
44.691781,24,8979.539712
-40.81,47,8980.340375
-36.0,29,8980.767531
-40.38,32,8981.293071
41.360294,23,8983.480542
-32.02,32,8984.065602
-36.0,32,8984.579074
32.467681,34,8985.070179
31.546154,32,8985.548388
-41.5,25,8985.926987
35.363985,29,8986.440071
32.454918,27,8986.923815
33.0,28,8987.412866
38.037896,29,8987.946071
-38.16,22,8988.34819
-44.3,22,8988.707134
41.210332,30,8989.197415
35.859438,41,8989.879362
40.395358,23,8990.480359
-42.96,28,8991.150496
-44.51,14,8991.365044
-44.17,25,8991.765553
-41.39,25,8994.684016
44.582547,27,8995.09935
44.495913,18,8995.369243
38.653333,29,8995.798938
32.107914,21,8996.141769
41.487864,48,8997.028725
34.279731,43,8997.73684
35.228994,40,8998.426872
-37.83,41,8999.274067
33.0,29,8999.814879
40.155593,40,9000.451056
38.37247,22,9000.767635
41.38488,30,9001.209976
35.317164,46,9001.897588
32.341615,29,9002.378222
-44.08,23,9002.760303
-41.37,27,9005.217127
36.0,28,9005.617979
-38.11,36,9006.169584
38.695489,31,9006.632226
32.015209,51,9007.469559
-39.0,56,9008.47285
43.765755,25,9008.92065
-38.74,34,9009.530164
-38.58,27,9009.991437
44.598425,27,9010.380866
-35.1,32,9010.793245
43.218169,25,9011.169751
-35.46,29,9011.59812
44.17819,82,9012.903171
-42.0,28,9015.335059
42.0,38,9015.863872
46.989614,26,9016.267086
-43.55,24,9016.612987
-41.54,44,9017.745432
-33.0,32,9018.291836
-36.0,53,9019.223323
-38.97,20,9019.563345
44.5,74,9020.823143
-43.97,24,9021.220002
38.670251,26,9021.645056
35.003083,27,9022.044624
-38.5,28,9022.484449
-32.99,47,9023.220587
-37.91,42,9023.963093
34.652091,36,9026.480544
-47.23,19,9026.754999
-32.33,34,9027.282623
-33.0,30,9027.813285
-35.66,28,9028.30463
-41.31,25,9028.727163
-35.6,32,9029.282941
31.74,37,9029.898489
-41.04,27,9030.35583
45.0,26,9030.821522
-41.22,33,9031.385441
-42.0,17,9031.685729
44.104035,29,9032.155381
33.0,32,9032.641559
-41.34,65,9033.705986
38.809365,26,9034.156197
-44.65,32,9036.626225
42.0,27,9037.019018
-41.72,20,9037.325996
-38.34,39,9037.961009
-38.04,36,9038.625379
-32.91,61,9039.675269
37.819826,44,9040.449176
-44.0,30,9041.068159
-44.11,36,9041.687845
-32.73,32,9042.342692
-35.6,29,9042.770194
44.927586,18,9043.04037
-44.14,36,9043.913279
-41.08,22,9044.471072
-38.15,39,9045.302703
44.613208,19,9045.631696
33.0,34,9048.052814
44.522669,32,9048.630585
-37.17,38,9049.322907
34.041979,30,9049.862543
-41.81,20,9050.101166
-43.49,26,9050.542668
-40.78,32,9051.093163
-41.72,29,9051.577328
-33.0,37,9052.140527
-36.89,29,9052.622441
38.091525,30,9053.110029
35.357143,31,9053.631895
38.856031,28,9054.136826
32.124138,31,9054.646061
-41.04,37,9055.285237
44.178707,22,9055.706903
40.229317,26,9056.17597
37.665822,36,9058.649721
34.695158,29,9059.223792
-32.62,28,9059.738034
42.0,50,9060.616935
-36.93,25,9061.104686
-36.0,27,9061.574679
-32.43,27,9062.028169
34.56505,51,9062.956547
43.345499,39,9063.56771
41.540984,25,9064.428234
41.848341,37,9065.932389
-37.27,27,9066.402615
-35.16,40,9067.110186
-37.61,19,9067.425385
32.330909,33,9067.955333
-32.84,40,9070.444918
-36.0,30,9070.944352
-47.24,17,9071.361895
36.716196,33,9072.074105
-36.0,32,9072.618801
45.0,16,9072.869196
-38.11,42,9073.585674
-44.22,19,9073.901783
-44.57,23,9074.229105
38.854522,32,9074.72466
38.755245,31,9075.176134
41.806122,24,9075.59397
-44.24,19,9075.911951
38.562044,21,9076.309901
-37.45,31,9076.863244
-43.93,37,9077.508049
-37.47,40,9078.151966
41.157534,36,9078.665894
-44.08,22,9080.851443
35.765079,30,9081.375395
35.183528,35,9081.956265
-40.29,21,9082.315878
40.651151,68,9083.5059
34.859502,30,9083.96764
-41.47,23,9084.33968
-38.67,31,9084.785618
35.271272,31,9085.25182
-41.66,27,9085.648334
35.618257,33,9086.212399
-32.62,29,9086.703386
-44.44,29,9087.153719
-44.34,24,9087.716353
-44.39,22,9088.129108
-35.79,31,9088.645773
38.450847,29,9089.110097
-35.29,30,9091.435066
43.57455,24,9091.820287
-35.5,33,9092.372212
35.146067,36,9093.019541
-32.83,32,9093.605415
-38.78,29,9094.068668
-42.0,32,9094.535968
-41.84,34,9095.032752
35.527958,34,9095.562543
-40.51,29,9096.208544
-35.39,46,9097.06446
38.672185,29,9097.696603
44.5,28,9098.318371
37.733333,27,9098.762502
-44.29,32,9099.282475
-37.65,27,9099.698601
-34.7,33,9102.119491
-40.76,20,9102.488904
36.0,33,9103.053207
41.081882,61,9104.092976
38.04031,33,9104.612548
-32.55,33,9105.131569
-40.27,26,9105.548424
-38.61,32,9106.045074
35.754864,31,9106.57699
35.077207,28,9107.086142
-40.62,29,9107.606056
48.0,14,9107.856114
-38.14,31,9108.3987
41.863971,28,9108.981188
-41.43,21,9109.324082
-46.66,37,9109.943483
-34.39,56,9112.695065
-41.59,25,9113.030686
-45.0,19,9113.311901
36.0,34,9113.889644
35.741573,26,9114.351885
-34.39,40,9115.056869
-38.39,25,9115.503351
-33.0,31,9116.004961
35.374101,32,9116.488677
-38.34,35,9117.089377
38.352564,30,9117.624159
37.169758,40,9118.434618
-41.3,21,9118.815375
-40.8,27,9119.31658
32.148289,34,9120.023812
37.723443,31,9120.517831
33.0,30,9120.994273
-32.12,30,9123.550426
40.015981,29,9124.069564
41.051012,25,9124.474509
-39.0,37,9125.338181
35.125,28,9125.860058
35.204545,24,9126.243529
36.0,32,9126.734519
44.780769,29,9127.180505
38.115741,33,9127.669827
38.772727,26,9128.071652
-32.66,30,9128.63625
-32.73,32,9129.160759
-32.03,36,9129.788363
34.695021,30,9130.293769
44.453815,17,9130.68049
41.801527,27,9131.104722
-35.07,32,9131.599403
32.625455,34,9132.106844
38.689394,29,9134.526168
40.613281,38,9135.163518
-41.3,30,9135.697258
-37.7,39,9136.387235
-41.83,44,9137.068886
-35.71,29,9137.493967
38.315091,30,9137.977641
-35.5,26,9138.399648
-40.14,50,9139.248509
44.31749,37,9139.8966
-35.54,31,9140.428858
-42.0,41,9141.113002
41.092308,23,9141.431053
-32.25,35,9141.97827
41.258441,20,9142.278899
-35.73,27,9144.62871
-32.67,37,9145.2627
41.629139,30,9145.748784
35.430094,29,9146.268794
35.361217,35,9146.848572
35.643917,29,9147.267474
-40.64,22,9147.644265
44.032847,24,9148.221509
32.229167,48,9149.033354
37.834287,26,9149.49139
40.76089,35,9150.081511
-35.77,29,9150.879339
-44.46,37,9151.583319
-34.87,59,9152.475801
38.462882,24,9152.830706
42.0,56,9155.71701
36.0,43,9156.427437
44.063224,33,9156.972502
34.540815,34,9157.504324
-33.0,42,9158.140694
32.862676,39,9158.804031
-35.07,33,9159.34357
-47.73,20,9159.746071
-35.41,27,9160.225874
34.485849,30,9160.779328
41.46748,21,9161.146187
-41.69,36,9161.809052
-42.0,28,9162.21729
41.106996,22,9162.569664
47.246269,35,9163.104983
-37.59,26,9163.503329
-35.44,42,9166.186197
32.847909,51,9166.965929
-40.91,26,9167.355697
35.438849,36,9167.882409
-41.91,30,9168.348094
-41.43,21,9168.775093
-35.77,32,9169.304427
37.868363,50,9170.176608
-35.38,31,9170.720002
35.320872,31,9171.26382
37.759452,25,9171.700696
32.665493,36,9172.244031
36.894242,53,9173.348392
-46.96,24,9173.731389
-36.0,40,9174.501393
44.223022,25,9177.773387
38.408602,36,9178.340805
-41.38,22,9178.681315
41.714829,27,9179.132982
-42.0,23,9179.532382
-38.08,32,9180.11177
-44.39,24,9180.560448
35.344322,30,9181.044222
-44.47,30,9181.561136
-41.0,29,9182.049466
-41.12,22,9182.41416
-38.13,39,9183.040765
-35.0,28,9183.470819
34.811956,38,9184.083325
-36.63,28,9184.596955
40.815113,51,9185.530861
-34.31,30,9186.066367
-34.22,24,9188.437278
38.560052,40,9189.05888
-47.15,17,9189.358102
-38.26,50,9190.25186
-38.37,34,9190.860396
-35.7,34,9191.43492
36.0,31,9191.96224
-37.92,55,9192.841303
-42.0,39,9193.414111
38.323529,33,9193.908216
-40.46,32,9194.458721
-41.44,61,9195.512602
-34.69,27,9195.923964
36.0,84,9199.222428
41.246499,23,9199.858229
40.796578,21,9200.236782
-43.83,21,9200.579014
-42.0,41,9201.288385
-38.52,29,9201.759275
-40.95,28,9202.231944
-36.0,71,9203.604051
-47.4,16,9203.840518
-32.22,39,9204.563185
-39.95,40,9205.258929
35.374593,31,9205.811665
-35.68,29,9206.329205
-44.12,18,9206.630638
35.151007,27,9207.199073
-36.0,35,9207.796962
-44.01,24,9210.504477
-44.13,47,9211.327229
41.379154,25,9211.800665
-32.28,40,9212.448272
-32.15,37,9213.011045
-33.0,42,9213.68068
35.640411,31,9214.18633
41.378945,25,9214.597652
38.437984,38,9215.155279
-35.17,37,9215.803458
-38.5,23,9216.202357
-44.14,23,9216.63751
41.306859,26,9217.099561
-41.51,23,9217.501448
41.186224,31,9217.999982
-38.74,29,9218.515814
-41.18,22,9220.73772
40.784178,27,9221.197961
-34.6,35,9221.804166
-41.4,34,9222.368844
32.988971,60,9223.296613
41.703125,31,9223.781179
37.864929,52,9224.628365
-44.38,24,9225.006619
32.683761,39,9225.947028
-32.48,37,9226.600317
43.456061,26,9227.01781
-44.04,31,9227.458903
38.875,33,9228.062181
-39.0,27,9228.56026
-38.18,37,9229.207035
-44.26,21,9231.866612
44.814103,15,9232.150785
38.607509,28,9232.667139
43.730047,28,9233.095904
-41.57,30,9233.539289
35.575342,29,9234.009446
40.413017,23,9234.374811
43.600257,19,9234.692909
-43.79,24,9235.099825
-41.13,23,9235.486742
-39.29,32,9236.035883
38.263975,25,9236.520721
-41.53,30,9237.0162
-35.91,41,9237.725969
-41.05,39,9238.391364
-44.24,27,9238.844924
34.917445,31,9239.379436
-38.93,28,9239.86283
41.187702,27,9240.324356
-38.5,33,9242.683554
-44.27,26,9243.116338
-32.29,48,9243.872054
-32.05,41,9244.508397
41.299213,22,9244.939812
-35.41,31,9245.465283
35.158273,32,9246.004644
-37.47,26,9246.442225
32.229167,35,9247.017894
-35.79,36,9247.586976
38.25543,30,9248.124308
-41.14,28,9248.665119
-47.99,23,9249.052834
-41.57,25,9249.486888
-41.93,32,9250.045949
37.637809,21,9250.395468
-38.64,29,9252.773872
34.859848,38,9253.501168
35.08842,31,9254.090353
-34.94,30,9254.626856
-47.46,16,9254.897691
-38.88,50,9255.665405
39.0,30,9256.075152
38.341232,21,9256.422401
42.0,34,9257.2554
43.69556,24,9257.682185
40.781746,23,9258.059724
-36.0,25,9258.48297
-38.38,37,9259.142575
-43.78,32,9259.696316
35.165563,27,9260.643144
-38.31,26,9261.148826
-37.96,25,9261.550446
38.652672,29,9262.058256
-37.84,25,9264.482268
-44.9,20,9264.829842
43.68543,18,9265.077533
-39.0,24,9265.451847
45.779117,25,9265.820755
-40.41,36,9266.347126
-35.5,29,9266.756437
34.491094,36,9267.42866
41.364662,29,9267.93323
-38.5,27,9268.354479
-41.1,22,9268.776282
-41.46,26,9269.236964
-32.11,25,9269.6505
-41.35,23,9270.024331
34.206639,28,9270.540234
-41.32,21,9270.927049
38.743902,24,9271.336593
-35.76,46,9272.052084
-42.0,22,9272.397177
40.833853,26,9274.759771
43.664675,26,9275.195016
-35.62,34,9275.723603
35.847909,36,9276.289871
-35.1,46,9276.941011
-43.18,28,9277.433033
43.633574,39,9278.376199
44.472669,26,9278.800174
42.0,24,9279.19563
-43.97,32,9279.791957
34.436519,41,9280.48767
35.668184,57,9281.465318
44.016153,43,9282.390395
45.0,18,9282.693739
44.5,65,9285.66785
44.219828,25,9286.013535
-44.63,18,9286.298911
31.720339,30,9286.783756
38.808795,38,9287.312956
42.812699,36,9287.954141
-35.2,31,9288.479727
41.221865,32,9289.033689
32.713889,33,9289.622144
-38.38,38,9290.262561
-42.0,23,9290.663008
43.157535,40,9291.353127
37.673883,33,9291.960351
-32.88,30,9292.490174
-40.0,22,9293.145267
-38.37,25,9293.531962
-41.11,22,9293.881144
41.548387,23,9296.221424
-38.22,30,9296.660618
-43.45,28,9297.071371
40.235236,34,9297.593578
-38.27,36,9298.162003
-32.19,43,9298.910491
-38.79,51,9299.802115
41.827206,26,9300.258931
-35.21,32,9300.821246
-35.91,39,9301.481994
-42.97,23,9301.867087
35.20442,36,9302.438837
40.743902,22,9302.785162
44.723684,22,9303.388116
-37.62,47,9304.187328
47.172185,21,9304.552882
-35.15,28,9306.968173
38.618705,25,9307.331297
38.315589,29,9307.813594
-33.0,36,9308.339744
-37.8,19,9308.816949
40.379437,27,9309.319444
-40.93,33,9309.884515
41.801153,30,9310.328667
35.138528,36,9310.98389
41.63786,29,9311.481517
38.694805,23,9311.883282
41.133858,25,9312.279997
41.776271,24,9312.683089
32.735202,29,9313.146724
41.278169,32,9313.635575
-40.82,28,9314.083296
44.877551,28,9314.679632
-32.71,31,9315.296561
44.529183,32,9317.757113
-41.22,34,9318.278744
38.221574,62,9319.208619
-43.12,30,9319.717203
-38.43,25,9320.158128
-34.56,42,9320.864215
-40.0,28,9321.482539
-41.0,29,9321.977224
-32.5,42,9322.674945
32.272727,36,9323.275692
-37.29,27,9323.660222
-41.59,30,9324.127228
42.0,37,9324.78131
33.0,40,9325.449619
-34.41,33,9326.004507
38.440299,30,9328.359311
-37.85,32,9328.832715
37.562159,40,9329.454634
41.070731,18,9329.83965
35.53271,35,9330.488128
-34.62,29,9331.013077
38.048872,36,9331.657011
-43.7,24,9332.095582
40.651007,38,9332.686784
-38.24,30,9333.15678
-37.9,27,9333.581372
38.327068,34,9334.127363
-39.73,43,9334.990937
-35.09,36,9335.581124
-38.75,25,9335.982349
-38.7,26,9336.41771
32.588448,45,9339.114914
-35.86,52,9339.869262
-36.55,28,9340.348614
42.0,22,9340.776366
-44.48,27,9341.271153
42.0,21,9341.646515
35.504673,32,9342.166056
38.140741,26,9342.609691
41.278169,20,9342.950536
-35.41,33,9343.498149
-41.49,23,9343.869394
47.259124,18,9344.128737
-43.73,28,9344.532162
-46.06,33,9345.144994
44.743295,22,9345.533887
-38.15,29,9346.06349
-36.87,32,9346.618237
-42.0,18,9346.951015
41.141558,35,9349.410344
-37.79,24,9349.763761
-38.72,32,9350.258027
45.0,21,9350.618341
-39.0,27,9351.078793
32.43254,35,9351.689399
-41.38,28,9352.171298
38.177943,50,9353.015378
38.650641,28,9353.453818
-35.45,27,9353.854814
45.0,23,9354.243271
-35.98,49,9354.951979
-32.34,96,9356.823645
39.0,25,9357.223947
38.24537,20,9357.571617
-34.85,26,9359.950833
-34.24,36,9360.751707
47.469388,27,9361.163746
40.445282,52,9362.163144
-35.81,32,9363.105337
-35.74,36,9363.734867
30.0,38,9364.314567
35.212413,26,9364.710425
38.091575,24,9365.093105
37.878168,38,9365.667829
37.350631,26,9366.084298
-35.33,30,9366.578666
44.675862,27,9367.070623
-40.77,37,9367.800117
41.253425,19,9368.144962
-38.5,30,9368.67419
32.9,34,9371.112438
41.4375,23,9371.496989
-35.63,27,9371.926889
-36.0,41,9372.683082
-32.75,39,9373.388175
40.562914,33,9373.950666
-34.67,35,9374.5018
-44.5,23,9374.850639
38.753191,22,9375.180633
-41.71,26,9375.565919
-38.02,23,9375.910301
-41.44,22,9376.252832
39.0,35,9376.845316
41.683453,28,9377.33936
-41.13,38,9378.060111
-32.19,37,9378.687958
44.381016,21,9379.037126
-38.75,28,9381.66211
44.776978,28,9382.40374
34.658077,29,9382.927819
43.908012,34,9383.58885
-39.0,26,9384.102543
41.469613,36,9384.71671
38.074047,44,9385.402891
38.035634,52,9386.238464
37.557596,38,9387.099457
-41.72,23,9387.489027
-38.65,29,9387.994136
34.933647,39,9388.692666
-42.0,30,9389.188139
-43.02,37,9389.796712
-41.78,23,9390.165714
-39.0,24,9390.529063
38.762264,25,9393.229302
44.709677,34,9393.690478
-45.0,25,9394.115357
35.878327,35,9394.713781
41.253731,21,9395.039242
-47.36,20,9395.340376
44.594,29,9395.774202
-43.34,29,9396.236869
41.807547,35,9396.724249
37.930063,26,9397.133497
-35.32,25,9397.547316
-32.71,38,9398.194839
40.964396,41,9399.003345
-41.1,31,9399.516501
-38.26,47,9400.18574
34.399581,40,9400.832853
41.04461,27,9403.134858
-38.33,21,9403.479918
38.436364,24,9403.941115
-41.45,32,9404.47778
39.0,25,9404.906661
33.0,29,9405.348777
-41.8,18,9405.605766
-44.31,22,9405.928794
-38.35,33,9406.419038
-35.85,31,9406.879246
41.40625,26,9407.411734
-44.25,26,9407.985995
33.0,31,9408.496996
-37.88,27,9408.967553
-34.85,37,9409.62456
-41.3,24,9410.017244
-35.57,30,9410.489299
-37.73,35,9411.041404
33.0,30,9411.502789
41.636691,49,9414.353743
43.585185,74,9415.643926
-34.76,39,9416.277484
-44.28,19,9416.553805
-41.51,35,9417.096327
35.441558,26,9417.50929
38.060498,29,9418.006755
38.695364,52,9418.922047
-38.5,35,9419.524738
44.172209,27,9419.960904
-32.68,98,9421.49842
32.205788,39,9422.171366
-42.0,19,9424.439963
32.010563,28,9424.929697
44.588889,24,9425.326303
-41.26,107,9426.942467
-44.43,29,9427.387159
41.017173,27,9427.801298
32.107362,55,9428.719434
38.273885,37,9429.351062
-41.44,31,9429.881827
41.379013,41,9430.490023
46.645468,24,9430.885037
-40.69,34,9431.446049
-41.88,34,9431.994555
-46.97,24,9434.484901
-47.49,27,9434.957361
32.245819,33,9435.52461
-41.07,28,9435.973923
41.076923,20,9436.279974
33.0,66,9437.221895
-32.82,30,9437.755915
-35.15,30,9438.477405
-36.0,30,9439.015753
41.11194,30,9439.538968
-41.04,29,9440.024788
44.484694,19,9440.328125
-35.51,34,9440.836021
38.127273,34,9441.374122
-47.11,56,9442.268795
-38.45,28,9442.740068
35.121673,34,9445.241765
-44.48,27,9445.691709
-38.11,28,9446.184756
-37.86,41,9446.778278
-38.27,24,9447.123458
39.0,31,9447.614223
35.664207,50,9448.450688
-32.03,27,9448.923798
-35.05,24,9449.332048
45.0,27,9449.759936
-41.14,23,9450.152167
41.459627,29,9450.60256
-44.09,18,9450.866215
-32.43,29,9451.313429
36.0,27,9451.730884
41.437262,26,9452.130754
-38.09,26,9452.653977
-41.66,26,9453.124347
-33.0,29,9455.604085
32.013245,36,9456.257278
-35.42,25,9456.652771
35.504274,31,9457.099535
-45.0,21,9457.431097
44.165731,25,9457.753244
-39.0,34,9458.28251
41.593985,32,9458.861169
38.329365,32,9459.624948
42.0,28,9460.142723
-37.92,32,9460.681501
39.799859,30,9461.125864
-38.49,28,9461.546964
-35.28,26,9461.95215
41.595918,24,9462.33098
-44.81,27,9462.809784
41.775183,25,9463.467255
-41.34,24,9463.860467
-35.43,47,9466.620017
-43.97,30,9467.051565
44.155303,28,9467.487042
44.294452,16,9467.695117
-33.0,31,9468.19104
38.355469,32,9468.702307
-37.7,39,9469.397503
38.466238,25,9469.831206
32.369128,45,9470.578404
32.042146,27,9470.954463
43.931708,16,9471.422509
-32.31,56,9472.250643
-37.56,23,9473.217576
44.677116,27,9473.694719
-33.0,41,9474.380575
-45.0,21,9474.760969
30.0,32,9477.153898
-41.81,26,9477.606985
-44.14,21,9477.945403
32.891156,35,9478.498592
-35.11,34,9479.006442
43.573469,22,9479.442746
-41.54,33,9479.927205
39.0,29,9480.362353
34.214173,37,9480.918386
-35.24,31,9481.41538
32.317757,35,9481.968645
-41.33,34,9482.570484
42.0,60,9483.652628
41.254355,24,9484.322382
-40.76,26,9484.777913
41.782787,34,9485.451441
44.52766,14,9485.740915
-41.84,21,9488.24002
-41.27,30,9488.754788
-38.27,30,9489.540102
-44.93,18,9489.831274
42.0,18,9490.147331
-35.88,38,9490.650823
-34.44,28,9491.33062
37.448453,37,9491.931865
-36.0,26,9492.333723
44.755102,25,9492.684675
-41.56,29,9493.096143
35.350943,26,9493.524418
-41.49,31,9494.055078
35.558394,46,9494.867481
-38.71,22,9495.263641
-40.98,30,9495.786191
-41.37,27,9496.235279
36.0,29,9496.722087
-37.55,28,9499.285594
-35.14,25,9499.685708
-41.28,37,9500.253236
32.313333,35,9500.815912
35.8,38,9501.462326
38.116075,29,9501.977648
34.965913,32,9502.460848
-38.08,33,9503.115316
-38.88,35,9503.959751
-41.97,40,9504.812301
32.661654,29,9505.424137
39.448815,24,9505.910464
46.495072,19,9506.33472
38.676157,36,9507.16985
-41.15,28,9507.923838
-44.82,28,9509.21747
-47.84,31,9512.280998
-35.68,26,9512.704681
36.0,33,9513.248838
44.196364,22,9513.735561
-38.46,27,9514.367707
35.030029,34,9514.99825
41.9,24,9515.43242
-38.17,27,9515.887604
-43.92,31,9516.34161
-35.18,35,9517.864529
38.550218,34,9518.487442
-39.0,23,9518.973523
-37.57,28,9519.513323
40.309584,37,9520.185172
32.128302,30,9521.039635
-34.65,31,9521.644942
41.355212,29,9522.612304
38.223505,35,9525.713755
39.0,28,9526.177829
-44.57,17,9526.378757
-38.44,23,9526.706637
-41.41,28,9527.226395
-41.59,37,9528.182313
-35.14,42,9529.079811
-38.72,34,9529.747047
-38.52,32,9530.322591
-38.1,32,9530.927423
44.804054,29,9531.483085
-32.11,29,9532.037653
41.205128,23,9532.42851
35.296804,35,9533.088245
44.148289,44,9533.933087
-42.0,28,9534.445296
39.0,24,9534.867218
44.087452,18,9535.18692
-35.06,29,9538.100928
-32.4,36,9538.653262
-34.84,30,9539.237047
37.014096,34,9539.945827
43.0737,25,9540.428266
44.095057,38,9541.121929
-32.09,26,9541.567088
35.082491,35,9542.158172
38.388199,23,9542.400438
-35.73,28,9542.911857
46.887112,19,9543.487926
32.191176,33,9544.101442
-32.6,35,9544.699314
41.095142,27,9545.40662
35.157818,34,9546.052698
-41.79,23,9546.499583
38.658703,44,9547.401152
32.625571,28,9549.68499
41.469512,25,9550.086469
-35.51,25,9550.506021
-38.64,24,9550.975464
-41.33,28,9551.788327
-34.77,36,9552.472431
-35.19,41,9553.253384
-40.54,32,9553.79588
-41.23,29,9554.349141
-35.88,31,9554.915508
-37.87,24,9555.400023
-41.77,26,9555.882924
44.391144,30,9556.426964
44.369919,20,9556.798515
41.225166,26,9557.280956
38.250909,53,9558.260366
-33.0,26,9558.753201
-35.51,26,9561.185102
-42.26,45,9561.813051
-44.71,20,9562.188957
37.603846,27,9562.706781
44.629139,26,9563.173509
-34.87,33,9563.81709
41.412969,26,9564.368256
38.732283,29,9564.870296
44.743191,23,9565.496416
35.581395,30,9566.099541
34.209556,36,9566.820647
-35.47,33,9567.428499
37.20058,29,9567.957398
-38.5,25,9568.397495
35.149091,35,9569.077016
41.5,28,9569.582812
-39.0,28,9570.117663
-38.18,40,9572.853046
47.288889,31,9573.446394
-44.25,19,9573.847757
-37.41,27,9574.350399
-35.3,23,9574.819517
-38.51,33,9575.464267
-32.37,31,9576.070559
-40.04,34,9576.73735
-37.39,30,9577.314913
-41.78,23,9577.715093
40.93525,54,9578.882469
-43.14,35,9579.73364
41.270758,25,9580.217829
47.073077,59,9581.331507
35.421642,24,9581.787659
-35.0,29,9582.330929
-44.3,26,9584.478447
32.647619,30,9585.005486
-34.49,32,9585.556633
-38.43,23,9585.952279
41.037313,23,9586.39775
38.321293,39,9587.120953
-41.69,19,9587.448206
41.770213,37,9588.146429
-45.0,27,9588.677015
-38.41,32,9589.270921
-32.79,28,9589.8026
-39.0,25,9590.261785
41.462988,22,9590.663505
-39.0,26,9591.113584
41.368217,29,9591.674354
38.683128,33,9592.273054
32.803859,41,9593.115365
-36.0,28,9593.548815
-40.88,33,9595.902634
35.5,33,9596.546287
39.0,34,9597.224673
34.920814,32,9597.824621
-44.55,29,9598.38393
40.643574,27,9598.91652
-43.43,22,9600.005058
47.542845,33,9600.635742
39.0,34,9601.253327
34.769736,34,9602.005214
-38.77,28,9602.54042
-33.0,40,9603.268996
38.940063,32,9603.890029
43.744544,22,9604.317673
48.0,33,9604.920556
-38.69,30,9605.380663
-38.5,25,9605.744127
-41.4,24,9608.908848
-32.84,45,9609.745276
-38.16,31,9610.365513
36.0,27,9610.84672
-37.81,59,9611.934427
38.376656,30,9612.491187
38.01845,32,9613.104231
35.228723,41,9613.906244
39.0,29,9614.433732
42.0,29,9614.946849
32.692073,42,9615.690809
33.0,59,9616.671388
-41.3,28,9617.104125
42.0,20,9617.420319
41.253894,48,9620.620433
-41.5,29,9621.169405
-41.37,42,9621.975327
35.406475,27,9622.465844
40.789157,25,9622.906922
40.811345,24,9623.358989
44.122744,20,9623.735841
40.305556,23,9625.133163
-38.43,27,9625.646178
-38.17,24,9626.212276
-33.0,41,9627.046412
35.437262,37,9627.625576
41.912548,27,9628.031229
42.0,27,9628.441051
35.75,40,9629.043503
38.602273,32,9629.595024
-38.95,29,9630.082986
-36.0,27,9632.682355
41.084615,22,9633.105091
-38.83,34,9633.715736
-41.01,19,9634.068698
41.390728,33,9634.693388
-38.07,25,9635.16123
-33.0,34,9636.00154
34.953713,43,9636.976139
-41.11,36,9637.620462
36.0,51,9638.452056
-43.77,25,9638.828553
-44.88,20,9639.136776
-44.41,24,9639.491573
41.460674,34,9640.072109
43.825501,31,9640.5996
-35.44,38,9641.293562
-38.9,33,9643.98451
35.712062,27,9644.505378
-38.53,39,9645.314449
-33.0,30,9645.94389
-43.08,26,9646.422102
43.162873,19,9646.740077
-32.58,35,9647.403151
-37.53,28,9647.972926
32.424125,34,9648.615047
-41.39,18,9648.917061
40.818284,26,9649.328101
-34.93,32,9649.800893
-41.54,38,9650.475661
-41.67,25,9650.881634
-38.57,27,9651.351278
30.0,35,9652.026344
46.707746,21,9652.406753
-34.95,28,9653.746339
-38.31,38,9656.591888
41.706231,29,9657.126109
35.347682,32,9657.76167
-41.32,26,9658.223704
41.5,43,9659.08394
32.502075,37,9659.845844
-32.69,33,9660.371147
40.149226,28,9660.80658
38.207746,34,9661.299129
32.158385,47,9662.064075
-35.92,30,9662.667332
38.124297,35,9663.338088
44.440972,18,9663.696
-42.0,24,9664.328843
-40.27,29,9664.967891
44.819188,25,9665.489542
-35.31,60,9668.770294
37.66554,33,9669.373605
38.1,25,9669.869143
43.583734,28,9670.357927
38.804714,23,9671.363309
41.804795,26,9671.820002
-41.3,31,9672.243376
-35.0,32,9672.761522
-39.0,20,9673.076804
42.539336,25,9673.507363
-44.1,19,9673.859175
-43.98,29,9674.419694
-36.81,31,9675.008947
35.752852,27,9675.551
41.601626,24,9676.188222
35.608209,30,9676.757312
38.416107,25,9677.590379
-44.33,34,9678.212207
41.930233,19,9680.687012
32.259615,41,9681.515985
-32.81,36,9682.250511
-40.53,31,9682.820052
-42.89,25,9683.226735
44.543919,22,9683.513169
44.6907,73,9684.651304
41.317694,37,9685.285923
41.618123,30,9685.755263
-35.32,32,9686.343214
-41.07,27,9686.871323
44.231544,25,9687.314103
-41.76,18,9687.670096
38.29434,41,9688.417767
-32.05,40,9689.13022
38.664614,43,9692.220417
41.028112,24,9692.642985
40.075198,25,9693.04822
-38.15,23,9693.42626
44.295772,33,9693.931942
41.629091,21,9694.301683
-43.95,44,9695.059084
35.421687,24,9695.435793
41.433735,24,9695.797907
-34.72,29,9696.305582
47.439271,80,9697.737697
-44.49,31,9698.27677
-38.13,36,9698.938037
38.186441,23,9699.396377
-35.21,30,9699.947821
32.901515,34,9700.587314
-32.56,27,9703.120414
-40.9,25,9703.537872
42.0,28,9703.98815
41.023166,74,9705.206912
43.857143,21,9705.536462
-40.96,42,9706.239584
35.728571,30,9706.72959
35.046218,26,9707.143694
-35.24,30,9707.692567
-39.0,22,9708.134379
-38.5,24,9708.585269
38.836177,56,9709.823449
35.552174,24,9710.296191
-37.43,33,9710.88492
-47.06,18,9711.231953
37.755319,26,9711.73067
-32.9,35,9714.31534
32.270627,35,9714.869804
-41.26,22,9715.225083
41.968992,77,9716.545841
32.643963,39,9717.181737
37.067439,32,9717.708215
38.078358,30,9718.488628
-40.83,20,9718.88521
41.438017,30,9719.434101
36.0,30,9720.025058
44.245955,25,9720.492565
38.555556,29,9721.024871
37.67134,29,9721.561834
-35.76,26,9722.06755
32.596026,28,9722.593023
39.0,27,9723.134001
-43.3,49,9725.755919
39.112584,23,9726.13122
-33.0,73,9727.368108
-38.41,34,9727.914691
-34.99,34,9728.472356
-32.6,29,9728.990445
-43.05,36,9729.659432
-37.02,38,9730.339836
-44.17,12,9730.597592
-44.15,26,9731.070222
40.328693,30,9731.625334
-33.81,28,9732.184426
-38.44,26,9732.658103
38.900398,29,9733.196331
-38.44,27,9733.708394
36.0,28,9734.283466
-32.24,53,9737.276279
-46.98,27,9737.743158
41.508721,22,9738.12714
-40.7,31,9739.449005
32.412969,96,9741.043965
-41.14,29,9741.596027
32.680982,35,9742.214176
-38.83,41,9742.934283
35.433824,29,9743.467796
-43.43,22,9743.911942
41.452555,32,9744.517289
-32.68,34,9745.749816
44.206897,23,9746.217878
-36.0,30,9746.773073
38.496403,24,9749.289238
32.002571,40,9750.089247
-45.0,19,9750.409183
-41.88,25,9750.826131
-41.33,30,9751.2957
32.9,38,9751.919625
44.5,24,9752.306052
34.554688,28,9752.806899
-40.51,35,9753.471032
-32.3,32,9754.069107
-32.17,34,9754.702227
-33.0,30,9755.314363
37.457692,41,9756.107262
-35.25,30,9756.70988
-40.79,24,9757.131707
-35.82,37,9757.831161
41.118519,21,9758.217439
36.0,32,9760.779054
44.306696,21,9761.159415
-40.28,41,9761.804935
-38.37,32,9762.315918
-38.13,26,9762.727404
-32.75,26,9763.164201
-44.9,24,9763.631093
-35.57,27,9764.393288
-40.73,26,9764.896716
-41.88,33,9765.541793
40.718671,26,9766.03928
32.838583,52,9767.035244
42.0,22,9767.445568
37.619996,43,9768.261748
32.280769,32,9768.856354
-33.0,32,9769.457459
-38.58,27,9769.876785
-41.68,28,9772.416333
-32.72,28,9773.014466
44.521271,27,9773.451829
38.27881,24,9773.837099
38.361111,26,9774.236864
41.117393,62,9775.19249
35.413462,31,9775.802631
-41.23,32,9776.391436
36.0,28,9776.928722
38.361516,29,9777.456584
-34.75,38,9778.120651
-41.91,18,9778.448454
45.0,32,9779.045507
38.071466,38,9779.732064
-41.78,31,9780.319507
38.052265,30,9780.848096
41.877953,26,9783.354262
-42.0,21,9783.724357
35.773585,26,9784.148771
43.966312,20,9784.486296
-41.84,24,9784.859722
37.964523,40,9785.529583
40.008059,51,9786.493218
44.250681,27,9787.020172
44.653968,19,9787.366854
-34.86,45,9788.185297
-32.02,31,9788.756828
40.765103,31,9789.335205
-38.35,26,9789.836247
35.651582,32,9790.678825
39.0,31,9791.240143
38.747544,31,9791.804648
46.379379,22,9792.196377
38.600746,40,9794.822533
38.802281,35,9795.400832
-44.24,24,9795.769039
-35.41,28,9796.205758
35.692884,31,9796.757668
41.507043,29,9797.295123
41.41292,30,9797.844761
33.0,32,9798.399344
35.081301,30,9798.947296
-35.79,31,9799.731259
35.144366,31,9800.336805
-44.41,19,9800.704094
46.61085,32,9801.295211
-40.5,28,9801.833259
35.556338,37,9802.544368
-37.68,23,9802.911053
41.01594,33,9803.417442
-32.76,57,9806.282473
-43.29,26,9806.703628
-43.43,24,9807.075397
-44.05,31,9807.537732
-38.5,26,9808.004504
-39.0,29,9808.578385
-40.13,29,9809.124471
-44.87,31,9809.712617
-35.91,22,9810.105859
35.346008,33,9810.73712
-44.56,16,9811.03016
-42.0,23,9811.450135
-41.24,29,9811.978909
-44.23,21,9812.415948
38.845238,48,9813.292852
44.057047,21,9813.66098
32.756654,31,9814.140525
39.302997,29,9814.606075
-41.41,23,9816.991275
40.074818,35,9817.645567
-36.0,29,9818.235529
-44.74,26,9818.6519
32.327586,31,9819.224599
-41.91,22,9819.628404
37.438787,33,9820.180312
39.0,38,9820.957092
47.620408,19,9821.317002
34.675405,46,9822.159795
-34.94,41,9822.889208
33.0,38,9823.56988
-42.0,18,9823.902368
-46.55,37,9824.543752
-32.25,33,9825.027432
-41.46,24,9825.646319
-42.0,32,9828.013793
-41.43,22,9828.35891
39.0,22,9828.678992
-38.28,36,9829.301163
35.399417,33,9829.944226
-32.59,28,9830.425926
44.459459,24,9830.843525
40.980662,23,9831.25059
41.088372,36,9831.906487
40.500534,32,9832.511795
-35.24,27,9832.99169
-41.1,40,9833.712431
-34.25,40,9834.396131
41.608392,29,9834.891292
-35.24,52,9835.763345
36.0,20,9836.097496
37.848826,33,9836.68037
-32.28,30,9839.233248
35.120155,27,9839.613098
39.0,44,9840.360785
38.242991,21,9840.752038
-41.88,32,9841.315687
36.0,32,9841.880903
-44.24,22,9842.314556
-42.0,20,9842.845177
40.656708,33,9843.443344
44.050903,33,9844.027354
39.0,31,9844.553951
41.818182,36,9845.141215
-38.3,25,9845.543498
-44.16,35,9846.132797
37.790438,30,9846.570719
-34.96,34,9847.076312
32.075829,39,9849.758024
35.482207,38,9850.429252
44.141689,66,9851.836399
-41.14,22,9852.208034
-38.35,47,9853.034667
43.990301,19,9853.35442
38.447368,27,9853.856694
38.391941,31,9854.370729
-40.38,34,9855.258037
-41.15,27,9855.939445
35.463314,51,9856.726825
38.883436,44,9857.378501
-37.92,31,9857.871348
44.873362,22,9858.188422
-32.31,31,9858.681954
35.431481,31,9861.071605
35.837748,34,9861.675342
40.560204,30,9862.205076
-45.0,31,9862.735149
38.902344,23,9863.175005
-41.11,51,9864.052849
38.5,57,9865.067771
41.402878,24,9865.5381
-42.0,27,9865.987041
41.6639,29,9866.466386
37.138756,39,9867.08037
-42.0,23,9867.451259
-37.56,29,9867.912632
-38.34,29,9868.611314
-32.3,35,9869.1915
-35.85,34,9869.718595
-32.34,34,9872.147935
34.248979,32,9872.705127
47.626459,13,9872.922404
-43.54,23,9873.336957
-47.34,41,9874.084229
38.527559,35,9874.737468
-35.16,26,9875.184204
34.820846,29,9875.744352
44.125242,29,9876.474185
-34.54,45,9877.219372
-35.08,36,9877.770569
-41.77,25,9878.145812
38.020833,20,9878.450515
39.0,39,9878.980953
-32.91,29,9879.424011
38.791506,35,9879.968068
38.69084,33,9882.477002
44.168,25,9882.926071
-41.76,23,9883.34174
42.0,24,9883.820509
-35.34,33,9884.408869
41.164093,19,9884.745953
-36.0,24,9885.196005
32.186441,32,9885.748184
-44.14,18,9886.055365
35.425693,32,9886.630894
-44.87,17,9886.917253
-32.86,34,9887.430581
34.821429,24,9887.904505
-35.18,29,9888.3241
-41.0,33,9888.784242
-48.0,35,9889.276397
32.626556,41,9889.967788
38.027459,28,9890.409928
41.414634,24,9890.850857
44.046025,22,9893.176352
34.039592,29,9893.907519
38.612903,23,9894.308251
-41.07,22,9894.658853
38.630189,37,9895.305848
-38.92,18,9895.611936
36.870911,35,9896.282477
41.269547,28,9896.745033
32.024845,33,9897.329797
36.513397,42,9898.019401
41.016556,34,9898.543972
-39.0,28,9898.968716
32.473684,41,9899.530713
-33.0,64,9900.475536
38.469813,26,9901.087535
35.22179,29,9901.57808
-38.59,26,9904.011729
-39.0,23,9904.422318
42.0,40,9905.106817
-41.32,24,9905.508264
-43.02,32,9906.071904
-34.24,31,9906.589751
41.229226,28,9907.117348
44.733607,19,9907.477821
37.673381,24,9907.93552
38.902527,25,9908.336039
-41.38,26,9908.743178
35.315574,51,9909.468593
-41.64,29,9909.872622
-35.49,25,9910.259221
-32.16,30,9910.720358
-38.77,21,9911.068312
-41.4,29,9911.600885
-46.23,42,9914.27752
35.392371,26,9914.739375
-46.77,27,9915.224994
34.032601,30,9915.888674
38.284248,61,9916.913018
-35.48,29,9917.422119
33.0,37,9918.22934
47.138075,22,9918.593418
32.975945,28,9919.050998
-37.52,34,9919.58662
-38.56,40,9920.17665
37.371892,33,9920.698468
44.737864,28,9921.140237
41.261818,23,9921.53019
34.532143,55,9922.508433
-39.0,23,9922.952723
-42.71,22,9925.350202
41.701299,28,9925.841831
-38.23,30,9926.414088
-41.12,31,9926.987185
40.485675,43,9927.96172
-35.08,29,9928.46516
-33.0,23,9928.865636
-38.66,23,9929.273676
42.0,29,9929.696167
39.0,26,9930.064746
41.712644,60,9930.931238
44.586345,28,9931.405575
-41.88,25,9931.824139
33.0,45,9932.683074
-35.02,27,9933.167223
41.443609,22,9933.54682
-40.65,37,9936.099987
38.197133,43,9936.800533
-41.18,28,9937.306233
-35.24,33,9938.76822
32.723127,32,9939.348939
41.321705,28,9939.878365
-37.85,46,9940.536871
41.126354,27,9940.909967
41.478431,23,9941.266213
32.901575,33,9941.794067
35.9,31,9942.26732
41.458333,23,9942.69215
38.378182,33,9943.243053
-35.62,23,9943.699277
-38.44,22,9944.09544
39.0,27,9944.592607
-39.0,26,9945.195367
41.708475,25,9945.680582
41.165323,19,9947.986268
-35.57,32,9948.551641
41.096613,31,9949.109339
35.496403,38,9949.744064
-34.85,25,9950.171104
41.318761,59,9951.046014
-39.0,20,9951.344416
42.0,28,9951.765904
41.218107,18,9952.035866
32.144487,32,9952.525225
-35.39,24,9953.163032
-35.01,29,9953.632705
-35.87,33,9954.24929
-38.53,34,9954.878078
36.0,34,9955.440632
-33.0,57,9956.422108
-38.35,23,9958.797131
-42.0,22,9959.168636
-38.11,25,9959.58682
-39.92,28,9960.094445
44.007407,23,9960.478136
32.881356,60,9961.378432
37.877446,25,9961.731672
-34.09,28,9962.119301
42.0,25,9962.487777
38.59816,30,9962.942638
-32.18,35,9963.473378
-43.54,23,9963.841587
43.910909,22,9964.2276
-32.76,36,9964.865332
40.155064,25,9965.284326
-38.19,27,9965.749874
-47.12,43,9966.520161
41.039583,27,9968.926821
-41.55,23,9969.409195
-41.2,27,9969.933762
-31.82,37,9970.574504
-44.08,23,9970.924241
41.305344,20,9971.226797
32.46988,37,9971.795805
-45.0,28,9972.230529
-46.9,20,9972.50827
-47.07,19,9972.794279
43.867063,34,9973.497098
-41.18,28,9973.931369
45.0,26,9974.349894
-38.3,35,9974.996166
-39.0,34,9975.670773
-40.79,27,9976.097166
-41.88,28,9976.572592
-36.93,36,9977.384753
32.775216,37,9979.965136
-41.27,23,9980.346703
-36.0,27,9980.783032
44.477912,20,9981.101588
-32.47,25,9981.481061
35.075188,42,9982.159809
40.324266,32,9982.680422
41.377698,39,9983.27757
-42.0,41,9983.932294
39.0,70,9985.095817
44.1843,16,9985.376959
-38.69,27,9985.856275
37.717582,30,9986.401037
-45.0,27,9986.876513
41.107143,25,9987.315052
-44.24,20,9987.672336
-35.2,27,9988.154279
-38.36,33,9990.647755
44.283333,25,9991.042038
41.637097,28,9991.43914
32.079245,30,9991.876151
48.0,37,9992.411948
41.891697,28,9992.822846
-38.78,28,9993.246269
43.869831,31,9993.739286
37.646226,45,9994.378581
38.279412,33,9994.936624
-45.0,32,9995.691135
47.574803,24,9996.117319
38.215094,27,9996.607374
-41.54,18,9996.943857
-44.77,18,9997.247534
38.895582,27,9997.6799
-32.49,32,9998.246269
44.193146,32,10000.939195
41.321138,33,10001.418459
38.493289,28,10001.999026
-42.0,23,10002.397889
-39.0,24,10002.759135
40.059643,38,10004.013646
-39.0,24,10004.39615
35.445557,31,10004.881003
47.305085,20,10005.19043
36.0,26,10005.601644
42.0,26,10006.079756
-38.88,21,10006.421897
41.100402,34,10007.065375
33.0,33,10007.602542
-35.35,49,10008.404567
-36.0,34,10009.003229
-46.59,30,10009.560709
39.0,59,10012.42456
-41.7,35,10013.054631
-41.37,42,10013.800893
-41.0,59,10014.703568
37.329153,28,10015.100272
-38.35,27,10015.497083
-34.78,35,10016.080997
-34.41,27,10016.503083
41.612179,21,10016.87216
-41.44,36,10017.510264
-35.68,39,10018.153113
36.0,29,10018.619811
35.823105,63,10019.734761
-46.52,16,10020.137625
-45.0,25,10022.460588
-42.0,24,10022.82479
-37.35,43,10023.560711
-41.68,35,10024.237637
-41.91,22,10024.580334
-41.46,32,10025.078988
-35.77,25,10025.483433
35.732558,27,10025.886907
38.298113,29,10026.344015
34.911803,27,10026.83346
44.727273,25,10027.450343
44.142492,49,10028.262897
44.490775,29,10028.777966
-44.93,18,10029.064786
38.629091,24,10029.483934
-32.4,37,10030.134283
-41.88,32,10030.697309
-35.1,91,10034.120439
-32.01,32,10034.585456
32.516605,24,10034.951939
44.055375,24,10035.316832
-41.6,31,10035.794024
38.864583,27,10036.194496
44.3125,32,10036.727009
-35.23,26,10037.171123
47.461988,31,10037.733701
-32.43,37,10038.406037
-41.37,20,10038.763485
38.454198,28,10039.245128
-33.0,28,10039.727433
32.453061,31,10040.24057
38.209804,32,10040.771696
-44.28,28,10041.260525
-32.42,30,10043.655199
47.602941,13,10043.893646
43.507986,28,10044.404574
44.127946,30,10044.845929
-38.17,29,10045.283859
-32.17,53,10046.340718
-39.0,28,10046.846693
37.824074,39,10047.503459
-42.0,21,10047.892018
32.191748,36,10048.537413
-32.51,39,10049.213226
42.0,15,10049.504726
-41.25,31,10050.064874
-35.36,111,10052.180537
-42.0,32,10054.575248
-38.56,21,10054.884167
38.017606,27,10055.28081
-44.59,29,10055.701186
-33.97,37,10056.25474
35.88189,36,10056.835595
-43.71,30,10057.377694
-40.34,33,10057.928987
38.5,30,10058.451366
-37.22,36,10059.076569
-43.24,26,10059.534666
36.0,35,10060.087111
35.866873,36,10060.707679
-38.58,39,10061.399817
38.028455,38,10062.112119
32.5,34,10062.635675
-39.51,32,10064.989976
-35.12,26,10065.377086
39.0,30,10065.80405
38.630282,28,10066.218369
-41.24,44,10066.971327
-39.0,35,10067.569896
44.586345,25,10068.005617
32.811388,31,10068.704138
-44.25,24,10069.143359
44.241552,27,10069.636615
-38.36,29,10070.320639
32.463878,31,10070.884133
35.609375,32,10071.50543
42.887796,25,10071.948588
-40.78,30,10072.436237
34.793962,44,10073.09227
32.313953,34,10073.601514
41.186235,20,10075.779222
-41.75,23,10076.142523
-32.41,30,10076.623274
41.300771,30,10077.152437
-41.13,29,10077.884548
34.904228,37,10078.52896
-44.82,48,10079.388905
32.45977,32,10079.958174
-32.57,29,10080.443911
42.0,38,10081.069463
45.811065,24,10081.49258
-35.28,40,10082.185796
36.890334,41,10082.896898
46.724908,28,10083.356505
43.932204,35,10083.909425
44.374721,29,10084.362216
-35.1,31,10086.556602
-44.73,28,10086.99928
-33.0,50,10087.840736
41.529057,31,10088.397727
44.418182,22,10088.785017
38.083032,21,10089.127626
41.834532,20,10089.497324
-40.92,28,10089.979698
-44.52,19,10090.35175
43.714709,26,10090.857232
-35.69,28,10091.311435
35.575342,50,10092.196372
44.542373,23,10092.582228
34.708713,31,10093.108533
-37.87,26,10093.606099
35.443662,29,10094.029778
35.804878,36,10094.64217
-38.12,26,10097.057088
38.175959,27,10097.457608
41.11284,27,10097.914813
-35.83,34,10098.512848
41.752907,40,10099.241171
-38.66,21,10099.592072
-40.98,36,10100.202706
38.728022,47,10100.997338
-41.37,33,10101.559671
47.275,15,10101.843569
43.755214,30,10102.587919
44.417765,25,10103.039762
-41.67,21,10103.381656
42.0,34,10103.936135
38.876761,24,10104.291345
-35.21,47,10104.9812
38.378277,27,10105.369064
-35.37,33,10107.759278
41.433579,29,10108.205634
34.91791,56,10109.169962
36.0,35,10110.102173
-47.15,15,10110.364819
-32.91,35,10110.95926
-32.81,33,10111.483866
47.085938,19,10111.817468
37.971831,27,10112.303806
41.683502,28,10112.791895
-35.71,31,10113.32976
39.474407,46,10114.109616
-32.6,33,10114.609595
-41.2,29,10115.045452
-33.0,38,10115.630984
-33.0,29,10116.108065
32.300341,38,10118.682945
38.4,25,10119.182076
-39.0,26,10119.654991
-39.0,32,10120.225286
-38.4,62,10121.428612
32.446721,30,10121.957227
-41.08,28,10122.437749
32.762821,32,10123.080899
-41.22,19,10123.43023
-41.52,28,10123.945324
-41.19,27,10124.378002
-36.94,32,10124.83228
-32.43,28,10125.250122
-39.9,23,10125.596381
-41.91,21,10125.912238
-40.51,40,10126.574517
-37.76,27,10127.304274
40.801611,41,10129.907208
41.258964,18,10130.21518
35.617162,29,10130.743881
-38.81,24,10131.164471
34.450689,38,10131.842323
-37.15,40,10133.448133
-44.12,26,10133.938085
-41.6,21,10134.324949
-41.99,23,10134.72925
-34.46,50,10135.523869
41.420139,19,10135.81343
41.215938,22,10136.125031
-44.23,22,10136.445603
-41.51,23,10136.840849
-38.15,29,10137.32729
47.5,24,10137.731629
38.902344,29,10138.239816
-35.13,31,10138.692897
38.131799,47,10142.421208
43.877523,35,10143.016606
38.3125,29,10143.522767
-32.65,37,10144.155285
-46.83,21,10144.518403
41.519868,19,10144.841676
-45.0,23,10145.230229
32.279412,35,10145.818334
-37.78,29,10146.365992
-44.32,72,10147.550158
-47.13,21,10147.877163
-44.16,22,10148.200316
-41.73,24,10148.572179
-35.54,28,10148.980131
-44.62,40,10149.556973
-38.38,29,10150.131799
37.831697,29,10152.557051
-41.35,26,10152.973031
42.0,23,10153.610154
-40.13,36,10154.211897
-41.58,24,10154.618017
-41.31,22,10155.018904
-38.29,36,10155.652698
35.902878,50,10156.464336
-45.0,20,10156.773879
38.123636,27,10157.168652
45.0,20,10157.494647
-40.82,24,10157.859668
-41.56,26,10158.278771
-37.98,27,10158.814902
-38.59,27,10159.21165
41.680934,27,10159.595379
43.065683,27,10160.106729
41.478788,38,10160.737995
41.876923,33,10163.140737
37.400675,28,10163.64332
-41.22,36,10164.28336
-43.75,19,10164.804865
40.382142,27,10165.279408
-44.27,19,10165.614634
38.854701,32,10166.164424
-42.0,32,10166.860124
-37.14,24,10167.307641
-43.66,42,10168.070682
35.120833,28,10168.490786
39.0,31,10168.951432
40.514726,21,10169.528552
38.629091,27,10169.940733
34.613139,27,10170.356184
-32.07,25,10170.75207
-32.3,26,10171.161944
38.695817,21,10171.468293
38.467681,32,10174.050142
-42.0,14,10174.295246
-46.43,31,10174.87593
-44.58,19,10175.246559
-35.03,27,10175.679197
32.598662,37,10176.319203
34.687291,33,10177.207289
38.375,29,10177.631581
32.429719,35,10178.151621
44.504644,25,10178.54762
42.817508,25,10179.052535
41.685897,27,10179.506737
-44.52,15,10179.763139
43.106685,53,10180.830238
-44.62,30,10181.324767
-44.18,24,10181.698145
-37.96,29,10182.226498
38.185441,27,10182.692967
43.689271,28,10183.274639
-32.42,32,10185.778237
45.0,24,10186.209503
44.077882,20,10186.552989
-35.39,32,10187.090654
43.821814,24,10187.533912
-41.51,22,10187.865127
47.163866,16,10188.111889
-47.23,16,10188.349673
-38.15,26,10188.756585
-35.61,27,10189.164347
41.325301,35,10189.757505
-35.63,28,10190.178906
-47.65,13,10190.381146
-35.55,31,10190.843577
32.524017,31,10191.311651
-38.47,24,10191.681215
-42.0,38,10192.6724
-34.1,41,10193.453903
-44.11,25,10193.917013
-38.17,34,10196.511852
-44.01,25,10196.995717
-33.0,26,10197.645616
-38.69,48,10198.428531
40.818165,19,10198.731421
32.401515,31,10199.175786
32.341549,42,10199.89045
-38.54,44,10200.595654
35.632727,29,10201.056681
37.669118,38,10201.668065
-43.62,25,10202.04089
41.291391,26,10202.842935
-37.71,116,10204.880222
-42.0,23,10207.28427
32.455882,35,10207.903558
41.366337,26,10208.351954
-43.95,77,10209.484233
43.294676,45,10210.229001
-42.0,29,10210.719897
-39.0,16,10210.947437
-41.64,36,10211.533949
-44.78,19,10211.83724
35.041958,30,10212.293517
-37.81,63,10213.370812
39.0,32,10213.922516
-41.08,24,10214.354086
37.21213,27,10214.817024
-41.65,23,10215.219909
-35.44,43,10217.90509
39.0,24,10218.324385
42.0,44,10219.003561
-35.67,39,10219.555981
41.786765,27,10219.939799
-41.32,33,10220.4664
-40.3,72,10221.629506
-41.04,21,10221.968791
-38.91,29,10222.410257
34.716228,54,10223.589434
46.367092,23,10223.996801
32.515748,39,10224.711883
-32.12,31,10225.232883
36.0,26,10225.708593
-40.9,38,10228.436958
-44.74,20,10228.734381
-40.99,28,10229.153387
32.717949,34,10229.640518
-44.19,17,10229.868124
-40.87,29,10230.328107
37.778169,27,10230.924199
-40.19,27,10231.32544
-34.99,35,10232.331586
-36.0,29,10232.738523
-41.1,48,10233.712753
-32.07,56,10234.593129
40.683515,40,10235.221919
-41.07,22,10235.584023
-40.54,24,10236.001935
-37.59,22,10236.404364
-44.52,31,10236.937058
-32.19,34,10239.45506
39.0,22,10239.776595
-32.45,33,10240.260714
35.4,41,10240.934515
37.472322,34,10241.491536
37.925045,23,10241.853076
41.63354,31,10242.339185
38.365462,29,10242.792113
-41.38,19,10243.114302
37.590614,29,10243.597707
-41.81,26,10244.031421
32.803681,38,10244.663539
41.359813,29,10245.168212
39.0,24,10245.608023
-42.0,33,10246.222626
-40.67,25,10246.641595
37.640203,40,10247.791597
-35.76,28,10250.243954
-38.76,29,10250.662086
-38.88,25,10251.11409
38.043605,28,10251.53643
45.0,53,10252.392727
41.246781,127,10254.599713
37.355007,30,10255.140654
-41.89,65,10256.259013
44.44,20,10256.621041
-35.81,79,10258.21068
-40.25,28,10258.691536
35.138182,34,10261.097925
-42.0,36,10261.663436
47.71371,24,10262.022613
41.143959,23,10262.358159
41.901408,27,10262.798916
-43.07,26,10263.217296
-41.59,30,10263.716997
-43.71,25,10264.175394
-41.19,26,10264.630977
34.616924,38,10265.252153
-37.67,36,10265.945408
-42.0,28,10266.448191
32.669091,25,10266.888067
-38.27,31,10267.422128
-32.2,29,10267.910933
33.0,54,10268.757854
45.0,80,10271.873988
44.674847,44,10272.541766
35.136029,33,10273.067478
-41.76,28,10273.480759
-41.32,30,10274.053175
-36.0,55,10275.16365
38.843373,23,10275.53051
45.0,20,10275.911185
-39.0,29,10276.398574
-38.84,27,10276.905596
-39.0,36,10277.517313
-35.19,28,10277.994659
43.933218,26,10278.455799
-34.51,26,10278.893738
-44.76,26,10279.335861
-35.81,41,10282.015372
-41.71,22,10282.351035
41.606557,26,10282.748793
-44.63,27,10283.22915
-41.86,25,10283.839881
-35.59,33,10284.405146
-36.0,26,10284.867904
-43.52,21,10285.212766
-35.6,35,10285.889282
-44.7,22,10286.254011
38.92233,25,10286.686641
43.560774,52,10287.599017
-46.84,39,10288.299976
-35.72,32,10288.822167
-41.36,26,10289.266487
-35.81,28,10289.817003
-38.61,39,10290.565313
-36.0,35,10293.044956
-40.57,24,10293.40756
-41.19,40,10294.047361
-42.0,34,10294.524757
35.096958,30,10295.029283
39.0,24,10295.501375
38.62069,28,10296.032061
40.57874,42,10296.806308
-32.36,27,10297.280629
-37.71,49,10298.129155
38.800866,25,10298.575604
38.5,54,10299.522119
-40.87,26,10300.189855
46.492792,43,10300.919597
-47.04,17,10301.187905
-35.81,27,10301.662276
42.0,28,10304.024101
41.558962,19,10304.374323
39.245215,41,10305.048684
36.0,28,10305.532196
47.390947,15,10305.771513
-44.5,16,10306.071033
-32.11,38,10306.76047
-39.0,26,10307.254783
-41.06,24,10307.663063
32.720497,51,10308.569129
-39.78,25,10309.007265
41.543726,41,10309.966535
35.15203,42,10310.662405
35.259259,25,10311.117504
-37.87,36,10311.734981
-38.21,23,10312.145587
38.481343,26,10312.536768
35.169811,28,10314.778811
-41.6,23,10315.140276
32.601896,34,10315.658369
44.603636,22,10316.011165
44.157407,21,10316.385991
41.803774,21,10316.777152
32.490347,35,10317.373922
-41.38,26,10317.859074
-40.19,29,10318.400148
-47.74,27,10318.878576
-41.19,22,10319.287959
32.553506,24,10319.727105
44.113668,18,10320.010251
-41.12,23,10320.41825
-35.45,36,10321.040045
35.37069,33,10321.640082
48.0,23,10322.085472
43.782649,23,10322.467044
-37.91,34,10322.980012
-35.46,27,10323.374869
-38.16,25,10325.663661
47.01145,24,10326.094843
38.186207,28,10326.593685
-35.09,42,10327.611574
37.831187,33,10328.295625
32.140893,40,10329.003602
-41.28,37,10329.71499
-43.65,27,10330.199294
-40.67,29,10330.691343
38.147923,34,10331.29985
37.897315,26,10331.782834
-34.53,30,10332.291084
-47.09,22,10332.703506
-39.0,26,10333.125132
42.0,37,10333.714972
44.540441,22,10334.069465
44.59403,19,10334.404694
-37.89,29,10336.775752
40.544731,23,10337.368739
-44.19,20,10337.738869
44.11215,24,10338.17081
-36.9,37,10338.832925
32.658462,32,10339.374341
-35.56,25,10339.799234
-32.25,24,10340.212872
32.502058,38,10340.924332
-32.2,36,10341.548388
43.598901,25,10342.015039
38.379182,27,10342.496833
46.657108,22,10342.906254
42.0,19,10343.209758
35.112583,27,10343.635733
35.487085,31,10344.113228
42.0,19,10344.412052
-41.5,47,10345.095419
41.242798,22,10345.504305
38.718213,23,10347.761217
40.71872,40,10348.427088
38.395257,33,10349.031196
47.225424,22,10349.395423
-37.43,52,10350.33403
42.0,26,10350.788017
-43.2,22,10351.188203
-41.57,26,10351.642209
-44.01,21,10352.048002
-42.42,33,10352.625997
47.228873,28,10353.357138
43.77204,19,10353.663944
38.02,21,10353.980645
41.32523,39,10354.767435
35.424812,35,10355.29051
-47.61,23,10355.662296
37.783113,38,10356.271341
-38.8,27,10358.559604
38.135364,23,10358.944808
-37.59,24,10359.377025
-44.86,36,10360.019063
-32.55,39,10360.735835
44.705036,70,10362.072359
30.0,35,10362.894124
-38.42,25,10363.318898
-38.88,49,10364.218504
42.0,24,10364.588908
39.0,28,10365.053012
34.748653,56,10365.960644
41.68989,41,10366.62301
33.0,36,10367.153333
-41.28,20,10369.412174
-32.15,44,10370.04296
-35.56,41,10370.601705
47.23913,26,10371.090075
37.685007,26,10371.554749
-44.9,54,10372.455669
-41.06,24,10372.86308
41.247212,36,10373.46619
35.113358,41,10374.118736
34.774593,35,10374.696546
-38.93,24,10375.095163
-39.77,24,10375.433528
-41.76,29,10375.864101
38.367647,34,10376.380475
37.770708,30,10376.812494
41.269231,20,10377.14394
-41.44,29,10379.611622
37.779692,23,10380.039626
38.401067,30,10380.563805
-37.87,26,10381.00635
38.727564,27,10381.521587
41.205585,21,10381.886243
-44.12,38,10382.542554
35.493548,36,10383.17511
35.747292,29,10383.746186
35.209624,38,10384.441593
-45.0,22,10384.777122
35.902027,34,10385.367974
36.0,46,10386.067325
-43.7,22,10386.46146
43.506912,24,10386.820668
43.606984,20,10387.137896
35.225607,33,10387.654839
38.566667,30,10388.114339
35.717593,29,10390.645469
-39.0,24,10391.081273
-32.26,30,10391.621512
-38.72,31,10392.143363
-40.73,72,10393.406878
32.385093,37,10394.008365
34.945736,43,10394.795336
-35.54,37,10395.389954
40.155945,25,10395.777288
-44.03,21,10396.114682
-40.87,47,10396.825128
38.745455,31,10397.521043
40.34246,25,10397.878545
41.315475,27,10398.311588
39.0,24,10398.704349
-44.88,17,10400.968584
-32.88,34,10401.557246
42.857742,24,10401.971408
38.5,25,10402.438608
-35.06,34,10403.013684
40.367632,26,10403.461714
32.714286,39,10404.153853
-42.0,26,10404.818629
38.214022,31,10405.376537
44.708054,19,10405.671789
-32.63,31,10406.129299
41.624031,21,10406.429248
-44.56,20,10406.71636
44.955056,27,10407.134281
-41.48,25,10407.488638
-34.41,30,10407.92647
42.0,26,10408.321873
47.177914,18,10408.624666
41.334485,28,10409.062655
-32.44,29,10411.531954
44.446886,26,10411.940873
43.477729,23,10412.189383
-32.14,29,10412.580976
35.313131,37,10413.305171
-38.77,36,10413.96416
41.069091,27,10414.436079
34.853629,28,10414.923777
-38.59,33,10415.712947
-32.81,34,10416.3348
-41.9,20,10416.622158
35.170833,39,10417.238432
38.092527,37,10417.787337
48.0,12,10417.957354
41.875486,29,10418.454078
-42.53,41,10419.098987
40.897452,20,10419.421231
-37.37,31,10419.913494
40.448034,27,10422.336046
-35.38,31,10422.821409
38.333333,29,10423.31496
44.877622,31,10423.879271
-39.0,23,10424.306782
41.225455,20,10424.636249
42.0,29,10425.122317
35.319444,39,10425.766192
32.809651,30,10426.241969
40.952675,29,10426.656647
-41.15,22,10427.006656
-41.47,24,10427.372585
38.438272,30,10427.844688
-35.5,35,10428.432375
-43.76,28,10428.851818
-41.29,24,10429.217686
32.548287,32,10429.857232
32.826923,64,10433.60739
-38.55,44,10434.31039
41.014388,39,10435.005789
-32.05,27,10435.507463
33.0,52,10436.460711
-47.88,35,10437.006489
-41.39,24,10437.400301
33.0,34,10437.902238
-41.81,24,10438.266265
38.02766,27,10438.675038
38.11583,36,10439.222238
40.901646,27,10439.624102
35.102804,24,10440.004052
39.0,39,10440.596368
-35.66,30,10441.144995
-35.04,29,10443.744883
-35.91,28,10444.245434
39.0,26,10445.104143
38.795833,25,10445.544413
-37.47,27,10446.008072
44.764259,15,10446.304593
-38.05,24,10446.715312
-41.68,25,10447.104276
38.085109,37,10447.666774
41.084127,24,10448.017761
-44.6,31,10448.493233
41.902439,23,10448.957264
40.588889,23,10449.324314
43.894523,18,10449.602501
-44.05,31,10450.08359
-35.62,36,10450.653361
39.0,27,10451.073055
-32.65,35,10451.69906
-45.92,24,10452.130687
41.829837,27,10454.542502
44.185874,22,10454.935513
-40.58,26,10455.390997
-38.71,25,10455.84556
-39.0,21,10456.419009
-32.41,33,10456.972049
-42.0,31,10457.453337
-38.17,24,10457.811605
-37.1,89,10459.199457
-34.83,32,10459.664939
36.0,30,10460.143375
-37.54,27,10460.585569
-32.1,40,10461.226671
35.883117,53,10462.151814
38.681199,23,10462.563307
35.317308,29,10463.070827
41.010909,24,10465.469592
41.388976,28,10465.977431
-37.81,31,10466.494144
-41.09,27,10467.184558
-35.02,28,10467.772785
-38.78,27,10468.16556
38.558887,35,10468.734379
32.007435,32,10469.281224
35.389961,36,10469.894397
44.401408,42,10470.561793
-38.51,31,10471.071074
-33.0,44,10471.823486
38.404523,29,10472.327105
33.0,36,10472.900455
-35.83,40,10473.601005
-32.84,41,10476.233396
37.616002,42,10476.894151
-44.12,22,10477.198541
-41.17,28,10477.619348
-46.47,43,10478.258637
-36.0,29,10478.708874
-35.31,32,10479.227069
44.281659,23,10479.588927
35.648438,24,10479.947196
41.163701,50,10480.702515
38.343396,45,10481.386675
38.777778,48,10482.275635
-41.88,21,10482.845537
-32.77,39,10483.516478
35.410646,30,10484.071998
-35.56,23,10486.402045
-44.32,19,10486.729475
-44.86,19,10487.073375
40.886359,26,10487.515234
34.841866,33,10488.004552
-41.44,28,10488.460427
-32.76,37,10489.03659
41.079755,47,10489.884384
-32.52,38,10490.471459
36.0,27,10490.992146
-39.0,31,10491.472095
35.182186,32,10492.041143
35.255973,29,10492.627262
38.457766,29,10493.276428
-38.53,24,10493.846886
-43.18,29,10494.365599
43.45322,31,10494.887827
47.035294,22,10495.310024
39.0,43,10497.947527
41.379167,26,10498.356306
-35.91,40,10498.961612
44.788162,29,10499.421746
38.3367,32,10500.007205
-38.21,31,10500.814803
-35.26,35,10501.331592
-34.58,40,10501.952532
41.21831,22,10502.328467
44.036496,17,10502.649553
32.733333,34,10503.237409
35.875472,39,10503.907224
38.421154,29,10504.437464
-41.69,26,10504.921574
35.471545,41,10505.636697
32.060837,29,10506.131558
43.082823,48,10509.098844
-40.92,24,10509.432342
41.027042,28,10509.89396
-45.0,29,10510.361298
-35.53,43,10511.028298
30.0,37,10511.590662
-38.54,35,10512.128474
41.956693,29,10512.621062
32.756458,32,10513.189775
-46.96,17,10513.479324
37.201303,29,10513.972257
38.351724,25,10514.376769
-34.52,28,10514.933072
-38.05,26,10515.393077
-43.98,21,10515.787691
-35.66,28,10516.334161
-38.73,34,10516.915764
40.659666,24,10519.215678
32.75,34,10519.789845
-35.27,37,10520.66837
-32.42,32,10521.25085
32.363636,96,10522.706393
-41.28,27,10523.091339
-38.65,36,10523.827007
41.428571,26,10524.255413
-38.66,23,10524.660297
41.119534,23,10525.092577
32.865455,29,10525.618555
-35.12,33,10526.242515
41.299943,25,10526.678066
-46.06,24,10527.098117
-38.14,25,10527.538489
-33.0,27,10530.462256
41.445357,38,10531.106577
-32.21,36,10531.71866
-41.59,30,10533.184127
38.806452,23,10533.566837
41.27355,27,10533.996864
-40.75,59,10535.068846
-39.0,25,10535.701791
44.34632,28,10536.228794
-41.62,31,10536.790817
38.937778,21,10537.179379
-37.38,24,10537.596977
38.433099,28,10538.119431
-32.2,38,10538.764598
42.0,26,10539.229358
35.494648,36,10539.854667
39.709304,28,10540.31156
-37.59,25,10542.575942
-39.0,36,10543.121182
-37.04,37,10543.693164
34.791925,27,10544.16901
-41.48,22,10544.511391
38.8625,23,10544.91104
36.457289,30,10545.439227
-38.77,28,10545.954564
38.724138,33,10546.507897
-38.95,30,10546.996
35.509902,61,10548.356769
-32.17,40,10549.130951
-38.91,45,10549.886491
38.403846,40,10550.546479
-35.46,31,10551.005189
41.52,28,10553.310827
44.105839,28,10553.887641
38.507576,23,10554.260901
38.051613,26,10554.668896
-38.35,21,10554.984687
38.700361,24,10555.449402
-41.59,25,10555.876253
-41.18,22,10556.282314
32.329457,40,10556.974534
-32.4,34,10557.571379
33.0,23,10558.124323
34.984382,34,10558.694726
44.714829,26,10559.159845
-34.12,26,10559.60477
-38.36,25,10560.053549
38.622478,28,10560.506752
-38.26,30,10561.003813
41.740741,26,10561.601191
35.902985,33,10562.119405
-35.39,34,10564.5702
-32.88,36,10565.118053
41.224359,30,10565.62613
33.0,30,10566.149428
-35.39,37,10566.770068
44.339286,23,10567.171834
41.444444,36,10567.777999
35.370079,150,10570.392591
-39.0,28,10570.88742
-47.49,37,10571.533807
-38.62,39,10572.115323
35.055119,34,10572.651887
38.361624,31,10575.119275
41.093023,22,10575.453285
-40.27,22,10575.816716
44.455645,40,10576.579844
-34.69,39,10577.247993
42.0,28,10577.736029
36.0,28,10578.253214
-32.93,32,10578.789217
-35.04,28,10579.268083
-42.0,23,10579.711509
40.624273,28,10580.205899
-41.82,26,10580.653004
35.576336,25,10581.049042
35.7,66,10582.045684
43.41642,31,10582.626492
45.0,24,10583.050328
-32.2,30,10585.407741
41.049296,27,10585.805793
-35.29,23,10586.170151
-39.0,35,10586.880397
-32.47,32,10587.431679
-35.58,26,10587.916416
44.324723,19,10588.466675
-38.01,30,10588.973569
37.823256,27,10589.448308
43.495025,28,10589.93412
-41.71,25,10590.3348
-43.22,29,10590.839008
43.863437,20,10591.189944
44.48659,18,10591.463949
-38.19,28,10591.882395
-41.15,20,10592.312454
40.858974,28,10592.739368
-42.0,22,10593.094893
36.967816,68,10594.263306
32.658784,38,10596.765998
38.673352,44,10597.539623
-38.46,43,10598.34832
-32.83,39,10598.980221
-45.0,23,10599.380447
-41.27,84,10601.060933
-47.04,13,10601.289897
-41.52,34,10601.814546
-32.01,29,10602.300477
38.623412,26,10602.693903
32.425868,34,10603.217092
32.770677,31,10603.733627
39.0,37,10604.36958
37.46736,27,10604.885809
39.0,30,10607.236294
32.585366,37,10607.898209
-34.48,25,10608.311861
40.194367,32,10608.878176
-38.56,24,10609.31114
33.0,31,10609.906528
-34.42,43,10610.630318
-35.45,24,10611.075184
-47.65,28,10611.521524
-42.0,15,10611.763867
41.193606,22,10612.119821
-38.48,25,10612.503302
-43.51,22,10612.875165
35.671554,36,10613.486935
32.692015,32,10614.24854
41.027586,46,10615.035092
32.453968,33,10615.590575
38.440806,24,10617.805736
33.0,29,10618.271614
-35.53,39,10618.940231
45.0,27,10619.414967
-41.67,27,10619.902559
48.0,28,10620.367611
-35.77,52,10621.256062
35.73741,38,10621.786334
-32.6,47,10622.464177
-38.38,55,10623.280309
40.211561,42,10623.961821
44.536977,32,10624.546556
-32.07,33,10625.114201
37.654505,29,10625.605246
-39.0,28,10628.202549
41.293939,20,10628.518266
44.150746,20,10628.849814
38.081227,29,10629.350627
35.455479,33,10629.925857
35.798319,33,10630.475564
32.596296,29,10630.975174
-38.45,26,10631.436735
-38.76,31,10631.932248
34.374478,49,10632.705263
40.87466,36,10633.256625
33.0,30,10633.749005
-32.4,33,10634.34343
42.0,19,10634.657799
-32.49,28,10635.175618
32.476596,32,10635.745554
37.904558,28,10636.244967
35.636646,31,10636.793547
42.0,25,10639.139024
35.582707,30,10639.672443
-41.69,26,10640.109815
-32.82,33,10641.021017
-34.84,35,10641.629106
44.30303,25,10642.086791
-43.43,55,10642.939236
-35.3,31,10643.433733
32.072165,60,10644.387793
-32.02,32,10644.936143
-47.08,19,10645.248468
41.602564,30,10645.766628
-41.26,27,10646.282747
35.355828,32,10646.851054
-38.13,34,10647.475613
-47.69,19,10647.830137
-36.0,32,10650.197807
-43.71,38,10650.765346
40.540089,27,10651.230076
38.725118,33,10651.767639
-41.08,26,10652.201022
-40.49,28,10652.786046
-38.15,21,10653.252319
-41.54,25,10653.626641
-38.39,31,10654.09252
-40.88,28,10654.528555
-37.43,32,10655.041059
-35.26,47,10655.898844
-37.96,35,10656.494675
-35.05,29,10656.991006
38.471483,28,10657.494707
46.712483,23,10657.901887
38.569536,26,10658.347795
38.508287,33,10660.733524
32.752727,35,10661.348632
41.457792,34,10661.973349
-45.0,27,10662.467499
47.81457,22,10662.914223
-41.37,20,10663.294497
43.874613,21,10663.635765
38.585774,36,10664.175812
-40.38,40,10664.771184
-41.93,21,10665.127389
38.579151,23,10665.505454
47.2556,31,10666.042686
-40.27,24,10666.704763
-41.19,28,10667.194841
-32.94,31,10667.762524
41.943231,34,10668.371592
-38.49,25,10668.784718
40.805628,25,10669.10595
-35.54,29,10671.43206
-32.87,29,10671.91206
40.655556,26,10672.366235
40.746231,30,10672.873521
43.942359,35,10673.470917
32.298755,33,10673.957927
-38.49,24,10674.333591
40.29171,24,10674.691629
40.488993,27,10675.130132
-35.49,27,10675.536228
-44.73,30,10676.067588
40.190035,28,10676.581834
46.105769,40,10677.289933
41.257042,27,10677.843927
-37.77,51,10678.758648
40.960265,24,10679.349544
34.917671,35,10680.174611
-38.65,31,10682.565878
38.162055,40,10683.320443
-33.0,31,10683.817298
-34.71,37,10684.425742
44.295139,34,10684.930209
32.380567,39,10685.53032
-38.07,32,10686.055285
35.73384,35,10686.637469
-32.74,35,10687.224598
-47.47,27,10687.697397
38.714286,32,10688.250776
39.0,30,10688.749326
-40.55,25,10689.163982
-32.66,28,10689.627975
-44.9,19,10689.977224
-45.0,17,10690.245775
32.983051,31,10692.729506
45.0,27,10693.210439
-44.22,44,10693.999675
-41.34,27,10694.489599
-41.56,27,10694.921721
-37.74,35,10695.447114
32.506897,34,10695.925336
33.0,31,10696.440181
-44.21,40,10697.143024
35.711538,31,10697.677357
-47.01,28,10698.167362
38.013813,28,10698.665327
-32.03,48,10699.58272
-38.86,23,10700.024539
32.360153,34,10700.583106
-36.0,29,10701.00604
35.288194,29,10703.363596
34.928117,33,10703.882846
-38.06,31,10704.39745
-38.67,32,10704.866841
-32.1,29,10705.273495
-40.53,48,10705.995764
41.556391,22,10706.398379
32.709091,39,10707.20644
-38.9,39,10708.06133
39.0,29,10708.581506
37.89175,27,10709.053753
35.315589,26,10709.531309
34.943609,36,10710.208879
-36.0,34,10710.86185
-41.78,44,10711.565774
35.261974,41,10714.133054
-41.06,30,10714.63054
-44.84,28,10715.096808
40.49335,26,10715.492766
-35.87,37,10716.01829
-32.78,48,10716.740009
36.0,32,10717.283994
38.3375,30,10717.798725
-32.39,33,10718.471359
47.385455,18,10718.915747
40.279524,20,10719.296629
-41.7,28,10719.822219
-38.24,23,10720.292994
-36.0,27,10720.751912
36.0,28,10721.244911
-38.74,31,10721.762764
41.210782,34,10722.336421
35.39738,31,10724.756602
-41.75,30,10725.265881
44.865517,18,10725.506691
32.686047,29,10725.949385
-44.09,22,10726.320977
40.958332,28,10726.768555
44.875472,18,10727.045951
42.642676,31,10727.572094
33.0,33,10728.1536
32.779923,27,10728.641536
36.0,27,10729.121055
36.0,36,10729.786077
32.484099,38,10730.438349
-38.14,21,10730.868641
-37.96,27,10731.341335
-41.08,20,10731.744625
32.506897,34,10732.469894
-32.54,37,10733.039525
42.0,28,10733.475535
-43.64,19,10735.708758
34.773136,30,10736.161522
41.270677,22,10736.507123
38.616564,29,10736.960233
38.1841,33,10737.490443
-36.0,33,10738.030097
-34.91,32,10738.581102
43.811707,25,10739.065669
40.952193,35,10739.696137
34.908759,29,10740.226443
-40.61,26,10740.723335
-38.83,38,10741.445532
-43.75,45,10742.291485
-38.66,51,10743.07799
-41.69,26,10743.4978
36.0,41,10744.150435
44.5,17,10746.391977
40.830825,25,10746.783708
-35.51,29,10747.223571
38.043165,42,10747.837966
-45.0,24,10748.265458
38.402778,26,10748.692877
44.338235,32,10749.230956
-44.4,16,10749.504215
-33.0,31,10749.96394
41.740602,28,10750.438777
38.809264,23,10750.87956
-40.93,30,10751.688209
43.450032,24,10752.119668
-35.12,28,10752.667814
-36.0,27,10753.16955
34.680942,32,10753.639016
34.560241,27,10754.051878
-44.5,26,10754.441073
-41.32,35,10756.843738
-47.74,19,10757.149885
35.612245,27,10757.500727
38.043478,43,10758.103353
-43.2,28,10758.538687
39.886901,41,10759.424067
-35.12,53,10760.343334
-34.94,32,10760.936863
41.025597,32,10761.481333
41.578544,35,10762.083428
38.786008,31,10762.650578
-32.25,31,10763.195454
35.902685,24,10763.554868
41.708054,28,10763.968706
44.34456,23,10764.341218
-46.83,39,10764.915865
-36.92,54,10767.744612
-44.91,17,10768.008424
40.367289,25,10768.419332
38.608889,41,10769.045342
-35.14,29,10769.484572
44.174946,37,10770.109241
-38.13,33,10770.675427
38.433977,42,10771.448715
-35.08,32,10772.242995
-44.37,19,10772.602985
-46.39,25,10773.004863
-41.28,24,10773.388465
39.0,29,10773.875355
-38.22,30,10774.353035
-39.0,29,10774.799693
-44.8,32,10775.275721
-41.81,31,10775.927068
-35.33,29,10778.394535
-32.27,39,10778.9933
-35.88,28,10779.426112
38.740072,26,10779.832809
-37.87,25,10780.216773
38.269784,32,10780.753242
-39.5,37,10781.381377
38.297297,28,10781.911165
47.137703,66,10783.204399
44.115854,36,10783.793937
-32.54,52,10784.642355
-33.0,36,10785.459178
-41.35,38,10786.093273
-44.68,19,10786.42563
-32.23,45,10789.120797
-41.55,24,10789.442044
35.622517,30,10789.785096
44.089231,26,10790.208193
-32.21,37,10790.745004
-38.19,24,10791.112631
38.256654,60,10792.066884
37.717691,29,10792.588407
-35.45,62,10793.654933
-41.0,26,10794.09154
-36.0,34,10794.617119
41.688213,20,10794.906876
38.705094,29,10795.364845
-40.91,25,10795.765795
-44.08,27,10796.276122
-32.7,28,10796.746799
38.809886,36,10799.438026
-45.0,33,10800.015273
38.900641,28,10800.42343
33.0,40,10800.993417
42.0,41,10801.608423
44.962457,26,10802.036804
47.072289,24,10802.438305
-37.85,39,10803.092823
38.609756,24,10803.501395
-32.73,26,10803.951834
44.126361,26,10804.364443
-32.41,31,10804.822964
-47.02,19,10805.129514
40.920339,37,10805.681977
43.864378,26,10806.134451
34.461645,35,10806.796638
-35.0,31,10809.214202
-37.79,52,10810.097397
-38.35,39,10810.688316
-38.56,28,10811.10647
-32.91,43,10812.050722
37.680936,33,10812.604292
36.0,31,10813.115054
-33.16,40,10813.846343
-41.65,23,10814.238839
-35.02,50,10814.970202
-34.11,25,10815.359044
-44.26,21,10815.693131
37.825353,28,10816.143835
-38.13,27,10816.630622
-35.74,24,10817.054897
-38.07,28,10817.576803
40.780478,27,10820.012012
-40.36,22,10820.42526
39.0,45,10821.129552
-35.16,25,10821.541811
-35.93,31,10822.00363
-35.87,28,10822.449325
-42.89,23,10822.855257
-39.85,41,10823.763693
35.768953,42,10824.445143
32.5,37,10825.056393
-37.69,33,10825.590333
-38.83,39,10826.249813
32.725086,38,10826.95128
40.614013,35,10827.541138
35.80292,47,10828.361996
38.672185,27,10830.723803
-36.0,29,10831.173171
32.618677,48,10831.924265
-42.0,32,10832.409147
47.576613,17,10832.71076
32.803333,47,10833.538065
-33.0,37,10834.16324
38.365517,41,10834.6787
-42.0,22,10834.995813
-40.91,30,10835.469226
35.47051,31,10835.964088
41.875458,24,10836.326914
41.20722,22,10836.66607
44.740741,27,10837.59526
44.46831,20,10838.152922
39.0,23,10838.562367
-39.0,37,10839.23598
34.811238,35,10841.738864
-38.55,29,10842.203196
45.0,27,10842.640228
36.993702,41,10843.284632
-32.18,61,10844.421592
-38.56,28,10844.926666
-38.48,28,10845.475975
38.887955,18,10845.743218
-32.32,30,10846.215457
-33.0,39,10846.87036
32.061093,32,10847.45087
38.516245,37,10848.044508
38.501976,25,10848.492856
-38.13,29,10849.016977
38.925532,28,10849.654792
41.071429,25,10850.198335
48.0,23,10852.474152
33.0,30,10852.963592
35.505882,32,10853.493232
-35.59,30,10853.998006
32.941019,39,10854.718812
38.419753,34,10855.337404
-38.82,27,10855.851379
-37.93,37,10856.40831
40.844935,23,10856.756018
-47.2,30,10857.255794
-37.87,31,10857.794332
47.911765,22,10858.179254
42.0,23,10858.578679
-40.85,21,10858.948633
-39.0,25,10859.386352
38.431818,28,10859.894536
43.220275,22,10860.307287
41.875,29,10860.822096
38.200815,33,10863.261862
-37.99,28,10863.718838
-38.24,23,10864.125756
-44.68,24,10864.77191
-35.29,27,10865.257142
-31.93,30,10865.801769
44.945736,20,10866.145747
-44.76,33,10866.648333
40.690354,28,10867.091348
44.4375,29,10867.568767
-33.0,35,10868.12232
-45.0,21,10868.477914
-37.94,32,10869.089406
35.625,27,10869.573197
40.90055,25,10870.405761
38.34,32,10871.025289
41.123153,29,10871.491858
-33.0,36,10872.071765
-38.41,32,10874.724567
41.383634,20,10875.075914
-32.84,47,10875.887998
-42.0,27,10876.538577
-44.4,23,10876.929821
-44.76,21,10877.246654
-32.39,33,10877.741086
32.401515,29,10878.181051
-33.0,25,10878.589927
34.978636,30,10879.145285
41.276224,28,10879.692558
37.009477,51,10880.566596
39.0,26,10881.018772
38.900735,26,10881.45716
-40.84,36,10882.174312
-37.24,40,10882.92239
38.447471,32,10883.467702
38.467626,29,10885.774171
44.086643,18,10886.076241
-37.82,29,10886.616369
44.018939,19,10886.9072
-44.19,32,10887.397138
40.428536,25,10887.769122
-43.52,20,10888.072526
-40.66,33,10888.593834
32.665816,42,10889.315896
38.825893,33,10889.895693
35.02963,31,10890.485737
-44.1,26,10891.161418
-39.0,29,10891.677302
32.215259,31,10892.227875
-33.0,33,10892.822774
41.509881,28,10893.325603
33.0,26,10893.77104
37.997773,32,10894.278992
-40.85,28,10896.624943
41.70529,20,10897.07068
-47.51,21,10897.414009
47.437984,21,10897.753565
-37.2,32,10898.269701
-41.86,29,10898.719417
35.431655,34,10899.261102
44.831776,24,10899.677795
-33.0,27,10900.138763
-36.0,34,10900.739398
38.439799,36,10901.345996
39.0,27,10901.947992
-37.92,29,10902.537279
-38.52,28,10902.998959
44.459574,20,10903.3447
41.558621,28,10903.852968
-32.28,35,10904.446362
39.0,24,10904.815525
40.786429,28,10907.165673
44.714894,39,10907.764374
-38.21,26,10908.178005
-37.67,28,10908.615123
-38.12,25,10908.982744
36.0,35,10909.616779
-38.52,20,10909.950217
-40.67,36,10910.591678
-33.0,52,10911.475319
-34.71,32,10912.041639
-44.1,18,10912.333277
38.839286,34,10912.927743
-41.19,32,10913.517597
38.293168,78,10914.843025
35.513932,33,10915.313262
32.135036,33,10917.938239
-35.27,34,10918.464986
32.387218,30,10918.932685
38.175258,33,10919.473368
-32.09,34,10920.064724
-45.0,17,10920.349429
-41.77,29,10920.850269
38.119715,31,10921.381469
-44.68,59,10922.446464
-42.0,19,10922.773963
-32.42,28,10923.277586
-41.97,19,10923.613011
41.116515,27,10924.096234
-41.53,30,10924.635308
31.681467,26,10925.043902
-43.14,24,10925.408756
-32.97,40,10926.004
37.754433,28,10928.449976
33.0,28,10929.01007
-32.15,35,10929.55007
41.214876,38,10930.289257
37.497598,27,10930.812394
41.574007,34,10931.512301
33.0,31,10932.056395
-38.3,19,10932.406261
-38.75,27,10932.895136
-35.29,31,10933.451373
-38.91,26,10933.924139
-38.08,30,10934.421437
35.910506,47,10935.244243
-41.32,26,10935.630924
-38.9,23,10935.979249
35.139073,34,10936.482544
-41.3,26,10936.894931
-44.0,34,10939.325454
-41.81,18,10939.565078
35.494071,27,10939.969482
40.350097,41,10940.702403
-44.06,33,10941.343635
-38.13,19,10941.709411
-42.0,26,10942.182174
-37.58,32,10942.762412
38.025926,24,10943.177295
-38.5,67,10944.481015
36.0,25,10944.920917
-41.14,45,10945.677853
34.929107,42,10946.319801
-42.72,39,10946.944266
40.446964,55,10947.870705
41.108108,29,10950.239166
41.15128,42,10950.973376
-37.11,38,10951.614745
-47.1,21,10951.987436
-32.18,37,10952.620456
-45.0,41,10953.346194
38.497817,23,10953.715243
38.5,24,10954.125114
-40.84,26,10954.789527
-33.0,23,10955.192643
-39.0,24,10955.584069
-35.23,32,10956.081736
-36.0,32,10956.568578
38.661654,23,10956.927273
38.228477,35,10957.441436
44.784257,28,10957.957582
-42.0,25,10958.440547
35.974359,26,10960.680605
-38.11,28,10961.137063
41.206549,26,10961.551913
-34.44,33,10962.165953
-38.37,30,10962.867761
-35.41,51,10963.89293
41.374522,39,10964.730018
-38.71,21,10965.106373
-35.39,30,10965.61778
37.483103,26,10966.186026
-37.91,42,10966.905083
41.378543,23,10967.285966
35.658784,25,10967.693476
44.360324,18,10967.960846
-41.73,28,10968.579666
42.0,24,10969.059242
-38.85,27,10969.588375
-44.19,29,10972.16415
-41.52,25,10972.58091
35.53617,27,10972.968567
44.673993,25,10973.363021
-41.19,28,10973.890897
33.0,49,10974.801675
-35.71,36,10975.43766
-41.69,22,10975.857249
-35.64,36,10976.472076
34.91376,26,10976.960833
32.565056,33,10977.523532
44.376855,19,10977.852679
-47.2,18,10978.109727
38.126866,26,10978.570998
-35.61,25,10978.995198
-39.0,21,10979.361043
46.622735,22,10979.757165
35.558052,36,10980.465927
-37.79,32,10981.074205
41.209913,36,10983.596833
32.364621,32,10984.184061
-35.88,36,10984.777738
-40.71,32,10985.368176
39.0,21,10985.76228
32.090426,41,10986.555537
-36.0,30,10987.2476
41.562069,22,10987.639041
-37.75,30,10988.27388
-47.78,23,10988.72395
-44.75,16,10989.044945
35.410708,32,10989.597231
-42.0,22,10989.916939
-33.0,29,10990.392431
-38.45,55,10991.35214
-38.63,38,10992.073375
-41.39,35,10994.618129
-32.05,35,10995.17785
-37.51,28,10995.637213
-34.5,43,10996.3586
-32.32,38,10997.095892
-35.44,34,10997.736159
-35.1,29,10998.268604
35.809886,24,10998.7155
-39.0,22,10999.341624
-34.83,27,10999.841346
-42.0,20,11000.17844
-32.17,48,11000.993977
43.642857,46,11001.736635
-38.21,26,11002.116016
44.274576,26,11002.597291
-36.0,26,11003.08433
40.723652,29,11005.570865
38.643678,35,11006.1235
-44.86,29,11006.602295
-38.78,36,11007.224226
-41.02,27,11007.69206
41.588477,22,11008.09723
42.0,21,11008.488426
38.389706,27,11008.943344
-41.34,24,11009.361394
-38.23,25,11010.040968
38.277372,27,11010.554965
-41.55,24,11010.918534
-41.44,48,11011.647521
-44.65,34,11012.179663
41.242991,19,11012.487395
39.0,39,11013.178204
33.0,28,11013.721165
44.112676,33,11014.363319
44.744186,20,11016.695107
-44.49,29,11017.165903
40.891894,31,11017.716904
33.0,28,11018.191106
-35.15,40,11018.846008
-32.41,31,11019.420992
-45.0,38,11020.08862
44.352714,65,11021.305572
34.942804,63,11022.332128
41.703264,24,11022.720556
-35.38,28,11023.18117
36.0,48,11024.048639
-42.0,17,11024.3548
-37.92,37,11025.040879
39.0,94,11028.81281
38.207143,27,11029.258234
-40.96,32,11029.867818
-32.31,45,11030.722981
-36.93,30,11031.282577
-42.0,22,11031.702134
-47.29,17,11031.970529
39.0,35,11032.507119
41.284672,31,11033.000652
37.639683,34,11033.573823
32.701299,33,11034.306535
-41.55,27,11034.864579
-37.83,27,11035.423269
-44.01,34,11036.032179
-38.28,31,11036.569153
45.0,22,11039.143734
32.225806,30,11039.687337
39.807005,28,11040.217182
31.673432,36,11040.913911
-35.48,29,11041.428275
47.591867,41,11042.174366
-38.81,23,11042.557855
-35.9,31,11043.068101
-31.9,59,11044.201601
-41.73,37,11044.922725
41.209835,26,11045.420002
-41.85,21,11045.829466
-35.38,28,11046.333008
32.5,31,11046.950015
-39.0,24,11047.379437
44.442568,17,11047.711257
35.651475,36,11048.360303
38.075,23,11050.671252
41.693732,44,11051.346443
38.226766,22,11051.673644
-32.2,45,11052.464905
-36.0,34,11053.01888
44.316406,21,11053.604989
-41.09,22,11053.991503
38.35013,34,11054.499681
-44.63,17,11054.760714
39.0,26,11055.172663
-38.83,25,11055.627263
32.570312,40,11056.376575
37.96971,33,11057.009758
-41.21,26,11057.456481
37.082538,36,11058.027062
-38.4,28,11058.607597
40.286212,27,11059.083826
41.391966,30,11061.585559
41.169381,21,11061.956045
-42.0,22,11062.338759
-44.01,21,11062.728943
39.0,37,11063.416154
-38.56,32,11064.053814
-35.13,30,11064.802032
-38.76,40,11065.42004
-35.51,31,11065.964764
-32.08,32,11066.652826
44.310269,21,11067.021682
38.223889,25,11067.415947
-39.0,26,11067.918051
-32.78,37,11068.607011
-41.03,24,11068.988207
-38.09,36,11069.621774
35.902357,21,11069.979982
-39.0,23,11070.356494
-32.61,30,11072.754862
35.788321,67,11073.956183
39.0,32,11074.49665
38.160377,44,11075.266767
38.130952,23,11075.63722
45.063709,41,11076.357801
38.650943,24,11076.80183
44.421277,24,11077.241776
35.532083,32,11077.797353
-41.49,25,11078.222346
41.190141,21,11078.603579
41.486166,24,11079.029498
-38.44,34,11079.843597
-35.61,35,11080.467628
-41.0,39,11081.087905
35.059701,26,11081.51744
-35.7,37,11084.22303
-36.84,32,11084.794188
-35.02,41,11085.431797
-41.24,25,11085.841594
38.42,58,11086.80253
-32.09,30,11087.351583
-41.56,23,11087.807282
41.662811,28,11088.30543
45.837357,17,11088.652513
35.577465,27,11089.146698
35.907063,51,11090.10739
35.534483,28,11090.604077
33.0,30,11091.128307
40.851419,29,11091.822182
-32.07,40,11092.447617
-41.61,39,11095.138095
41.61165,23,11095.507655
32.377522,37,11096.105632
41.078947,42,11096.787622
41.510638,23,11097.228283
-35.62,37,11097.925897
-35.08,27,11098.416667
-41.68,24,11098.864755
-47.16,19,11099.877872
-43.49,35,11100.49526
32.462121,28,11101.017714
32.9,44,11101.82093
39.159734,37,11102.479943
-36.0,27,11102.947048
-34.49,63,11104.709675
44.444828,27,11105.158937
-41.51,36,11107.585592
-38.47,23,11107.948664
41.830827,46,11109.097222
-41.03,21,11109.509253
39.0,32,11110.105038
35.587896,30,11110.634563
37.007063,33,11111.234961
-47.17,16,11111.537392
35.050663,28,11112.055114
-44.22,20,11112.473468
44.596708,23,11112.89137
41.44484,40,11113.628548
38.223333,30,11114.186488
-39.0,25,11114.64502
-42.0,33,11115.589992
-40.66,26,11116.056034
-36.0,34,11116.6482
33.0,35,11119.240768
-40.86,26,11119.756636
-41.8,33,11120.492887
43.526212,22,11121.153149
44.481229,33,11121.865764
-38.29,28,11122.407067
-38.64,27,11122.968845
44.345455,17,11123.316888
-38.26,23,11123.764224
-41.65,21,11124.178514
-38.94,29,11124.759769
-44.56,40,11125.566838
-35.15,29,11126.141424
41.855634,24,11126.580358
-40.24,25,11127.064355
-44.54,32,11127.750698
43.958003,29,11128.299826
-41.4,29,11128.805053
40.844025,59,11132.036979
-43.3,21,11132.447933
41.688645,20,11132.855911
38.033962,26,11133.31971
-41.67,21,11133.749198
-41.57,46,11134.756655
-41.16,28,11135.388767
47.208191,40,11136.34394
38.067048,22,11137.16127
-44.47,29,11137.813344
-41.03,26,11138.321726
38.021983,25,11138.804319
-32.64,30,11139.407686
38.138973,29,11139.967026
-36.0,31,11140.539283
43.756119,29,11141.059429
-41.28,28,11141.507928
33.0,39,11144.218427
44.729258,21,11144.654257
42.0,25,11145.164934
33.0,32,11145.817167
35.513889,33,11146.455664
44.313099,28,11147.031957
47.070881,40,11147.947341
-41.43,31,11148.795929
-35.08,33,11149.656427
-32.03,38,11150.596837
35.259542,41,11151.589139
39.975207,28,11152.14149
32.729412,31,11152.846911
-35.35,28,11153.444688
-38.48,59,11154.539415
-33.0,42,11157.377688
-47.13,36,11158.127402
36.0,31,11158.780343
-46.38,17,11159.901625
-47.12,18,11161.301414
41.6,61,11162.499107
32.487085,32,11163.153946
39.0,28,11163.648751
41.086207,33,11164.236449
-39.0,21,11164.519976
37.772436,38,11165.119935
40.917736,26,11165.619899
44.428044,23,11166.619266
41.501587,30,11167.156883
-35.15,37,11167.74985
38.040525,40,11168.424126
-38.52,40,11172.814823
-44.71,18,11173.288448
-37.2,29,11173.943823
-35.08,26,11174.539021
-37.97,31,11175.307928
-43.43,28,11176.348767
-41.61,24,11176.928898
40.131095,43,11177.827237
-32.3,33,11178.596999
39.698838,32,11179.338231
-41.25,24,11179.880383
41.494253,32,11180.601392
41.400651,25,11181.359359
43.707824,38,11182.025881
35.5,26,11182.538286
-32.58,43,11183.247898
-41.52,38,11184.23383
39.0,25,11187.47443
-35.47,26,11187.958266
-38.97,27,11188.563955
-45.86,27,11189.845807
38.56705,21,11190.251594
39.0,27,11191.627934
36.0,46,11192.337203
-35.34,34,11192.885664
38.806202,31,11193.751254
34.166059,34,11194.265014
46.103674,29,11194.787822
44.240759,28,11195.227725
40.41013,37,11196.29002
42.9157,35,11196.931328
34.413752,40,11197.69051
35.308788,28,11198.263775
32.728625,30,11198.859534
35.7625,25,11202.165092
40.706107,28,11202.700295
-41.16,23,11203.121085
-39.69,38,11203.761817
-40.41,28,11204.270916
44.263777,22,11204.618599
-42.0,28,11205.067759
42.0,23,11205.444035
33.0,30,11205.943733
40.571898,21,11206.292816
42.0,92,11207.978484
32.424149,60,11209.148168
-38.24,30,11209.708659
-41.6,32,11210.327972
35.75265,26,11210.730399
-32.1,45,11213.742824
41.243902,26,11214.210605
-38.76,24,11214.625211
38.786765,37,11215.218173
-41.1,28,11215.612545
38.492958,26,11216.007821
37.253039,29,11216.483306
41.784173,33,11217.030953
-34.21,37,11217.766466
-37.82,27,11218.274359
-41.14,23,11218.696522
-42.41,20,11219.061089
-32.91,33,11219.647445
46.803839,24,11220.075158
-40.65,27,11220.592025
-44.5,16,11220.876284
35.04886,33,11221.451603
-34.38,35,11222.048799
-32.58,44,11225.017987
37.427323,24,11225.395969
-34.59,30,11225.825964
32.620968,34,11226.306045
32.035019,34,11226.813043
-41.32,21,11227.377809
34.570755,31,11227.961873
-37.92,46,11228.924356
39.0,23,11229.328755
-38.81,32,11229.954702
-37.17,24,11230.408199
41.390152,22,11230.812387
-37.85,37,11231.507246
35.5625,65,11232.635454
-40.1,26,11233.08998
-44.25,20,11233.442746
-35.13,37,11235.986216
37.226969,38,11236.526622
-38.22,33,11237.004051
32.144487,60,11237.983202
-38.95,28,11238.491069
-33.0,34,11239.127838
-43.68,19,11239.514346
32.097778,42,11240.528063
-35.73,29,11241.042084
35.437086,40,11241.700518
-32.68,27,11242.145566
44.472669,44,11242.921342
-40.92,26,11243.380409
43.4765,44,11244.179905
40.943826,28,11246.64036
-34.82,33,11247.148879
-40.43,28,11247.552269
-43.64,19,11247.83819
35.612676,36,11248.387854
41.658182,38,11249.029091
44.073864,30,11249.51004
36.0,29,11250.008666
44.02518,22,11250.424623
41.328358,69,11251.701038
40.585184,26,11252.167995
43.592639,21,11252.693758
-41.18,26,11253.234512
39.0,19,11253.662359
32.259259,24,11254.087896
-41.7,32,11254.700011
38.253521,26,11255.191215
-44.72,18,11255.564649
35.422106,29,11258.068713
-40.44,27,11258.448467
-38.11,40,11259.018627
40.764952,22,11259.320862
41.36042,27,11259.750591
41.585938,24,11260.172555
43.572467,39,11260.865744
37.9,39,11261.577539
-40.67,44,11262.399678
-38.5,36,11263.049444
-44.22,24,11263.506042
41.680297,47,11264.355669
-35.86,27,11264.860488
41.217391,24,11265.433331
41.386957,33,11266.081337
44.400642,30,11266.656212
47.411215,21,11268.929092
38.019685,44,11269.563139
-40.65,33,11270.074534
41.349854,28,11270.506755
-41.54,22,11270.912956
-41.42,21,11271.300753
-38.45,29,11271.793967
-41.93,38,11272.457135
38.483636,25,11272.929764
-41.77,31,11273.48052
44.174905,39,11274.206348
-35.92,45,11275.474079
34.790194,38,11276.145875
-38.21,34,11276.710608
-37.57,34,11277.305421
-40.78,29,11277.888024
41.213235,22,11280.146901
-36.0,33,11280.631855
-40.77,30,11281.119307
-34.66,32,11281.677094
38.210104,85,11283.137301
-35.17,32,11283.991659
42.0,25,11284.436292
-38.31,27,11284.945649
-42.0,20,11285.297678
40.309031,29,11285.77469
32.902344,33,11286.414228
40.930747,29,11286.900139
-40.83,28,11287.425231
35.556863,30,11287.959632
-40.72,26,11288.440595
38.178571,33,11288.990744
41.009547,27,11291.306988
32.081081,37,11292.190789
-34.72,28,11293.096137
35.175573,34,11293.763236
34.792887,24,11294.21361
33.0,25,11294.656712
-38.88,29,11295.187509
-32.55,38,11295.879987
-35.07,36,11296.511201
-41.68,23,11296.919213
-45.57,16,11297.176868
34.710781,36,11297.784001
39.0,26,11298.255446
38.753943,49,11299.048929
32.106996,35,11299.647754
38.530909,27,11300.158066
-31.7,37,11302.55143
41.391304,25,11302.959579
35.122228,62,11304.157296
35.15,29,11304.653339
35.05618,27,11305.072189
42.0,28,11305.536362
-35.56,43,11306.538453
-32.46,45,11307.366975
34.800949,27,11307.847414
41.569395,25,11308.331335
37.349731,42,11309.142677
-41.88,19,11309.500252
35.398467,26,11309.938028
41.415686,27,11310.371831
-45.0,30,11310.927285
-35.28,34,11311.683632
37.713462,31,11313.944235
-33.0,59,11315.012443
-35.53,26,11315.49309
32.850746,30,11316.366696
-38.06,27,11316.875063
-47.11,20,11317.224795
35.353414,27,11317.906729
-32.27,31,11318.484638
-32.32,37,11319.161772
-38.62,27,11319.628325
46.567449,20,11320.022157
-38.21,23,11320.41498
-40.77,22,11320.83181
-41.13,24,11321.281009
-44.91,21,11321.664902
-47.35,14,11321.952039
-32.37,35,11322.569493
-33.0,39,11323.229754
-44.26,31,11325.853373
-44.44,36,11326.500169
-34.53,29,11326.997852
-40.46,24,11327.457761
-40.48,26,11327.966938
44.287879,15,11328.216271
-41.77,43,11328.988994
35.95814,33,11329.643898
-42.0,39,11330.394779
40.73509,24,11330.80722
33.0,26,11331.252986
-44.5,23,11331.712388
35.768392,32,11332.453257
-40.92,26,11332.925372
42.0,40,11333.635506
41.691589,19,11333.96726
40.703089,20,11334.35429
43.260617,42,11337.181295
-35.1,34,11337.831012
38.095676,33,11338.410844
32.371841,38,11339.070816
38.459854,23,11339.493761
-35.54,72,11340.799457
-43.99,22,11341.207095
43.126184,57,11342.221092
37.929407,35,11342.827338
-41.03,25,11343.294738
-41.5,45,11344.290249
34.757013,36,11344.912215
-41.35,27,11345.347399
43.0225,23,11345.706566
-41.25,25,11346.084677
-35.3,32,11348.720418
-35.23,33,11349.318238
36.0,28,11349.85813
38.355556,28,11350.369016
-38.71,26,11350.84655
35.454887,48,11351.767842
34.724179,28,11352.274287
40.495464,26,11353.117606
-38.38,29,11353.707966
-36.0,27,11354.202328
35.440476,44,11354.980951
39.0,23,11355.391627
-33.0,33,11356.030096
-35.31,36,11356.628298
40.729167,27,11357.019876
35.016722,26,11357.394605
47.49359,22,11357.709501
-41.91,29,11360.191495
32.197719,30,11360.718924
-44.73,27,11361.259828
-39.0,24,11361.661176
35.413534,31,11362.209669
-32.12,30,11362.768383
-38.3,28,11363.309744
-39.37,26,11363.772653
47.284585,14,11364.002595
32.153374,43,11364.944186
40.188452,42,11365.706629
46.192305,24,11366.175344
48.0,21,11366.538651
38.487192,37,11367.150208
43.784786,22,11367.478485
35.565574,27,11367.864208
35.253196,42,11368.517787
38.362963,25,11370.920691
-44.23,24,11371.36118
-43.69,20,11371.708213
44.537168,26,11372.154892
-35.02,29,11372.703607
-33.67,38,11373.385041
-38.25,24,11373.821181
-35.51,28,11374.371311
35.5,45,11375.132714
38.168875,44,11375.934143
35.178886,31,11376.486883
32.901235,39,11377.203565
-34.79,37,11377.797194
38.832258,23,11378.129233
-31.93,37,11378.658669
32.241722,49,11379.387593
-41.67,22,11381.467993
41.033486,27,11381.866296
37.399803,43,11382.655735
-40.96,29,11383.250817
31.718023,26,11383.739103
47.214286,18,11384.048599
41.166023,24,11384.467484
42.0,23,11384.862078
-38.16,29,11385.54702
41.822835,22,11385.997251
-37.87,36,11386.659759
41.248175,26,11387.103816
-37.91,31,11387.631387
39.146136,36,11388.26857
37.450485,24,11388.678176
-35.69,30,11389.156358
39.0,23,11389.497517
37.260671,30,11389.954711
37.976415,38,11392.516594
35.335878,27,11392.988711
-40.44,62,11394.083053
-37.92,31,11394.871188
-48.0,24,11395.344384
41.311189,29,11395.848661
43.437692,29,11396.383086
39.0,22,11396.75735
37.78326,29,11397.273387
-46.6,54,11398.2613
-47.26,21,11398.685168
-44.61,30,11399.253264
35.352025,39,11399.867853
-40.04,32,11400.368702
-46.76,23,11400.729848
-41.17,29,11401.110928
-34.49,31,11403.598906
-37.77,40,11404.286336
39.0,22,11404.68392
31.863229,40,11405.407627
-34.7,31,11405.960383
-42.0,38,11406.611892
-44.55,32,11407.22062
39.978536,29,11407.742531
41.189189,23,11408.133379
36.698769,38,11408.798186
-38.08,37,11409.492171
38.5,21,11409.85743
-35.63,40,11410.477911
-38.08,27,11410.854486
37.442859,20,11411.119785
-38.63,21,11411.42477
44.385093,24,11411.883978
44.950192,27,11414.408408
-35.65,49,11415.241423
-32.81,33,11415.761858
41.163155,20,11416.141613
40.643346,27,11416.659051
-35.18,27,11417.116641
38.140562,37,11417.800509
41.930147,26,11418.24035
36.734833,60,11419.332999
39.0,32,11420.089324
-39.0,27,11420.641902
-37.19,28,11421.117892
41.614786,29,11421.542403
-36.0,28,11421.995063
-42.0,29,11422.403041
-38.79,37,11422.945303
-44.79,26,11425.360257
-34.84,38,11426.108791
34.794118,34,11426.727351
35.28169,24,11427.219653
34.661597,68,11428.79413
-39.0,24,11429.257481
35.357854,30,11429.776332
44.760784,28,11430.943516
-45.0,16,11431.260034
-39.0,25,11431.735808
-41.42,41,11432.378116
35.000493,33,11432.857275
-43.57,24,11433.213413
-38.36,49,11433.961443
35.0,31,11434.503961
-35.0,57,11437.474782
38.306422,29,11438.092555
-41.5,25,11438.65762
38.316194,31,11439.206775
-36.0,36,11439.788589
44.777293,28,11440.283113
-38.35,27,11440.763352
31.668459,41,11441.517314
35.003831,34,11442.112118
32.918519,87,11443.603236
-37.11,34,11444.115169
41.878229,18,11444.402421
-38.68,26,11444.831668
-41.75,26,11445.2511
33.0,30,11445.98561
33.0,35,11448.616462
37.797289,35,11449.213585
41.859316,25,11449.625769
-37.82,27,11450.118745
-38.38,45,11451.040166
-43.07,18,11451.385442
-42.88,28,11451.950886
35.150685,43,11452.815607
37.448266,39,11453.582851
41.518382,29,11454.168875
40.524954,25,11454.595943
-32.08,37,11455.149871
38.691318,24,11455.572703
42.0,18,11455.866155
41.113281,22,11456.576752
-37.62,24,11457.084493
32.67094,32,11457.706083
46.133279,35,11460.425405
-35.91,29,11461.024565
-33.0,22,11461.438355
38.324653,31,11462.070954
36.0,31,11462.643111
-37.78,25,11463.09909
-44.58,23,11463.593691
-35.84,27,11464.081025
39.0,31,11464.85239
38.258621,31,11465.417943
-38.31,20,11465.768191
41.1625,26,11466.185943
36.157014,40,11466.826526
44.281293,27,11467.274293
32.137131,29,11467.754566
-41.08,26,11468.265976
-35.29,34,11468.88565
36.0,39,11469.616533
47.802419,13,11471.908254
-40.21,21,11472.305589
36.0,35,11472.823006
44.5,29,11473.328648
-32.39,39,11474.07399
44.579861,21,11474.487806
38.685724,59,11475.611463
-42.0,28,11476.221588
32.4,35,11476.828573
32.709184,106,11478.493024
-47.65,16,11478.76101
-38.1,36,11479.426333
-44.57,14,11479.713933
-38.38,33,11480.371576
-40.88,40,11483.464043
-39.0,23,11483.964311
42.0,26,11484.487241
41.618829,38,11485.375301
-40.87,31,11485.974175
-35.45,29,11486.573665
-37.48,27,11487.117712
41.691964,34,11487.866951
-42.0,49,11488.834679
-41.88,26,11489.290777
41.400576,24,11489.671
35.70318,94,11491.763769
35.104693,31,11492.456477
40.807645,33,11493.473194
-35.45,34,11494.14091
32.086466,35,11496.851423
42.935415,40,11497.66828
35.883162,67,11498.991603
32.978261,38,11499.742897
35.838828,35,11500.69655
35.901099,23,11501.147475
41.589404,22,11501.56536
44.73617,20,11501.863697
-38.01,36,11502.427922
-36.0,58,11503.361707
40.369444,27,11503.80801
38.817778,40,11504.536265
-37.84,33,11505.153017
-44.62,27,11505.675739
-35.6,40,11508.54085
41.769517,30,11509.131739
-38.19,34,11509.789341
32.9,27,11510.300955
38.357156,32,11510.869897
-44.86,20,11511.20326
44.658537,18,11511.499602
33.0,27,11511.950078
-47.3,22,11512.325102
37.201987,34,11512.818246
32.680556,25,11513.218381
-41.0,27,11513.614297
-36.0,29,11514.071631
36.0,31,11514.636135
44.069091,17,11514.960775
41.507271,25,11515.40879
39.0,41,11516.186285
46.20302,21,11516.611952
38.900735,31,11517.181966
-35.91,39,11520.170308
41.419014,24,11520.599358
32.241007,31,11521.180674
-41.28,52,11522.108434
35.33194,32,11522.62826
39.0,44,11523.635297
-40.9,60,11524.545917
-38.59,34,11525.099485
-45.0,17,11525.376277
-32.45,33,11526.046538
-41.13,24,11526.470528
-38.41,24,11526.933734
35.681319,29,11527.658355
-36.0,25,11528.139662
38.46063,26,11528.859288
38.240678,22,11531.285732
38.772595,25,11531.72313
42.0,32,11532.330531
-45.0,25,11532.794078
32.828897,44,11533.533946
38.374408,28,11534.042941
36.0,35,11534.571576
45.0,16,11534.809699
-40.87,30,11535.315966
-44.67,27,11535.7335
32.613546,31,11536.227623
-38.46,28,11536.645391
-42.0,26,11537.104497
35.1471,38,11537.820364
-38.46,28,11538.346924
41.903101,25,11538.775164
-38.91,25,11539.221947
-44.57,25,11539.696811
-40.28,26,11542.168921
-38.34,32,11542.728443
-41.78,19,11543.100837
44.481712,25,11543.522391
-38.39,35,11544.00121
-36.0,46,11544.743254
-35.57,37,11545.345795
-47.71,24,11545.796367
-38.31,33,11546.446092
-38.26,35,11547.147163
-40.99,35,11547.772863
-39.0,26,11548.23787
37.780173,27,11548.766195
-44.88,24,11549.218294
40.934188,32,11549.785244
41.048815,29,11550.309763
44.338028,20,11550.715431
44.021986,31,11553.397233
40.146029,26,11553.855846
41.562112,24,11554.282045
-38.28,31,11554.788607
-38.78,21,11555.129651
-41.57,42,11555.857076
35.503676,33,11556.398013
35.127049,28,11556.836206
-44.81,24,11557.217576
34.830271,43,11557.901373
-39.0,27,11558.373395
-39.0,31,11558.950402
-35.44,38,11559.677691
42.0,20,11560.046202
32.428571,38,11560.744519
-38.74,25,11561.56741
-33.0,29,11562.082664
-41.41,25,11562.867111
-45.0,17,11565.261559
-46.99,18,11565.564551
-35.26,60,11566.533162
-44.23,25,11566.963098
40.809412,43,11567.664165
44.6,22,11568.02582
-32.57,30,11568.572395
-37.19,32,11569.08067
41.788344,24,11569.723924
42.0,27,11570.218746
32.548872,43,11571.025046
34.607458,28,11571.576533
42.0,22,11571.992036
36.886501,29,11572.745361
38.076336,36,11573.458377
40.650753,27,11573.950264
37.47816,25,11574.377739
-35.13,35,11576.94228
44.456,18,11577.248137
-33.0,28,11577.697731
37.185701,57,11578.825181
35.492647,32,11579.340042
-35.38,32,11579.854347
32.326923,30,11580.384857
41.07037,27,11580.812704
44.70428,30,11581.501482
38.218556,32,11582.142135
46.692993,21,11582.580319
-37.27,33,11583.190104
-41.11,36,11583.934114
-38.74,32,11584.576432
-43.3,21,11585.074484
-35.8,36,11585.93968
37.857414,36,11589.375735
-35.73,44,11590.128234
40.319803,33,11590.78907
-43.97,50,11591.63152
-41.52,33,11592.143519
-40.44,35,11592.945893
-39.0,39,11593.663013
38.683379,39,11594.860107
35.582677,35,11595.517306
-38.9,28,11596.068058
-34.47,37,11596.75159
38.877023,25,11597.335716
32.351981,31,11598.047481
-43.21,22,11598.551472
-41.86,29,11599.131038
-32.62,28,11601.926178
34.5524,24,11602.318695
-34.52,28,11602.821992
-32.07,36,11603.492198
38.183333,26,11603.985436
41.453416,32,11604.518952
42.0,18,11604.85655
41.901515,27,11605.381886
40.906022,24,11605.797998
36.0,43,11606.837538
39.0,64,11608.053816
34.363061,45,11608.925647
-32.49,43,11609.743518
34.59816,32,11610.317283
38.374603,29,11610.824711
-41.91,31,11613.352689
40.80812,28,11613.763057
-40.67,26,11614.195786
35.304348,26,11614.643799
-35.61,31,11615.107836
37.228465,29,11615.578537
-40.32,32,11616.146025
38.248759,26,11616.621445
38.527778,33,11617.203593
35.174603,27,11617.698604
-35.17,30,11618.222564
43.8142,25,11618.67223
32.846154,25,11619.133341
-39.0,30,11619.700835
42.0,47,11620.529623
-41.76,29,11621.065921
39.0,29,11621.586748
-37.79,31,11622.158494
36.0,30,11624.466979
42.0,21,11624.832564
43.73685,35,11625.427816
-37.54,41,11626.083359
-34.71,35,11626.601957
35.47234,29,11627.642458
41.464902,59,11628.780941
-38.22,26,11629.24522
37.642154,26,11629.686933
38.104387,33,11630.256028
-44.96,20,11630.714743
38.7,36,11631.524278
38.132622,31,11632.111359
36.0,24,11632.514332
-35.21,39,11633.21876
32.586466,36,11635.689839
44.272727,24,11636.06619
-41.36,26,11636.49959
38.478417,35,11637.128388
32.189815,30,11637.659584
-41.55,25,11638.077766
-38.08,30,11638.726233
-35.75,35,11639.365953
34.271277,30,11639.913101
38.786667,32,11640.488243
34.824373,33,11641.065083
38.799127,28,11641.565732
-38.65,32,11642.124276
41.490909,30,11642.657772
-38.4,23,11643.025024
-35.35,34,11643.669775
-35.24,29,11644.156739
35.531959,57,11646.873451
41.271239,29,11647.382226
32.718266,44,11648.176613
38.282776,31,11648.713633
-32.49,45,11649.491808
32.822148,42,11650.240268
44.902878,27,11650.827329
-38.31,21,11651.301531
-37.65,27,11651.844857
-40.58,25,11652.529703
41.637324,40,11653.247105
38.768061,32,11653.863201
37.491794,33,11654.414688
35.666667,38,11655.161774
31.619205,33,11655.983438
40.473837,31,11658.288184
38.829352,26,11658.774412
-32.29,51,11659.573665
-37.83,38,11660.25965
30.0,31,11660.865058
43.646595,30,11661.433791
-44.4,21,11661.82511
44.537671,21,11662.195019
38.662222,25,11662.650307
-38.54,21,11663.05623
-38.78,28,11663.556355
41.357367,23,11664.006367
32.904762,41,11664.730289
36.0,26,11665.21819
38.73817,32,11665.815322
31.643969,29,11666.345455
36.0,22,11666.735955
39.0,32,11667.362414
32.195122,33,11669.687651
-38.19,24,11670.129942
-41.24,21,11670.500675
37.886599,29,11671.065767
-41.76,20,11671.422928
-41.67,20,11671.802236
42.946326,19,11672.155317
-32.33,42,11672.943117
37.784722,24,11673.345822
40.780992,28,11673.862512
31.588123,39,11674.569717
48.0,51,11675.561583
-32.73,41,11676.344164
-35.49,28,11676.893954
-44.23,25,11677.427871
44.460784,19,11677.858834
41.108839,26,11678.412376
36.0,23,11678.806595
32.325758,26,11681.047019
37.758735,27,11681.536285
38.186916,30,11682.275136
37.701287,37,11682.75864
40.262764,24,11683.208925
-41.22,27,11683.732391
35.39759,22,11684.127474
-41.44,43,11684.955832
-37.86,38,11685.663274
35.739927,26,11686.155984
-41.26,23,11686.602412
-41.16,37,11687.286698
-40.45,40,11687.98705
-41.44,21,11688.379409
35.289655,36,11689.01704
46.097921,14,11689.253872
-39.63,24,11689.660344
-41.27,31,11691.973326
32.592058,43,11692.761985
-32.28,53,11693.747569
44.459677,21,11694.116633
-37.81,29,11694.690865
37.224658,29,11695.221598
35.096958,40,11695.994769
38.290323,28,11696.536368
32.003559,38,11697.229146
37.845382,32,11697.904593
35.744186,30,11698.44348
41.466667,23,11698.875188
40.170598,20,11699.226043
41.325397,46,11700.112897
-34.49,27,11700.567343
-38.46,25,11700.979908
41.069536,29,11703.312043
-38.61,30,11703.889306
-39.0,27,11704.35864
38.671554,31,11704.941992
34.795863,60,11706.246763
35.450382,30,11707.050089
-39.32,26,11707.739806
32.597701,35,11708.518286
39.0,32,11709.116261
-36.0,26,11709.62513
40.576364,43,11710.398853
41.269057,45,11711.197599
40.9809,39,11711.95865
38.111111,31,11712.465316
-38.49,34,11713.083602
35.466912,29,11715.724487
32.49866,39,11716.486368
-33.0,30,11717.096248
-41.52,37,11717.841538
44.5,35,11718.495459
-32.19,32,11719.094084
44.23871,21,11719.599916
32.085366,42,11720.470882
38.263566,27,11721.061756
33.0,31,11721.739939
35.622517,33,11722.474597
37.999379,34,11723.200508
35.5,30,11723.768358
-36.0,28,11724.289381
41.680832,57,11725.183547
-38.44,46,11728.199661
44.600695,22,11728.720297
-44.11,18,11729.161509
40.863309,50,11730.204247
-32.13,34,11730.867387
-36.0,36,11731.617448
-38.13,32,11732.300733
-35.64,43,11733.388438
35.31769,27,11734.486538
-38.52,30,11735.193681
35.203187,33,11736.511371
-44.01,27,11737.540646
-36.0,24,11738.512603
38.868217,39,11740.153754
41.327935,38,11741.671098
38.4329,31,11742.305876
44.65587,56,11745.689695
41.251938,39,11746.54583
-36.0,44,11747.508383
-41.5,26,11748.117904
-35.25,36,11748.87379
38.02008,41,11749.744877
-35.64,28,11750.571256
44.106459,24,11751.205295
-41.76,23,11751.856675
-38.34,30,11752.719463
-40.75,32,11753.492795
-41.44,24,11754.004411
35.794702,31,11754.643262
-35.08,30,11755.37789
44.398649,21,11755.819745
33.0,39,11759.630153
32.848148,35,11760.592996
44.052795,25,11761.171609
41.438298,39,11762.080533
32.444444,32,11762.835574
38.714286,33,11763.663427
-47.19,31,11764.372394
35.936813,29,11765.105225
40.534483,41,11766.128544
35.08115,36,11767.024365
35.273109,30,11767.753462
-44.42,19,11768.213299
-38.3,24,11768.811932
-35.57,29,11769.420861
42.696944,19,11770.346238
35.267148,48,11771.718561
38.345463,61,11776.190256
40.902172,20,11776.768067
-38.4,24,11777.385827
33.0,24,11778.071984
-44.28,26,11778.740027
34.704812,57,11780.311103
32.690037,39,11781.3935
-41.5,30,11782.221293
42.663011,34,11783.09323
-39.91,31,11783.813689
41.658809,27,11784.643614
44.498294,21,11785.189665
-43.87,43,11786.262439
-38.35,33,11786.96563
-41.1,30,11788.699161
44.920833,26,11789.568076
-43.82,24,11793.181553
-33.0,29,11793.93981
-37.94,36,11794.794692
38.83871,24,11795.394412
39.0,24,11795.922353
41.707407,36,11796.740043
43.731175,33,11797.694005
-41.17,27,11798.437383
-40.96,23,11799.131621
38.564315,24,11799.74283
-34.74,27,11800.492202
-38.91,24,11801.246728
-33.0,34,11802.579334
39.0,23,11803.208401
-37.28,37,11804.33361
-35.03,29,11805.458632
33.0,30,11806.456817
42.0,55,11812.064702
-41.22,24,11812.941294
39.978316,29,11814.10297
38.268199,29,11815.035147
34.437454,35,11816.056981
-32.71,32,11817.019389
-44.35,67,11819.092655
47.563433,16,11819.564035
41.701068,47,11820.709177
41.232726,23,11821.301045
-35.59,44,11822.318346
-35.53,72,11824.186955
-37.84,33,11825.135063
-41.36,36,11826.150447
-38.25,26,11830.00445
39.0,33,11830.998887
32.187919,26,11831.547315
35.314642,28,11832.35773
43.23959,27,11833.109059
32.747093,53,11834.620709
38.949272,34,11835.611307
-33.0,25,11836.338531
-32.97,56,11837.619043
-41.66,39,11838.508178
-35.5,30,11839.797883
32.696875,35,11841.009604
34.148005,41,11842.136305
-41.17,30,11842.981544
34.425816,39,11844.07192
35.409836,31,11848.024661
-35.5,32,11849.283962
-32.29,37,11850.199565
-41.64,36,11851.270983
-32.83,34,11852.229031
41.804651,26,11852.967958
-42.0,34,11853.856705
-35.23,29,11854.556869
-42.0,28,11855.279502
-32.48,23,11855.836705
-37.85,30,11856.507803
37.426923,33,11857.354585
38.124444,97,11860.198613
-38.48,36,11861.326431
-32.71,42,11865.423987
46.932203,61,11867.128621
39.897619,24,11867.884203
-36.0,84,11870.271113
44.584563,86,11872.50027
-41.42,23,11873.079574
-39.0,25,11873.654258
-40.49,20,11874.083995
32.60241,37,11875.103844
-32.81,29,11875.902991
-44.91,54,11877.759508
35.107463,24,11878.493678
-41.79,24,11881.915286
32.486692,43,11882.885191
-38.6,30,11883.694205
41.368821,33,11884.688552
-38.21,29,11885.524249
38.939394,35,11886.463611
-38.88,35,11887.775737
-41.09,56,11889.374126
-37.27,31,11890.158495
44.090909,42,11891.189316
-40.94,43,11892.093149
-44.93,16,11892.515344
47.323009,17,11892.988941
-47.69,23,11893.610614
44.664179,18,11894.08453
32.172932,29,11894.980278
-44.53,28,11898.761327
41.413357,31,11899.656964
-37.69,28,11900.398502
-41.56,43,11901.672893
-41.67,42,11903.246022
37.610341,25,11904.224102
-35.3,33,11905.280618
-39.0,27,11906.092367
35.738281,32,11906.951444
32.128205,29,11907.592917
36.0,28,11908.164703
32.008299,35,11908.951632
-41.6,23,11909.505598
38.754717,35,11910.593942
-32.77,35,11911.636461
41.516729,26,11912.397364
42.844028,28,11913.14825
-35.53,30,11916.801469
-33.0,29,11917.628991
32.314869,37,11918.466122
-42.0,26,11919.557511
-44.13,16,11920.01219
-32.94,33,11921.03095
35.75089,40,11922.253212
43.623892,23,11922.84035
-43.86,24,11923.507546
-38.61,23,11924.11755
-40.8,21,11924.562002
37.792999,32,11925.604245
-39.3,27,11926.221961
42.0,23,11926.723656
-32.1,34,11927.590614
-41.91,27,11928.338474
-38.38,29,11929.093341
-38.78,26,11929.789612
41.216,23,11933.164016
37.327136,26,11933.832768
-35.75,28,11934.604856
-35.46,42,11935.356157
-41.09,32,11936.13681
-35.89,37,11937.117178
-38.91,26,11937.812895
-32.87,31,11938.739194
38.363636,30,11939.509384
-41.5,24,11940.2075
-38.36,24,11940.73018
-38.51,20,11941.159137
35.636042,32,11941.871637
38.26129,28,11942.507591
36.0,30,11943.124502
40.525314,32,11943.862489
36.0,41,11944.987253
-43.53,26,11948.553199
35.799296,34,11949.480096
44.060913,27,11950.244553
-42.0,21,11950.787277
35.655629,38,11951.771712
-43.42,32,11952.776414
35.511111,27,11953.520983
32.910072,31,11954.385349
35.551471,27,11955.154695
32.205298,33,11956.078819
-34.92,39,11957.081527
-38.61,33,11957.788382
-36.0,38,11958.639453
-34.55,36,11959.897593
46.435235,28,11960.666044
-36.83,32,11961.46801
-38.36,33,11962.803724
-34.94,34,11966.565642
-43.99,24,11967.223104
-35.23,28,11967.950416
-35.66,28,11968.722991
-40.65,27,11969.37055
42.615686,32,11970.181804
44.175859,28,11970.975239
-41.82,50,11972.437958
-35.71,25,11973.159582
-41.29,32,11973.849349
-40.7,27,11974.432784
-41.28,27,11975.01489
-39.0,25,11975.590767
-32.39,38,11976.546462
38.582707,38,11977.59223
44.787162,20,11978.138942
38.838565,24,11978.77805
-38.51,32,11982.326318
39.0,25,11982.955835
44.010791,24,11983.688597
44.345469,23,11984.321487
44.146048,23,11984.935329
-38.62,28,11985.677939
-43.07,32,11986.598007
-46.77,26,11987.35268
-46.58,28,11988.078274
39.0,38,11989.075549
-41.73,26,11989.780763
46.096991,44,11990.906329
44.164286,26,11991.441287
43.796296,47,11992.491511
41.141732,26,11993.07176
-40.05,26,11993.707326
32.423077,35,11994.924415
46.070943,16,11998.317575
35.543478,26,11999.045194
-31.89,48,12000.35314
35.295703,33,12001.220277
-35.21,36,12002.143872
41.146409,27,12002.884369
39.0,31,12003.759072
44.328767,20,12004.34072
38.396364,39,12005.431893
-34.88,41,12006.47807
41.381944,36,12007.280051
44.771429,26,12007.929876
38.107407,26,12008.504616
40.245124,35,12009.309931
-41.4,22,12009.919909
-40.52,25,12010.615731
-41.08,20,12011.134508
40.316203,30,12015.097609
-43.67,20,12015.751312
-37.89,28,12016.826641
35.492593,32,12017.635816
41.353612,35,12018.64856
-38.12,27,12019.383723
-34.87,33,12020.239908
44.099617,28,12020.997157
35.431616,41,12022.267688
41.701695,28,12023.024249
-32.18,39,12023.911715
-32.32,29,12024.638198
-44.5,28,12025.374849
-41.39,21,12025.908931
40.454807,30,12026.781607
-38.05,37,12028.312735
39.0,24,12028.999071
-47.56,19,12032.728609
35.296117,38,12033.913077
-43.36,31,12034.867111
-35.79,31,12035.745244
-35.65,30,12036.665842
44.991597,35,12037.681144
-32.67,39,12038.800101
-42.98,35,12039.759783
43.92894,27,12040.436005
31.799213,44,12041.472578
-34.61,41,12042.34485
-37.73,30,12043.056553
41.52809,25,12043.759935
-38.34,30,12044.664931
-40.51,25,12045.345207
-41.39,33,12046.269534
-32.17,39,12050.353885
38.621005,28,12051.136511
-41.53,28,12051.910049
-40.79,28,12052.636142
44.548872,21,12053.280275
-38.07,29,12054.148119
-35.65,31,12055.021144
-37.9,38,12056.037266
-41.13,30,12056.79451
40.279299,32,12057.550246
-42.0,32,12058.185446
-44.62,18,12058.634158
38.450909,28,12059.292307
43.770853,26,12059.902393
35.310976,31,12061.057075
-38.19,34,12061.911467
-41.82,21,12062.498619
41.937729,30,12063.136255
40.728986,27,12066.513709
35.44358,26,12067.15461
-37.87,28,12067.90655
-34.96,43,12068.768358
38.400621,25,12069.338775
38.439628,30,12070.018866
-38.07,24,12070.726807
-39.0,25,12071.371376
-41.77,18,12071.840444
38.53629,29,12072.501562
32.401408,34,12073.119257
-35.05,50,12074.075171
39.0,28,12074.582303
41.773463,23,12075.054803
-32.51,40,12075.965312
41.211806,43,12076.983752
32.583333,45,12080.390508
-44.5,19,12080.765781
-41.47,25,12081.272816
36.0,25,12082.512337
32.59589,35,12083.263987
36.0,37,12084.038779
41.048401,33,12084.817341
-34.97,26,12085.443418
-38.58,31,12086.034023
42.953723,47,12087.234559
-45.0,20,12087.63499
-40.41,31,12088.124353
46.325872,22,12088.49506
41.489231,23,12088.871166
35.392927,34,12089.500875
41.443662,22,12089.88618
-41.07,21,12090.292873
42.0,31,12090.806171
-39.0,24,12093.313596
32.027451,28,12093.8157
-34.98,45,12094.652132
35.597902,48,12095.523189
-37.39,32,12096.124909
38.121495,29,12096.632807
-42.0,34,12097.180839
43.872964,22,12097.547044
-42.0,34,12098.137315
32.886731,30,12098.671972
38.42053,39,12099.270542
36.0,18,12099.637413
41.156477,27,12100.080715
-34.84,35,12100.869213
41.271523,29,12101.428166
38.036675,39,12102.915599
30.0,30,12105.437611
-38.55,27,12105.907058
34.870345,69,12107.068977
32.616438,27,12107.487538
39.0,45,12108.148981
35.522099,40,12108.924873
35.079861,21,12109.237758
40.528302,24,12109.648686
-35.79,35,12110.25842
-38.75,21,12110.656495
34.767516,34,12111.30097
38.309392,30,12111.977594
-35.03,26,12112.572194
-44.01,22,12113.0818
35.537634,36,12113.795093
-37.72,26,12114.263261
44.062914,22,12116.657693
32.612403,36,12117.296171
-44.31,24,12117.722767
47.050505,28,12118.180336
-35.78,28,12118.626289
-34.73,154,12121.417279
-38.5,21,12121.944094
36.0,37,12122.717279
-39.0,20,12123.137706
-35.59,33,12123.722623
-35.08,24,12124.165027
38.392996,25,12124.624952
-36.0,26,12125.083242
35.536585,27,12125.559348
-44.08,26,12127.955009
-35.12,31,12128.50841
-46.56,26,12128.973941
-38.51,30,12129.614745
36.0,26,12130.003745
39.0,21,12130.328446
-35.82,29,12130.730292
-41.18,20,12131.064123
44.418605,29,12131.568857
-34.7,23,12132.004517
40.247848,24,12132.439367
-38.22,25,12132.939178
-40.95,49,12133.788403
39.0,23,12134.200313
-33.0,34,12134.813801
41.074042,38,12135.487873
34.603175,35,12136.090293
-35.13,32,12136.664921
38.12549,24,12139.05383
-35.41,25,12139.446918
38.176282,29,12139.92503
-35.77,37,12140.465496
41.411985,16,12140.709443
-41.2,25,12141.081979
-32.08,29,12141.479512
-34.88,30,12142.056726
32.750958,39,12142.707341
-32.04,30,12143.333541
38.742857,28,12143.910932
44.704918,19,12144.243313
44.5,18,12144.571133
-35.02,28,12145.080748
32.707165,30,12145.624158
-34.81,30,12146.135937
-45.0,16,12146.440697
33.0,29,12146.960546
41.5,27,12147.370912
41.465598,23,12149.678411
37.2075,31,12150.383003
35.201646,37,12150.933933
-35.64,32,12151.460797
-32.09,52,12152.269913
-35.23,29,12152.784876
38.538732,49,12153.652289
-41.5,23,12154.09637
35.362676,36,12154.705755
-35.53,34,12155.270943
-35.42,31,12155.812664
-44.05,22,12156.236134
43.316365,21,12156.646492
-40.63,39,12157.322635
41.100923,27,12157.806423
-35.43,34,12160.361151
41.426621,27,12160.802449
-38.34,31,12161.242689
-32.81,30,12161.674952
-32.35,37,12162.192499
-35.86,34,12162.778154
-38.37,28,12163.297642
44.141176,36,12164.356789
-35.19,27,12164.789824
-35.68,28,12165.335578
42.0,24,12165.783942
-41.31,32,12166.299317
-45.0,47,12167.218683
40.480975,22,12167.615245
-40.11,19,12167.985119
37.474862,32,12168.529533
32.511278,41,12169.214826
-42.0,29,12171.693196
-34.71,42,12172.29499
38.931624,35,12172.820115
-40.82,36,12173.385391
-41.31,22,12173.755073
-35.69,69,12174.970613
-34.26,35,12175.588727
44.310345,19,12175.941078
32.255906,35,12176.599288
41.786184,15,12176.905334
40.408632,26,12177.360811
35.458204,34,12177.949547
35.303571,24,12178.367619
35.290698,38,12179.011858
-40.71,32,12179.567203
38.790441,23,12179.986902
41.501916,29,12182.37455
-32.03,25,12182.741202
38.585551,51,12183.462847
32.106299,32,12184.030638
39.0,20,12184.5727
44.47678,30,12185.176135
35.786885,24,12185.6185
-35.69,36,12186.31656
-39.0,47,12187.149904
-37.73,36,12187.834024
-36.0,35,12188.72473
-38.81,22,12189.090077
37.547822,25,12189.533139
-36.0,44,12190.37852
42.0,38,12191.046763
34.955319,29,12191.723438
-38.35,24,12193.910584
33.0,35,12194.426624
39.0,35,12195.04615
33.0,40,12195.739786
-32.13,30,12196.53011
39.0,32,12197.079529
-35.46,32,12197.651546
42.973087,33,12198.208925
40.895278,25,12198.662964
-36.0,27,12199.103429
-33.0,24,12199.559603
-41.39,30,12200.154199
32.65625,57,12201.140795
-33.0,34,12201.738442
36.844173,34,12202.300444
39.900451,33,12204.608602
-41.03,28,12205.058404
-38.41,38,12205.833517
32.758278,29,12207.045995
39.0,21,12207.426563
-40.21,23,12207.862581
-35.08,30,12208.391493
-35.43,38,12209.043406
-33.0,33,12209.622677
-41.03,17,12209.93874
-35.14,31,12210.411422
42.0,27,12210.896969
40.881342,34,12211.488649
-37.09,25,12211.92304
-37.83,27,12212.431139
40.574517,21,12212.876504
-44.13,26,12213.342322
36.0,50,12214.170321
-38.43,36,12216.528368
39.974383,43,12217.335039
-38.1,33,12217.907348
34.817164,43,12218.659225
-46.63,25,12219.138401
34.611111,29,12219.637673
-38.04,28,12220.126714
-38.31,32,12220.679516
-37.53,32,12221.218557
-39.0,24,12221.617828
-32.88,33,12222.177459
-41.11,17,12222.489792
38.358779,33,12223.073445
41.165109,50,12223.938219
39.0,31,12224.381715
-40.96,29,12226.682968
-41.1,28,12227.293711
34.245256,30,12227.842025
41.734694,22,12228.251228
32.902439,33,12228.890595
40.783182,19,12229.209903
-41.56,30,12229.736632
-36.0,27,12230.208822
-34.75,33,12230.768183
47.353612,19,12231.10403
-37.91,27,12231.597542
-35.26,35,12232.229796
-40.65,29,12232.763888
-43.01,27,12233.288128
32.189189,28,12233.879885
-41.71,25,12234.346899
37.517965,27,12234.828583
-41.01,33,12235.409515
35.347015,74,12238.334175
38.301471,23,12238.723917
-44.59,23,12239.13243
41.979592,29,12243.131533
41.242285,32,12244.152814
-41.78,30,12244.829232
40.620482,24,12245.28717
-41.14,50,12246.313188
-44.55,21,12246.712842
-32.07,33,12247.347339
-38.93,38,12248.07762
32.618182,25,12248.554164
35.035019,21,12248.946935
-35.64,29,12249.486061
-38.34,37,12250.271297
33.0,56,12251.326076
-42.0,19,12253.540858
37.102923,25,12253.985049
-35.23,27,12254.463339
-35.12,38,12255.199688
-46.63,45,12256.051266
-44.28,21,12256.408719
-35.34,87,12257.962484
38.671756,31,12258.507535
-38.8,21,12258.888202
-44.45,21,12259.333515
-40.08,26,12259.852672
-35.02,36,12260.68593
-42.0,22,12261.091864
-40.24,23,12261.503997
-45.0,24,12261.990984
38.104158,32,12262.531463
33.0,40,12265.025827
39.0,36,12265.6496
-38.26,32,12266.22817
-37.56,24,12266.722923
-32.86,31,12267.268853
-31.62,29,12267.813783
38.217241,27,12268.292802
-33.0,43,12269.05351
-39.89,34,12269.993213
44.837963,28,12270.532116
32.521127,33,12271.190543
44.453039,31,12271.846304
48.0,19,12272.294959
-45.0,33,12272.996496
41.469925,22,12273.427691
-42.0,35,12274.022473
-37.95,26,12274.421652
-35.67,40,12277.850297
33.0,76,12279.232025
-44.2,21,12279.624323
-35.16,33,12280.247125
-35.45,29,12280.778086
41.604563,45,12281.627356
38.773414,27,12282.27226
-38.23,37,12282.944464
30.0,51,12283.955882
35.758197,24,12284.387557
-38.21,37,12284.987864
41.222615,25,12285.365112
-44.3,27,12285.822798
32.485612,61,12288.934583
-47.75,35,12289.545914
-41.46,26,12290.014801
-38.39,31,12290.591684
-38.91,23,12291.019655
-35.23,29,12291.584607
-38.25,30,12292.171484
-35.09,31,12292.771635
-33.0,27,12293.270155
41.501931,24,12293.748022
-33.0,47,12294.737564
-37.52,32,12295.409807
35.280172,29,12295.876302
41.928783,24,12296.214205
33.0,40,12296.880527
41.45583,21,12297.229688
-41.78,18,12297.494233
39.0,24,12297.955632
32.139623,31,12300.508281
39.0,30,12301.015184
-37.73,35,12301.65384
-47.54,18,12301.959611
37.963878,40,12302.660797
38.2589,23,12303.084443
-38.91,24,12303.530601
38.33213,26,12304.100574
-32.8,53,12305.040644
38.612583,27,12305.4963
-33.0,36,12306.115883
-41.22,21,12306.4579
-42.23,29,12306.897287
40.587979,23,12307.278867
35.302115,28,12307.701365
-44.4,18,12308.005908
-35.39,44,12308.75281
-35.4,28,12311.417102
-32.81,29,12311.915754
-34.24,29,12312.466733
-41.81,29,12312.985647
-33.0,44,12314.0194
33.0,36,12314.752489
32.492212,31,12315.400948
-33.0,41,12316.30642
-41.03,24,12316.775513
-38.48,37,12317.452469
-38.65,27,12317.892585
-39.0,27,12318.340924
38.128785,30,12318.78206
-45.0,27,12319.188756
35.421603,28,12319.701822
33.0,29,12320.29451
35.472414,35,12322.938776
35.67037,34,12323.569874
-40.98,39,12324.271312
-33.0,31,12324.829535
-38.46,23,12325.259012
32.84106,32,12325.902686
38.153846,30,12326.57269
-33.0,33,12327.194588
-40.62,24,12327.652213
32.437008,33,12328.265605
-35.53,40,12328.8744
-41.79,42,12329.510898
-37.48,27,12329.917983
-35.46,34,12330.401193
-44.17,22,12330.75551
-35.65,27,12331.244736
40.491292,31,12331.812072
37.699963,32,12334.462754
-35.67,26,12334.990353
32.893103,36,12335.700169
-37.06,27,12336.216257
44.020158,25,12336.692055
41.433333,23,12337.214471
32.609272,36,12337.953458
40.418778,36,12338.595768
42.0,30,12339.148474
33.0,28,12339.621559
35.478102,26,12340.029731
35.146067,29,12340.465681
-41.04,33,12340.968628
-37.75,42,12341.635577
47.225806,13,12341.93444
-45.0,21,12342.338515
44.804487,29,12342.851839
38.315703,39,12345.615592
-32.63,50,12346.575569
44.278523,18,12346.92519
32.727554,27,12347.426595
-32.02,32,12348.164299
41.326926,24,12348.598575
-47.76,18,12348.963171
-40.03,27,12349.468994
32.902878,30,12350.040354
40.092215,31,12350.571535
38.70229,25,12350.921177
-32.81,43,12351.622568
-35.66,49,12352.379408
36.0,40,12353.101558
-35.02,35,12353.698041
32.200803,30,12354.237608
34.848592,26,12356.780407
35.172535,27,12357.263112
-33.0,34,12357.92699
-38.41,24,12358.363652
-33.0,37,12359.224751
-45.0,21,12359.627306
-41.59,19,12359.964002
33.0,28,12360.49753
32.448529,35,12361.132557
-46.4,30,12361.604669
-43.8,23,12361.934591
-32.32,36,12362.514671
42.0,20,12362.795246
-32.61,50,12364.021531
-36.0,23,12364.449511
41.142826,36,12365.15206
32.091525,37,12365.841284
38.198413,29,12368.445955
-33.0,56,12369.451629
-34.55,33,12370.169357
37.961707,26,12370.820553
-38.31,25,12371.26192
-35.91,29,12371.786757
39.0,28,12372.217141
35.312727,31,12372.644053
43.345659,52,12373.444325
35.644828,34,12373.955373
-32.52,38,12374.641221
-35.48,37,12375.24933
-41.87,28,12375.752712
-37.67,30,12376.291213
-41.37,43,12377.034173
-39.0,27,12379.473893
40.044111,34,12380.163537
32.110266,29,12380.87482
38.796226,26,12381.415178
-32.34,34,12382.082262
-35.53,39,12382.798223
-41.71,17,12383.056098
43.454979,26,12383.465909
38.092189,34,12383.976844
-40.74,19,12384.239037
-37.6,38,12384.913357
-41.34,29,12385.438428
-32.48,52,12386.414721
41.265455,22,12386.815836
34.734834,29,12387.366169
-37.26,34,12387.974129
40.602913,23,12388.399144
35.028475,38,12391.248988
-32.84,30,12391.775148
-35.33,31,12392.439292
39.20339,33,12393.002856
33.0,34,12394.269989
-43.87,25,12394.717986
-44.97,23,12395.08485
-32.08,30,12395.518783
-44.16,22,12395.864058
35.167329,38,12396.481363
-40.64,23,12396.869088
37.917529,33,12397.528101
40.67675,45,12398.365626
42.0,27,12398.880215
48.0,19,12399.269438
43.853569,21,12399.663067
-32.17,30,12400.227319
-38.88,27,12400.739004
32.240854,39,12403.67271
-36.0,37,12404.393751
40.889336,23,12404.781962
-35.12,39,12405.411912
-36.0,31,12405.878326
-41.35,23,12406.234535
41.666667,33,12406.73022
33.0,43,12407.44478
43.602532,26,12407.911407
32.740157,34,12408.53191
-41.81,25,12408.991839
-35.25,26,12409.554319
-41.35,23,12410.005855
-36.0,42,12410.80968
-41.88,37,12411.500863
-37.37,30,12412.060567
35.378049,23,12414.663294
-42.95,29,12415.211171
-37.79,40,12415.874525
34.264532,44,12416.727863
37.968712,29,12417.164823
-45.0,21,12417.518595
-32.85,58,12418.494967
-41.59,21,12418.881148
-42.0,26,12419.384242
-44.76,18,12419.815459
35.804688,27,12420.362481
-39.0,23,12420.841635
-34.29,26,12421.390543
38.151079,23,12421.84157
-37.16,23,12422.276545
-41.14,25,12422.722734
-32.8,26,12423.305056
-35.2,34,12426.430809
32.834891,31,12427.023467
-35.85,30,12427.57334
-37.99,51,12428.452569
-33.0,61,12429.399072
41.354839,20,12429.73198
-38.38,27,12430.205033
41.190184,32,12430.772464
-35.78,23,12431.244586
35.662037,34,12431.900446
-47.68,20,12432.34257
-35.59,36,12432.999068
44.067506,27,12433.483441
-44.44,28,12434.03976
32.9,52,12434.95054
-44.68,27,12435.41705
-39.94,22,12437.757689
36.674074,38,12438.354939
41.207124,28,12438.795282
34.831839,34,12439.362291
41.450373,28,12439.739724
41.33574,20,12440.062517
36.0,31,12440.529721
-39.0,38,12441.296165
-38.24,53,12442.20878
-35.47,43,12442.968599
-32.93,36,12443.723045
31.718391,37,12444.451579
41.360274,22,12444.858279
37.599338,38,12445.548739
32.777778,32,12446.130884
38.704453,25,12448.71571
-38.11,22,12449.102346
-44.35,23,12449.46657
-38.01,32,12450.000171
-38.29,25,12450.381637
38.552419,27,12450.810726
41.365145,52,12451.644941
42.0,22,12452.004074
35.798762,41,12452.706312
-39.31,22,12453.100336
47.168712,17,12453.405106
40.133195,34,12454.015728
37.046744,31,12454.947327
-32.81,36,12455.610363
41.439114,20,12456.003193
-37.2,29,12456.544043
-40.53,23,12456.977924
44.445312,25,12457.463979
-36.0,38,12460.297308
-38.91,33,12460.831147
-38.21,56,12461.660163
32.552448,37,12462.231192
-41.31,31,12462.763297
33.0,36,12463.368739
-36.0,24,12463.932302
-32.27,43,12464.706802
-38.14,25,12465.131928
32.225681,39,12465.786996
-35.94,34,12466.385993
40.745876,32,12466.92003
41.256098,25,12467.352166
36.0,31,12467.888043
-44.46,23,12468.325803
-41.28,34,12470.905734
-37.56,26,12471.299775
41.236948,24,12471.659675
37.988372,32,12472.120316
38.178723,26,12472.519853
-38.25,29,12472.968121
38.366184,47,12473.770968
-38.38,27,12474.226287
41.671296,22,12474.631872
-37.77,36,12475.242783
-35.84,26,12475.711687
-35.5,27,12476.185515
-41.56,28,12476.712457
-38.51,26,12477.14935
-38.61,33,12477.699975
41.030651,38,12478.344096
-43.59,26,12478.804291
-32.18,29,12479.306497
31.956081,37,12481.794144
-34.58,30,12482.237898
-41.29,23,12482.554258
-33.0,42,12483.247316
35.349674,39,12483.875987
33.0,42,12484.63276
38.242537,22,12485.02539
-38.38,30,12485.620712
41.163347,28,12486.240339
-45.0,18,12486.55883
44.571046,20,12486.947966
-42.0,30,12487.467983
-35.23,26,12487.909566
-38.63,30,12488.394475
-44.54,25,12488.819782
-32.34,36,12489.442781
32.744337,33,12490.025254
-32.07,31,12492.41909
35.422925,31,12493.109416
-35.69,31,12493.630744
-38.47,21,12493.938573
-37.9,22,12494.312405
33.0,32,12494.857
39.635433,34,12495.489849
-38.89,26,12495.93309
41.457746,35,12496.526899
-38.9,32,12497.098672
-35.73,27,12497.584043
-42.0,22,12497.953205
-38.43,32,12498.52659
32.803279,39,12499.1759
35.988506,30,12499.696462
-47.17,21,12500.076412
-32.29,40,12500.794181
-42.0,27,12503.049027
-40.8,42,12503.68046
-38.51,33,12504.204472
41.610619,28,12504.724586
41.440426,24,12505.161137
32.430421,34,12505.76484
42.0,34,12506.368544
40.966535,37,12506.960923
-43.94,38,12507.638165
-35.3,27,12508.107905
41.052518,28,12508.749353
44.346711,22,12509.113764
-44.17,34,12509.721397
30.0,29,12510.213399
-35.88,40,12510.965034
-39.0,25,12511.420493
-41.42,29,12513.700069
35.48289,28,12514.117648
41.412879,35,12514.673602
-41.02,30,12515.232192
35.830935,44,12516.223924
41.45283,28,12516.708098
-43.96,24,12517.132328
47.455801,28,12517.631341
38.385417,35,12518.235106
-43.81,38,12518.891286
38.070111,41,12519.623513
-38.76,36,12520.288609
47.624031,61,12521.369733
45.0,21,12521.773379
38.332031,27,12522.253944
-39.0,21,12522.628242
41.564286,27,12524.774838
35.421201,27,12525.219445
-44.04,28,12525.690677
32.377622,42,12526.40728
-38.35,27,12526.861
42.0,24,12527.26233
-35.09,31,12527.813514
-38.53,25,12528.322951
-32.7,32,12529.095479
-46.69,21,12529.630925
-39.0,25,12530.166978
-41.35,31,12530.786696
42.657339,28,12531.3238
41.36,27,12532.001715
-38.22,22,12532.445405
-47.33,16,12532.779049
-47.14,12,12533.014775
31.604317,39,12533.832826
38.80467,52,12536.769284
36.0,39,12537.515407
-41.91,21,12537.968673
-40.69,19,12538.317713
42.0,24,12538.831618
-41.08,24,12539.298119
35.066148,29,12539.857709
44.357678,19,12540.381925
-35.53,33,12541.000082
44.511551,33,12541.606766
-32.19,34,12542.2631
32.778523,37,12542.933456
38.003311,28,12543.467703
32.237548,39,12544.163706
-33.0,30,12544.700567
38.386667,23,12545.159272
-38.54,25,12545.538817
30.0,45,12548.292444
-41.41,34,12548.947258
-38.36,38,12549.66446
33.0,30,12550.246003
35.233645,35,12550.974027
41.902077,22,12551.413496
-35.21,22,12551.827787
42.0,31,12552.406728
-42.0,28,12552.923326
35.0333,41,12553.726442
38.833333,35,12554.399721
41.220472,25,12554.920131
-39.0,24,12555.381934
38.535055,19,12555.848631
35.900415,27,12556.391312
36.0,31,12556.999337
32.103448,36,12557.880906
42.980938,36,12560.829929
-38.08,26,12561.34092
38.134483,28,12561.902703
-41.11,23,12562.381804
-37.8,26,12562.866784
-47.79,21,12563.491018
-44.11,23,12563.916471
-41.13,35,12564.769608
-41.19,25,12565.26396
-40.85,96,12567.314244
-38.36,24,12567.749122
-32.63,30,12568.307194
-41.7,32,12568.900847
41.481752,21,12569.269022
41.080997,23,12569.655588
-41.99,26,12570.103793
-38.6,25,12570.500584
-35.31,28,12572.874583
-41.79,23,12573.324806
-35.24,48,12574.824694
-41.68,30,12576.153271
36.0,26,12576.757773
33.0,27,12577.267782
41.655172,23,12577.764432
44.319438,34,12578.500961
-38.62,25,12579.074677
41.650206,22,12579.508418
35.126394,44,12580.399379
41.311258,24,12580.977944
34.287267,37,12581.765181
-45.0,69,12583.083027
-41.58,18,12583.41072
-32.5,32,12583.913567
-43.79,23,12584.263544
-44.77,35,12587.257262
-38.19,28,12587.945038
44.067339,20,12588.345526
-41.71,21,12588.768869
47.106481,20,12589.114459
37.163782,54,12590.168769
-35.34,36,12590.904605
-41.23,26,12591.424717
34.486563,33,12592.086948
35.122137,30,12592.737584
-31.83,36,12593.620626
44.595556,24,12594.079451
-42.49,20,12594.409036
-42.0,41,12595.225231
35.867521,24,12595.641006
-38.84,25,12596.048955
-38.91,26,12596.563104
41.39604,29,12599.153376
32.524,38,12599.897285
-41.24,31,12600.776411
-33.0,28,12601.473027
-38.13,21,12601.90087
-38.3,47,12602.885334
-43.61,33,12603.599716
-32.88,30,12604.220866
37.771454,33,12604.931417
-34.04,28,12605.4567
-38.33,46,12606.456556
38.902878,43,12607.296229
-44.5,23,12607.662155
-36.0,31,12608.247198
-42.0,22,12608.76916
37.342454,38,12609.651467
-42.95,25,12613.240865
32.509146,42,12614.122661
-43.37,30,12614.731826
35.456446,26,12615.340627
-38.97,36,12616.27388
-37.76,28,12616.840212
-36.0,24,12617.371012
35.395683,26,12617.9101
41.287926,32,12618.601238
-39.0,27,12619.16542
38.01476,41,12619.941313
-42.96,25,12620.395071
-39.0,24,12620.810801
-35.91,28,12621.262558
-40.9,24,12621.674542
41.304527,35,12622.331691
-35.13,29,12623.068587
37.812661,28,12626.314927
35.445783,26,12626.858814
-40.46,23,12627.338992
-40.97,24,12627.876227
35.352941,29,12628.466654
-41.12,20,12628.97407
-41.28,26,12629.556086
-45.98,24,12630.102899
38.876448,36,12630.823671
-42.96,26,12631.54408
43.656541,37,12632.312369
44.013559,22,12632.742377
41.218605,22,12633.126531
32.833333,37,12633.756256
-41.91,22,12634.109848
39.432241,23,12634.46435
-39.0,27,12635.006831
35.579439,27,12635.567638
40.677009,28,12636.147774
-44.81,25,12639.020211
-41.37,24,12639.506639
-44.5,29,12640.13894
46.683406,26,12640.727491
-36.0,39,12641.581801
38.10395,23,12642.061396
-35.12,27,12642.679389
-35.9,56,12643.761257
35.372014,41,12644.86167
-38.55,22,12645.425727
-36.0,26,12645.934855
-47.09,31,12646.553612
-35.81,38,12647.242393
32.169118,49,12648.148469
-41.25,21,12648.608462
-39.0,36,12649.524688
-39.0,25,12652.609665
-32.12,40,12653.575958
-32.29,41,12654.693147
-44.27,26,12655.311454
42.0,20,12655.760118
41.004049,19,12656.210803
42.0,36,12656.97024
-33.0,25,12657.626897
32.030418,32,12658.432498
-41.71,23,12658.887882
32.793103,43,12659.724627
47.543408,13,12659.990812
35.056196,35,12660.674043
41.320007,30,12661.231298
-37.35,41,12662.03167
47.5,33,12662.723294
-41.97,42,12663.554432
-41.9,51,12667.270284
-35.03,57,12668.530083
35.407273,30,12669.176294
-37.48,69,12670.731132
-40.93,27,12671.311015
34.708305,46,12672.23233
-41.47,31,12672.829236
-42.0,20,12673.221886
36.0,27,12673.838196
32.630662,37,12674.50212
-36.76,21,12674.908506
32.403974,33,12675.613825
-40.12,28,12676.392757
-36.0,40,12677.433807
-41.8,24,12680.394083
-38.73,21,12680.883229
44.066216,22,12681.672979
-38.93,39,12682.616066
-36.0,33,12683.387074
38.61194,27,12684.026047
-40.8,22,12684.57064
-41.88,57,12685.706563
37.724335,28,12686.310833
38.680851,25,12686.806664
-40.8,32,12687.399892
33.0,26,12687.899018
-39.0,18,12688.27029
36.0,42,12689.116569
-44.1,37,12689.955459
44.794872,35,12690.71354
35.087346,57,12694.343021
-40.66,84,12696.310179
-41.14,31,12697.019787
-40.91,24,12697.569748
38.726236,18,12697.946497
-43.85,30,12698.532734
-32.18,38,12699.329668
-44.07,29,12699.905013
47.133106,21,12700.338772
39.0,30,12701.000042
-45.0,25,12701.487673
-44.61,19,12701.886782
-38.94,27,12702.436889
40.343228,29,12703.088941
-40.81,32,12703.767116
38.658182,25,12704.319867
-41.38,28,12707.500322
-35.49,27,12708.104645
-32.47,39,12708.939721
-38.49,35,12709.732523
-42.0,27,12710.372017
-38.64,28,12710.93825
-41.14,22,12711.413674
40.813333,24,12711.858758
38.876161,26,12712.375581
40.654494,32,12713.067382
32.902685,34,12714.101214
38.221675,28,12714.724248
-43.93,32,12715.40292
34.493151,35,12716.188133
-39.0,28,12716.832932
-44.07,25,12717.422267
-32.85,43,12718.382769
35.584362,32,12721.535227
-32.03,34,12722.297826
37.826377,31,12723.003518
-41.21,26,12723.566344
-44.53,21,12724.061643
36.0,29,12724.627687
-41.78,23,12725.106683
41.412639,25,12725.612703
-38.17,22,12726.06125
-35.63,28,12726.574855
-44.21,36,12727.301025
-32.6,29,12727.831053
35.505535,36,12728.524123
-41.73,41,12729.400569
-35.15,38,12730.239538
-39.96,20,12730.675466
-41.17,24,12731.249267
38.511628,23,12731.72536
-47.66,16,12734.474764
32.84,43,12735.40485
-32.56,35,12736.488974
-38.91,28,12737.036636
32.025424,38,12737.70275
-35.69,34,12738.365258
42.618035,31,12738.998432
39.0,20,12739.443962
34.272016,41,12740.22524
-33.0,29,12740.880984
38.391667,25,12741.392431
-44.62,30,12742.052147
-42.0,23,12742.57794
35.186047,33,12743.626801
-38.59,24,12744.152905
-37.75,29,12744.781627
-41.31,26,12745.303175
37.854899,30,12748.397291
-41.2,38,12749.2087
-44.78,19,12749.656688
-41.28,36,12750.501505
35.021156,29,12750.978806
35.024543,31,12751.60459
-38.39,22,12752.018853
41.34471,36,12752.90769
-35.21,34,12753.538724
-41.56,37,12754.371631
-37.19,27,12755.008533
-39.0,59,12756.362882
35.009934,27,12757.030952
-34.88,32,12757.666252
-38.71,37,12758.448005
-44.5,31,12759.179648
-40.06,23,12762.120885
-38.36,36,12762.870863
38.11245,32,12763.485568
41.692308,21,12764.066942
41.563636,28,12764.593483
-35.04,25,12765.113796
43.424436,35,12765.797276
-38.59,27,12766.66065
-35.33,32,12767.362013
38.129167,28,12768.013085
-41.67,21,12768.521064
35.004616,39,12769.42686
-37.78,24,12769.934126
-35.42,90,12771.850736
43.868454,22,12772.343602
-40.9,39,12775.705319
36.0,36,12776.472831
34.555098,47,12777.278324
-35.7,33,12777.9244
-38.42,26,12778.373929
-38.39,31,12779.009813
-38.38,32,12779.5915
-40.9,28,12780.088488
-44.5,23,12780.55051
35.616197,51,12781.699928
-41.32,24,12782.250462
41.603932,37,12783.071224
41.426357,24,12783.60457
-33.0,36,12784.446664
-38.76,20,12784.885309
-44.37,32,12785.590599
-35.58,55,12789.195336
39.0,19,12789.576532
41.298695,26,12790.114923
-38.81,37,12790.879966
35.400735,39,12791.632157
-41.58,54,12792.672718
43.964088,27,12793.183929
-32.84,39,12794.004467
-39.0,28,12794.601671
-44.53,31,12795.296798
-38.45,28,12796.295388
38.282946,27,12796.913969
-44.47,21,12797.432105
-44.57,29,12798.256534
-42.0,25,12798.816238
37.437329,43,12799.767074
44.294606,43,12803.073906
-38.54,31,12803.627871
-32.82,36,12804.236341
-32.43,36,12804.804789
-35.68,102,12806.980641
42.0,22,12807.507945
41.707317,25,12808.134434
-32.43,35,12808.928904
-44.64,24,12809.477038
-32.15,30,12810.164169
-41.59,25,12810.775009
44.367694,41,12811.687617
-38.51,27,12812.284049
41.611622,34,12813.018383
41.53169,65,12816.812069
-44.64,20,12817.172236
37.562016,27,12817.676694
-37.45,34,12818.328876
-41.16,31,12818.89422
33.0,31,12819.57473
41.932886,33,12820.306636
-43.26,22,12820.786308
35.426471,35,12821.539169
-36.0,30,12822.205939
32.744604,27,12822.76525
-41.55,45,12823.782653
-38.41,36,12824.626506
-42.0,24,12825.395203
41.744898,26,12825.989171
32.015748,31,12826.724408
44.8,19,12829.356397
37.912236,47,12830.18424
-41.84,29,12830.658284
38.320988,26,12831.128181
-40.82,25,12831.606448
36.0,32,12832.244482
41.133907,19,12832.722979
-38.28,30,12833.533415
-40.72,27,12834.072456
-41.3,30,12834.742585
-37.86,23,12835.298733
-44.37,24,12835.799833
-33.0,29,12836.433681
-31.6,60,12837.810662
-36.0,34,12838.596364
41.583643,30,12839.312568
-40.77,26,12839.861744
32.706294,31,12842.771034
32.64751,31,12843.31072
41.514388,22,12843.680623
35.619205,37,12844.405393
-42.0,36,12845.156225
-40.71,24,12845.687711
-41.91,23,12846.170401
-37.15,41,12847.06752
34.838783,38,12847.936844
-41.32,38,12848.808648
-38.21,31,12849.488284
38.748031,25,12850.063042
-43.85,27,12850.744218
-40.57,26,12851.300241
-33.0,38,12852.143361
40.539003,26,12852.918818
-37.24,34,12856.063127
38.496503,28,12856.584037
-32.52,30,12857.08993
-38.69,29,12857.642836
38.484962,24,12858.136641
42.966654,21,12858.633962
-35.86,27,12859.265934
37.138315,33,12859.985628
-38.41,28,12860.66197
-44.44,16,12860.980862
-41.86,23,12861.623524
-40.91,28,12862.475083
44.555556,21,12863.036851
-41.54,25,12863.831907
-37.52,31,12864.515083
43.96145,22,12865.172508
41.711864,42,12866.064779
37.563009,27,12866.628282
-46.35,29,12867.301118
42.0,20,12867.690953
41.251314,35,12870.407469
-41.5,23,12870.76682
47.885827,24,12871.166971
-43.9,31,12871.849111
-40.67,39,12872.624036
-37.44,27,12873.114175
-45.0,20,12873.494817
-37.67,82,12875.256732
-35.02,38,12876.106484
-38.72,26,12876.695059
-39.0,18,12877.107383
-40.88,31,12877.848413
-35.08,36,12878.561726
38.294118,28,12879.099744
38.977612,23,12879.598997
42.0,27,12880.130794
-32.78,34,12882.783686
-41.39,32,12883.336767
-32.18,30,12884.587668
44.361224,58,12885.836374
38.229463,26,12886.413585
-43.99,27,12886.969815
-35.83,43,12887.857812
-44.12,34,12888.611789
34.744074,45,12889.789944
31.709125,33,12890.58017
-41.76,23,12891.099583
38.615094,37,12891.888479
38.708609,24,12892.400606
38.715328,28,12893.053775
-41.94,22,12893.531441
-38.21,28,12896.257847
41.35124,27,12896.856772
-41.37,32,12897.531635
-39.0,36,12898.395966
-36.0,29,12899.01146
-37.61,26,12899.531004
38.546763,28,12900.127162
-41.12,42,12901.115736
-45.58,20,12901.559925
-41.19,28,12902.114031
-40.88,33,12902.788306
-37.73,92,12904.702353
-35.31,34,12905.378228
38.910217,37,12906.186546
-41.38,23,12906.646489
41.483412,21,12906.996552
35.900312,28,12909.467998
35.078431,29,12910.08382
-46.56,23,12910.751995
-38.92,26,12911.30099
-35.57,35,12912.010125
32.263636,35,12912.680475
-31.72,33,12913.33563
38.085158,28,12913.84234
33.0,32,12914.583217
-35.27,40,12915.492834
-41.02,27,12916.082266
-44.52,24,12916.728451
41.137778,23,12917.232644
42.0,21,12917.667271
-41.93,26,12918.211348
-43.62,20,12918.640636
-41.47,26,12919.156046
-38.23,33,12919.69416
-44.91,31,12922.246202
-41.54,26,12922.801164
-41.04,21,12923.202123
-40.6,31,12923.829699
32.84466,35,12924.565728
35.164659,37,12925.297218
41.482143,20,12925.731473
37.163153,30,12926.353629
-35.21,66,12927.674292
44.056701,21,12928.166923
-47.17,22,12928.614413
-35.21,29,12929.274227
41.778195,26,12929.794811
44.599495,29,12930.378425
38.324895,21,12930.833091
-40.46,33,12931.419371
41.903346,27,12931.920393
-35.91,32,12934.460412
43.583103,23,12934.916914
44.427184,27,12935.459099
39.0,20,12935.840073
-42.0,31,12936.454421
-35.52,31,12937.297759
34.323574,39,12938.185315
-38.5,29,12938.81384
34.535045,34,12939.722014
-32.32,37,12940.685338
-38.72,22,12941.166619
44.271605,15,12941.463005
38.513011,20,12941.862752
-38.24,25,12942.388162
-41.06,33,12943.239958
-32.6,46,12944.082548
-40.88,39,12944.663213
44.902439,16,12944.929927
-38.91,25,12947.502398
41.975313,22,12947.92487
37.95613,25,12948.415846
-39.0,22,12948.847439
-41.16,36,12949.672599
-38.62,32,12950.383122
-35.65,33,12951.049093
-36.0,48,12951.942359
-47.37,15,12952.272629
-39.0,22,12952.738498
-38.85,25,12953.234401
-41.17,25,12953.729601
-38.37,31,12954.366935
-41.8,27,12954.948866
39.0,28,12955.493648
-37.7,27,12955.991058
-34.63,42,12956.675368
-47.16,42,12959.377606
34.449408,57,12960.522148
-48.0,35,12961.344708
-47.38,23,12961.820668
-39.0,29,12962.389497
-37.49,17,12962.720784
35.380403,62,12964.198193
-37.54,32,12964.869668
32.117409,29,12965.458545
-44.66,25,12965.974516
38.02682,23,12966.426268
-34.97,41,12967.218881
43.695148,26,12967.680755
-38.69,30,12968.272396
43.854215,26,12968.653101
38.351351,25,12969.079368
-43.92,23,12971.864392
-32.47,31,12972.46285
-35.97,32,12973.137295
-37.15,31,12973.744319
41.056391,25,12974.238837
-47.72,27,12974.766831
-35.3,69,12976.14362
37.513148,40,12976.929028
-41.51,24,12977.422434
36.0,48,12978.358293
32.162069,32,12979.02714
-35.48,29,12979.502141
-41.91,27,12979.928345
-32.28,28,12980.37114
32.225532,34,12980.895185
-40.78,26,12981.422276
-43.22,25,12984.111917
-38.08,34,12984.818061
-37.88,32,12985.457259
35.203636,26,12985.964513
-32.22,31,12986.596051
-37.63,45,12987.514216
-42.56,32,12988.148591
-39.0,27,12988.555567
-38.48,27,12989.005666
-39.0,35,12989.881009
36.0,21,12990.290657
-35.19,38,12991.046839
-41.47,27,12991.530569
-38.5,32,12992.022382
39.0,40,12992.650597
-46.68,20,12992.986702
32.863309,29,12995.721485
32.102389,29,12996.306294
44.642384,32,12996.964318
41.898113,28,12997.535138
41.035156,38,12998.282731
-36.0,20,12998.654258
-38.86,20,12999.041191
33.0,30,12999.627362
-36.0,31,13000.284707
-39.0,35,13000.975635
-35.3,30,13001.570582
38.197674,33,13002.281955
32.221184,21,13002.733267
-41.37,25,13003.152207
-37.99,42,13003.827791
-35.31,38,13004.39155
-38.5,27,13004.834744
-45.0,30,13005.378399
-36.0,29,13008.144357
33.0,54,13009.216479
-41.28,33,13009.889773
40.450222,25,13010.414982
32.277473,56,13011.530385
32.511811,48,13012.474405
-44.13,31,13013.144295
-41.7,27,13013.660527
-38.78,35,13014.408375
43.130229,23,13014.841912
-41.44,53,13015.831362
34.190495,36,13016.385615
-35.32,37,13017.154834
38.5,36,13020.632561
35.355556,23,13021.105567
-41.13,26,13021.607211
-37.0,27,13022.188283
40.504353,28,13022.816897
34.058672,35,13023.500623
37.981245,30,13024.082817
37.472149,25,13024.594967
-41.06,24,13025.072579
38.236776,29,13025.64086
-36.0,31,13026.206956
40.527354,25,13026.621072
-33.0,33,13027.140307
41.586103,27,13027.572624
38.209091,34,13028.10474
38.688889,43,13028.912773
-36.74,27,13029.483155
39.0,25,13030.040126
-35.34,27,13032.771567
-38.84,26,13033.302815
-37.77,46,13034.199959
-40.41,30,13034.791199
-35.25,36,13035.497127
35.405109,27,13036.022322
32.491667,35,13036.762996
-38.41,34,13037.424318
-42.0,22,13037.853118
39.0,34,13038.407223
-35.95,39,13039.053888
39.085156,30,13039.532247
-37.96,32,13040.108406
44.863118,26,13040.621832
-37.78,34,13041.405114
-36.0,46,13044.59873
-40.94,34,13045.455621
-41.22,33,13046.164325
38.621951,29,13046.735589
44.158103,16,13047.029176
-34.16,35,13047.704593
38.021818,34,13048.397017
-41.54,28,13048.93295
38.565683,31,13049.580203
38.5,29,13050.041311
41.039568,27,13050.470936
38.034091,19,13050.760097
-32.3,33,13051.261257
44.363636,21,13051.598428
-35.22,33,13052.234331
35.182364,28,13052.786935
41.555556,27,13053.32039
-44.38,31,13053.975537
-44.11,18,13054.339232
-32.59,35,13057.185081
-42.84,28,13057.766158
32.599359,59,13058.798008
38.333333,35,13059.516806
38.135385,32,13060.182643
-32.13,60,13061.32341
41.926056,25,13061.770668
-35.54,41,13062.416294
-42.0,31,13062.899074
-39.0,41,13063.625311
37.656407,28,13064.159401
-32.12,33,13064.908901
-33.0,29,13065.470272
-38.25,20,13066.064171
32.145749,30,13068.879377
-32.73,30,13069.510031
40.979067,24,13069.999406
-32.34,34,13070.757787
40.805159,29,13071.531161
37.781153,27,13072.046924
44.157692,22,13072.504365
-38.23,24,13072.981231
35.624138,30,13073.513811
-36.0,38,13074.126836
-45.84,28,13074.549416
-38.68,40,13075.172794
35.25283,26,13075.59707
32.082734,34,13076.266551
-32.46,27,13076.805246
41.821429,28,13077.360678
-40.72,47,13078.324997
-41.4,46,13081.290468
35.54417,27,13081.875898
-32.7,28,13082.436452
38.4,31,13083.072009
32.606811,35,13083.793149
-38.22,36,13084.534191
44.782443,41,13085.344839
-35.0,28,13085.825667
42.0,20,13086.143548
-32.26,30,13086.720756
-38.25,33,13087.251322
47.373134,17,13087.542271
39.0,23,13088.022182
41.2443,21,13088.465894
-41.6,23,13088.924823
35.072289,32,13089.540892
-35.25,31,13090.192299
36.0,36,13093.21577
-41.46,28,13093.808426
-34.41,30,13094.403984
-41.81,27,13094.958165
43.833303,19,13095.322999
-38.4,28,13096.043108
-35.38,27,13096.913918
-41.91,21,13097.309252
38.528369,31,13097.835088
-40.31,30,13098.310981
44.227969,23,13098.68838
36.0,25,13099.089103
-42.05,33,13099.653865
35.023212,31,13100.30116
39.709264,33,13100.933562
47.483395,39,13101.668528
-33.0,32,13102.312247
-39.0,23,13102.768182
35.686992,43,13105.540031
-44.77,28,13106.127785
44.527221,25,13106.588981
34.753521,36,13107.289242
44.224806,22,13107.718909
32.082873,41,13108.48883
-42.0,35,13109.095033
-36.0,37,13109.640182
-41.3,34,13110.128105
-35.18,29,13110.598794
40.851982,29,13111.141511
-44.25,28,13111.707041
35.903061,46,13112.529741
-35.07,36,13113.19427
-41.43,22,13113.629791
-44.5,27,13114.143261
-40.78,32,13117.639275
-32.22,48,13118.631686
44.319613,26,13119.142285
41.781481,27,13119.674771
-40.8,41,13120.427009
-32.66,28,13120.920589
-36.0,29,13121.542344
-44.48,19,13121.851334
-38.58,39,13122.71452
-41.39,26,13123.254461
-42.0,21,13123.564679
38.747664,45,13124.398104
-32.81,24,13124.834742
-44.55,40,13125.708996
40.756927,27,13126.291809
-43.38,32,13126.996519
-44.23,18,13127.324245
-37.31,32,13129.855985
36.0,29,13130.397082
-38.09,24,13130.898025
-47.02,16,13131.233925
-38.59,48,13132.153658
43.571174,29,13132.648918
35.235099,29,13133.083315
35.088834,31,13133.581439
-32.04,109,13135.686578
-38.53,30,13136.316792
-36.0,26,13136.814352
-38.26,37,13137.497866
35.338733,28,13137.972521
38.47931,29,13138.475111
34.801681,34,13141.069707
-37.8,40,13142.013409
-38.96,27,13142.482984
-40.74,33,13143.017674
-41.15,26,13143.395132
-41.2,27,13143.792991
40.915256,28,13144.219244
43.719119,27,13144.610554
35.38806,55,13145.661062
47.700389,13,13145.900024
-38.33,23,13146.296661
-35.41,35,13146.936178
-33.0,27,13147.395053
32.839286,32,13147.940615
40.853501,29,13148.462984
-39.72,25,13148.924639
32.048495,36,13149.595011
46.34907,15,13151.802285
44.095473,24,13152.272921
-44.07,25,13152.714504
35.526316,30,13153.23126
32.511278,36,13153.888658
-35.6,26,13154.285625
-47.13,17,13154.550977
-41.2,24,13154.893762
-41.12,29,13155.344542
41.611888,25,13155.77148
40.734423,42,13156.515418
-32.73,32,13157.088308
37.981963,31,13157.618017
-35.55,32,13158.167064
-38.27,26,13158.601588
40.411207,27,13159.060442
-32.15,56,13160.020021
-46.69,18,13160.355448
36.0,26,13162.730339
-37.9,30,13163.388558
42.0,30,13163.874938
47.585271,22,13164.229018
41.612903,23,13164.576347
-34.52,84,13165.861399
48.0,18,13166.119102
41.421556,22,13166.463397
-44.15,24,13166.913011
41.056983,28,13167.40967
44.093496,24,13167.872741
-38.55,26,13168.467328
-39.0,30,13168.968419
-37.34,35,13169.568984
38.576779,22,13169.956594
-32.35,38,13170.677808
-38.62,24,13171.108696
-39.0,29,13173.591655
44.625,16,13173.865032
38.716019,23,13174.2595
35.445513,29,13174.708288
36.0,34,13175.196805
38.845304,49,13175.936995
43.689776,23,13176.293608
41.52861,21,13176.672879
37.911126,31,13177.171959
37.407156,35,13177.779573
-38.01,23,13178.22435
-44.09,21,13178.62057
-42.29,62,13179.677394
38.020295,45,13180.518147
43.877822,23,13180.913887
38.713816,28,13181.421131
-38.83,34,13182.068383
-32.54,35,13184.653028
41.260586,34,13185.201689
44.256667,34,13185.702919
-40.52,24,13186.07401
-41.87,24,13186.479594
38.101367,25,13186.89693
38.454545,27,13187.53773
38.847973,37,13188.211307
41.926923,27,13188.727099
37.95405,23,13189.150088
-35.23,24,13189.621519
-38.67,33,13190.293213
41.198524,27,13190.78137
-41.97,34,13191.344697
47.170807,28,13191.811393
38.552486,30,13192.323028
-32.45,34,13192.916243
38.939799,38,13195.511482
-44.13,24,13195.879248
-35.68,27,13196.265591
-38.13,25,13196.693958
35.196226,41,13197.353287
-36.0,25,13197.77643
39.0,39,13198.462895
-32.53,37,13199.091074
-38.5,33,13199.65773
-33.73,33,13200.228648
37.783582,45,13201.061739
32.867797,32,13201.61077
-41.17,23,13202.023339
38.407493,23,13202.431491
44.130282,31,13202.976266
44.283565,28,13203.474418
32.482625,38,13206.060463
-38.42,38,13206.585324
35.787755,38,13207.135747
44.911765,19,13207.413249
41.767442,29,13207.894136
-41.88,21,13208.222632
35.164538,61,13209.237922
-35.29,52,13210.360408
41.215159,23,13210.73998
-41.78,21,13211.142316
-32.78,27,13211.663516
43.592904,27,13212.249547
-40.93,27,13212.827047
37.638969,27,13213.330352
38.805054,42,13214.081946
32.559701,44,13216.843468
-37.29,35,13217.381565
37.949612,30,13217.828887
34.417354,23,13218.156232
38.599222,26,13218.614308
-38.32,28,13219.067916
-43.84,26,13219.527129
38.907534,40,13220.195946
42.0,45,13220.973045
35.821277,40,13221.67467
35.901887,27,13222.172924
41.528169,30,13222.715557
47.083333,35,13223.364097
35.210931,35,13223.961525
38.219697,26,13224.420382
-39.0,43,13225.190811
37.887856,21,13225.573393
-32.53,38,13228.037178
-38.8,26,13228.451232
-40.87,25,13228.83753
-43.6,17,13229.111905
-38.26,31,13229.668422
-35.89,38,13230.31769
40.912183,30,13230.855897
-44.67,70,13232.158296
-44.84,20,13232.604499
-32.12,29,13233.190996
-37.98,30,13233.721677
44.197719,17,13234.022137
-35.9,22,13234.425174
-48.0,32,13235.08518
33.0,25,13235.651152
-38.78,37,13236.308899
44.931818,21,13236.67301
-37.81,56,13239.40467
-40.6,29,13239.823072
-35.63,34,13240.331734
44.225882,25,13240.841103
40.767188,24,13241.257256
42.630233,25,13241.727909
46.704346,18,13242.057775
-36.0,28,13242.568767
-38.33,20,13242.914365
38.151292,34,13243.463465
-44.34,30,13244.026325
39.0,29,13244.532265
-34.75,28,13245.017719
-40.33,24,13245.426849
45.0,24,13245.866272
41.733746,26,13246.352982
-42.0,24,13246.770496
38.882784,31,13247.347423
33.0,31,13249.7022
-36.0,33,13250.243444
39.0,21,13250.559137
-38.81,29,13251.060054
37.209163,31,13251.60922
34.922794,34,13252.230925
35.702006,26,13252.689195
41.818182,23,13253.209605
-34.56,29,13253.727475
-32.95,32,13254.302819
-38.28,47,13255.145668
35.100694,24,13255.652084
41.059618,79,13257.151499
-44.08,20,13257.528746
-39.0,37,13258.313159
-41.76,20,13258.699251
32.018576,37,13261.088693
-38.51,31,13261.552037
44.901235,37,13262.167583
-44.5,21,13262.556175
-41.68,25,13263.018431
-39.0,31,13263.557004
-43.03,22,13264.24451
-41.78,28,13264.702319
41.948819,30,13265.243966
-38.54,24,13265.723413
37.878912,36,13266.394822
41.573276,26,13266.853571
43.422127,33,13267.463256
35.054105,42,13268.1847
44.193916,23,13268.620524
-38.43,32,13269.154077
38.507353,34,13269.692386
-45.0,45,13272.770413
-38.76,45,13273.569258
-35.34,43,13274.341071
40.809253,37,13275.007901
-34.36,29,13275.535784
-35.76,32,13276.094144
-41.78,26,13276.553638
36.82391,28,13277.084941
35.328244,34,13277.805923
-32.75,36,13278.439625
32.443709,33,13279.02447
-42.0,21,13279.500993
32.244,44,13280.30427
38.225564,32,13280.79194
41.196226,49,13283.554899
41.850746,23,13284.020697
-35.62,38,13284.694482
-44.6,24,13285.126475
-41.34,30,13285.67578
-41.52,29,13286.190399
38.104241,26,13286.669795
38.205036,24,13287.082535
-44.15,23,13287.495863
-43.03,34,13288.077688
-44.43,26,13288.556874
41.838095,53,13289.468978
-38.91,31,13290.043482
-32.59,30,13290.504553
44.791489,32,13291.013156
35.593361,35,13291.581951
-38.13,58,13294.409533
-43.34,26,13294.887196
38.416162,30,13295.40914
-41.61,19,13295.763623
-42.54,24,13296.186891
36.0,25,13296.614181
-32.43,47,13297.436985
-40.97,29,13297.942707
-38.61,37,13298.614008
35.5,32,13299.209961
-37.68,25,13299.66635
38.625,37,13300.35901
38.640927,27,13300.779668
-35.4,33,13301.283507
37.847057,34,13301.820637
34.524695,31,13302.271981
41.003886,25,13302.681973
-32.94,42,13305.38899
41.4,34,13306.060812
-32.13,28,13306.724516
-37.91,29,13307.269118
-32.37,25,13307.706951
-40.35,29,13308.223987
-38.04,32,13308.79538
35.565957,37,13309.33253
41.543027,29,13310.040718
32.289199,39,13310.755966
37.567485,33,13311.329631
38.294872,36,13311.973577
-40.9,28,13312.422178
42.0,32,13312.924086
-37.78,27,13313.347737
35.774809,34,13313.931147
-43.12,57,13316.796422
-38.02,41,13317.486563
35.796825,29,13318.003104
44.202572,27,13318.498446
38.230769,38,13319.209367
-47.11,18,13319.554588
38.752267,39,13320.212185
37.451677,37,13320.87998
-47.35,14,13321.11993
-41.87,21,13321.492187
-40.79,29,13322.068587
-44.56,18,13322.390044
-38.15,29,13322.872309
39.0,35,13323.437435
39.0,36,13323.974033
41.875519,31,13324.470771
-35.85,41,13327.12969
-40.91,28,13327.627584
47.572549,20,13328.196929
-42.0,23,13328.597125
35.090734,48,13329.487003
-35.7,28,13330.021589
44.74344,19,13330.475159
36.611556,24,13330.860962
35.605911,28,13331.327276
41.428152,33,13331.913446
-44.02,16,13332.435639
-38.66,26,13332.890019
35.616071,24,13333.282421
35.145299,32,13333.822219
34.651145,30,13334.265623
39.447097,23,13334.644988
37.14404,37,13335.238897
45.0,48,13335.989856
-41.58,62,13338.961991
32.836576,29,13339.536906
40.582018,24,13339.996258
-36.0,21,13340.402064
44.518072,21,13340.767745
41.928,30,13341.3776
43.218325,36,13342.089771
-40.59,27,13342.540609
-45.0,26,13343.009148
41.292,17,13343.261104
-32.91,53,13344.014901
39.425085,32,13344.48875
47.04,21,13344.845511
38.374172,22,13345.174888
31.929577,32,13345.607335
35.80212,35,13346.18177
-40.89,33,13348.717926
38.5,30,13349.287203
-37.6,46,13349.941099
-41.27,38,13350.66213
47.451852,23,13351.0682
-32.13,33,13351.657874
32.71987,30,13352.360446
44.622896,34,13353.016508
32.195402,42,13353.752485
-36.0,26,13354.372493
-32.45,47,13355.193699
35.75,37,13355.989503
36.0,21,13356.269239
-37.61,33,13356.734538
-34.94,32,13357.242692
41.076613,39,13360.10323
38.63986,33,13360.686873
37.119566,29,13361.214016
-41.97,50,13362.083099
-35.71,42,13362.886003
36.0,35,13363.538826
38.089431,26,13364.002408
35.666667,28,13364.489085
41.453815,27,13364.966481
-37.94,28,13365.447663
-40.25,30,13366.476944
44.135514,24,13366.862653
38.121673,34,13367.411145
-44.62,31,13367.946952
40.71194,30,13368.451415
-33.0,26,13368.94405
37.109291,50,13372.166169
35.033457,28,13372.717372
35.350554,38,13373.533269
32.883019,32,13374.127788
39.0,42,13375.042934
43.802907,26,13375.532552
36.0,40,13376.303688
-41.02,35,13377.047627
42.0,25,13377.499688
44.672269,40,13378.320364
-43.03,25,13378.742101
34.847557,28,13379.237822
-32.74,34,13380.229877
-37.09,29,13380.874937
-41.12,28,13381.508375
-44.31,13,13381.817076
-44.46,20,13382.207884
-47.02,31,13385.086648
-41.41,29,13385.721029
38.776423,31,13386.342156
40.051595,31,13387.211432
-41.82,24,13387.682483
35.585185,27,13388.234766
-39.0,26,13388.786916
40.329524,27,13389.274825
-38.15,25,13389.748759
-42.97,22,13390.206125
-38.31,31,13390.998646
34.26468,38,13391.930483
39.0,38,13392.811363
45.0,17,13393.201162
45.0,20,13393.581344
47.86755,24,13394.13469
32.141732,48,13395.556725
32.830619,28,13396.152917
-40.36,31,13398.939611
42.170778,26,13399.431909
41.876325,19,13399.817894
41.432473,27,13400.353323
-40.64,29,13400.907629
-43.26,22,13401.481643
31.53125,39,13402.314244
46.975528,24,13402.747687
-36.0,39,13403.444674
32.217918,34,13404.186192
41.61165,20,13404.695923
-41.8,36,13405.488708
-46.05,24,13406.335916
42.62393,38,13407.897295
-38.03,29,13408.581568
-42.74,26,13409.180888
-43.72,28,13409.954715
-38.21,25,13410.552326
-39.0,30,13413.305077
42.0,57,13414.40407
-39.0,37,13415.226439
-35.95,26,13415.704097
38.155008,31,13416.220723
38.730216,38,13416.837342
32.896552,105,13418.658986
35.055147,33,13419.273743
36.0,32,13419.910799
-35.91,29,13420.49481
-43.89,38,13421.248578
-36.0,31,13421.843214
-32.03,28,13422.533734
33.0,36,13425.460221
-32.21,36,13426.187049
38.901818,30,13426.759609
38.848485,28,13427.247484
32.262626,36,13427.884057
-47.05,13,13428.115148
33.0,29,13428.546913
41.481203,53,13429.4856
44.271226,23,13429.947152
-35.87,28,13430.452663
-32.06,34,13431.134949
41.073171,26,13431.64016
-38.44,34,13432.291163
-44.57,15,13432.577633
33.0,33,13433.304116
41.151724,65,13437.007551
40.6143,36,13437.73033
36.765904,29,13438.31389
-40.69,22,13438.741898
40.809983,24,13439.154424
-35.28,32,13439.743383
-41.52,29,13440.236556
38.702381,38,13440.878174
41.028112,26,13441.271885
43.074806,28,13441.803808
-44.26,18,13442.163845
38.496241,31,13442.822859
-38.19,26,13443.313683
-35.47,37,13443.907222
-38.1,34,13444.560965
35.608365,29,13445.163623
-46.42,24,13445.645407
-44.62,33,13446.257599
-38.42,27,13448.909376
-42.55,98,13450.858222
44.403636,29,13451.359747
-41.42,40,13452.027239
32.60221,26,13452.49592
-38.91,26,13452.921714
-39.0,23,13453.308313
45.0,23,13453.701551
-39.0,30,13454.276065
-44.57,22,13454.694243
43.700352,24,13455.180898
38.107955,33,13455.981845
32.125,49,13456.914658
33.0,55,13457.926738
-38.18,28,13460.64691
-47.1,38,13461.415426
-43.0,25,13461.914577
-40.1,44,13463.123459
34.626005,25,13463.536395
41.041738,28,13464.029801
41.749064,23,13464.415386
-37.54,32,13464.943387
35.9,35,13465.619688
-35.69,28,13466.196238
32.540453,33,13466.854156
-41.27,43,13467.690856
47.298507,28,13468.209583
42.0,84,13469.781309
41.28,18,13470.137913
39.0,31,13472.912224
-38.2,43,13473.696101
38.361564,32,13474.309404
-40.41,31,13474.821616
38.924138,29,13475.273172
35.279693,32,13475.829307
41.098158,29,13476.298285
44.529605,21,13476.693844
38.877612,41,13477.537537
43.574074,21,13478.497367
47.016393,16,13478.855215
-41.39,30,13479.424079
-35.52,46,13480.270661
41.750779,23,13480.749215
-41.74,32,13481.370392
32.125954,48,13482.299933
39.864783,30,13485.123868
34.86195,28,13485.665024
44.128514,40,13486.3381
-33.0,36,13487.048786
35.569492,29,13487.561429
32.75,37,13488.292769
-32.36,27,13488.834336
41.902985,25,13489.382802
35.878788,33,13490.148103
-37.84,31,13490.981586
-41.87,20,13491.427626
38.643636,28,13492.013085
44.390947,22,13492.450848
-42.0,21,13492.884034
-39.0,31,13493.419847
-41.55,25,13493.927235
41.118701,23,13494.395975
-41.4,39,13495.182222
-38.21,23,13497.843773
-40.72,29,13498.296084
42.0,29,13498.746581
-33.0,33,13499.272167
-32.49,55,13500.319295
35.377091,44,13501.190765
37.911538,51,13502.175275
47.25212,17,13502.513787
-35.5,79,13503.996836
-41.34,24,13504.48567
39.0,20,13504.901472
38.025641,26,13505.430652
-43.85,30,13506.030831
41.58209,61,13507.073352
-40.62,29,13509.389355
-44.79,22,13509.768039
37.772654,53,13510.653209
41.047244,23,13511.135915
-41.21,27,13511.633561
45.0,24,13512.068298
41.066667,27,13512.606001
39.0,24,13513.06858
-41.0,26,13513.592604
-35.62,31,13514.189154
-38.01,30,13514.780393
-35.57,33,13515.432667
35.544444,42,13516.237518
38.865306,31,13517.346302
44.651568,21,13517.791173
-41.13,24,13518.258745
34.453534,30,13518.885895
42.0,25,13521.68615
38.737643,28,13522.119714
-41.73,27,13522.610867
41.094276,27,13523.095681
-32.14,27,13523.677111
39.646433,26,13524.355238
-35.78,40,13525.280318
-44.75,26,13525.919361
-38.54,30,13526.609308
-32.76,37,13527.408875
41.088561,26,13527.920707
-37.58,27,13528.450991
41.687273,33,13529.23171
-38.39,33,13529.857909
38.397059,35,13530.518092
-38.06,32,13531.075545
41.060241,32,13531.678316
38.679293,40,13534.302233
32.541935,29,13534.712068
-35.81,34,13535.242952
32.738956,44,13536.274831
34.838327,29,13536.961374
45.0,25,13537.394257
-45.0,24,13537.916706
42.0,34,13538.644525
34.394271,46,13539.903286
-33.44,30,13540.578588
41.876364,27,13541.137113
41.015939,35,13541.99077
39.0,40,13542.863672
39.0,41,13543.779287
44.540541,24,13544.652314
40.926778,30,13547.972006
37.759104,31,13548.530217
-38.75,33,13549.261283
-40.29,28,13549.830229
41.850909,21,13550.259182
44.965732,21,13550.738572
-40.53,23,13551.21706
-39.0,56,13552.339422
-41.34,26,13552.905109
35.225455,35,13553.636934
38.586066,33,13554.305005
44.225519,24,13554.755978
-32.49,32,13555.428814
-38.7,25,13555.941561
-40.81,24,13556.39144
42.679316,21,13556.840273
37.929916,28,13557.273978
35.831461,28,13557.877876
-40.43,26,13560.482808
35.254753,27,13560.940617
35.333333,34,13561.574678
-41.37,23,13562.038242
32.744681,37,13562.815151
38.248201,40,13563.663421
41.44123,31,13564.279025
-38.29,38,13565.079239
38.443636,27,13565.67315
-41.23,23,13566.118177
-38.18,30,13566.748254
42.0,23,13567.22839
38.081633,31,13567.878886
-32.14,27,13568.447926
36.0,25,13568.927397
32.736025,35,13569.60534
38.139083,50,13570.595761
-36.0,27,13572.978262
39.0,29,13573.536791
40.987204,45,13574.853978
41.645985,39,13575.657737
-33.0,53,13576.748962
-33.0,29,13577.33356
-35.34,32,13577.940324
32.750929,35,13578.65192
-47.5,83,13580.335244
41.724138,53,13581.396502
-41.49,62,13582.662681
-41.08,24,13583.168707
32.810078,36,13585.84835
35.158537,32,13586.53346
-38.46,28,13587.080477
41.666132,38,13587.884482
-38.43,27,13588.457767
-47.9,18,13588.846271
41.540659,27,13589.385439
-43.9,22,13589.857267
-44.78,25,13590.963113
46.624287,21,13591.286711
-32.91,31,13591.855825
46.613988,59,13592.949815
-40.42,28,13593.480063
-43.63,23,13593.905683
-37.48,29,13594.458599
41.776557,23,13594.882097
41.855634,21,13595.277276
39.0,25,13595.680085
35.015038,28,13598.244689
-41.51,25,13598.733608
-42.0,31,13599.337775
35.811258,33,13599.969995
39.944112,20,13600.379723
-41.3,24,13601.095649
-41.3,24,13601.596712
32.886792,28,13602.363304
-47.24,14,13602.652677
32.637931,30,13603.368279
-37.95,25,13603.859002
-41.47,24,13604.346635
38.714876,40,13605.121779
47.013937,23,13605.596655
-41.5,26,13606.04987
38.285211,24,13606.75833
-35.17,32,13607.320168
-32.5,23,13607.717984
-41.62,32,13608.287356
-32.01,57,13611.50425
32.767442,31,13612.135961
36.0,24,13612.611281
-38.03,23,13613.111569
45.0,27,13613.624589
-46.27,31,13614.241347
-40.94,23,13614.710181
-37.67,26,13615.217944
-32.32,29,13615.794474
41.260347,40,13616.634983
44.407285,26,13617.259617
44.786957,22,13617.725904
35.453184,43,13618.646481
-41.7,26,13619.117298
40.812741,24,13619.545598
41.576923,33,13620.229591
35.707317,32,13620.804583
-41.74,51,13623.809711
-34.65,30,13624.374903
35.753731,24,13624.852474
41.576923,31,13625.433815
-35.84,34,13626.05592
-35.25,31,13626.604726
-44.49,20,13627.0377
-33.0,53,13628.284111
-38.44,42,13629.159199
-39.0,23,13629.790426
43.948893,24,13630.37085
33.0,40,13631.158675
43.536364,22,13631.583486
-44.18,21,13631.950989
-41.79,23,13632.322784
35.193029,24,13632.710518
-38.39,25,13633.159757
-44.66,24,13635.937098
40.06086,27,13636.427074
38.227273,34,13637.177553
-35.16,35,13637.938103
-32.24,40,13638.746495
37.339281,30,13639.375873
39.0,24,13639.847785
-38.3,27,13640.349849
42.0,23,13640.782143
-41.55,26,13641.264544
-32.21,62,13642.44521
35.175676,38,13643.121514
-32.44,58,13643.994129
39.844522,25,13644.509729
38.875556,24,13644.920973
-37.41,29,13647.616535
40.893826,30,13648.179158
33.0,34,13648.804423
38.903226,35,13649.572347
32.264151,35,13650.282735
32.347909,58,13651.409986
42.0,25,13651.856731
38.69186,30,13652.43762
47.606426,16,13652.759295
-37.49,33,13653.412467
38.523179,38,13654.181991
-39.69,39,13654.835362
-44.08,16,13655.446462
-41.01,34,13656.110855
-35.69,39,13656.820527
-38.81,26,13657.490233
-33.0,36,13660.535961
44.135427,24,13661.005911
42.0,30,13661.594304
35.336032,37,13662.283643
-37.27,30,13662.820131
32.466667,42,13663.668206
-42.0,22,13664.110542
-41.63,26,13664.615458
43.98552,23,13665.053668
40.60232,26,13665.523049
37.941646,36,13666.221099
38.902878,40,13666.945651
40.367507,53,13667.903673
-36.0,42,13668.609358
41.841912,42,13669.363593
45.0,23,13671.949848
-35.29,34,13672.629817
-42.0,21,13673.015598
-44.68,18,13673.371736
35.5,35,13674.038821
-36.0,40,13674.806689
-40.35,36,13675.503133
44.555891,31,13676.129269
47.166667,17,13676.475974
41.552542,38,13677.169567
38.417241,32,13677.732555
37.892247,24,13678.196031
-40.87,22,13678.583045
-40.79,36,13679.242778
-45.0,19,13679.641203
-43.72,23,13680.07816
-41.68,31,13680.729718
44.07393,19,13681.109911
41.243636,31,13684.154358
-43.18,36,13684.868304
-41.64,28,13685.648652
40.666067,27,13686.153184
33.0,33,13686.771029
32.110879,53,13687.763845
38.748344,33,13688.291777
-37.55,39,13689.046703
40.745684,29,13689.558784
34.306819,34,13690.124691
-38.12,24,13690.572978
32.448905,38,13691.269144
-32.32,31,13691.819653
32.695167,35,13692.49661
-44.66,26,13692.949772
38.741445,39,13693.652238
38.238596,27,13696.350614
44.436893,25,13696.838598
-35.48,42,13697.684559
-44.78,33,13698.346699
45.0,24,13698.780356
41.868881,29,13699.350745
41.764444,26,13699.876003
32.257353,49,13700.797624
38.378747,40,13701.528188
-42.0,25,13702.047915
39.589201,41,13702.927239
-39.55,26,13703.495816
-40.54,26,13703.988542
38.900322,29,13704.802188
-38.17,31,13705.472259
-36.85,28,13706.091811
38.327273,35,13709.142151
44.39527,20,13709.549335
-40.84,26,13710.274651
45.0,20,13710.759266
35.772436,33,13711.497689
33.0,30,13712.03242
36.0,32,13712.876739
34.701568,46,13713.730244
41.650641,34,13714.276675
-38.1,33,13714.830317
44.307947,39,13715.544379
41.650485,22,13715.936641
42.0,24,13716.371015
-41.0,26,13716.948954
38.558824,22,13717.376922
-37.18,30,13717.969975
-38.89,31,13718.583437
-44.32,33,13721.270435
46.419429,46,13722.199193
44.366667,17,13722.538074
-32.42,35,13723.25075
46.593545,14,13723.543277
31.877841,42,13724.341383
35.912088,58,13725.364349
40.847328,42,13726.050593
36.0,28,13726.537746
35.755034,28,13727.016702
38.298271,38,13727.673093
-32.37,37,13728.37037
35.15465,30,13728.976074
-38.51,46,13729.898845
38.212851,28,13730.439006
39.756738,29,13733.293387
42.0,23,13733.748549
-37.58,29,13734.31751
-40.95,27,13734.881215
-40.7,33,13735.541654
-44.24,24,13736.072214
-38.49,44,13736.862842
-38.51,32,13737.578044
41.701961,41,13738.258904
-41.58,26,13738.701231
38.314815,23,13739.077884
42.0,35,13740.064834
-32.43,40,13740.872429
33.0,40,13741.695853
38.940959,27,13742.205544
36.0,25,13742.697466
-39.0,33,13745.547404
-36.71,33,13746.176225
-36.0,30,13746.760681
41.118227,25,13747.263252
-34.75,32,13747.868152
40.348402,64,13749.036025
45.0,70,13750.267572
38.420732,25,13750.786173
-38.01,28,13751.283359
35.181132,42,13752.076989
-39.0,23,13752.51419
41.077399,22,13752.995948
-37.86,29,13753.593116
-42.0,21,13754.012775
-48.0,14,13754.327229
-41.33,24,13754.846342
41.434263,38,13757.969394
35.876761,25,13758.481785
-41.07,22,13758.921366
32.29972,36,13759.621454
42.0,37,13760.518825
-38.91,29,13761.094522
41.334507,30,13761.574835
39.0,39,13762.266935
40.921474,31,13762.96026
42.0,24,13763.413202
38.102459,26,13763.981595
38.976378,44,13765.114035
35.934545,25,13765.590184
-40.03,21,13766.019208
-44.02,30,13766.820709
-32.37,32,13767.474922
-46.76,55,13770.935562
-43.92,29,13771.470507
-44.61,14,13771.761791
35.708633,34,13772.363572
-38.34,30,13772.878366
-32.56,29,13773.361511
-35.81,30,13773.899103
-38.15,45,13774.71965
44.587121,21,13775.110575
38.102662,24,13775.577959
-38.9,28,13776.152702
41.491639,23,13776.647913
-41.36,29,13777.255325
-35.28,29,13777.882756
41.151434,106,13780.085235
37.975649,27,13780.669431
-40.03,29,13783.555103
-35.36,37,13784.157202
-43.15,26,13784.629914
36.0,34,13785.253495
44.493548,22,13785.687614
40.034468,32,13786.295612
37.613185,25,13786.75252
42.0,18,13787.075937
-41.35,24,13787.490922
-44.44,54,13788.627104
44.537255,23,13789.075665
37.686147,40,13789.873955
-38.06,38,13790.661684
-41.41,32,13791.565421
38.827815,36,13792.277808
44.884211,24,13792.753819
-40.72,28,13795.497505
-38.54,25,13795.916965
38.518072,31,13796.456292
-38.6,46,13797.342261
-47.27,26,13797.879842
-35.31,34,13798.467226
44.411765,19,13798.816369
-44.55,17,13799.116132
41.169014,30,13799.64359
38.1,16,13799.942372
32.179688,48,13800.906124
44.556364,24,13801.432649
44.074324,26,13801.986585
36.0,28,13802.558345
39.0,60,13803.739716
-40.73,30,13804.395198
-32.06,43,13805.24229
44.249071,29,13807.901737
30.0,35,13808.512004
-40.98,29,13809.105082
43.951493,28,13809.616647
35.307087,24,13810.035845
-37.84,33,13810.621579
-36.0,36,13811.263599
46.23483,21,13811.671147
44.492366,23,13812.127053
44.37018,27,13812.657776
-34.38,29,13813.315783
35.401099,29,13813.886397
41.428571,36,13814.670879
38.379699,29,13815.265373
41.875,30,13815.928472
44.165517,27,13816.491359
41.227273,33,13817.173879
-44.28,22,13819.908618
-41.54,29,13820.444761
40.894771,51,13821.604526
35.602941,35,13822.364121
38.902913,38,13823.042886
-37.21,27,13823.573699
42.0,23,13824.004972
35.295547,70,13825.315369
35.418182,31,13825.907533
-44.09,19,13826.270577
-34.59,47,13827.201098
35.902357,35,13827.880524
35.525692,43,13828.728596
-42.0,30,13829.305124
-41.32,25,13829.816653
44.557554,25,13832.469975
-38.5,38,13836.825377
38.860681,62,13838.257002
42.0,22,13838.750515
-38.51,25,13839.335677
42.0,26,13839.906986
-41.38,19,13840.327196
40.015367,26,13840.882703
-43.46,42,13841.816037
39.0,20,13842.25092
32.197761,29,13842.836283
44.2997,21,13843.274828
-33.0,32,13843.973037
32.302181,39,13844.765257
-30.0,35,13845.503029
42.0,24,13845.985313
38.627907,25,13846.502131
-35.72,27,13849.206368
36.433331,35,13850.067441
38.747082,39,13850.929078
43.777227,19,13851.355891
44.5,18,13851.685294
46.983317,19,13852.092078
32.996795,36,13852.844306
32.159919,58,13854.277639
-41.88,23,13854.775701
43.959296,30,13855.419189
43.354763,37,13856.190315
40.954445,26,13856.728132
44.050045,28,13857.287853
35.41791,40,13858.114984
44.081749,28,13858.695535
-43.88,23,13859.150437
-38.76,21,13859.623146
-46.2,31,13862.467
38.873646,30,13863.037963
47.091153,17,13863.378476
35.539623,52,13864.353201
-44.02,21,13864.785056
45.099571,23,13865.350083
35.118959,26,13865.947431
-38.76,27,13866.652335
33.0,30,13867.581364
-41.2,22,13868.211729
-39.0,30,13868.934528
45.0,29,13869.598111
-32.01,36,13870.368984
36.0,30,13870.980232
43.753731,23,13871.484177
-34.64,33,13872.198961
-32.3,39,13872.978904
-45.0,22,13873.376354
38.751004,24,13876.377394
35.360153,105,13878.709214
-35.57,30,13879.38458
41.174905,26,13879.919345
38.828897,27,13880.490458
-32.31,49,13881.474546
-32.8,36,13882.251877
-34.89,39,13883.249596
41.281746,31,13883.875203
-38.07,33,13884.576586
40.30742,76,13886.035295
39.0,21,13886.461349
44.588477,23,13889.227951
43.848361,19,13889.597961
44.383333,26,13890.096851
-35.73,27,13890.647557
-47.12,15,13890.986125
41.900794,28,13891.589815
-44.7,22,13892.061191
41.488971,24,13892.561005
-38.91,19,13892.99897
-37.4,25,13893.54277
-40.94,29,13894.139435
46.013776,43,13895.038524
-38.38,25,13895.549603
-37.61,38,13896.320715
44.074434,48,13897.277689
38.483019,38,13897.998428
44.847458,32,13898.586739
41.102362,45,13899.449581
36.0,24,13901.971309
38.713889,28,13902.610502
35.834559,34,13903.369508
-38.47,29,13903.988289
-35.16,47,13904.926326
-39.0,35,13905.645594
46.069645,24,13906.129524
-39.93,32,13907.032003
-32.11,38,13907.802732
36.0,31,13908.463307
-34.19,33,13909.219728
35.646884,27,13909.985403
38.5,38,13910.700977
-47.6,36,13911.42659
36.0,39,13912.154269
-34.26,33,13914.949395
38.180147,40,13915.768028
-44.56,41,13916.624795
38.642857,25,13917.101111
38.522034,26,13917.722931
38.5,42,13918.602452
46.387651,22,13919.066089
41.052971,24,13919.580612
41.049057,44,13920.499745
-42.0,31,13921.150442
41.075829,29,13921.811689
-32.91,27,13922.335021
37.663591,35,13922.973078
41.610932,29,13923.467198
38.900398,24,13923.930654
41.806452,43,13924.804103
-35.44,32,13927.639233
-40.35,28,13928.159469
44.233607,24,13928.670755
36.0,34,13929.397243
44.679348,29,13930.026527
41.629139,40,13930.881388
-38.12,40,13931.731699
-38.14,26,13932.380322
-32.4,26,13933.03648
44.402857,24,13933.632367
41.273585,42,13934.525814
32.510204,57,13935.842624
-38.19,41,13936.878578
37.906557,26,13937.427175
43.926595,18,13937.755291
38.511538,28,13938.296923
41.342172,26,13941.055381
40.943425,35,13941.855687
-32.84,44,13942.848183
40.758555,38,13943.717826
-47.94,25,13944.205208
31.936567,35,13944.907584
39.0,33,13945.591544
32.921769,30,13946.197631
44.851406,22,13946.667405
38.610354,54,13947.648558
36.0,24,13948.030634
43.364836,27,13948.523798
44.24,20,13948.893009
-38.49,33,13949.541429
43.649123,48,13950.479594
38.917219,34,13951.113751
40.843937,35,13954.030587
44.538462,28,13954.614965
41.772093,29,13955.321516
-37.87,47,13956.320774
40.743384,27,13956.883218
-32.63,38,13957.656867
-38.59,25,13958.141467
44.824034,25,13958.648786
42.0,18,13958.958648
41.44186,20,13959.321946
38.741313,22,13959.718052
40.700037,26,13960.155077
-32.17,34,13960.753478
-38.89,27,13961.290517
-37.72,29,13962.117843
-35.45,42,13962.931521
41.655052,20,13963.319119
39.0,20,13963.728009
-38.5,29,13966.480474
-31.65,34,13967.143957
-42.0,30,13967.820462
-44.32,33,13968.526511
38.343629,31,13969.183443
41.205882,26,13969.758466
-34.97,43,13970.648721
-44.46,30,13971.288256
-44.49,44,13972.06768
-43.91,17,13972.404639
-38.14,33,13972.958221
-32.58,32,13973.573103
-38.63,38,13974.536834
38.489796,26,13975.089971
44.049808,30,13975.666246
38.247423,35,13976.319748
-39.0,32,13979.201895
38.603226,23,13979.696892
-41.3,20,13980.138121
44.064513,39,13980.912031
35.257426,30,13981.54544
37.957387,51,13982.647672
-40.0,31,13983.327506
41.805755,30,13983.914495
44.200803,20,13984.33395
-36.33,29,13984.841283
35.541045,37,13985.499613
-44.6,26,13986.055589
43.246115,45,13987.002755
35.00641,29,13987.765794
-44.31,29,13988.390522
40.777159,27,13988.824286
44.041854,21,13991.525568
-47.12,26,13992.026684
-35.44,31,13992.65286
43.686813,18,13993.031073
43.728488,23,13993.478584
32.290323,35,13994.198769
-35.5,23,13994.70258
37.221401,27,13995.21241
-38.01,30,13995.772289
47.718978,19,13996.101674
44.116466,28,13996.599948
-35.09,44,13997.408493
33.0,49,13998.408831
32.475836,30,13999.094905
44.492202,22,13999.589284
-34.39,43,14000.409708
35.306748,35,14001.05182
-43.96,20,14001.488018
39.445489,33,14004.314299
41.298893,29,14004.900281
41.275101,27,14005.428346
36.929692,28,14005.960849
45.854592,24,14006.53192
-38.42,23,14007.023047
-41.57,28,14007.594657
48.0,16,14007.945605
41.4707,59,14008.953334
-43.72,125,14011.370347
-44.31,23,14011.826097
-41.29,29,14012.353975
-46.28,24,14012.759555
-47.52,49,14016.163735
36.0,39,14016.963766
-38.59,40,14018.020882
46.953317,21,14018.464554
41.015686,26,14019.018338
40.692308,22,14019.515095
38.97417,29,14020.112643
-32.24,36,14020.691243
-35.79,28,14021.204359
32.493631,43,14022.042081
41.597523,60,14023.313424
-39.0,39,14024.129893
-39.0,24,14024.624387
40.607885,46,14025.51908
-45.26,25,14025.984167
-32.7,31,14026.616095
-40.78,21,14029.394361
-32.54,37,14030.14401
35.5,33,14030.875201
-42.0,29,14031.449616
44.903061,29,14032.062965
35.672535,25,14032.567791
-41.75,42,14033.22479
37.459822,82,14034.833141
-32.71,29,14035.405026
42.0,18,14035.755288
-43.27,28,14036.320129
40.480593,30,14037.068125
-35.34,31,14037.619792
43.938624,64,14038.861221
37.105534,36,14041.889871
32.569892,28,14042.470155
-44.47,33,14043.224556
32.823755,36,14043.861454
33.0,76,14045.50417
-41.47,23,14045.949055
41.128788,23,14046.410456
35.237942,26,14046.949251
47.064516,17,14047.293571
33.0,56,14048.381425
-38.32,28,14048.94436
35.618321,49,14049.755568
32.048193,40,14050.527482
41.420712,31,14051.122709
-32.13,34,14054.158148
35.875519,43,14055.011474
-32.46,48,14056.002883
37.218973,24,14056.434553
-34.99,30,14056.975461
-44.6,24,14057.41592
-43.62,17,14057.759748
41.509225,36,14058.471019
40.353241,48,14059.469616
-32.21,39,14060.227387
47.04375,18,14060.557856
41.043726,36,14061.216271
47.962329,21,14061.630878
35.246434,54,14062.714894
38.875556,36,14063.505203
32.875458,71,14067.456711
-35.42,32,14068.064775
35.003115,51,14068.944255
-36.04,39,14069.611963
38.403974,28,14070.148612
-43.36,31,14070.95938
35.796196,30,14071.541091
-41.07,27,14072.052206
-35.1,31,14072.728578
41.519288,43,14073.542103
-44.41,18,14073.865554
-34.56,29,14074.410072
-43.45,24,14074.848225
35.018605,35,14075.595441
38.046693,40,14076.396195
-41.5,23,14079.673066
-35.27,40,14080.415733
38.183799,35,14081.0521
36.646791,35,14081.67809
-33.0,34,14082.339323
-37.35,25,14082.834191
44.426829,31,14083.473577
-32.46,37,14084.248039
-32.95,42,14084.979201
37.205561,42,14085.752527
35.24,34,14086.657314
-32.73,30,14087.27961
33.0,43,14088.193348
41.459821,19,14088.558185
40.790912,26,14089.402843
43.801115,33,14092.585615
-35.73,28,14093.167224
-41.04,22,14093.584064
-36.62,25,14094.036974
39.364415,48,14095.005143
-35.48,34,14095.735811
40.28107,26,14096.277102
-36.0,30,14096.961158
39.0,35,14097.812917
-32.91,31,14098.364272
-44.48,24,14098.821419
40.844611,27,14099.338128
44.413907,23,14099.856104
-38.91,29,14100.476171
40.501043,27,14100.99317
40.727611,36,14101.725817
36.0,26,14102.29235
42.0,27,14102.899342
35.464516,28,14105.592336
38.671779,26,14106.129902
-37.65,38,14106.892895
41.703125,27,14107.446425
35.035211,38,14108.183075
-33.0,35,14108.885151
32.915385,104,14110.730799
35.446945,23,14111.165716
35.806691,32,14111.907662
-42.0,29,14112.532148
-37.42,30,14113.278808
-33.0,35,14114.047093
-41.66,31,14114.672572
40.472586,32,14115.403756
-41.47,20,14118.009018
43.059326,36,14118.897767
44.670213,42,14119.801493
38.148276,24,14120.325874
38.7393,34,14121.0049
42.0,26,14121.487277
41.92233,25,14121.956523
32.335526,28,14122.445141
-41.07,45,14123.29949
-41.19,35,14123.980873
36.252529,47,14125.18634
-32.91,31,14125.826964
40.568233,31,14126.439327
38.469055,26,14126.992514
-44.89,23,14127.509657
-41.61,24,14128.041594
-33.0,32,14130.777157
40.788987,23,14131.218206
44.752809,17,14131.559076
-38.12,42,14132.458557
-41.91,19,14132.829542
-34.88,37,14133.798958
36.881633,31,14134.401227
43.528956,26,14134.888634
43.252192,23,14135.357604
35.41791,45,14136.275776
-41.24,27,14136.832314
44.050542,21,14137.267698
-33.0,45,14138.242022
43.721052,32,14138.93392
-35.86,32,14139.601718
-44.88,17,14139.962348
-43.24,40,14140.866729
-42.0,22,14141.361261
-32.71,30,14144.214132
-38.69,43,14145.19087
-34.26,35,14146.130911
35.537037,28,14146.607082
43.818813,19,14146.99269
-35.69,40,14147.679643
41.175763,37,14148.405386
-43.76,35,14149.192719
-38.04,30,14149.83966
-47.2,22,14150.344739
-35.09,30,14151.00179
-32.41,30,14151.738981
41.814332,34,14152.53245
41.03856,21,14152.98707
35.396582,32,14153.65912
-41.91,26,14154.185677
-35.17,47,14157.424434
-40.77,28,14157.988785
41.835878,24,14158.433204
35.132576,33,14159.022525
-32.29,39,14159.73415
-41.14,32,14160.334468
-35.77,57,14161.44703
41.092449,40,14162.310535
-41.61,37,14163.040119
38.549451,37,14163.796339
-38.36,34,14164.534235
32.224719,35,14165.207876
-47.47,33,14165.915656
-32.86,34,14166.623892
32.027778,35,14169.37144
-45.0,21,14169.775012
-35.05,28,14170.30156
-41.8,24,14170.730628
32.717241,40,14171.441082
-47.2,15,14171.733535
-35.5,34,14172.366078
-39.0,22,14173.042996
-33.0,62,14174.307688
41.060976,18,14174.695415
-36.0,30,14175.321831
35.486486,26,14175.891545
-39.0,30,14176.506259
39.872865,30,14177.144089
-39.0,31,14177.982882
41.799213,31,14178.600116
35.422196,32,14179.247357
32.545455,28,14179.783558
-34.87,32,14182.648535
42.0,30,14183.253825
32.269481,33,14183.830866
37.575391,32,14184.537367
-35.87,22,14184.97091
-41.53,26,14185.513877
37.892422,23,14185.975156
-38.42,24,14186.475025
40.01852,34,14187.186753
-35.65,30,14187.829103
44.092727,25,14188.340588
32.012461,26,14188.911227
38.9,27,14189.468901
32.878049,33,14190.140791
38.178723,53,14191.152983
39.0,26,14191.659406
-34.68,60,14194.861824
-47.41,32,14195.488791
-37.16,21,14195.885793
47.087164,22,14196.329806
-37.78,37,14197.125755
38.071044,29,14197.688226
32.932203,41,14198.557821
-35.84,28,14199.350478
-34.72,37,14200.141916
-44.22,43,14201.033937
41.356115,38,14201.869604
-34.45,53,14202.971454
40.641026,36,14203.941414
38.902878,20,14204.345493
-39.0,27,14204.887023
41.157258,27,14205.354837
41.459574,33,14208.063357
32.900735,31,14208.696595
33.0,29,14209.323959
44.64486,38,14210.10972
-45.0,22,14210.573192
41.211765,31,14211.207469
-41.15,22,14212.184784
-38.88,27,14212.806483
44.825279,17,14213.134627
41.121951,20,14213.582669
35.744966,62,14214.841165
-41.14,26,14215.387889
40.730442,30,14215.980325
-41.74,29,14216.481222
-32.86,35,14217.185677
-35.61,30,14217.874102
41.185714,26,14218.464525
38.969925,21,14221.060311
43.910615,31,14221.731591
-36.56,33,14222.416979
-32.2,35,14223.165751
35.37037,24,14223.722641
-33.0,31,14224.384593
37.628943,27,14225.103415
-43.71,23,14225.802672
38.164122,35,14226.581988
43.006074,24,14227.045436
-44.59,23,14227.506146
-39.0,33,14228.127936
-35.39,32,14228.705389
-35.52,21,14229.098302
-43.23,28,14229.698687
38.132035,39,14230.43102
46.82197,16,14230.794766
-34.4,42,14232.01216
-32.94,46,14235.121882
-38.77,25,14235.644129
41.720149,23,14236.104524
41.174897,38,14236.910653
35.198294,38,14237.714978
38.125954,34,14238.390618
38.419355,46,14239.303817
-42.0,27,14239.798033
37.628059,26,14240.330592
-44.33,20,14240.712625
37.664051,34,14241.380612
41.019958,21,14241.831958
41.695652,21,14242.251023
39.0,56,14243.488014
45.0,76,14247.200826
-34.67,28,14247.806575
34.882837,45,14248.724905
41.5,24,14249.173082
-35.42,28,14249.726353
47.479839,15,14250.042869
48.0,18,14250.394666
-34.2,36,14251.092086
41.717949,25,14251.761538
-32.22,39,14252.524745
-40.26,24,14252.970499
44.194767,20,14253.362891
44.476744,16,14253.763941
42.0,29,14254.358264
-41.22,26,14254.887517
44.619718,27,14255.460639
40.073856,25,14255.998863
-40.73,29,14256.518173
38.526104,32,14257.313544
41.766038,36,14260.291346
-36.0,40,14261.130688
-41.09,30,14261.780689
41.623239,21,14262.191018
37.461686,33,14262.851823
-40.1,30,14263.3605
37.966655,32,14263.9891
42.0,37,14264.670525
41.921642,23,14265.133715
-35.42,114,14267.562272
-32.6,47,14268.53861
-44.94,32,14269.360243
33.0,27,14269.866267
-35.85,50,14273.007445
32.255495,30,14273.572711
-36.0,27,14274.131352
42.43734,32,14274.784722
-38.5,31,14275.35271
32.057239,29,14275.933201
-34.82,40,14276.61107
39.0,52,14277.719308
40.148684,28,14278.385054
35.007684,32,14279.05578
-41.91,18,14279.412518
-40.34,82,14280.981341
42.598445,26,14281.442425
-32.38,31,14282.023146
-32.88,51,14285.822581
38.808163,29,14286.428027
-44.06,33,14287.164385
35.500306,33,14287.799826
47.442804,23,14288.251467
38.088267,32,14288.855842
38.083366,25,14289.353318
37.9364,36,14290.095059
-43.88,39,14290.892406
-35.28,26,14291.446104
44.495356,21,14291.856356
-34.32,63,14293.054814
35.901141,25,14293.652926
41.333333,24,14294.126706
-35.62,24,14294.652227
33.0,31,14295.308423
-44.7,18,14295.678979
-38.82,24,14298.507362
44.319188,23,14298.94875
41.563433,25,14299.482142
-32.83,55,14300.860373
41.076596,24,14301.318834
44.632653,16,14301.598729
-41.23,23,14302.032081
-47.14,21,14302.439949
36.0,30,14303.034126
-41.67,29,14303.611533
-35.35,34,14304.215447
-38.05,24,14304.888115
-35.91,23,14305.333397
35.495146,28,14305.87471
41.145695,21,14306.321279
38.746154,23,14306.813102
36.0,33,14307.523811
35.258123,33,14308.277078
32.658915,31,14311.929952
41.862464,26,14313.119917
35.155642,31,14314.09455
39.0,42,14315.254194
41.19953,28,14315.981602
41.900735,35,14316.655012
36.0,41,14317.604631
41.055206,29,14318.317861
41.785714,41,14319.437726
-35.15,33,14320.375196
-35.21,31,14321.015003
32.228873,46,14321.947834
-34.91,45,14322.988838
39.954245,29,14323.656913
-33.0,33,14324.386123
-35.22,38,14327.646895
-39.0,28,14328.194752
-34.97,56,14329.203707
-38.53,29,14329.751031
38.283276,30,14330.299366
33.0,34,14331.023319
32.685185,32,14331.62732
-32.62,27,14332.083657
32.25,35,14332.714063
-40.31,28,14333.185815
-35.18,43,14333.906255
38.053571,24,14334.48269
-37.87,39,14335.274987
-38.49,24,14335.730365
32.209375,31,14336.357964
-32.98,66,14340.24688
-33.0,71,14341.846184
-41.52,33,14342.576392
-46.66,19,14342.931792
41.222222,33,14343.609888
-41.89,23,14344.131209
41.809353,41,14344.852517
36.0,28,14345.291959
38.266423,25,14345.716173
-43.71,20,14346.038247
-43.46,37,14346.721982
-38.43,24,14347.169882
-44.33,29,14347.749031
-44.13,24,14348.226712
-35.67,32,14348.860517
44.4,23,14349.31813
-41.08,34,14352.067719
38.1417,48,14352.902793
-40.32,24,14353.345915
32.616858,29,14353.89805
38.658163,28,14354.444193
-35.71,31,14355.118295
35.271162,25,14355.733305
-45.0,16,14356.076882
35.060837,28,14356.553841
-44.41,33,14357.068714
35.538732,30,14357.637205
47.3,13,14357.893671
38.704918,31,14358.467986
-35.47,33,14359.234933
-41.46,24,14359.691443
37.759603,25,14360.162855
-32.14,44,14361.237516
-39.0,20,14361.661927
41.746324,65,14365.576404
38.472141,37,14366.325263
44.756863,27,14367.035814
-35.81,29,14367.57456
44.875486,37,14368.323873
32.491597,43,14369.140527
38.902128,26,14369.623589
-44.36,22,14370.006903
-38.71,36,14370.680785
-37.9,36,14371.443334
-35.14,33,14372.199218
38.022508,23,14372.757061
-39.0,28,14373.434909
-44.26,20,14373.871203
-41.4,32,14374.580267
-32.01,49,14377.587203
32.201365,30,14378.119694
-45.0,13,14378.364608
-41.34,31,14378.970083
-35.43,31,14379.588589
36.0,33,14380.292078
-35.45,35,14380.995934
32.635338,26,14381.603445
-39.0,25,14382.178817
-37.22,42,14383.157323
35.170121,30,14383.856239
-35.84,32,14384.660902
37.589404,25,14385.276641
32.788889,40,14386.146626
38.371277,27,14386.782511
35.418251,45,14388.033696
-32.72,30,14390.909652
37.832892,36,14391.668475
-43.96,44,14392.679358
-38.37,25,14393.281525
-35.03,35,14394.025976
-35.73,31,14394.899802
-42.0,26,14395.492728
-44.01,23,14395.959624
40.310963,34,14396.643641
44.35102,38,14397.443394
-38.29,24,14397.960293
-40.26,25,14398.614529
-32.01,37,14399.471952
-39.0,24,14400.036506
38.126459,39,14400.852513
32.729167,36,14401.60013
41.905724,25,14402.212035
-40.53,26,14405.232447
41.318182,21,14405.697825
38.013514,24,14406.283872
-37.49,36,14407.20895
-35.82,28,14407.815011
47.898438,19,14408.342788
-34.44,36,14409.069903
44.608309,23,14409.564298
34.937607,38,14410.35689
41.164659,29,14411.27549
31.641221,85,14413.307416
-35.04,30,14413.994025
44.902985,18,14414.384668
-40.6,27,14415.097056
40.889983,25,14415.678568
-43.59,21,14416.399299
-33.0,28,14417.031898
36.442837,30,14420.289715
39.0,27,14420.89183
-43.84,30,14421.528333
32.885305,29,14422.140362
38.513317,24,14422.599558
39.0,22,14423.07771
-38.29,33,14423.697338
38.079545,28,14424.250103
35.246305,29,14425.203325
-41.32,26,14425.855203
-44.82,19,14426.310186
37.234414,27,14426.891783
38.768519,30,14427.539353
40.609426,27,14428.098445
38.369565,32,14428.80218
-44.47,23,14429.334931
-41.25,19,14429.70717
32.214545,31,14430.410716
-44.04,21,14430.905928
-35.53,33,14434.066108
-38.48,43,14435.028726
38.107273,27,14435.587964
38.507519,42,14436.436935
39.0,44,14437.278978
-41.43,21,14437.789656
-38.14,24,14438.448581
38.13146,27,14439.175978
-41.38,21,14439.692511
-38.06,26,14440.338154
-44.13,24,14440.901592
-43.94,30,14441.572286
32.52518,42,14442.566568
47.877049,24,14443.1792
35.024691,32,14443.873382
-38.03,21,14444.636878
-36.0,27,14445.09421
40.848882,23,14447.624796
34.92281,42,14448.412174
-38.52,41,14449.207699
36.0,36,14449.784147
40.720864,33,14450.326556
39.457161,24,14450.781883
38.240385,24,14451.43868
-32.39,36,14452.642095
43.889183,141,14455.794669
-43.22,26,14456.342101
31.749221,30,14456.959008
-40.58,36,14457.646619
-44.11,28,14458.196864
42.0,16,14460.765135
-38.22,30,14461.39665
39.0,45,14462.42379
41.935484,19,14462.792693
-44.27,28,14463.393823
44.564024,28,14464.008307
33.0,23,14464.534842
35.902174,37,14465.354411
-36.93,41,14466.291053
-38.84,53,14467.620597
-38.76,33,14468.451871
-47.74,17,14468.84366
43.753567,24,14469.451772
31.710117,47,14470.635421
-46.81,27,14471.217497
-43.62,25,14471.939685
38.211228,27,14474.729392
35.714286,38,14475.61676
-43.68,22,14476.089085
-41.02,30,14476.69214
33.0,43,14477.588214
32.539683,33,14478.258513
-35.8,46,14479.304991
32.730159,35,14480.049949
44.198529,26,14480.589669
39.0,20,14481.001293
41.055902,35,14481.981675
-32.03,41,14482.812694
38.5,28,14483.431305
-39.0,37,14484.151259
38.406844,27,14484.645541
41.11811,27,14485.136401
38.878431,25,14487.83505
40.863486,20,14488.19951
-38.33,34,14488.880718
-32.36,43,14489.622018
-42.0,32,14490.257858
41.455508,22,14490.722637
44.6,23,14491.2159
33.0,38,14491.99126
-41.4,27,14492.580864
39.0,28,14493.141337
-38.25,27,14493.734194
44.024476,17,14494.061072
32.68,28,14494.66187
-32.36,25,14495.087383
-44.15,21,14495.500859
-46.87,33,14496.17053
-41.77,32,14496.784168
-34.97,34,14497.416506
41.388278,37,14500.582278
-41.5,33,14501.223903
35.454789,66,14502.431519
38.675241,26,14503.027326
-34.53,34,14503.756448
-44.16,26,14504.352623
34.923645,30,14504.943048
38.163265,30,14505.581043
-38.39,27,14506.095839
-48.0,23,14506.563312
47.194323,26,14507.123227
35.329218,24,14507.833911
38.484716,20,14508.247698
-32.28,32,14508.863346
45.0,26,14509.39536
44.218254,25,14509.833484
-38.7,35,14510.4882
-35.23,33,14513.216431
42.0,33,14513.841517
-38.64,22,14514.253294
41.435897,22,14514.626335
32.402857,27,14515.175299
38.783051,29,14515.792302
-41.4,19,14516.224974
34.775109,29,14516.87852
-32.4,32,14517.556697
-33.0,36,14518.280902
44.21148,26,14518.831028
-44.2,19,14519.237465
38.426357,21,14519.68797
35.224138,39,14520.500992
-34.46,41,14521.353893
-38.03,32,14521.949948
41.803636,32,14522.839115
36.0,31,14523.526745
41.410909,26,14526.346933
41.019429,27,14526.901499
-42.63,28,14527.396739
-41.07,48,14528.458193
-40.59,117,14530.983899
36.0,38,14531.795879
43.536074,28,14532.342653
-41.04,31,14532.966882
-44.62,20,14533.398427
35.285714,30,14534.141035
-32.98,34,14534.916337
37.913024,24,14535.343461
-40.57,31,14535.962334
44.181787,41,14539.070386
-38.77,19,14539.482626
-32.71,29,14540.06144
-43.87,21,14540.543493
35.706767,33,14541.277107
32.4125,45,14542.23064
-44.01,26,14542.739416
39.0,57,14543.90372
-35.25,37,14544.661913
33.0,45,14545.623078
-44.2,32,14546.235122
41.14387,25,14546.750705
-32.4,38,14547.475247
40.791306,21,14547.9005
-38.71,20,14548.355895
-40.62,25,14548.941229
41.877323,30,14549.610459
-32.77,43,14552.707238
-38.42,34,14553.414501
31.725941,39,14554.221811
35.202492,54,14555.367407
32.14527,33,14556.117415
-32.61,39,14556.890658
-43.83,17,14557.286653
32.673004,35,14558.072315
-38.91,25,14558.542329
33.0,27,14559.054426
-35.84,30,14559.615557
-41.24,31,14560.210076
47.484252,20,14560.609305
-41.23,26,14561.400429
-41.51,25,14561.957721
35.891228,28,14562.506983
-38.12,28,14565.118463
-36.0,27,14565.685307
33.0,33,14566.37731
40.266808,31,14567.052336
-41.72,25,14567.56142
38.379845,34,14568.301853
-39.0,32,14569.036238
32.658333,41,14569.905403
32.509025,33,14570.617814
-39.0,30,14571.213907
32.074297,28,14571.748963
43.785714,35,14572.417443
44.264368,46,14573.345271
-39.0,25,14573.903553
-41.17,43,14574.884609
-32.06,34,14577.701164
-32.61,37,14578.665041
-38.7,30,14579.24934
38.094444,38,14580.104844
-46.85,32,14580.805306
37.851351,30,14581.404721
-32.05,34,14582.136798
38.902778,43,14583.030864
-39.0,29,14583.570746
37.630597,28,14584.159097
-37.77,29,14584.700322
-37.46,23,14585.098609
35.886179,27,14585.638843
45.0,21,14586.056348
-43.37,28,14586.664047
-35.4,25,14587.211885
42.0,25,14587.824107
32.902834,34,14590.896883
-36.0,30,14591.568779
37.78,47,14592.610754
38.88716,24,14593.116573
41.134228,23,14593.601853
-45.0,23,14594.05693
41.64094,39,14594.846071
-44.11,26,14595.510435
-37.51,57,14596.643726
-37.66,37,14597.372648
44.473616,27,14597.924707
37.751876,26,14598.529627
38.397626,25,14599.084416
42.0,22,14599.600734
-32.68,27,14600.203145
38.554896,29,14600.725056
-35.15,27,14601.24976
35.071111,27,14604.122562
-38.51,25,14604.657717
-32.24,35,14605.343533
47.470588,14,14605.613601
-45.0,20,14605.990392
41.488462,31,14606.61227
35.901515,31,14607.290789
-38.71,28,14607.827119
38.171533,26,14608.380452
38.327273,32,14608.995016
-41.34,24,14609.419647
-38.14,28,14610.015845
38.149206,45,14611.044641
41.703704,52,14612.110752
-42.0,19,14612.51986
-44.14,30,14613.143054
-41.59,25,14613.609115
39.0,26,14614.054992
45.0,17,14616.727005
38.15109,17,14617.078537
-41.14,22,14617.54684
-32.15,36,14618.364943
41.642066,21,14618.814742
38.068966,37,14619.577789
46.292648,34,14620.277154
-32.63,33,14620.897253
-43.44,31,14621.487721
32.454545,39,14622.237516
-35.7,35,14622.978037
35.470588,39,14623.749921
-41.61,17,14624.151149
-38.31,37,14624.909086
41.120191,35,14625.513493
44.270396,19,14625.874879
37.958015,38,14626.530546
-38.33,41,14629.874817
-34.64,26,14630.468206
-41.5,57,14631.741051
-31.82,35,14632.51986
-44.26,31,14633.146172
38.292254,23,14633.55889
-42.0,42,14634.308496
-36.0,32,14635.029943
-42.0,44,14635.93622
41.528736,23,14636.439245
41.678832,34,14637.123714
37.881454,32,14637.77453
34.797834,35,14638.559172
38.795276,33,14639.229326
-36.0,28,14639.761907
-41.66,26,14642.588665
-43.64,32,14643.248602
-47.17,23,14643.736991
32.361111,37,14644.494461
36.0,31,14645.10939
32.041825,32,14645.723306
-41.88,29,14646.222218
-45.0,21,14646.605345
-40.75,18,14646.912372
-36.0,29,14647.4723
44.173633,14,14647.741382
37.902604,35,14648.505327
-47.01,43,14649.39821
-44.9,23,14649.834033
35.525424,26,14650.356712
35.759398,25,14650.806973
41.314103,21,14651.210383
-33.0,36,14651.912823
37.250249,30,14654.995886
-33.0,31,14655.64471
35.085502,29,14656.290493
43.631579,23,14656.788364
41.902985,33,14657.409402
41.625828,46,14658.213577
-37.85,35,14658.866995
-37.74,22,14659.297384
-44.5,32,14660.005754
35.719512,39,14660.863605
-47.21,14,14661.183667
-42.0,18,14661.562781
-41.02,32,14662.202362
41.954704,31,14662.832712
-45.0,20,14663.263616
40.635036,25,14663.7268
42.0,31,14664.45779
38.315436,24,14664.934305
-34.93,39,14668.003022
-32.51,41,14668.816735
-35.13,38,14669.553964
-37.73,26,14670.051868
39.0,26,14670.565821
-44.67,18,14670.928521
39.0,23,14671.354021
43.846842,27,14671.862013
45.0,26,14672.526902
-41.51,30,14673.169801
32.391144,28,14673.803083
-39.0,48,14674.781942
-38.27,27,14675.304091
35.827795,29,14675.869423
32.212928,35,14676.475251
-44.1,21,14676.906833
35.82,29,14677.503788
-32.22,42,14680.714363
32.65251,70,14682.213462
-33.0,46,14683.09213
-38.81,30,14683.645867
-38.88,17,14683.946647
35.268293,32,14684.621304
32.085366,40,14685.47262
38.246964,24,14686.164512
-35.82,28,14686.941267
38.218868,43,14688.003855
35.709898,34,14688.842661
43.420802,29,14689.492462
-33.0,31,14690.212362
37.716931,35,14690.970272
32.649068,51,14694.142526
-33.0,45,14695.337936
32.034722,40,14696.089028
41.558333,21,14696.732562
44.672414,19,14697.055113
36.0,29,14697.658638
42.0,30,14698.226734
-37.24,38,14699.048979
43.242116,25,14699.60017
-41.6,23,14700.091207
-39.6,35,14700.740379
-32.77,36,14701.377211
-44.16,20,14701.764869
44.335404,20,14702.057858
38.341379,35,14702.674306
41.696093,30,14703.299649
-33.0,35,14704.210067
-41.15,22,14706.997213
41.527473,21,14707.446679
-40.56,23,14708.201666
41.580046,25,14708.661098
39.0,17,14708.973235
-36.0,29,14709.593221
-44.7,32,14710.22772
32.308943,37,14711.005264
-44.09,22,14711.648094
33.0,41,14712.68387
-45.0,19,14713.063197
38.333333,28,14713.646534
40.159116,24,14714.145628
-41.32,23,14714.619258
-35.7,30,14715.170189
-41.19,24,14715.691236
-38.38,26,14716.251087
-35.02,28,14716.856083
36.0,31,14717.477908
37.855872,23,14717.950742
38.267402,29,14720.7717
32.593407,32,14721.507571
-38.49,24,14722.421552
-35.63,28,14723.081549
39.0,27,14723.703597
-39.88,38,14724.631783
38.611354,27,14725.1652
-44.79,31,14725.762792
-40.74,27,14726.306972
38.390511,28,14726.791427
44.273649,30,14727.311368
41.551325,24,14727.727679
37.895683,22,14728.122544
35.182121,36,14728.825291
-38.36,25,14729.3452
38.147166,34,14730.034923
-44.16,24,14730.520741
38.492481,23,14731.014898
-35.04,30,14733.876945
32.437736,29,14734.432097
-41.14,25,14735.129241
41.086663,25,14735.554612
-38.81,36,14736.183052
-33.76,46,14737.160048
35.72,32,14737.79745
44.023179,19,14738.202135
-42.2,35,14738.884294
-44.93,33,14739.451527
41.417241,23,14739.914131
38.038462,29,14740.433381
-44.15,29,14740.989177
35.9,25,14741.622272
35.555172,26,14742.182884
-36.0,32,14742.88657
41.241093,22,14743.349112
-35.91,27,14746.304414
-36.0,31,14746.86861
-32.35,31,14747.385192
-32.5,29,14747.931345
-40.63,21,14748.347271
-44.5,20,14748.907439
-33.67,43,14749.820313
-44.36,30,14750.520591
-37.72,28,14751.138386
32.132231,35,14751.765419
33.0,42,14752.527149
-46.82,25,14753.086261
38.368821,23,14753.567244
-41.19,20,14753.977305
-39.0,33,14754.619425
32.797619,30,14755.222208
-38.51,42,14756.030369
-40.7,34,14758.928002
41.532698,29,14759.48653
-38.12,38,14760.222572
40.731621,62,14761.944618
32.101227,38,14762.716043
-47.45,15,14763.039825
-38.84,31,14763.639298
44.481481,40,14764.397416
-45.0,19,14764.739447
40.564178,38,14765.518377
-41.5,72,14767.073937
-39.0,29,14767.666157
41.345196,31,14768.320945
-40.42,39,14769.134253
38.098485,31,14771.905889
-35.33,35,14772.514161
34.867947,42,14773.346068
-40.26,22,14773.809073
44.878788,20,14774.43643
-34.71,30,14775.014616
-32.18,31,14775.535172
-35.29,37,14776.173535
-41.36,25,14776.624253
33.0,26,14777.085737
-37.82,33,14777.69692
41.733333,21,14778.058062
-35.8,42,14778.925768
-32.8,33,14779.568096
-35.61,53,14780.75089
-38.03,27,14781.294402
40.818681,29,14784.005232
41.801587,34,14784.712388
35.647436,28,14785.273347
41.152542,21,14785.659681
38.833333,26,14786.138505
-38.84,35,14787.043745
-32.16,40,14787.716579
-38.32,42,14788.470642
-44.31,26,14788.945136
32.352227,51,14789.867172
-42.0,30,14790.530308
40.226183,33,14791.238657
41.254545,22,14791.659554
41.983923,27,14792.233044
-35.91,32,14792.873901
-33.0,42,14793.743064
38.642857,25,14797.028697
-44.47,19,14797.403721
32.731544,34,14798.055479
-32.05,33,14798.651727
-35.02,27,14799.111497
-41.55,24,14799.540506
-38.66,31,14800.269826
-41.09,33,14801.061961
-41.49,47,14801.984285
-38.77,27,14802.527747
33.0,37,14803.328545
-35.6,29,14803.908223
-36.0,36,14804.677946
-35.29,29,14805.268028
42.0,22,14805.694178
-32.28,64,14806.961211
38.400662,25,14809.391601
-32.4,33,14810.060705
-33.0,42,14810.824754
-31.71,45,14811.646848
43.0713,32,14812.232539
38.363971,24,14812.733402
-46.37,26,14813.483741
44.446309,38,14814.383798
43.812883,28,14815.041157
35.027958,52,14816.15858
32.604361,31,14817.453916
-40.58,24,14818.331346
-38.01,33,14818.982142
38.608365,25,14819.450282
41.719424,36,14820.15023
44.525735,28,14820.672806
32.358744,31,14823.467842
43.914316,27,14823.994347
-35.5,27,14824.535484
-35.12,50,14825.603552
37.557034,22,14826.056228
35.653968,23,14826.745956
38.196628,38,14827.473394
-40.8,85,14829.120711
32.560773,39,14829.890867
32.503497,38,14831.325946
35.02973,32,14831.964684
-46.79,20,14832.377961
-39.87,27,14833.03929
-37.38,25,14833.539993
41.557047,24,14834.005607
32.487288,34,14836.605276
36.0,29,14837.046379
-48.0,22,14837.452363
37.586614,36,14838.10579
35.080851,38,14838.914188
-35.78,59,14840.152912
35.0328,27,14840.752189
47.205298,29,14841.347632
-44.25,28,14841.942959
-42.49,32,14842.577675
-32.69,24,14843.063587
46.768604,29,14843.728209
-33.0,40,14844.540112
-35.26,29,14845.058338
-35.16,24,14845.488854
-36.0,31,14845.999693
41.051471,24,14848.44991
-41.35,20,14848.813821
-39.0,36,14849.464809
41.498221,19,14849.825571
-38.6,27,14850.389414
-32.33,107,14852.883011
38.616197,29,14853.481266
-41.38,30,14854.13282
-37.23,30,14854.74975
42.0,25,14855.300259
36.629093,40,14856.114112
-35.19,44,14856.942599
32.225,36,14857.539891
-35.88,28,14858.022063
41.142336,28,14860.49698
38.9,26,14860.988974
-36.0,35,14861.74433
-35.91,43,14862.610787
-38.86,41,14863.443058
-32.28,30,14864.191913
37.663829,25,14864.868372
-41.32,21,14865.307498
-44.22,26,14865.806185
-37.45,24,14866.313598
40.516804,33,14866.917427
38.23384,26,14867.445473
-41.69,24,14867.941707
44.489655,30,14868.495885
-41.1,22,14868.898737
-33.0,43,14869.595688
-32.33,42,14870.402986
-38.03,51,14873.542283
32.06391,28,14874.120916
39.0,34,14874.887356
35.681319,31,14875.545063
-34.91,117,14877.978839
-41.09,23,14878.277717
-47.88,26,14878.849274
44.770909,16,14879.16992
-40.24,26,14879.686809
38.712062,26,14880.201137
33.0,37,14880.869685
35.534296,29,14881.401418
37.96371,37,14882.315766
38.182979,38,14883.193111
-36.0,39,14885.986985
-32.38,34,14886.608428
-41.57,23,14887.024406
32.587121,32,14887.632598
42.939186,26,14888.158778
41.165385,27,14888.651953
32.038328,30,14889.252876
32.734884,36,14890.116638
39.0,25,14890.657633
-37.58,28,14891.209805
-35.5,35,14891.943933
-42.77,19,14892.385942
-41.78,29,14892.908912
-42.0,37,14893.626391
-32.34,35,14894.285579
39.0,27,14894.831124
-37.85,29,14895.458622
40.334918,25,14898.078352
-40.68,26,14898.509153
32.757925,53,14899.534825
-35.55,31,14900.140985
38.901408,24,14900.638169
38.592252,34,14901.342781
35.018248,29,14901.920741
41.545098,33,14902.737405
40.341927,24,14903.40412
35.545833,31,14904.084879
-44.51,23,14904.533295
35.03125,47,14905.344966
33.0,25,14905.834775
-44.89,18,14906.220368
-37.69,30,14906.759178
-35.03,27,14907.276278
-44.02,24,14907.738835
-35.47,40,14910.57051
38.125,25,14911.04919
-41.92,23,14911.519131
41.458272,66,14912.871644
-39.0,25,14913.370463
-38.32,22,14913.85351
-32.14,46,14914.934623
-43.57,25,14915.712287
40.177451,27,14916.299623
-33.0,35,14916.940981
47.189655,17,14917.23806
30.0,31,14917.826057
44.471483,24,14918.228597
-35.84,24,14918.650167
-47.5,30,14919.382616
-42.0,27,14919.923599
-38.19,19,14920.291484
-38.36,25,14922.871561
39.0,36,14923.648529
-37.7,27,14924.182812
-41.49,21,14924.635503
-38.8,46,14925.539061
44.773973,24,14926.021924
36.0,30,14926.623677
38.186399,33,14927.364239
-41.0,32,14927.999738
-37.62,47,14929.078244
35.515051,36,14929.903977
-39.9,21,14930.363598
-38.62,31,14930.853159
47.383333,20,14931.283558
38.369565,23,14931.75361
-37.63,50,14932.948216
41.362903,27,14933.5205
41.073739,21,14936.247705
-41.91,31,14936.815074
-38.88,27,14937.38507
32.066148,35,14938.123086
-45.0,19,14938.569352
39.0,32,14939.291592
-35.52,32,14939.971798
32.139098,38,14940.794305
37.901869,27,14941.420437
-32.42,30,14942.040158
38.996885,22,14942.701046
-32.38,34,14943.436414
39.0,43,14944.255398
-45.89,30,14944.937794
41.112583,35,14945.712001
-35.79,28,14946.30259
41.047966,30,14946.882252
-32.23,30,14949.675
41.921053,30,14950.34014
-35.27,28,14950.900082
-32.88,64,14952.307389
-36.0,108,14954.647092
-44.93,28,14955.468781
32.935361,35,14956.202136
-41.01,37,14956.992921
-36.0,23,14957.455132
33.0,37,14958.261174
37.035227,28,14958.846446
38.714697,23,14959.375294
38.048077,35,14960.06358
44.698795,28,14962.877828
38.443609,21,14963.344877
-43.61,28,14963.838193
-38.81,34,14964.301715
-44.3,25,14964.852569
-38.88,28,14965.467469
-32.56,38,14966.24915
-35.02,28,14966.906369
32.222656,70,14968.197903
32.5,36,14968.965223
38.796209,29,14969.731716
-34.66,30,14970.603885
35.486111,33,14971.368924
-34.0,41,14972.29269
38.855769,32,14972.983579
-32.77,32,14975.875619
-35.29,33,14976.608335
39.0,25,14977.154824
32.412214,29,14977.749716
-47.25,24,14978.34872
-40.59,23,14978.877778
-38.5,35,14979.610002
35.660156,41,14980.365486
-37.64,29,14980.98356
36.0,30,14981.605605
-44.01,26,14982.125949
33.0,33,14982.823396
-38.44,27,14983.684249
-38.59,61,14984.979244
39.0,25,14985.544347
39.0,44,14986.443959
-41.38,21,14989.175226
43.599707,31,14989.897618
35.682823,32,14990.614891
-35.93,51,14991.655367
36.0,50,14992.728529
-41.24,30,14993.365863
41.877966,25,14993.848951
-35.78,29,14994.427925
38.744361,43,14995.233057
-46.82,23,14995.708105
-35.47,31,14996.718554
-31.95,115,14999.13463
-38.32,31,14999.780439
-32.12,29,15002.747873
32.243542,29,15003.389241
-40.71,28,15003.983367
38.100524,38,15004.76721
44.748936,20,15005.254948
-39.0,26,15005.826958
-35.01,36,15006.549188
37.694444,33,15007.218529
-38.05,33,15007.863668
-33.0,42,15008.71736
34.853698,40,15009.615238
-32.45,30,15010.272759
38.439394,38,15011.280779
35.261478,25,15011.795693
-32.33,52,15012.826204
-37.55,33,15015.754064
-38.29,32,15016.450708
44.226619,17,15016.81912
41.269625,30,15017.494107
32.416149,27,15018.073378
-35.71,26,15018.59236
-35.72,36,15019.268737
-35.64,39,15020.005907
-47.41,16,15020.381079
37.909171,31,15020.965994
38.541796,20,15021.395186
39.0,41,15022.327867
-43.02,20,15022.994818
41.269663,44,15023.862297
-38.55,29,15024.408487
-44.2,15,15024.682732
40.901026,31,15025.255274
-33.0,36,15026.005948
-40.84,25,15028.740684
-35.91,89,15030.52654
44.08032,25,15031.087913
-44.78,19,15031.623326
41.711111,31,15032.271551
-43.69,22,15032.681022
32.75067,33,15033.264004
-32.82,29,15033.823674
32.297794,31,15034.622671
32.195652,55,15035.793206
-36.0,26,15036.288677
41.200183,31,15037.081457
-37.68,29,15037.682349
32.733516,57,15039.068821
35.733577,25,15039.624911
-36.0,37,15042.980693
40.351178,22,15043.456981
-40.8,27,15044.004828
-34.42,28,15044.530887
34.523877,31,15045.088948
-32.84,27,15045.606283
44.542281,25,15046.546339
38.445714,21,15046.958003
34.678706,36,15047.75187
40.68661,38,15048.538723
-47.05,16,15048.899812
39.0,29,15049.452587
-44.5,61,15050.915976
-38.32,27,15051.490913
-35.65,30,15052.091454
40.343973,39,15052.999444
41.588957,19,15053.385131
-38.5,49,15056.717556
41.741803,18,15057.013259
-37.08,59,15058.102694
-41.85,27,15058.609821
-41.51,31,15059.213355
-41.49,24,15059.74397
40.658964,25,15060.269857
-35.56,29,15060.90579
41.878788,24,15061.414552
-35.69,25,15061.866487
38.19305,33,15062.642523
41.430147,21,15063.023211
38.416318,33,15063.683668
-40.72,21,15064.065584
35.301961,35,15064.736572
38.745161,33,15065.562085
41.013201,25,15066.041615
-38.29,30,15068.783761
-41.49,26,15069.215621
-34.91,37,15069.861752
-35.91,39,15070.573393
35.570776,32,15071.24396
-32.88,30,15071.868567
35.506623,25,15072.378428
-37.51,38,15073.194092
-39.0,24,15073.698258
-35.57,32,15074.243461
44.045455,16,15074.988125
-35.21,28,15075.538751
32.725352,29,15076.159274
-43.53,24,15076.884937
-38.74,22,15077.371321
36.0,28,15077.923923
-30.0,45,15079.128804
-41.36,39,15082.21026
-42.0,25,15082.692983
42.0,20,15083.150943
43.842308,18,15083.510382
39.950307,32,15084.105165
37.965532,32,15084.771532
32.752896,27,15085.334888
32.654839,58,15086.364906
35.534615,28,15086.945892
44.006345,25,15087.483802
-36.0,29,15088.047222
44.482014,24,15088.461318
-36.0,32,15089.120792
41.004908,26,15089.806015
-33.0,35,15090.487184
-38.63,29,15091.15204
38.544444,27,15091.647228
-44.18,29,15094.266809
-43.83,20,15094.649019
-36.0,28,15095.270944
42.0,26,15095.897799
35.56701,30,15096.482
-32.14,33,15097.135171
38.046946,34,15097.72188
-38.41,22,15098.127684
41.947917,29,15098.659814
38.579702,26,15099.205846
-40.65,27,15099.752684
-35.28,33,15100.370525
-37.26,31,15100.951591
-32.0,37,15101.757317
-43.41,28,15102.492748
31.888462,42,15103.147689
-42.0,22,15103.567601
38.396,29,15104.119442
41.056818,24,15106.777928
-36.0,28,15107.341184
-41.43,35,15108.048396
-36.0,33,15108.772573
38.338129,27,15109.25789
46.912766,11,15109.473839
-38.79,39,15110.238389
39.0,25,15110.686491
44.110099,48,15111.637497
38.1875,21,15112.150039
-44.86,27,15112.70943
35.490494,29,15113.343895
-41.32,26,15113.877677
-36.0,20,15114.254667
34.826531,31,15114.927523
-41.52,30,15115.552669
-38.86,36,15116.283112
-41.96,30,15119.273243
44.174825,19,15119.595114
-43.79,21,15119.989393
-41.14,32,15120.57984
-32.85,33,15121.19762
-33.0,29,15121.762935
33.0,32,15122.309686
32.445946,36,15122.959703
41.273351,28,15123.498714
-44.5,25,15123.987267
-41.95,24,15124.496665
-38.05,38,15125.381261
44.270758,25,15125.891246
41.814286,33,15126.585245
41.708708,28,15127.139163
34.274927,30,15128.15844
32.751381,67,15129.723557
-45.38,44,15132.634496
-40.83,37,15133.313973
39.0,24,15133.78147
-41.14,26,15134.249119
37.832728,33,15134.843539
-32.35,36,15135.65343
-35.78,31,15136.3176
-35.62,36,15137.021004
37.410061,81,15138.58308
-37.88,36,15139.323245
44.020906,26,15139.861845
38.6703,37,15140.5676
43.951624,29,15141.115662
-38.91,30,15141.687537
33.0,27,15144.259726
38.802158,33,15145.310046
-35.53,29,15145.841281
-35.68,32,15146.43085
32.179577,32,15146.984462
35.556391,34,15147.622223
-35.19,55,15148.999892
-40.26,36,15150.195375
38.751938,21,15150.624214
-41.5,33,15151.26508
-32.05,34,15151.920071
-32.82,27,15152.417949
35.875969,26,15152.933597
38.103704,23,15153.44418
38.545024,25,15153.980901
40.082592,29,15154.781008
-38.51,30,15157.865305
-35.11,32,15158.474998
35.778598,29,15158.984034
39.0,29,15159.53199
41.070423,27,15160.781056
-41.51,32,15161.382377
-41.04,23,15161.823754
-32.78,28,15162.345236
35.870722,77,15163.830014
-41.19,40,15164.601617
-41.3,31,15165.237823
-35.02,35,15165.929702
-41.81,31,15166.559916
38.834437,36,15167.384465
40.925,29,15167.870072
34.838063,30,15168.445985
-38.57,32,15171.348802
-38.47,32,15172.03514
44.365613,26,15172.698101
32.543333,45,15173.582853
-37.75,38,15174.296033
-41.18,28,15174.860797
-40.2,26,15175.469521
41.198502,25,15175.956798
44.081979,28,15176.600662
45.517963,36,15177.381857
-41.32,28,15177.943942
47.259259,21,15178.343344
42.0,21,15178.825446
-40.27,24,15179.332799
39.884139,37,15179.996866
-34.4,44,15180.911646
-37.91,37,15183.76964
-38.37,29,15184.356619
-41.57,37,15185.014493
-37.65,28,15185.557025
40.628192,25,15186.092447
38.540182,43,15186.956998
-41.21,19,15187.343467
43.296398,35,15188.05763
-33.0,27,15188.578573
35.461187,36,15189.310139
-43.89,24,15189.858365
32.910345,30,15190.478734
34.724335,32,15191.087482
35.552817,30,15191.606571
44.327586,35,15192.245777
-35.16,24,15192.635453
-44.21,15,15192.96043
38.80303,29,15195.62529
35.232283,38,15196.615966
40.659481,19,15197.012897
41.00927,26,15197.607069
-36.0,32,15198.27794
-42.29,23,15198.746921
-41.02,48,15199.691881
33.0,26,15200.249095
36.0,28,15200.819144
35.208377,26,15201.347916
-42.0,21,15201.757385
38.25964,27,15202.244539
-40.21,32,15202.881585
35.681818,26,15203.428752
39.0,26,15203.906481
32.113553,31,15204.44888
38.629738,32,15204.992639
43.87121,56,15208.417675
-32.4,26,15208.964358
-39.0,30,15209.622026
32.082677,38,15210.405209
-40.9,26,15210.93384
35.749004,32,15211.540854
38.647761,27,15212.081249
38.358491,24,15212.554225
-32.85,34,15213.177444
35.732824,36,15213.851849
-47.06,15,15214.108248
-35.41,25,15214.64201
38.778182,27,15215.156422
32.809859,27,15215.654053
40.968261,29,15216.196572
42.406971,25,15216.662946
-41.85,34,15217.264177
-34.88,45,15218.15325
45.0,45,15221.20516
41.748387,25,15221.708342
44.5,84,15223.592104
38.079861,53,15224.644781
-35.56,27,15225.18016
35.676282,28,15225.763466
-33.0,30,15226.390654
-37.92,33,15227.068523
-41.37,29,15227.65233
-44.38,27,15228.161179
-32.69,32,15228.744789
-41.13,24,15229.188294
32.644898,42,15230.744207
-46.04,25,15231.265428
38.11875,35,15234.195631
-30.0,33,15234.865594
-41.15,25,15235.357367
32.816129,34,15236.074283
38.425993,19,15236.457694
41.673846,35,15237.173302
-41.99,29,15237.732538
-38.99,33,15238.462621
33.0,27,15239.002825
41.588398,23,15239.424699
-35.09,30,15239.976945
37.167324,48,15240.800263
-39.0,24,15241.236124
-35.77,32,15241.740996
-33.0,34,15242.82634
-38.77,37,15243.670932
-40.29,43,15246.688345
-40.81,29,15247.284817
40.673275,30,15247.870836
37.754074,30,15248.508555
43.543668,22,15249.166685
-38.03,30,15249.82937
-42.0,29,15250.430198
-35.64,46,15251.342026
38.495356,43,15252.134687
35.603571,30,15252.663764
38.903427,33,15253.241973
32.419023,31,15253.80707
35.443662,36,15254.431496
43.486646,30,15254.98348
-36.0,23,15255.497585
-38.61,28,15256.096761
44.009485,24,15256.625381
32.023729,35,15259.556149
39.0,30,15259.970016
-32.54,34,15260.551059
38.842105,26,15261.072178
32.647273,46,15261.961527
-47.57,14,15262.204957
-38.46,25,15262.689675
-33.0,28,15263.255065
-32.67,47,15264.140757
-35.82,53,15265.069854
-41.06,32,15265.549509
-37.92,24,15265.984026
41.275965,24,15266.38585
-34.91,31,15266.956757
35.566563,27,15267.494955
-32.07,41,15270.46959
-35.12,30,15271.044224
-32.91,26,15271.520712
38.297619,27,15272.087845
33.0,28,15272.649029
-35.76,29,15273.209025
-41.19,25,15273.703198
-32.06,35,15274.357051
38.288404,30,15275.191175
-44.01,24,15275.665022
-44.03,29,15276.294534
-44.49,39,15276.986874
-35.09,36,15277.599788
-36.0,38,15278.215612
44.60596,22,15278.608813
41.098908,33,15279.269887
32.419014,28,15279.915808
34.800251,39,15282.791429
-38.81,38,15283.508757
-47.65,25,15284.151118
38.172662,31,15284.807018
-44.45,35,15285.45059
32.725664,35,15286.162527
43.934307,80,15287.735237
38.068592,34,15288.45136
41.448052,33,15289.046125
32.38403,35,15289.658035
-41.52,39,15290.531068
-40.05,27,15291.059067
-37.99,41,15291.893406
43.993096,34,15292.560075
-38.82,20,15294.995611
-36.0,25,15295.355876
39.777372,40,15296.207484
-38.01,26,15296.786784
-34.56,40,15297.618489
38.079167,25,15298.177993
-35.4,25,15298.7001
37.426879,22,15299.16077
-34.76,52,15300.218226
-42.69,22,15300.755632
37.746405,25,15301.35187
-35.91,39,15301.952518
37.393594,34,15302.496125
32.628253,35,15303.122114
-34.55,32,15303.71423
-35.83,25,15304.174354
-37.91,41,15304.950937
38.278788,33,15307.625995
-45.0,18,15307.884879
-44.62,19,15308.202974
41.065902,23,15308.666665
-42.55,27,15309.214343
-40.39,27,15310.012804
34.492636,29,15310.584735
38.813492,37,15311.340582
32.361446,35,15312.001666
38.600733,26,15312.498938
41.058621,37,15313.2335
43.084788,26,15313.759622
-40.83,22,15314.203954
-44.04,35,15314.756489
-46.55,21,15315.124671
-38.88,27,15315.562525
-34.73,126,15320.349995
-38.69,26,15320.909113
35.710843,32,15321.583181
37.663484,32,15322.161596
-38.28,25,15322.646907
37.829777,28,15323.135383
-36.0,27,15323.661352
-41.13,20,15324.062541
34.969184,28,15324.581557
-36.0,29,15325.204078
-43.68,35,15325.864725
32.868914,40,15326.517298
-41.67,37,15327.173085
41.096639,27,15327.637976
32.379661,41,15328.471867
-39.0,27,15329.153082
35.064639,30,15332.038555
38.225607,29,15332.640054
-47.35,12,15332.863506
-44.72,17,15333.168861
-37.72,31,15333.766388
-34.66,33,15334.473923
-37.52,31,15335.076977
-41.44,28,15335.810016
-35.56,25,15336.387365
-41.43,25,15336.904967
38.865455,31,15337.593352
44.105634,22,15338.030725
-47.86,13,15338.326244
44.197552,33,15338.941162
32.355705,65,15340.237331
-41.53,30,15340.831692
-40.73,31,15341.462645
-44.36,27,15341.999141
-36.0,28,15344.639386
-44.29,18,15344.971963
-41.91,26,15345.495416
39.0,32,15346.07771
-40.91,22,15346.512378
41.394068,25,15347.049951
38.902878,25,15347.555566
38.841751,25,15348.08716
-38.49,36,15348.811291
-35.33,35,15349.47475
-31.73,37,15350.222587
-39.0,28,15350.703606
42.0,46,15351.589213
38.576923,24,15352.039406
-32.22,43,15352.80837
45.0,30,15353.440097
-32.22,29,15354.191511
-35.35,31,15356.920108
-41.01,34,15357.554102
41.264085,25,15358.070284
-32.58,31,15358.685341
35.3382,39,15359.548337
-41.48,29,15360.140276
-32.26,34,15360.984883
38.188192,25,15361.590845
-42.78,28,15362.147345
-33.0,44,15362.98349
-41.43,24,15363.407171
-43.1,22,15363.771969
-37.75,29,15364.314374
34.871862,48,15365.302943
-39.82,34,15365.97775
-35.53,28,15366.532656
45.566627,29,15369.311313
42.0,27,15369.942967
-39.0,23,15370.412434
41.537879,27,15370.932566
-32.56,76,15372.4016
38.33574,42,15373.66704
-37.45,29,15374.191656
-41.74,32,15374.71186
-44.7,44,15375.408131
45.47497,23,15375.788291
-40.66,36,15376.442362
-38.53,82,15378.044328
46.6,23,15378.533568
37.97331,29,15379.152784
32.839216,39,15382.271269
45.0,26,15382.737644
38.073595,37,15383.461224
-41.66,28,15384.041846
40.761719,66,15385.616376
-35.63,38,15386.359073
44.079848,20,15386.7331
41.339286,26,15387.200128
44.577465,23,15387.621285
-39.0,27,15388.114236
-41.36,47,15389.223624
-32.54,48,15390.251914
39.0,26,15390.758716
32.395904,39,15391.539836
-41.2,23,15391.96694
41.120155,21,15394.438075
41.042619,32,15395.078013
-32.19,30,15395.642632
-44.22,23,15396.12328
39.0,23,15396.576703
41.029412,25,15397.021164
35.690196,26,15397.623113
-35.49,35,15398.307185
-41.83,35,15398.997936
41.804688,18,15399.349521
-42.0,43,15400.096417
42.0,39,15400.836118
32.17037,28,15401.45194
-44.48,23,15401.9275
38.4613,28,15402.463738
-41.42,32,15403.126908
-39.0,34,15403.78971
38.11828,32,15406.677063
-41.32,30,15407.272231
35.091255,49,15408.307378
-35.05,36,15408.993123
-39.46,34,15409.784094
-41.16,21,15410.215814
35.359206,76,15411.600636
38.522436,24,15412.007473
32.901818,36,15412.667175
-34.26,53,15413.735864
-41.83,22,15414.145108
-37.24,25,15414.798126
-40.53,43,15415.721821
32.389251,31,15416.416927
-38.76,34,15419.378874
-40.98,27,15419.914435
37.209788,27,15420.591061
-32.82,40,15421.556757
40.914955,31,15422.298146
35.183205,50,15423.411848
47.049286,33,15424.008609
32.383212,31,15424.583699
32.774306,38,15425.274274
-36.0,24,15425.705252
39.0,28,15426.167114
-37.63,31,15426.786744
34.672941,26,15427.319837
41.177049,27,15427.938559
-42.0,25,15428.507354
-35.17,31,15429.329378
37.745528,35,15432.612806
38.969811,39,15433.462363
-41.03,30,15434.349207
41.902439,28,15434.905821
-41.97,20,15435.352335
-44.78,30,15436.066839
35.687747,30,15436.689655
38.218855,27,15437.185461
34.108754,38,15437.83334
-33.0,24,15438.196723
-45.0,47,15438.973589
-35.28,29,15439.410838
-38.46,43,15440.233242
32.025271,26,15440.749959
-38.47,25,15441.533978
35.880952,31,15442.180444
39.05265,36,15443.033285
35.177994,78,15446.550315
-39.0,25,15447.192319
-45.0,23,15447.793195
-33.0,32,15448.584828
-47.31,24,15449.187555
32.5,69,15450.499445
-44.53,25,15450.986169
38.333333,20,15451.445862
44.692053,43,15452.286261
-41.72,23,15452.834956
-43.69,27,15453.40086
35.181532,36,15454.16907
-43.85,28,15454.774696
-35.34,30,15455.407711
45.0,35,15458.744439
-35.55,29,15459.588065
38.374172,20,15460.052607
-40.26,19,15460.473073
47.975676,24,15461.009283
-41.17,24,15461.729763
38.196911,26,15462.308364
-41.25,24,15462.871701
41.895131,31,15463.452766
-34.56,28,15463.986483
-41.18,23,15464.406558
-34.45,46,15465.265993
41.184932,28,15465.954532
33.0,27,15466.509454
35.59519,24,15467.025268
-38.32,25,15467.560794
-38.01,28,15468.203959
44.638376,25,15468.73188
44.597015,20,15469.169667
-41.13,28,15469.7641
-41.49,29,15472.822468
-32.43,29,15473.562654
-39.88,29,15474.251287
32.738776,34,15474.992425
38.211111,29,15475.635494
38.802158,31,15476.305468
-41.17,25,15476.807309
42.0,16,15477.125998
39.0,38,15477.800143
-41.02,29,15478.362299
-40.56,31,15479.059915
-37.53,33,15479.772055
38.807229,28,15480.581086
34.359048,35,15481.334285
40.846156,25,15481.886079
36.0,32,15482.643302
-41.12,22,15483.058737
41.156082,29,15485.991703
-35.57,30,15486.660113
-32.04,34,15487.305039
-35.41,27,15487.905885
36.0,28,15488.475019
-38.09,25,15488.963576
35.289304,34,15489.966882
32.064982,40,15490.666962
-32.38,34,15491.316863
38.418251,32,15491.937517
-40.97,23,15492.389125
44.534483,17,15492.722694
-41.91,34,15493.382673
-38.88,22,15493.79273
-44.22,19,15494.206327
-38.63,23,15494.627725
-35.7,29,15495.226523
41.09596,36,15495.959379
40.825063,61,15499.342627
38.803279,32,15499.995263
-32.22,42,15500.844159
-38.54,25,15501.36034
-38.76,20,15501.718563
39.0,29,15502.216247
-38.4,21,15502.489261
-31.78,65,15503.594027
34.859585,34,15504.254342
-34.35,32,15504.933307
40.497823,26,15505.481443
40.691882,36,15506.175553
36.0,28,15506.810797
-35.25,45,15507.712772
35.660959,35,15508.456699
38.423611,21,15510.995239
-44.54,27,15511.549188
38.641115,27,15512.069075
-41.16,26,15512.588901
-33.89,34,15513.190067
40.490794,29,15513.717308
-36.0,30,15514.237442
-35.9,25,15514.6883
-44.48,23,15515.073092
32.535971,30,15515.621532
47.652318,29,15516.171682
37.719689,34,15517.098115
35.451852,22,15517.526789
41.732342,22,15517.943043
-47.87,16,15518.236724
-36.52,26,15518.779347
46.979919,22,15519.220994
-38.09,47,15520.231408
43.274843,27,15523.622653
-37.84,39,15524.440214
-42.0,64,15525.624582
32.13308,42,15526.355284
35.494585,49,15527.304415
-38.31,25,15527.787216
35.308782,44,15528.699387
-41.54,26,15529.238643
40.500485,19,15529.653886
-38.69,23,15530.112801
-40.83,28,15530.652175
35.756757,42,15531.462469
-38.19,27,15532.077306
41.086735,30,15532.915038
37.44227,37,15533.683701
44.158621,29,15536.429562
47.859155,20,15536.864753
-38.35,31,15537.398128
-38.89,31,15537.941498
47.289683,17,15538.226442
-33.0,28,15538.709325
38.094118,30,15539.225769
44.453259,22,15539.684028
38.774892,23,15540.150665
-32.57,36,15540.887999
41.187879,25,15541.374462
32.901478,27,15541.946093
-32.82,38,15542.764133
39.0,29,15543.762381
-30.0,35,15544.515714
38.46627,34,15545.215508
-35.69,29,15545.81508
41.942373,17,15546.189449
38.098979,36,15549.218291
-34.59,51,15550.195348
43.618665,17,15550.478393
36.0,26,15551.014413
35.004065,30,15551.59529
-34.74,27,15552.133114
-32.15,32,15552.92556
38.277778,29,15553.626986
44.16087,20,15554.189269
41.131274,24,15554.72938
-32.68,115,15557.432067
44.280488,17,15557.812375
44.060819,26,15558.408442
-32.14,50,15559.620626
38.238828,36,15560.442229
-40.96,39,15563.533506
42.909619,37,15564.297793
38.795181,33,15564.874948
-38.7,25,15565.308753
-41.62,44,15566.222721
-35.84,27,15566.799565
-38.87,23,15567.305197
47.934708,35,15568.097076
-40.73,21,15568.784949
37.907281,38,15569.552035
38.068702,31,15570.198376
-32.83,62,15571.868131
38.303448,35,15572.749126
43.973987,29,15573.356066
-38.81,25,15573.86939
39.0,74,15577.820658
34.58236,37,15578.538265
-38.29,36,15579.551588
44.723861,22,15580.050071
40.281782,29,15580.71006
-34.88,43,15581.680527
-38.27,29,15582.320003
-38.88,24,15582.758792
-34.66,81,15584.599406
39.0,24,15585.155253
44.661355,28,15585.804158
39.740691,31,15586.478913
-41.13,36,15587.188016
38.901639,28,15589.762856
-41.72,22,15590.153576
37.918933,27,15590.630627
41.221843,22,15591.011245
38.30038,29,15591.647686
-44.66,20,15592.007917
41.751553,25,15592.53304
-41.62,24,15593.041072
38.721805,31,15593.661116
-40.02,25,15594.188476
-41.19,27,15594.761704
37.715328,23,15595.246231
38.638211,25,15595.748719
-38.78,39,15596.608674
47.498168,42,15597.473178
-38.09,24,15597.96742
34.754552,46,15599.038819
-41.14,26,15599.614922
38.529801,31,15600.310231
-38.11,35,15602.998709
-32.08,44,15603.901091
38.767176,22,15604.417599
36.0,23,15604.883594
-43.55,34,15605.79111
32.762646,28,15606.381031
-32.5,51,15607.454157
41.352713,25,15608.032821
-34.49,33,15608.652249
41.017021,30,15609.232198
-40.73,44,15610.172269
-35.45,48,15611.06551
-41.94,23,15611.552097
-32.34,42,15612.530809
-32.84,43,15615.57954
-44.2,26,15616.029843
44.411944,60,15617.162523
-39.63,22,15617.640472
39.0,86,15619.519825
-37.9,27,15620.088543
38.227106,45,15621.037971
-32.29,54,15622.132786
32.937743,57,15623.271399
35.762069,30,15623.864552
44.152542,26,15624.376176
38.104895,30,15625.276152
43.690114,35,15626.022898
35.429577,29,15628.559214
39.0,25,15628.988693
-36.73,33,15629.61373
47.077922,25,15630.078875
-32.95,47,15631.030906
41.621528,26,15631.523102
-44.32,24,15632.367648
-41.14,28,15632.966167
-43.02,45,15633.908497
37.849401,31,15634.494647
35.330986,34,15635.202592
41.435606,24,15635.724537
41.196774,24,15636.302462
41.046693,31,15637.045454
-38.42,27,15637.670089
-45.0,17,15637.995946
-41.03,29,15638.578826
40.32581,27,15641.212115
-38.56,27,15641.701083
32.29918,27,15642.193161
-37.16,33,15642.82647
41.274834,28,15643.426829
-32.06,38,15644.275619
-39.0,26,15644.835058
38.708475,53,15645.908177
32.06015,44,15646.93847
32.179688,25,15647.622062
-39.78,29,15648.239914
-44.13,44,15649.092381
-35.29,39,15649.907547
33.0,31,15650.48702
-38.32,29,15650.968964
32.745247,33,15653.689175
35.592,37,15654.288898
33.0,38,15654.901403
-38.17,30,15655.475697
-38.39,25,15656.044198
-39.0,28,15656.648072
33.0,34,15657.353395
-32.51,30,15657.966758
42.86287,21,15658.491431
-41.42,125,15661.400559
-43.99,29,15662.031591
-47.41,30,15662.712365
41.900735,25,15663.164582
-35.22,31,15663.891867
34.990629,30,15666.749535
40.765811,25,15667.244095
41.605866,30,15667.771775
-38.74,30,15668.380693
44.725076,21,15668.864571
42.0,17,15669.179996
-43.85,36,15669.907808
-41.26,28,15670.548764
-35.14,38,15671.397454
-34.71,36,15672.175405
-38.76,24,15672.705872
-44.5,30,15673.318167
38.572993,25,15673.847878
35.736655,33,15674.4911
41.804688,24,15674.934237
-41.86,24,15675.460428
-38.91,38,15676.324787
-32.58,46,15677.301356
41.953846,40,15680.270766
41.375,23,15681.093234
44.02214,22,15681.550564
-43.82,29,15682.868475
35.195556,55,15683.93304
-44.4,30,15684.697277
44.901818,19,15685.062476
38.392045,26,15685.780728
-41.82,24,15686.455297
32.119534,97,15688.686537
32.45,37,15689.651658
32.095588,28,15690.291448
38.093333,32,15690.987259
41.878049,42,15691.816362
40.494,31,15694.455597
-39.0,28,15695.034086
-44.3,28,15695.667148
40.954559,30,15696.44873
41.578767,33,15697.410212
-44.37,24,15697.954638
41.90146,21,15698.417558
-32.64,38,15699.403108
-40.44,21,15699.851434
-38.47,42,15700.845749
32.274021,31,15701.467449
-44.42,33,15702.210367
35.582781,30,15702.834258
38.001293,26,15703.39777
-41.17,27,15703.982839
41.063477,24,15704.553396
-41.33,29,15705.159863
32.654412,29,15707.910522
-37.87,28,15708.609032
41.545455,30,15709.231845
38.900735,34,15709.929061
37.859182,27,15710.534144
-35.33,31,15711.245959
-35.09,27,15711.846186
-47.19,20,15712.351984
-38.7,31,15713.095022
-37.58,26,15714.056948
44.262735,28,15714.65409
-32.97,36,15715.34963
-38.87,27,15715.909409
37.701365,41,15716.73055
39.0,40,15717.826819
32.134981,29,15718.357029
41.782178,29,15718.880911
41.609155,24,15719.33179
43.760598,26,15721.951562
45.0,26,15722.523177
43.357907,34,15723.232746
-35.24,30,15723.969749
37.552897,24,15724.56769
32.454225,51,15725.825673
41.798077,30,15726.445509
-34.55,25,15726.99907
35.775701,27,15727.537097
33.0,34,15728.369362
38.355634,33,15729.051445
42.0,18,15729.412766
44.054233,32,15730.121859
-42.0,23,15730.616599
-35.66,22,15731.041957
39.0,26,15731.529295
-35.26,46,15732.86495
43.947273,24,15735.42261
-45.0,27,15736.073012
47.057554,16,15736.469929
-44.75,17,15736.814488
-42.82,22,15737.272252
-43.58,38,15738.273768
-41.78,26,15738.822782
-38.57,24,15739.268098
-38.2,34,15740.375912
41.235099,24,15741.019207
37.097485,37,15741.757432
-38.91,21,15742.190014
-32.25,36,15742.988682
44.31439,26,15743.559085
44.769614,47,15744.456146
38.656836,28,15745.067892
39.0,22,15745.471955
34.74135,31,15746.013037
-44.64,23,15748.728895
39.0,32,15749.449985
42.0,27,15750.035558
-32.6,34,15750.754494
35.919094,29,15751.390324
-35.02,30,15752.018212
37.675,36,15753.068108
-42.0,22,15753.634301
-41.59,42,15754.58375
47.411447,19,15755.007134
-38.12,33,15755.85981
32.307359,35,15756.584177
47.378205,13,15756.858511
32.362989,44,15757.728732
-33.0,44,15758.514937
41.607774,24,15759.335307
36.0,30,15759.911689
44.334821,25,15762.702513
-39.0,95,15764.525836
32.372642,34,15765.243262
-36.0,85,15767.047757
-40.7,29,15767.619021
-40.18,25,15768.438661
-31.93,27,15769.063604
-38.51,35,15769.70179
-33.0,33,15770.319056
-32.1,28,15770.975679
33.0,33,15771.655546
35.941989,28,15772.244819
-39.0,28,15772.780806
-37.74,44,15775.802001
41.540084,24,15776.292516
38.627706,31,15776.999561
38.374172,42,15777.927337
-41.12,27,15778.520939
-38.99,35,15779.272753
-38.01,29,15780.073478
35.560886,39,15781.130103
-46.09,26,15781.677479
-41.19,31,15782.200406
41.191057,20,15782.620199
32.617021,52,15783.512586
41.294118,26,15784.026809
41.387324,27,15784.542385
38.520548,33,15785.295229
44.642361,17,15785.646817
40.628424,34,15788.443613
-38.45,29,15789.074731
35.238971,34,15789.800002
38.020969,33,15790.500567
37.287022,40,15791.351639
-44.23,26,15791.852349
41.337079,38,15792.666183
-44.09,36,15793.48767
34.451158,35,15794.232032
-35.35,27,15794.748524
-35.56,27,15795.220457
35.729223,31,15796.027809
38.753086,28,15796.625174
-40.86,21,15797.062489
43.342617,21,15797.575777
-36.0,40,15798.314457
38.206897,34,15798.992674
-35.01,26,15801.969412
-37.97,30,15802.5987
37.59507,40,15803.557641
37.173938,34,15804.401665
43.682759,41,15805.314836
-43.36,28,15805.994889
37.357397,49,15807.340184
-34.29,40,15808.201516
-36.0,34,15808.934706
32.106618,37,15809.875991
41.705128,32,15810.684886
40.751466,50,15811.690694
41.306273,31,15812.258829
44.462069,18,15812.690585
-38.66,27,15813.324117
-38.74,27,15815.967935
-41.01,22,15816.435355
-32.75,34,15817.174824
-45.0,23,15817.795537
-46.55,47,15818.908386
33.0,50,15819.900219
35.105858,48,15820.827753
-44.42,20,15821.280488
38.176471,25,15821.724549
35.518248,32,15822.448493
-40.71,29,15823.325834
-38.21,26,15823.997662
38.477273,33,15824.659558
44.410596,25,15825.177055
35.906883,27,15825.661794
-37.55,31,15826.263085
-35.51,31,15829.054933
41.315217,36,15829.814282
41.086486,24,15830.332522
35.092063,36,15831.262338
-38.8,23,15831.887707
35.071429,29,15832.479645
45.0,20,15832.823683
-42.0,22,15833.348612
44.054545,21,15833.778178
-41.85,25,15834.225785
39.463414,37,15834.986703
32.935223,31,15835.658401
35.834025,26,15836.420414
33.0,36,15837.292609
-38.56,33,15837.891898
-38.78,26,15838.397602
-39.0,19,15838.739989
-32.35,30,15839.312692
-41.35,32,15842.312417
35.10802,40,15843.243041
38.208171,48,15844.234158
38.415385,33,15844.951721
41.92607,33,15845.611194
-47.82,22,15846.051857
34.961879,29,15846.621202
38.298101,32,15847.231212
41.192771,23,15847.774503
40.282547,32,15848.48844
-39.0,22,15849.084574
-35.05,29,15849.863837
38.890909,33,15850.62011
47.372694,20,15851.018889
-36.0,32,15851.618876
41.001167,24,15852.093741
-44.2,33,15852.688395
38.462264,30,15855.406575
-35.24,26,15855.944436
-45.0,26,15856.4828
-38.61,26,15857.024111
-36.0,26,15857.693272
38.432692,31,15858.231479
35.548276,39,15858.925977
-38.23,22,15859.327298
44.661972,21,15859.743845
36.0,29,15860.335904
-38.42,26,15860.89282
35.875,26,15861.551155
-33.0,35,15862.262238
-32.02,34,15863.13485
-38.04,27,15863.639967
32.526984,41,15864.454295
-32.62,30,15864.979198
-47.56,26,15865.566829
-44.56,28,15868.357589
-38.07,37,15869.304367
-46.53,52,15870.431272
39.0,25,15870.918732
41.243723,28,15871.507029
-36.0,43,15872.74289
43.814992,29,15873.450636
38.174497,25,15874.056534
-35.61,32,15875.054417
35.754513,26,15875.676175
38.193662,23,15876.405645
37.908086,27,15876.938418
-44.5,22,15877.322294
42.0,17,15877.719829
-38.79,30,15878.369725
-37.97,29,15878.94793
35.011278,35,15879.713152
-35.39,35,15882.894655
37.273022,34,15883.668709
38.9,43,15884.547364
41.494297,31,15885.15421
-38.36,24,15885.627642
40.885929,35,15886.342964
-38.38,33,15887.225505
35.70428,29,15887.926306
-42.0,20,15888.434926
38.087452,30,15889.080058
-41.53,23,15889.698816
38.756654,23,15890.189419
41.642674,33,15890.764236
35.842697,25,15891.245006
-41.91,23,15891.666957
-44.14,25,15892.417862
-37.36,33,15893.06615
-43.46,37,15895.99415
-41.38,23,15896.367645
41.389764,24,15896.816505
-41.91,30,15897.370066
-41.61,23,15897.909895
-38.63,35,15898.622178
-42.0,24,15899.194991
41.291667,35,15899.951639
-38.89,29,15900.513449
-35.14,40,15901.303478
35.680135,31,15901.959159
-32.57,37,15902.875845
-35.42,24,15903.39173
37.992701,21,15903.793504
-43.38,24,15904.377787
-41.31,19,15904.767282
-42.98,30,15905.367411
-41.49,34,15906.081984
-38.3,25,15908.93332
-35.92,110,15911.01994
-47.85,15,15911.415248
-36.0,36,15912.171703
35.689076,35,15913.334354
41.317164,34,15914.001208
-32.34,32,15914.620715
-45.0,39,15915.374907
-37.37,30,15915.922786
-32.42,31,15916.489821
33.0,25,15916.990776
38.320245,31,15917.601716
-34.73,30,15918.270409
41.487378,44,15919.397921
-44.16,29,15922.161581
38.893939,42,15922.928497
-42.0,19,15923.268525
-35.21,32,15923.874328
39.0,23,15924.338333
44.241379,20,15924.765484
37.732587,37,15925.72566
-41.5,30,15926.464562
34.141387,36,15927.251594
47.871212,43,15928.098414
36.0,23,15928.581063
41.793594,22,15929.011546
-41.18,22,15929.720665
-35.13,50,15931.122041
39.0,28,15931.869781
-32.19,32,15932.702032
38.319588,34,15933.574523
32.098182,27,15936.314
-41.07,36,15937.009587
-41.53,17,15937.287194
-41.5,32,15937.973777
-32.4,37,15938.752268
-42.0,19,15939.209013
-40.6,39,15940.038003
-39.0,24,15940.513387
41.760933,26,15940.952252
37.37621,26,15941.487343
44.744828,18,15941.878765
-41.15,33,15942.731724
32.205882,36,15943.527163
39.0,28,15944.108341
-38.36,24,15944.586982
-33.0,48,15946.905503
-35.88,32,15947.666102
-39.0,24,15950.980345
39.0,32,15951.593797
-39.0,39,15952.391194
45.0,33,15953.022357
41.168429,44,15953.860305
-41.13,21,15954.296887
-41.54,25,15954.815752
-40.72,29,15955.459395
-40.92,38,15956.247456
41.546125,25,15956.718435
32.313253,39,15957.664937
-41.78,24,15958.241396
-34.76,42,15959.173538
-44.53,26,15959.693135
-44.17,27,15960.220136
-37.55,39,15961.029627
44.269373,35,15964.294395
40.875722,33,15964.924578
-34.79,31,15965.452327
43.92166,32,15966.037692
-38.88,28,15966.514203
38.409449,32,15967.172979
35.882759,28,15967.736614
32.610039,28,15968.297971
-43.92,41,15969.225627
-35.94,41,15970.074713
-37.94,27,15970.711319
38.290816,25,15971.233066
-40.9,31,15971.829828
36.0,47,15972.973015
38.438889,24,15973.666357
-32.24,32,15974.378564
-44.57,34,15977.361014
-32.84,54,15978.340248
-35.81,29,15978.899426
32.189922,41,15979.929809
38.689394,30,15980.689474
-42.0,23,15981.197408
-38.51,27,15981.813787
-38.52,26,15982.432801
44.273504,20,15982.905619
40.422684,26,15983.482513
-38.01,32,15984.26347
-38.03,28,15985.119794
47.530909,28,15985.901137
44.024096,27,15986.531926
35.280769,38,15987.342958
-32.45,41,15988.158472
36.0,36,15991.457303
44.045423,53,15992.348308
38.541818,33,15992.948107
-37.93,32,15993.498664
41.159533,25,15993.944922
-40.46,25,15994.650081
-44.94,30,15995.196971
40.879607,34,15995.792248
-34.92,25,15996.272729
-41.14,30,15996.805707
44.611111,24,15997.309245
-34.76,38,15998.001637
43.528618,27,15998.555502
-41.35,28,15999.053291
44.413933,20,15999.513073
40.19389,17,15999.910056
41.87747,47,16000.783472
42.0,19,16002.953917
40.398206,24,16003.335502
38.903101,18,16003.623296
-39.86,37,16004.365666
41.751111,31,16004.987658
-33.0,28,16005.470986
-35.54,34,16006.101812
-44.67,25,16006.559595
-38.71,34,16007.537165
-34.64,37,16008.186675
41.882576,21,16008.567603
-35.2,112,16011.770908
40.396939,25,16012.168143
44.187755,28,16012.740747
43.979651,30,16013.228677
44.25,29,16015.616838
-47.6,16,16015.874845
-40.14,24,16016.29312
35.24498,38,16016.981727
32.505556,57,16017.970417
-42.0,23,16018.387423
-40.52,25,16018.822598
-41.93,29,16019.389772
43.767709,19,16019.730585
43.570896,20,16020.119205
37.206622,27,16020.603931
40.826366,28,16021.139491
32.335907,32,16021.806836
44.082645,24,16022.349835
-35.33,24,16023.022362
44.20202,27,16023.453377
-38.18,21,16023.806034
32.902439,35,16024.363634
39.0,35,16026.976992
35.216091,29,16027.478338
-41.5,26,16027.964997
32.098182,27,16028.457478
-43.26,25,16028.92623
36.0,32,16029.464087
-34.62,25,16029.880413
-35.95,31,16030.44744
-36.0,39,16031.159011
34.128652,56,16032.132223
-35.69,32,16032.885515
-40.27,27,16033.381975
-38.73,23,16033.769715
-45.46,19,16034.104776
-32.3,26,16034.536299
-34.48,33,16035.061805
42.0,20,16035.349353
32.601626,28,16035.80541
-41.05,28,16038.185943
41.07563,38,16038.817647
38.23458,26,16039.298892
47.987705,18,16039.632526
-37.77,31,16040.213442
41.60707,29,16040.723507
-35.55,30,16041.292253
-41.73,38,16041.999017
-43.5,23,16042.454224
-33.0,63,16043.821652
38.060403,23,16044.168839
-41.0,23,16044.556244
-39.0,29,16045.136229
-41.11,28,16045.642064
41.438312,64,16047.025901
-41.89,29,16047.550438
-47.91,34,16050.011904
35.902878,23,16050.425997
-38.19,27,16050.92165
-37.64,30,16051.430687
-47.01,14,16051.653506
-41.62,51,16052.577686
38.857143,33,16053.198194
38.961131,36,16053.903747
-41.28,38,16054.576818
-35.39,68,16055.677232
35.685921,31,16056.356927
38.594595,20,16056.717125
-34.3,43,16057.611871
-34.63,31,16058.188328
-38.77,52,16061.054214
-41.07,23,16061.492174
37.605058,30,16061.992118
-38.28,32,16062.603424
-38.77,36,16063.259402
-44.14,25,16063.953456
41.325203,22,16064.361629
44.740741,32,16064.934376
41.658333,36,16065.514578
-36.19,24,16065.887566
-41.49,55,16066.816175
-38.37,35,16067.501209
-36.0,28,16068.03291
-43.06,20,16068.559587
-33.0,34,16069.169665
-36.36,30,16069.727578
40.881271,19,16070.074205
35.355556,38,16072.566815
-35.48,29,16073.099924
-36.0,31,16073.651848
44.100179,20,16074.036974
-44.35,21,16074.403466
32.390164,31,16074.9968
32.370107,30,16075.546257
38.207547,22,16075.951337
-35.34,28,16076.369634
32.563636,39,16076.999914
-38.71,24,16077.424244
-43.71,25,16077.858507
-41.26,28,16078.3605
-42.93,50,16079.367162
32.202899,34,16080.052999
-40.9,28,16080.854838
-37.86,26,16081.30881
39.0,25,16083.618026
36.0,26,16084.118212
-44.04,23,16084.539631
32.948276,50,16085.489105
40.697199,22,16085.888815
43.738462,23,16086.298835
-38.43,36,16086.843153
-40.84,27,16087.350378
-38.07,39,16088.021755
-32.65,52,16088.928804
38.720165,17,16089.256409
-41.1,46,16090.095154
41.339623,35,16090.742111
43.742861,29,16091.285454
-34.65,27,16091.866044
-35.59,27,16092.488192
35.264095,26,16092.867676
32.587413,37,16095.458027
-32.59,35,16096.102848
-33.0,30,16096.651693
42.0,26,16097.122834
35.801325,24,16097.555637
44.902724,23,16097.927594
35.187941,32,16098.42269
-35.02,36,16099.0204
38.842742,33,16099.577417
44.413017,31,16100.166879
38.20155,26,16100.610164
-44.3,21,16101.005718
35.567538,77,16102.604035
-45.0,17,16102.903548
-38.54,22,16103.259857
42.0,23,16103.657613
-41.76,39,16106.284605
-42.0,25,16106.720635
-44.48,28,16107.301878
-35.49,29,16107.900769
-43.99,32,16108.437405
35.245856,63,16109.456603
33.0,24,16109.86637
-32.43,38,16110.465775
-38.48,20,16110.843469
-40.66,27,16111.354643
38.340206,30,16111.938269
-35.36,44,16112.736825
32.219595,30,16113.248994
-38.34,28,16113.729662
-35.18,28,16114.191152
32.870504,50,16115.509017
-40.84,36,16118.102575
41.647687,28,16118.620702
42.0,41,16119.302734
-37.33,46,16120.085413
-38.88,39,16120.724023
32.912088,33,16121.280559
41.313433,23,16121.704525
-35.19,32,16122.259226
38.806122,27,16122.762788
38.012048,38,16123.439039
-38.75,36,16124.060282
-35.35,30,16124.642279
-32.38,37,16125.341329
-35.11,36,16126.017874
-38.18,33,16128.511325
40.992246,23,16128.93853
47.454237,25,16129.381567
-35.23,30,16129.872726
47.42807,43,16130.637815
42.0,26,16131.062654
-43.76,33,16131.642282
44.171346,27,16132.094491
-39.77,24,16132.521388
36.789909,36,16133.174419
42.0,19,16133.553336
41.289655,25,16133.967582
-43.93,32,16134.488928
45.0,88,16136.080669
-41.31,28,16136.597037
-38.74,59,16139.682796
35.8,28,16140.197534
-36.0,28,16140.701209
47.433333,19,16141.013371
-40.81,26,16141.411218
-41.29,25,16141.813378
39.0,25,16142.234225
-42.0,28,16142.713235
35.485714,35,16143.36242
-40.42,31,16143.888386
41.675666,57,16144.859856
-40.05,38,16145.46192
37.956463,39,16146.104607
-44.12,53,16147.05674
41.902985,23,16147.600209
31.534221,82,16151.022901
32.313433,29,16151.494919
32.349398,34,16152.063046
38.268199,26,16152.501099
-42.0,28,16152.979018
37.595438,36,16153.690659
-33.0,34,16154.317064
38.714286,33,16154.889264
-38.84,21,16155.143426
32.981081,30,16155.534228
-37.75,36,16156.134295
-43.86,20,16156.446099
38.900398,31,16156.969102
-38.74,31,16157.453173
36.47547,34,16158.28276
-41.89,18,16158.596466
32.508834,34,16159.215163
-39.0,28,16161.721447
-47.26,34,16162.527254
37.754679,45,16163.286564
-40.83,26,16163.722723
-33.0,39,16164.383667
-38.71,25,16164.870947
-35.73,29,16165.388499
-41.81,27,16166.341276
41.122605,27,16166.804966
43.837162,22,16167.12986
-35.33,34,16167.664281
-35.63,31,16168.150972
33.0,30,16168.686848
-32.17,32,16169.281565
-35.43,21,16169.632054
-39.19,36,16170.39242
-40.35,44,16173.257543
-47.09,19,16173.589261
36.0,26,16173.987646
38.348846,31,16174.789537
44.243902,20,16175.144675
41.140684,25,16175.648938
-40.7,24,16176.070566
-42.77,31,16176.643096
40.658249,23,16177.047801
-43.55,24,16177.618992
-41.71,29,16178.112209
36.0,31,16178.610774
-35.57,24,16178.992498
-41.58,30,16179.494926
32.444056,60,16180.647091
43.543,18,16180.974033
-38.54,44,16181.796678
-32.29,31,16182.383676
-44.64,23,16184.647743
39.796752,31,16185.170547
32.489655,50,16186.262667
32.280556,32,16186.865516
-41.87,23,16187.288214
-43.74,24,16187.75965
37.911932,33,16188.339077
-32.19,45,16189.068994
-30.0,29,16189.566087
-38.45,22,16189.965798
-41.31,23,16190.351874
-45.0,22,16191.262874
-35.31,29,16191.767239
-38.43,29,16192.330506
-38.36,28,16192.851038
40.825297,25,16193.315076
-35.05,37,16194.132921
40.986842,32,16196.610473
-32.86,40,16197.376652
39.0,27,16197.874579
35.573585,34,16198.434804
-44.11,26,16198.861046
-32.65,31,16199.372298
38.277027,20,16199.676245
-39.0,26,16200.130219
-38.74,23,16200.653823
-38.42,33,16201.273978
-47.4,15,16201.573793
39.574567,31,16202.119208
-39.0,17,16202.417807
-36.0,24,16202.850511
32.400778,28,16203.380239
-42.94,23,16203.778617
-45.0,24,16204.200057
-33.0,34,16204.823545
-42.79,34,16205.419814
42.0,31,16207.852403
-41.48,27,16208.342162
-40.05,28,16208.779036
-47.5,19,16209.099246
38.157556,22,16209.59646
35.083333,26,16210.081422
-43.9,25,16210.51312
36.0,28,16211.01643
32.951128,36,16211.677018
-39.0,26,16212.154668
-41.76,37,16212.841404
35.232558,33,16213.429961
35.052486,26,16213.907969
-38.59,36,16214.537819
-41.18,44,16215.36167
-36.0,29,16216.03097
-44.59,33,16216.577491
-35.53,29,16219.040289
36.997114,28,16219.48229
32.47138,32,16220.041088
44.416667,17,16220.327758
-40.05,25,16220.697894
-33.0,41,16221.48749
42.0,14,16221.74135
-32.3,74,16223.085694
-41.74,20,16224.496279
-36.0,24,16224.947014
-35.11,45,16225.765837
-44.42,21,16226.205425
-34.97,30,16226.769438
35.379061,28,16227.26031
38.947853,28,16227.701026
33.0,24,16228.115164
35.064748,31,16228.600922
-35.65,25,16230.867031
-41.21,27,16231.373872
41.523179,23,16231.854513
31.780156,44,16232.658674
-44.16,40,16233.398323
-43.96,23,16234.037252
-37.57,27,16234.565718
-39.0,25,16235.035349
-37.92,29,16235.586114
44.70442,61,16236.694759
38.856574,29,16237.405831
41.973384,20,16237.748397
-43.4,24,16238.178174
-39.97,39,16238.802528
-35.14,30,16239.291635
-32.14,41,16240.542405
-44.23,17,16240.834682
38.764505,34,16243.425093
-35.62,30,16243.966644
-44.04,22,16244.404828
-32.18,34,16245.052152
-35.47,40,16245.756046
-42.0,22,16246.149561
41.27037,28,16246.665853
42.0,24,16247.098438
38.902985,23,16247.505988
-36.0,37,16248.153765
-39.0,31,16248.727305
35.096899,39,16249.367016
32.834286,63,16250.377051
-48.0,35,16250.977912
-37.68,22,16251.300584
41.017021,24,16251.708344
40.860661,23,16254.015592
-43.62,20,16254.369262
38.797521,28,16254.927017
33.0,35,16255.538604
41.704861,21,16255.949914
-40.78,31,16256.510606
-43.69,22,16256.910867
35.220597,34,16257.673361
38.977375,32,16258.317832
-43.73,32,16259.176771
-35.1,28,16259.654746
43.083299,32,16260.190135
35.679398,32,16260.704835
-36.0,28,16261.175454
-40.28,29,16261.650068
40.438724,27,16262.107169
-41.1,23,16262.491232
32.079422,27,16262.953628
44.160784,23,16265.368787
44.513619,27,16265.849447
40.602121,27,16266.527091
44.493976,22,16266.996897
-41.19,39,16267.655279
35.064137,28,16268.15082
-38.06,28,16268.729053
-35.74,38,16269.411251
-38.82,106,16271.437735
37.882854,29,16271.966583
41.036398,29,16272.444109
32.900383,34,16272.977417
-44.79,39,16273.628675
-47.45,18,16273.943922
35.07393,29,16274.419276
-32.08,37,16277.107848
44.311511,26,16277.623978
-41.54,23,16278.014937
37.485917,36,16278.703295
38.314617,36,16279.36093
38.680147,21,16279.746318
-41.28,33,16280.316916
-35.56,51,16281.181341
-33.0,37,16281.902171
-32.31,34,16282.527983
-34.64,31,16282.981247
34.478392,51,16283.785704
-41.74,22,16284.138677
35.26506,32,16284.667956
-41.13,29,16285.260917
40.450909,35,16287.928831
35.12959,26,16288.428758
-37.63,45,16289.304904
36.0,33,16290.123613
38.272535,37,16290.949496
34.959448,34,16291.586913
-38.44,26,16292.069756
-39.0,23,16292.467829
40.246547,24,16292.907023
-36.49,36,16293.514186
-38.05,23,16293.875722
-41.38,27,16294.42638
-38.61,25,16294.826335
-35.34,27,16295.317873
-30.0,33,16295.889987
41.204861,25,16296.396177
-35.29,26,16296.852531
-33.0,34,16299.514924
46.32368,32,16300.189397
38.250951,31,16300.751983
-42.0,30,16301.296713
-35.86,32,16301.940998
-38.3,24,16302.484059
-32.85,24,16303.216894
38.505455,21,16303.743729
33.0,34,16304.596258
40.974574,33,16305.48611
35.52549,31,16306.224946
-38.06,29,16306.776873
37.164679,32,16307.453942
41.42069,22,16307.873667
-38.88,31,16308.48618
-32.24,34,16309.472263
-38.27,30,16310.045491
-39.41,28,16310.582035
-32.02,33,16313.276322
32.338983,35,16314.028761
43.836224,56,16315.380563
41.12381,29,16315.948005
-38.04,28,16316.653993
-35.6,37,16317.358332
42.0,19,16317.698578
-33.0,32,16318.225001
35.008439,31,16318.755447
31.754079,49,16319.683533
-32.5,36,16320.272103
-32.07,37,16320.943785
-37.92,27,16321.459582
-39.0,27,16322.019373
32.896429,26,16322.534568
32.153846,30,16325.113606
-40.53,26,16325.588531
-38.91,39,16326.333935
-39.0,27,16326.930105
34.813808,111,16328.963719
-34.49,35,16329.731183
-44.78,21,16330.112669
35.687243,28,16330.614354
41.277778,28,16331.087357
-41.11,31,16331.619964
-38.81,25,16332.158835
-37.83,25,16332.610227
38.328063,29,16333.153231
41.233333,35,16333.814967
-39.0,20,16334.166919
-35.46,26,16336.857348
35.13592,33,16337.503018
35.151724,26,16337.969531
-34.54,30,16338.465995
-44.49,17,16338.806225
-32.38,40,16339.503836
33.0,30,16340.008638
-35.35,29,16340.52582
46.452721,34,16341.055038
-40.98,21,16341.418112
41.694534,20,16341.743157
-41.08,24,16342.157317
38.212851,30,16342.916395
42.0,29,16343.504399
-41.17,22,16343.935028
32.081301,51,16344.868702
-38.5,33,16345.466088
38.297383,45,16348.367491
43.755983,51,16349.3385
38.096925,33,16349.983205
44.243319,24,16350.376266
35.224806,44,16351.068997
-41.39,26,16351.464023
-32.5,29,16351.912022
-35.01,30,16352.356331
-35.8,25,16352.724871
-38.71,34,16353.337524
-37.66,36,16354.294623
44.689655,30,16354.882767
38.781469,28,16355.400597
-34.27,34,16356.056909
44.507576,23,16356.475472
-43.65,19,16356.876795
-38.03,25,16357.360776
35.009554,30,16360.135062
-38.77,24,16360.623218
-37.94,36,16361.324455
-32.97,37,16362.140123
-41.49,23,16362.472146
-32.1,33,16362.960915
-42.0,21,16363.361046
40.798913,28,16363.794547
43.889734,37,16364.487471
-37.31,30,16365.111879
-47.1,20,16365.523715
-32.45,30,16366.174703
38.728155,30,16366.969607
38.213817,35,16367.637416
-41.32,29,16368.123166
43.913232,24,16368.611333
-32.81,34,16369.195815
-38.3,28,16371.753166
-44.51,22,16372.166988
34.918267,40,16372.982352
-45.0,24,16373.380907
-36.0,25,16373.834386
35.460606,27,16374.310318
43.115552,37,16374.887794
41.910204,23,16375.26926
41.287114,27,16375.729993
32.241158,37,16376.355596
-44.11,25,16376.799994
36.0,36,16377.512992
32.37457,45,16378.377924
32.490494,27,16378.87808
-40.67,26,16379.356119
38.246622,24,16379.823969
-47.33,18,16380.156562
32.022388,32,16380.762393
42.0,30,16383.480529
-38.57,23,16383.885853
-41.07,30,16384.382554
38.555133,32,16384.926038
-35.65,32,16385.441236
-42.0,26,16385.838258
-38.71,33,16386.453298
44.057554,31,16387.171276
41.323804,34,16387.704222
38.833977,25,16388.183218
38.059701,32,16388.776021
-38.92,21,16389.106227
-35.88,32,16389.683884
-38.05,27,16390.209609
-35.77,37,16390.872169
-35.3,27,16391.37882
35.547511,31,16392.110476
39.0,19,16392.50756
-38.91,28,16395.944351
43.353923,18,16396.228858
44.922807,34,16396.770629
34.998099,27,16397.193639
-32.91,44,16397.888038
-41.15,24,16398.321434
-32.76,43,16399.087401
-35.35,27,16399.571255
38.715625,23,16400.03886
-44.14,19,16400.379029
-38.44,41,16401.081716
-36.0,45,16401.956574
-37.91,31,16402.584003
-35.23,36,16403.406728
40.742666,36,16404.102717
-32.72,31,16404.761353
-32.03,32,16407.183519
-41.77,38,16407.810555
-38.22,29,16408.322685
36.0,28,16408.809272
-40.71,31,16409.33228
-37.91,31,16409.904268
42.0,26,16410.424509
35.5,37,16411.115311
38.653992,26,16411.813514
44.1,25,16412.308575
33.0,28,16412.815699
-44.39,55,16413.796058
-30.0,31,16414.344007
35.597701,31,16414.884986
-38.11,26,16415.360097
36.0,27,16415.827824
-38.5,37,16418.544466
35.054054,32,16419.079335
-34.92,30,16419.632414
-35.11,37,16420.283723
-38.67,39,16421.095067
-35.39,34,16421.738297
-36.0,44,16422.61418
37.621456,27,16423.15893
-44.55,28,16423.655371
-41.51,30,16424.176133
-44.14,33,16424.853513
38.730337,31,16425.432622
-35.35,37,16426.15518
-37.74,33,16426.806922
41.708455,25,16427.296435
38.352349,29,16427.816953
35.437262,21,16430.025168
-33.0,46,16430.82741
37.946632,22,16431.229699
-35.04,39,16431.926871
37.475024,47,16432.807321
-36.0,28,16433.293846
44.404984,19,16433.66256
-39.0,30,16434.215217
43.574692,30,16434.819969
-47.68,57,16435.8757
32.126168,28,16436.393134
-40.58,24,16437.027773
-41.88,29,16437.644686
35.550388,23,16438.089313
42.0,24,16438.519523
-40.89,20,16438.914592
32.078125,43,16441.499096
38.136531,24,16441.912518
-35.13,36,16442.625177
-44.12,26,16443.103962
35.854167,29,16443.796275
-35.74,39,16444.475419
-40.98,27,16444.995746
-38.35,33,16445.593569
32.478599,36,16446.268926
37.081615,28,16446.74653
-38.75,22,16447.214255
41.037369,27,16447.702676
-41.45,27,16448.298124
-38.18,30,16448.955073
-38.74,38,16449.818175
36.0,22,16450.291721
-39.0,24,16450.905159
36.0,37,16453.679592
38.46124,28,16454.237221
-40.34,29,16455.022022
42.0,40,16456.022578
-34.64,34,16456.809066
-41.38,40,16457.689931
-38.76,29,16458.495568
-41.43,33,16459.300495
-39.0,59,16460.650807
-33.0,32,16461.352798
-42.0,35,16462.080401
44.381323,26,16462.704023
-40.7,42,16463.769951
-41.53,23,16464.262906
40.669566,30,16464.831316
-44.47,23,16465.307591
41.8,32,16467.855186
-41.07,29,16468.379155
-45.0,23,16468.790062
-35.37,20,16469.18096
-38.08,35,16469.844812
44.859316,21,16470.304444
-46.81,26,16470.850363
39.0,53,16472.024462
41.527094,21,16472.418452
32.211538,41,16473.165121
43.208524,25,16473.667616
-41.64,31,16474.203336
43.57758,27,16474.688027
32.385666,36,16475.743245
-36.0,32,16476.270257
-44.03,20,16476.563901
-36.0,43,16477.265845
-32.37,31,16479.768878
-40.41,36,16480.443652
41.048844,30,16481.014623
-38.73,50,16481.950357
-37.17,30,16482.513426
41.2,30,16483.130536
35.522648,31,16483.749462
-44.33,22,16484.158055
-42.91,25,16484.649889
-38.6,27,16485.146208
42.0,24,16485.601567
37.230909,25,16486.119806
-34.39,32,16486.688477
-38.63,31,16487.275218
38.327645,28,16487.606486
-37.88,37,16488.425934
42.0,18,16488.717297
-41.01,29,16491.257193
30.0,30,16491.804145
41.450893,21,16492.238078
41.788079,32,16492.994336
47.288809,20,16493.337058
38.34375,29,16493.944948
-34.88,35,16494.642658
-35.77,28,16495.169069
-47.22,14,16495.438249
38.620818,35,16496.174281
-38.17,23,16496.796601
38.613941,25,16497.30382
33.0,45,16498.301712
-36.0,39,16499.385909
32.869403,36,16500.003307
-47.91,26,16500.481354
39.0,29,16501.003135
40.283898,26,16503.725066
-41.03,35,16504.440237
-32.47,31,16505.112677
38.293173,27,16505.682244
-38.08,32,16506.278369
38.274194,31,16506.895633
41.714286,46,16507.758691
-35.84,27,16508.29624
39.0,37,16509.038984
-42.0,31,16509.555515
-38.5,48,16510.476519
-38.81,39,16511.345676
-33.0,53,16512.285542
38.130282,25,16512.69135
-37.69,27,16513.109202
33.0,27,16515.617031
-40.51,27,16516.199333
-40.89,22,16516.491472
-38.68,39,16517.246095
-39.0,32,16517.831924
-38.64,30,16518.404126
-47.43,27,16518.911811
44.52459,22,16519.325022
38.523179,23,16519.788034
-42.0,27,16520.515149
35.953704,32,16521.047364
-32.26,36,16521.622334
-41.28,23,16522.012295
-38.88,29,16522.494764
-33.0,33,16523.098654
44.065116,20,16523.628876
32.901235,41,16524.39384
43.541715,24,16524.802256
38.516588,35,16527.505775
-32.45,44,16528.256718
37.783232,75,16529.621402
-40.73,27,16530.180454
44.712177,41,16530.98982
-39.0,28,16531.542529
-44.19,16,16531.850389
-39.0,26,16532.306852
37.976854,34,16532.926923
-38.23,26,16533.340938
-41.48,23,16533.889178
-44.06,31,16534.423363
-38.03,37,16535.088512
39.0,25,16535.496241
-35.7,29,16536.025684
-38.39,47,16538.885697
32.933566,46,16539.792524
41.782609,77,16541.282429
-45.76,22,16541.702471
-45.0,25,16542.125523
44.317241,32,16542.701712
47.5,35,16543.318175
-41.49,28,16543.849021
-41.58,20,16544.214702
32.670068,32,16544.838083
41.48062,23,16545.475008
-34.49,49,16546.273746
-38.19,42,16547.222451
-32.39,35,16547.792185
35.850467,34,16550.641588
36.0,30,16551.224
-46.3,29,16551.868902
-38.5,27,16552.433774
-35.43,34,16553.095752
-45.0,22,16553.539474
38.701493,28,16554.125637
-47.16,40,16554.844295
42.813262,24,16555.286783
34.677778,32,16555.99821
47.258278,20,16556.408526
-44.83,26,16556.973204
-47.47,28,16557.503148
37.728682,32,16558.064944
35.902724,24,16558.473935
43.9,46,16559.231114
33.0,29,16559.80195
38.212163,36,16560.520968
-33.0,37,16563.289613
-35.5,32,16563.898877
-36.0,33,16564.555238
-32.58,42,16565.349288
33.0,30,16565.866696
-38.3,22,16566.239017
33.0,30,16566.723517
-38.93,23,16567.071368
-40.1,28,16567.526062
-41.1,31,16568.104614
35.777174,27,16568.507944
38.662745,26,16568.956563
-35.84,22,16569.373525
-41.31,22,16569.820618
-44.51,30,16570.333269
35.855019,37,16571.101067
44.560069,23,16571.534227
38.564576,28,16574.073124
-41.7,24,16574.511343
37.648998,27,16575.018791
32.664122,38,16575.766623
44.698529,23,16576.413515
37.560981,27,16577.024889
-44.54,25,16577.412996
33.0,34,16577.986959
44.801471,24,16578.354799
-40.61,36,16579.210612
-38.28,25,16579.709607
-44.03,24,16580.131163
-44.18,30,16580.69217
-38.53,28,16581.143808
-44.47,18,16581.39815
-42.26,26,16581.849691
38.633333,29,16582.36463
35.611801,33,16583.043613
-38.38,29,16583.579315
-38.34,23,16586.0769
38.084337,31,16586.634206
36.0,31,16587.206652
-38.73,29,16587.750833
-41.27,23,16588.169448
-38.79,27,16588.609612
38.055556,29,16589.104718
-36.0,27,16589.502793
37.687409,30,16590.068948
-40.6,26,16590.541452
38.820513,37,16591.176129
35.011321,32,16591.692655
40.598528,21,16592.054667
-33.74,31,16592.597368
-39.0,25,16593.085263
-37.59,45,16593.925287
-41.01,34,16594.529763
-39.0,24,16597.000773
-38.61,24,16597.423995
41.788162,16,16597.755597
42.0,23,16598.17328
-35.67,26,16598.671643
-42.0,24,16599.126862
39.0,27,16599.879343
-32.59,24,16600.287647
-41.81,29,16600.803506
34.167604,38,16601.537807
-38.81,25,16602.057094
-32.86,31,16602.663589
44.653951,32,16603.469393
-38.17,29,16603.952995
38.997118,32,16604.548153
38.143302,33,16605.191564
-38.38,22,16605.624993
41.147059,28,16606.137821
-45.0,23,16606.555464
-41.42,27,16609.085611
37.589219,28,16609.601878
-44.52,29,16610.139239
32.878327,39,16610.813371
-38.35,28,16611.293443
-32.13,34,16611.867383
35.252768,52,16612.824178
41.620939,20,16613.153013
32.017986,34,16613.692292
38.735849,35,16614.379635
37.976911,29,16614.925524
-41.36,37,16615.591766
41.337121,21,16616.015473
-44.07,29,16616.527229
34.410729,32,16617.093519
38.027027,23,16617.561639
32.370629,40,16620.288455
-44.63,38,16620.967011
41.25,24,16621.35789
-41.44,23,16621.713976
36.0,26,16622.115933
-38.14,24,16622.537916
-41.08,26,16622.984303
38.035152,30,16623.523503
32.31338,45,16624.283539
-43.72,46,16625.003193
35.298113,36,16625.884003
-32.15,33,16626.430924
41.181481,29,16626.985653
41.084337,24,16627.494866
42.0,25,16628.029429
38.066929,29,16628.535758
-41.12,32,16629.317013
41.474074,22,16631.821288
32.586345,35,16632.376364
-39.0,25,16632.784342
44.595308,17,16633.09272
-32.68,37,16633.70194
47.683019,24,16634.155447
-44.73,24,16634.560072
44.178423,27,16635.224441
-44.65,19,16635.564874
44.251724,26,16635.97863
41.724576,30,16636.476495
-40.24,42,16637.239536
-32.82,32,16638.095577
40.897887,20,16638.525227
41.178182,31,16639.117143
-32.46,35,16639.748527
-40.56,22,16640.176117
36.0,33,16640.746089
41.281742,28,16643.244712
35.696793,31,16643.745831
-38.38,41,16644.476059
-41.6,24,16644.949525
-36.49,32,16645.532263
-39.0,24,16645.929932
-43.42,21,16646.283476
35.082645,30,16646.73312
-40.89,23,16647.143491
-39.24,28,16647.784869
32.515789,46,16648.940066
-38.51,28,16649.482344
-38.3,30,16650.02706
43.189931,33,16650.642895
32.902985,21,16651.030267
31.864807,48,16652.248962
-32.61,29,16652.862424
44.539326,20,16655.226401
37.362671,33,16656.04669
-38.44,24,16656.521505
35.525926,27,16657.031626
-44.17,23,16657.426
-45.0,51,16658.261434
34.663741,26,16658.670969
32.744681,42,16659.450542
-47.57,17,16659.794989
-32.41,67,16661.200963
36.0,30,16661.753002
32.638889,27,16662.321711
40.684685,29,16663.104467
-44.61,23,16663.556673
35.109312,26,16664.209645
-35.99,35,16664.914606
-37.06,26,16665.390957
41.876596,25,16667.965308
37.803584,33,16668.714859
37.641728,95,16670.527774
-35.72,73,16671.887083
-41.73,26,16672.373755
-34.26,34,16673.199691
41.269784,25,16673.687929
44.32852,25,16674.154517
44.236414,46,16675.057598
-40.3,27,16675.696813
41.570833,23,16676.128151
39.0,27,16676.599994
38.563467,28,16677.061303
32.767677,61,16680.452902
-34.56,28,16681.02696
-44.32,20,16681.452093
-38.66,29,16682.090511
32.692308,37,16682.744915
41.607407,22,16683.165593
-44.5,24,16683.682585
41.286207,26,16684.484592
-32.23,38,16685.378043
-41.87,27,16686.060139
46.408206,49,16687.187789
-44.04,60,16688.980766
41.398374,24,16689.702085
-39.0,22,16690.178183
-38.14,30,16690.928088
38.932203,28,16691.475182
-38.37,30,16694.193786
-44.1,23,16694.579294
32.291815,33,16695.26277
41.352761,23,16695.689581
38.528302,30,16696.407533
46.652335,21,16696.795696
-35.83,33,16697.362354
40.438989,27,16697.825575
37.636364,33,16698.557582
-38.06,35,16699.330595
-43.37,31,16700.1335
-33.0,43,16701.043163
-44.43,21,16701.43627
38.386207,25,16701.915888
-45.35,32,16702.571851
-35.05,41,16703.285355
38.125,25,16703.689987
-40.53,34,16706.275186
38.33119,22,16706.732785
41.072917,22,16707.06701
44.317164,21,16707.394044
-32.47,31,16707.971045
32.55,28,16708.44417
-38.68,32,16709.000398
-35.04,30,16709.58462
33.0,25,16710.053749
-39.0,24,16710.677821
-38.58,25,16711.194298
32.887372,31,16711.733896
-35.91,27,16712.256046
-38.82,34,16712.910769
34.920074,26,16713.457918
-35.63,30,16714.071023
-35.2,24,16714.489582
35.900735,28,16714.923286
38.41791,26,16715.340605
32.069231,31,16717.95389
41.369492,22,16718.324172
41.439929,22,16718.709851
-33.0,25,16719.144724
32.178886,27,16719.57615
35.444444,36,16720.174459
38.149466,28,16720.663156
38.353363,27,16721.140793
42.0,21,16721.566237
38.277954,26,16722.059692
-40.6,26,16722.549057
-42.0,24,16722.986939
-41.15,24,16723.523216
-40.16,30,16724.115547
-38.16,28,16724.702025
32.624549,28,16725.248307
43.665706,41,16725.962169
-38.51,32,16726.590112
-32.29,43,16729.36667
-41.14,29,16729.835577
-38.0,51,16730.672065
41.253521,29,16731.223249
38.787546,28,16731.728122
-32.9,34,16732.353855
44.723404,26,16732.852365
38.804688,33,16733.51122
47.297619,42,16734.357304
-41.14,24,16734.832877
-39.0,22,16735.248099
38.159259,30,16736.036091
-32.39,42,16736.678107
43.196239,32,16737.175403
-37.71,28,16737.61697
38.883738,58,16740.773432
44.566802,25,16741.208021
44.068323,28,16741.690517
-31.91,33,16742.239221
35.643917,29,16742.752238
-32.64,37,16743.442595
43.535142,19,16743.830134
-34.53,36,16744.473791
-41.19,38,16745.166922
41.208494,39,16746.256063
41.774648,25,16746.711099
43.072336,31,16747.213535
-32.81,28,16747.656394
-32.07,33,16748.222148
-35.02,41,16748.927725
38.028455,28,16749.485462
44.020576,18,16749.854822
-32.62,47,16752.638883
-35.03,38,16753.305693
-36.0,25,16753.798904
-41.31,26,16754.320201
-41.67,30,16754.838394
-45.0,20,16755.220606
42.0,17,16755.536214
37.613771,28,16756.077432
32.493776,32,16756.666706
35.804124,31,16757.243303
-41.7,27,16758.133798
35.846154,27,16758.627175
40.507387,20,16758.957285
36.0,22,16759.331689
-32.44,41,16760.034874
-41.47,22,16760.474399
39.768178,22,16760.922319
41.279412,26,16761.429699
-41.24,31,16763.835637
33.0,24,16764.285117
35.805447,25,16764.74826
42.0,22,16765.077979
-38.14,26,16765.562565
36.0,30,16766.06893
46.364272,55,16767.091422
38.651064,34,16767.90849
-44.27,25,16768.397132
-38.52,25,16768.877063
-35.04,32,16769.517343
42.0,25,16769.941999
38.717585,28,16770.447104
-38.43,30,16770.938509
35.376923,21,16771.334676
-38.29,28,16771.865923
-34.4,64,16773.083671
-34.91,34,16775.536988
-32.24,35,16776.048622
-44.67,21,16776.460596
-43.58,15,16776.756849
-35.61,35,16777.418666
-44.56,17,16777.734723
44.573727,35,16778.351607
44.607273,32,16778.933314
37.83422,33,16779.56361
-32.76,37,16780.267362
-42.0,50,16781.132471
-40.05,31,16781.673657
-34.9,30,16782.21083
35.189831,24,16782.621504
41.47651,33,16783.246694
41.014274,29,16783.806379
-40.28,40,16786.840147
40.83115,25,16787.362084
-32.57,25,16787.824664
38.253205,23,16788.361574
38.5,36,16789.207383
35.218638,28,16790.156445
32.56654,39,16791.055089
-45.0,20,16791.884876
38.057762,28,16792.569735
44.103284,25,16793.069733
35.676364,28,16793.644784
34.174293,31,16794.932469
31.944867,67,16796.676259
-44.8,22,16797.089531
35.167273,30,16797.746034
44.601286,22,16798.225505
40.654135,21,16798.728755
-32.67,34,16799.476538
32.763566,49,16802.641866
35.626415,35,16803.369668
38.004739,31,16804.092665
-32.81,29,16804.837227
-41.72,19,16805.207389
32.436137,28,16806.153976
-33.0,29,16806.912941
37.756654,22,16807.454925
-41.29,30,16808.119903
43.950854,30,16808.723355
35.377953,28,16809.290111
41.902685,27,16809.937771
-41.72,20,16810.443894
-42.66,20,16810.931401
-38.55,31,16811.651546
44.007134,38,16812.500191
44.171206,26,16813.067466
38.541818,34,16815.672831
47.291925,24,16816.076967
47.400722,20,16816.442972
41.422764,26,16816.967151
41.792507,29,16817.520397
41.902439,26,16818.012874
-40.67,28,16818.55212
-41.71,24,16819.159877
41.631034,26,16819.625002
44.810185,23,16820.050866
-38.13,35,16820.696547
-38.66,37,16821.549161
35.21223,46,16822.501151
44.405724,30,16823.087031
38.752768,50,16824.078839
-35.27,24,16824.647156
35.5,39,16825.50141
-47.18,24,16827.908377
-33.0,35,16828.551927
35.680556,30,16829.136761
-35.84,23,16829.598418
47.958763,37,16830.347684
38.121173,25,16830.82851
39.0,25,16831.319873
35.34632,32,16831.900093
36.0,43,16832.731311
33.0,31,16833.39714
35.18705,30,16833.99588
-35.91,28,16834.589361
36.0,25,16835.121258
-35.41,29,16835.710766
-38.39,28,16836.256878
-37.97,49,16837.361912
-44.31,17,16837.844114
44.414545,24,16840.554028
32.5,36,16841.229296
-35.17,29,16841.76358
-40.72,21,16842.382826
-32.38,30,16842.939582
-44.18,28,16843.456593
43.781955,37,16844.051777
-41.08,24,16844.492025
-33.0,30,16845.005636
34.511849,26,16845.457637
41.392593,22,16845.882006
-42.0,21,16846.266595
-37.34,28,16846.877817
-44.21,23,16847.739837
-37.58,41,16848.658022
40.897405,44,16849.783041
-40.82,29,16850.386283
-38.33,26,16850.888752
35.112403,27,16853.849607
39.817235,25,16854.406436
-34.57,35,16855.128772
42.0,25,16855.691507
-44.18,30,16856.334687
-38.59,77,16857.704881
-34.86,32,16858.316326
-39.0,29,16858.946825
-38.58,45,16859.842794
43.418246,36,16860.562746
-43.74,20,16860.98873
-45.24,26,16861.484274
46.612878,20,16861.891575
-39.0,65,16863.241335
-35.01,25,16863.759155
32.925697,31,16866.346804
-38.81,28,16866.952107
38.801047,25,16867.454927
-35.73,39,16868.182597
-32.99,43,16869.030388
38.460751,87,16870.670269
-44.4,28,16871.404536
-44.24,26,16872.534079
-40.6,37,16873.295211
-39.0,28,16873.847827
-35.43,27,16874.384908
-44.44,21,16874.820504
-40.48,30,16875.441844
-35.2,40,16876.172719
-32.82,49,16879.131439
-38.32,27,16879.782078
37.4876,33,16880.524872
43.678108,39,16881.528027
37.842737,30,16882.127628
-40.86,22,16882.591801
39.787313,26,16883.062288
-39.0,32,16883.67047
-32.04,55,16884.761224
33.0,32,16885.357523
-39.0,19,16885.77061
43.52069,32,16886.349942
-38.1,60,16887.688167
-42.0,20,16888.112105
-30.0,59,16889.220487
-41.63,27,16891.974774
40.26306,28,16892.471577
39.0,33,16893.098208
41.375,26,16893.565454
-39.0,36,16894.383414
-38.56,34,16895.117079
-41.07,25,16895.703472
38.646667,28,16896.311027
41.395604,33,16897.267449
-44.57,28,16897.879973
-47.13,14,16898.18605
-40.04,24,16898.80912
35.751852,33,16899.694497
35.101167,30,16900.368548
41.013333,22,16900.940447
37.605691,33,16901.544708
-32.6,31,16902.139257
-38.09,29,16904.535171
-35.61,24,16904.876715
41.647059,30,16905.407244
-33.0,33,16905.989824
-35.26,36,16906.734635
41.446602,27,16907.315185
-41.56,36,16907.973899
-38.36,31,16908.700196
-41.59,28,16909.354576
38.284768,31,16909.932374
32.548287,34,16910.593346
38.681672,22,16910.996891
35.093333,25,16911.465437
-41.53,29,16912.07517
32.403292,33,16912.694371
-38.2,34,16913.370447
-42.0,28,16913.822541
-38.02,30,16916.233887
-41.62,21,16916.628513
-41.43,20,16917.022018
-37.8,41,16917.748301
34.454959,37,16918.46115
32.637931,40,16919.195287
-38.76,39,16919.94813
37.6625,21,16920.398018
-46.37,27,16920.880969
43.198885,25,16921.37924
-44.04,34,16922.050087
39.0,28,16922.541946
35.740741,29,16923.118019
-34.53,26,16923.630125
-37.14,24,16924.097721
-41.03,20,16924.477683
-37.29,36,16925.165076
38.844106,29,16925.637342
44.149351,21,16927.865348
-44.44,27,16928.342607
33.0,23,16928.896129
38.015699,30,16929.600039
37.687916,49,16930.599253
-36.0,26,16931.082764
44.285211,31,16931.625664
-35.7,31,16932.208377
32.423488,36,16933.051954
-38.12,33,16933.703922
-40.48,27,16934.477108
-39.0,45,16935.343184
-43.71,30,16935.909081
-48.0,23,16936.382545
-41.8,30,16936.976929
32.429134,43,16937.794366
-41.54,26,16940.184057
38.875,27,16940.626625
40.453804,29,16941.212122
35.465035,30,16941.743129
32.029032,33,16942.36833
38.160078,33,16942.927593
39.99196,47,16943.925118
-43.3,18,16944.300564
-40.0,31,16944.922482
-43.62,20,16945.33762
37.880324,29,16945.944993
-32.76,49,16946.924526
39.0,28,16947.447645
40.719353,32,16948.033615
35.632727,33,16948.597423
32.230216,38,16949.207589
-38.48,25,16949.622857
35.902778,34,16952.125226
-39.0,23,16952.613327
-32.73,48,16953.886373
41.130291,38,16954.649831
-38.39,27,16955.120921
40.938784,23,16955.54185
43.308397,27,16956.061839
-36.0,30,16956.721653
48.0,13,16956.983329
-41.53,27,16957.531174
-32.04,30,16958.111058
-43.86,23,16958.772837
32.804688,39,16959.489655
39.0,27,16960.007828
-32.19,35,16960.668425
35.301255,28,16961.361398
-41.59,21,16961.695131
40.085458,26,16964.102206
-38.76,25,16964.626722
-38.48,33,16965.307179
-35.61,28,16965.861358
35.337461,66,16967.35578
44.172414,25,16967.865004
-44.51,18,16968.266084
-44.86,41,16969.042575
-32.7,28,16969.625865
-32.16,30,16970.315741
-44.19,27,16970.875925
38.5,56,16971.886113
44.315556,21,16972.265962
-35.47,32,16972.76476
35.8,30,16973.269183
-41.89,21,16973.647535
-41.9,46,16976.481742
-38.1,28,16977.023799
35.762943,31,16977.661256
-43.94,18,16977.969021
-38.58,25,16978.466727
41.18565,23,16978.920405
38.087866,30,16979.498671
-32.18,38,16980.262192
-38.61,34,16980.939606
-44.03,34,16981.590528
37.452076,22,16982.007814
39.704414,31,16982.623635
-38.19,36,16983.186544
32.328185,32,16983.726451
47.659091,20,16984.094315
41.631579,25,16984.463307
36.0,36,16985.090164
41.694545,26,16985.705538
34.884645,32,16988.490702
38.681319,31,16989.092943
37.145222,33,16989.750687
32.004065,38,16990.437364
35.49115,30,16991.564133
38.5,29,16992.101862
-41.55,31,16992.714957
-37.82,31,16993.308755
42.0,31,16993.904839
32.2,26,16994.41274
39.927299,43,16995.258986
-35.81,29,16995.782076
-46.65,27,16996.23072
35.305147,30,16996.734004
-39.0,34,16997.334315
-34.59,33,16997.94503
-40.83,29,17000.556837
-38.54,26,17000.993551
-40.62,35,17001.564471
-38.74,25,17002.091477
47.010909,21,17002.473312
-43.97,24,17002.821285
31.695513,37,17003.506549
-30.0,35,17004.195715
41.010909,23,17004.643536
32.091255,30,17005.234324
-41.73,30,17005.815645
-37.74,33,17006.459886
-38.46,24,17006.893465
38.002181,22,17007.283879
32.042146,41,17007.903416
37.454203,29,17008.350435
-32.0,30,17008.842494
41.20608,24,17009.241248
-37.94,33,17011.780282
-36.0,31,17012.475023
-35.45,37,17013.28673
41.174797,30,17014.049337
38.509363,21,17014.490632
40.793216,22,17014.950492
-40.26,33,17015.675772
39.0,32,17016.320647
-39.0,30,17016.991371
-41.36,25,17017.491581
44.767802,20,17017.882062
-38.38,65,17019.714753
-41.73,30,17020.257614
38.223827,27,17020.717729
-40.8,27,17021.262462
34.974453,40,17022.12911
32.552486,41,17025.045565
30.0,50,17026.03786
41.509375,28,17026.557051
-39.0,31,17027.20006
33.0,33,17027.84949
-44.37,20,17028.207133
-40.47,38,17028.940094
35.80625,26,17029.43221
-33.0,33,17030.062118
36.0,45,17030.773751
41.834646,28,17031.294695
38.519148,29,17031.765911
33.0,57,17032.935519
40.072243,38,17033.661372
-47.14,16,17033.981045
-43.51,33,17036.636531
44.538153,17,17036.95168
33.0,34,17037.658769
-38.16,32,17038.404267
-38.48,25,17038.878903
-35.53,29,17039.631662
-32.16,38,17040.571254
43.586139,27,17041.144789
41.066563,24,17041.694758
40.965621,23,17042.145849
35.825581,34,17042.742585
37.793897,25,17043.259286
32.773585,29,17043.798198
-35.45,32,17044.392813
35.325503,37,17045.268569
44.210909,24,17046.077505
-44.89,27,17046.67597
38.345161,21,17047.375919
44.570213,20,17049.799924
-32.2,48,17050.739522
41.035763,23,17051.190799
41.083752,21,17051.612036
-35.21,35,17052.416232
-39.0,28,17052.935242
-33.0,75,17054.270134
-32.43,40,17054.997179
35.816594,30,17055.508296
-41.02,23,17055.907981
30.0,37,17056.994583
-39.0,51,17057.975528
40.174992,30,17058.64601
38.777778,26,17059.172193
-44.65,31,17059.737935
36.0,27,17062.303206
-41.33,23,17062.713986
42.0,30,17063.26878
32.036437,35,17063.884573
-38.04,30,17064.441592
32.775,32,17064.992359
-40.66,29,17065.491159
35.406393,36,17066.338872
40.568345,19,17067.10828
-42.9,25,17067.561392
-38.53,39,17068.29015
44.767568,23,17068.776186
41.847352,26,17069.328168
42.0,28,17069.891738
41.790123,26,17070.400321
47.056391,15,17070.695103
38.815789,24,17071.289406
-36.0,37,17071.958246
-32.13,31,17074.88384
37.678707,25,17075.348469
32.903475,34,17075.933259
33.0,36,17076.534363
-33.0,33,17077.060535
44.008804,28,17077.552785
-38.01,35,17078.146523
-47.07,23,17078.561215
36.0,38,17079.195328
32.155556,63,17080.474516
-43.77,23,17080.927319
-32.02,33,17081.52587
44.129139,19,17081.924109
-44.61,19,17082.307787
-44.8,19,17082.649021
-34.08,22,17083.068847
-38.31,39,17083.78285
-33.86,63,17087.535173
-38.38,29,17088.022691
37.048131,29,17088.485691
-43.59,50,17089.367028
-32.03,40,17090.061588
37.741705,27,17090.631921
36.0,24,17091.101169
-41.37,19,17091.477986
-37.65,28,17092.211317
-41.67,25,17092.80509
35.903475,26,17093.488958
-34.13,26,17093.999437
41.067925,32,17094.583612
-32.15,34,17095.221086
-37.66,37,17095.914094
-38.94,26,17096.403291
-35.79,28,17099.002074
-38.33,31,17099.544047
-34.54,55,17100.439969
38.103846,34,17101.904978
-38.61,28,17102.405332
-40.65,32,17103.032626
39.0,24,17103.527359
-44.11,20,17103.887229
-38.66,29,17104.452665
-34.75,37,17105.121124
35.158249,37,17105.856654
32.529412,49,17106.77224
38.120301,24,17107.244059
47.034887,22,17107.658982
47.332155,31,17108.172544
-38.72,23,17108.698279
44.174414,35,17111.264655
44.573944,19,17111.596079
-33.0,27,17112.066493
47.205387,20,17112.458127
-41.81,22,17112.885796
-42.0,20,17113.280349
-33.0,33,17113.922105
44.722054,36,17114.607398
-42.27,45,17115.543664
-36.0,54,17116.599105
-41.74,27,17117.173046
-43.51,59,17118.528808
-38.24,28,17119.10163
-37.67,36,17120.053168
-32.98,28,17120.598398
38.154695,50,17123.477676
38.863309,25,17123.931555
32.804878,33,17124.512717
41.730769,31,17125.164172
38.438272,24,17125.634918
-44.38,21,17126.075466
-41.16,32,17126.670285
32.205426,34,17127.377208
40.178876,30,17127.981471
41.396296,33,17128.576478
40.580851,21,17128.983779
32.822064,35,17129.585952
-44.54,18,17129.88867
40.080547,30,17130.489506
42.0,34,17131.116123
32.545775,36,17131.882687
-34.77,44,17132.727587
-38.11,31,17135.06492
-38.9,25,17135.495295
41.28169,45,17136.302485
-37.91,22,17136.734545
-44.11,25,17137.178913
38.399457,22,17137.767271
38.110749,26,17138.302549
-39.95,33,17138.999869
-45.58,31,17139.656213
34.654878,40,17140.471131
-41.71,25,17141.057674
43.854305,35,17141.752834
-41.69,29,17142.341923
41.303042,29,17143.070916
37.780654,26,17143.641149
-42.0,26,17144.117286
-35.02,29,17144.691132
-32.76,31,17147.152295
-38.09,37,17148.142872
-36.0,30,17148.732493
-35.08,26,17149.195364
35.566667,23,17149.636223
37.678475,29,17150.368321
40.428414,33,17151.037804
-34.61,28,17151.600321
38.5,27,17152.096873
-36.0,35,17152.794403
44.954167,21,17153.177617
-44.3,23,17153.650147
-39.86,25,17154.135168
32.112782,38,17154.877017
-36.46,40,17155.626716
32.54717,37,17156.688633
-42.0,49,17157.583551
39.145418,37,17160.553183
-42.0,30,17161.095656
38.490494,24,17161.541535
38.046926,25,17162.04304
-44.15,24,17162.511183
-32.6,32,17163.117749
38.052721,41,17164.006866
-36.0,27,17164.519468
36.0,25,17165.067134
-44.06,20,17165.542745
35.682657,41,17166.582239
-32.16,44,17167.445086
38.267658,29,17167.979464
-38.24,22,17168.340461
-35.26,38,17169.013547
38.424125,30,17169.482764
-35.02,33,17172.16612
45.0,28,17172.698743
-38.79,42,17173.462473
-40.44,29,17174.1197
34.71673,33,17174.959329
44.426282,22,17175.395977
-38.24,31,17176.099333
-37.37,33,17176.706383
36.0,37,17177.462129
-33.0,40,17178.251058
40.96352,60,17179.409353
41.186246,26,17179.859583
42.0,25,17180.250131
35.485057,28,17180.692122
-38.64,33,17181.257857
-38.1,26,17181.733041
-34.93,51,17184.731405
-32.5,29,17185.327128
35.834499,27,17185.889757
44.256747,25,17186.377949
42.0,24,17186.863563
-32.7,33,17187.52501
-40.83,25,17188.202193
38.342593,32,17188.842487
35.446565,25,17189.346736
32.516667,27,17189.845989
-41.46,32,17190.517718
-35.3,29,17191.090057
38.006897,23,17191.507726
35.614173,34,17192.036793
-32.18,44,17192.762031
38.013725,28,17193.292706
36.0,27,17194.1679
38.535211,24,17196.618194
41.602564,24,17197.326094
45.0,32,17197.942595
-47.12,20,17198.354957
-38.86,26,17198.838924
-40.19,25,17199.310883
-41.13,26,17199.959261
-32.09,35,17200.63197
-45.0,18,17200.968872
-43.18,21,17201.360181
-40.76,26,17201.844065
-41.79,32,17202.411671
44.44335,19,17202.69294
-38.31,26,17203.114717
-43.43,29,17203.564603
-34.98,26,17203.941726
-38.43,23,17204.563355
-36.0,51,17205.539166
43.049534,23,17206.011896
-41.49,28,17208.485925
41.44856,28,17209.109658
40.972487,22,17209.554082
32.17803,32,17210.168962
34.390504,39,17210.945193
31.738095,35,17211.668542
-44.04,20,17212.009197
40.859873,24,17212.489267
-38.63,28,17213.078008
-43.52,25,17213.549001
-42.0,19,17213.877552
-38.07,33,17214.378824
-32.22,46,17215.120578
35.104762,35,17216.177066
-38.52,26,17216.681729
-32.89,55,17217.772215
-36.93,33,17218.346204
41.731707,24,17220.868154
35.189091,27,17221.3628
39.0,27,17221.865697
35.658635,28,17222.415505
-41.93,25,17223.069643
38.508721,22,17223.527288
39.0,29,17224.118481
-41.68,20,17224.546473
-32.52,51,17225.606233
38.507788,42,17226.317918
41.286792,27,17226.743972
40.914829,28,17227.247559
-35.87,27,17227.699841
-35.21,33,17228.286254
34.633015,41,17229.162113
-38.48,53,17230.278741
35.135338,34,17233.049173
-38.17,40,17233.849962
-37.44,29,17234.457519
35.938356,33,17235.148273
44.438662,36,17235.903507
34.670909,46,17236.70564
32.25,30,17237.208614
-38.32,25,17237.693152
44.377778,29,17238.220382
-45.66,21,17238.567363
41.592949,24,17239.003742
44.061187,25,17239.469053
-38.14,28,17239.94554
-38.11,28,17240.491092
38.445693,21,17240.909454
-44.58,27,17241.608714
-32.65,35,17242.315549
-48.0,22,17244.739329
-35.12,27,17245.315966
-38.81,24,17245.781857
37.510751,28,17246.319854
38.455285,36,17247.107903
-35.27,30,17247.635372
44.333333,27,17248.072689
39.0,25,17248.812144
41.250909,32,17250.030741
38.080495,38,17250.710927
-36.0,27,17251.14456
-33.0,36,17251.738628
-32.71,27,17252.417262
-38.11,30,17252.987439
-43.53,18,17253.323988
35.986111,29,17253.88496
38.31457,30,17254.475547
35.972973,35,17255.16214
32.06383,33,17257.764739
35.220641,27,17258.342803
47.289181,22,17258.712193
-39.0,30,17259.259854
-36.0,50,17260.142262
-46.0,17,17260.528409
38.6,34,17261.180367
-40.85,24,17261.553914
-41.28,23,17262.104951
-35.48,31,17262.661962
35.367647,28,17263.14638
41.24151,23,17263.549505
-48.0,16,17263.80505
-35.48,32,17264.416546
33.0,30,17265.499094
-37.79,31,17266.05779
38.324873,33,17266.687365
-48.0,11,17266.898527
43.706594,34,17269.55487
35.695652,31,17270.082046
-38.68,27,17270.578436
-39.45,36,17271.282569
42.0,27,17271.787427
-35.06,33,17272.408211
41.751724,25,17272.972558
39.0,27,17273.478191
32.019841,48,17274.354717
-39.0,35,17275.035587
-40.26,24,17275.486321
-32.1,32,17276.333878
-44.91,36,17277.115115
-39.0,25,17277.769565
-40.49,26,17278.32328
-35.43,25,17278.827146
-36.0,31,17279.422633
43.777567,19,17281.757527
38.10356,25,17282.20642
-41.17,29,17282.706976
38.96063,40,17283.527171
37.810635,49,17284.557813
47.137902,30,17285.286372
-41.17,50,17286.235329
37.665386,23,17286.67536
-41.34,27,17287.147276
39.0,23,17287.631689
40.955721,21,17288.066095
-44.78,28,17288.565487
-37.19,37,17289.241445
42.0,24,17289.645957
32.503676,37,17290.466747
-41.61,27,17290.976516
36.0,29,17291.514428
38.270073,20,17293.690393
44.27305,24,17294.109113
-36.0,24,17294.499541
32.833333,39,17295.240437
38.809969,28,17295.777165
-32.23,51,17296.701507
-32.57,26,17297.495305
-41.56,22,17297.84891
-47.5,24,17298.315527
32.354839,31,17298.885848
41.45993,26,17299.461583
40.418266,19,17299.861814
41.464789,21,17300.285884
36.976782,32,17301.107537
-45.0,23,17301.595464
38.419608,30,17302.21066
-34.52,51,17303.239588
-38.08,36,17306.025612
-35.11,31,17306.604502
-41.62,29,17307.264348
-35.28,21,17307.696964
-32.91,29,17308.224651
41.874074,25,17308.728904
40.993377,22,17309.101284
40.603801,41,17309.914915
-44.41,24,17310.382994
-38.88,26,17310.869403
-41.22,26,17311.365405
41.396154,21,17311.759492
37.379666,38,17312.457021
-41.45,21,17312.853178
38.164706,23,17313.344487
-42.0,24,17313.819415
-40.88,30,17314.389359
38.576208,33,17315.013395
38.046584,28,17315.532105
35.806122,25,17317.947859
-45.0,26,17318.440563
-35.64,31,17319.005428
39.691528,29,17319.488814
-38.59,34,17320.104739
35.280005,31,17320.659947
-39.0,34,17321.277217
35.686992,26,17321.788412
-38.71,23,17322.220121
34.749228,35,17322.875295
35.373476,30,17323.509716
46.557633,24,17323.970244
-44.09,22,17324.376246
42.0,28,17324.912782
-41.59,35,17325.589104
36.981623,30,17326.197023
45.0,17,17326.622404
32.006042,32,17327.32039
-35.69,41,17329.91117
-32.47,31,17330.556952
33.0,29,17331.283503
-43.56,22,17331.764376
42.0,22,17332.157472
-35.29,34,17332.812666
-35.8,32,17333.6349
-32.58,31,17334.356292
-32.52,47,17335.360103
-38.24,25,17335.823428
32.780255,33,17336.44584
-47.01,22,17336.895819
-37.58,24,17337.375968
32.841549,36,17338.21181
-32.66,33,17338.848616
-35.7,30,17339.393011
44.564792,55,17342.219056
44.190141,21,17342.579201
41.167763,26,17343.064946
-38.47,24,17343.526292
-38.79,38,17344.137931
-38.73,33,17344.743257
-40.69,34,17345.382564
39.899005,36,17346.048128
35.320896,29,17346.476381
-34.57,31,17347.051527
-33.0,34,17347.659344
-35.89,27,17348.182186
-41.38,38,17348.90624
-45.0,20,17349.326125
38.094488,28,17349.850329
-42.0,49,17350.776257
-46.11,16,17351.027242
39.0,33,17353.628388
34.991003,39,17354.275875
34.931404,40,17355.082903
-32.65,34,17355.761649
-41.01,32,17356.342938
-38.69,29,17356.951157
-43.51,42,17358.079952
40.829042,24,17358.557955
-33.0,42,17359.413216
-44.45,25,17359.861944
39.0,29,17360.38798
-35.84,35,17361.074495
46.745015,36,17361.799464
44.490494,17,17362.125463
32.676724,35,17362.689772
44.517119,25,17365.043871
41.087838,27,17365.450952
-38.4,29,17366.012994
37.995238,24,17366.474034
-40.65,58,17367.438529
44.954198,21,17367.777202
37.370352,48,17368.704484
34.412281,30,17369.356453
-35.52,32,17370.060155
-40.71,26,17370.602415
41.083784,51,17371.529204
37.638853,24,17372.043448
-39.0,27,17372.63491
-32.54,34,17373.323204
43.359616,24,17373.787575
-37.96,29,17374.342888
-36.0,35,17376.883322
-41.02,26,17377.44723
-40.75,25,17377.893888
-38.62,28,17378.460238
38.232472,33,17379.224076
-41.59,29,17380.117977
38.555133,31,17380.739371
33.0,31,17381.663606
-35.11,30,17382.344737
38.022321,29,17383.03956
-35.48,26,17383.682204
-39.0,26,17384.301221
45.0,35,17385.273421
-45.0,18,17385.738869
39.0,37,17386.524299
38.466667,39,17387.262686
-45.0,30,17387.789416
-36.0,22,17388.107795
-43.54,34,17390.643696
-40.45,37,17391.278964
35.020896,34,17391.899506
-35.76,34,17392.533259
44.037379,25,17393.211916
-33.0,33,17393.860221
-40.42,24,17394.297024
41.250923,27,17394.845199
40.677852,27,17395.379247
-38.19,39,17396.141173
38.161875,29,17396.651671
41.902778,20,17397.033091
38.262712,30,17397.60696
-34.55,28,17398.121946
-41.81,30,17398.706424
41.589431,29,17399.199745
40.629118,34,17399.86391
-38.35,31,17402.627623
35.313793,27,17403.090137
-41.52,25,17403.570983
-35.51,49,17404.657643
-43.51,28,17405.280772
37.786154,35,17405.952585
-35.11,38,17406.875411
35.425,32,17407.491771
37.61227,24,17407.964069
38.415441,24,17408.436088
35.068273,26,17408.961678
42.0,27,17409.431168
35.352761,37,17410.157019
40.266244,75,17411.468527
35.4791,43,17414.386013
41.047656,21,17414.75214
35.689441,26,17415.204306
32.684397,30,17415.699396
38.086934,58,17416.771644
-32.05,34,17417.428465
-36.94,36,17418.123563
32.87907,34,17418.792436
-32.08,28,17419.310859
-35.07,47,17420.187001
41.405204,30,17420.757479
-44.41,19,17421.111483
37.397287,36,17421.805022
38.059289,25,17422.292315
35.131944,29,17422.852618
38.704918,29,17423.354014
41.722656,37,17425.774781
-41.86,28,17426.230968
-38.95,47,17427.136927
-38.72,35,17427.864434
41.011494,30,17428.501123
-41.13,24,17428.971582
37.723569,31,17429.584041
32.696721,38,17430.295498
-37.8,33,17430.997416
44.18323,19,17431.381066
36.0,27,17431.930002
-46.27,22,17432.498397
-35.24,32,17433.12868
38.580508,35,17433.793825
-33.0,36,17434.562843
34.971861,26,17435.021205
-36.0,33,17435.562334
-32.21,33,17438.020097
-39.0,30,17438.845369
39.0,27,17439.478771
41.699507,24,17439.902026
-33.0,46,17440.764268
-39.0,34,17441.41653
35.395522,48,17442.33324
-42.0,33,17443.006331
36.636899,29,17443.576195
-38.17,33,17444.212024
44.241107,20,17444.59475
35.610039,38,17445.340802
36.0,28,17445.879077
38.510563,29,17446.411729
-31.93,47,17447.201432
-41.2,19,17447.524805
-32.36,27,17449.873122
-44.91,21,17450.282782
46.890597,23,17450.7786
-35.64,43,17451.618722
40.801686,27,17452.144744
32.40184,38,17452.878269
32.689516,30,17453.503947
32.250774,45,17454.559992
-35.21,43,17455.551636
-38.64,27,17456.120215
32.205212,33,17456.700726
35.384615,36,17457.396466
-34.77,29,17457.95776
-38.07,52,17459.124963
38.796992,37,17459.793159
-44.99,40,17462.43428
41.671698,35,17463.093821
43.975142,22,17463.523706
-35.75,27,17464.045252
32.075556,35,17464.768226
-44.3,23,17465.208744
-38.05,31,17465.936393
-35.3,34,17466.607387
37.941502,33,17467.256793
-41.67,47,17468.118476
34.978102,62,17469.250912
-39.0,29,17469.733747
35.263636,24,17470.186206
-35.12,24,17470.632431
42.0,21,17470.95434
-41.41,22,17471.354049
41.832653,24,17473.65181
-35.63,31,17474.276631
-39.0,34,17474.959075
32.753521,31,17475.598313
37.722348,35,17476.257141
32.090196,32,17477.107733
-37.66,26,17477.664516
-34.54,32,17478.334214
34.972146,33,17478.933735
36.0,29,17479.976304
42.0,23,17480.412795
35.187994,36,17481.089009
38.007168,31,17481.619342
-35.36,42,17482.331929
40.143769,28,17483.082456
35.543866,84,17486.677158
-38.17,25,17487.206546
-35.16,28,17487.740354
38.458647,27,17488.222349
-39.0,20,17488.608197
44.22963,23,17489.039379
32.402878,35,17489.757446
41.823171,36,17490.422873
38.738636,31,17491.03577
41.309434,18,17491.361704
41.053232,25,17492.030741
-44.53,25,17492.472111
-38.26,31,17492.99065
-40.95,34,17493.54992
44.516729,22,17493.921937
-38.51,26,17494.387088
31.75,37,17495.07436
35.112179,35,17495.666125
-32.48,32,17498.160883
-33.0,30,17498.785464
35.106762,31,17499.38349
38.645914,34,17500.08532
35.106299,24,17500.633847
38.992647,35,17501.328333
-36.0,37,17502.065188
-43.6,29,17502.547022
41.403042,25,17503.03086
-41.19,25,17503.466508
44.089918,88,17504.991517
38.423221,37,17505.78618
41.209383,30,17506.287378
37.124159,36,17506.863669
-35.12,43,17509.683992
41.876923,20,17509.94822
-38.47,31,17510.312664
38.272358,23,17510.709557
32.682759,37,17511.630974
-43.05,33,17512.27273
-35.26,31,17512.867189
41.37037,23,17513.332334
35.869718,30,17513.934472
44.119746,23,17514.404205
-38.91,25,17514.891356
43.37138,29,17515.40059
-33.0,42,17516.167387
-44.13,23,17516.577903
-44.42,28,17517.051758
-30.0,41,17517.685301
38.687747,26,17518.342272
47.891791,24,17520.564366
37.621547,27,17521.060749
-40.62,25,17521.520472
-32.14,31,17522.142743
-35.19,25,17522.672598
42.0,28,17523.208765
38.460481,33,17523.872701
41.5,33,17524.4933
-41.84,25,17525.064867
35.261589,26,17525.548533
32.877256,53,17526.77551
-40.6,30,17527.377882
-37.5,35,17527.943259
-40.67,29,17528.441268
-41.68,19,17528.76544
36.0,56,17529.807134
38.875389,41,17532.553949
-32.02,37,17533.232156
-32.09,25,17533.784495
35.894081,27,17534.280609
-38.94,30,17534.833668
-38.16,24,17535.305938
-41.2,25,17535.778183
32.164093,35,17536.491226
-42.48,31,17537.146824
38.332031,35,17537.889755
34.803997,31,17538.48772
-41.11,28,17538.957189
41.313433,21,17539.319054
-37.65,33,17539.904516
-35.34,29,17540.386453
35.356863,27,17540.940191
-38.86,31,17541.46876
-41.73,39,17544.072397
-41.35,27,17544.628703
47.091035,18,17545.058327
31.981108,48,17546.135719
-41.99,30,17546.795707
-38.19,42,17547.593761
-37.66,23,17547.982653
41.183801,36,17548.71316
34.366834,49,17549.667811
34.783566,38,17550.406113
38.549296,54,17551.366666
-43.68,26,17551.836453
37.274753,41,17552.579007
48.0,17,17552.910319
44.670732,21,17553.25445
41.357143,28,17553.758164
37.45282,25,17556.189459
48.0,20,17556.617965
-32.24,29,17557.166418
-38.92,24,17557.637353
44.635246,27,17558.161906
-36.0,48,17559.103851
-41.4,24,17559.609431
47.18732,17,17559.959106
38.054054,26,17560.430146
-41.68,28,17560.964912
43.720532,21,17561.383081
-30.0,39,17562.040645
-45.0,50,17563.180619
41.214286,21,17563.590642
-44.05,22,17564.012837
-34.74,30,17564.575064
40.078784,24,17564.956923
34.58488,31,17565.503706
-35.84,39,17568.858965
-38.44,28,17569.398979
35.900398,42,17570.184626
-42.0,18,17570.582982
-41.03,17,17571.022527
-35.28,34,17571.803315
36.0,30,17572.472998
-44.42,26,17573.049388
-35.5,35,17573.80662
-37.17,48,17574.640732
41.099251,28,17575.508174
-41.7,21,17575.902778
40.771872,25,17576.326731
-35.61,33,17576.903376
-41.35,24,17577.408119
44.327338,34,17578.078047
-35.56,37,17578.804626
35.448718,43,17581.579354
-38.51,26,17582.105892
41.67803,29,17582.667848
-41.43,23,17583.12289
-38.41,21,17583.503186
32.24613,35,17584.225795
-35.04,37,17584.999312
-32.01,37,17585.661592
-32.76,74,17587.355075
40.403733,26,17587.882077
-35.68,50,17588.887861
-41.23,27,17589.41178
-35.88,25,17590.186007
-44.0,27,17590.639349
-44.18,25,17591.090611
-32.83,30,17593.828974
32.128834,30,17594.389523
-38.06,26,17594.896404
44.612903,17,17595.251273
40.896323,44,17596.205971
-35.27,30,17596.697672
34.984496,34,17597.242037
41.552632,28,17597.760525
39.0,33,17598.384781
32.352025,32,17599.140626
-41.85,28,17599.651517
40.667771,30,17600.250205
-38.07,32,17600.845236
41.532258,42,17601.635971
33.0,36,17602.277955
39.0,21,17602.659456
-38.15,29,17603.202658
-37.61,36,17605.889859
37.304951,36,17606.592546
-38.0,41,17607.452749
41.23908,21,17608.224411
-37.94,33,17608.829086
-44.28,19,17609.198312
32.467433,42,17610.059515
-34.5,37,17610.749837
44.269341,20,17611.085437
-36.0,43,17611.80875
43.483275,21,17612.16918
41.273457,33,17612.922562
-35.4,31,17613.520839
37.972219,38,17614.207578
-38.86,45,17615.183572
-42.0,25,17615.732536
44.494248,19,17617.944139
38.88417,25,17618.420549
34.594276,37,17619.025668
41.228337,30,17619.549093
36.0,24,17619.921666
-42.0,42,17620.653389
37.651237,31,17621.206645
35.081838,29,17621.74028
35.902778,29,17622.24592
-44.37,22,17622.637006
41.070352,19,17623.004286
41.728477,20,17623.335179
-38.35,22,17623.710513
35.128603,31,17624.245332
41.490637,28,17625.474437
34.624081,34,17626.163243
-35.12,33,17626.797298
47.306859,22,17627.220627
-38.34,32,17629.727679
44.236486,30,17630.229847
35.561798,23,17630.607914
41.029885,35,17631.178416
-41.03,23,17631.586268
-37.58,34,17632.257738
-35.78,100,17633.960762
33.0,25,17634.373841
-38.43,30,17634.966257
-37.58,44,17635.769092
-38.36,28,17636.335317
35.462264,25,17636.807357
-35.08,80,17638.344162
-45.0,12,17638.621738
38.65,23,17641.075845
-41.5,29,17641.53522
-32.14,43,17642.243503
34.019287,33,17642.816623
-38.39,33,17643.36862
38.805447,31,17643.935028
44.034221,15,17644.229573
36.0,27,17644.712352
34.965835,34,17645.696902
-37.47,28,17646.253554
35.53252,34,17646.963867
-40.79,36,17647.786418
42.0,15,17648.065504
35.041379,31,17648.666369
-38.76,26,17649.150782
44.420074,31,17649.725734
-42.57,31,17650.553581
-43.79,48,17653.555794
39.946094,27,17654.034676
-46.43,24,17654.510133
35.48583,35,17655.144747
41.801325,24,17655.581652
-41.71,30,17656.102658
-41.04,28,17656.558074
-35.03,29,17657.096189
-39.0,29,17657.629447
-35.41,29,17658.163491
37.431538,35,17658.846643
38.288889,27,17659.358081
42.0,23,17659.783268
38.001961,38,17660.474571
-35.9,44,17661.339603
-41.21,19,17661.708572
39.0,41,17662.492743
-43.4,44,17665.032674
36.466907,32,17665.554277
42.0,59,17666.742639
-48.0,42,17667.435708
42.0,36,17668.16027
41.34981,27,17668.722684
-44.51,17,17669.057347
41.629771,27,17669.560165
-44.82,30,17670.14302
39.0,24,17670.549664
-38.15,33,17671.14696
33.0,37,17671.867753
36.0,30,17672.430431
-38.7,33,17673.010638
-38.95,30,17673.527597
48.0,30,17675.905936
-38.69,31,17676.65555
-36.56,53,17677.635773
-39.0,29,17678.09268
-34.98,45,17678.873543
32.301587,53,17679.918535
-33.0,41,17680.802652
37.423276,36,17681.546491
-34.79,30,17682.276638
35.602941,35,17683.053973
36.0,31,17683.675731
33.0,36,17684.476186
-37.43,33,17685.165228
-37.55,30,17685.8598
-44.63,27,17688.663948
42.998261,33,17689.38194
-37.82,28,17689.891175
-44.21,26,17690.30704
-35.18,33,17690.973799
42.0,29,17691.475902
41.106737,25,17691.975693
34.522147,32,17692.680727
39.0,29,17693.475093
-33.0,30,17694.122372
-35.87,27,17694.603842
38.901887,22,17694.993269
-42.33,39,17696.113398
41.727273,30,17696.809903
34.275593,28,17697.34877
38.152061,26,17697.82727
-36.0,31,17698.371661
40.815612,26,17698.80178
36.0,26,17701.153932
-32.96,29,17701.616976
-32.5,49,17702.411576
-41.29,41,17703.192188
-38.21,43,17704.193285
-45.0,42,17704.945586
41.346008,27,17705.445049
32.547988,29,17705.945086
-32.39,32,17706.394761
41.51105,20,17706.631866
37.683521,26,17707.138763
-38.38,33,17707.732659
-42.0,24,17708.18435
-41.16,26,17708.656198
-38.37,28,17709.145813
40.816057,28,17709.630809
-38.04,36,17712.057392
-47.2,19,17712.424532
-39.0,36,17713.069229
-34.81,27,17713.486393
-39.0,25,17713.91597
41.357414,27,17714.380563
33.0,61,17715.478857
-41.02,22,17715.89374
-40.41,26,17716.399909
38.375,25,17716.876
-40.77,23,17717.301644
41.292605,35,17718.490271
-43.32,21,17718.862055
-38.32,32,17719.496189
32.086777,47,17720.378643
-32.37,113,17724.276609
-40.32,30,17724.85678
-38.15,32,17725.430044
-35.74,35,17726.029848
-40.5,29,17726.498107
35.439655,30,17727.039248
-35.88,25,17727.525331
-34.93,33,17728.1472
37.713697,25,17728.62191
-32.38,48,17729.451476
-38.82,23,17730.003736
32.716418,29,17730.516319
-44.82,28,17731.038606
-44.42,29,17731.656627
35.363281,24,17732.135352
-44.83,30,17732.657855
34.576037,42,17735.320498
47.042071,17,17735.591724
47.336645,23,17736.005359
-41.71,22,17736.403949
-35.53,31,17736.922007
38.811049,28,17737.378987
-38.3,25,17737.860698
-47.13,21,17738.264292
-38.7,24,17738.724089
-36.0,34,17739.342743
-33.0,28,17739.842031
-38.66,25,17740.285238
38.25089,26,17740.815304
41.487179,25,17741.318959
32.753036,35,17742.004438
43.554231,21,17742.384395
-32.06,35,17743.247185
41.115265,19,17743.577862
36.0,42,17746.132739
40.737179,27,17746.597697
-42.82,50,17747.519859
32.365854,33,17748.057221
34.902685,27,17748.536955
32.406844,32,17749.122351
-43.53,19,17749.494247
43.657444,19,17749.853134
40.094119,36,17750.581671
41.109023,30,17751.620541
-41.42,32,17752.260406
41.60061,32,17752.856927
-33.0,24,17753.361614
-33.0,29,17753.913377
47.394231,12,17754.127203
38.294446,23,17754.603344
32.312709,41,17755.840275
-38.06,39,17756.776866
40.299845,30,17759.30075
-42.0,26,17759.796206
-32.82,38,17760.508528
47.054096,23,17761.008177
-35.32,28,17761.507065
35.536232,32,17762.086081
-39.0,33,17762.666193
45.0,18,17763.018411
-44.05,27,17763.536405
-32.52,29,17764.066671
-43.83,22,17764.521479
-33.0,36,17765.168851
-41.37,21,17765.569623
35.496552,41,17766.275816
-32.07,58,17767.206436
-44.16,19,17767.531614
32.056338,29,17768.077549
-44.82,26,17770.568553
34.79057,47,17771.484089
44.260536,26,17772.228227
43.697917,18,17772.602197
-43.3,26,17773.060685
-38.05,45,17773.911328
-35.6,28,17774.964007
44.401887,21,17775.322603
-41.05,22,17775.773074
-32.21,70,17777.060074
41.061303,25,17777.470208
41.094697,24,17777.90515
41.380172,32,17778.435283
39.0,22,17778.786583
35.748252,30,17779.364479
-37.76,32,17779.973513
34.697783,29,17782.339461
-42.0,41,17783.029782
37.984472,42,17784.046551
32.518732,39,17784.794594
48.0,23,17785.226108
-35.54,35,17785.905744
38.441176,76,17787.370216
44.03367,24,17788.11584
-37.72,28,17788.564724
44.197761,23,17788.97665
39.0,21,17789.301749
38.51049,24,17789.720947
32.626667,47,17790.552533
32.67803,32,17791.159438
41.605263,31,17791.756798
38.617329,29,17794.114292
40.038475,31,17794.690164
43.770419,26,17795.145348
-40.96,27,17795.649586
-41.42,17,17796.192983
40.752522,27,17796.743374
37.23371,35,17797.433815
-35.21,36,17798.162422
-35.05,33,17798.963903
-39.85,37,17799.620799
35.17134,39,17800.315008
41.47234,25,17800.722955
38.594796,35,17801.297768
-35.26,36,17801.92525
-37.33,30,17802.54542
-36.0,28,17802.996286
-35.75,31,17803.514442
-36.0,31,17805.899442
35.260062,31,17806.419734
35.012766,34,17807.019849
41.408019,37,17807.617912
43.169912,22,17808.102168
-40.49,28,17809.253858
-43.28,17,17809.641761
34.320589,41,17810.362732
39.56134,38,17811.14016
38.465587,27,17811.623288
33.0,29,17812.146285
-35.5,44,17813.036304
39.0,29,17813.62144
41.29148,19,17814.09597
44.15197,32,17814.748111
44.592593,32,17815.331942
34.832385,32,17816.03918
43.124885,24,17818.74527
-40.91,29,17819.372148
-32.62,33,17820.130286
-38.31,33,17821.226954
44.178967,15,17821.503357
-47.22,20,17822.389272
-36.48,31,17823.018548
32.345588,75,17824.698925
-35.19,32,17825.196684
35.928571,30,17825.683293
-38.74,30,17826.222548
-41.68,26,17826.68041
41.445483,35,17827.281948
35.296992,32,17827.849847
41.794239,26,17828.290257
-40.41,44,17830.999176
-36.74,34,17831.596894
32.353846,37,17832.559896
-44.69,21,17832.937438
41.875519,32,17833.508348
35.5,20,17833.935326
41.841085,29,17834.48942
-35.75,26,17834.923214
-35.2,32,17835.487392
-42.0,23,17835.903417
38.365942,27,17836.415364
-35.08,30,17837.475374
41.416949,26,17837.953581
36.0,29,17838.461988
38.78327,32,17838.988384
35.598837,35,17839.673121
-41.87,24,17840.079835
44.43254,29,17840.641336
38.74036,25,17843.101524
-41.77,29,17843.670656
35.278351,25,17844.165574
-35.41,29,17844.690034
43.262003,26,17845.207131
37.219229,30,17845.766095
35.507519,33,17846.359303
46.751679,47,17847.204848
-32.79,28,17847.881056
35.13253,36,17848.530684
-44.51,31,17849.405837
-32.13,48,17850.341177
-47.15,25,17850.778369
38.206897,29,17851.219836
33.0,27,17851.712489
34.477416,31,17852.297477
-38.57,24,17852.74374
-35.5,29,17855.216703
32.62782,34,17855.863124
-43.75,32,17856.406477
32.356115,30,17856.948542
-45.0,35,17857.518862
32.316364,29,17858.030064
-39.0,22,17858.431279
-35.16,45,17859.433684
-44.08,25,17859.963624
38.670683,26,17860.448707
-38.45,23,17860.848304
-34.36,32,17861.454021
-46.65,21,17861.828191
40.957765,26,17862.317066
-37.62,21,17862.709678
38.823755,35,17863.600625
-38.78,42,17864.440151
38.571429,20,17866.974643
-44.21,39,17867.737864
46.087446,15,17868.057954
-35.78,29,17868.570024
-41.88,27,17869.024841
35.5,31,17870.366318
-42.0,43,17871.1822
41.631068,29,17871.755071
44.088235,27,17872.322294
-33.0,33,17872.966918
38.130564,29,17873.427145
-41.2,30,17873.923586
41.5,18,17874.260039
43.081604,53,17875.371334
38.553846,22,17875.977899
41.524845,41,17876.751329
33.0,29,17877.418916
47.215278,37,17880.087615
39.0,23,17880.485783
-44.13,26,17880.969042
-41.87,27,17881.416337
-41.34,25,17881.877282
-36.0,45,17882.636504
-37.2,26,17883.161978
38.490323,24,17883.596445
-38.43,27,17884.081161
-44.78,17,17884.367223
-37.94,52,17885.298276
38.602941,31,17885.850626
41.900398,22,17886.362261
37.833333,20,17886.777863
-37.84,34,17887.494765
-38.43,24,17887.961329
-37.86,27,17888.50955
-41.71,29,17889.100014
-38.62,35,17891.637956
-44.41,16,17891.902507
40.64945,27,17892.364134
40.530508,36,17893.062626
40.817183,24,17893.500148
35.48249,35,17894.179896
33.0,32,17894.922524
-41.58,24,17895.483479
-35.36,26,17895.944761
-35.7,27,17896.385168
40.739568,23,17896.918139
-38.48,26,17897.438658
35.787456,35,17898.042402
32.386719,58,17899.072086
36.0,27,17899.554581
35.509434,28,17900.03411
43.666667,18,17900.376619
44.249231,53,17903.49614
-34.88,66,17904.776128
37.373487,24,17905.26362
38.901141,27,17905.792544
47.095715,22,17906.308082
38.686747,37,17907.151755
44.869444,21,17907.85294
38.482517,27,17908.582585
-35.84,23,17908.998511
39.0,37,17909.701072
32.185315,30,17910.277286
-43.41,31,17910.957823
-31.74,33,17911.725671
40.182772,25,17912.330913
-38.62,23,17912.824017
-38.04,28,17913.412301
-35.59,37,17916.174317
-38.81,19,17916.519764
42.0,56,17917.582309
-41.28,62,17919.111092
-38.44,30,17919.757504
-38.53,25,17920.499074
41.5,43,17921.280812
-42.0,37,17921.93724
39.0,33,17922.528211
35.917219,25,17922.970535
-35.89,28,17923.44452
-38.68,54,17924.431769
38.170732,26,17924.913661
38.739264,32,17925.489954
33.0,42,17928.832887
47.023148,34,17929.510752
-34.84,50,17930.630823
41.264516,29,17931.1903
35.805861,28,17931.705717
41.324042,28,17932.269186
-38.77,30,17932.796843
38.5,57,17933.809423
-38.41,26,17934.336957
41.135417,43,17935.117481
-47.08,17,17935.747753
41.125828,26,17936.232955
38.711027,39,17936.973373
-42.0,28,17937.460447
35.178999,32,17938.608071
38.544885,35,17939.198067
38.02439,33,17941.739568
42.0,23,17942.175326
40.836004,30,17942.73437
-41.33,22,17943.208004
41.116248,20,17943.4849
-41.88,33,17944.021206
-37.52,41,17944.729876
42.0,17,17945.110266
-35.51,33,17945.848079
38.035211,36,17946.606738
40.99537,42,17947.360232
-41.71,27,17947.849572
-38.65,25,17948.305329
38.576923,26,17948.799449
32.123239,31,17949.395671
-43.8,32,17950.006007
37.617647,46,17952.637179
-32.69,33,17953.268725
41.110817,26,17953.790218
-36.0,30,17954.299364
-40.67,28,17954.753597
-40.06,27,17955.212967
-41.33,25,17955.686456
41.256966,24,17956.345238
-36.0,26,17956.820621
40.86762,30,17957.376378
35.609572,25,17957.846368
35.351351,37,17958.533077
42.899213,26,17959.017861
41.733129,25,17959.512975
-35.55,37,17960.246149
38.280936,24,17960.730818
44.431635,23,17961.159275
41.020243,20,17961.484145
-40.66,23,17961.900732
-35.57,41,17964.473175
47.686047,18,17964.853226
38.783375,41,17965.767554
42.0,38,17966.445687
42.0,22,17966.864944
-41.79,19,17967.313197
40.82695,19,17967.716462
-35.47,23,17968.206335
-41.18,20,17968.655076
38.407407,26,17969.232057
-35.54,29,17969.850406
41.740741,27,17970.424842
32.208835,29,17971.184363
44.233668,39,17972.164267
38.648855,33,17972.889724
38.155556,32,17973.523476
34.939286,28,17974.011925
-34.42,41,17974.706443
-39.0,23,17976.946943
41.8,27,17977.411486
34.196729,54,17978.319049
44.255905,19,17978.642086
-38.55,31,17979.369371
37.58502,26,17979.822228
-38.73,23,17980.231648
41.75,28,17980.750952
35.59434,29,17981.289527
-44.94,26,17981.812001
-34.47,33,17982.571676
-43.78,27,17983.069576
32.210526,34,17983.695273
41.632391,41,17984.841154
-43.46,27,17985.321213
-40.53,34,17985.907155
-38.14,23,17986.301919
38.281385,30,17988.566267
-38.81,25,17989.036167
40.90514,18,17989.391287
43.212945,49,17990.430947
-38.05,29,17991.082235
42.0,23,17991.520897
42.928123,29,17992.049781
39.0,32,17992.871008
-38.4,27,17993.443123
41.527778,23,17993.846321
40.773381,36,17994.504478
-32.12,82,17996.004765
41.193023,25,17996.455645
32.584362,27,17996.883316
-32.43,54,17997.794015
38.184314,35,18000.556487
-35.17,28,18001.055359
-44.16,32,18001.644098
35.803774,26,18002.20734
42.984748,29,18002.776502
-32.94,30,18003.310771
-32.27,49,18004.351978
41.302181,28,18004.918964
35.976654,29,18005.492148
-42.0,17,18005.824039
41.817844,23,18006.244463
-35.65,44,18007.058681
41.054688,28,18007.710014
-38.29,41,18008.45073
-38.44,31,18009.001307
35.195745,30,18009.540128
41.007937,22,18010.153896
-32.13,29,18012.511827
38.579365,26,18013.018659
-38.17,22,18013.458385
38.262774,26,18013.931375
46.504255,28,18014.433721
41.741007,31,18014.990426
35.102891,30,18015.532041
37.612583,31,18016.126709
37.539062,29,18016.679993
34.762897,31,18017.098106
41.737557,23,18017.506146
40.611969,31,18018.097584
-38.05,26,18018.592756
-41.57,21,18018.998131
-35.14,35,18019.561217
33.0,42,18020.214347
38.483146,28,18020.692933
-44.62,19,18021.024614
39.0,26,18023.267058
34.597332,40,18024.080254
-41.03,15,18024.441225
-35.24,34,18025.097354
38.053221,26,18025.573077
35.057554,25,18026.055689
-42.97,27,18026.560236
33.852804,28,18027.087874
41.654618,27,18027.63101
44.862543,18,18027.971678
40.605634,29,18028.582363
38.262238,31,18029.184071
-32.32,37,18030.005317
36.0,33,18030.56894
42.0,25,18031.00582
-32.93,32,18031.594898
41.099863,50,18032.497958
-35.83,29,18034.815084
42.0,20,18035.378202
32.302682,29,18035.937207
44.526104,24,18036.423505
33.0,38,18037.083794
-32.36,38,18037.825326
-37.83,39,18038.618544
36.0,25,18039.116924
32.904762,35,18039.82309
-38.85,77,18041.292003
-38.91,34,18041.91457
-32.5,42,18042.647416
-33.0,27,18043.139006
-35.72,41,18044.042964
35.926573,55,18046.972803
41.320833,43,18047.759249
40.48242,26,18048.470016
-41.8,29,18049.022505
-36.0,32,18049.833072
35.211111,26,18050.329525
41.441442,38,18051.625094
32.062305,33,18052.227573
-41.27,31,18052.796207
40.881743,25,18053.257769
-35.91,29,18053.896788
-42.0,32,18054.447377
40.015053,35,18055.018432
40.628302,27,18055.504076
-38.1,22,18055.926733
41.081272,21,18056.30575
-46.95,28,18056.856169
35.425926,34,18059.88255
36.0,43,18060.802882
-32.47,34,18061.63129
36.0,28,18062.202111
38.323308,26,18062.700439
40.690395,27,18063.239528
32.299712,26,18063.689794
-41.4,40,18064.551245
-38.05,24,18065.047593
45.0,24,18065.531534
-38.17,25,18066.16012
-41.12,32,18066.783623
-41.77,24,18067.21139
32.650794,31,18068.145717
36.0,35,18068.713996
-30.0,30,18069.221609
40.658835,30,18069.808279
-31.52,30,18072.43673
35.886288,24,18072.823373
37.675238,28,18073.279596
-39.0,32,18073.912231
33.0,26,18074.299879
41.083032,19,18074.712217
-35.56,41,18075.397196
44.541667,19,18075.777812
-33.0,31,18076.38053
35.360927,72,18077.771254
36.756542,41,18078.517865
-35.26,27,18078.971219
32.59707,35,18079.621422
-41.45,28,18080.214466
-38.15,32,18080.805412
41.5,41,18081.689917
39.832344,25,18083.969186
35.037879,31,18084.504056
-35.3,31,18085.151506
32.370536,41,18085.898901
-35.64,26,18086.425481
-41.68,30,18087.027249
37.6326,31,18087.824975
-47.93,37,18088.547086
-32.54,31,18089.116724
-37.53,37,18089.757536
39.0,30,18090.323695
-36.0,23,18090.693377
-45.0,31,18091.213712
-32.7,25,18091.632664
-35.16,26,18092.148486
35.75,31,18092.748184
43.928365,21,18093.142563
39.0,23,18095.427504
-32.84,93,18097.095279
35.681208,23,18097.539174
45.760786,18,18097.870313
-43.71,29,18098.396653
-41.29,26,18099.080389
40.195587,30,18099.597965
33.0,31,18100.089268
41.143833,28,18100.565315
-33.0,26,18100.996591
35.632812,33,18101.527264
-35.81,25,18101.982622
38.710037,27,18102.417835
-46.3,23,18103.010094
35.637982,32,18103.638033
-35.31,27,18104.117337
-44.76,33,18106.606451
38.389503,26,18107.112391
43.775793,23,18107.548711
-37.86,32,18108.109634
38.875,40,18108.861061
38.770073,22,18109.26068
35.595833,34,18109.697405
-41.88,28,18110.371988
32.484716,33,18110.89709
41.275194,27,18111.331994
-40.86,34,18111.871481
38.304833,24,18112.262476
-38.88,26,18112.676985
-36.0,31,18113.189321
-40.88,27,18113.842816
42.803362,26,18114.382291
41.646209,36,18115.058069
39.0,25,18115.456091
-36.0,31,18117.939617
47.010101,23,18118.341079
38.547414,33,18119.005695
-44.42,19,18119.373358
47.684211,16,18119.671942
-41.53,24,18120.131021
32.881844,36,18120.819138
34.542529,29,18121.375111
-38.3,40,18122.138739
-38.84,45,18122.88522
32.049645,29,18123.313632
-44.13,17,18123.589933
-38.24,32,18124.105921
36.0,30,18124.541255
-40.65,29,18125.096814
41.352349,28,18125.64124
33.0,34,18126.223582
34.723729,27,18128.67019
38.262069,28,18129.158495
-41.23,39,18129.878627
36.0,26,18130.341796
-38.32,22,18131.001076
44.666667,23,18131.544487
-37.71,30,18132.080588
42.0,22,18132.508992
32.875502,32,18133.133497
32.391892,31,18133.627865
-35.8,39,18134.215173
38.722689,29,18134.662808
-43.12,34,18135.216757
-39.0,24,18135.656108
47.261905,21,18136.053721
37.143192,35,18136.69833
41.033557,27,18137.170469
-38.24,33,18137.808334
-39.61,28,18140.464855
39.0,34,18141.100645
-35.71,25,18141.573042
-38.68,33,18142.319275
38.614942,26,18142.791979
38.5,31,18143.405156
-32.47,28,18143.957212
-38.52,24,18144.387604
-38.17,24,18144.823113
39.0,23,18145.241618
-31.68,33,18145.738617
38.012744,33,18146.436728
-47.39,16,18146.726548
-38.17,36,18147.460634
42.0,24,18147.88748
-41.39,27,18148.872862
-44.36,27,18149.365661
41.901141,27,18149.903981
-35.28,29,18150.463295
38.268222,41,18153.146815
35.707317,24,18153.596411
-38.24,31,18154.374506
-44.22,28,18154.920559
34.449614,37,18155.619841
-35.99,32,18156.1217
-39.0,22,18156.50588
-41.77,20,18156.828397
38.02974,29,18157.404313
-44.41,16,18157.666423
-41.25,28,18158.178954
-44.54,25,18158.628911
38.125483,30,18159.195015
-42.0,24,18159.892007
-42.0,38,18160.65785
35.762452,41,18161.566793
35.444099,45,18162.43641
43.578375,26,18165.053316
-35.29,41,18166.030222
-32.31,41,18166.787075
-37.15,29,18167.276057
-38.66,33,18167.78219
-38.66,22,18168.143113
38.429247,27,18168.575545
-38.65,32,18169.116792
-38.76,37,18169.810323
38.644231,27,18170.336505
43.368209,24,18170.804246
35.576119,34,18171.590133
-40.58,25,18172.083844
44.292683,28,18172.619991
33.0,31,18173.188086
-44.19,16,18173.466419
38.227612,26,18173.940201
35.444444,39,18176.689212
-31.69,35,18177.360518
-38.92,31,18177.869366
41.5,20,18178.209058
33.0,38,18179.019357
36.0,22,18179.589795
35.718182,34,18180.203219
32.116466,30,18180.782906
-38.87,26,18181.47173
37.700839,28,18182.168504
-37.86,26,18182.912818
41.508197,40,18183.704938
36.0,23,18184.15588
-35.44,33,18184.730032
-38.44,21,18185.165352
35.567723,30,18185.735308
-39.0,24,18186.250448
34.320679,35,18188.712864
-38.68,27,18189.16228
-32.15,101,18190.746114
-32.8,31,18191.786768
38.503968,25,18192.325076
-38.2,24,18192.846726
45.0,26,18193.425238
39.0,29,18193.980176
36.0,23,18194.399916
-38.7,24,18194.912323
-38.61,24,18195.436778
-41.19,29,18195.98483
38.505051,27,18196.491356
38.003731,34,18197.182817
41.339564,26,18197.659185
-41.08,22,18198.054078
-41.34,33,18200.600602
-38.0,28,18201.037149
-38.05,33,18201.538548
-40.74,23,18201.916364
37.336752,33,18202.391494
38.024345,36,18203.005997
-38.9,27,18203.522912
-38.43,19,18203.902527
36.0,29,18204.439998
-35.27,35,18205.067074
-44.46,18,18205.385597
42.0,42,18206.156661
-32.23,30,18206.65875
38.804878,23,18207.111339
-34.6,33,18207.890247
41.236486,27,18208.495957
44.26087,32,18209.080262
38.622222,21,18209.519862
-39.0,27,18212.036323
-32.25,47,18212.697171
41.5,25,18213.085826
-35.24,28,18214.009278
-41.43,28,18214.534933
-35.58,29,18215.104996
35.537879,36,18215.783427
-35.76,32,18216.279815
-38.79,26,18216.740134
-41.22,40,18217.678135
-38.62,26,18218.207533
-33.0,30,18218.812991
44.901961,17,18219.118105
-40.13,25,18219.610368
37.471391,25,18220.063806
35.05814,28,18220.613629
-35.39,28,18221.09495
41.185874,20,18221.465489
35.877323,34,18223.952708
44.601325,26,18224.353921
-34.24,47,18225.142194
33.846667,38,18225.856034
-44.08,20,18226.253133
37.734131,27,18226.844465
-39.5,30,18227.39392
-38.23,29,18227.911102
-34.89,82,18229.51245
-32.66,52,18230.473498
40.269516,38,18231.165634
41.746032,48,18232.031629
-36.0,29,18232.568521
-38.75,28,18233.265756
47.134228,45,18235.882656
32.437888,30,18236.420689
-37.53,43,18237.202606
46.653508,25,18237.721277
-36.0,37,18238.444355
32.337838,31,18239.212219
-32.56,33,18239.884508
-32.06,30,18240.446841
-35.39,55,18241.461204
41.5,30,18242.052925
-37.56,24,18242.691989
44.567669,29,18243.260148
-41.5,23,18243.697515
-33.0,32,18244.295774
-38.66,46,18247.149408
-32.65,31,18247.786968
-35.33,32,18248.382785
32.133574,34,18249.006243
-38.13,33,18249.651872
47.726619,25,18250.112376
41.413793,22,18250.520773
35.220497,32,18251.160604
-38.72,28,18251.659809
-35.79,35,18252.358722
38.850847,27,18252.855365
-38.49,27,18253.372356
-38.69,33,18253.997339
-43.06,26,18254.564499
35.633803,31,18255.175339
39.0,21,18255.743945
41.779468,24,18256.191325
-38.35,33,18256.740094
46.8,16,18257.196537
44.607477,21,18259.439436
42.0,22,18259.850462
39.0,28,18260.388707
-44.43,27,18261.01423
-38.63,24,18261.45522
32.428571,31,18262.065494
-44.97,24,18262.480491
-35.05,31,18263.096454
-43.88,26,18263.673505
-40.54,25,18264.19317
-35.91,42,18265.031077
35.568966,30,18265.625718
44.376384,18,18265.96177
-38.47,28,18266.655131
-41.51,17,18266.976863
-43.71,22,18267.419804
-42.0,17,18267.724923
-41.18,24,18268.078995
44.075758,23,18268.456006
-35.01,40,18271.087398
45.0,25,18271.57357
38.607601,36,18272.267026
43.002096,19,18272.650096
38.316498,28,18273.1391
36.0,30,18273.680778
35.711268,31,18274.306177
-41.14,39,18275.030847
-39.0,30,18275.619174
41.278146,27,18276.156705
-35.79,31,18276.773296
41.672269,22,18277.158744
38.065317,47,18278.091105
-44.31,29,18278.681448
-37.45,25,18279.134413
38.737179,39,18279.85474
-38.28,25,18280.318202
-32.91,34,18282.805749
41.902724,36,18283.467775
34.651111,37,18284.179696
-38.2,29,18284.788585
43.317014,52,18285.970606
38.048873,26,18286.491653
-38.26,20,18286.86285
-37.97,30,18287.437946
41.358553,25,18287.914093
37.207291,22,18288.343191
-41.75,29,18288.893043
41.965909,27,18289.426835
38.321782,36,18290.118373
38.675373,23,18290.571277
38.504178,28,18291.129103
38.268914,28,18291.629032
-44.69,29,18292.097992
41.596273,23,18292.459838
-32.85,43,18295.062302
-41.94,28,18295.507106
-39.0,35,18296.213487
36.5454,41,18297.270218
-44.26,18,18297.722229
38.178082,36,18298.507153
42.728793,24,18299.071031
41.100671,31,18299.758588
35.067227,25,18300.303015
-38.37,26,18300.775292
39.0,24,18301.274693
-41.13,18,18301.601532
-37.48,28,18302.446253
-35.82,32,18303.007241
38.876923,27,18303.505571
32.356164,34,18304.10204
37.936224,26,18304.520353
40.528689,20,18306.940886
-35.48,33,18307.513994
-35.84,44,18308.306201
-38.36,24,18308.742931
40.525641,27,18309.244803
35.513423,29,18309.777877
-32.06,34,18310.41317
-35.4,47,18311.379771
-41.65,23,18311.852794
-41.25,29,18312.47766
43.344093,36,18313.523715
-35.8,27,18314.116973
47.663551,13,18314.403036
-41.92,17,18314.783929
35.856604,21,18315.224454
-38.02,24,18315.721188
32.351724,45,18316.516178
-38.68,26,18317.013274
38.603922,26,18319.789241
33.0,32,18320.457457
35.04931,31,18321.107255
-32.71,29,18321.795346
-38.07,28,18322.34176
-35.17,32,18322.890465
38.377863,23,18323.331587
-32.81,32,18323.9376
-35.75,31,18324.689989
40.655489,28,18325.239386
-38.04,27,18325.751828
-42.0,39,18326.451982
-35.91,27,18326.956664
39.0,23,18327.334844
-35.33,51,18328.174441
39.0,27,18328.588955
-36.0,24,18328.930106
-44.5,26,18331.368465
-41.84,27,18331.968721
36.0,29,18332.57072
38.235294,22,18332.909609
43.058116,27,18333.384816
-42.0,24,18333.813914
44.612903,28,18334.322414
38.701149,21,18334.745615
44.598592,53,18335.750702
-44.53,31,18336.376554
-41.92,18,18336.663874
35.337037,29,18337.167903
32.134615,32,18337.794422
-41.27,20,18338.171674
33.0,37,18338.73325
39.0,28,18339.339144
36.0,24,18339.723554
41.210345,24,18340.301537
-38.71,25,18342.719435
44.780105,28,18343.201995
40.64208,26,18343.662108
-32.14,32,18344.240134
-44.77,29,18344.85212
-38.44,27,18345.333562
-33.0,37,18346.096644
-38.33,25,18346.590989
45.0,25,18347.126251
36.0,23,18347.549774
47.201439,28,18348.085967
-41.23,19,18348.452451
-41.09,23,18348.97942
44.424149,20,18349.388643
42.0,21,18349.769591
-38.14,75,18351.164397
-39.0,44,18351.884863
-32.82,30,18354.34177
39.0,19,18354.723293
-41.75,24,18355.171077
-41.4,22,18355.636106
-38.07,25,18356.124359
37.844091,30,18356.670823
41.249071,20,18357.02585
38.35873,31,18357.613296
-41.74,20,18358.173516
35.859922,36,18358.808549
-41.51,20,18359.172989
-37.6,37,18359.845998
35.821293,32,18360.407804
47.153846,21,18360.797667
-32.78,33,18361.328125
-42.92,24,18361.762239
-35.81,31,18362.276523
40.540134,21,18362.631528
42.0,15,18362.909739
-40.59,75,18366.282414
-42.0,27,18366.837409
41.315385,26,18367.314235
-38.02,27,18367.81207
-37.87,42,18368.584091
-40.35,30,18369.125998
34.131743,34,18369.815358
-41.09,24,18370.246134
41.469388,25,18370.744894
41.572,40,18371.44887
-41.17,28,18371.897722
-38.66,26,18372.35134
32.611111,51,18373.102764
42.0,23,18373.497525
-39.0,40,18374.132612
35.19685,30,18374.690701
-39.0,28,18377.319718
-38.6,24,18377.766017
43.417719,22,18378.181756
-38.24,33,18378.770427
35.461255,28,18379.517295
-38.9,53,18380.477732
-42.0,22,18380.882546
-43.85,25,18381.336
35.248485,25,18381.795595
33.0,39,18382.52037
-43.83,22,18382.946429
41.492308,39,18383.558239
41.075829,24,18383.920249
35.68595,31,18384.432456
-34.5,38,18385.075214
-39.0,23,18385.426913
-40.85,28,18385.937171
47.122112,14,18386.220841
41.819876,27,18388.772731
-38.25,25,18389.192189
32.483333,35,18389.841295
41.028384,34,18390.47902
32.440154,53,18391.639323
35.597222,38,18392.489843
33.0,37,18393.149876
-44.32,30,18393.676605
-31.65,37,18394.313391
-37.74,31,18394.842107
-38.79,28,18395.294849
-35.12,25,18395.674715
38.903614,26,18396.53586
-38.26,26,18397.130113
-40.51,32,18397.791332
35.453488,27,18398.266148
-38.64,26,18400.686462
-47.69,26,18401.108568
-35.13,38,18401.675579
35.338403,46,18402.341317
-38.5,28,18402.77786
44.366255,22,18403.118093
38.530303,31,18403.565283
42.0,19,18403.880216
-38.18,24,18404.473648
41.020492,23,18404.964897
-41.51,26,18405.350936
35.052439,50,18406.057531
-44.91,32,18406.502865
-35.13,34,18407.008363
32.049296,57,18407.852623
37.421292,32,18408.324179
-32.32,33,18410.617514
41.942857,48,18411.297304
-34.99,36,18411.838634
38.9,36,18412.366909
-38.78,27,18412.764965
-41.85,30,18413.208276
-42.0,23,18413.576032
-40.97,26,18413.949165
35.538462,49,18414.687288
40.587452,22,18415.008809
40.631439,29,18415.398825
-42.0,18,18415.628423
38.920245,30,18416.025332
-37.61,25,18416.35935
32.168498,35,18416.850051
-43.13,27,18417.283357
-35.62,29,18420.30543
40.523622,30,18420.736558
39.0,27,18421.148675
41.883803,19,18421.466292
-38.55,28,18421.870352
41.5,33,18422.350117
-32.44,28,18422.782767
-37.55,31,18423.26214
-38.51,23,18423.763772
35.5,52,18424.472742
-35.52,26,18424.80056
-35.91,31,18425.214168
43.218712,23,18425.669922
35.090909,27,18426.114216
39.0,27,18426.499766
-32.58,76,18427.608752
-41.62,17,18427.889855
44.15272,24,18430.122452
-40.28,29,18430.564987
-38.09,20,18430.910441
36.0,27,18431.321187
-35.93,30,18431.726407
-38.49,49,18432.631102
38.81323,25,18433.016147
35.569038,28,18433.431022
32.132353,49,18434.128307
-36.0,32,18434.65154
-32.28,33,18435.201054
-39.0,28,18435.99093
-35.0,30,18436.395926
34.617057,35,18437.057068
-44.79,26,18437.458837
41.031111,31,18437.963371
47.52349,18,18438.218286
-43.58,44,18440.699613
37.260078,31,18441.167721
-38.81,24,18441.555631
41.437229,25,18441.972452
-32.22,31,18442.386099
36.0,29,18442.771042
-43.87,26,18443.127964
-32.34,52,18443.892382
33.855667,33,18444.425187
-35.09,33,18444.905914
44.908088,19,18445.171633
-40.49,34,18445.648131
35.90106,25,18446.009886
33.0,31,18446.449497
-38.35,34,18446.946319
41.12381,22,18447.278005
41.123552,25,18447.689309
41.308346,27,18449.85457
38.606557,45,18450.519886
40.760163,21,18450.800774
-32.27,31,18451.219022
43.268851,18,18451.439257
-41.23,22,18451.823623
-41.33,28,18452.238317
-34.64,29,18452.669857
-36.0,25,18453.035688
40.625568,31,18453.519381
-43.58,23,18453.938799
-43.87,23,18454.294061
41.441791,29,18454.844103
-37.76,33,18455.32892
45.438061,19,18455.622345
38.263598,30,18456.070999
41.495798,21,18456.374417
-33.0,25,18456.767833
-36.0,30,18457.190991
46.647651,21,18459.26661
-38.34,26,18459.620416
-39.0,19,18459.907383
35.04001,33,18460.350717
-38.95,30,18460.729159
-45.0,31,18461.216401
-43.78,45,18461.849854
38.162362,27,18462.260771
-38.05,30,18462.712089
-32.19,36,18463.277406
-32.57,36,18463.862714
32.879032,34,18464.506323
35.562914,34,18464.989367
35.167194,29,18465.430199
-32.83,28,18465.837329
38.928571,21,18466.188711
43.620173,24,18466.552975
-37.8,27,18468.572772
-35.14,52,18469.282285
44.118479,23,18469.662982
-35.78,33,18470.157416
38.022654,44,18470.934949
-34.36,35,18471.464602
35.555215,29,18471.981062
-38.49,36,18472.52795
-35.54,32,18473.002475
35.65343,33,18473.492168
33.0,33,18473.988492
42.0,27,18474.406096
-41.06,26,18474.780575
39.0,19,18475.175124
-39.0,31,18475.654188
35.136811,54,18478.042917
34.571918,36,18478.55316
-42.0,24,18478.956636
-33.0,39,18479.787493
32.850694,36,18480.365193
38.305147,23,18480.667486
38.496689,29,18481.041685
-38.25,32,18481.592888
41.507752,24,18481.857401
-41.78,20,18482.08633
-41.1,26,18482.391754
-35.16,28,18482.712624
41.81295,23,18482.999956
-35.5,36,18483.426267
41.448413,55,18484.154226
35.200628,45,18484.779692
-36.0,36,18486.568487
38.076062,25,18486.942203
-38.05,28,18487.31639
-39.0,27,18487.689964
35.161922,30,18488.106839
-37.73,27,18488.483955
-32.29,33,18488.947454
41.813505,28,18489.332836
38.011111,25,18489.626135
41.5,31,18490.021131
35.64486,30,18490.395431
-42.56,34,18490.859768
38.451852,27,18491.180966
32.182171,38,18491.965328
32.372168,29,18492.311196
33.0,42,18492.771221
39.0,52,18494.673762
32.537217,30,18495.046429
-43.83,24,18495.550357
40.799804,33,18495.944662
38.793893,25,18496.265752
-41.31,26,18496.580737
47.113889,28,18496.9134
-44.79,20,18497.152548
-32.91,33,18497.553175
-39.0,30,18497.901649
41.962406,25,18498.197978
36.0,29,18498.547852
43.468448,23,18498.820094
-45.0,34,18499.248313
36.0,22,18499.527906
-40.55,28,18499.872866
46.376427,28,18500.202259
-46.94,22,18500.464334
32.178182,34,18500.922495
-37.6,29,18502.633584
-38.62,25,18502.932294
41.65343,24,18503.246111
38.902834,26,18503.563663
-38.91,28,18503.883874
41.30597,24,18504.313524
-41.13,23,18504.622346
-37.85,32,18505.058274
-38.49,26,18505.363153
-38.63,30,18505.70529
-41.95,33,18506.113688
-38.03,28,18506.492478
44.724138,21,18506.74656
-47.03,29,18507.063657
-44.14,22,18507.348076
39.0,38,18508.23094
-38.2,26,18508.623304
-41.31,35,18509.222258
40.512793,30,18511.002357
40.072823,41,18511.559941
40.948759,30,18511.959488
-35.59,22,18512.232051
40.142565,73,18513.087285
-47.92,27,18513.425756
-36.0,27,18513.746193
37.706368,34,18514.170154
-41.88,33,18514.757635
47.5,21,18515.050001
44.616667,32,18515.445561
-44.87,28,18515.828051
35.345691,31,18516.224387
35.391691,27,18516.565738
32.765714,26,18516.91266
38.0875,32,18517.303177
44.058251,21,18517.609564
-40.56,29,18519.391208
-40.81,21,18519.638278
38.658462,38,18520.085641
-42.0,37,18520.576822
35.679537,30,18520.948926
-32.65,40,18521.434717
33.0,34,18521.811609
43.848948,22,18522.09656
37.60252,30,18522.46602
32.403448,36,18522.905791
-35.71,30,18523.261141
44.078358,18,18523.476647
38.157895,36,18523.92289
-38.05,27,18524.231026
-41.78,21,18524.501122
44.321285,23,18524.7481
-32.47,42,18525.382352
-41.09,36,18527.282881
36.0,33,18527.669207
-47.21,18,18527.926682
-37.37,47,18528.566847
43.682391,38,18529.005573
-42.0,25,18529.332948
35.235294,35,18529.736141
37.414539,35,18530.142864
41.197531,26,18530.478915
-36.0,25,18530.860804
-42.0,25,18531.190865
44.346667,21,18531.428643
-41.79,33,18531.83118
39.0,31,18532.241417
39.0,26,18532.581661
35.853147,55,18533.253765
-41.24,32,18535.207826
38.497835,23,18535.531921
34.883043,42,18536.008367
-35.13,29,18536.51859
32.182663,70,18537.379912
41.136792,49,18538.66178
-38.84,30,18539.083566
-35.57,36,18539.525436
-41.59,16,18539.719277
44.239437,24,18540.232366
38.08365,27,18540.582604
38.671533,33,18540.995623
-41.25,25,18541.300216
41.026936,22,18541.592462
-31.68,39,18542.040359
41.139778,29,18543.790769
-43.24,78,18544.890903
35.901141,31,18545.260608
-37.81,28,18545.676337
33.0,56,18546.393846
-40.82,19,18546.652528
-45.0,16,18546.877013
-35.42,28,18547.25921
44.340116,21,18547.538149
-44.54,30,18547.9307
-32.5,38,18549.103071
32.926923,37,18549.596912
36.0,21,18549.84352
32.403101,73,18550.711946
38.5,28,18552.887381
-41.76,27,18553.190392
-41.82,79,18554.210747
32.753555,31,18554.606674
-47.26,36,18555.054013
34.560602,35,18555.871533
36.467612,29,18556.291727
-35.25,30,18556.833168
32.058559,25,18557.142512
38.065041,28,18557.495695
-39.72,25,18557.79341
-41.28,20,18558.026594
36.0,28,18558.391613
-41.34,28,18558.736257
33.0,37,18559.202472
-31.66,35,18559.639982
-35.5,33,18561.461581
34.447315,38,18561.936601
41.218186,34,18562.383777
-35.81,39,18562.829969
-36.0,24,18563.122139
48.0,56,18563.769295
38.738462,26,18564.090274
-38.58,32,18564.487546
-35.33,25,18564.888474
-36.0,31,18565.307488
-44.51,48,18565.900908
39.0,30,18566.71219
38.234615,25,18567.017227
41.271845,35,18567.461592
-47.18,19,18567.729944
38.876543,37,18569.610904
-38.59,39,18570.118547
35.201961,31,18570.537089
-35.34,30,18570.927485
-40.98,21,18571.166811
35.536083,26,18571.6146
-41.84,25,18571.928229
-41.78,25,18572.28417
43.032347,34,18572.700666
38.240741,30,18573.053523
-41.37,25,18573.410872
-32.25,37,18573.934135
38.351351,38,18574.399754
41.037783,24,18574.684047
-35.51,29,18575.058845
-35.45,41,18575.60121
-35.85,26,18575.91958
-38.17,26,18576.210612
35.868217,33,18578.000422
35.516667,36,18578.507028
-44.57,61,18579.246221
-38.2,36,18579.676201
-42.0,26,18580.107194
-35.66,25,18580.409018
-35.38,27,18580.732686
-41.68,30,18581.103555
-42.0,22,18581.339219
42.0,22,18581.623686
-37.99,29,18582.013558
-32.1,32,18582.397647
-38.72,31,18582.782088
-36.0,34,18583.250262
41.625926,30,18583.614453
33.0,37,18584.51862
-47.05,23,18586.397558
39.0,23,18586.700521
-32.81,54,18587.492745
-45.0,23,18587.747403
36.815884,37,18588.243339
34.074393,75,18589.18092
-40.59,23,18589.915901
41.007299,26,18590.240694
-44.01,20,18590.47079
-42.76,27,18590.788125
-36.0,29,18591.174929
-41.65,23,18591.421983
38.350195,22,18591.684063
-41.47,20,18591.92065
40.100966,26,18592.234868
-35.63,32,18592.632422
-38.28,27,18592.974943
45.0,21,18594.642953
-43.93,19,18594.877596
-38.88,26,18595.23145
-35.58,43,18595.785459
-41.33,56,18596.52676
-40.91,28,18596.88269
-48.0,17,18597.106781
-38.34,31,18597.488812
39.0,20,18597.697342
-45.0,29,18598.096078
32.169118,39,18598.573348
33.0,56,18599.234628
44.663755,18,18599.455744
32.396761,32,18599.908498
47.321839,42,18600.456394
-43.3,19,18600.709301
32.526316,33,18602.648484
-39.0,36,18603.099565
-38.5,32,18603.519355
-45.0,15,18603.694799
-39.83,28,18604.039693
35.441038,25,18604.495491
40.993823,25,18604.815301
41.158879,21,18605.078076
-32.62,35,18605.550191
-42.0,30,18605.936019
37.836947,25,18606.258825
41.800766,23,18606.550471
44.440233,30,18606.913676
38.78777,28,18607.26114
-41.24,24,18607.54825
33.0,41,18608.117144
45.0,16,18608.31295
32.655303,32,18608.793694
-41.24,25,18609.13007
32.572414,30,18610.860172
-37.68,38,18611.561258
38.490055,54,18612.200175
47.323907,16,18612.395761
-41.14,26,18612.719733
35.826367,33,18613.113996
40.602174,27,18613.46899
-42.0,27,18613.808601
33.0,60,18614.612398
-35.82,31,18614.981921
-37.84,28,18615.320579
-38.26,49,18615.952534
-32.37,43,18616.498749
-41.59,24,18616.80322
44.488462,21,18617.07057
-35.25,30,18618.909356
-40.39,39,18619.431344
-38.81,44,18619.991515
47.065972,29,18620.382591
-35.55,31,18620.782825
-38.04,25,18621.08199
37.115509,28,18621.401188
36.0,27,18621.720381
-45.0,23,18621.99524
-43.83,45,18622.65267
32.824627,44,18623.2889
37.751724,47,18624.118939
39.0,28,18624.474847
-44.18,18,18624.695749
35.737643,53,18625.358236
-41.07,33,18627.117912
40.887234,23,18627.427628
35.335277,32,18627.843964
-37.44,30,18628.222285
37.305934,31,18628.630509
38.57346,32,18629.149318
32.695364,48,18629.825016
-33.0,40,18630.369577
-38.94,39,18630.84958
35.319355,34,18631.289665
-44.35,29,18631.648997
36.0,42,18632.156103
-35.18,28,18632.484016
-38.71,26,18632.781218
38.731518,41,18633.79764
-44.22,24,18635.450883
-37.58,26,18635.796012
-36.0,26,18636.149247
-40.66,23,18636.412925
36.0,38,18636.866889
38.725632,29,18637.264097
40.522959,41,18637.785664
43.610857,17,18638.022757
32.891608,33,18638.470622
-38.44,23,18638.783765
38.670732,26,18639.133561
-35.46,36,18639.584486
34.896352,30,18639.956525
35.6875,35,18640.428062
41.880546,21,18640.677852
-35.4,31,18641.081964
44.125,24,18641.472209
-42.0,23,18641.76706
42.0,29,18643.494675
38.625828,30,18643.865586
-38.41,37,18644.397117
-44.79,35,18644.836607
45.0,16,18645.044351
38.485477,27,18645.346656
-32.33,27,18645.688424
-42.0,41,18646.186501
-41.58,21,18646.567352
-42.0,19,18646.839952
36.0,31,18647.231646
-41.14,29,18647.564193
-47.13,20,18647.786729
38.130214,25,18648.062029
41.875,20,18648.324624
36.0,30,18648.700135
37.895882,27,18649.062031
-40.26,22,18649.329147
-35.58,33,18649.720159
38.566265,25,18651.378591
-32.59,33,18651.799184
41.638462,22,18652.059943
-36.0,26,18652.403289
43.594038,28,18652.780711
42.0,24,18653.087192
-44.79,18,18653.280738
41.534247,23,18653.581542
32.05036,41,18654.103885
41.233645,25,18654.414774
-40.91,40,18654.884753
35.439929,28,18655.224893
45.0,22,18655.522307
-41.46,22,18655.763812
-41.46,23,18656.057519
-35.56,39,18656.57197
47.205988,18,18656.825742
-40.54,27,18657.185431
44.61165,19,18657.40809
38.183099,25,18657.731597
-39.05,34,18659.699123
-45.0,23,18659.972049
-32.86,28,18660.2831
35.8,31,18660.704379
32.186508,34,18661.113256
36.0,27,18661.458735
-35.5,22,18661.960809
41.125,22,18662.217309
-41.71,36,18662.650299
-34.94,29,18663.022124
38.543726,24,18663.328202
-42.0,26,18663.631143
-47.69,27,18664.016451
38.898413,25,18664.474818
-35.47,37,18664.975852
41.435714,33,18665.377865
38.399661,57,18667.474087
41.471186,20,18667.740642
44.372449,24,18668.032704
41.843206,32,18668.450335
38.89697,22,18668.751052
-41.57,44,18669.255238
41.223529,20,18669.465077
38.529801,19,18669.714211
47.219557,107,18671.01702
-47.03,21,18671.285774
-37.07,48,18671.869647
47.619772,23,18672.178374
38.272414,27,18672.526177
40.032618,33,18672.910311
-32.49,35,18673.345067
35.032847,34,18673.769313
-39.0,27,18675.428744
35.30543,46,18676.108986
-37.8,33,18676.509765
41.417204,26,18676.84647
32.32,49,18677.387699
-40.93,28,18677.736719
37.16235,23,18678.153833
38.282723,31,18678.518312
40.235508,19,18678.737073
-38.26,32,18679.09406
35.212905,30,18679.456967
-38.71,30,18679.808108
35.775244,30,18680.373241
-37.82,27,18681.088956
-44.16,25,18681.393839
-37.73,24,18681.70937
33.0,29,18682.05045
38.646586,31,18683.781106
36.0,44,18684.333771
-43.8,31,18684.716673
38.444043,29,18685.062896
32.820833,39,18685.581962
44.507874,24,18685.854012
32.466667,30,18686.243175
-38.52,23,18686.565873
-34.7,28,18686.906132
41.920635,21,18687.187866
41.04059,22,18687.487803
-41.57,25,18687.798248
39.0,39,18688.250165
39.0,26,18688.701491
-40.75,28,18689.031176
48.0,20,18689.272238
-41.43,32,18689.643826
-37.59,23,18689.93898
37.378871,27,18691.606387
47.533815,19,18691.865654
-31.84,39,18692.348994
-41.86,23,18692.651613
37.524547,35,18693.083875
-45.0,25,18693.413299
-38.7,35,18693.797052
33.0,33,18694.170012
-35.05,30,18694.584348
-35.19,30,18694.963916
-37.71,25,18695.267491
36.0,27,18695.590255
42.0,26,18695.866818
35.145299,25,18696.172434
41.409091,18,18696.401121
-32.13,41,18696.875637
35.679104,40,18697.342981
-35.76,35,18699.077902
32.506173,38,18699.677357
35.258427,30,18700.034734
39.0,39,18700.52831
38.824627,67,18701.354092
-43.31,16,18701.553302
-41.64,21,18701.845221
38.182879,28,18702.193861
44.030303,17,18702.852012
-32.03,36,18703.307025
38.149425,24,18703.629091
-38.4,24,18703.923921
37.980663,37,18704.409636
35.458194,24,18704.69901
34.906617,32,18705.098653
38.168966,30,18705.482579
40.987719,31,18707.113704
41.437984,21,18707.37928
-41.26,25,18707.729513
39.0,30,18708.152448
37.645742,29,18708.501025
42.0,23,18708.761558
-35.28,34,18709.194889
-44.09,25,18709.522663
-41.8,41,18709.998143
42.0,24,18710.27211
32.170163,30,18710.656497
39.0,24,18710.951802
-41.78,26,18711.259786
-38.5,29,18711.632565
-36.0,36,18712.175958
-41.1,27,18712.499761
-41.45,26,18712.809503
40.775986,28,18713.17413
-34.56,21,18713.895645
35.324503,42,18715.736059
38.693798,28,18716.069299
-41.17,24,18716.340583
-32.21,41,18716.853558
38.392405,26,18717.183805
-44.35,34,18717.580031
40.240283,28,18717.917315
-38.73,26,18718.248068
-41.8,22,18718.51402
-36.0,31,18718.892604
33.0,25,18719.216065
-37.17,28,18719.583917
-41.02,25,18719.898808
41.11745,41,18720.357205
40.923918,26,18720.643631
-47.02,15,18720.832336
38.803279,27,18721.125795
-44.31,63,18723.181734
-41.24,28,18723.565994
35.296578,23,18723.863747
-32.5,31,18724.23085
-33.0,46,18724.806144
32.487603,24,18725.12482
38.434084,58,18725.814727
-32.71,56,18726.480383
35.60061,59,18727.226153
-36.0,34,18727.657604
-38.67,43,18728.164448
38.513281,58,18728.812514
-35.97,39,18730.543098
-32.75,29,18730.90578
35.801325,31,18731.524371
36.0,55,18732.161477
-43.89,19,18732.401206
-37.54,23,18732.660755
38.592025,21,18732.940126
-44.7,31,18733.293279
41.003636,22,18733.548414
-41.19,28,18733.99581
32.123675,42,18734.498018
-44.29,31,18734.910776
-44.68,31,18735.274437
-38.61,67,18736.091961
40.127401,37,18736.568874
-38.07,24,18736.847869
37.681208,55,18738.878559
-47.04,29,18739.262135
-43.28,24,18739.529746
-34.7,39,18739.991105
-44.08,47,18740.543938
38.748485,55,18741.185807
37.572525,30,18741.554174
-37.32,34,18742.658784
38.057001,24,18742.974063
35.059211,29,18743.323905
-43.78,38,18743.811913
41.3407,27,18744.138571
-44.28,28,18744.495974
-35.49,29,18744.813856
47.303279,32,18746.447681
41.221429,24,18746.742868
32.619938,30,18747.106879
41.219033,24,18747.406975
-40.58,31,18747.787276
41.055319,24,18748.120307
-40.89,33,18748.519645
38.933775,56,18749.22689
-38.57,28,18749.555963
-40.55,33,18749.948069
-32.89,29,18750.454621
-32.81,30,18750.805953
39.0,26,18751.128874
-32.96,28,18751.466654
42.0,27,18751.862271
-44.74,33,18752.236063
36.0,33,18752.667852
42.0,24,18754.438933
-43.15,49,18755.075373
35.633588,36,18755.535631
-44.12,22,18755.787683
34.989358,27,18756.09204
-35.86,39,18756.556424
-40.41,31,18756.915638
-36.0,27,18757.386631
-41.63,33,18757.804351
-44.81,26,18758.120057
40.99722,21,18758.411993
-35.52,27,18758.72871
-41.35,29,18759.092974
-35.63,34,18759.521523
-38.91,25,18759.838181
-38.94,41,18760.327881
-41.15,21,18760.615009
-42.0,49,18762.442134
35.799331,21,18762.737199
41.396552,28,18763.137722
39.0,29,18763.518497
41.629428,16,18763.708568
-37.21,27,18764.014584
32.314815,35,18764.437536
-44.08,17,18764.662495
41.839695,35,18765.076741
44.716981,18,18765.319399
-32.58,33,18765.715773
36.0,38,18766.216259
-36.0,35,18766.64034
35.11811,26,18766.936167
39.0,26,18767.234667
-38.88,99,18768.499714
37.504322,30,18770.167993
39.0,70,18771.051657
42.760112,30,18771.442906
38.723404,33,18771.842655
41.12069,24,18772.158873
-40.18,32,18772.54523
-38.91,22,18772.82254
36.0,31,18773.180942
38.721461,38,18773.620316
38.875,26,18773.942473
-38.49,36,18774.368176
-40.48,29,18774.728853
32.815789,34,18775.116264
35.300971,36,18775.526122
-38.29,26,18775.833475
32.578947,66,18777.900164
32.592334,39,18778.392359
36.0,32,18778.779681
-38.08,46,18779.350912
37.163892,39,18779.810255
35.663462,32,18780.194702
37.027589,30,18780.574455
-41.68,20,18780.828664
38.938849,28,18781.148596
35.273381,30,18781.494195
32.938312,26,18781.89886
38.255639,28,18782.224673
-34.25,26,18782.535096
-47.3,24,18782.816698
-34.25,55,18783.455844
-35.19,38,18785.218093
39.0,39,18785.708489
-34.3,34,18786.157702
-41.18,27,18786.487488
-41.53,21,18786.739581
40.517693,29,18787.79954
35.901099,33,18788.250228
34.731216,52,18788.964094
36.688113,24,18789.229142
41.529221,24,18789.517541
38.428058,34,18789.921451
-38.79,30,18790.282354
-39.0,33,18790.65963
38.415162,25,18790.957097
-35.78,45,18791.49409
-38.69,23,18791.748309
41.330218,27,18793.309989
41.587234,33,18794.009805
40.778212,26,18794.364035
41.14717,25,18794.675794
41.738095,28,18794.997125
-35.13,28,18795.330909
41.68,32,18795.747134
-43.82,54,18796.412395
-32.65,33,18797.293445
-41.7,24,18797.576245
-32.78,31,18797.936602
34.765298,38,18798.467188
44.19375,31,18798.845604
-40.82,32,18799.230812
-41.69,23,18799.61906
38.201987,25,18799.99265
-41.12,29,18800.338434
-37.65,33,18802.02831
-44.43,33,18802.406059
42.0,29,18802.729869
-45.0,16,18802.947602
34.758077,32,18803.334165
44.678862,17,18803.556592
-38.75,25,18803.840542
-45.0,25,18804.159853
-41.07,36,18804.566584
-32.17,34,18805.067289
42.0,27,18805.411281
-38.04,35,18805.84884
33.0,31,18806.244909
34.723861,30,18806.602027
47.827893,27,18806.964606
41.652778,27,18807.321427
-35.34,29,18807.875623
-38.63,48,18809.734224
42.0,26,18810.042432
32.675,40,18810.759182
-34.52,30,18811.160939
41.331967,27,18811.480411
-35.57,33,18811.887301
35.385455,36,18812.301138
41.092527,21,18812.561122
-41.66,19,18812.774413
-41.35,28,18813.114789
-38.44,21,18813.371787
35.119403,33,18813.773393
-34.64,52,18814.374872
38.559322,34,18814.756945
44.734628,46,18815.336232
-32.38,30,18815.693126
-38.73,26,18817.298349
34.659063,32,18817.693484
41.107871,26,18818.000639
44.077364,26,18818.326841
-41.65,26,18818.606766
-39.0,72,18819.528805
38.93985,31,18819.909061
-35.02,25,18820.233436
40.621532,25,18820.527075
-34.25,31,18820.919138
-32.14,35,18821.339238
-33.0,33,18821.719243
38.018382,42,18822.229456
-32.9,36,18822.630189
41.882129,28,18823.019075
-47.5,23,18823.320476
-38.47,33,18824.954465
-35.77,24,18825.204733
37.151336,39,18825.667023
32.901235,31,18826.157511
-40.72,31,18826.544274
35.64,31,18826.912629
-38.41,26,18827.244435
44.308943,27,18827.631846
-41.64,21,18828.568687
39.686892,23,18828.811399
-38.33,26,18829.993066
38.240777,24,18830.267548
-41.4,25,18830.597556
43.225437,29,18830.986303
-39.0,40,18831.435216
43.543997,23,18831.728659
38.285478,23,18831.979706
35.741379,52,18833.871119
-38.64,32,18834.257553
-37.64,30,18834.611822
41.745455,18,18834.900338
47.102668,26,18835.218388
32.480769,30,18835.559654
-44.08,21,18835.939663
37.928228,26,18836.37421
38.697674,21,18836.602961
46.10651,25,18836.901902
-44.55,27,18837.207546
-41.01,23,18837.621819
41.439252,34,18838.013545
-38.66,30,18838.391349
-41.05,23,18838.697648
41.298851,35,18839.840537
41.426365,35,18840.277338
36.0,28,18840.609668
-37.94,27,18840.89896
44.52069,29,18842.499578
41.369197,45,18842.996252
-35.27,32,18843.388317
-38.41,41,18843.909228
-33.0,30,18844.349403
-35.29,28,18844.685483
41.880597,24,18844.972651
-39.88,45,18845.53837
37.618421,30,18845.938017
-37.84,39,18846.372913
-36.0,40,18846.823171
36.0,27,18847.145925
44.414035,18,18847.363413
34.613353,47,18847.993923
-43.61,41,18848.576715
-41.62,24,18850.204913
-36.58,53,18850.861703
36.895843,29,18851.249394
36.0,27,18851.598117
-35.77,66,18852.400117
-42.0,28,18852.773185
35.20339,31,18853.156097
41.532751,37,18853.594819
-38.76,24,18853.8785
40.451724,24,18854.183259
38.902778,19,18854.402744
-41.91,19,18854.595728
-35.44,31,18855.019405
38.117013,24,18855.348536
45.0,24,18855.700878
-44.58,30,18856.069872
41.129496,20,18856.297942
-33.0,32,18857.971955
37.530119,30,18858.300683
34.237259,35,18858.721221
-35.68,28,18859.042678
-35.92,37,18859.520193
-35.91,23,18859.844537
47.515267,23,18860.121406
44.11041,37,18860.556471
34.55897,37,18861.016629
41.344169,25,18861.474915
-37.14,40,18861.947361
-41.45,23,18862.246387
-41.04,32,18862.666918
-39.51,25,18862.949911
35.008403,48,18863.513601
47.17803,22,18863.772783
36.0,28,18864.133089
-36.0,55,18866.10542
-41.81,31,18866.498583
36.0,27,18866.81761
38.754967,32,18867.196166
-39.0,19,18867.503975
-43.98,36,18867.949592
39.0,52,18868.52192
37.963878,25,18868.82029
37.447362,26,18869.132251
38.148197,24,18869.416193
41.437743,33,18869.797595
-42.0,27,18870.127817
36.0,26,18870.42327
-38.66,28,18870.752715
-39.0,33,18871.217043
-38.62,28,18871.594574
35.624138,28,18873.229196
-38.53,27,18873.561326
-40.99,36,18874.040619
41.056555,38,18874.517761
44.375999,51,18875.133262
34.745903,31,18875.509182
38.881041,23,18875.790373
44.661157,33,18876.159539
38.692607,30,18876.527486
-32.46,34,18876.963933
-32.84,29,18877.311423
41.712598,19,18877.564718
-36.0,22,18877.796068
38.238304,27,18878.10394
-38.01,28,18878.408371
41.79538,26,18878.736206
43.80617,27,18879.079131
-39.0,37,18880.838669
-37.47,28,18881.211977
-41.91,19,18881.417897
35.390511,41,18881.891772
32.5,26,18882.213259
-44.13,68,18883.029732
-32.54,39,18883.463967
32.467213,33,18883.862769
43.117775,29,18884.750182
-35.3,30,18885.123627
32.794677,29,18885.461375
41.803279,26,18885.780929
43.707886,25,18886.065057
-47.03,14,18886.228232
35.483469,35,18886.655068
43.958955,38,18887.108047
