turn,own_hp,opp_hp,n_legal_switch,n_legal_move,p_switch,p_attack,top_action,top_is_switch,top_prob,margin,value,cf_fullhp_top,cf_flips
1,1.0,1.0,5,8,0.6391,0.3609,4,1,0.3559,0.107,-19.937,4,0
2,0.768,1.0,5,8,0.0321,0.9679,6,0,0.3422,0.0424,-18.704,22,1
1,1.0,1.0,5,8,0.1849,0.8151,22,0,0.4609,0.3581,-19.261,22,0
3,0.312,1.0,5,8,0.0984,0.9016,7,0,0.2972,0.0096,-19.879,22,1
2,0.718,0.6,5,4,0.4115,0.5885,6,0,0.2709,0.0341,-19.382,6,0
1,1.0,1.0,5,8,0.0613,0.9387,9,0,0.4598,0.3271,3.46,9,0
3,0.0,1.0,5,0,1.0,0.0,1,1,0.5771,0.3205,-19.866,2,1
1,1.0,1.0,5,8,0.0269,0.9731,7,0,0.3169,0.0638,-22.352,7,0
3,0.17,0.22,5,4,0.2918,0.7082,6,0,0.3236,0.1377,-20.481,6,0
4,1.0,1.0,4,8,0.2281,0.7719,7,0,0.2005,0.0304,-21.085,7,0
1,1.0,1.0,5,8,0.2658,0.7342,23,0,0.3626,0.1776,-17.485,23,0
2,0.901,0.8,5,8,0.0227,0.9773,22,0,0.3468,0.1109,-22.564,22,0
2,0.903,1.0,5,8,0.3959,0.6041,23,0,0.4228,0.1744,4.017,23,0
3,0.0,0.13,5,0,1.0,0.0,1,1,0.4165,0.2012,-16.824,2,1
1,1.0,1.0,5,8,0.0015,0.9985,7,0,0.3358,0.0762,-14.64,7,0
5,0.765,0.55,4,2,0.7663,0.2337,5,1,0.303,0.1098,-18.417,2,1
2,0.608,0.55,5,4,0.1251,0.8749,7,0,0.8274,0.7635,-9.24,7,0
2,0.0,0.26,5,0,1.0,0.0,1,1,0.3607,0.0597,2.869,1,0
3,0.5,0.34,5,4,0.0998,0.9002,7,0,0.5047,0.3485,-22.539,9,1
2,0.543,0.27,5,8,0.0043,0.9957,22,0,0.3873,0.094,-12.47,24,1
4,1.0,0.13,4,4,0.1362,0.8638,7,0,0.4626,0.084,-14.489,7,0
6,0.775,0.61,4,8,0.1971,0.8029,8,0,0.261,0.0953,-18.98,24,1
1,1.0,1.0,5,8,0.0429,0.9571,24,0,0.8585,0.8151,-23.838,24,0
3,1.0,0.26,4,4,0.0001,0.9999,7,0,0.9999,0.9998,9.347,7,0
3,0.365,0.1,5,4,0.2773,0.7227,7,0,0.5169,0.3296,-7.028,7,0
3,0.0,0.13,5,0,1.0,0.0,1,1,0.4781,0.2128,-17.148,4,1
1,1.0,1.0,5,8,0.1791,0.8209,23,0,0.2311,0.0184,-16.705,23,0
5,0.692,0.03,4,4,0.1768,0.8232,7,0,0.5063,0.2098,-15.803,7,0
3,0.543,1.0,5,4,0.7072,0.2928,1,1,0.3341,0.0865,-2.534,1,0
7,0.543,0.06,4,8,0.1593,0.8407,8,0,0.2771,0.0863,-18.148,8,0
2,0.639,0.6,5,4,0.3836,0.6164,8,0,0.2804,0.0499,-16.745,7,1
2,0.431,1.0,5,4,0.6594,0.3406,4,1,0.2741,0.0298,-11.703,8,1
4,1.0,1.0,4,4,0.0881,0.9119,7,0,0.8911,0.8129,7.859,7,0
4,1.0,0.13,4,4,0.0451,0.9549,7,0,0.5003,0.2296,-16.868,7,0
1,1.0,1.0,5,8,0.0286,0.9714,24,0,0.4457,0.1472,-21.453,24,0
3,0.0,1.0,5,0,1.0,0.0,5,1,0.4325,0.1099,-7.34,5,0
3,0.609,1.0,5,4,0.5062,0.4938,9,0,0.2802,0.1145,-13.626,7,1
4,0.0,0.36,4,0,1.0,0.0,3,1,0.812,0.6967,5.021,4,1
3,0.495,0.17,5,4,0.4355,0.5645,8,0,0.2587,0.0385,-13.294,7,1
4,0.365,1.0,5,4,0.6783,0.3217,3,1,0.5431,0.274,-8.273,9,1
5,1.0,0.13,4,4,0.0437,0.9563,7,0,0.4838,0.1877,-17.001,7,0
4,1.0,1.0,4,4,0.3924,0.6076,7,0,0.3184,0.0683,-7.025,7,0
1,1.0,1.0,5,8,0.0683,0.9317,24,0,0.5125,0.3834,-19.36,24,0
4,0.751,1.0,5,4,0.5439,0.4561,9,0,0.203,0.0103,-13.053,7,1
6,0.397,1.0,4,4,0.1379,0.8621,6,0,0.6118,0.3987,-18.195,6,0
8,0.603,1.0,4,8,0.1122,0.8878,22,0,0.6929,0.5905,-12.146,22,0
5,1.0,0.36,3,4,0.0006,0.9994,9,0,0.5315,0.0641,6.82,9,0
2,0.881,1.0,5,4,0.0352,0.9648,8,0,0.9316,0.9085,-25.267,8,0
5,0.285,1.0,5,4,0.5792,0.4208,7,0,0.2356,0.046,-8.804,1,1
5,0.606,1.0,4,4,0.3491,0.6509,7,0,0.269,0.0717,-8.202,7,0
2,0.39,0.36,5,4,0.1982,0.8018,7,0,0.338,0.0358,-11.137,6,1
6,1.0,0.13,4,4,0.0628,0.9372,7,0,0.4123,0.14,-21.557,7,0
5,0.406,1.0,5,4,0.5,0.5,9,0,0.3019,0.0839,-14.619,9,0
6,0.0,1.0,4,0,1.0,0.0,2,1,0.4233,0.196,-23.081,5,1
9,0.505,1.0,4,4,0.4206,0.5794,9,0,0.3662,0.1018,-12.779,8,1
4,0.427,1.0,5,4,0.6105,0.3895,2,1,0.1876,0.0005,-12.937,7,1
3,0.497,0.26,5,4,0.0021,0.9979,8,0,0.9942,0.9918,-22.282,8,0
6,0.285,0.52,5,1,0.7436,0.2564,4,1,0.3569,0.1006,-6.434,7,1
6,0.046,1.0,4,4,0.2416,0.7584,7,0,0.34,0.1034,-13.926,7,0
7,0.328,0.13,4,4,0.2469,0.7531,7,0,0.4461,0.2879,-23.554,7,0
2,0.0,0.36,5,0,1.0,0.0,1,1,0.4253,0.1601,-14.236,2,1
6,0.563,1.0,5,4,0.5394,0.4606,9,0,0.2569,0.0796,-13.842,7,1
7,1.0,1.0,3,4,0.0115,0.9885,8,0,0.9561,0.9346,-17.903,8,0
6,1.0,1.0,3,4,0.0,1.0,7,0,0.9999,0.9998,9.127,7,0
10,0.41,1.0,4,4,0.4577,0.5423,9,0,0.3492,0.0495,-13.065,8,1
5,0.549,1.0,5,4,0.0435,0.9565,7,0,0.9293,0.9056,-18.068,7,0
7,1.0,0.52,5,4,0.0042,0.9958,7,0,0.9742,0.9555,-7.047,7,0
7,0.0,0.13,4,0,1.0,0.0,4,1,0.3342,0.0128,-19.832,5,1
6,0.0,1.0,4,0,1.0,0.0,2,1,0.4709,0.2074,-7.156,2,0
3,1.0,0.36,4,4,0.0014,0.9986,7,0,0.9984,0.9978,-16.489,7,0
7,0.222,1.0,5,4,0.5085,0.4915,9,0,0.3041,0.0271,-15.81,9,0
8,0.9,0.45,3,4,0.2465,0.7535,7,0,0.3089,0.083,-18.558,7,0
11,0.314,1.0,4,4,0.5044,0.4956,0,1,0.3362,0.019,-13.348,8,1
6,0.0,1.0,3,0,1.0,0.0,4,1,0.6955,0.4937,8.721,4,0
4,0.126,1.0,5,4,0.5249,0.4751,5,1,0.5035,0.0477,-19.394,8,1
8,1.0,0.13,3,4,0.5133,0.4867,5,1,0.4809,0.2024,-15.743,5,0
7,1.0,1.0,3,4,0.3264,0.6736,9,0,0.4037,0.2117,-12.856,9,0
7,0.0,1.0,5,0,1.0,0.0,1,1,0.7622,0.6586,-21.163,1,0
7,1.0,1.0,2,4,0.0591,0.9409,9,0,0.9055,0.8487,15.503,9,0
12,1.0,1.0,4,4,0.2221,0.7779,8,0,0.3351,0.1218,-9.993,8,0
6,0.117,1.0,5,4,0.7501,0.2499,5,1,0.2995,0.0849,-9.12,8,1
8,0.859,1.0,5,1,0.0227,0.9773,7,0,0.9773,0.9669,-0.781,7,0
9,0.131,0.13,3,4,0.3162,0.6838,7,0,0.3696,0.1412,-22.149,7,0
5,1.0,1.0,5,4,0.0165,0.9835,8,0,0.8392,0.7,-5.788,8,0
4,1.0,1.0,4,4,0.366,0.634,6,0,0.3977,0.2111,-18.095,6,0
8,0.613,1.0,3,4,0.4232,0.5768,9,0,0.2422,0.0157,-14.553,9,0
8,1.0,1.0,4,4,0.4086,0.5914,0,1,0.2552,0.0472,-14.289,0,0
9,0.164,1.0,3,4,0.4266,0.5734,5,1,0.2594,0.0719,-24.722,7,1
13,0.633,0.08,4,1,0.1254,0.8746,8,0,0.8746,0.791,-5.549,8,0
7,0.879,1.0,5,4,0.2762,0.7238,8,0,0.5428,0.326,-6.686,8,0
8,0.0,0.26,5,0,1.0,0.0,3,1,0.3134,0.0532,5.912,0,1
6,1.0,0.19,5,1,0.0009,0.9991,8,0,0.9991,0.9983,2.807,8,0
5,0.822,0.79,4,4,0.3703,0.6297,6,0,0.4229,0.258,-16.718,6,0
9,0.613,1.0,3,4,0.4227,0.5773,9,0,0.2425,0.0155,-14.56,9,0
8,0.0,1.0,4,0,1.0,0.0,1,1,0.6214,0.4422,-18.075,1,0
8,0.366,1.0,2,1,0.0538,0.9462,9,0,0.9462,0.8925,17.345,9,0
10,0.705,1.0,3,4,0.3072,0.6928,7,0,0.5295,0.2997,-24.263,7,0
8,0.769,0.86,5,4,0.3909,0.6091,9,0,0.4532,0.1808,-2.728,9,0
9,0.285,0.26,4,4,0.0037,0.9963,7,0,0.8977,0.8305,8.453,7,0
10,0.031,1.0,3,4,0.3223,0.6777,4,1,0.2266,0.0012,-25.271,9,1
9,1.0,1.0,3,4,0.1583,0.8417,9,0,0.467,0.334,-15.77,9,0
7,1.0,0.19,5,1,0.0009,0.9991,8,0,0.9991,0.9983,2.807,8,0
6,0.567,0.56,4,4,0.3653,0.6347,6,0,0.3607,0.1996,-15.457,6,0
10,0.343,1.0,3,4,0.3676,0.6324,9,0,0.2257,0.0214,-15.698,9,0
9,0.111,0.54,2,1,0.0163,0.9837,9,0,0.9837,0.9678,18.877,9,0
11,0.074,0.57,3,4,0.2762,0.7238,7,0,0.4526,0.2636,-25.118,7,0
14,0.633,1.0,4,1,0.841,0.1591,5,1,0.7307,0.5716,-12.621,5,0
9,0.541,0.7,5,4,0.5575,0.4425,4,1,0.3856,0.1393,-3.135,8,1
10,0.822,1.0,3,4,0.1547,0.8453,9,0,0.5336,0.4,-16.78,9,0
11,0.324,0.91,3,4,0.3323,0.6677,9,0,0.2525,0.0155,-21.609,8,1
11,0.0,0.64,3,0,1.0,0.0,2,1,0.4555,0.0772,-26.031,2,0
7,0.32,0.34,4,4,0.2966,0.7034,7,0,0.3346,0.0874,-14.096,6,1
14,0.0,1.0,4,0,1.0,0.0,0,1,0.3757,0.067,-10.436,2,1
10,0.285,1.0,4,1,0.0063,0.9937,7,0,0.9937,0.9882,9.356,7,0
11,0.149,1.0,3,4,0.3454,0.6546,7,0,0.2899,0.0818,-15.741,9,1
10,0.886,0.7,5,4,0.0007,0.9993,8,0,0.9992,0.9987,-4.37,8,0
9,0.0,0.54,2,0,1.0,0.0,2,1,0.6278,0.2555,21.75,2,0
11,0.382,1.0,3,4,0.1716,0.8284,9,0,0.4269,0.1519,-19.064,9,0
11,0.0,0.81,3,0,1.0,0.0,2,1,0.6573,0.4218,-23.515,5,1
12,0.164,0.64,2,4,0.2304,0.7696,6,0,0.2784,0.096,-24.883,9,1
8,1.0,1.0,5,1,0.5281,0.4719,4,1,0.5279,0.056,8.027,4,0
8,0.058,0.34,4,4,0.2716,0.7284,7,0,0.4982,0.358,-15.782,6,1
15,0.633,1.0,3,4,0.6706,0.3294,3,1,0.479,0.3083,-14.612,3,0
12,0.649,1.0,3,4,0.5597,0.4403,0,1,0.3519,0.1606,-22.08,0,0
10,0.0,1.0,4,0,1.0,0.0,2,1,0.4584,0.1554,9.52,2,0
10,1.0,0.54,1,4,0.0,1.0,7,0,0.9998,0.9996,22.554,7,0
10,0.0,0.7,5,0,1.0,0.0,3,1,0.4704,0.1961,-18.276,3,0
12,1.0,0.81,2,4,0.2207,0.7793,8,0,0.3607,0.1764,-23.006,8,0
12,0.444,1.0,3,4,0.1684,0.8316,9,0,0.4452,0.1874,-18.637,9,0
12,0.0,0.81,2,0,1.0,0.0,4,1,0.5965,0.1929,-26.466,3,1
9,0.59,1.0,5,4,0.0,1.0,8,0,1.0,1.0,11.905,8,0
8,0.0,0.34,4,0,1.0,0.0,3,1,0.3874,0.1129,-14.605,3,0
16,0.721,1.0,3,4,0.4363,0.5637,7,0,0.2963,0.0472,-11.751,2,1
11,1.0,1.0,3,4,0.0453,0.9547,7,0,0.4797,0.0896,7.462,7,0
11,1.0,0.7,4,4,0.1755,0.8245,7,0,0.6413,0.5248,-19.687,7,0
13,0.353,1.0,3,4,0.2412,0.7588,8,0,0.3487,0.1479,-21.149,8,0
11,0.104,0.16,1,4,0.0009,0.9991,7,0,0.9439,0.8927,17.875,7,0
12,0.0,0.71,2,0,1.0,0.0,3,1,0.5623,0.1245,-27.654,5,1
13,1.0,0.81,1,4,0.1222,0.8778,6,0,0.5574,0.4225,-24.519,6,0
13,0.259,1.0,3,4,0.1844,0.8156,9,0,0.3775,0.0634,-19.362,9,0
9,0.0,0.86,5,0,1.0,0.0,5,1,0.5425,0.2501,4.115,3,1
9,1.0,0.34,3,4,0.3777,0.6223,5,1,0.3546,0.0815,-16.43,5,0
17,0.721,1.0,3,4,0.1813,0.8187,7,0,0.6282,0.4626,-9.048,7,0
12,0.836,1.0,3,4,0.1733,0.8267,7,0,0.4522,0.2208,5.15,7,0
12,0.315,0.26,4,4,0.2542,0.7458,7,0,0.6396,0.4604,-22.773,7,0
13,1.0,0.71,1,4,0.1589,0.8411,7,0,0.3606,0.1165,-29.972,7,0
14,0.055,0.87,1,4,0.1225,0.8775,6,0,0.6109,0.4755,-28.972,6,0
10,0.877,0.86,4,4,0.0005,0.9995,7,0,0.8899,0.7846,4.206,7,0
17,0.0,0.76,3,0,1.0,0.0,0,1,0.663,0.4867,-12.602,0,0
14,0.073,1.0,3,4,0.2135,0.7865,9,0,0.361,0.057,-20.097,9,0
13,0.673,1.0,3,4,0.4637,0.5363,5,1,0.4137,0.1471,2.828,7,1
10,0.628,0.34,3,4,0.2707,0.7293,7,0,0.554,0.3088,-18.148,7,0
14,0.004,1.0,3,4,0.312,0.688,6,0,0.3941,0.1867,-15.186,6,0
12,0.104,1.0,1,4,0.0003,0.9997,8,0,0.9969,0.995,20.621,8,0
12,0.0,0.26,4,0,1.0,0.0,5,1,0.2599,0.001,-21.886,2,1
14,0.757,0.25,1,4,0.121,0.879,7,0,0.4219,0.2115,-29.257,7,0
14,0.0,0.93,1,0,1.0,0.0,3,1,1.0,1.0,-28.253,3,0
18,0.633,0.76,2,4,0.0396,0.9604,6,0,0.6315,0.4284,-9.867,6,0
15,0.135,1.0,3,4,0.2018,0.7982,9,0,0.365,0.0532,-19.644,9,0
13,0.0,1.0,3,0,1.0,0.0,0,1,0.6948,0.4919,-7.266,0,0
15,0.004,1.0,3,4,0.3109,0.6891,6,0,0.3867,0.1834,-15.509,6,0
13,0.104,0.67,0,1,0.0,1.0,8,0,1.0,1.0,22.198,8,0
13,0.541,0.26,3,4,0.1611,0.8389,9,0,0.6568,0.5414,-19.395,9,0
15,1.0,0.93,0,4,0.0,1.0,7,0,0.5923,0.2855,-27.82,7,0
11,0.877,1.0,0,1,0.0,1.0,6,0,1.0,1.0,17.904,6,0
11,0.195,1.0,3,4,0.2218,0.7782,8,0,0.4053,0.2063,-11.101,8,0
15,0.0,1.0,3,0,1.0,0.0,2,1,0.4483,0.1393,-25.52,3,1
14,0.365,1.0,2,4,0.1269,0.8731,7,0,0.7297,0.6116,-10.343,7,0
15,0.0,0.18,3,0,1.0,0.0,2,1,0.5424,0.294,0.595,2,0
14,0.338,0.15,3,4,0.1863,0.8137,9,0,0.6213,0.4986,-20.78,9,0
15,0.531,1.0,1,4,0.1391,0.8609,7,0,0.4895,0.2873,-30.185,7,0
12,0.542,1.0,4,1,0.725,0.275,1,1,0.5442,0.2692,9.977,3,1
19,0.633,1.0,2,1,0.8276,0.1724,2,1,0.6421,0.4566,-8.269,2,0
11,0.0,1.0,3,0,1.0,0.0,3,1,0.7205,0.4746,-17.728,3,0
16,1.0,1.0,2,4,0.0948,0.9052,9,0,0.3721,0.0125,-22.321,9,0
16,0.649,0.18,2,4,0.529,0.471,3,1,0.5244,0.2034,-2.648,3,0
14,0.0,1.0,2,0,1.0,0.0,1,1,0.6562,0.3124,-13.14,2,1
16,0.395,1.0,0,4,0.0,1.0,7,0,0.5147,0.172,-27.491,7,0
15,0.128,0.03,3,4,0.1931,0.8069,9,0,0.5832,0.474,-22.006,9,0
1,1.0,1.0,5,8,0.1194,0.8806,25,0,0.5545,0.3291,-36.137,25,0
13,0.523,1.0,4,4,0.0047,0.9953,9,0,0.9896,0.9857,2.88,9,0
15,0.0,1.0,1,0,1.0,0.0,5,1,1.0,1.0,-29.698,5,0
20,0.147,1.0,2,4,0.2037,0.7963,7,0,0.7292,0.5663,-16.77,7,0
12,1.0,1.0,2,4,0.0852,0.9148,7,0,0.6344,0.4982,-20.408,7,0
15,1.0,1.0,1,4,0.0061,0.9939,7,0,0.8849,0.8401,-15.83,7,0
16,0.0,1.0,2,0,1.0,0.0,5,1,0.6699,0.3398,-25.493,3,1
17,0.469,0.18,2,4,0.0221,0.9779,7,0,0.8397,0.7877,0.019,7,0
15,0.0,0.03,3,0,1.0,0.0,0,1,0.4815,0.1408,-21.03,2,1
17,1.0,1.0,1,4,0.186,0.814,8,0,0.4785,0.2926,-21.482,8,0
2,0.615,1.0,5,4,0.0029,0.9971,7,0,0.9957,0.9948,-38.363,7,0
16,0.031,1.0,0,4,0.0,1.0,7,0,0.7309,0.623,-29.02,7,0
20,0.0,1.0,2,0,1.0,0.0,1,1,0.667,0.3339,-19.309,0,1
13,0.579,1.0,2,4,0.074,0.926,7,0,0.5752,0.348,-22.034,7,0
15,0.0,1.0,1,0,1.0,0.0,2,1,1.0,1.0,-19.055,2,0
1,1.0,1.0,5,8,0.1254,0.8746,23,0,0.2796,0.0974,-24.699,23,0
16,0.427,0.03,2,4,0.1184,0.8816,7,0,0.6532,0.5106,-21.556,7,0
18,0.321,0.8,1,1,0.8309,0.1691,3,1,0.8309,0.6617,-23.862,3,0
14,0.13,1.0,4,4,0.0006,0.9994,7,0,0.9959,0.9931,34.17,7,0
21,0.765,1.0,1,4,0.1585,0.8415,7,0,0.3566,0.1332,-19.057,7,0
16,0.673,1.0,0,4,0.0,1.0,7,0,0.7167,0.6012,-17.13,7,0
14,0.641,1.0,2,4,0.0722,0.9278,7,0,0.5812,0.3667,-21.148,7,0
18,0.469,1.0,2,4,0.0469,0.9531,6,0,0.4634,0.192,-3.693,6,0
2,0.369,0.45,5,4,0.0902,0.9098,7,0,0.6465,0.4795,-24.81,7,0
17,0.489,0.71,2,4,0.1174,0.8826,8,0,0.3064,0.0234,-19.883,8,0
3,0.186,1.0,5,4,0.5431,0.4569,3,1,0.2517,0.0417,-39.762,6,1
19,0.551,0.8,1,4,0.0293,0.9707,7,0,0.3915,0.1032,-21.555,7,0
14,0.0,0.82,4,0,1.0,0.0,3,1,0.611,0.2753,34.31,5,1
22,0.553,0.77,1,1,0.4166,0.5834,7,0,0.5834,0.1668,-19.738,7,0
17,0.523,1.0,0,4,0.0,1.0,7,0,0.6881,0.5618,-17.555,7,0
15,0.456,1.0,2,4,0.0653,0.9347,7,0,0.582,0.3543,-21.011,7,0
19,0.469,0.26,2,4,0.0007,0.9993,6,0,0.8281,0.6654,5.852,6,0
1,1.0,1.0,5,8,0.0125,0.9875,7,0,0.6913,0.5383,-29.625,7,0
18,0.178,0.48,2,4,0.1387,0.8613,9,0,0.2872,0.0124,-22.765,8,1
4,0.631,1.0,5,4,0.5148,0.4852,7,0,0.4344,0.2582,-42.107,7,0
15,0.94,0.82,3,4,0.0002,0.9998,8,0,0.9256,0.8527,25.849,8,0
23,0.267,0.53,1,1,0.5097,0.4903,0,1,0.5097,0.0195,-20.511,7,1
18,0.363,1.0,0,4,0.0,1.0,7,0,0.7526,0.6448,-17.64,7,0
16,0.517,1.0,2,4,0.0613,0.9387,7,0,0.6089,0.4125,-19.847,7,0
19,0.0,0.26,2,0,1.0,0.0,2,1,0.9535,0.907,-2.691,2,0
3,0.369,1.0,5,4,0.0986,0.9014,8,0,0.6711,0.4798,-18.168,7,1
20,0.071,1.0,1,4,0.0984,0.9016,9,0,0.2829,0.0407,-23.459,9,0
18,0.0,0.48,2,0,1.0,0.0,1,1,0.7417,0.4835,-21.463,1,0
5,0.24,1.0,5,4,0.7462,0.2538,4,1,0.25,0.0119,-43.887,7,1
24,0.46,0.53,1,4,0.1379,0.8621,8,0,0.4167,0.1701,-22.253,8,0
16,0.742,0.88,3,4,0.0012,0.9988,8,0,0.8066,0.6305,19.922,8,0
2,1.0,1.0,5,8,0.0228,0.9772,25,0,0.4264,0.0586,-23.785,25,0
17,0.579,1.0,2,4,0.0265,0.9735,7,0,0.4036,0.1298,-25.109,8,1
19,0.217,1.0,0,4,0.0,1.0,7,0,0.6991,0.5631,-17.847,7,0
20,0.649,0.26,1,4,0.0006,0.9994,6,0,0.8513,0.7502,-0.444,6,0
3,0.0,0.91,5,0,1.0,0.0,1,1,0.6942,0.542,-23.661,4,1
20,0.0,1.0,1,0,1.0,0.0,5,1,1.0,1.0,-23.567,5,0
19,1.0,0.48,1,4,0.0022,0.9978,9,0,0.8748,0.8197,-19.151,9,0
6,0.471,1.0,5,4,0.5045,0.4955,9,0,0.2636,0.0247,-46.026,6,1
17,0.575,0.94,3,4,0.009,0.991,7,0,0.5442,0.2293,11.986,8,1
18,0.394,0.91,2,4,0.025,0.975,7,0,0.4451,0.1955,-25.243,8,1
3,1.0,1.0,5,4,0.0035,0.9965,7,0,0.9644,0.941,-20.558,7,0
20,0.0,0.26,1,0,1.0,0.0,4,1,1.0,1.0,-11.749,4,0
20,0.057,1.0,0,4,0.0,1.0,7,0,0.6447,0.4804,-18.027,7,0
4,1.0,0.91,4,4,0.4088,0.5912,7,0,0.4782,0.2513,-23.559,7,0
21,0.321,1.0,0,4,0.0,1.0,6,0,0.6585,0.5117,-22.634,6,0
6,0.0,1.0,5,0,1.0,0.0,1,1,0.6565,0.4512,-44.128,1,0
25,0.46,0.53,1,1,0.1642,0.8358,8,0,0.8358,0.6717,-8.341,8,0
18,0.382,0.94,3,4,0.013,0.987,6,0,0.5964,0.2376,8.057,8,1
4,1.0,0.73,5,4,0.0004,0.9996,7,0,0.9962,0.9938,-16.898,7,0
19,0.208,0.81,2,4,0.0252,0.9748,7,0,0.475,0.1954,-25.219,8,1
20,0.903,1.0,1,4,0.1827,0.8173,7,0,0.363,0.0044,-18.77,8,1
7,1.0,1.0,4,4,0.2858,0.7142,9,0,0.4035,0.124,-42.87,9,0
21,1.0,0.26,0,4,0.0,1.0,7,0,0.627,0.4667,-8.584,7,0
5,0.385,0.51,4,4,0.4148,0.5852,7,0,0.4874,0.2701,-23.338,7,0
25,0.0,0.1,1,0,1.0,0.0,1,1,1.0,1.0,-6.79,1,0
19,0.185,0.78,3,4,0.003,0.997,7,0,0.7668,0.538,8.438,7,0
20,0.27,1.0,2,4,0.0503,0.9497,7,0,0.6949,0.5331,-23.826,7,0
5,1.0,0.47,5,4,0.0001,0.9999,7,0,0.9986,0.9978,-15.47,7,0
20,0.0,0.89,1,0,1.0,0.0,2,1,1.0,1.0,-24.307,2,0
1,1.0,1.0,5,8,0.1733,0.8267,24,0,0.2295,0.0656,-21.823,24,0
26,0.267,0.1,0,4,0.0,1.0,7,0,0.449,0.1085,-7.802,7,0
6,0.385,0.09,4,4,0.2725,0.7275,7,0,0.6278,0.4709,-21.08,7,0
19,0.0,0.77,3,0,1.0,0.0,5,1,0.9982,0.9964,7.002,5,0
6,1.0,0.21,5,4,0.0,1.0,7,0,0.9971,0.9947,-13.787,7,0
21,0.085,1.0,2,4,0.0448,0.9552,7,0,0.6523,0.4456,-23.901,7,0
21,0.117,0.89,0,4,0.0,1.0,6,0,0.4093,0.0069,-22.899,6,0
1,0.0,0.36,5,0,1.0,0.0,1,1,0.3659,0.0121,-13.608,1,0
8,0.492,1.0,4,4,0.5316,0.4684,5,1,0.2953,0.0851,-40.018,6,1
20,0.419,0.77,2,4,0.0,1.0,7,0,0.9994,0.999,1.813,7,0
22,0.147,1.0,2,4,0.0436,0.9564,7,0,0.6516,0.4522,-23.66,7,0
1,1.0,1.0,5,8,0.3092,0.6908,7,0,0.1726,0.0017,-16.136,7,0
2,1.0,0.36,4,4,0.0578,0.9422,6,0,0.4511,0.125,-8.624,6,0
9,0.658,1.0,4,4,0.579,0.421,3,1,0.5326,0.1388,-40.671,7,1
7,0.385,1.0,4,4,0.8299,0.1701,4,1,0.5498,0.4115,-19.983,7,1
21,0.095,0.83,2,1,0.0,1.0,7,0,1.0,1.0,-3.494,7,0
27,0.208,1.0,0,1,0.0,1.0,7,0,1.0,1.0,-16.489,7,0
7,1.0,1.0,5,4,0.0,1.0,8,0,1.0,1.0,-11.291,8,0
22,0.0,1.0,2,0,1.0,0.0,4,1,0.5354,0.0708,-20.501,2,1
2,0.113,1.0,5,8,0.2346,0.7654,7,0,0.2998,0.0371,-15.115,7,0
9,0.0,1.0,4,0,1.0,0.0,1,1,0.7183,0.4583,-34.4,1,0
8,1.0,1.0,4,4,0.159,0.841,8,0,0.8367,0.7132,-26.685,8,0
28,0.149,0.93,0,1,0.0,1.0,7,0,1.0,1.0,-10.88,7,0
21,0.0,0.89,2,0,1.0,0.0,2,1,0.9904,0.9809,-0.584,0,1
8,1.0,0.49,5,4,0.0061,0.9939,7,0,0.584,0.1743,1.819,7,0
23,1.0,1.0,1,4,0.0056,0.9944,8,0,0.6101,0.3002,-17.92,8,0
1,1.0,1.0,5,8,0.0695,0.9305,25,0,0.844,0.7984,-32.493,25,0
3,1.0,1.0,4,4,0.3784,0.6216,6,0,0.2902,0.0646,-6.823,6,0
9,1.0,0.87,4,4,0.0583,0.9417,8,0,0.94,0.8974,-26.103,8,0
3,0.38,1.0,5,8,0.2119,0.7881,7,0,0.2676,0.0188,-15.515,7,0
10,0.492,1.0,3,4,0.6857,0.3143,5,1,0.6113,0.4601,-33.088,5,0
22,0.939,0.89,1,4,0.0001,0.9999,6,0,0.6015,0.3342,-2.144,6,0
29,0.09,0.85,0,1,0.0,1.0,7,0,1.0,1.0,-9.803,7,0
24,1.0,0.2,1,1,0.9158,0.0842,2,1,0.9158,0.8316,-22.483,2,0
4,0.125,0.76,4,4,0.5299,0.4701,3,1,0.4315,0.0882,-12.652,3,0
3,0.0,1.0,5,0,1.0,0.0,5,1,0.2632,0.003,-17.992,2,1
9,0.0,0.73,4,0,1.0,0.0,2,1,0.438,0.1668,-25.813,2,0
11,0.284,1.0,3,4,0.1976,0.8024,7,0,0.689,0.613,-34.148,7,0
23,0.622,0.53,1,4,0.0001,0.9999,7,0,0.5008,0.0722,-2.553,6,1
9,0.14,1.0,5,4,0.6263,0.3737,4,1,0.2665,0.0637,-12.418,4,0
25,0.709,0.1,1,4,0.0637,0.9363,8,0,0.4417,0.1187,-20.007,8,0
2,1.0,1.0,5,1,0.9998,0.0002,5,1,0.9216,0.8927,-32.843,5,0
1,1.0,1.0,5,8,0.1011,0.8989,25,0,0.4532,0.3207,-17.063,25,0
4,0.0,0.66,4,0,1.0,0.0,1,1,0.5631,0.319,-20.072,1,0
4,1.0,1.0,4,8,0.4276,0.5724,4,1,0.2882,0.1018,-16.507,4,0
12,0.144,0.58,3,4,0.1112,0.8888,7,0,0.8124,0.7544,-35.292,7,0
10,0.877,0.73,3,4,0.0124,0.9876,6,0,0.8843,0.8202,-19.248,6,0
24,0.287,0.29,1,4,0.0004,0.9996,6,0,0.4788,0.0472,-3.593,6,0
10,1.0,1.0,5,4,0.1179,0.8821,9,0,0.7033,0.6009,-13.47,9,0
2,0.668,0.09,5,4,0.025,0.975,7,0,0.3618,0.0766,-19.993,7,0
3,0.442,1.0,5,4,0.349,0.651,7,0,0.4365,0.2245,-32.64,7,0
5,0.125,0.66,3,4,0.2549,0.7451,7,0,0.5213,0.3646,-17.949,7,0
5,1.0,1.0,4,8,0.0929,0.9071,24,0,0.4303,0.0886,-14.663,24,0
12,0.0,0.17,3,0,1.0,0.0,0,1,0.4354,0.035,-32.869,1,1
11,0.778,0.65,3,4,0.2458,0.7542,8,0,0.5535,0.3661,-20.26,8,0
24,0.0,0.35,1,0,1.0,0.0,0,1,1.0,1.0,-2.871,0,0
26,0.231,1.0,1,4,0.1413,0.8587,7,0,0.5714,0.3713,-28.659,8,1
11,0.477,0.72,5,4,0.2708,0.7292,9,0,0.3533,0.1124,-14.135,9,0
3,0.316,0.09,5,4,0.0659,0.9341,7,0,0.4238,0.1266,-21.528,7,0
3,0.0,0.71,5,0,1.0,0.0,2,1,0.4903,0.1499,-33.001,2,0
5,0.0,0.56,3,0,1.0,0.0,4,1,0.7055,0.542,-18.722,4,0
1,1.0,1.0,5,8,0.3227,0.6773,4,1,0.1911,0.0042,-25.681,4,0
5,0.0,0.69,4,0,1.0,0.0,1,1,0.5615,0.3199,-22.43,1,0
25,0.003,0.35,0,4,0.0,1.0,7,0,0.5901,0.2826,-5.209,7,0
13,0.186,0.17,2,4,0.0001,0.9999,7,0,0.9999,0.9999,-33.299,7,0
11,0.0,0.44,5,0,1.0,0.0,3,1,0.8238,0.7381,-18.362,3,0
26,0.0,1.0,1,0,1.0,0.0,4,1,1.0,1.0,-27.98,4,0
3,0.0,0.09,5,0,1.0,0.0,5,1,0.4471,0.0957,-25.455,5,0
2,0.156,1.0,5,8,0.1476,0.8524,7,0,0.2446,0.0098,-28.38,6,1
4,1.0,0.71,4,4,0.0028,0.9972,6,0,0.9736,0.96,-32.324,6,0
6,1.0,0.56,2,4,0.1257,0.8743,8,0,0.3744,0.1088,-15.542,8,0
6,1.0,0.69,3,4,0.2457,0.7543,6,0,0.2702,0.0023,-22.859,6,0
12,1.0,0.44,4,4,0.1353,0.8647,7,0,0.838,0.7164,-15.802,7,0
27,1.0,1.0,0,4,0.0,1.0,7,0,0.6018,0.3785,-27.32,7,0
13,0.0,0.17,2,0,1.0,0.0,1,1,0.7818,0.5637,-30.939,1,0
4,1.0,0.09,4,4,0.4293,0.5707,4,1,0.3016,0.127,-25.597,4,0
12,0.679,1.0,3,4,0.0087,0.9913,8,0,0.9913,0.9829,-17.226,8,0
5,0.831,0.23,4,4,0.0012,0.9988,6,0,0.8918,0.7924,-28.946,6,0
2,0.0,1.0,5,0,1.0,0.0,0,1,0.3635,0.0641,-31.476,1,1
7,0.448,0.08,3,4,0.399,0.601,6,0,0.3273,0.0265,-21.9,6,0
1,1.0,1.0,5,8,0.3394,0.6606,4,1,0.2087,0.0123,-40.377,4,0
14,0.492,0.17,1,4,0.0494,0.9506,9,0,0.4328,0.2489,-30.814,9,0
28,0.235,0.73,0,1,0.0,1.0,7,0,1.0,1.0,-28.566,7,0
5,0.232,0.09,4,4,0.3177,0.6823,7,0,0.4854,0.2935,-29.039,7,0
3,1.0,1.0,4,8,0.2346,0.7654,7,0,0.2836,0.1476,-32.162,7,0
2,1.0,1.0,5,8,0.0795,0.9205,24,0,0.7405,0.6893,-40.295,24,0
7,1.0,1.0,2,1,0.9067,0.0933,5,1,0.4714,0.0361,-14.696,5,0
13,0.033,1.0,3,4,0.0341,0.9659,8,0,0.7856,0.6403,-7.713,8,0
13,1.0,1.0,0,1,0.0,1.0,7,0,1.0,1.0,-8.545,7,0
4,0.046,0.84,4,8,0.2588,0.7412,23,0,0.3073,0.1227,-29.178,7,1
6,0.831,1.0,4,4,0.08,0.92,6,0,0.867,0.8161,-26.14,6,0
8,0.418,1.0,2,4,0.05,0.95,7,0,0.5658,0.3343,-12.063,9,1
3,1.0,0.78,5,4,0.3145,0.6855,8,0,0.3064,0.0489,-40.473,8,0
8,0.017,1.0,3,4,0.3119,0.6881,9,0,0.3542,0.1024,-22.573,6,1
6,0.134,1.0,4,4,0.266,0.734,6,0,0.3791,0.165,-30.356,6,0
15,0.553,1.0,1,4,0.0224,0.9776,7,0,0.7209,0.6309,-45.705,7,0
1,1.0,1.0,5,8,0.4238,0.5762,1,1,0.2998,0.098,-5.667,1,0
14,0.776,0.65,4,4,0.0002,0.9998,7,0,0.9985,0.9972,-1.619,7,0
13,0.0,0.58,3,0,1.0,0.0,3,1,0.992,0.9839,-11.329,3,0
4,0.0,0.68,4,0,1.0,0.0,3,1,0.4664,0.1644,-25.962,3,0
6,0.0,0.57,4,0,1.0,0.0,1,1,0.3817,0.0867,-26.124,3,1
4,0.537,0.54,5,4,0.3001,0.6999,8,0,0.3053,0.0756,-40.241,8,0
9,0.418,0.45,2,4,0.0573,0.9427,7,0,0.6688,0.4983,-22.458,7,0
8,0.0,1.0,3,0,1.0,0.0,5,1,0.4978,0.2151,-25.522,5,0
6,0.0,0.91,4,0,1.0,0.0,1,1,0.8516,0.7842,-30.024,1,0
15,0.0,0.88,1,0,1.0,0.0,2,1,1.0,1.0,-42.79,2,0
14,0.876,0.58,2,4,0.0002,0.9998,6,0,0.604,0.2402,-22.648,9,1
15,0.433,0.4,0,1,0.0,1.0,7,0,1.0,1.0,-5.056,7,0
2,1.0,1.0,5,8,0.0,1.0,22,0,0.8333,0.6666,-5.008,22,0
5,1.0,0.68,3,4,0.2773,0.7227,7,0,0.225,0.0505,-26.59,7,0
7,1.0,0.57,3,4,0.0451,0.9549,7,0,0.9244,0.8931,-24.983,7,0
9,1.0,1.0,2,4,0.0781,0.9219,6,0,0.3782,0.0068,-23.446,6,0
5,0.537,0.32,5,4,0.3231,0.6769,8,0,0.3345,0.1376,-39.544,8,0
9,0.0,0.45,2,0,1.0,0.0,4,1,0.6845,0.3691,-20.13,4,0
7,1.0,0.91,3,4,0.1552,0.8448,7,0,0.4971,0.3183,-28.478,7,0
16,1.0,0.88,0,4,0.0,1.0,7,0,0.5656,0.3531,-42.605,7,0
15,0.484,0.3,2,1,0.0,1.0,6,0,1.0,1.0,-25.598,6,0
15,0.0,0.26,4,0,1.0,0.0,5,1,0.7981,0.7126,-0.212,5,0
3,1.0,0.88,5,4,0.0357,0.9643,9,0,0.8667,0.7754,-14.287,9,0
6,1.0,0.24,3,4,0.2902,0.7098,7,0,0.403,0.2707,-25.599,7,0
10,1.0,0.45,1,4,0.0211,0.9789,7,0,0.8373,0.7196,-18.678,7,0
5,0.0,0.32,5,0,1.0,0.0,2,1,0.4391,0.0979,-40.15,3,1
10,0.689,0.24,2,4,0.1364,0.8636,9,0,0.5215,0.2808,-19.385,9,0
8,0.549,0.69,3,4,0.1953,0.8047,7,0,0.4684,0.2535,-28.716,7,0
4,0.323,0.36,5,4,0.1578,0.8422,9,0,0.4864,0.166,-13.92,9,0
17,0.87,0.76,0,4,0.0,1.0,7,0,0.6848,0.5405,-43.411,7,0
16,0.878,0.26,3,4,0.0,1.0,7,0,0.9998,0.9996,5.16,7,0
8,1.0,1.0,3,1,0.9994,0.0006,4,1,0.9509,0.9029,-25.219,4,0
6,1.0,0.32,4,4,0.0456,0.9544,8,0,0.8102,0.7129,-41.14,8,0
9,0.504,0.16,3,4,0.1932,0.8068,7,0,0.6048,0.4949,-27.741,7,0
16,0.484,0.73,2,1,0.0,1.0,6,0,1.0,1.0,-9.846,6,0
4,0.0,0.36,5,0,1.0,0.0,3,1,0.4422,0.1232,-16.202,0,1
7,1.0,1.0,3,4,0.2322,0.7678,7,0,0.3585,0.1036,-18.794,7,0
18,0.732,0.63,0,4,0.0,1.0,7,0,0.74,0.6228,-43.43,7,0
16,0.0,0.32,3,0,1.0,0.0,1,1,0.732,0.5395,-15.287,1,0
11,1.0,1.0,1,1,0.6799,0.3201,2,1,0.6799,0.3597,-14.134,2,0
11,0.629,1.0,2,4,0.2582,0.7418,7,0,0.4485,0.2511,-22.693,7,0
5,1.0,0.36,4,4,0.2477,0.7523,9,0,0.3954,0.1104,-13.282,9,0
19,0.599,0.51,0,4,0.0,1.0,7,0,0.6594,0.4179,-42.686,7,0
8,1.0,0.49,3,4,0.3506,0.6494,7,0,0.4441,0.2159,-18.279,7,0
17,1.0,0.32,2,4,0.0101,0.9899,7,0,0.5429,0.2498,-9.612,7,0
7,1.0,1.0,4,4,0.5626,0.4374,7,0,0.315,0.0534,-40.51,7,0
9,0.517,1.0,3,4,0.1288,0.8712,8,0,0.8485,0.7843,-35.072,8,0
12,0.495,1.0,1,4,0.0075,0.9925,7,0,0.9879,0.9804,-21.631,7,0
11,0.0,1.0,2,0,1.0,0.0,2,1,0.9011,0.8022,-24.393,2,0
10,0.259,1.0,3,4,0.3741,0.6259,7,0,0.414,0.1634,-28.064,7,0
1,1.0,1.0,5,8,0.0988,0.9012,6,0,0.3727,0.169,-22.23,6,0
20,0.451,0.38,0,4,0.0,1.0,6,0,0.7685,0.5681,-41.184,6,0
17,0.0,0.29,2,0,1.0,0.0,2,1,0.6818,0.3636,-32.523,2,0
8,0.127,0.78,4,4,0.226,0.774,7,0,0.4539,0.1714,-39.661,7,0
12,1.0,1.0,1,4,0.0654,0.9346,7,0,0.5704,0.3975,-19.89,7,0
9,0.0,1.0,3,0,1.0,0.0,0,1,0.5533,0.2904,-31.506,3,1
10,0.0,1.0,3,0,1.0,0.0,3,1,0.4619,0.0645,-34.458,5,1
6,0.455,1.0,4,4,0.2895,0.7105,7,0,0.3686,0.1525,-12.041,7,0
9,1.0,0.88,3,4,0.0296,0.9704,7,0,0.9266,0.8919,-11.644,7,0
2,1.0,0.87,5,8,0.0722,0.9278,6,0,0.385,0.1462,-22.409,6,0
18,0.876,0.29,1,4,0.1052,0.8948,9,0,0.3513,0.0884,-31.176,9,0
8,0.0,0.69,4,0,1.0,0.0,3,1,0.4255,0.0719,-38.165,3,0
10,1.0,1.0,2,4,0.0035,0.9965,8,0,0.8325,0.69,-32.979,8,0
12,0.0,0.69,1,0,1.0,0.0,3,1,1.0,1.0,-27.379,3,0
13,0.033,1.0,1,4,0.1175,0.8825,8,0,0.7425,0.625,-18.574,8,0
11,1.0,1.0,2,4,0.2503,0.7497,9,0,0.3273,0.0334,-34.437,9,0
7,0.514,1.0,4,4,0.3084,0.6916,7,0,0.3499,0.1575,-6.952,7,0
10,0.037,0.99,3,4,0.0556,0.9444,7,0,0.8855,0.85,-20.596,7,0
3,1.0,0.72,5,8,0.05,0.95,6,0,0.3775,0.0857,-22.469,6,0
21,0.451,1.0,0,4,0.0,1.0,7,0,0.7922,0.6907,-37.905,7,0
9,1.0,0.69,3,4,0.2314,0.7686,7,0,0.3906,0.0977,-35.464,7,0
18,0.0,0.35,1,0,1.0,0.0,0,1,1.0,1.0,-33.662,0,0
12,0.496,0.24,2,1,0.0279,0.9721,9,0,0.9721,0.9554,-33.891,9,0
13,1.0,0.69,0,4,0.0,1.0,6,0,0.4688,0.1452,-27.026,6,0
13,0.0,0.61,1,0,1.0,0.0,4,1,1.0,1.0,-10.618,4,0
8,0.814,1.0,4,4,0.2926,0.7074,7,0,0.2541,0.0359,-7.039,7,0
19,0.016,0.35,0,4,0.0,1.0,9,0,0.4099,0.1762,-33.173,9,0
11,0.037,0.73,3,4,0.0924,0.9076,7,0,0.8401,0.7882,-17.709,7,0
4,1.0,0.58,5,8,0.039,0.961,22,0,0.3662,0.0415,-22.34,22,0
14,1.0,0.61,0,4,0.0,1.0,9,0,0.6909,0.4399,-10.937,9,0
11,0.875,1.0,2,1,0.0258,0.9742,8,0,0.9742,0.9505,-14.342,8,0
12,0.0,0.24,2,0,1.0,0.0,2,1,0.8473,0.6946,-33.323,2,0
14,0.53,0.69,0,4,0.0,1.0,9,0,0.408,0.098,-27.82,9,0
9,0.803,1.0,4,4,0.2915,0.7085,7,0,0.2423,0.0229,-7.235,7,0
1,1.0,1.0,5,8,0.3235,0.6765,22,0,0.2196,0.0319,-27.722,22,0
11,0.0,0.47,3,0,1.0,0.0,1,1,0.6093,0.3083,-13.566,2,1
5,1.0,0.44,5,4,0.0489,0.9511,7,0,0.8827,0.8474,-16.815,7,0
10,0.9,1.0,3,4,0.2484,0.7516,8,0,0.2416,0.0111,-33.52,8,0
13,1.0,0.24,1,4,0.0821,0.9179,7,0,0.4327,0.1183,-35.591,7,0
10,0.824,1.0,4,4,0.2897,0.7103,7,0,0.2256,0.0142,-7.435,6,1
11,0.0,1.0,2,0,1.0,0.0,3,1,0.904,0.808,-25.66,3,0
15,0.073,0.38,0,4,0.0,1.0,7,0,0.4512,0.1529,-28.648,7,0
1,1.0,1.0,5,8,0.0593,0.9407,6,0,0.4072,0.0536,-23.372,6,0
12,1.0,0.47,2,4,0.1249,0.8751,7,0,0.7408,0.6388,-9.555,7,0
6,0.634,0.29,5,4,0.5462,0.4538,3,1,0.4179,0.1752,-20.457,7,1
10,0.0,1.0,3,0,1.0,0.0,1,1,0.4529,0.1218,-35.369,5,1
13,0.0,0.24,1,0,1.0,0.0,5,1,1.0,1.0,-32.043,5,0
2,0.903,1.0,5,4,0.5669,0.4331,5,1,0.2571,0.025,-32.021,1,1
11,0.814,1.0,4,4,0.2875,0.7125,9,0,0.2137,0.0013,-7.636,6,1
12,1.0,1.0,1,4,0.0,1.0,9,0,0.9738,0.9488,-26.205,9,0
2,0.497,0.27,5,8,0.0134,0.9866,22,0,0.4771,0.2904,-21.058,22,0
7,0.624,0.35,5,4,0.4392,0.5608,7,0,0.3584,0.0737,-21.454,7,0
11,1.0,1.0,2,4,0.0365,0.9635,6,0,0.4177,0.188,-37.188,6,0
14,1.0,0.24,0,4,0.0,1.0,6,0,0.349,0.0451,-31.526,6,0
16,0.073,1.0,0,4,0.0,1.0,9,0,0.6648,0.4994,-25.539,9,0
3,0.875,1.0,5,4,0.8013,0.1987,0,1,0.3515,0.0374,-34.479,0,0
12,0.624,0.57,4,4,0.1822,0.8178,7,0,0.2906,0.076,-7.285,6,1
13,0.183,0.53,1,4,0.0008,0.9992,7,0,0.9029,0.8362,-23.454,9,1
1,1.0,1.0,5,8,0.1063,0.8937,7,0,0.3027,0.1114,-20.862,7,0
13,1.0,0.88,2,4,0.0605,0.9395,7,0,0.9075,0.853,2.895,7,0
8,0.466,0.41,5,4,0.4911,0.5089,4,1,0.3277,0.0572,-22.464,7,1
11,0.0,0.19,2,0,1.0,0.0,0,1,0.7531,0.5062,-34.302,0,0
3,0.0,1.0,5,0,1.0,0.0,1,1,0.36,0.0919,-32.26,1,0
13,0.183,0.0,1,0,1.0,0.0,1,1,1.0,1.0,-15.119,1,0
13,0.803,0.69,4,4,0.1711,0.8289,6,0,0.2961,0.0881,-7.535,6,0
3,0.312,1.0,5,4,0.86,0.14,4,1,0.3788,0.1641,-25.118,4,0
13,0.0,0.88,2,0,1.0,0.0,2,1,0.7424,0.4849,-13.857,2,0
2,0.525,0.9,5,8,0.0451,0.9549,25,0,0.4411,0.216,-20.977,25,0
9,0.543,0.47,5,4,0.2316,0.7684,6,0,0.5986,0.5018,-20.856,6,0
12,1.0,0.19,1,4,0.1506,0.8494,8,0,0.3622,0.0364,-35.237,8,0
4,1.0,1.0,4,4,0.0396,0.9604,6,0,0.4859,0.1163,-31.082,6,0
17,0.013,1.0,0,4,0.0,1.0,9,0,0.4807,0.1716,-15.867,9,0
14,0.61,0.55,4,4,0.171,0.829,7,0,0.273,0.04,-7.359,6,1
4,0.147,1.0,5,4,0.6364,0.3636,5,1,0.3059,0.1471,-25.238,0,1
14,1.0,0.88,1,4,0.0017,0.9983,7,0,0.9822,0.9726,-5.893,7,0
1,1.0,1.0,5,8,0.0689,0.9311,24,0,0.6514,0.4629,-28.404,24,0
9,0.0,0.11,5,0,1.0,0.0,0,1,0.393,0.0877,-25.968,0,0
12,0.0,0.0,1,0,1.0,0.0,5,1,1.0,1.0,-36.642,5,0
15,0.814,0.67,4,4,0.1512,0.8488,6,0,0.3243,0.1337,-7.643,6,0
14,0.878,1.0,1,4,0.0005,0.9995,9,0,0.9761,0.962,-12.03,9,0
3,0.401,1.0,5,4,0.2663,0.7337,7,0,0.422,0.1756,-17.807,7,0
5,0.75,1.0,5,4,0.4795,0.5205,6,0,0.2887,0.0669,-24.522,8,1
15,1.0,0.7,1,1,0.0161,0.9839,7,0,0.9839,0.9679,-18.35,7,0
2,0.776,0.44,5,4,0.1504,0.8496,7,0,0.7355,0.6368,-24.546,7,0
10,0.634,0.11,4,4,0.4607,0.5393,7,0,0.3483,0.0643,-28.367,3,1
13,1.0,1.0,0,4,0.0,1.0,6,0,0.6026,0.2517,-37.449,6,0
5,1.0,1.0,4,4,0.2231,0.7769,7,0,0.5743,0.4859,-30.149,7,0
16,0.621,0.63,4,4,0.1851,0.8149,6,0,0.2423,0.006,-7.513,6,0
15,0.237,0.55,1,1,0.0353,0.9647,9,0,0.9647,0.9293,-19.252,9,0
4,0.276,1.0,5,4,0.2093,0.7907,6,0,0.3411,0.0861,-19.78,6,0
3,0.683,0.44,5,4,0.0577,0.9423,7,0,0.7347,0.5947,-24.414,8,1
6,0.812,0.67,5,4,0.0483,0.9517,6,0,0.5486,0.2814,-18.381,6,0
15,0.0,0.7,1,0,1.0,0.0,5,1,1.0,1.0,-26.082,5,0
11,0.267,0.17,4,4,0.4075,0.5925,7,0,0.3562,0.1886,-28.553,7,0
1,1.0,1.0,5,8,0.0581,0.9419,24,0,0.7225,0.6177,-24.265,24,0
14,1.0,0.22,0,1,0.0,1.0,6,0,1.0,1.0,-37.566,6,0
6,1.0,1.0,4,4,0.2442,0.7558,7,0,0.5496,0.4384,-28.73,7,0
17,0.431,0.58,4,4,0.1927,0.8073,7,0,0.3457,0.168,-7.395,6,1
16,1.0,0.7,0,4,0.0,1.0,7,0,0.5485,0.2853,-24.398,7,0
15,0.0,0.11,1,0,1.0,0.0,3,1,1.0,1.0,-9.535,3,0
7,0.573,0.56,5,4,0.0932,0.9068,6,0,0.584,0.3842,-18.69,6,0
4,0.455,0.44,5,4,0.0223,0.9777,7,0,0.7202,0.4994,-24.943,8,1
11,0.0,0.24,4,0,1.0,0.0,3,1,0.6045,0.4515,-24.666,3,0
7,1.0,1.0,4,4,0.2459,0.7541,7,0,0.5422,0.4279,-28.634,7,0
18,0.748,0.7,4,3,0.1483,0.8517,8,0,0.7429,0.6158,-6.781,8,0
16,0.183,0.11,0,4,0.0,1.0,7,0,0.6049,0.2351,-8.45,7,0
5,0.152,1.0,0,1,0.0,1.0,6,0,1.0,1.0,-23.684,6,0
17,0.439,0.7,0,4,0.0,1.0,7,0,0.4194,0.0307,-26.468,7,0
5,0.214,0.44,5,4,0.0084,0.9916,7,0,0.6114,0.3071,-25.523,8,1
2,0.925,0.44,0,1,0.0,1.0,8,0,1.0,1.0,-25.947,8,0
8,0.288,0.48,5,4,0.3259,0.6741,6,0,0.2919,0.0798,-20.045,6,0
15,1.0,1.0,0,1,0.0,1.0,6,0,1.0,1.0,-41.706,6,0
12,0.466,0.24,3,4,0.2488,0.7512,6,0,0.3251,0.1198,-28.126,7,1
8,1.0,1.0,4,4,0.2476,0.7524,7,0,0.5343,0.4169,-28.54,7,0
19,0.555,1.0,4,3,0.084,0.916,8,0,0.9056,0.8369,-9.292,8,0
5,0.0,0.0,5,0,1.0,0.0,4,1,0.9987,0.9975,-14.439,4,0
8,0.0,0.61,5,0,1.0,0.0,3,1,0.4015,0.1428,-17.924,3,0
5,0.0,0.44,5,0,1.0,0.0,4,1,0.6412,0.4008,-19.048,4,0
16,1.0,0.6,0,1,0.0,1.0,6,0,1.0,1.0,-42.004,6,0
9,1.0,1.0,4,4,0.2495,0.7505,7,0,0.526,0.4053,-28.447,7,0
20,0.352,1.0,4,3,0.0446,0.9554,8,0,0.9443,0.9178,-8.611,8,0
1,1.0,1.0,5,8,0.6615,0.3385,4,1,0.5842,0.3899,-19.759,4,0
6,1.0,0.44,4,4,0.1035,0.8965,7,0,0.6833,0.5692,-21.068,7,0
6,0.877,1.0,4,4,0.0,1.0,7,0,0.9479,0.8958,-13.679,7,0
9,1.0,0.61,4,4,0.2063,0.7937,7,0,0.5051,0.2603,-18.721,7,0
3,0.925,1.0,5,4,0.012,0.988,8,0,0.9369,0.8869,-18.502,8,0
13,0.101,1.0,3,4,0.3142,0.6858,7,0,0.3554,0.1089,-29.117,7,0
9,0.0,0.91,4,0,1.0,0.0,2,1,0.3839,0.0106,-31.288,3,1
21,0.29,0.93,4,3,0.2408,0.7592,8,0,0.6716,0.4684,-9.666,8,0
2,0.836,1.0,5,8,0.0004,0.9996,7,0,0.9244,0.8503,-13.98,7,0
1,1.0,1.0,5,8,0.0156,0.9844,24,0,0.5071,0.3631,-16.138,24,0
9,1.0,0.3,4,0,1.0,0.0,1,1,0.626,0.4663,-15.93,1,0
7,0.523,0.26,4,3,0.0004,0.9996,6,0,0.9303,0.861,-12.199,6,0
13,0.0,1.0,3,0,1.0,0.0,1,1,0.6236,0.353,-27.671,1,0
10,1.0,0.91,3,4,0.5221,0.4779,3,1,0.2175,0.003,-30.507,3,0
22,0.072,1.0,4,3,0.0311,0.9689,8,0,0.9677,0.9394,-9.837,8,0
3,0.618,0.49,5,8,0.0,1.0,7,0,0.999,0.998,-9.254,7,0
10,0.635,0.3,4,4,0.1915,0.8085,7,0,0.7659,0.6265,-19.824,7,0
14,1.0,1.0,2,4,0.051,0.949,7,0,0.7534,0.5969,-27.816,7,0
2,0.676,0.28,5,1,0.1692,0.8308,8,0,0.8308,0.7332,-7.416,8,0
7,0.534,1.0,4,4,0.3162,0.6838,7,0,0.4229,0.2228,-19.01,9,1
11,0.736,0.81,3,4,0.239,0.761,7,0,0.5358,0.3999,-30.009,7,0
4,0.519,1.0,0,1,0.0,1.0,8,0,1.0,1.0,-6.639,8,0
1,1.0,1.0,5,8,0.5601,0.4399,3,1,0.274,0.0732,-29.143,3,0
22,0.0,1.0,4,0,1.0,0.0,4,1,0.4239,0.0784,-8.972,5,1
11,0.756,0.3,4,4,0.1533,0.8467,7,0,0.7922,0.6931,-18.709,7,0
15,1.0,0.63,2,4,0.0524,0.9476,7,0,0.7281,0.5718,-24.555,7,0
12,0.471,0.71,3,4,0.161,0.839,7,0,0.5151,0.2986,-29.369,8,1
7,0.0,0.88,4,0,1.0,0.0,3,1,0.4641,0.2078,-19.089,5,1
8,0.426,1.0,4,3,0.0,1.0,8,0,1.0,1.0,-12.42,8,0
5,0.143,0.17,5,4,0.0021,0.9979,8,0,0.9735,0.9594,-4.988,9,1
23,0.875,1.0,3,4,0.1409,0.8591,9,0,0.827,0.6911,-8.91,9,0
2,0.62,1.0,5,8,0.0531,0.9469,25,0,0.3712,0.0633,-27.309,9,1
12,0.823,0.3,4,4,0.1407,0.8593,7,0,0.7827,0.7017,-17.746,7,0
4,1.0,1.0,5,8,0.0009,0.9991,22,0,0.9858,0.981,-11.899,22,0
3,0.34,1.0,5,1,0.9381,0.0619,5,1,0.4911,0.2103,-10.456,5,0
8,1.0,0.88,3,4,0.3242,0.6758,9,0,0.2712,0.0349,-20.813,9,0
8,0.0,1.0,4,0,1.0,0.0,3,1,0.9991,0.9983,-13.552,3,0
16,1.0,0.4,2,4,0.0573,0.9427,7,0,0.701,0.543,-22.171,7,0
13,0.207,0.61,3,4,0.1276,0.8724,8,0,0.3804,0.0173,-28.087,8,0
5,0.0,0.17,5,0,1.0,0.0,4,1,0.9991,0.9982,-8.427,4,0
24,0.575,0.22,3,1,0.0042,0.9958,9,0,0.9958,0.9933,-3.451,9,0
3,0.62,0.91,5,4,0.4569,0.5431,7,0,0.4979,0.3704,-25.074,7,0
5,0.929,0.99,5,4,0.1205,0.8795,7,0,0.5354,0.3738,-19.874,7,0
13,0.863,0.3,4,4,0.1378,0.8622,7,0,0.7537,0.6635,-16.765,7,0
9,0.878,1.0,3,4,0.0,1.0,7,0,1.0,1.0,-19.231,7,0
9,0.554,0.82,3,4,0.2688,0.7312,8,0,0.2845,0.0985,-25.11,8,0
6,1.0,0.17,4,4,0.0012,0.9988,9,0,0.9581,0.919,-6.491,9,0
17,1.0,0.15,2,4,0.0679,0.9321,7,0,0.6392,0.4637,-19.533,7,0
13,0.0,0.17,3,0,1.0,0.0,5,1,0.3905,0.0182,-24.721,4,1
6,0.369,0.93,5,4,0.2665,0.7335,7,0,0.5011,0.3511,-21.795,7,0
4,0.777,0.91,5,4,0.43,0.57,7,0,0.5223,0.3965,-24.705,7,0
14,1.0,1.0,4,4,0.3225,0.6775,7,0,0.5811,0.3794,-23.36,7,0
10,0.388,0.16,3,3,0.0,1.0,7,0,1.0,1.0,-12.982,7,0
4,0.323,1.0,5,4,0.0002,0.9998,7,0,0.9993,0.9989,-16.656,7,0
10,0.227,0.7,3,4,0.101,0.899,7,0,0.4002,0.1469,-20.045,6,1
14,0.875,0.17,2,4,0.1023,0.8977,7,0,0.784,0.7036,-28.087,7,0
25,0.575,1.0,3,1,0.6277,0.3723,5,1,0.6234,0.251,-9.5,9,1
6,0.0,0.85,5,0,1.0,0.0,1,1,0.457,0.2705,-19.077,2,1
5,0.76,0.91,5,4,0.425,0.575,7,0,0.5266,0.404,-24.728,7,0
15,0.033,1.0,4,4,0.8078,0.1922,4,1,0.6818,0.5983,-25.985,7,1
10,0.0,0.16,3,0,1.0,0.0,5,1,0.957,0.9229,-12.621,1,1
4,0.0,0.58,5,0,1.0,0.0,3,1,0.6865,0.5456,-10.902,4,1
11,0.227,0.52,3,4,0.089,0.911,7,0,0.4511,0.1611,-18.829,6,1
18,0.942,1.0,2,4,0.0319,0.9681,7,0,0.773,0.6749,-19.736,7,0
7,1.0,1.0,4,1,0.993,0.007,3,1,0.9882,0.9811,-5.905,3,0
7,1.0,0.85,4,4,0.5524,0.4476,5,1,0.3438,0.0232,-19.135,5,0
11,0.877,0.16,2,4,0.0,1.0,7,0,1.0,1.0,-13.03,7,0
26,0.327,0.91,3,4,0.0,1.0,7,0,0.8736,0.7473,-9.88,7,0
5,1.0,0.58,4,4,0.0018,0.9982,8,0,0.9874,0.9767,-15.806,8,0
6,0.787,0.91,5,4,0.4327,0.5673,7,0,0.5154,0.3851,-24.643,7,0
16,0.218,1.0,4,4,0.3056,0.6944,7,0,0.2967,0.0359,-27.353,0,1
12,0.227,0.28,3,4,0.0515,0.9485,7,0,0.4505,0.0492,-17.59,6,1
19,0.308,0.83,2,4,0.0462,0.9538,7,0,0.7562,0.6575,-23.06,7,0
8,0.557,0.91,4,4,0.9039,0.0961,4,1,0.8569,0.8141,-5.2,4,0
15,0.778,1.0,2,4,0.3003,0.6997,7,0,0.3375,0.0462,-31.586,7,0
8,0.688,0.91,4,4,0.6919,0.3081,3,1,0.4518,0.2711,-21.949,3,0
26,0.0,0.81,3,0,1.0,0.0,4,1,0.6574,0.3766,-7.755,4,0
7,0.774,0.91,5,4,0.4353,0.5647,7,0,0.5109,0.3778,-24.664,7,0
17,0.218,0.66,4,4,0.329,0.671,7,0,0.5151,0.3362,-24.533,7,0
6,0.608,0.35,4,4,0.0184,0.9816,8,0,0.7953,0.6106,-15.788,8,0
19,0.0,0.64,2,0,1.0,0.0,5,1,0.5352,0.0704,-24.238,2,1
16,0.116,0.85,2,4,0.322,0.678,2,1,0.3103,0.0576,-33.55,7,1
9,0.579,0.81,4,4,0.0001,0.9999,7,0,0.9998,0.9996,-6.824,7,0
12,0.54,1.0,2,4,0.0,1.0,7,0,0.8753,0.7511,-6.582,9,1
9,0.039,0.97,4,4,0.1637,0.8363,7,0,0.7099,0.6382,-28.855,7,0
27,0.45,0.81,2,4,0.0031,0.9969,8,0,0.9791,0.9684,-8.35,8,0
8,0.763,0.91,5,4,0.4422,0.5578,7,0,0.5015,0.3641,-24.681,7,0
17,0.0,0.4,4,0,1.0,0.0,3,1,0.7474,0.6169,-20.374,3,0
13,0.227,1.0,3,4,0.0019,0.9981,6,0,0.6246,0.2844,-15.863,6,0
20,1.0,0.64,1,4,0.012,0.988,6,0,0.5067,0.2327,-23.249,6,0
17,0.865,0.85,2,4,0.0114,0.9886,7,0,0.8228,0.7416,-29.711,7,0
9,0.0,0.03,4,0,1.0,0.0,3,1,0.9993,0.9988,-6.589,3,0
12,0.0,0.48,2,0,1.0,0.0,1,1,0.6214,0.2427,-2.525,1,0
9,0.0,0.55,4,0,1.0,0.0,1,1,0.7999,0.7009,-29.248,1,0
27,0.0,0.71,2,0,1.0,0.0,0,1,0.9048,0.8096,-13.071,0,0
7,0.047,1.0,4,4,0.2643,0.7357,7,0,0.4875,0.2488,-10.853,8,1
9,0.777,0.91,5,4,0.4634,0.5366,7,0,0.4742,0.3258,-24.631,7,0
18,1.0,0.4,3,4,0.3258,0.6742,7,0,0.3481,0.119,-20.645,7,0
14,0.227,0.47,3,4,0.0001,0.9999,6,0,0.8915,0.7837,-14.242,6,0
21,0.527,0.18,1,4,0.0375,0.9625,6,0,0.3551,0.0069,-23.766,7,1
18,0.566,0.85,2,4,0.0242,0.9758,7,0,0.6988,0.5336,-32.175,7,0
10,0.557,0.03,3,4,0.0119,0.9881,7,0,0.7784,0.6592,-4.922,7,0
28,1.0,0.71,1,4,0.0002,0.9998,7,0,0.9273,0.8914,-16.929,7,0
13,0.875,0.48,1,4,0.0,1.0,8,0,0.9976,0.9961,-3.125,8,0
10,1.0,0.55,3,4,0.4669,0.5331,7,0,0.2863,0.0036,-26.366,7,0
10,0.767,0.91,5,4,0.4776,0.5224,7,0,0.4557,0.301,-24.653,7,0
7,0.0,1.0,4,0,1.0,0.0,1,1,0.8872,0.8256,-1.172,4,1
18,1.0,0.0,3,0,1.0,0.0,0,1,0.8492,0.7218,-19.679,0,0
19,0.057,0.85,2,4,0.051,0.949,7,0,0.4153,0.0698,-33.771,7,0
10,0.0,0.0,3,0,1.0,0.0,5,1,0.911,0.8248,-6.922,5,0
8,1.0,1.0,3,4,0.0361,0.9639,9,0,0.962,0.9308,1.412,9,0
14,0.875,0.23,1,4,0.0,1.0,8,0,0.7727,0.5485,0.08,8,0
29,0.665,0.27,1,4,0.0004,0.9996,7,0,0.9347,0.8974,-14.704,7,0
11,0.139,0.11,3,4,0.6701,0.3299,0,1,0.4811,0.307,-27.946,7,1
11,0.767,0.91,5,3,0.8959,0.1041,1,1,0.2674,0.0387,-24.493,5,1
15,0.227,1.0,3,4,0.0,1.0,6,0,1.0,1.0,-12.36,6,0
22,0.527,1.0,1,4,0.0163,0.9837,7,0,0.5367,0.3172,-21.677,7,0
11,1.0,1.0,2,4,0.0,1.0,9,0,1.0,0.9999,-6.217,9,0
19,0.0,0.85,2,0,1.0,0.0,4,1,0.6446,0.2893,-32.406,4,0
9,0.466,0.9,3,4,0.2823,0.7177,9,0,0.3428,0.0198,1.547,9,0
19,0.375,1.0,3,4,0.764,0.236,3,1,0.7321,0.6333,-28.487,3,0
12,1.0,0.17,3,4,0.5881,0.4119,1,1,0.375,0.0827,-27.543,1,0
12,0.65,0.91,5,4,0.5258,0.4742,7,0,0.3761,0.0975,-21.667,4,1
23,0.147,1.0,1,4,0.0204,0.9796,7,0,0.4875,0.1897,-25.886,7,0
12,0.381,0.34,2,4,0.0074,0.9926,9,0,0.9321,0.8739,-8.054,9,0
20,1.0,0.85,1,4,0.0958,0.9042,7,0,0.8699,0.7741,-31.856,7,0
9,0.0,0.96,3,0,1.0,0.0,2,1,0.6458,0.3346,-4.644,2,0
19,0.0,1.0,3,0,1.0,0.0,1,1,0.4672,0.0743,-27.904,0,1
30,0.105,0.88,1,4,0.0053,0.9947,7,0,0.5802,0.4292,-11.485,7,0
1,1.0,1.0,5,8,0.2115,0.7885,23,0,0.2697,0.026,-18.724,23,0
12,0.0,0.24,3,0,1.0,0.0,2,1,0.3942,0.0401,-28.639,2,0
16,0.227,1.0,3,4,0.0,1.0,9,0,0.9998,0.9997,-2.513,9,0
13,0.316,0.91,5,4,0.4224,0.5776,7,0,0.3101,0.122,-23.146,9,1
23,0.0,1.0,1,0,1.0,0.0,2,1,1.0,1.0,-26.714,2,0
10,1.0,0.96,2,4,0.6242,0.3758,0,1,0.6156,0.3398,-5.19,0,0
20,0.033,1.0,2,4,0.31,0.69,9,0,0.3627,0.0862,-28.493,0,1
13,1.0,0.24,2,4,0.0926,0.9074,7,0,0.5277,0.3384,-30.495,7,0
30,0.0,0.88,1,0,1.0,0.0,2,1,1.0,1.0,-10.37,2,0
16,0.0,0.53,3,0,1.0,0.0,1,1,0.5396,0.0794,3.205,5,1
13,0.159,1.0,2,4,0.0,1.0,8,0,0.9246,0.8491,3.92,8,0
24,1.0,1.0,0,4,0.0,1.0,7,0,0.5061,0.3015,-28.303,7,0
13,0.0,0.91,5,0,1.0,0.0,3,1,0.3535,0.0264,-28.362,2,1
21,1.0,1.0,1,1,0.6446,0.3554,5,1,0.6446,0.2891,-35.301,5,0
11,0.128,1.0,2,4,0.0974,0.9026,8,0,0.7504,0.6553,-0.288,8,0
20,0.0,0.79,2,0,1.0,0.0,0,1,0.8085,0.6171,-23.566,0,0
17,1.0,0.53,2,4,0.001,0.999,7,0,0.6043,0.2215,2.134,7,0
31,0.878,0.88,0,4,0.0,1.0,7,0,0.8749,0.7959,-8.681,7,0
2,0.892,1.0,5,4,0.0002,0.9998,8,0,0.8405,0.6812,-26.717,8,0
13,0.0,1.0,2,0,1.0,0.0,1,1,1.0,0.9999,6.039,1,0
25,0.855,0.56,0,4,0.0,1.0,9,0,0.4183,0.0604,-26.156,9,0
14,0.767,0.91,4,3,0.6773,0.3227,8,0,0.2653,0.0054,-29.588,8,0
21,0.0,1.0,1,0,1.0,0.0,4,1,1.0,1.0,-32.933,4,0
21,0.375,0.79,1,4,0.0209,0.9791,7,0,0.6224,0.4766,-29.854,7,0
11,0.0,1.0,2,0,1.0,0.0,2,1,0.7203,0.4406,-9.913,2,0
18,0.143,0.29,2,4,0.0286,0.9714,7,0,0.7784,0.5924,-2.947,6,1
14,1.0,1.0,1,4,0.0,1.0,8,0,0.9999,0.9998,10.345,8,0
14,0.906,1.0,2,4,0.4768,0.5232,0,1,0.3604,0.1195,-32.128,0,0
32,0.462,0.07,0,1,0.0,1.0,7,0,1.0,1.0,-8.205,7,0
3,0.563,0.49,5,4,0.0,1.0,7,0,0.9972,0.9945,-25.379,7,0
12,1.0,1.0,1,4,0.0873,0.9127,8,0,0.6779,0.5626,-10.505,8,0
26,0.698,0.56,0,4,0.0,1.0,9,0,0.545,0.2348,-27.316,9,0
22,1.0,1.0,0,4,0.0,1.0,8,0,0.6074,0.3542,-31.687,8,0
15,0.537,0.91,4,3,0.6612,0.3388,4,1,0.3161,0.0338,-30.257,8,1
22,0.438,0.78,1,4,0.0176,0.9824,7,0,0.4281,0.1557,-32.706,7,0
18,0.0,0.05,2,0,1.0,0.0,5,1,0.9656,0.9313,-4.913,5,0
3,0.0,0.49,5,0,1.0,0.0,3,1,0.8372,0.6763,-20.986,4,1
15,0.576,0.83,1,4,0.0,1.0,8,0,1.0,0.9999,13.866,8,0
15,0.153,1.0,2,4,0.2088,0.7912,9,0,0.5062,0.3641,-31.564,9,0
27,0.698,1.0,0,4,0.0,1.0,7,0,0.7316,0.6327,-26.351,7,0
23,0.526,0.18,0,1,0.0,1.0,8,0,1.0,1.0,-32.06,8,0
13,0.323,0.63,1,1,0.6761,0.3239,4,1,0.6761,0.3522,-12.094,4,0
16,1.0,0.91,4,4,0.6055,0.3945,7,0,0.2431,0.0731,-30.916,7,0
23,0.347,0.65,1,4,0.0288,0.9712,7,0,0.4094,0.1312,-32.547,7,0
33,0.033,0.81,0,1,0.0,1.0,7,0,1.0,1.0,-18.211,7,0
4,1.0,0.49,4,4,0.0207,0.9793,7,0,0.9191,0.8836,-17.251,7,0
19,1.0,0.05,1,4,0.0,1.0,8,0,1.0,1.0,-3.914,8,0
16,0.637,0.58,1,4,0.0,1.0,8,0,1.0,0.9999,17.16,8,0
15,0.0,1.0,2,0,1.0,0.0,2,1,0.649,0.298,-29.852,5,1
14,0.471,0.69,1,4,0.0837,0.9163,7,0,0.3471,0.038,-13.63,8,1
17,0.502,0.91,4,4,0.6333,0.3667,3,1,0.3699,0.1389,-32.894,7,1
24,0.259,0.5,1,4,0.0398,0.9602,7,0,0.3979,0.127,-30.733,7,0
17,0.212,0.27,1,4,0.0,1.0,8,0,0.9935,0.9875,16.371,8,0
16,0.906,1.0,1,4,0.1065,0.8935,7,0,0.4094,0.1993,-30.795,7,0
1,1.0,1.0,5,8,0.3117,0.6883,6,0,0.2398,0.0967,-32.449,6,0
14,0.0,0.54,1,0,1.0,0.0,2,1,1.0,1.0,-19.24,2,0
18,0.282,0.91,4,3,0.6305,0.3695,4,1,0.3142,0.0011,-33.358,8,1
25,0.197,0.36,1,4,0.0469,0.9531,7,0,0.386,0.1262,-30.438,7,0
20,1.0,1.0,1,1,0.0,1.0,8,0,1.0,1.0,-3.703,8,0
5,0.9,0.59,4,4,0.476,0.524,4,1,0.418,0.0892,-17.426,4,0
16,0.0,0.64,1,0,1.0,0.0,5,1,1.0,1.0,-26.889,5,0
2,0.693,1.0,5,8,0.2804,0.7196,6,0,0.2607,0.0998,-32.822,6,0
15,0.323,0.54,0,4,0.0,1.0,7,0,0.4312,0.1933,-18.104,7,0
1,1.0,1.0,5,8,0.0678,0.9322,22,0,0.5639,0.4213,-29.774,22,0
19,0.508,0.91,4,4,0.596,0.404,3,1,0.3584,0.1048,-33.9,7,1
21,0.346,0.31,1,1,0.0,1.0,8,0,1.0,1.0,-1.128,8,0
26,0.147,0.21,1,4,0.0464,0.9536,7,0,0.3521,0.0923,-29.414,7,0
6,0.226,0.59,4,4,0.0917,0.9083,6,0,0.8142,0.7656,-22.922,6,0
17,0.688,0.64,0,4,0.0,1.0,7,0,0.5532,0.227,-26.811,7,0
3,0.413,1.0,5,8,0.2639,0.7361,7,0,0.2559,0.0373,-32.793,6,1
2,0.31,0.11,5,4,0.099,0.901,6,0,0.6556,0.5114,-30.894,6,0
21,0.0,0.31,1,0,1.0,0.0,2,1,1.0,1.0,2.421,2,0
19,0.0,0.91,4,0,1.0,0.0,4,1,0.5534,0.3567,-31.87,5,1
27,0.087,0.21,1,4,0.0526,0.9474,7,0,0.3519,0.1085,-29.708,7,0
18,0.181,0.64,0,4,0.0,1.0,7,0,0.5684,0.2288,-26.375,7,0
16,0.323,1.0,0,1,0.0,1.0,7,0,1.0,1.0,-21.843,7,0
6,0.0,0.59,4,0,1.0,0.0,3,1,0.6714,0.4747,-23.526,3,0
3,0.0,1.0,5,0,1.0,0.0,1,1,0.4062,0.0872,-29.019,1,0
1,1.0,1.0,5,8,0.0379,0.9621,9,0,0.4842,0.3258,-5.372,9,0
22,1.0,0.31,0,4,0.0,1.0,8,0,0.7754,0.5508,5.021,8,0
2,0.0,0.0,5,0,1.0,0.0,5,1,0.5038,0.3128,-31.405,4,1
20,0.508,0.91,3,4,0.2998,0.7002,7,0,0.3754,0.2318,-35.129,7,0
27,0.0,0.21,1,0,1.0,0.0,2,1,1.0,1.0,-25.092,2,0
7,0.9,0.59,3,4,0.1138,0.8862,6,0,0.4861,0.2361,-22.589,6,0
4,1.0,1.0,4,8,0.3902,0.6098,4,1,0.2911,0.0289,-28.768,4,0
3,1.0,1.0,4,4,0.1657,0.8343,7,0,0.6861,0.5911,-27.195,7,0
20,0.0,0.91,3,0,1.0,0.0,0,1,0.6284,0.3867,-35.716,2,1
28,1.0,0.21,0,4,0.0,1.0,9,0,0.421,0.0689,-29.006,9,0
5,0.566,1.0,4,8,0.1118,0.8882,7,0,0.4236,0.1805,-25.765,7,0
2,1.0,1.0,5,2,0.6985,0.3015,5,1,0.6165,0.3151,-13.664,5,0
8,0.757,0.1,3,4,0.1806,0.8194,6,0,0.468,0.1841,-21.566,6,0
1,1.0,1.0,5,8,0.0349,0.9651,23,0,0.5565,0.3037,-16.106,23,0
4,0.565,0.88,4,4,0.278,0.722,7,0,0.3896,0.1952,-30.774,7,0
21,1.0,0.91,2,4,0.1257,0.8743,9,0,0.6153,0.4079,-32.618,9,0
29,0.628,0.21,0,4,0.0,1.0,7,0,0.518,0.3008,-21.954,7,0
6,0.14,1.0,4,8,0.1382,0.8618,6,0,0.3363,0.0813,-25.915,7,1
3,0.019,1.0,5,8,0.0305,0.9695,24,0,0.9375,0.9155,-16.2,8,1
5,0.154,0.62,4,4,0.4487,0.5513,4,1,0.2498,0.0645,-31.547,7,1
2,0.413,0.1,5,4,0.0008,0.9992,7,0,0.999,0.9987,-20.419,7,0
22,1.0,0.54,2,4,0.1141,0.8859,8,0,0.3922,0.2215,-35.58,8,0
6,0.0,1.0,4,0,1.0,0.0,1,1,0.4629,0.1057,-24.799,1,0
30,0.628,0.21,0,4,0.0,1.0,7,0,0.471,0.2237,-23.281,7,0
9,0.614,1.0,3,4,0.048,0.952,7,0,0.6204,0.2992,-23.571,6,1
5,0.0,0.68,4,0,1.0,0.0,1,1,0.395,0.1148,-31.287,1,0
1,1.0,1.0,5,8,0.1359,0.8641,23,0,0.3572,0.1917,-14.56,23,0
7,1.0,1.0,3,8,0.2081,0.7919,7,0,0.2282,0.0255,-29.019,7,0
4,0.019,1.0,5,1,0.9857,0.0143,0,1,0.4953,0.1722,-13.779,4,1
23,0.331,0.17,2,4,0.1367,0.8633,8,0,0.4442,0.2595,-34.576,8,0
31,0.628,0.21,0,4,0.0,1.0,7,0,0.4754,0.231,-23.406,7,0
10,0.302,0.58,3,4,0.1008,0.8992,7,0,0.5354,0.1932,-22.615,6,1
6,1.0,0.68,3,4,0.1022,0.8978,7,0,0.5144,0.2378,-26.534,7,0
3,0.315,1.0,5,4,0.643,0.357,4,1,0.2973,0.1095,-15.48,4,0
2,0.554,0.49,5,4,0.0287,0.9713,7,0,0.8744,0.7872,-16.101,7,0
8,0.825,0.56,3,8,0.2626,0.7374,25,0,0.154,0.004,-28.541,25,0
5,0.64,1.0,5,4,0.0,1.0,8,0,0.9998,0.9996,-5.858,8,0
23,0.0,0.17,2,0,1.0,0.0,5,1,0.6867,0.3733,-32.841,2,1
32,0.24,0.21,0,4,0.0,1.0,9,0,0.3392,0.0312,-27.407,9,0
11,0.09,0.19,3,4,0.1095,0.8905,6,0,0.445,0.0113,-21.284,6,0
4,1.0,1.0,5,4,0.0008,0.9992,9,0,0.5901,0.1814,-13.421,9,0
7,0.357,0.75,3,4,0.2069,0.7931,9,0,0.2766,0.0052,-27.681,9,0
1,1.0,1.0,5,8,0.0056,0.9944,22,0,0.5568,0.2016,-7.442,22,0
24,1.0,0.17,1,4,0.042,0.958,7,0,0.6462,0.4334,-32.471,7,0
33,0.24,0.21,0,4,0.0,1.0,9,0,0.3395,0.0296,-27.336,9,0
6,0.281,1.0,5,4,0.0001,0.9999,8,0,0.9998,0.9997,-9.266,8,0
11,0.0,0.25,3,0,1.0,0.0,2,1,0.4326,0.1302,-23.073,5,1
7,0.0,0.81,3,0,1.0,0.0,3,1,0.4142,0.0663,-28.498,2,1
5,0.978,0.51,5,4,0.0,1.0,6,0,0.9909,0.9819,-9.788,6,0
3,0.116,1.0,5,4,0.0689,0.9311,9,0,0.9287,0.88,-11.406,9,0
2,0.649,0.77,5,4,0.0565,0.9435,7,0,0.5038,0.2224,-23.061,8,1
9,0.621,1.0,3,4,0.191,0.809,7,0,0.5616,0.3905,-38.965,7,0
12,1.0,0.25,2,4,0.0055,0.9945,6,0,0.8119,0.6758,-17.831,6,0
6,0.0,1.0,5,0,1.0,0.0,4,1,0.8554,0.8052,-16.847,4,0
34,0.24,0.21,0,4,0.0,1.0,9,0,0.3401,0.0285,-27.272,9,0
8,1.0,0.81,2,4,0.0943,0.9057,7,0,0.5487,0.4107,-33.089,7,0
3,0.0,1.0,5,0,1.0,0.0,5,1,0.2554,0.0077,-7.627,2,1
3,0.099,0.83,5,4,0.0051,0.9949,6,0,0.5998,0.2979,-21.796,6,0
1,1.0,1.0,5,8,0.3153,0.6847,24,0,0.4342,0.2924,-22.336,24,0
7,1.0,1.0,4,4,0.0012,0.9988,9,0,0.9933,0.9877,-13.229,9,0
25,0.903,1.0,1,4,0.0243,0.9757,7,0,0.6108,0.4323,-36.575,7,0
10,0.357,1.0,3,4,0.1907,0.8093,7,0,0.55,0.3807,-39.03,7,0
9,0.72,0.68,2,1,0.6466,0.3534,2,1,0.3555,0.0021,-30.061,2,0
4,1.0,1.0,4,4,0.679,0.321,1,1,0.3832,0.1845,-10.306,1,0
6,0.377,1.0,5,4,0.0078,0.9922,7,0,0.9377,0.8849,-10.993,7,0
4,0.248,0.41,5,4,0.0006,0.9994,6,0,0.4712,0.1516,-19.082,6,0
11,0.104,1.0,3,4,0.1854,0.8146,7,0,0.5297,0.3579,-39.101,7,0
6,0.0,1.0,5,0,1.0,0.0,3,1,0.9261,0.8821,-16.127,3,0
26,0.131,0.75,1,4,0.0365,0.9635,7,0,0.445,0.2342,-37.577,7,0
13,1.0,1.0,2,4,0.1572,0.8428,7,0,0.5649,0.4528,-18.585,7,0
10,0.637,0.75,2,4,0.1568,0.8432,7,0,0.4264,0.2409,-30.568,7,0
2,0.799,1.0,5,4,0.0948,0.9052,7,0,0.7028,0.6043,-9.986,7,0
8,0.615,1.0,4,4,0.001,0.999,9,0,0.9989,0.9985,-5.961,9,0
5,0.034,1.0,4,4,0.5264,0.4736,4,1,0.3069,0.0943,-15.483,7,1
1,1.0,1.0,5,8,0.4087,0.5913,24,0,0.3264,0.1047,-20.863,24,0
11,0.0,1.0,3,0,1.0,0.0,2,1,0.5127,0.2415,-38.963,2,0
7,1.0,1.0,4,4,0.0001,0.9999,7,0,0.9536,0.9073,-19.053,7,0
26,0.0,0.49,1,0,1.0,0.0,2,1,1.0,1.0,-33.726,2,0
5,0.558,1.0,5,4,0.0001,0.9999,8,0,0.8543,0.7088,-17.208,8,0
2,0.0,1.0,5,0,1.0,0.0,1,1,0.6332,0.4468,-14.683,1,0
8,0.0,0.8,4,0,1.0,0.0,3,1,0.9024,0.8116,-11.391,3,0
14,0.582,0.67,2,4,0.2737,0.7263,7,0,0.3305,0.0769,-18.6,7,0
10,0.0,0.33,2,0,1.0,0.0,3,1,0.9175,0.8349,-28.608,3,0
6,0.857,1.0,4,4,0.2357,0.7643,9,0,0.4816,0.3287,-15.306,9,0
2,0.042,0.56,5,4,0.7239,0.2761,4,1,0.3531,0.1934,-21.594,5,1
12,1.0,1.0,2,4,0.4517,0.5483,3,1,0.3571,0.1312,-36.108,3,0
8,1.0,0.49,4,4,0.0,1.0,7,0,1.0,1.0,-12.406,7,0
27,1.0,0.49,0,4,0.0,1.0,8,0,0.4777,0.2121,-30.338,8,0
5,0.0,0.37,5,0,1.0,0.0,4,1,0.98,0.9601,-6.295,4,0
3,1.0,1.0,4,4,0.7188,0.2812,5,1,0.5824,0.4264,-18.189,5,0
9,1.0,0.8,3,4,0.0151,0.9849,8,0,0.9828,0.9715,-7.897,8,0
11,0.72,0.33,1,4,0.0138,0.9862,7,0,0.6791,0.5184,-31.716,7,0
15,0.161,0.33,2,4,0.1602,0.8398,7,0,0.47,0.2315,-18.71,7,0
7,0.595,0.7,4,4,0.1586,0.8414,9,0,0.5632,0.3901,-14.519,9,0
3,0.709,0.56,5,4,0.1676,0.8324,6,0,0.6543,0.5666,-17.846,6,0
13,1.0,1.0,2,4,0.0681,0.9319,7,0,0.6117,0.3572,-37.536,7,0
6,1.0,0.37,4,4,0.0001,0.9999,8,0,0.9977,0.9955,-23.109,8,0
4,0.561,1.0,4,4,0.2488,0.7512,7,0,0.2905,0.02,-19.144,7,0
12,0.347,0.23,1,1,0.0169,0.9831,7,0,0.9831,0.9662,-27.645,7,0
10,0.901,0.41,3,4,0.0001,0.9999,8,0,0.9991,0.9986,-4.134,8,0
15,0.0,0.27,2,0,1.0,0.0,5,1,0.8361,0.6721,-14.17,5,0
8,0.38,0.4,4,4,0.1458,0.8542,9,0,0.3472,0.0164,-13.646,9,0
3,0.709,0.87,5,0,1.0,0.0,5,1,0.5843,0.4312,-20.72,5,0
28,0.368,1.0,0,4,0.0,1.0,7,0,0.4152,0.0212,-29.049,7,0
14,0.227,1.0,0,4,0.0,1.0,7,0,0.4737,0.1185,-37.355,7,0
9,0.658,1.0,4,4,0.0,1.0,7,0,1.0,1.0,0.116,7,0
5,0.103,0.49,4,4,0.3245,0.6755,7,0,0.3205,0.1165,-19.856,7,0
16,1.0,0.27,1,4,0.0413,0.9587,7,0,0.5852,0.3499,-18.987,7,0
13,0.018,0.11,1,1,0.0144,0.9856,7,0,0.9856,0.9712,-26.962,7,0
11,0.803,0.02,3,4,0.0,1.0,8,0,1.0,0.9999,0.978,8,0
9,0.492,0.13,4,4,0.1548,0.8452,7,0,0.2612,0.02,-10.153,9,1
4,1.0,0.87,5,4,0.4772,0.5228,9,0,0.3764,0.1748,-21.213,9,0
14,0.0,1.0,2,0,1.0,0.0,2,1,0.5991,0.1982,-38.623,2,0
10,0.658,1.0,4,4,0.0,1.0,7,0,1.0,1.0,-3.308,7,0
7,0.9,1.0,4,4,0.1313,0.8687,7,0,0.8667,0.7822,-19.432,7,0
5,0.0,0.49,4,0,1.0,0.0,2,1,0.3529,0.0626,-13.143,1,1
5,0.718,0.45,5,4,0.3216,0.6784,6,0,0.3639,0.1156,-19.921,9,1
1,1.0,1.0,5,8,0.4117,0.5883,1,1,0.1888,0.0061,-21.844,1,0
16,0.0,0.0,1,0,1.0,0.0,1,1,1.0,1.0,-14.912,1,0
13,0.0,0.0,1,0,1.0,0.0,5,1,1.0,1.0,-33.884,5,0
15,1.0,1.0,1,4,0.3703,0.6297,5,1,0.3703,0.0932,-35.551,5,0
11,0.257,1.0,4,4,0.0,1.0,7,0,1.0,1.0,-8.175,7,0
7,0.0,0.91,4,0,1.0,0.0,2,1,0.3604,0.0358,-15.988,3,1
6,1.0,0.49,3,4,0.1797,0.8203,8,0,0.3021,0.0819,-16.039,8,0
12,0.704,1.0,3,4,0.0,1.0,9,0,0.7094,0.4189,6.667,8,1
6,0.415,0.32,5,4,0.3352,0.6648,6,0,0.422,0.2816,-19.839,6,0
2,0.903,1.0,5,8,0.2315,0.7685,23,0,0.3052,0.0495,-20.868,22,1
16,0.482,1.0,1,4,0.1094,0.8906,7,0,0.6951,0.5857,-36.892,7,0
11,0.0,1.0,4,0,1.0,0.0,2,1,0.7644,0.5687,-15.979,1,1
8,1.0,0.91,3,4,0.3658,0.6342,7,0,0.3082,0.1308,-18.321,7,0
17,1.0,1.0,0,4,0.0,1.0,9,0,0.7722,0.6443,-17.018,9,0
14,0.154,1.0,0,4,0.0,1.0,7,0,0.5971,0.4191,-32.968,7,0
10,0.492,1.0,4,4,0.2469,0.7531,9,0,0.4593,0.2812,-2.312,9,0
12,0.0,0.24,3,0,1.0,0.0,1,1,0.9942,0.9887,14.506,1,0
7,0.139,0.17,5,4,0.2799,0.7201,6,0,0.3835,0.2304,-19.72,6,0
3,0.483,1.0,5,4,0.3326,0.6674,7,0,0.4902,0.3298,-29.529,7,0
16,0.0,0.93,1,0,1.0,0.0,2,1,1.0,1.0,-33.684,2,0
12,0.878,1.0,3,4,0.0125,0.9875,8,0,0.9768,0.9679,-15.912,8,0
9,0.558,0.42,3,4,0.2867,0.7133,7,0,0.3865,0.2201,-18.684,7,0
18,0.638,0.77,0,1,0.0,1.0,9,0,1.0,1.0,-19.963,9,0
13,1.0,0.24,2,4,0.0001,0.9999,7,0,0.5443,0.1279,11.236,7,0
7,0.604,1.0,3,4,0.7179,0.2821,4,1,0.6169,0.4897,-18.383,4,0
7,0.0,0.04,5,0,1.0,0.0,4,1,0.4532,0.1371,-20.281,4,0
4,0.483,1.0,5,4,0.2455,0.7545,7,0,0.5464,0.4152,-28.939,7,0
17,1.0,0.93,0,4,0.0,1.0,7,0,0.6309,0.4792,-33.357,7,0
13,0.584,0.17,3,1,0.0834,0.9166,8,0,0.9166,0.8519,-12.828,8,0
10,0.092,0.33,3,4,0.387,0.613,5,1,0.2385,0.0138,-23.481,7,1
19,0.292,0.52,0,1,0.0,1.0,9,0,1.0,1.0,-22.441,9,0
11,0.424,0.55,4,4,0.0057,0.9943,9,0,0.928,0.8643,2.688,9,0
8,0.591,1.0,3,4,0.8961,0.1039,3,1,0.7589,0.6268,-20.061,3,0
8,0.709,0.04,4,4,0.378,0.622,7,0,0.3591,0.1142,-19.998,7,0
5,0.483,1.0,5,4,0.1642,0.8358,7,0,0.5931,0.4621,-27.176,7,0
18,0.624,0.66,0,4,0.0,1.0,7,0,0.5044,0.2916,-34.259,7,0
1,1.0,1.0,5,8,0.0312,0.9688,9,0,0.8674,0.7899,-15.874,9,0
11,0.49,0.23,3,4,0.105,0.895,7,0,0.6598,0.4973,-28.5,7,0
14,1.0,1.0,2,1,0.945,0.055,5,1,0.9433,0.8883,18.39,5,0
12,0.187,0.13,4,4,0.0018,0.9982,9,0,0.7101,0.4421,7.043,9,0
8,0.0,1.0,3,0,1.0,0.0,4,1,0.5534,0.2675,-15.574,4,0
9,0.9,0.04,4,4,0.2915,0.7085,7,0,0.444,0.2557,-19.722,7,0
5,0.0,1.0,5,0,1.0,0.0,0,1,0.3681,0.1271,-24.938,0,0
19,0.241,0.53,0,4,0.0,1.0,7,0,0.4483,0.2198,-34.668,7,0
1,1.0,1.0,5,8,0.0884,0.9116,6,0,0.4538,0.3072,-31.414,6,0
14,0.584,1.0,3,1,0.763,0.237,5,1,0.6449,0.4079,-14.184,8,1
15,0.019,1.0,2,4,0.0,1.0,8,0,1.0,1.0,25.088,8,0
9,0.591,1.0,2,4,0.3733,0.6267,7,0,0.2959,0.0036,-15.624,7,0
2,0.904,1.0,5,8,0.5798,0.4202,1,1,0.4612,0.2949,-16.281,1,0
10,1.0,0.04,4,4,0.2484,0.7516,7,0,0.4443,0.2927,-19.647,7,0
6,1.0,1.0,4,4,0.2888,0.7112,8,0,0.598,0.477,-25.569,8,0
2,0.262,0.44,5,8,0.0762,0.9238,23,0,0.6221,0.5095,-29.522,23,0
13,0.265,1.0,4,4,0.0015,0.9985,9,0,0.998,0.9967,16.135,9,0
15,0.361,0.85,3,4,0.0021,0.9979,6,0,0.9499,0.9088,-20.115,8,1
12,0.418,1.0,3,1,0.6306,0.3694,3,1,0.4252,0.0558,-22.731,7,1
15,0.0,0.2,2,0,1.0,0.0,1,1,0.9999,0.9999,29.119,1,0
10,0.591,1.0,2,4,0.3621,0.6379,7,0,0.3019,0.0172,-15.594,7,0
11,1.0,0.04,4,4,0.2493,0.7507,7,0,0.4097,0.2631,-19.75,7,0
7,0.69,0.62,4,4,0.3822,0.6178,8,0,0.4564,0.2978,-26.703,8,0
3,1.0,1.0,5,8,0.1845,0.8155,25,0,0.3924,0.2331,-18.237,25,0
1,1.0,1.0,5,8,0.0024,0.9976,24,0,0.9862,0.9792,-22.395,24,0
15,0.0,0.55,3,0,1.0,0.0,2,1,0.8671,0.7543,-12.943,1,1
13,0.703,1.0,3,4,0.2125,0.7875,9,0,0.6576,0.4594,-20.46,9,0
16,1.0,0.2,1,4,0.0,1.0,9,0,0.9925,0.9851,24.716,9,0
11,0.591,1.0,2,4,0.3509,0.6491,7,0,0.3075,0.0308,-15.559,7,0
12,1.0,0.04,4,4,0.2493,0.7507,7,0,0.3683,0.2093,-19.845,7,0
8,0.377,0.23,4,4,0.3385,0.6615,8,0,0.2646,0.01,-28.071,8,0
4,0.651,0.84,5,4,0.3192,0.6808,7,0,0.3668,0.1306,-25.364,7,0
2,0.848,1.0,5,4,0.1424,0.8576,8,0,0.3462,0.069,-22.033,8,0
3,0.164,1.0,5,4,0.4398,0.5602,6,0,0.2477,0.0541,-25.975,6,0
16,0.462,0.55,2,4,0.003,0.997,9,0,0.7947,0.5954,-3.806,9,0
13,0.0,1.0,4,0,1.0,0.0,3,1,0.9349,0.9062,6.141,3,0
14,0.378,0.49,3,4,0.3151,0.6849,9,0,0.4165,0.1055,-17.367,9,0
11,0.0,1.0,2,0,1.0,0.0,1,1,0.7446,0.4893,-17.904,1,0
13,1.0,0.04,4,4,0.2467,0.7533,7,0,0.3207,0.1072,-19.934,7,0
5,0.651,0.63,5,4,0.2476,0.7524,7,0,0.3615,0.1068,-24.084,7,0
2,0.0,0.0,5,0,1.0,0.0,3,1,0.5266,0.1699,-23.968,3,0
1,1.0,1.0,5,8,0.2397,0.7603,23,0,0.498,0.3604,-24.144,23,0
3,0.0,1.0,5,0,1.0,0.0,1,1,0.323,0.0507,-21.565,1,0
14,1.0,1.0,3,4,0.0036,0.9964,9,0,0.9877,0.9816,8.686,9,0
15,0.058,0.01,3,4,0.0994,0.9006,6,0,0.5361,0.2687,-14.974,9,1
12,1.0,1.0,1,4,0.0127,0.9873,7,0,0.717,0.5512,-14.268,7,0
14,1.0,0.04,4,4,0.2397,0.7603,8,0,0.2841,0.0154,-20.016,8,0
9,0.437,1.0,4,4,0.2384,0.7616,9,0,0.3785,0.2009,-24.137,9,0
17,0.462,1.0,2,1,0.0004,0.9996,9,0,0.9996,0.9993,1.354,9,0
2,1.0,1.0,5,4,0.4555,0.5445,7,0,0.425,0.1626,-33.201,7,0
4,1.0,1.0,4,4,0.6516,0.3484,4,1,0.5784,0.2979,-23.122,4,0
6,0.651,0.41,5,4,0.1508,0.8492,7,0,0.5975,0.4347,-21.13,7,0
3,1.0,1.0,4,4,0.2277,0.7723,7,0,0.5165,0.3339,-22.02,7,0
14,0.0,0.69,3,0,1.0,0.0,2,1,0.5242,0.2154,0.806,1,1
15,0.0,0.01,3,0,1.0,0.0,5,1,0.7781,0.6215,-14.032,5,0
13,0.635,1.0,1,4,0.0174,0.9826,7,0,0.6618,0.4507,-15.555,7,0
9,0.0,1.0,4,0,1.0,0.0,2,1,0.4251,0.1666,-29.151,5,1
17,0.0,1.0,2,0,1.0,0.0,0,1,0.9922,0.9844,-3.555,1,1
15,1.0,0.69,2,4,0.3687,0.6313,5,1,0.2812,0.0101,-1.7,5,0
5,0.865,0.84,4,4,0.0637,0.9363,7,0,0.919,0.8631,-21.747,7,0
3,0.775,1.0,5,4,0.3301,0.6699,7,0,0.5722,0.437,-34.827,7,0
7,0.304,0.21,5,4,0.1809,0.8191,7,0,0.7301,0.5924,-22.4,7,0
4,0.221,0.82,4,4,0.5445,0.4555,4,1,0.4495,0.2873,-21.894,7,1
16,0.418,0.01,2,4,0.0105,0.9895,7,0,0.5019,0.0411,-16.948,8,1
14,0.214,1.0,1,4,0.0219,0.9781,7,0,0.4203,0.0289,-18.234,7,0
10,1.0,1.0,3,4,0.1615,0.8385,7,0,0.5106,0.3528,-21.332,7,0
15,0.709,1.0,4,4,0.6532,0.3468,0,1,0.2891,0.0317,-20.858,0,0
18,0.877,1.0,1,4,0.0,1.0,8,0,0.9277,0.8573,-1.671,8,0
16,0.375,0.75,2,4,0.0049,0.9951,7,0,0.9931,0.9897,-16.798,7,0
4,0.563,1.0,5,4,0.2774,0.7226,7,0,0.5552,0.4281,-35.456,7,0
5,0.726,0.0,4,0,1.0,0.0,3,1,0.909,0.8251,-25.416,3,0
5,0.739,0.82,4,4,0.4025,0.5975,7,0,0.4564,0.2196,-22.92,8,1
14,0.0,1.0,1,0,1.0,0.0,2,1,1.0,1.0,-19.616,2,0
11,0.331,0.35,3,4,0.1378,0.8622,7,0,0.285,0.0004,-20.36,7,0
15,0.0,0.99,4,0,1.0,0.0,2,1,0.3434,0.0913,-17.402,2,0
19,0.49,0.59,1,1,0.0032,0.9968,8,0,0.9968,0.9936,-2.307,8,0
16,0.0,0.81,2,0,1.0,0.0,2,1,0.744,0.4879,-19.115,2,0
8,0.304,1.0,5,4,0.7765,0.2235,3,1,0.5998,0.4939,-11.972,3,0
5,0.338,1.0,5,4,0.273,0.727,7,0,0.5164,0.3558,-35.265,7,0
17,0.414,1.0,2,1,0.6712,0.3288,2,1,0.5912,0.2624,-14.835,1,1
5,0.739,0.71,4,0,1.0,0.0,1,1,0.3733,0.0395,-23.267,1,0
15,0.604,1.0,0,4,0.0,1.0,7,0,0.4683,0.1669,-20.619,7,0
11,0.0,0.35,3,0,1.0,0.0,4,1,0.6287,0.3297,-24.567,5,1
16,1.0,0.99,3,4,0.2967,0.7033,9,0,0.3616,0.1958,-17.673,9,0
20,0.023,0.19,1,1,0.0284,0.9716,8,0,0.9716,0.9431,-6.836,8,0
17,1.0,0.81,1,4,0.1286,0.8714,6,0,0.441,0.1437,-20.757,6,0
6,1.0,1.0,4,4,0.0617,0.9383,7,0,0.877,0.8166,-23.156,7,0
6,0.698,0.71,4,4,0.2512,0.7488,7,0,0.5879,0.432,-21.785,7,0
6,0.103,1.0,5,4,0.3025,0.6975,7,0,0.5265,0.3791,-34.211,7,0
17,0.0,1.0,2,0,1.0,0.0,1,1,0.8066,0.6132,-13.624,1,0
9,0.477,0.82,5,4,0.1192,0.8808,6,0,0.4631,0.0776,-7.407,6,0
16,0.37,0.65,0,4,0.0,1.0,7,0,0.5797,0.3491,-20.014,7,0
12,1.0,0.35,2,4,0.1415,0.8585,7,0,0.3985,0.2208,-16.332,7,0
16,0.0,0.0,3,0,1.0,0.0,1,1,0.5596,0.2887,-18.318,4,1
18,1.0,0.65,1,4,0.105,0.895,6,0,0.3899,0.0246,-17.999,6,0
7,0.291,0.76,4,4,0.9028,0.0972,4,1,0.8049,0.7419,-24.923,4,0
7,0.698,0.34,4,4,0.1437,0.8563,7,0,0.6975,0.5933,-21.422,7,0
18,1.0,1.0,1,4,0.0001,0.9999,9,0,0.9964,0.993,-21.219,9,0
9,0.0,0.65,5,0,1.0,0.0,4,1,0.825,0.7034,-3.23,4,0
6,0.0,1.0,5,0,1.0,0.0,5,1,0.3426,0.0373,-31.636,3,1
17,0.126,0.39,0,4,0.0,1.0,7,0,0.6482,0.4881,-20.384,7,0
13,0.08,0.09,2,3,0.2457,0.7543,9,0,0.4727,0.2453,-23.541,9,0
17,1.0,0.56,2,4,0.0979,0.9021,7,0,0.6807,0.5564,-18.718,7,0
1,1.0,1.0,5,8,0.2072,0.7928,23,0,0.5956,0.4668,-13.974,23,0
18,0.0,0.71,1,0,1.0,0.0,1,1,1.0,1.0,-24.384,1,0
8,0.177,0.76,4,4,0.2172,0.7828,7,0,0.5187,0.3043,-24.481,6,1
10,1.0,0.65,4,4,0.1286,0.8714,7,0,0.6384,0.4456,-4.624,7,0
7,1.0,1.0,4,4,0.4794,0.5206,9,0,0.3947,0.055,-29.314,9,0
19,0.174,0.59,1,1,0.0462,0.9538,9,0,0.9538,0.9076,-22.41,9,0
2,0.595,0.46,5,4,0.2402,0.7598,7,0,0.6054,0.4822,-28.668,7,0
19,0.034,0.71,0,4,0.0,1.0,7,0,0.6756,0.4759,-24.868,7,0
8,0.0,0.76,4,0,1.0,0.0,1,1,0.3844,0.1161,-23.247,2,1
8,0.511,0.89,4,4,0.6293,0.3707,4,1,0.4586,0.3156,-26.97,4,0
19,0.0,0.05,1,0,1.0,0.0,5,1,1.0,1.0,-19.668,5,0
18,0.126,0.76,0,4,0.0,1.0,7,0,0.4829,0.2343,-19.317,7,0
8,0.698,1.0,4,4,0.0611,0.9389,7,0,0.9328,0.8755,-24.203,7,0
14,0.08,1.0,2,3,0.4746,0.5254,3,1,0.292,0.0914,-27.464,8,1
18,0.28,1.0,2,4,0.0367,0.9633,7,0,0.5409,0.3049,-24.079,9,1
11,0.554,0.11,4,4,0.274,0.726,7,0,0.5392,0.3849,-2.621,7,0
9,1.0,0.76,3,4,0.0927,0.9073,6,0,0.6537,0.4747,-22.765,6,0
20,0.414,0.05,0,4,0.0,1.0,6,0,0.6564,0.3348,-20.757,6,0
9,0.25,0.95,4,4,0.4389,0.5611,2,1,0.2461,0.0249,-29.937,9,1
9,0.698,0.56,4,4,0.0015,0.9985,7,0,0.9955,0.9927,-19.41,7,0
14,0.0,0.91,2,0,1.0,0.0,5,1,0.8327,0.6655,-28.447,5,0
18,0.0,0.7,2,0,1.0,0.0,3,1,0.9359,0.8717,-21.415,3,0
3,0.187,1.0,5,4,0.6988,0.3012,1,1,0.2631,0.0513,-24.812,1,0
1,1.0,1.0,5,8,0.0041,0.9959,24,0,0.688,0.4955,-5.453,24,0
10,0.913,1.0,4,4,0.1553,0.8447,8,0,0.6742,0.5869,-30.686,8,0
12,0.069,1.0,4,4,0.2121,0.7879,7,0,0.5842,0.4313,0.961,7,0
9,0.0,0.03,4,0,1.0,0.0,4,1,0.8707,0.8108,-11.605,4,0
10,0.841,1.0,3,4,0.0045,0.9955,7,0,0.9778,0.9607,-22.424,7,0
15,1.0,0.91,1,4,0.0629,0.9371,7,0,0.7196,0.6333,-29.456,7,0
21,0.414,1.0,0,1,0.0,1.0,6,0,1.0,1.0,-23.234,6,0
19,1.0,0.7,1,4,0.0694,0.9306,6,0,0.3496,0.032,-23.428,6,0
4,0.057,1.0,5,4,0.4142,0.5858,7,0,0.3922,0.1528,-22.283,8,1
11,0.807,0.48,4,4,0.3433,0.6567,8,0,0.4978,0.3119,-29.697,8,0
10,0.739,0.03,3,4,0.0013,0.9987,8,0,0.9687,0.9398,-11.706,8,0
16,0.054,0.18,1,4,0.0422,0.9578,7,0,0.6298,0.4245,-30.881,7,0
12,0.0,1.0,4,0,1.0,0.0,5,1,0.8799,0.7982,-0.03,5,0
19,0.0,0.36,1,0,1.0,0.0,4,1,1.0,1.0,-20.193,4,0
4,0.0,1.0,5,0,1.0,0.0,5,1,0.3994,0.0431,-23.752,5,0
1,1.0,1.0,5,8,0.1362,0.8638,23,0,0.3887,0.1175,-28.279,23,0
11,0.256,0.52,3,4,0.0,1.0,7,0,1.0,0.9999,-24.608,7,0
2,1.0,1.0,5,1,0.8757,0.1243,5,1,0.737,0.6127,-11.258,5,0
16,0.0,0.08,1,0,1.0,0.0,4,1,1.0,1.0,-27.821,4,0
13,1.0,1.0,3,4,0.0537,0.9463,8,0,0.8407,0.7511,0.225,8,0
20,0.709,0.36,0,4,0.0,1.0,8,0,0.97,0.9454,-17.614,8,0
2,0.587,0.67,5,4,0.2471,0.7529,7,0,0.5987,0.4667,-27.432,7,0
5,1.0,1.0,4,4,0.7945,0.2055,0,1,0.5465,0.3787,-22.15,0,0
12,0.748,1.0,4,4,0.3544,0.6456,8,0,0.2694,0.0058,-31.709,8,0
11,0.0,0.58,3,0,1.0,0.0,3,1,0.6849,0.5145,-22.547,5,1
17,0.08,0.08,0,4,0.0,1.0,7,0,0.3541,0.0605,-18.262,7,0
3,0.48,1.0,5,4,0.0017,0.9983,8,0,0.995,0.9932,-13.596,8,0
1,1.0,1.0,5,8,0.1097,0.8903,23,0,0.2933,0.1304,-11.021,23,0
11,0.739,1.0,3,4,0.2829,0.7171,9,0,0.429,0.2855,-9.51,9,0
14,0.107,0.5,3,4,0.2639,0.7361,7,0,0.3601,0.1013,-0.108,8,1
21,0.709,0.36,0,4,0.0,1.0,8,0,0.9691,0.9438,-17.502,8,0
5,0.0,1.0,4,0,1.0,0.0,5,1,0.326,0.0189,-19.212,5,0
2,0.0,0.67,5,0,1.0,0.0,1,1,0.3428,0.082,-26.122,2,1
12,0.0,1.0,4,0,1.0,0.0,5,1,0.4938,0.1967,-32.282,1,1
12,0.291,0.58,2,4,0.2358,0.7642,6,0,0.4045,0.1394,-24.589,6,0
3,0.0,1.0,5,0,1.0,0.0,1,1,0.5179,0.2213,-18.674,3,1
2,0.848,1.0,5,4,0.0887,0.9113,8,0,0.6411,0.5104,-20.314,8,0
12,0.516,0.6,3,4,0.1386,0.8614,7,0,0.6154,0.4815,-6.387,8,1
15,0.008,0.22,3,4,0.1713,0.8287,8,0,0.484,0.2505,0.068,8,0
3,1.0,0.67,4,4,0.017,0.983,7,0,0.6601,0.425,-28.837,7,0
12,0.0,0.28,2,0,1.0,0.0,5,1,0.5274,0.0548,-20.77,5,0
4,1.0,1.0,4,4,0.0978,0.9022,7,0,0.4602,0.1001,-14.946,7,0
6,1.0,1.0,3,4,0.621,0.379,4,1,0.5557,0.3366,-19.973,4,0
13,0.511,1.0,3,4,0.2713,0.7287,7,0,0.3323,0.1506,-31.654,8,1
18,0.08,1.0,0,4,0.0,1.0,7,0,0.6383,0.4631,-16.997,7,0
3,0.627,0.46,5,4,0.029,0.971,8,0,0.7416,0.6213,-20.769,8,0
12,0.258,0.47,3,0,1.0,0.0,3,1,0.9934,0.9892,-7.108,3,0
1,1.0,1.0,5,8,0.3143,0.6857,24,0,0.3258,0.1926,-23.474,24,0
15,0.0,0.28,3,0,1.0,0.0,2,1,0.7143,0.4522,-1.017,2,0
7,0.699,1.0,3,4,0.5596,0.4404,3,1,0.3702,0.1181,-17.162,3,0
3,0.0,0.04,4,0,1.0,0.0,5,1,0.4271,0.0998,-23.987,5,0
14,0.572,1.0,3,4,0.2714,0.7286,7,0,0.2889,0.0737,-31.844,8,1
13,1.0,0.28,1,4,0.0131,0.9869,7,0,0.8296,0.7253,-24.057,7,0
19,0.08,0.41,0,4,0.0,1.0,7,0,0.5931,0.3665,-17.741,7,0
5,0.753,0.28,4,4,0.1187,0.8813,7,0,0.4769,0.1694,-14.242,7,0
13,0.221,0.47,3,4,0.0207,0.9793,7,0,0.8554,0.7651,-7.707,7,0
16,1.0,0.28,2,4,0.0003,0.9997,7,0,0.9981,0.9972,2.407,7,0
2,0.621,0.53,5,4,0.6609,0.3391,4,1,0.5995,0.3822,-20.818,4,0
8,0.585,1.0,3,4,0.1934,0.8066,9,0,0.3174,0.1068,-21.866,9,0
4,1.0,0.04,3,4,0.0597,0.9403,7,0,0.7419,0.6529,-21.722,7,0
14,0.0,0.86,3,0,1.0,0.0,1,1,0.6778,0.3732,-32.245,1,0
4,0.385,1.0,5,4,0.0958,0.9042,8,0,0.8197,0.7729,-23.639,8,0
13,0.0,0.07,3,0,1.0,0.0,4,1,0.7592,0.5499,-1.341,4,0
3,0.297,0.53,5,4,0.2176,0.7824,7,0,0.4413,0.2589,-28.062,7,0
9,0.312,1.0,3,4,0.158,0.842,6,0,0.2433,0.0062,-22.73,9,1
5,1.0,0.8,3,4,0.2082,0.7918,7,0,0.5401,0.3936,-24.699,7,0
15,1.0,0.86,2,4,0.1538,0.8462,7,0,0.4417,0.2415,-33.365,7,0
14,0.722,0.76,1,4,0.0588,0.9412,7,0,0.6156,0.4461,-28.817,7,0
20,0.08,1.0,0,4,0.0,1.0,7,0,0.4465,0.2423,-21.188,7,0
6,0.357,1.0,4,4,0.6259,0.3741,3,1,0.4732,0.1388,-20.165,3,0
4,0.0,1.0,5,0,1.0,0.0,1,1,0.7915,0.7146,-23.205,4,1
14,0.258,0.07,2,4,0.34,0.66,7,0,0.3295,0.118,-2.974,8,1
3,0.0,0.26,5,0,1.0,0.0,1,1,0.6371,0.5157,-27.438,1,0
17,0.57,1.0,2,4,0.0045,0.9955,7,0,0.9896,0.9862,4.79,7,0
9,0.0,1.0,3,0,1.0,0.0,4,1,0.5828,0.2441,-23.133,2,1
6,1.0,0.59,3,4,0.2215,0.7785,7,0,0.5801,0.4128,-25.171,7,0
15,0.547,0.76,1,4,0.1218,0.8782,7,0,0.4771,0.2912,-25.648,7,0
16,0.547,0.92,2,4,0.1384,0.8616,7,0,0.4147,0.2482,-33.553,7,0
7,0.833,1.0,4,4,0.0332,0.9668,8,0,0.9501,0.9288,-21.751,8,0
5,1.0,1.0,4,4,0.0402,0.9598,6,0,0.4427,0.0716,-22.063,6,0
14,0.019,0.0,2,0,1.0,0.0,5,1,0.7278,0.4556,-2.635,5,0
4,1.0,0.26,4,4,0.1759,0.8241,7,0,0.4932,0.2939,-29.464,7,0
10,0.699,1.0,2,4,0.2327,0.7673,7,0,0.581,0.3688,-22.447,7,0
18,0.081,0.8,2,4,0.0029,0.9971,7,0,0.9832,0.9746,6.395,7,0
17,0.29,0.98,2,4,0.1324,0.8676,7,0,0.3717,0.1806,-33.291,7,0
7,0.674,0.37,3,4,0.2092,0.7908,7,0,0.4926,0.3551,-24.897,7,0
1,1.0,1.0,5,8,0.114,0.886,24,0,0.5843,0.349,-23.428,24,0
16,0.359,0.48,1,4,0.1187,0.8813,7,0,0.4204,0.2203,-26.677,7,0
8,0.544,0.64,4,4,0.0547,0.9453,8,0,0.8565,0.8081,-21.021,8,0
5,0.349,0.0,4,0,1.0,0.0,4,1,0.9362,0.8913,-24.07,4,0
11,0.383,0.61,2,4,0.1506,0.8494,7,0,0.7041,0.586,-21.401,7,0
18,0.0,0.58,2,0,1.0,0.0,1,1,0.9133,0.8266,3.613,1,0
18,0.35,1.0,2,4,0.08,0.92,7,0,0.3761,0.1728,-33.023,7,0
8,0.358,0.16,3,4,0.1815,0.8185,7,0,0.4447,0.2472,-24.698,7,0
2,0.57,0.57,5,4,0.1463,0.8537,7,0,0.4793,0.2036,-32.438,7,0
5,0.938,1.0,4,4,0.5684,0.4316,3,1,0.4113,0.256,-26.458,3,0
16,0.0,0.48,1,0,1.0,0.0,2,1,1.0,1.0,-24.998,2,0
12,0.071,0.16,2,4,0.2664,0.7336,7,0,0.5436,0.3932,-18.959,7,0
9,0.234,0.63,4,4,0.1296,0.8704,8,0,0.5522,0.3789,-21.979,8,0
15,1.0,1.0,2,4,0.0001,0.9999,9,0,0.9999,0.9999,3.318,9,0
19,0.191,1.0,2,4,0.0588,0.9412,7,0,0.2693,0.0025,-32.805,7,0
19,0.304,0.58,1,4,0.1669,0.8331,9,0,0.3646,0.0743,7.445,9,0
3,0.14,0.57,5,4,0.3086,0.6914,6,0,0.2617,0.0846,-32.565,7,1
6,0.64,1.0,4,4,0.1565,0.8435,6,0,0.555,0.4276,-28.327,6,0
6,1.0,1.0,4,4,0.0088,0.9912,6,0,0.6274,0.3353,-25.41,6,0
17,1.0,0.48,0,4,0.0,1.0,9,0,0.3167,0.0007,-23.435,9,0
9,0.0,0.72,4,0,1.0,0.0,1,1,0.6437,0.5036,-18.277,1,0
16,0.466,0.49,2,4,0.0034,0.9966,9,0,0.9965,0.9931,7.891,9,0
20,0.252,1.0,2,4,0.0376,0.9624,7,0,0.2845,0.0162,-32.01,7,0
20,0.006,0.34,1,4,0.1162,0.8838,9,0,0.3669,0.084,7.947,9,0
3,0.0,0.57,5,0,1.0,0.0,5,1,0.4416,0.1412,-30.066,1,1
9,0.358,1.0,3,4,0.2445,0.7555,7,0,0.3122,0.06,-30.596,7,0
7,0.58,0.78,4,4,0.1695,0.8305,7,0,0.7,0.6048,-30.539,7,0
7,0.903,0.79,4,4,0.0201,0.9799,7,0,0.4819,0.1822,-25.52,7,0
13,0.071,1.0,2,4,0.1187,0.8813,7,0,0.4376,0.1348,-21.019,7,0
10,0.357,0.72,3,4,0.1914,0.8086,7,0,0.4354,0.1851,-20.035,8,1
21,0.234,1.0,2,4,0.028,0.972,9,0,0.292,0.0004,-31.156,7,1
4,1.0,0.57,4,4,0.4903,0.5097,4,1,0.4503,0.1871,-28.371,4,0
16,0.0,0.39,2,0,1.0,0.0,4,1,0.5871,0.1742,7.567,4,0
20,0.0,0.4,1,0,1.0,0.0,0,1,1.0,1.0,7.006,0,0
7,0.0,0.51,4,0,1.0,0.0,1,1,0.7269,0.6026,-29.724,2,1
14,0.071,0.61,2,4,0.1448,0.8552,6,0,0.3792,0.0916,-19.276,7,1
5,0.676,0.57,4,4,0.549,0.451,5,1,0.4771,0.1653,-29.134,5,0
10,0.045,0.91,3,4,0.1798,0.8202,7,0,0.3804,0.1187,-31.308,9,1
8,0.806,0.73,4,4,0.0211,0.9789,7,0,0.5471,0.2535,-25.541,7,0
10,0.0,0.72,3,0,1.0,0.0,2,1,0.7256,0.5621,-16.718,2,0
8,0.938,0.51,3,4,0.0054,0.9946,7,0,0.9577,0.9311,-29.229,7,0
18,0.866,1.0,0,4,0.0,1.0,7,0,0.95,0.9131,-30.152,7,0
17,0.019,0.39,1,4,0.0025,0.9975,8,0,0.6531,0.3156,0.092,8,0
14,0.0,0.09,2,0,1.0,0.0,5,1,0.6988,0.3977,-15.536,5,0
21,0.904,0.4,0,4,0.0,1.0,7,0,0.6292,0.336,4.486,7,0
22,0.222,1.0,2,4,0.0133,0.9867,6,0,0.4007,0.1487,-26.57,8,1
6,0.756,0.57,4,4,0.5642,0.4358,4,1,0.4951,0.2695,-28.764,4,0
10,0.0,0.83,3,0,1.0,0.0,3,1,0.525,0.2851,-31.659,3,0
9,0.708,0.67,4,4,0.0227,0.9773,7,0,0.5714,0.2736,-25.558,7,0
9,0.32,0.27,3,4,0.0581,0.9419,7,0,0.7926,0.6832,-31.43,7,0
11,1.0,0.72,2,4,0.1017,0.8983,7,0,0.583,0.3502,-18.286,7,0
15,1.0,0.09,1,4,0.0465,0.9535,7,0,0.8245,0.7497,-21.742,7,0
23,1.0,1.0,2,4,0.0045,0.9955,8,0,0.7651,0.5953,-23.974,8,0
19,0.503,0.65,0,4,0.0,1.0,7,0,0.9269,0.8899,-29.031,7,0
7,0.352,0.57,4,4,0.4711,0.5289,7,0,0.4024,0.0479,-29.49,5,1
22,0.301,0.16,0,4,0.0,1.0,7,0,0.6769,0.4415,-1.648,7,0
11,1.0,0.83,2,4,0.3314,0.6686,4,1,0.3073,0.0684,-30.129,4,0
10,0.258,0.89,3,4,0.2227,0.7773,7,0,0.3,0.0106,-32.675,7,0
10,0.611,0.62,4,4,0.0262,0.9738,7,0,0.5761,0.2825,-25.608,6,1
12,0.67,0.69,2,4,0.1037,0.8963,7,0,0.5626,0.3189,-18.46,7,0
16,0.468,0.09,1,4,0.0351,0.9649,7,0,0.8308,0.7634,-23.543,7,0
24,0.889,1.0,2,4,0.0067,0.9933,8,0,0.7265,0.5563,-24.578,8,0
18,0.019,1.0,1,4,0.0,1.0,8,0,0.9458,0.8916,9.032,8,0
7,0.0,0.57,4,0,1.0,0.0,5,1,0.5814,0.3693,-30.206,1,1
20,0.11,0.35,0,4,0.0,1.0,7,0,0.9642,0.9443,-29.085,7,0
12,1.0,0.89,2,4,0.477,0.523,3,1,0.4113,0.2094,-30.302,3,0
10,0.0,0.77,3,0,1.0,0.0,0,1,0.6667,0.4261,-32.161,0,0
11,0.514,0.55,4,4,0.028,0.972,7,0,0.5693,0.2826,-25.585,6,1
16,0.0,0.0,1,0,1.0,0.0,2,1,1.0,1.0,-29.306,2,0
13,0.36,0.88,2,4,0.1904,0.8096,7,0,0.4977,0.3034,-18.524,7,0
25,0.793,1.0,2,4,0.0095,0.9905,8,0,0.6763,0.512,-25.07,8,0
8,0.756,0.57,3,4,0.2772,0.7228,6,0,0.2807,0.0707,-28.761,6,0
18,0.0,0.74,1,0,1.0,0.0,2,1,1.0,1.0,14.551,2,0
11,0.621,0.77,2,4,0.1563,0.8437,8,0,0.309,0.0717,-27.919,7,1
23,0.205,1.0,0,4,0.0,1.0,7,0,0.7636,0.5882,5.23,7,0
13,0.721,0.95,2,4,0.2559,0.7441,6,0,0.2529,0.0363,-29.256,6,0
17,1.0,1.0,0,4,0.0,1.0,8,0,0.5205,0.2226,-28.56,8,0
26,0.683,1.0,2,4,0.0042,0.9958,9,0,0.4712,0.114,-25.586,8,1
12,0.417,0.47,4,4,0.0279,0.9721,7,0,0.5577,0.2817,-25.52,6,1
14,0.063,0.82,2,4,0.2569,0.7431,7,0,0.384,0.18,-18.602,7,0
19,1.0,0.74,0,4,0.0,1.0,8,0,0.9999,0.9999,15.538,8,0
12,0.21,0.77,2,4,0.1447,0.8553,8,0,0.3153,0.0899,-29.797,7,1
1,1.0,1.0,5,8,0.073,0.927,25,0,0.3709,0.1712,-9.454,25,0
18,0.65,0.37,0,4,0.0,1.0,8,0,0.4795,0.2558,-26.054,8,0
9,0.756,1.0,3,1,0.7213,0.2787,1,1,0.5012,0.2225,-27.025,1,0
14,0.176,0.82,2,4,0.1108,0.8892,6,0,0.2681,0.0138,-28.303,8,1
2,0.804,1.0,5,4,0.2288,0.7712,8,0,0.6564,0.505,-6.351,8,0
12,0.0,0.77,2,0,1.0,0.0,5,1,0.8475,0.6951,-31.95,2,1
27,0.577,1.0,2,4,0.0001,0.9999,9,0,0.9731,0.9464,-22.147,9,0
13,0.319,0.41,4,4,0.0289,0.9711,7,0,0.5593,0.3103,-25.538,6,1
14,0.0,0.65,2,0,1.0,0.0,0,1,0.5829,0.1659,-12.859,0,0
20,0.534,0.22,0,4,0.0,1.0,8,0,0.9991,0.9983,19.748,8,0
10,0.617,1.0,3,4,0.2272,0.7728,9,0,0.598,0.4383,-25.86,9,0
1,1.0,1.0,5,8,0.4506,0.5494,4,1,0.249,0.0582,-4.979,4,0
3,0.445,0.65,5,4,0.3169,0.6831,8,0,0.3071,0.0993,-5.815,8,0
14,0.0,0.63,2,0,1.0,0.0,2,1,0.7513,0.5025,-27.081,2,0
13,1.0,0.77,1,4,0.0031,0.9969,7,0,0.6892,0.494,-31.829,7,0
19,0.15,1.0,0,4,0.0,1.0,8,0,0.3792,0.102,-30.726,8,0
14,0.222,0.34,4,4,0.0285,0.9715,7,0,0.5504,0.3166,-25.521,6,1
11,0.228,1.0,3,4,0.1874,0.8126,9,0,0.5827,0.3886,-25.898,9,0
15,1.0,0.65,1,4,0.0001,0.9999,7,0,0.9926,0.9872,-13.484,7,0
15,1.0,0.63,1,4,0.007,0.993,7,0,0.5922,0.3502,-25.452,7,0
2,0.86,1.0,5,8,0.5611,0.4389,3,1,0.3814,0.2431,-4.84,3,0
3,0.0,0.28,5,0,1.0,0.0,1,1,0.4032,0.086,-0.088,2,1
13,0.0,0.45,1,0,1.0,0.0,2,1,1.0,1.0,-32.548,2,0
28,0.433,1.0,2,4,0.0,1.0,9,0,1.0,1.0,1.944,9,0
11,0.0,1.0,3,0,1.0,0.0,5,1,0.8193,0.6643,-26.27,5,0
15,0.125,0.27,4,4,0.0281,0.9719,7,0,0.5443,0.3235,-25.51,6,1
15,1.0,0.0,1,0,1.0,0.0,4,1,1.0,1.0,-12.678,4,0
1,1.0,1.0,5,8,0.1286,0.8714,6,0,0.2164,0.0162,-23.206,6,0
3,0.275,0.76,5,8,0.4003,0.5997,23,0,0.3101,0.1607,-9.527,1,1
4,1.0,0.28,4,4,0.0775,0.9225,7,0,0.6551,0.5021,-1.058,7,0
14,1.0,0.45,0,4,0.0,1.0,6,0,0.3695,0.1455,-32.222,6,0
28,0.0,0.77,2,0,1.0,0.0,4,1,0.7779,0.5559,0.381,4,0
12,0.756,1.0,2,4,0.2418,0.7582,7,0,0.363,0.1308,-22.956,7,0
16,0.028,0.21,4,4,0.0293,0.9707,7,0,0.5427,0.3335,-25.551,6,1
2,0.226,0.09,5,8,0.1699,0.8301,22,0,0.2703,0.0878,-23.849,22,0
16,1.0,1.0,1,4,0.2541,0.7459,7,0,0.3943,0.1402,-23.816,7,0
4,0.018,0.49,5,4,0.4575,0.5425,8,0,0.229,0.0512,-17.198,6,1
29,0.25,0.77,1,4,0.1756,0.8244,9,0,0.3827,0.1524,-10.117,9,0
12,0.0,0.36,2,0,1.0,0.0,3,1,0.7601,0.5202,-23.537,3,0
2,0.0,0.0,5,0,1.0,0.0,5,1,0.4868,0.2563,-19.565,4,1
16,1.0,1.0,1,4,0.0786,0.9214,7,0,0.4108,0.2081,-11.868,7,0
1,1.0,1.0,5,8,0.2789,0.7211,24,0,0.4058,0.2087,-24.374,24,0
16,0.0,0.14,4,0,1.0,0.0,3,1,0.4623,0.1792,-19.654,3,0
16,0.0,0.91,1,0,1.0,0.0,4,1,1.0,1.0,-24.3,4,0
4,0.0,0.49,5,0,1.0,0.0,4,1,0.3851,0.1597,-14.357,4,0
5,0.535,1.0,4,4,0.587,0.413,5,1,0.2698,0.0905,1.629,5,0
13,1.0,0.36,1,4,0.0036,0.9964,7,0,0.4974,0.295,-25.271,7,0
29,0.0,0.17,1,0,1.0,0.0,3,1,1.0,1.0,-4.928,3,0
3,1.0,1.0,4,4,0.0955,0.9045,7,0,0.7837,0.721,-18.213,7,0
2,0.823,0.54,5,4,0.7027,0.2973,4,1,0.5772,0.4653,-24.862,4,0
16,0.0,0.78,1,0,1.0,0.0,0,1,1.0,1.0,-14.158,0,0
17,1.0,0.14,3,4,0.0021,0.9979,8,0,0.9813,0.9696,-20.782,8,0
17,1.0,0.91,0,4,0.0,1.0,7,0,0.787,0.6744,-22.822,7,0
5,0.86,0.49,4,4,0.1312,0.8688,8,0,0.4217,0.1527,-14.518,8,0
6,1.0,1.0,4,4,0.0015,0.9985,8,0,0.9794,0.9617,2.84,8,0
14,0.522,0.27,1,4,0.0044,0.9956,7,0,0.4971,0.1737,-25.225,7,0
30,1.0,0.17,0,4,0.0,1.0,6,0,0.3971,0.0292,-3.243,6,0
4,0.593,1.0,4,4,0.1311,0.8689,7,0,0.7357,0.6626,-19.334,7,0
3,0.015,0.44,5,4,0.1567,0.8433,6,0,0.6942,0.5938,-27.156,6,0
17,1.0,0.78,0,4,0.0,1.0,7,0,0.5177,0.1088,-14.562,7,0
18,0.931,0.44,3,4,0.0118,0.9882,8,0,0.9313,0.8991,-21.981,8,0
18,0.496,0.81,0,4,0.0,1.0,7,0,0.4641,0.1657,-20.821,7,0
1,1.0,1.0,5,8,0.2756,0.7244,9,0,0.2925,0.0549,-16.127,9,0
7,0.123,0.07,4,4,0.0016,0.9984,8,0,0.9868,0.9774,5.876,8,0
14,0.0,0.21,1,0,1.0,0.0,2,1,1.0,1.0,-20.186,2,0
5,0.208,0.32,4,4,0.2299,0.7701,7,0,0.6063,0.4544,-16.056,7,0
3,0.0,0.0,5,0,1.0,0.0,0,1,0.4299,0.2521,-23.829,2,1
18,0.573,0.37,0,1,0.0,1.0,7,0,1.0,1.0,-15.801,7,0
19,0.857,0.75,3,4,0.0693,0.9307,8,0,0.7113,0.6055,-22.337,8,0
15,1.0,0.21,0,4,0.0,1.0,6,0,0.5137,0.2941,-20.621,6,0
6,0.36,1.0,4,4,0.288,0.712,9,0,0.3008,0.0711,-16.615,8,1
7,0.0,0.14,4,0,1.0,0.0,3,1,0.4809,0.2525,8.01,3,0
31,1.0,1.0,0,4,0.0,1.0,9,0,1.0,1.0,7.312,9,0
2,0.292,0.16,5,8,0.1761,0.8239,6,0,0.4445,0.2708,-14.74,6,0
4,0.823,1.0,4,4,0.4294,0.5706,9,0,0.3008,0.0086,-25.843,9,0
20,0.788,1.0,3,4,0.1367,0.8633,8,0,0.4732,0.2912,-21.622,8,0
1,1.0,1.0,5,8,0.3389,0.6611,4,1,0.2234,0.0668,-17.446,4,0
2,0.0,0.0,5,0,1.0,0.0,1,1,0.4022,0.0241,-9.495,1,0
8,1.0,0.14,3,4,0.0071,0.9929,8,0,0.9263,0.8916,9.992,8,0
6,0.0,1.0,4,0,1.0,0.0,0,1,0.3332,0.0532,-12.557,2,1
32,0.611,0.32,0,4,0.0,1.0,9,0,1.0,1.0,20.721,9,0
6,0.268,1.0,4,4,0.3409,0.6591,7,0,0.5402,0.3306,-17.342,7,0
19,0.635,1.0,0,1,0.0,1.0,7,0,1.0,1.0,-16.468,7,0
21,0.714,1.0,3,4,0.1473,0.8527,8,0,0.371,0.1684,-21.533,8,0
5,0.606,0.57,4,4,0.379,0.621,9,0,0.3351,0.0597,-23.878,9,0
2,0.064,1.0,5,8,0.2747,0.7253,24,0,0.2005,0.0023,-20.411,24,0
7,1.0,1.0,3,4,0.372,0.628,7,0,0.3005,0.0893,-17.093,7,0
3,1.0,1.0,4,8,0.1435,0.8565,24,0,0.5447,0.3684,-15.269,24,0
16,1.0,1.0,0,4,0.0,1.0,6,0,0.5481,0.1686,-25.81,6,0
6,0.0,0.53,4,0,1.0,0.0,3,1,0.6383,0.3766,-15.048,3,0
6,0.492,0.09,4,4,0.3999,0.6001,9,0,0.3461,0.0551,-20.567,9,0
22,0.649,1.0,3,4,0.1487,0.8513,8,0,0.2977,0.0312,-21.459,8,0
2,0.0,0.7,5,0,1.0,0.0,3,1,0.514,0.284,-23.232,3,0
1,1.0,1.0,5,8,0.0889,0.9111,22,0,0.5259,0.3111,-27.045,22,0
8,1.0,1.0,3,4,0.3705,0.6295,7,0,0.2856,0.0766,-17.18,7,0
4,0.584,0.2,4,4,0.1111,0.8889,8,0,0.4723,0.1413,-11.374,8,0
7,1.0,0.53,3,4,0.0557,0.9443,7,0,0.8857,0.8469,-19.07,7,0
17,0.155,0.83,0,4,0.0,1.0,6,0,0.7151,0.5032,-24.867,6,0
9,0.215,1.0,3,4,0.1202,0.8798,8,0,0.6289,0.454,3.97,8,0
3,1.0,0.7,4,4,0.0933,0.9067,7,0,0.4459,0.2027,-27.034,7,0
23,0.575,1.0,3,4,0.1446,0.8554,7,0,0.338,0.1029,-21.358,8,1
2,0.943,0.56,5,4,0.397,0.603,1,1,0.2725,0.0596,-25.462,1,0
9,1.0,1.0,3,4,0.3678,0.6322,7,0,0.273,0.0673,-17.261,7,0
9,0.0,1.0,3,0,1.0,0.0,2,1,0.7071,0.4906,1.226,2,0
4,0.449,0.45,4,4,0.1567,0.8433,7,0,0.4407,0.2619,-26.33,7,0
3,0.801,0.56,5,4,0.0282,0.9718,8,0,0.8809,0.8288,-26.751,8,0
7,0.445,1.0,4,4,0.7745,0.2255,2,1,0.6406,0.5042,-12.896,2,0
1,1.0,1.0,5,8,0.2987,0.7013,7,0,0.2578,0.0703,-9.457,7,0
10,1.0,1.0,3,4,0.3102,0.6898,7,0,0.2988,0.0676,-17.856,7,0
5,0.584,1.0,4,4,0.0266,0.9734,9,0,0.9551,0.9441,-13.215,9,0
10,1.0,1.0,2,4,0.2253,0.7747,7,0,0.3623,0.1459,-2.363,7,0
8,0.9,1.0,3,4,0.4271,0.5729,7,0,0.4935,0.1092,-17.503,7,0
24,0.575,1.0,3,4,0.0007,0.9993,9,0,0.9992,0.9985,-21.885,9,0
4,0.0,0.21,4,0,1.0,0.0,1,1,0.7028,0.5747,-23.914,1,0
2,0.228,0.01,5,8,0.107,0.893,23,0,0.3732,0.1636,-11.631,7,1
8,0.578,1.0,4,4,0.76,0.24,0,1,0.4221,0.171,-13.351,7,1
11,1.0,1.0,3,4,0.31,0.69,7,0,0.2989,0.0679,-17.939,7,0
11,1.0,1.0,2,4,0.2305,0.7695,7,0,0.3489,0.1272,-2.147,7,0
5,0.0,0.3,4,0,1.0,0.0,3,1,0.6276,0.442,0.178,3,0
8,0.0,0.47,3,0,1.0,0.0,4,1,0.7732,0.6229,-13.7,4,0
5,1.0,0.21,3,4,0.2088,0.7912,7,0,0.3088,0.0416,-27.257,7,0
24,0.0,1.0,3,0,1.0,0.0,5,1,0.6754,0.4972,-15.958,5,0
8,0.0,1.0,4,0,1.0,0.0,3,1,0.4878,0.2028,-14.168,3,0
4,0.801,1.0,5,4,0.2247,0.7753,9,0,0.7683,0.6297,-23.911,9,0
1,1.0,1.0,5,8,0.0979,0.9021,23,0,0.3834,0.1968,-26.733,23,0
12,0.459,1.0,3,4,0.2057,0.7943,7,0,0.5716,0.436,-19.673,7,0
12,0.771,1.0,2,4,0.2539,0.7461,7,0,0.3927,0.1456,-6.779,7,0
9,1.0,0.47,2,4,0.0001,0.9999,7,0,0.9979,0.9961,-14.99,7,0
6,1.0,0.3,3,4,0.1481,0.8519,7,0,0.5607,0.35,-5.699,7,0
9,1.0,1.0,3,4,0.7814,0.2186,5,1,0.5462,0.4068,-23.412,5,0
25,0.877,1.0,2,4,0.002,0.998,7,0,0.988,0.9802,-16.59,7,0
4,0.0,0.53,5,0,1.0,0.0,5,1,0.5937,0.4119,-20.797,5,0
3,0.128,1.0,5,4,0.2348,0.7652,7,0,0.5969,0.4619,-32.848,7,0
2,1.0,0.58,5,4,0.085,0.915,9,0,0.4884,0.2511,-28.644,9,0
13,1.0,1.0,3,4,0.3081,0.6919,7,0,0.2899,0.052,-18.101,7,0
13,0.83,1.0,2,4,0.2559,0.7441,7,0,0.3716,0.1226,-5.17,7,0
7,1.0,0.13,3,4,0.0761,0.9239,7,0,0.8005,0.7165,-4.437,7,0
6,1.0,1.0,3,4,0.1917,0.8083,9,0,0.3119,0.0354,-21.454,9,0
9,0.0,1.0,3,0,1.0,0.0,3,1,0.423,0.0152,-30.995,2,1
5,1.0,0.53,4,4,0.0,1.0,8,0,1.0,1.0,-21.707,8,0
4,0.029,0.8,5,4,0.2933,0.7067,7,0,0.5281,0.378,-26.36,7,0
3,0.689,0.26,5,4,0.2103,0.7897,9,0,0.2603,0.0071,-28.71,9,0
14,0.365,1.0,3,4,0.1998,0.8002,7,0,0.5856,0.4518,-20.193,7,0
14,0.889,1.0,2,4,0.2567,0.7433,7,0,0.3454,0.0962,-3.673,7,0
10,1.0,1.0,2,4,0.0,1.0,9,0,1.0,0.9999,-13.327,9,0
10,1.0,1.0,2,4,0.2469,0.7531,9,0,0.3066,0.0091,-33.583,9,0
7,0.67,1.0,3,4,0.108,0.892,7,0,0.3313,0.0856,-21.917,7,0
14,0.0,1.0,3,0,1.0,0.0,1,1,0.4567,0.1353,-16.625,5,1
26,0.877,0.5,2,4,0.006,0.994,7,0,0.9821,0.9746,-16.02,7,0
4,0.0,0.6,5,0,1.0,0.0,3,1,0.3081,0.0424,-21.119,1,1
15,0.668,1.0,2,4,0.2743,0.7257,7,0,0.3817,0.1137,-8.591,7,0
11,0.073,0.78,2,4,0.0064,0.9936,9,0,0.7932,0.6239,-15.588,9,0
8,1.0,1.0,3,4,0.1449,0.8551,7,0,0.6753,0.5411,-6.838,7,0
11,0.464,1.0,2,4,0.1408,0.8592,6,0,0.4982,0.3201,-33.816,6,0
8,0.306,0.68,3,4,0.1459,0.8541,6,0,0.3291,0.0807,-21.842,7,1
15,1.0,1.0,2,4,0.1022,0.8978,9,0,0.4343,0.1738,-19.148,9,0
4,0.89,1.0,5,4,0.1188,0.8812,6,0,0.5258,0.2278,-27.148,9,1
16,0.727,1.0,2,4,0.2782,0.7218,7,0,0.3629,0.091,-6.901,7,0
5,0.876,0.6,4,4,0.2733,0.7267,7,0,0.4801,0.2905,-27.371,7,0
6,0.517,1.0,4,4,0.2881,0.7119,9,0,0.7066,0.4336,-20.577,9,0
11,0.0,0.67,2,0,1.0,0.0,1,1,0.979,0.958,-9.111,1,0
8,0.0,0.55,3,0,1.0,0.0,4,1,0.6282,0.298,5.755,4,0
11,0.0,0.77,2,0,1.0,0.0,2,1,0.8488,0.6977,-31.684,2,0
8,0.0,0.14,3,0,1.0,0.0,5,1,0.6085,0.3981,-21.319,5,0
16,0.704,0.61,2,4,0.1192,0.8808,7,0,0.3561,0.0607,-17.881,9,1
5,0.63,0.95,5,4,0.2404,0.7596,6,0,0.4915,0.3652,-27.24,9,1
12,1.0,0.67,1,4,0.0006,0.9994,8,0,0.7844,0.5803,-5.129,8,0
17,0.494,1.0,2,4,0.2856,0.7144,7,0,0.3811,0.1027,-12.284,1,1
6,0.396,0.42,4,4,0.2182,0.7818,7,0,0.414,0.2546,-27.95,7,0
6,0.0,0.8,4,0,1.0,0.0,0,1,0.6548,0.3894,-18.307,3,1
27,0.877,1.0,2,4,0.0111,0.9889,9,0,0.9187,0.8745,-16.761,9,0
9,1.0,0.55,2,4,0.0535,0.9465,6,0,0.4927,0.2479,4.414,6,0
12,0.578,0.77,1,4,0.0286,0.9714,7,0,0.8211,0.7403,-32.674,7,0
9,1.0,0.14,2,4,0.0806,0.9194,8,0,0.4081,0.0534,-23.139,8,0
17,0.366,0.44,2,4,0.1498,0.8502,7,0,0.3965,0.2087,-19.014,7,0
6,0.382,0.89,5,4,0.3386,0.6614,6,0,0.3139,0.0695,-28.116,9,1
13,0.34,0.15,1,4,0.0007,0.9993,8,0,0.8401,0.7467,-5.757,8,0
18,0.17,1.0,2,4,0.3038,0.6962,7,0,0.3505,0.0618,-17.421,1,1
7,0.943,0.8,3,4,0.0256,0.9744,6,0,0.5565,0.2373,-18.303,6,0
6,0.0,0.48,4,0,1.0,0.0,4,1,0.3565,0.0206,-21.536,1,1
28,0.466,0.41,2,4,0.0532,0.9468,7,0,0.7855,0.6896,-15.433,7,0
12,0.0,0.83,1,0,1.0,0.0,1,1,1.0,1.0,-31.965,1,0
17,0.0,0.23,2,0,1.0,0.0,2,1,0.6836,0.3672,-19.095,2,0
7,0.118,0.83,5,4,0.4497,0.5503,7,0,0.2531,0.0537,-29.049,6,1
19,0.229,1.0,2,4,0.302,0.698,7,0,0.3551,0.0659,-16.528,1,1
7,0.877,0.48,3,4,0.0581,0.9419,7,0,0.4099,0.1049,-23.091,7,0
10,1.0,1.0,2,4,0.1821,0.8179,8,0,0.555,0.4127,-19.886,8,0
29,0.075,0.09,2,4,0.0037,0.9963,7,0,0.9893,0.9852,-15.287,7,0
13,1.0,0.83,0,4,0.0,1.0,6,0,0.4966,0.1629,-32.543,6,0
10,0.792,1.0,2,4,0.0595,0.9405,9,0,0.8921,0.8377,1.956,9,0
18,1.0,0.23,1,4,0.2353,0.7647,7,0,0.3618,0.1265,-18.154,7,0
7,0.0,0.77,5,0,1.0,0.0,1,1,0.436,0.1921,-24.539,2,1
14,0.34,1.0,1,4,0.0004,0.9996,8,0,0.8807,0.7791,-5.451,8,0
8,0.519,1.0,3,4,0.0678,0.9322,6,0,0.6385,0.5225,-14.964,9,1
20,0.288,1.0,2,4,0.3005,0.6995,7,0,0.3595,0.0695,-15.496,1,1
11,0.625,0.68,2,4,0.1584,0.8416,9,0,0.591,0.3943,1.248,9,0
8,0.391,1.0,3,1,0.4795,0.5205,7,0,0.5205,0.3026,-22.764,7,0
11,0.488,0.42,2,4,0.2426,0.7574,9,0,0.3066,0.0208,-18.452,8,1
14,0.217,0.52,0,4,0.0,1.0,6,0,0.6331,0.4227,-32.695,6,0
8,1.0,0.77,4,4,0.0109,0.9891,7,0,0.9599,0.9313,-25.884,7,0
14,0.0,0.75,1,0,1.0,0.0,2,1,1.0,1.0,-1.485,2,0
20,0.0,1.0,2,0,1.0,0.0,1,1,0.9438,0.8876,-12.391,1,0
19,1.0,1.0,1,4,0.1585,0.8415,7,0,0.3703,0.1254,-26.429,7,0
9,0.189,0.78,3,4,0.0497,0.9503,6,0,0.6342,0.4773,-15.124,6,0
30,0.075,1.0,2,4,0.0,1.0,8,0,1.0,1.0,-11.021,8,0
12,0.472,0.58,2,4,0.3219,0.6781,6,0,0.437,0.1383,1.36,9,1
8,0.0,0.91,3,0,1.0,0.0,2,1,0.7253,0.4842,-23.47,1,1
12,0.548,0.07,2,4,0.1274,0.8726,8,0,0.4323,0.2228,-14.202,8,0
15,1.0,0.75,0,4,0.0,1.0,8,0,0.9035,0.8247,-1.327,8,0
21,0.535,1.0,1,4,0.0187,0.9813,6,0,0.436,0.0839,-15.638,6,0
10,0.211,0.57,3,4,0.0361,0.9639,6,0,0.7751,0.6511,-14.59,9,1
30,0.0,1.0,2,0,1.0,0.0,2,1,0.7513,0.5025,-6.704,1,1
20,0.694,0.85,1,4,0.168,0.832,7,0,0.363,0.145,-27.053,7,0
13,0.292,0.74,2,4,0.5246,0.4754,5,1,0.4938,0.1611,2.756,9,1
9,0.9,1.0,4,4,0.2089,0.7911,7,0,0.7521,0.597,-19.099,7,0
9,1.0,0.91,2,4,0.3227,0.6773,5,1,0.295,0.0675,-21.74,5,0
1,1.0,1.0,5,8,0.3993,0.6007,7,0,0.49,0.2146,-11.84,7,0
16,0.591,0.32,0,4,0.0,1.0,7,0,0.4174,0.12,1.092,7,0
21,0.0,0.4,1,0,1.0,0.0,4,1,1.0,1.0,-6.99,4,0
10,0.0,0.63,3,0,1.0,0.0,3,1,0.728,0.554,-15.691,3,0
31,1.0,1.0,1,4,0.0,1.0,8,0,1.0,1.0,-0.788,8,0
21,0.388,0.7,1,4,0.1765,0.8235,7,0,0.3736,0.1779,-27.357,7,0
14,0.586,0.74,2,4,0.6021,0.3979,4,1,0.5575,0.3393,8.264,4,0
10,0.283,0.86,4,4,0.343,0.657,7,0,0.514,0.3697,-21.977,7,0
13,0.181,1.0,2,4,0.1635,0.8365,8,0,0.5455,0.3016,-17.487,8,0
10,0.379,0.81,2,4,0.1163,0.8837,7,0,0.6031,0.4531,-24.408,7,0
1,0.0,0.71,5,0,1.0,0.0,5,1,0.4579,0.0774,-19.423,1,1
22,1.0,0.4,0,4,0.0,1.0,6,0,0.3202,0.0423,-15.155,6,0
11,1.0,0.63,2,4,0.005,0.995,8,0,0.9298,0.897,-11.906,8,0
31,0.0,0.61,1,0,1.0,0.0,1,1,1.0,1.0,-5.843,1,0
22,0.112,0.54,1,4,0.1688,0.8312,7,0,0.4052,0.2327,-27.449,7,0
14,0.0,0.74,2,0,1.0,0.0,2,1,0.6512,0.3024,3.175,5,1
10,0.0,0.59,4,0,1.0,0.0,3,1,0.9308,0.8921,-11.315,4,1
10,0.0,0.71,2,0,1.0,0.0,2,1,0.9303,0.8606,-23.662,2,0
13,0.0,0.63,2,0,1.0,0.0,2,1,0.6411,0.2821,-12.599,0,1
2,1.0,0.71,4,8,0.4966,0.5034,4,1,0.3839,0.2595,-17.447,4,0
1,1.0,1.0,5,8,0.6904,0.3096,4,1,0.4852,0.3743,-14.235,4,0
12,0.894,0.27,2,4,0.0005,0.9995,8,0,0.9815,0.9709,-9.997,8,0
32,0.226,0.61,0,4,0.0,1.0,7,0,0.4776,0.1095,-3.874,7,0
15,1.0,0.74,1,4,0.0228,0.9772,6,0,0.9675,0.9447,2.709,6,0
11,1.0,0.71,1,4,0.0729,0.9271,9,0,0.4334,0.1378,-25.76,9,0
22,0.0,0.38,1,0,1.0,0.0,5,1,1.0,1.0,-26.069,5,0
11,1.0,0.59,3,4,0.0,1.0,7,0,1.0,1.0,-14.484,7,0
2,0.702,1.0,5,8,0.2936,0.7064,9,0,0.2487,0.0433,-16.23,9,0
14,1.0,0.63,1,4,0.0328,0.9672,7,0,0.7555,0.5917,-14.114,7,0
3,0.547,0.57,4,8,0.1559,0.8441,6,0,0.3689,0.1796,-20.056,6,0
23,1.0,1.0,0,4,0.0,1.0,8,0,0.4123,0.1198,-6.25,8,0
23,1.0,0.38,0,4,0.0,1.0,7,0,0.4325,0.2034,-28.605,7,0
16,0.562,0.28,1,1,0.0,1.0,6,0,1.0,1.0,5.291,6,0
12,0.762,0.61,1,4,0.0868,0.9132,7,0,0.3464,0.1403,-24.319,7,0
13,0.894,1.0,2,4,0.0459,0.9541,9,0,0.9519,0.906,-5.23,9,0
3,0.445,0.61,5,8,0.3686,0.6314,22,0,0.2381,0.0088,-17.569,22,0
15,0.403,0.05,1,4,0.0115,0.9885,7,0,0.9304,0.8986,-15.303,7,0
3,0.0,0.41,4,0,1.0,0.0,1,1,0.4095,0.0526,-24.73,1,0
1,1.0,1.0,5,8,0.4327,0.5673,4,1,0.2874,0.0879,-20.037,4,0
24,0.628,0.15,0,1,0.0,1.0,7,0,1.0,1.0,-29.132,7,0
12,0.338,1.0,3,4,0.4636,0.5364,9,0,0.2167,0.0027,-10.539,9,0
14,0.586,0.37,2,4,0.2387,0.7613,9,0,0.556,0.3173,-5.532,9,0
4,0.347,0.56,5,4,0.5491,0.4509,3,1,0.3461,0.1883,-19.713,7,1
15,0.0,0.0,1,0,1.0,0.0,0,1,1.0,1.0,-13.675,0,0
4,1.0,0.41,3,8,0.2828,0.7172,3,1,0.1984,0.0005,-26.054,3,0
1,0.0,1.0,5,0,1.0,0.0,3,1,0.2964,0.0466,-18.553,2,1
12,0.0,1.0,3,0,1.0,0.0,4,1,0.7128,0.5552,-10.226,4,0
17,0.562,1.0,1,1,0.0,1.0,6,0,1.0,1.0,8.76,6,0
13,0.275,1.0,1,4,0.0328,0.9672,7,0,0.5084,0.2031,-19.803,9,1
16,1.0,1.0,0,4,0.0,1.0,9,0,0.5428,0.2797,-13.317,9,0
5,0.224,0.18,3,8,0.1563,0.8437,9,0,0.2442,0.0551,-25.691,9,0
5,0.477,0.36,5,4,0.5176,0.4824,0,1,0.2403,0.0342,-19.702,8,1
1,1.0,1.0,5,8,0.0981,0.9019,7,0,0.3878,0.2628,-17.049,7,0
2,1.0,1.0,4,8,0.0453,0.9547,6,0,0.4426,0.3078,-23.722,6,0
13,1.0,1.0,2,4,0.068,0.932,8,0,0.8955,0.8411,-3.498,8,0
25,0.195,1.0,0,1,0.0,1.0,7,0,1.0,1.0,-31.11,7,0
18,0.25,0.12,1,1,0.0,1.0,6,0,1.0,1.0,19.674,6,0
13,0.0,0.38,1,0,1.0,0.0,1,1,1.0,1.0,-19.289,1,0
17,0.682,0.82,0,1,0.0,1.0,9,0,1.0,1.0,-15.68,9,0
15,0.586,1.0,2,4,0.1458,0.8542,8,0,0.8497,0.704,-2.066,8,0
6,0.839,0.31,5,4,0.3303,0.6697,9,0,0.5788,0.3881,-18.326,9,0
2,0.463,0.41,5,2,0.5987,0.4013,7,0,0.2884,0.0305,-13.001,7,0
3,0.442,1.0,4,8,0.0829,0.9171,8,0,0.3095,0.0913,-24.826,6,1
14,0.693,0.17,2,1,0.2353,0.7647,8,0,0.7647,0.53,6.443,8,0
14,0.876,0.38,0,4,0.0,1.0,7,0,0.516,0.2262,-22.794,7,0
18,0.386,0.63,0,1,0.0,1.0,9,0,1.0,1.0,-16.019,9,0
15,0.0,1.0,2,0,1.0,0.0,4,1,1.0,1.0,2.375,4,0
6,0.125,1.0,3,8,0.035,0.965,7,0,0.5309,0.126,-24.175,7,0
15,0.693,0.38,2,1,0.5234,0.4766,5,1,0.5193,0.0428,8.867,8,1
1,1.0,1.0,5,8,0.2101,0.7899,25,0,0.5847,0.4373,-26.499,25,0
7,0.149,0.21,5,4,0.3124,0.6876,9,0,0.6059,0.4802,-23.251,9,0
19,0.098,0.46,0,1,0.0,1.0,9,0,1.0,1.0,-17.148,9,0
3,0.0,0.16,4,0,1.0,0.0,5,1,0.4601,0.1953,-16.156,1,1
15,0.368,0.27,0,4,0.0,1.0,7,0,0.5561,0.3617,-23.3,7,0
16,1.0,1.0,1,4,0.0,1.0,7,0,1.0,1.0,7.828,7,0
16,0.868,0.38,2,4,0.0072,0.9928,6,0,0.9162,0.8402,14.095,6,0
2,0.786,1.0,5,4,0.4196,0.5804,9,0,0.5678,0.2289,-32.738,9,0
7,0.0,0.21,5,0,1.0,0.0,5,1,0.3693,0.1547,-16.495,1,1
3,0.463,1.0,5,2,0.4921,0.5079,23,0,0.4731,0.0734,-14.6,23,0
7,0.026,1.0,3,8,0.0811,0.9189,6,0,0.2165,0.048,-12.184,25,1
4,1.0,0.16,3,8,0.0382,0.9618,22,0,0.8489,0.7968,-15.785,22,0
1,1.0,1.0,5,8,0.3312,0.6688,8,0,0.2538,0.005,-20.523,8,0
8,1.0,0.21,4,4,0.1295,0.8705,6,0,0.4279,0.1408,-21.463,6,0
4,0.463,0.65,5,1,0.7241,0.2759,5,1,0.4386,0.1627,-17.858,7,1
7,0.0,0.99,3,0,1.0,0.0,5,1,0.567,0.1675,-13.011,1,1
4,0.0,0.16,3,0,1.0,0.0,1,1,0.6881,0.4797,-18.275,1,0
2,0.206,0.23,5,8,0.4633,0.5367,8,0,0.2267,0.0418,-24.662,8,0
17,0.355,0.17,2,4,0.0136,0.9864,7,0,0.9827,0.9693,17.588,7,0
3,0.846,1.0,5,4,0.1709,0.8291,8,0,0.8224,0.7356,-29.223,8,0
9,1.0,0.07,4,1,0.1305,0.8695,6,0,0.8695,0.7536,-20.031,6,0
1,1.0,1.0,5,8,0.3539,0.6461,6,0,0.2895,0.0695,-29.944,6,0
8,1.0,0.99,2,8,0.0132,0.9868,22,0,0.5587,0.3754,-8.449,22,0
5,0.799,0.65,5,4,0.3509,0.6491,7,0,0.3434,0.0928,-18.26,7,0
5,1.0,0.16,2,4,0.1816,0.8184,6,0,0.3873,0.1118,-16.611,6,0
4,0.35,0.44,5,4,0.5699,0.4301,4,1,0.3772,0.032,-27.241,8,1
17,0.0,0.02,2,0,1.0,0.0,4,1,0.9665,0.9331,26.511,4,0
2,0.47,0.84,5,8,0.2084,0.7916,23,0,0.4675,0.3443,-32.694,23,0
6,0.161,0.42,5,1,0.9548,0.0452,4,1,0.3727,0.1573,-21.315,7,1
5,0.612,0.44,5,4,0.2324,0.7676,8,0,0.579,0.4221,-28.946,8,0
3,0.206,1.0,5,8,0.0917,0.9083,22,0,0.8305,0.7788,-19.234,22,0
10,1.0,1.0,4,1,0.6976,0.3024,1,1,0.4628,0.1604,-17.351,1,0
3,0.181,0.56,5,4,0.1654,0.8346,6,0,0.5624,0.3551,-37.051,6,0
18,1.0,0.02,1,4,0.0,1.0,8,0,0.9999,0.9998,26.644,8,0
9,0.903,1.0,2,4,0.0318,0.9682,7,0,0.6192,0.433,13.152,7,0
1,1.0,1.0,5,8,0.1111,0.8889,24,0,0.5506,0.4383,-19.418,24,0
7,0.871,0.42,5,4,0.0161,0.9839,6,0,0.8576,0.7512,-22.258,6,0
6,1.0,1.0,2,4,0.2588,0.7412,7,0,0.2652,0.0627,-17.59,7,0
6,0.163,0.06,5,4,0.2125,0.7875,8,0,0.3607,0.1341,-27.868,8,0
3,0.0,1.0,5,0,1.0,0.0,1,1,0.4349,0.0874,-21.339,1,0
11,0.796,1.0,4,4,0.7983,0.2017,5,1,0.5436,0.3263,-21.537,5,0
3,0.0,0.32,5,0,1.0,0.0,5,1,0.3791,0.0055,-31.702,5,0
1,0.0,0.0,5,0,1.0,0.0,5,1,0.4284,0.2564,-24.314,3,1
10,0.209,0.89,2,4,0.0478,0.9522,7,0,0.4487,0.1744,11.269,8,1
7,0.0,0.24,5,0,1.0,0.0,1,1,0.5456,0.3376,-20.237,1,0
7,0.364,0.91,2,4,0.3483,0.6517,2,1,0.282,0.0727,-19.845,9,1
6,0.0,0.06,5,0,1.0,0.0,2,1,0.4804,0.2757,-31.597,2,0
4,1.0,0.32,4,4,0.0259,0.9741,6,0,0.9555,0.9365,-34.706,6,0
12,0.238,1.0,4,4,0.6991,0.3009,3,1,0.5379,0.3757,-26.242,7,1
1,1.0,1.0,5,8,0.4662,0.5338,23,0,0.2608,0.0709,-29.106,23,0
2,1.0,1.0,4,4,0.2249,0.7751,7,0,0.5259,0.3442,-29.522,7,0
4,1.0,1.0,4,4,0.0177,0.9823,8,0,0.9522,0.9313,-17.966,8,0
8,1.0,0.24,4,4,0.3676,0.6324,7,0,0.3923,0.1354,-20.93,7,0
19,1.0,1.0,1,1,0.0006,0.9994,8,0,0.9994,0.9987,19.347,8,0
8,0.472,0.91,2,4,0.4681,0.5319,1,1,0.3385,0.1063,-26.23,7,1
7,1.0,0.06,4,4,0.0085,0.9915,7,0,0.9724,0.9621,-26.503,7,0
10,0.0,0.89,2,0,1.0,0.0,1,1,0.7036,0.4072,7.131,2,1
13,0.538,1.0,4,4,0.6704,0.3296,4,1,0.2637,0.0192,-27.406,5,1
2,0.145,1.0,5,4,0.3822,0.6178,7,0,0.5424,0.3487,-24.381,7,0
8,0.0,0.91,2,0,1.0,0.0,2,1,0.854,0.708,-25.97,2,0
5,1.0,1.0,4,4,0.0621,0.9379,6,0,0.4461,0.1041,-24.042,6,0
11,1.0,0.89,1,4,0.0021,0.9979,7,0,0.7327,0.5622,-5.097,7,0
14,0.347,1.0,4,4,0.3864,0.6136,7,0,0.3189,0.0686,-25.269,6,1
2,0.0,0.46,5,0,1.0,0.0,5,1,0.6397,0.4702,-19.524,5,0
3,0.626,1.0,4,4,0.0848,0.9152,6,0,0.6584,0.4434,-12.849,6,0
9,0.512,1.0,4,4,0.1866,0.8134,7,0,0.6112,0.5078,-22.643,7,0
8,1.0,1.0,4,4,0.7275,0.2725,3,1,0.274,0.079,-28.86,3,0
1,1.0,1.0,5,8,0.5281,0.4719,4,1,0.2439,0.078,-23.175,4,0
9,0.472,0.91,1,4,0.1603,0.8397,7,0,0.3621,0.0692,-26.981,7,0
5,0.577,1.0,4,1,0.999,0.001,4,1,0.8903,0.8339,-17.713,4,0
6,0.404,0.79,4,4,0.1356,0.8644,8,0,0.4085,0.1327,-27.808,6,1
14,0.0,1.0,4,0,1.0,0.0,3,1,0.2585,0.0039,-25.113,1,1
3,1.0,0.46,4,4,0.3615,0.6385,7,0,0.3403,0.1597,-23.39,7,0
4,0.235,0.41,4,4,0.0129,0.9871,6,0,0.7803,0.5773,-8.216,6,0
10,0.279,0.42,4,4,0.02,0.98,7,0,0.9727,0.9575,-22.459,7,0
12,0.53,0.61,1,4,0.005,0.995,7,0,0.8275,0.7451,-6.596,7,0
8,0.0,1.0,4,0,1.0,0.0,5,1,0.6435,0.4978,-31.012,5,0
2,0.658,1.0,5,8,0.2786,0.7214,22,0,0.3219,0.154,-22.782,22,0
9,0.0,0.91,1,0,1.0,0.0,0,1,1.0,1.0,-27.362,0,0
6,0.0,0.85,4,0,1.0,0.0,1,1,0.377,0.1041,-35.744,1,0
15,0.538,1.0,3,4,0.4112,0.5888,9,0,0.2775,0.0315,-29.672,5,1
6,1.0,1.0,4,4,0.0005,0.9995,6,0,0.9913,0.9845,-11.765,6,0
4,1.0,1.0,4,4,0.3193,0.6807,9,0,0.3089,0.0506,-21.505,9,0
4,0.0,0.41,4,0,1.0,0.0,3,1,0.6627,0.5088,-11.851,3,0
9,1.0,1.0,3,4,0.3993,0.6007,7,0,0.4183,0.2256,-28.736,7,0
13,0.57,0.34,1,4,0.0034,0.9966,7,0,0.9038,0.8695,1.844,7,0
2,0.0,0.31,5,0,1.0,0.0,1,1,0.328,0.0583,-18.852,1,0
10,1.0,0.91,0,4,0.0,1.0,7,0,0.542,0.277,-28.362,7,0
7,1.0,0.85,3,4,0.4422,0.5578,7,0,0.3273,0.1065,-34.515,7,0
15,0.0,1.0,3,0,1.0,0.0,5,1,0.591,0.3662,-26.786,5,0
5,1.0,0.82,4,4,0.2473,0.7527,7,0,0.4722,0.2629,-23.587,7,0
11,0.047,1.0,4,4,0.1949,0.8051,7,0,0.79,0.6223,-17.856,7,0
5,1.0,0.41,3,4,0.6657,0.3343,2,1,0.3682,0.0778,-13.768,2,0
10,0.608,0.9,3,4,0.2575,0.7425,7,0,0.5189,0.3599,-28.481,7,0
7,0.586,0.31,4,4,0.0,1.0,6,0,0.9992,0.9986,-10.346,6,0
3,1.0,0.31,4,4,0.1159,0.8841,9,0,0.4852,0.1238,-21.73,9,0
11,0.377,0.48,0,4,0.0,1.0,7,0,0.6518,0.4879,-30.089,7,0
8,0.9,0.64,3,4,0.5421,0.4579,3,1,0.346,0.0866,-34.218,3,0
16,0.238,1.0,2,4,0.4963,0.5037,1,1,0.4411,0.2742,-26.978,7,1
6,0.514,0.88,4,4,0.3927,0.6073,7,0,0.2786,0.0991,-26.051,7,0
11,0.0,0.91,4,0,1.0,0.0,3,1,0.8244,0.6899,-20.668,3,0
6,0.63,0.41,3,4,0.1816,0.8184,8,0,0.3286,0.0962,-12.096,8,0
11,0.547,0.75,3,4,0.2794,0.7206,7,0,0.3508,0.159,-29.931,7,0
3,0.0,0.31,4,0,1.0,0.0,5,1,0.4371,0.0789,-19.805,3,1
14,0.399,1.0,1,4,0.0114,0.9886,7,0,0.8401,0.7776,6.332,7,0
9,0.66,0.7,3,4,0.3018,0.6982,7,0,0.346,0.1718,-38.471,7,0
17,0.796,1.0,2,4,0.2872,0.7128,8,0,0.4025,0.1416,-29.003,8,0
7,1.0,0.94,4,4,0.2905,0.7095,7,0,0.4285,0.2178,-24.248,7,0
12,1.0,0.91,3,4,0.0033,0.9967,8,0,0.9959,0.9935,-18.052,8,0
7,0.191,0.09,3,4,0.1698,0.8302,7,0,0.3658,0.0702,-12.853,8,1
11,0.0,0.48,3,0,1.0,0.0,1,1,0.4616,0.0006,-28.635,2,1
4,1.0,0.31,3,4,0.1374,0.8626,8,0,0.4974,0.3445,-23.344,8,0
8,0.648,1.0,4,4,0.0048,0.9952,6,0,0.7915,0.5956,-1.711,6,0
1,1.0,1.0,5,8,0.2824,0.7176,8,0,0.2674,0.0537,-21.273,8,0
10,0.314,0.4,3,4,0.3163,0.6837,7,0,0.3681,0.2138,-38.217,7,0
15,0.326,0.82,1,4,0.0137,0.9863,7,0,0.8355,0.7695,8.61,7,0
18,0.973,1.0,2,4,0.2695,0.7305,8,0,0.3984,0.146,-28.513,8,0
8,0.514,1.0,4,4,0.4019,0.5981,7,0,0.2994,0.1091,-26.553,7,0
12,0.0,0.81,3,0,1.0,0.0,2,1,0.64,0.4343,-22.427,2,0
7,0.191,0.0,3,0,1.0,0.0,4,1,0.6602,0.3205,-19.853,4,0
12,1.0,0.48,2,4,0.0901,0.9099,7,0,0.6039,0.4223,-28.655,7,0
2,0.312,0.89,5,8,0.6122,0.3878,4,1,0.3555,0.2122,-23.973,24,1
9,0.299,0.49,4,4,0.0003,0.9997,7,0,0.84,0.6892,0.603,7,0
10,0.0,0.13,3,0,1.0,0.0,4,1,0.3741,0.0121,-36.383,4,0
19,1.0,1.0,2,4,0.2668,0.7332,8,0,0.3857,0.1338,-28.415,8,0
9,0.562,1.0,4,4,0.3913,0.6087,7,0,0.3204,0.1325,-26.365,7,0
13,1.0,0.81,2,4,0.0884,0.9116,8,0,0.831,0.7573,-22.706,8,0
16,0.284,0.64,1,4,0.0199,0.9801,7,0,0.7923,0.7003,9.93,7,0
13,1.0,0.48,2,4,0.0941,0.9059,7,0,0.5787,0.3763,-28.676,7,0
5,1.0,1.0,3,4,0.0595,0.9405,7,0,0.6923,0.5995,-25.352,7,0
3,0.357,0.95,5,8,0.6694,0.3306,3,1,0.4942,0.3671,-23.127,3,0
9,0.0,0.49,4,0,1.0,0.0,3,1,0.5488,0.3561,-0.314,3,0
11,1.0,0.13,2,4,0.0036,0.9964,7,0,0.9695,0.9568,-35.317,7,0
16,0.0,0.64,1,0,1.0,0.0,2,1,1.0,1.0,10.605,2,0
8,1.0,1.0,3,4,0.3926,0.6074,9,0,0.605,0.2135,-13.208,9,0
20,1.0,1.0,2,4,0.2659,0.7341,8,0,0.3711,0.119,-28.397,8,0
10,0.514,1.0,4,4,0.4086,0.5914,7,0,0.2932,0.0963,-26.464,7,0
14,0.429,0.44,2,4,0.1635,0.8365,8,0,0.5922,0.3629,-23.645,8,0
14,1.0,0.48,2,4,0.0985,0.9015,7,0,0.5464,0.3168,-28.689,7,0
6,0.598,0.15,3,4,0.0138,0.9862,7,0,0.8824,0.8055,-23.687,7,0
10,0.878,0.49,3,4,0.0179,0.9821,7,0,0.9221,0.8879,-6.447,7,0
4,0.724,1.0,5,8,0.3448,0.6552,6,0,0.2293,0.0025,-23.731,6,0
8,0.0,1.0,3,0,1.0,0.0,2,1,0.4598,0.0327,-22.607,3,1
17,1.0,0.64,0,4,0.0,1.0,9,0,0.9644,0.9451,9.17,9,0
21,1.0,1.0,2,4,0.2638,0.7362,8,0,0.3564,0.1054,-28.379,8,0
11,0.5,1.0,4,4,0.416,0.584,7,0,0.2838,0.081,-26.454,7,0
14,0.0,0.35,2,0,1.0,0.0,0,1,0.5114,0.0227,-22.889,5,1
15,1.0,0.48,2,4,0.1034,0.8966,7,0,0.506,0.2416,-28.695,7,0
12,0.901,1.0,2,4,0.0352,0.9648,7,0,0.4654,0.185,-33.003,7,0
5,0.096,1.0,5,8,0.4898,0.5102,4,1,0.2672,0.1144,-21.319,6,1
9,0.191,1.0,2,4,0.0104,0.9896,8,0,0.9115,0.862,-16.705,8,0
22,1.0,1.0,2,4,0.2604,0.7396,8,0,0.3419,0.0932,-28.361,8,0
12,0.521,1.0,4,3,0.8319,0.1681,4,1,0.5536,0.4206,-25.409,4,0
7,0.127,1.0,3,4,0.2787,0.7213,7,0,0.3277,0.1441,-25.819,8,1
15,0.463,0.35,1,4,0.0338,0.9662,7,0,0.3651,0.0491,-21.088,7,0
16,1.0,0.48,2,4,0.1082,0.8918,7,0,0.4569,0.1485,-28.694,7,0
13,0.042,0.85,2,4,0.0437,0.9563,7,0,0.48,0.2295,-40.707,7,0
6,0.27,1.0,5,8,0.3754,0.6246,23,0,0.1858,0.0403,-19.901,1,1
9,0.0,1.0,2,0,1.0,0.0,3,1,0.636,0.2721,-21.945,3,0
23,1.0,1.0,2,4,0.2557,0.7443,8,0,0.3279,0.0829,-28.345,8,0
11,0.78,1.0,3,4,0.1005,0.8995,8,0,0.8711,0.8101,-1.386,8,0
13,0.937,1.0,4,4,0.254,0.746,9,0,0.4776,0.2972,-25.84,9,0
18,1.0,1.0,0,1,0.0,1.0,9,0,1.0,1.0,15.792,9,0
7,0.0,1.0,3,0,1.0,0.0,3,1,0.6047,0.3155,-24.409,3,0
17,1.0,0.48,2,4,0.1124,0.8876,7,0,0.3994,0.0369,-28.685,7,0
13,0.0,0.71,2,0,1.0,0.0,1,1,0.6042,0.2083,-38.354,1,0
6,0.0,1.0,5,0,1.0,0.0,0,1,0.4171,0.2348,-12.618,1,1
10,1.0,1.0,1,4,0.1289,0.8711,7,0,0.5291,0.3611,-22.405,7,0
24,1.0,1.0,2,4,0.2497,0.7503,8,0,0.3146,0.0746,-28.329,8,0
8,1.0,1.0,2,4,0.0375,0.9625,6,0,0.508,0.0942,-22.555,6,0
14,0.833,1.0,4,4,0.2357,0.7643,9,0,0.4384,0.2655,-23.919,9,0
12,0.047,0.67,3,4,0.4793,0.5207,5,1,0.3578,0.0341,-4.491,8,1
16,0.25,1.0,1,1,0.6382,0.3618,5,1,0.6382,0.2763,-22.749,7,1
14,0.9,0.71,1,4,0.0074,0.9926,7,0,0.4652,0.2423,-33.071,7,0
18,1.0,0.48,2,4,0.1152,0.8848,8,0,0.4269,0.0914,-28.668,8,0
7,0.312,1.0,4,4,0.2724,0.7276,8,0,0.3221,0.0392,-22.777,8,0
11,0.144,1.0,1,4,0.1424,0.8576,7,0,0.4867,0.3443,-25.216,7,0
25,1.0,1.0,2,3,0.3269,0.6731,5,1,0.3038,0.001,-30.225,5,0
15,0.765,1.0,4,4,0.1779,0.8221,9,0,0.3591,0.1205,-21.611,9,0
13,0.8,0.64,3,4,0.0,1.0,9,0,1.0,1.0,10.363,9,0
16,0.0,1.0,1,0,1.0,0.0,0,1,1.0,1.0,-21.971,0,0
1,1.0,1.0,5,8,0.2677,0.7323,8,0,0.4799,0.268,-11.182,8,0
15,0.739,0.44,1,4,0.0063,0.9937,7,0,0.3831,0.1648,-32.197,7,0
19,0.691,0.06,2,4,0.043,0.957,8,0,0.4703,0.2121,-28.025,8,0
7,0.0,0.79,4,0,1.0,0.0,3,1,0.3124,0.0465,-11.768,1,1
11,0.0,1.0,1,0,1.0,0.0,1,1,1.0,1.0,-21.229,1,0
9,1.0,1.0,2,4,0.0146,0.9854,8,0,0.9801,0.9726,-18.773,8,0
26,0.238,1.0,2,4,0.3114,0.6886,7,0,0.3188,0.0606,-28.669,7,0
13,0.0,0.64,3,0,1.0,0.0,3,1,0.4785,0.0497,-14.118,3,0
16,0.724,1.0,4,4,0.1015,0.8985,6,0,0.4616,0.2353,-19.503,6,0
17,0.25,1.0,0,4,0.0,1.0,7,0,0.3981,0.0625,-22.927,7,0
8,0.096,0.79,3,4,0.2305,0.7695,7,0,0.2912,0.0731,-15.176,9,1
16,0.59,0.17,1,4,0.005,0.995,7,0,0.3475,0.1045,-31.074,7,0
1,0.0,0.55,5,0,1.0,0.0,1,1,0.462,0.206,-12.413,5,1
12,1.0,1.0,0,4,0.0,1.0,7,0,0.6616,0.4941,-19.381,7,0
13,0.0,0.64,2,0,1.0,0.0,1,1,0.6347,0.2694,-14.122,2,1
27,0.238,1.0,2,1,0.2177,0.7823,7,0,0.7823,0.649,-27.037,7,0
17,0.683,0.7,4,4,0.0747,0.9253,6,0,0.5435,0.365,-17.641,6,0
8,0.0,0.86,3,0,1.0,0.0,1,1,0.5058,0.1768,-4.066,1,0
20,0.326,0.9,2,4,0.4286,0.5714,0,1,0.3818,0.1808,-32.505,8,1
13,0.908,1.0,0,4,0.0,1.0,7,0,0.6279,0.4367,-20.804,7,0
10,1.0,1.0,2,4,0.078,0.922,9,0,0.5121,0.1247,-10.866,9,0
2,1.0,0.55,4,8,0.09,0.91,7,0,0.2681,0.0783,-13.962,7,0
14,0.453,0.64,1,4,0.0018,0.9982,9,0,0.5509,0.1695,-12.8,7,1
28,0.238,1.0,2,1,0.2161,0.7839,7,0,0.7839,0.6515,-26.985,7,0
18,0.742,0.4,4,4,0.0305,0.9695,6,0,0.5214,0.1567,-15.613,7,1
1,1.0,1.0,5,8,0.3221,0.6779,24,0,0.1663,0.0118,-18.025,24,0
9,1.0,0.86,2,4,0.1599,0.8401,7,0,0.3476,0.1035,-10.868,7,0
20,0.0,0.9,2,0,1.0,0.0,1,1,0.724,0.4479,-32.578,2,1
17,0.456,1.0,1,4,0.0087,0.9913,7,0,0.4285,0.0978,-32.894,7,0
14,0.853,1.0,0,4,0.0,1.0,7,0,0.6335,0.4253,-21.852,7,0
3,0.481,0.45,4,8,0.0403,0.9597,22,0,0.2797,0.0907,-14.05,7,1
11,0.36,1.0,2,4,0.1294,0.8706,6,0,0.3395,0.1218,-13.641,6,0
29,0.238,1.0,2,1,0.2147,0.7853,7,0,0.7853,0.6538,-26.933,7,0
19,0.801,0.1,4,4,0.0036,0.9964,7,0,0.7235,0.4551,-15.441,7,0
14,0.0,0.64,1,0,1.0,0.0,2,1,1.0,1.0,-20.615,2,0
2,1.0,0.72,5,4,0.432,0.568,4,1,0.1782,0.0101,-22.428,4,0
10,0.049,0.92,2,4,0.1472,0.8528,8,0,0.3228,0.046,-21.689,8,0
21,0.326,0.9,1,4,0.0307,0.9693,7,0,0.5217,0.2822,-31.888,8,1
17,0.0,1.0,1,0,1.0,0.0,2,1,1.0,1.0,-37.744,2,0
15,0.815,1.0,0,4,0.0,1.0,7,0,0.6465,0.4369,-22.414,7,0
11,0.0,0.87,2,0,1.0,0.0,0,1,0.5222,0.0444,-6.021,2,1
30,0.238,1.0,2,1,0.2135,0.7865,7,0,0.7865,0.6558,-26.883,7,0
2,0.0,0.56,5,0,1.0,0.0,1,1,0.3341,0.081,-22.778,2,1
10,0.0,0.31,2,0,1.0,0.0,2,1,0.5203,0.0406,-9.947,2,0
15,1.0,0.64,0,4,0.0,1.0,7,0,0.6631,0.4989,-25.306,7,0
22,0.649,0.9,1,4,0.045,0.955,7,0,0.422,0.1455,-30.202,8,1
18,1.0,1.0,0,4,0.0,1.0,9,0,0.6798,0.426,-41.564,9,0
16,0.786,1.0,0,4,0.0,1.0,7,0,0.6511,0.4449,-22.685,7,0
12,1.0,0.87,1,4,0.0173,0.9827,6,0,0.9579,0.9406,-13.143,6,0
20,0.86,1.0,4,4,0.0,1.0,7,0,0.7354,0.4709,-17.863,7,0
4,0.481,1.0,4,4,0.0319,0.9681,6,0,0.4308,0.2048,-13.236,6,0
31,0.238,1.0,2,1,0.2124,0.7876,7,0,0.7876,0.6576,-26.835,7,0
3,1.0,0.56,4,4,0.2749,0.7251,9,0,0.4268,0.3041,-23.237,9,0
11,1.0,0.31,1,4,0.0855,0.9145,8,0,0.3297,0.0314,-20.754,8,0
23,0.973,0.9,1,3,0.057,0.943,8,0,0.8903,0.8333,-29.399,8,0
17,0.756,1.0,0,4,0.0,1.0,7,0,0.6556,0.4529,-22.964,7,0
4,0.0,0.55,4,0,1.0,0.0,5,1,0.6458,0.4906,-10.508,5,0
12,0.0,0.87,1,0,1.0,0.0,2,1,1.0,1.0,-22.789,2,0
21,0.692,0.67,4,4,0.0,1.0,7,0,0.9642,0.9285,-16.667,7,0
32,0.238,1.0,2,1,0.2115,0.7885,7,0,0.7885,0.6591,-26.787,7,0
1,1.0,1.0,5,8,0.0788,0.9212,22,0,0.7806,0.7341,-14.912,22,0
4,0.478,0.09,4,4,0.4879,0.5121,9,0,0.2685,0.0911,-25.491,9,0
12,1.0,0.27,1,4,0.0868,0.9132,7,0,0.3649,0.1026,-21.23,7,0
5,1.0,0.55,3,4,0.1045,0.8955,8,0,0.4914,0.2175,-16.128,8,0
19,0.46,1.0,0,1,0.0,1.0,9,0,1.0,1.0,-32.419,9,0
24,0.436,0.58,1,3,0.0925,0.9075,8,0,0.6435,0.4552,-30.797,8,0
18,0.723,1.0,0,4,0.0,1.0,7,0,0.6613,0.463,-23.293,7,0
13,1.0,0.87,0,4,0.0,1.0,7,0,0.7541,0.6657,-21.969,7,0
21,0.0,0.73,4,0,1.0,0.0,3,1,0.6542,0.4052,-20.025,2,1
33,0.238,1.0,2,1,0.2108,0.7892,7,0,0.7892,0.6605,-26.74,7,0
2,0.708,1.0,5,1,0.6512,0.3488,6,0,0.3488,0.1112,-28.033,6,0
6,0.673,0.55,3,4,0.1712,0.8288,8,0,0.286,0.0392,-18.465,8,0
4,0.0,0.0,4,0,1.0,0.0,5,1,0.3527,0.0374,-23.831,5,0
13,1.0,0.33,1,4,0.0893,0.9107,7,0,0.369,0.1103,-21.487,7,0
20,0.126,1.0,0,1,0.0,1.0,9,0,1.0,1.0,-35.232,9,0
25,0.271,0.25,1,3,0.0665,0.9335,8,0,0.763,0.614,-30.531,8,0
19,0.693,1.0,0,4,0.0,1.0,7,0,0.6658,0.4708,-23.582,7,0
22,0.876,0.73,3,4,0.0048,0.9952,7,0,0.9755,0.9567,-23.311,7,0
14,0.737,0.68,0,1,0.0,1.0,7,0,1.0,1.0,-21.827,7,0
33,0.0,0.66,2,0,1.0,0.0,2,1,0.7291,0.4582,-24.493,1,1
3,0.201,0.04,5,1,0.1236,0.8764,6,0,0.8764,0.798,-25.906,6,0
7,0.276,0.27,3,4,0.1437,0.8563,7,0,0.5059,0.3381,-18.811,8,1
5,1.0,1.0,3,4,0.144,0.856,8,0,0.3763,0.168,-20.444,8,0
14,1.0,0.39,1,4,0.0914,0.9086,7,0,0.3731,0.1188,-21.762,7,0
20,0.664,1.0,0,4,0.0,1.0,7,0,0.6701,0.4784,-23.876,7,0
15,0.438,0.49,0,1,0.0,1.0,7,0,1.0,1.0,-21.211,7,0
34,1.0,0.66,1,4,0.1019,0.8981,8,0,0.4413,0.2643,-29.168,8,0
7,0.0,0.27,3,0,1.0,0.0,4,1,0.4491,0.1,-19.591,3,1
5,0.0,0.7,3,0,1.0,0.0,2,1,0.5828,0.2486,-25.193,0,1
15,1.0,0.45,1,4,0.0932,0.9068,7,0,0.3771,0.1274,-22.055,7,0
26,0.079,1.0,1,3,0.3139,0.6861,2,1,0.3139,0.0305,-28.173,8,1
1,1.0,1.0,5,8,0.0093,0.9907,22,0,0.6707,0.5379,-13.483,22,0
21,0.63,1.0,0,4,0.0,1.0,7,0,0.6755,0.4879,-24.214,7,0
23,0.521,1.0,3,1,0.4103,0.5897,7,0,0.5897,0.3353,-25.752,7,0
16,0.084,0.29,0,1,0.0,1.0,7,0,1.0,1.0,-18.395,7,0
8,1.0,0.27,2,4,0.0786,0.9214,6,0,0.3931,0.1099,-19.938,6,0
35,1.0,0.8,1,4,0.1878,0.8122,7,0,0.3624,0.0684,-31.387,7,0
4,0.201,1.0,5,1,0.9644,0.0356,5,1,0.6163,0.4211,-28.629,5,0
6,1.0,0.7,2,4,0.2313,0.7687,9,0,0.3749,0.1232,-21.461,9,0
16,0.962,0.52,1,4,0.0982,0.9018,7,0,0.3257,0.038,-21.984,7,0
27,0.755,1.0,1,4,0.0894,0.9106,7,0,0.767,0.6777,-25.939,7,0
1,0.0,0.91,5,0,1.0,0.0,1,1,0.3331,0.0032,-21.042,5,1
22,0.597,1.0,0,4,0.0,1.0,7,0,0.6807,0.4972,-24.554,7,0
23,0.0,0.69,3,0,1.0,0.0,2,1,0.4887,0.0794,-23.657,2,0
36,0.299,0.8,1,4,0.2212,0.7788,7,0,0.4058,0.1846,-30.486,7,0
5,0.513,0.9,5,4,0.6005,0.3995,0,1,0.3394,0.1113,-31.471,8,1
7,0.553,0.45,2,4,0.1825,0.8175,9,0,0.3445,0.0662,-24.312,9,0
17,0.935,0.58,1,4,0.1029,0.8971,7,0,0.3315,0.0589,-22.537,7,0
28,0.273,0.56,1,4,0.0463,0.9537,7,0,0.8595,0.8058,-27.089,7,0
2,1.0,0.91,4,4,0.3207,0.6793,8,0,0.2916,0.1136,-23.181,8,0
23,0.567,1.0,0,4,0.0,1.0,7,0,0.6845,0.5041,-24.856,7,0
24,0.876,0.69,2,4,0.0756,0.9244,7,0,0.8101,0.752,-20.241,7,0
9,1.0,1.0,2,4,0.407,0.593,3,1,0.3806,0.0559,-24.128,3,0
37,0.152,0.8,1,4,0.2506,0.7494,7,0,0.3826,0.132,-30.153,7,0
1,1.0,1.0,5,8,0.1378,0.8622,23,0,0.2493,0.0361,-22.063,23,0
5,0.0,0.8,5,0,1.0,0.0,1,1,0.3951,0.1629,-24.878,3,1
8,0.136,0.19,2,4,0.1473,0.8527,8,0,0.291,0.0024,-26.443,8,0
18,0.898,0.64,1,4,0.108,0.892,7,0,0.3362,0.0815,-23.15,7,0
28,0.0,0.15,1,0,1.0,0.0,1,1,1.0,1.0,-23.724,1,0
3,0.468,0.81,4,4,0.2483,0.7517,9,0,0.489,0.3697,-26.397,9,0
24,0.534,1.0,0,4,0.0,1.0,7,0,0.6893,0.5126,-25.203,7,0
10,0.478,1.0,2,4,0.1377,0.8623,8,0,0.8296,0.6939,-29.462,8,0
37,0.0,0.8,1,0,1.0,0.0,1,1,1.0,1.0,-27.977,1,0
6,1.0,0.8,4,4,0.5708,0.4292,3,1,0.4454,0.2118,-23.76,3,0
19,0.863,0.7,1,4,0.112,0.888,7,0,0.3403,0.1032,-23.692,7,0
25,0.777,1.0,2,4,0.0429,0.9571,7,0,0.8551,0.7903,-18.565,7,0
29,0.079,0.15,0,3,0.0,1.0,8,0,0.357,0.0324,-29.828,8,0
3,0.468,0.81,4,0,1.0,0.0,2,1,0.6656,0.4732,-23.032,2,0
25,0.504,1.0,0,4,0.0,1.0,7,0,0.6928,0.5189,-25.516,7,0
38,1.0,0.8,0,3,0.0,1.0,7,0,0.5227,0.1292,-30.155,7,0
2,1.0,1.0,5,1,0.9263,0.0737,5,1,0.5254,0.3596,-10.447,5,0
9,0.013,1.0,2,4,0.203,0.797,6,0,0.3915,0.1829,-25.05,9,1
7,0.536,0.7,4,4,0.3599,0.6401,7,0,0.312,0.1288,-23.502,8,1
20,0.836,0.76,1,4,0.1146,0.8854,7,0,0.3439,0.1231,-24.141,7,0
25,0.0,1.0,2,0,1.0,0.0,1,1,0.7935,0.587,-19.836,1,0
4,0.87,0.71,4,4,0.1422,0.8578,9,0,0.7325,0.6607,-24.839,9,0
26,0.471,1.0,0,4,0.0,1.0,7,0,0.6971,0.5267,-25.876,7,0
11,0.353,1.0,2,1,0.9826,0.0174,2,1,0.6107,0.2388,-25.615,2,0
39,0.593,0.7,0,3,0.0,1.0,7,0,0.4988,0.0841,-29.756,7,0
3,0.624,1.0,5,4,0.5461,0.4539,3,1,0.2621,0.0088,-9.443,8,1
9,0.0,0.54,2,0,1.0,0.0,0,1,0.9792,0.9585,-18.705,0,0
7,0.0,0.6,4,0,1.0,0.0,4,1,0.5138,0.2526,-23.327,5,1
21,0.809,0.83,1,4,0.1165,0.8835,7,0,0.3473,0.1445,-24.605,7,0
26,0.876,1.0,1,4,0.1004,0.8996,6,0,0.5687,0.3716,-24.935,6,0
1,1.0,1.0,5,8,0.0055,0.9945,24,0,0.899,0.8162,-29.703,24,0
27,0.437,1.0,0,4,0.0,1.0,7,0,0.7012,0.5341,-26.244,7,0
10,1.0,0.54,1,4,0.4714,0.5286,3,1,0.4714,0.2664,-23.347,3,0
12,1.0,1.0,2,4,0.3656,0.6344,7,0,0.3121,0.0191,-17.357,7,0
40,0.312,0.43,0,3,0.0,1.0,6,0,0.4816,0.0622,-29.803,6,0
4,0.793,1.0,5,4,0.4677,0.5323,7,0,0.2765,0.0557,-8.521,6,1
8,1.0,0.6,3,4,0.126,0.874,7,0,0.2854,0.0119,-26.537,7,0
5,1.0,1.0,4,4,0.1119,0.8881,8,0,0.6234,0.4219,-22.522,8,0
22,0.775,0.89,1,4,0.1179,0.8821,7,0,0.349,0.1634,-25.005,7,0
27,1.0,1.0,1,4,0.1001,0.8999,6,0,0.5072,0.2759,-28.898,6,0
2,0.814,0.7,5,4,0.0611,0.9389,7,0,0.8436,0.7853,-19.806,7,0
28,0.403,1.0,0,4,0.0,1.0,7,0,0.7051,0.5411,-26.618,7,0
11,0.756,0.48,1,4,0.0996,0.9004,8,0,0.3551,0.0633,-25.026,8,0
13,0.287,0.61,2,4,0.3379,0.6621,9,0,0.2302,0.0036,-19.742,8,1
5,0.564,0.74,5,4,0.3775,0.6225,6,0,0.3817,0.1946,-7.946,6,0
6,0.244,0.58,4,4,0.1693,0.8307,6,0,0.4326,0.2736,-24.256,6,0
23,0.734,0.95,1,4,0.1186,0.8814,7,0,0.3495,0.1542,-25.385,7,0
28,0.577,1.0,1,4,0.1104,0.8896,6,0,0.4759,0.2568,-30.173,6,0
3,0.405,0.14,5,4,0.0458,0.9542,8,0,0.5439,0.1941,-17.877,8,0
29,0.37,1.0,0,4,0.0,1.0,7,0,0.7087,0.5477,-26.999,7,0
12,0.169,0.34,1,4,0.1157,0.8843,8,0,0.419,0.1622,-29.358,8,0
14,0.446,0.61,2,4,0.3126,0.6874,8,0,0.2529,0.0398,-18.515,8,0
6,0.357,0.54,5,4,0.2444,0.7556,6,0,0.4845,0.2599,-7.887,6,0
9,1.0,1.0,3,1,0.5803,0.4197,7,0,0.4197,0.0328,-20.452,7,0
1,1.0,1.0,5,8,0.0236,0.9764,24,0,0.2587,0.0025,0.203,24,0
6,0.0,0.1,4,0,1.0,0.0,3,1,0.4854,0.2458,-16.675,3,0
24,0.7,1.0,1,4,0.1185,0.8815,7,0,0.349,0.1449,-25.638,7,0
28,0.0,1.0,1,0,1.0,0.0,5,1,1.0,1.0,-29.211,5,0
3,0.0,0.2,5,0,1.0,0.0,5,1,0.7542,0.6043,-20.635,5,0
30,0.336,1.0,0,4,0.0,1.0,7,0,0.712,0.5538,-27.383,7,0
12,0.0,0.28,1,0,1.0,0.0,0,1,1.0,1.0,-26.791,0,0
14,0.0,0.61,2,0,1.0,0.0,3,1,0.6087,0.2174,-21.048,3,0
7,0.128,0.36,5,4,0.1903,0.8097,6,0,0.544,0.3006,-8.246,6,0
2,0.458,0.21,5,1,0.306,0.694,8,0,0.694,0.4694,-3.35,8,0
9,0.0,0.87,3,0,1.0,0.0,1,1,0.6237,0.3888,-24.949,1,0
7,1.0,0.1,3,4,0.0176,0.9824,7,0,0.7323,0.4993,-15.232,7,0
25,0.659,1.0,1,4,0.1187,0.8813,7,0,0.3466,0.1355,-25.688,7,0
29,0.396,1.0,0,3,0.0,1.0,8,0,0.726,0.5578,-31.364,8,0
4,1.0,0.2,4,4,0.0241,0.9759,7,0,0.6886,0.5303,-17.056,7,0
31,0.303,1.0,0,4,0.0,1.0,7,0,0.7152,0.5596,-27.767,7,0
13,1.0,0.28,0,4,0.0,1.0,6,0,0.3218,0.0342,-26.882,6,0
7,0.0,0.42,5,0,1.0,0.0,1,1,0.3919,0.0917,-10.534,1,0
15,0.229,0.61,1,4,0.0426,0.9574,7,0,0.8256,0.7571,-31.649,7,0
10,1.0,0.87,2,4,0.1072,0.8928,7,0,0.6949,0.5749,-27.812,7,0
26,0.631,1.0,1,4,0.1184,0.8816,7,0,0.3448,0.1289,-25.68,7,0
1,1.0,1.0,5,8,0.0344,0.9656,8,0,0.3512,0.1593,-18.022,8,0
32,0.269,1.0,0,4,0.0,1.0,7,0,0.7181,0.5649,-28.147,7,0
15,0.104,0.2,1,0,1.0,0.0,4,1,1.0,1.0,-28.763,4,0
8,1.0,0.42,4,4,0.235,0.765,6,0,0.3504,0.1447,-15.21,6,0
14,0.688,1.0,0,4,0.0,1.0,9,0,0.3403,0.0215,-28.43,9,0
3,0.521,1.0,5,1,0.9966,0.0034,5,1,0.6491,0.3771,-0.732,5,0
10,0.186,0.28,2,0,1.0,0.0,5,1,0.958,0.916,-27.576,5,0
8,1.0,1.0,3,1,0.8398,0.1602,1,1,0.3415,0.0623,-11.664,1,0
27,0.594,1.0,1,4,0.1177,0.8823,7,0,0.3427,0.12,-25.694,7,0
5,0.317,1.0,4,4,0.0645,0.9355,7,0,0.7631,0.6946,-16.851,7,0
2,0.874,0.23,5,8,0.0014,0.9986,8,0,0.5594,0.3406,-14.987,8,0
33,0.227,0.76,0,4,0.0,1.0,7,0,0.7877,0.6884,-27.251,7,0
16,1.0,0.08,1,4,0.1796,0.8204,7,0,0.321,0.026,-23.074,7,0
9,0.64,0.2,4,4,0.2715,0.7285,7,0,0.5304,0.389,-14.827,6,1
15,0.302,1.0,0,4,0.0,1.0,9,0,0.3662,0.0965,-28.793,9,0
3,0.0,1.0,5,0,1.0,0.0,2,1,0.7575,0.6383,-3.257,1,1
11,0.513,0.28,2,4,0.063,0.937,7,0,0.849,0.7721,-25.448,7,0
9,0.28,1.0,3,4,0.652,0.348,3,1,0.4167,0.2399,-10.761,5,1
28,0.56,1.0,1,4,0.1166,0.8834,7,0,0.3406,0.1117,-25.686,7,0
5,0.0,0.53,4,0,1.0,0.0,2,1,0.5069,0.0643,-14.233,2,0
3,0.642,0.22,5,8,0.0044,0.9956,22,0,0.4371,0.1219,-15.629,8,1
34,0.185,0.51,0,4,0.0,1.0,7,0,0.8033,0.6896,-25.704,7,0
17,0.386,0.08,1,4,0.0411,0.9589,8,0,0.3932,0.054,-27.017,8,0
16,0.132,1.0,0,4,0.0,1.0,9,0,0.3903,0.1311,-29.065,9,0
4,1.0,1.0,4,4,0.2016,0.7984,9,0,0.711,0.6231,-6.47,9,0
11,0.0,0.28,2,0,1.0,0.0,1,1,0.7869,0.5739,-27.732,1,0
10,0.873,1.0,3,4,0.1334,0.8666,9,0,0.5799,0.4549,-15.614,9,0
6,1.0,0.53,3,4,0.3467,0.6533,7,0,0.2476,0.0323,-19.022,7,0
29,0.621,1.0,1,4,0.1182,0.8818,7,0,0.3431,0.125,-25.413,7,0
35,0.143,0.26,0,4,0.0,1.0,7,0,0.7973,0.6809,-23.161,7,0
10,0.387,1.0,4,4,0.7963,0.2037,5,1,0.6582,0.5325,-27.657,4,1
5,0.938,0.84,4,4,0.1675,0.8325,9,0,0.7408,0.654,-4.741,9,0
12,0.186,0.28,1,4,0.0226,0.9774,7,0,0.4601,0.1693,-29.867,7,0
10,0.0,0.41,3,0,1.0,0.0,4,1,0.624,0.3933,-11.162,4,0
7,0.741,0.59,3,4,0.4093,0.5907,7,0,0.2219,0.0053,-21.949,7,0
30,0.683,1.0,1,4,0.1181,0.8819,7,0,0.3462,0.1385,-25.081,7,0
4,0.701,1.0,5,4,0.3803,0.6197,6,0,0.368,0.0998,-5.354,6,0
36,0.105,0.01,0,3,0.0,1.0,6,0,0.7986,0.6275,-22.402,6,0
10,0.0,1.0,4,0,1.0,0.0,4,1,0.3362,0.0471,-23.271,0,1
18,0.386,1.0,1,4,0.0016,0.9984,8,0,0.9828,0.9765,-32.059,8,0
6,0.714,0.55,4,4,0.1432,0.8568,9,0,0.7273,0.609,-4.286,9,0
12,0.0,0.28,1,0,1.0,0.0,2,1,1.0,1.0,-30.884,2,0
11,1.0,0.41,2,4,0.0169,0.9831,8,0,0.8608,0.763,-9.497,8,0
1,1.0,1.0,5,8,0.6224,0.3776,4,1,0.5433,0.3109,-32.587,4,0
8,0.481,0.65,3,4,0.4442,0.5558,9,0,0.2117,0.0065,-25.236,7,1
31,0.744,1.0,1,4,0.1163,0.8837,7,0,0.3495,0.1521,-24.69,7,0
5,0.512,0.57,5,4,0.1247,0.8753,6,0,0.5499,0.2914,-2.617,6,0
11,1.0,1.0,3,4,0.6377,0.3623,0,1,0.5899,0.3565,-26.019,0,0
18,0.0,0.72,1,0,1.0,0.0,3,1,1.0,1.0,-27.212,3,0
7,0.447,0.23,4,4,0.1944,0.8056,6,0,0.4199,0.106,-2.265,6,0
13,1.0,0.28,0,4,0.0,1.0,7,0,0.4326,0.0166,-29.669,7,0
12,0.482,0.15,2,4,0.0193,0.9807,8,0,0.8415,0.7426,-11.15,8,0
2,1.0,1.0,5,8,0.0861,0.9139,6,0,0.5333,0.391,-25.587,6,0
9,0.249,0.71,3,4,0.4747,0.5253,3,1,0.2617,0.0138,-28.522,7,1
32,0.805,1.0,1,4,0.1125,0.8875,7,0,0.3529,0.1657,-24.239,7,0
37,0.063,1.0,0,3,0.0,1.0,6,0,0.5722,0.2734,-32.408,6,0
12,1.0,1.0,3,4,0.0312,0.9688,8,0,0.9169,0.8805,-27.782,8,0
8,0.19,0.1,4,4,0.2418,0.7582,6,0,0.4913,0.3606,-0.476,6,0
10,0.869,0.77,3,4,0.0537,0.9463,9,0,0.6478,0.5256,-24.216,9,0
6,0.571,1.0,5,4,0.0043,0.9957,6,0,0.5001,0.012,0.105,8,1
33,0.867,1.0,1,4,0.107,0.893,7,0,0.3558,0.1605,-23.727,7,0
14,1.0,1.0,0,4,0.0,1.0,7,0,0.6951,0.5109,-31.306,7,0
13,1.0,1.0,3,1,0.9256,0.0744,2,1,0.653,0.5056,-26.289,2,0
13,0.482,1.0,2,4,0.0567,0.9433,8,0,0.939,0.8934,-7.52,8,0
3,1.0,1.0,5,2,0.6638,0.3362,5,1,0.5502,0.2827,-23.968,5,0
1,1.0,1.0,5,8,0.44,0.56,4,1,0.351,0.1046,-19.47,4,0
6,0.0,1.0,5,0,1.0,0.0,4,1,0.9092,0.8538,-3.679,4,0
34,0.928,1.0,1,4,0.0999,0.9001,7,0,0.3575,0.1449,-23.153,7,0
15,0.576,1.0,0,4,0.0,1.0,7,0,0.6389,0.4153,-31.342,7,0
9,0.19,1.0,4,4,0.1166,0.8834,6,0,0.4657,0.098,10.165,9,1
14,1.0,1.0,3,4,0.332,0.668,9,0,0.6375,0.483,-27.916,9,0
11,0.807,1.0,3,4,0.1683,0.8317,7,0,0.256,0.0341,-21.029,6,1
13,0.0,0.91,2,0,1.0,0.0,1,1,0.6775,0.355,-16.538,1,0
4,0.616,1.0,5,8,0.4974,0.5026,4,1,0.3237,0.0513,-24.608,4,0
2,1.0,1.0,5,8,0.0014,0.9986,24,0,0.7233,0.4487,-19.908,24,0
7,1.0,1.0,4,4,0.0,1.0,9,0,1.0,0.9999,-4.972,9,0
1,1.0,1.0,5,8,0.3033,0.6967,7,0,0.2856,0.0319,-22.69,7,0
35,0.99,1.0,1,4,0.0918,0.9082,7,0,0.3577,0.1262,-22.515,7,0
16,0.151,0.84,0,4,0.0,1.0,7,0,0.5326,0.2211,-31.679,7,0
9,0.0,0.87,4,0,1.0,0.0,3,1,0.7017,0.5417,12.914,4,1
15,0.589,0.63,3,4,0.1417,0.8583,9,0,0.7832,0.7133,-19.851,9,0
11,0.0,0.39,3,0,1.0,0.0,2,1,0.561,0.1832,-21.884,4,1
14,0.28,0.91,1,4,0.4492,0.5508,5,1,0.4492,0.2238,-19.631,5,0
5,0.876,1.0,5,8,0.2293,0.7707,6,0,0.2887,0.0492,-22.73,6,0
7,0.0,1.0,4,0,1.0,0.0,1,1,0.7141,0.5282,-10.519,3,1
2,0.269,1.0,5,8,0.4208,0.5792,7,0,0.1931,0.0013,-22.104,7,0
36,1.0,1.0,1,4,0.0901,0.9099,7,0,0.3571,0.1217,-22.274,7,0
17,0.151,0.64,0,4,0.0,1.0,7,0,0.4757,0.1019,-31.722,7,0
10,1.0,0.87,3,4,0.0005,0.9995,7,0,0.622,0.2448,8.198,7,0
16,0.589,0.92,3,4,0.9006,0.0994,1,1,0.8193,0.7683,-18.066,1,0
3,0.373,1.0,5,1,0.9751,0.0249,5,1,0.5099,0.2855,-23.454,5,0
12,0.249,0.39,2,4,0.3455,0.6545,7,0,0.2787,0.0634,-24.831,7,0
15,0.32,0.81,1,4,0.039,0.961,7,0,0.6634,0.5221,-30.416,7,0
5,0.0,0.63,5,0,1.0,0.0,1,1,0.7953,0.6755,-25.34,1,0
8,1.0,1.0,3,4,0.0457,0.9543,7,0,0.6436,0.3925,-17.117,7,0
37,1.0,1.0,1,4,0.0898,0.9102,7,0,0.3565,0.1203,-22.116,7,0
2,0.0,1.0,5,0,1.0,0.0,3,1,0.3729,0.0808,-25.226,5,1
11,0.655,0.29,3,4,0.0,1.0,7,0,0.9882,0.9765,14.818,7,0
17,0.174,0.92,3,4,0.0007,0.9993,7,0,0.9973,0.9955,-6.398,7,0
4,0.517,1.0,5,4,0.0043,0.9957,9,0,0.9942,0.9916,-27.106,9,0
13,0.044,0.39,2,4,0.3913,0.6087,7,0,0.2251,0.0004,-27.435,7,0
6,1.0,0.63,4,8,0.0476,0.9524,22,0,0.6469,0.5375,-32.389,22,0
15,0.0,0.71,1,0,1.0,0.0,1,1,1.0,1.0,-27.83,1,0
9,0.454,0.51,3,1,0.2848,0.7152,7,0,0.7152,0.449,-16.637,7,0
38,1.0,1.0,1,4,0.0894,0.9106,7,0,0.3559,0.1188,-21.954,7,0
3,1.0,1.0,4,8,0.5348,0.4652,4,1,0.4301,0.2381,-23.412,4,0
1,1.0,1.0,5,8,0.1003,0.8997,23,0,0.3317,0.1612,-38.736,23,0
18,0.174,0.39,3,4,0.2741,0.7259,7,0,0.4815,0.3381,-27.357,7,0
16,0.28,0.71,0,4,0.0,1.0,7,0,0.5801,0.3577,-28.859,7,0
13,0.0,0.39,2,0,1.0,0.0,1,1,0.5772,0.1544,-21.599,1,0
6,0.851,0.27,4,0,1.0,0.0,5,1,0.5146,0.2104,-24.699,5,0
9,0.0,0.01,3,0,1.0,0.0,5,1,0.4594,0.1743,-12.751,5,0
39,1.0,1.0,1,4,0.0891,0.9109,7,0,0.3553,0.1174,-21.789,7,0
12,0.88,1.0,3,4,0.0012,0.9988,9,0,0.9975,0.9962,16.521,9,0
4,1.0,1.0,4,8,0.2317,0.7683,7,0,0.2213,0.0248,-24.318,7,0
5,0.02,1.0,5,1,0.9376,0.0624,0,1,0.4407,0.1099,-24.705,0,0
18,0.0,0.33,3,0,1.0,0.0,4,1,0.5444,0.1933,-19.185,2,1
14,1.0,0.39,1,4,0.2797,0.7203,6,0,0.3597,0.0799,-18.726,6,0
7,0.616,0.27,4,4,0.0718,0.9282,7,0,0.6105,0.3153,-25.148,7,0
10,1.0,0.01,2,4,0.0,1.0,9,0,1.0,1.0,2.788,9,0
40,1.0,1.0,1,4,0.0888,0.9112,7,0,0.3546,0.1159,-21.621,7,0
12,0.0,0.44,3,0,1.0,0.0,1,1,0.4921,0.0108,17.822,4,1
2,0.901,1.0,5,4,0.1398,0.8602,7,0,0.8037,0.721,-26.002,7,0
6,1.0,1.0,5,4,0.0093,0.9907,8,0,0.7721,0.5584,-22.76,8,0
19,1.0,0.33,2,4,0.2998,0.7002,8,0,0.353,0.1817,-21.256,8,0
5,1.0,0.81,4,8,0.2111,0.7889,23,0,0.2161,0.0159,-23.076,23,0
15,0.78,0.39,1,4,0.2722,0.7278,7,0,0.3225,0.0465,-20.743,6,1
1,1.0,1.0,5,8,0.2527,0.7473,9,0,0.2051,0.0015,-23.429,9,0
11,1.0,0.52,2,4,0.0107,0.9893,7,0,0.967,0.9464,-0.753,7,0
41,1.0,1.0,1,4,0.0885,0.9115,7,0,0.3539,0.1143,-21.448,7,0
13,1.0,0.44,2,4,0.2994,0.7006,8,0,0.5722,0.2732,13.865,8,0
2,0.0,0.36,5,0,1.0,0.0,4,1,0.5388,0.3445,-23.818,4,0
6,1.0,0.62,4,4,0.2351,0.7649,6,0,0.4048,0.2055,-26.54,6,0
6,1.0,0.82,5,0,1.0,0.0,4,1,0.9021,0.8209,-20.111,4,0
20,0.847,0.09,2,4,0.1775,0.8225,8,0,0.3964,0.0925,-19.033,8,0
2,0.72,0.62,5,8,0.2874,0.7126,9,0,0.1906,0.0211,-23.971,9,0
16,0.48,0.05,1,4,0.2726,0.7274,7,0,0.4449,0.1723,-23.574,7,0
8,0.057,1.0,4,4,0.5309,0.4691,6,0,0.3454,0.0897,-21.012,6,0
12,0.156,0.63,2,4,0.0832,0.9168,7,0,0.8479,0.7681,-18.366,7,0
42,1.0,1.0,1,4,0.0882,0.9118,7,0,0.3532,0.1127,-21.273,7,0
3,1.0,0.36,4,4,0.0529,0.9471,6,0,0.487,0.2267,-24.117,6,0
7,0.373,0.82,5,4,0.0,1.0,6,0,0.9955,0.991,-22.432,6,0
7,0.635,0.33,4,4,0.1346,0.8654,6,0,0.5911,0.4314,-26.701,6,0
21,0.847,0.9,2,4,0.4107,0.5893,7,0,0.486,0.1328,-15.868,7,0
3,0.45,0.43,5,8,0.3935,0.6065,4,1,0.2368,0.0335,-24.921,9,1
16,0.0,0.0,1,0,1.0,0.0,4,1,1.0,1.0,-25.922,4,0
8,0.0,1.0,4,0,1.0,0.0,0,1,0.4767,0.212,-17.134,3,1
14,1.0,1.0,2,4,0.9755,0.0245,4,1,0.9755,0.9578,17.783,4,0
12,0.0,0.72,2,0,1.0,0.0,2,1,0.7481,0.4961,-19.149,2,0
43,1.0,1.0,1,4,0.0878,0.9122,7,0,0.3524,0.1111,-21.093,7,0
3,0.0,0.36,4,0,1.0,0.0,5,1,0.4641,0.2613,-26.776,5,0
7,0.0,0.72,5,0,1.0,0.0,0,1,0.3554,0.0139,-15.773,3,1
22,0.513,0.9,2,4,0.2207,0.7793,8,0,0.3886,0.1781,-14.722,8,0
8,0.033,0.03,4,4,0.3614,0.6386,8,0,0.2462,0.0477,-27.911,6,1
4,0.309,0.68,5,8,0.2725,0.7275,7,0,0.598,0.4178,-24.735,7,0
9,1.0,1.0,3,4,0.0342,0.9658,6,0,0.8092,0.6683,-18.972,6,0
17,1.0,1.0,0,4,0.0,1.0,7,0,0.4585,0.1193,-22.138,7,0
15,0.852,1.0,2,4,0.0037,0.9963,8,0,0.7727,0.5493,18.571,8,0
13,1.0,0.72,1,4,0.0979,0.9021,7,0,0.6758,0.5081,-21.414,7,0
44,1.0,1.0,1,4,0.0875,0.9125,7,0,0.3517,0.1095,-20.909,7,0
4,1.0,0.36,3,4,0.2469,0.7531,7,0,0.396,0.1556,-24.155,7,0
8,1.0,0.72,4,4,0.0289,0.9711,8,0,0.4977,0.0689,-17.777,8,0
23,0.156,0.78,2,4,0.1224,0.8776,8,0,0.5728,0.3919,-20.185,8,0
4,0.0,0.22,5,0,1.0,0.0,1,1,0.4991,0.2917,-26.282,2,1
18,0.611,0.82,0,4,0.0,1.0,7,0,0.5591,0.2788,-24.347,7,0
15,0.852,0.59,2,0,1.0,0.0,1,1,0.9487,0.8975,23.62,1,0
14,0.902,0.58,1,4,0.0843,0.9157,7,0,0.7307,0.5899,-20.469,7,0
45,1.0,1.0,1,4,0.0872,0.9128,7,0,0.3509,0.1078,-20.721,7,0
5,0.754,0.36,3,4,0.07,0.93,7,0,0.4661,0.2028,-22.054,7,0
9,0.033,1.0,4,4,0.5055,0.4945,3,1,0.2766,0.0753,-28.283,1,1
8,1.0,0.43,4,0,1.0,0.0,3,1,0.659,0.3781,-16.396,3,0
23,0.0,0.78,2,0,1.0,0.0,2,1,0.5978,0.1956,-19.024,2,0
10,0.903,1.0,3,4,0.0119,0.9881,6,0,0.9099,0.8536,-12.476,6,0
5,1.0,0.22,4,8,0.0706,0.9294,22,0,0.6968,0.6086,-25.105,22,0
19,0.611,0.62,0,4,0.0,1.0,7,0,0.4189,0.0316,-23.167,7,0
16,0.61,0.65,2,4,0.2262,0.7738,9,0,0.5755,0.35,19.973,9,0
14,0.0,0.82,1,0,1.0,0.0,3,1,1.0,1.0,-31.649,3,0
46,1.0,1.0,1,4,0.0869,0.9131,7,0,0.35,0.106,-20.53,7,0
6,0.63,0.36,3,4,0.0038,0.9962,6,0,0.8217,0.742,-19.515,6,0
10,0.737,1.0,4,4,0.0292,0.9708,9,0,0.7035,0.5595,-23.445,9,0
9,0.396,0.33,4,4,0.0544,0.9456,7,0,0.6895,0.4535,-18.505,7,0
5,0.0,0.58,4,0,1.0,0.0,0,1,0.3594,0.0356,-27.437,2,1
24,0.589,0.78,1,4,0.2155,0.7845,7,0,0.3578,0.0505,-30.468,8,1
11,0.157,0.66,3,4,0.3094,0.6906,6,0,0.4719,0.227,-13.603,6,0
15,1.0,0.82,0,4,0.0,1.0,7,0,0.9985,0.9972,-25.868,7,0
20,0.263,0.41,0,4,0.0,1.0,7,0,0.4481,0.057,-24.239,7,0
17,0.203,0.71,2,4,0.4265,0.5735,4,1,0.4188,0.0685,21.502,4,0
47,1.0,1.0,1,4,0.0866,0.9134,7,0,0.3492,0.1042,-20.334,7,0
7,0.69,1.0,3,4,0.0004,0.9996,6,0,0.9329,0.8774,-23.172,6,0
6,0.45,0.58,3,4,0.4955,0.5045,3,1,0.2462,0.0262,-25.749,3,0
9,0.0,0.23,4,0,1.0,0.0,0,1,0.5023,0.3203,-13.813,0,0
25,0.27,0.78,1,4,0.2132,0.7868,7,0,0.4593,0.2323,-34.261,8,1
11,0.0,0.34,3,0,1.0,0.0,2,1,0.5561,0.1677,-19.499,3,1
16,1.0,1.0,0,4,0.0,1.0,8,0,0.6494,0.461,-32.115,8,0
11,0.737,1.0,4,1,0.9009,0.0991,5,1,0.5408,0.3811,-8.35,5,0
18,0.718,0.77,2,4,0.0004,0.9996,7,0,0.7766,0.5537,23.326,8,1
48,1.0,1.0,1,4,0.0863,0.9137,7,0,0.3483,0.1024,-20.134,7,0
7,0.737,0.63,3,4,0.3623,0.6377,7,0,0.513,0.3018,-26.7,7,0
10,1.0,0.23,3,4,0.0294,0.9706,6,0,0.8818,0.825,-19.599,6,0
25,0.0,0.78,1,0,1.0,0.0,0,1,1.0,1.0,-36.444,0,0
12,1.0,0.34,2,4,0.1235,0.8765,8,0,0.4833,0.2539,-14.383,8,0
11,0.0,1.0,4,0,1.0,0.0,3,1,0.6623,0.4903,-25.802,2,1
1,1.0,1.0,5,8,0.0594,0.9406,25,0,0.6716,0.5785,-23.503,25,0
19,0.588,0.39,2,4,0.0,1.0,7,0,0.9981,0.9963,25.215,7,0
49,1.0,1.0,1,4,0.0859,0.9141,7,0,0.3474,0.1006,-19.93,7,0
8,0.75,0.36,3,4,0.0,1.0,6,0,0.9751,0.9563,-2.979,6,0
26,1.0,0.78,0,4,0.0,1.0,8,0,0.3431,0.0894,-33.421,8,0
13,0.751,0.24,2,4,0.1091,0.8909,8,0,0.3117,0.0151,-14.86,8,0
12,0.737,1.0,3,4,0.0686,0.9314,6,0,0.7739,0.6694,-26.254,6,0
8,0.228,1.0,3,4,0.2239,0.7761,9,0,0.4391,0.2888,-28.275,7,1
11,1.0,1.0,3,4,0.0647,0.9353,6,0,0.7883,0.6798,-16.808,6,0
2,0.736,0.91,5,4,0.0075,0.9925,7,0,0.9343,0.9024,-24.393,7,0
1,1.0,1.0,5,8,0.3355,0.6645,25,0,0.4385,0.154,-26.08,25,0
50,1.0,1.0,1,4,0.0856,0.9144,7,0,0.3464,0.0987,-19.722,7,0
8,0.0,0.36,3,0,1.0,0.0,2,1,0.9411,0.8848,-12.059,2,0
14,0.501,0.13,2,4,0.0923,0.9077,9,0,0.4086,0.0658,-15.372,8,1
8,0.0,1.0,3,0,1.0,0.0,0,1,0.4709,0.2012,-27.298,5,1
3,0.483,0.58,5,4,0.0069,0.9931,7,0,0.9121,0.8456,-23.184,7,0
2,1.0,0.07,5,1,0.9265,0.0735,1,1,0.8207,0.7472,-15.463,1,0
12,0.502,0.81,3,4,0.1111,0.8889,6,0,0.4548,0.0633,-17.811,6,0
20,0.648,1.0,2,4,0.0,1.0,8,0,0.5096,0.0193,29.853,8,0
13,0.657,1.0,3,1,0.0059,0.9941,6,0,0.9941,0.9895,0.838,6,0
9,1.0,0.36,2,4,0.1179,0.8821,7,0,0.6987,0.6005,-20.874,7,0
51,1.0,1.0,1,4,0.0853,0.9147,7,0,0.3455,0.0967,-19.51,7,0
27,0.651,1.0,0,1,0.0,1.0,8,0,1.0,1.0,-27.65,8,0
9,0.45,1.0,2,4,0.2475,0.7525,9,0,0.4012,0.2051,-27.236,9,0
4,0.242,0.24,5,4,0.0071,0.9929,7,0,0.803,0.6376,-22.08,7,0
3,0.889,0.13,5,4,0.0,1.0,9,0,1.0,1.0,-11.615,9,0
13,0.026,0.6,3,4,0.2117,0.7883,7,0,0.4826,0.2996,-19.019,6,1
20,0.648,0.71,2,0,1.0,0.0,1,1,0.8376,0.6752,34.352,1,0
10,0.649,0.36,2,4,0.1868,0.8132,7,0,0.5421,0.3876,-21.898,7,0
14,0.401,0.56,3,1,0.0004,0.9996,6,0,0.9996,0.9994,4.458,6,0
52,1.0,1.0,1,4,0.085,0.915,7,0,0.3445,0.0948,-19.294,7,0
28,0.583,1.0,0,1,0.0,1.0,8,0,1.0,1.0,-28.109,8,0
10,0.174,0.74,2,4,0.2876,0.7124,9,0,0.4227,0.1935,-27.688,9,0
15,0.198,1.0,2,4,0.3712,0.6288,3,1,0.359,0.0482,-18.671,6,1
14,0.026,0.6,3,4,0.2129,0.7871,7,0,0.4845,0.3004,-19.242,6,1
20,0.0,0.64,2,0,1.0,0.0,4,1,1.0,1.0,36.27,4,0
15,0.148,0.08,3,1,0.0,1.0,6,0,1.0,1.0,8.992,6,0
11,0.377,0.36,2,4,0.1992,0.8008,7,0,0.474,0.3178,-23.257,7,0
53,1.0,1.0,1,4,0.0847,0.9153,7,0,0.3435,0.0927,-19.073,7,0
10,0.0,0.8,2,0,1.0,0.0,5,1,0.6078,0.2155,-28.212,5,0
5,0.242,1.0,5,4,0.0078,0.9922,7,0,0.981,0.9706,-22.094,7,0
29,0.514,1.0,0,1,0.0,1.0,8,0,1.0,1.0,-28.413,8,0
4,0.889,1.0,5,4,0.0325,0.9675,8,0,0.4882,0.0311,-1.8,8,0
16,0.683,1.0,2,4,0.1713,0.8287,8,0,0.8027,0.6618,-21.669,8,0
14,0.0,0.6,3,0,1.0,0.0,5,1,0.9309,0.8634,-17.236,5,0
21,0.648,0.64,1,4,0.0,1.0,8,0,0.4484,0.0078,34.839,8,0
15,0.0,0.08,3,0,1.0,0.0,1,1,0.8662,0.7833,14.598,1,0
11,1.0,0.8,1,4,0.0149,0.9851,8,0,0.3938,0.085,-27.437,8,0
54,1.0,1.0,1,4,0.0844,0.9156,7,0,0.3424,0.0907,-18.849,7,0
5,0.0,0.17,5,0,1.0,0.0,3,1,0.5888,0.4066,-15.573,4,1
17,0.366,0.78,2,4,0.3199,0.6801,8,0,0.3517,0.1492,-22.114,8,0
5,0.889,0.7,5,4,0.0025,0.9975,8,0,0.6296,0.2659,3.618,8,0
15,0.02,0.6,2,4,0.0865,0.9135,7,0,0.5428,0.3579,-17.873,9,1
16,1.0,0.08,2,4,0.0002,0.9998,6,0,0.9366,0.8752,16.244,6,0
21,0.648,0.32,1,0,1.0,0.0,0,1,1.0,1.0,41.853,0,0
12,0.278,0.36,2,4,0.0166,0.9834,7,0,0.9298,0.8921,-21.821,7,0
12,0.861,0.62,1,4,0.0164,0.9836,8,0,0.4277,0.1674,-27.517,8,0
30,0.168,0.09,0,1,0.0,1.0,6,0,1.0,1.0,-13.359,6,0
6,1.0,0.17,4,4,0.1219,0.8781,6,0,0.491,0.1526,-22.85,6,0
55,1.0,1.0,1,4,0.084,0.916,7,0,0.3413,0.0886,-18.62,7,0
18,0.07,0.59,2,4,0.2744,0.7256,6,0,0.2987,0.1395,-22.405,8,1
6,0.348,0.39,5,4,0.0,1.0,7,0,0.9995,0.999,12.254,7,0
22,0.531,0.32,1,4,0.0045,0.9955,8,0,0.8252,0.655,39.493,8,0
13,0.738,0.46,1,4,0.0187,0.9813,8,0,0.457,0.2327,-27.496,8,0
7,0.679,0.24,4,4,0.311,0.689,6,0,0.3194,0.0654,-26.016,6,0
12,0.0,0.36,2,0,1.0,0.0,3,1,0.5239,0.0479,-18.363,1,1
17,1.0,1.0,2,4,0.0,1.0,9,0,1.0,0.9999,18.073,9,0
56,1.0,1.0,1,4,0.0837,0.9163,7,0,0.3402,0.0864,-18.388,7,0
6,0.0,0.2,5,0,1.0,0.0,0,1,0.4428,0.0534,14.971,4,1
18,0.0,0.59,2,0,1.0,0.0,1,1,0.537,0.074,-20.391,2,1
16,0.02,1.0,2,1,0.0025,0.9975,7,0,0.9975,0.9961,-22.324,7,0
14,0.605,0.32,1,4,0.0215,0.9785,8,0,0.4657,0.2458,-27.414,8,0
8,0.347,0.3,4,4,0.5331,0.4669,8,0,0.2463,0.0158,-29.091,6,1
13,1.0,0.36,1,4,0.003,0.997,6,0,0.7074,0.561,-16.819,6,0
57,1.0,1.0,1,4,0.0834,0.9166,7,0,0.3391,0.0842,-18.151,7,0
19,1.0,0.59,1,4,0.0023,0.9977,6,0,0.469,0.0819,-13.992,6,0
16,0.0,1.0,2,0,1.0,0.0,1,1,0.8587,0.7174,-13.84,1,0
18,0.806,0.45,2,4,0.0,1.0,9,0,0.9683,0.9366,20.857,9,0
7,0.877,0.2,4,4,0.038,0.9621,7,0,0.7867,0.7005,-11.751,7,0
1,1.0,1.0,5,8,0.0008,0.9992,7,0,0.9444,0.8901,-4.938,7,0
15,0.472,0.17,1,4,0.0249,0.9751,8,0,0.4653,0.2535,-27.29,8,0
8,0.0,0.36,4,0,1.0,0.0,1,1,0.6218,0.3493,-23.377,4,1
14,0.671,0.36,1,4,0.0068,0.9932,6,0,0.5019,0.2748,-16.765,6,0
58,1.0,1.0,1,4,0.0831,0.9169,7,0,0.3379,0.082,-17.911,7,0
17,1.0,1.0,1,4,0.0119,0.9881,7,0,0.6876,0.5432,-8.859,7,0
2,1.0,0.77,5,8,0.2637,0.7363,22,0,0.462,0.3173,-4.216,22,0
19,1.0,0.36,1,0,1.0,0.0,2,1,1.0,1.0,-17.214,2,0
19,0.612,0.45,2,4,0.0002,0.9998,9,0,0.8593,0.7188,19.424,9,0
1,1.0,1.0,5,8,0.241,0.759,23,0,0.4393,0.2832,-25.64,23,0
9,1.0,0.36,3,4,0.007,0.993,7,0,0.9358,0.8875,-22.246,7,0
15,0.671,0.38,1,4,0.0358,0.9642,9,0,0.3994,0.1074,-29.755,8,1
8,0.753,1.0,4,1,0.9069,0.0931,5,1,0.4857,0.1944,-2.84,5,0
59,1.0,1.0,1,4,0.0828,0.9172,7,0,0.3367,0.0797,-17.667,7,0
16,0.534,1.0,1,4,0.0092,0.9908,7,0,0.5491,0.3615,-28.165,7,0
18,0.492,1.0,1,4,0.0082,0.9918,7,0,0.7163,0.5268,-13.178,7,0
3,0.92,0.84,5,4,0.6208,0.3792,3,1,0.4206,0.2673,0.606,3,0
20,0.395,0.45,2,4,0.0015,0.9985,8,0,0.6272,0.2572,16.976,9,1
19,0.0,0.36,1,0,1.0,0.0,1,1,1.0,1.0,-18.613,1,0
2,0.533,0.23,5,4,0.0183,0.9817,7,0,0.9579,0.9435,-25.182,7,0
16,0.1,0.38,1,4,0.014,0.986,8,0,0.2958,0.0244,-31.985,8,0
60,1.0,1.0,1,3,0.2513,0.7487,9,0,0.3338,0.0476,-15.777,9,0
9,0.309,1.0,4,4,0.0434,0.9566,7,0,0.868,0.7863,-6.022,7,0
18,0.0,1.0,1,0,1.0,0.0,2,1,1.0,1.0,-19.005,2,0
17,0.479,1.0,1,4,0.0099,0.9901,7,0,0.5444,0.3585,-28.135,7,0
4,0.891,0.9,5,4,0.1229,0.8771,7,0,0.4791,0.1297,9.085,7,0
21,0.183,0.45,0,1,0.0,1.0,8,0,1.0,1.0,12.957,8,0
20,1.0,0.36,0,4,0.0,1.0,7,0,0.455,0.2054,-12.744,7,0
10,1.0,0.84,3,1,0.0303,0.9697,7,0,0.9697,0.9496,-16.158,7,0
16,0.0,0.28,1,0,1.0,0.0,1,1,1.0,1.0,-31.029,1,0
10,0.004,0.33,4,4,0.0022,0.9978,7,0,0.9974,0.9956,1.502,7,0
18,0.43,1.0,1,4,0.0107,0.9893,7,0,0.5396,0.3562,-28.102,7,0
61,1.0,1.0,1,3,0.2488,0.7512,9,0,0.3383,0.0525,-15.363,9,0
19,1.0,1.0,0,4,0.0,1.0,7,0,0.6342,0.4828,-20.918,7,0
5,0.719,0.4,5,4,0.1492,0.8508,6,0,0.4963,0.1827,12.97,7,1
21,0.0,0.18,2,0,1.0,0.0,4,1,0.8605,0.721,12.659,4,0
3,0.035,1.0,5,4,0.4249,0.5751,3,1,0.2718,0.0469,-24.617,6,1
11,0.437,0.35,3,1,0.0135,0.9865,7,0,0.9865,0.9749,-12.262,7,0
17,1.0,0.28,0,4,0.0,1.0,7,0,0.5572,0.327,-30.592,7,0
21,0.893,0.17,0,4,0.0,1.0,7,0,0.3347,0.0503,-13.723,7,0
10,0.0,0.33,4,0,1.0,0.0,0,1,0.4211,0.1062,4.472,0,0
19,0.366,1.0,1,4,0.012,0.988,7,0,0.532,0.3526,-28.072,7,0
62,1.0,1.0,1,3,0.246,0.754,9,0,0.3435,0.0586,-14.923,9,0
20,0.659,0.87,0,4,0.0,1.0,7,0,0.5157,0.3087,-20.959,7,0
22,0.033,0.18,1,4,0.0007,0.9993,7,0,0.9325,0.8663,7.698,7,0
4,0.804,1.0,5,4,0.3279,0.6721,7,0,0.5879,0.4495,-23.661,7,0
11,0.63,0.33,3,4,0.1278,0.8722,8,0,0.5098,0.2852,-4.786,8,0
63,1.0,1.0,1,3,0.2428,0.7572,9,0,0.3495,0.0657,-14.457,9,0
20,0.311,1.0,1,4,0.0132,0.9868,7,0,0.5245,0.3483,-28.038,7,0
21,0.42,0.74,0,4,0.0,1.0,7,0,0.5978,0.4491,-19.337,7,0
6,0.54,1.0,5,4,0.7414,0.2586,0,1,0.3814,0.0901,15.329,7,1
18,1.0,0.36,0,1,0.0,1.0,7,0,1.0,1.0,-24.656,7,0
22,0.834,1.0,0,4,0.0,1.0,7,0,0.7402,0.5771,-5.604,7,0
12,0.437,0.84,3,1,0.9993,0.0007,4,1,0.9987,0.9981,-8.423,4,0
5,0.181,1.0,5,4,0.3058,0.6942,7,0,0.5255,0.4129,-24.308,7,0
12,0.506,0.18,3,1,0.8477,0.1523,4,1,0.532,0.2657,-3.236,4,0
64,1.0,1.0,1,3,0.2394,0.7606,9,0,0.356,0.0737,-13.968,9,0
21,0.262,1.0,1,4,0.0145,0.9855,7,0,0.517,0.3431,-28.001,7,0
22,0.169,0.59,0,4,0.0,1.0,7,0,0.7405,0.6273,-18.08,7,0
23,0.033,1.0,1,4,0.0,1.0,6,0,0.6249,0.2557,16.905,8,1
7,0.507,1.0,5,4,0.9334,0.0666,4,1,0.5342,0.1705,8.825,8,1
13,1.0,0.34,3,4,0.0,1.0,6,0,0.9583,0.9165,-5.964,6,0
5,0.0,1.0,5,0,1.0,0.0,5,1,0.6944,0.4819,-22.67,5,0
23,0.55,0.97,0,4,0.0,1.0,7,0,0.6955,0.5014,-9.166,7,0
65,1.0,1.0,1,3,0.2357,0.7643,9,0,0.3632,0.0825,-13.456,9,0
13,0.402,0.18,3,4,0.1509,0.8491,6,0,0.4576,0.1748,-12.893,6,0
22,0.197,1.0,1,4,0.0166,0.9834,7,0,0.5059,0.3299,-27.969,7,0
23,0.0,0.67,1,0,1.0,0.0,2,1,1.0,1.0,27.955,2,0
8,1.0,1.0,5,4,0.0768,0.9232,9,0,0.4558,0.1612,14.863,9,0
14,1.0,1.0,3,4,0.0,1.0,9,0,1.0,1.0,-7.951,9,0
19,1.0,1.0,0,1,0.0,1.0,7,0,1.0,1.0,-7.744,7,0
6,1.0,1.0,4,4,0.2458,0.7542,7,0,0.3547,0.1528,-23.667,7,0
24,0.403,0.87,0,4,0.0,1.0,7,0,0.4036,0.0911,-8.984,7,0
24,1.0,0.67,0,4,0.0,1.0,8,0,1.0,1.0,26.63,8,0
66,1.0,1.0,1,3,0.2317,0.7683,9,0,0.3709,0.092,-12.924,9,0
23,0.133,1.0,1,4,0.019,0.981,7,0,0.4936,0.3105,-27.936,7,0
9,0.295,0.55,5,1,0.0266,0.9734,9,0,0.9734,0.9571,12.159,9,0
1,1.0,1.0,5,8,0.0067,0.9933,6,0,0.496,0.2345,-29.42,6,0
20,0.611,0.76,0,1,0.0,1.0,7,0,1.0,1.0,-16.497,7,0
15,0.667,0.48,3,4,0.0,1.0,9,0,1.0,1.0,-6.47,9,0
25,0.273,0.78,0,4,0.0,1.0,7,0,0.3742,0.0803,-9.525,7,0
7,0.029,0.62,4,1,0.7142,0.2858,2,1,0.3221,0.0363,-27.259,4,1
14,0.279,1.0,3,4,0.1315,0.8685,7,0,0.3671,0.1299,-6.801,8,1
23,0.0,1.0,1,0,1.0,0.0,2,1,1.0,1.0,-28.907,2,0
67,1.0,1.0,1,3,0.2275,0.7725,9,0,0.379,0.102,-12.376,9,0
9,0.0,0.08,5,0,1.0,0.0,0,1,0.3271,0.1155,16.93,0,0
1,0.901,0.33,5,0,1.0,0.0,1,1,0.5223,0.1934,-33.093,4,1
1,1.0,1.0,5,8,0.4594,0.5406,4,1,0.3034,0.107,-29.139,4,0
21,0.171,0.51,0,1,0.0,1.0,7,0,1.0,1.0,-18.32,7,0
8,0.256,0.62,4,4,0.4198,0.5802,7,0,0.1952,0.0041,-26.294,6,1
14,0.0,1.0,3,0,1.0,0.0,0,1,0.7047,0.483,-6.891,0,0
26,0.061,0.69,0,4,0.0,1.0,7,0,0.3601,0.0492,-10.936,7,0
24,1.0,1.0,0,4,0.0,1.0,7,0,0.4192,0.2004,-27.024,7,0
10,0.507,0.08,4,4,0.4837,0.5163,3,1,0.3139,0.0388,6.438,8,1
68,1.0,1.0,1,2,0.3217,0.6783,6,0,0.5461,0.2244,-12.42,6,0
2,0.807,0.33,5,8,0.202,0.798,7,0,0.4752,0.304,-29.437,7,0
1,0.0,1.0,5,0,1.0,0.0,1,1,0.2977,0.083,-19.649,1,0
16,0.354,0.84,3,4,0.0,1.0,9,0,0.999,0.9979,-1.117,9,0
8,0.0,0.62,4,0,1.0,0.0,1,1,0.6237,0.432,-27.317,1,0
15,0.383,1.0,2,4,0.0044,0.9956,8,0,0.9437,0.9155,-7.953,8,0
25,0.574,0.89,0,4,0.0,1.0,8,0,0.2914,0.033,-27.721,8,0
69,0.631,0.91,1,2,0.27,0.73,6,0,0.6198,0.3499,-16.003,6,0
11,0.159,0.08,4,4,0.4626,0.5374,7,0,0.3587,0.178,8.281,7,0
2,1.0,1.0,4,8,0.014,0.986,22,0,0.8165,0.7124,-20.866,22,0
1,1.0,1.0,5,8,0.1324,0.8676,6,0,0.3066,0.0408,-19.103,6,0
17,0.108,0.72,3,4,0.0,1.0,9,0,0.9708,0.9417,-0.275,9,0
9,1.0,0.62,3,4,0.0915,0.9085,6,0,0.4621,0.1541,-22.615,6,0
15,0.0,1.0,2,0,1.0,0.0,2,1,0.7885,0.577,-8.749,2,0
26,0.015,0.21,0,4,0.0,1.0,6,0,0.2741,0.0079,-27.917,6,0
70,0.27,0.82,1,2,0.1886,0.8114,6,0,0.7128,0.5243,-17.377,6,0
3,0.64,1.0,5,8,0.3102,0.6898,23,0,0.2107,0.0046,-26.236,7,1
2,0.09,0.47,5,8,0.4152,0.5848,23,0,0.3835,0.1753,-20.232,23,0
17,0.0,0.57,3,0,1.0,0.0,1,1,0.6019,0.294,4.042,5,1
10,1.0,0.62,3,4,0.0917,0.9083,6,0,0.4625,0.1545,-22.618,6,0
70,0.0,0.88,1,0,1.0,0.0,5,1,1.0,1.0,-14.351,5,0
3,1.0,1.0,4,4,0.3396,0.6604,7,0,0.3432,0.1364,-26.497,7,0
16,0.877,1.0,1,4,0.0081,0.9919,7,0,0.7319,0.5633,-16.161,7,0
12,0.159,1.0,4,4,0.269,0.731,6,0,0.6306,0.4632,16.26,6,0
4,0.64,0.46,5,4,0.0195,0.9805,7,0,0.9789,0.9703,-25.729,7,0
18,0.437,0.57,2,4,0.0,1.0,9,0,0.9384,0.8835,5.429,9,0
11,0.687,0.62,3,4,0.0894,0.9106,6,0,0.4253,0.1101,-23.205,6,0
2,0.0,0.23,5,0,1.0,0.0,2,1,0.4764,0.2769,-37.668,2,0
71,1.0,0.88,0,4,0.0,1.0,9,0,0.3524,0.0236,-14.153,9,0
1,1.0,1.0,5,8,0.2734,0.7266,22,0,0.2231,0.0901,-40.263,22,0
4,1.0,1.0,4,4,0.3519,0.6481,7,0,0.3313,0.1241,-26.242,7,0
16,0.0,0.0,1,0,1.0,0.0,3,1,1.0,1.0,-8.895,3,0
27,0.015,1.0,0,4,0.0,1.0,9,0,0.3694,0.0221,-28.461,9,0
13,0.159,0.66,4,4,0.3602,0.6398,7,0,0.3386,0.1756,5.186,7,0
3,1.0,0.23,4,4,0.1932,0.8068,8,0,0.7475,0.6249,-37.3,8,0
72,0.941,0.94,0,4,0.0,1.0,7,0,0.3453,0.0051,-14.303,7,0
2,1.0,0.47,5,1,0.0327,0.9673,6,0,0.9673,0.9551,-28.148,6,0
19,0.014,0.31,2,1,0.0309,0.9691,9,0,0.9691,0.9484,5.803,9,0
12,0.333,0.62,3,4,0.0899,0.9101,6,0,0.4475,0.1611,-24.435,6,0
4,0.0,0.66,4,0,1.0,0.0,3,1,0.4588,0.221,-27.011,3,0
17,0.875,1.0,0,4,0.0,1.0,7,0,0.4111,0.0679,-18.515,7,0
13,0.0,0.57,4,0,1.0,0.0,1,1,0.5215,0.2887,6.012,5,1
73,0.886,0.69,0,4,0.0,1.0,7,0,0.3939,0.061,-13.979,7,0
5,0.64,1.0,5,4,0.0005,0.9995,6,0,0.9927,0.986,-19.131,6,0
1,1.0,1.0,5,8,0.0445,0.9555,9,0,0.733,0.5812,-12.022,9,0
5,1.0,0.66,3,4,0.4478,0.5522,8,0,0.3512,0.0049,-25.414,8,0
14,1.0,0.57,3,4,0.1006,0.8994,7,0,0.3425,0.0125,3.89,7,0
12,0.0,0.62,3,0,1.0,0.0,0,1,0.441,0.1293,-27.362,4,1
4,0.183,1.0,4,4,0.5633,0.4367,5,1,0.5091,0.2003,-39.071,8,1
18,0.856,1.0,0,4,0.0,1.0,7,0,0.3936,0.0282,-18.971,7,0
74,0.834,0.53,0,4,0.0,1.0,7,0,0.4121,0.0864,-13.804,7,0
5,0.0,0.39,5,0,1.0,0.0,4,1,0.8193,0.6656,-8.142,4,0
3,1.0,1.0,5,1,0.0436,0.9564,6,0,0.9564,0.9376,-27.945,6,0
1,0.0,0.41,5,0,1.0,0.0,1,1,0.5501,0.3442,-15.161,1,0
20,0.014,0.18,2,1,0.8751,0.1249,5,1,0.8716,0.7467,2.96,9,1
6,1.0,0.31,3,4,0.4574,0.5426,8,0,0.3677,0.0007,-22.341,8,0
5,1.0,1.0,4,4,0.5898,0.4102,4,1,0.4178,0.2161,-39.843,4,0
13,0.035,0.62,2,4,0.0387,0.9613,6,0,0.7253,0.6169,-27.662,6,0
19,0.798,1.0,0,4,0.0,1.0,7,0,0.3853,0.0111,-19.927,7,0
75,0.783,0.37,0,4,0.0,1.0,7,0,0.4169,0.091,-13.611,7,0
6,1.0,0.39,4,4,0.0067,0.9933,7,0,0.993,0.9897,-13.096,7,0
2,1.0,0.41,4,8,0.1877,0.8123,23,0,0.2154,0.0082,-18.27,23,0
3,0.0,1.0,5,0,1.0,0.0,1,1,0.4695,0.2049,-30.275,2,1
21,0.424,0.08,2,4,0.0,1.0,7,0,1.0,1.0,-0.266,7,0
15,0.35,1.0,3,4,0.0132,0.9868,7,0,0.716,0.4707,9.797,6,1
13,0.0,0.62,2,0,1.0,0.0,5,1,0.881,0.762,-27.282,5,0
6,0.224,0.69,4,4,0.6492,0.3508,5,1,0.5272,0.3194,-36.464,8,1
4,1.0,1.0,4,4,0.1205,0.8795,8,0,0.4153,0.0945,-29.675,8,0
20,0.74,1.0,0,4,0.0,1.0,8,0,0.3818,0.0027,-20.942,8,0
76,0.728,0.18,0,4,0.0,1.0,7,0,0.4107,0.0738,-13.315,7,0
7,0.517,0.12,4,4,0.1483,0.8517,7,0,0.8475,0.755,-15.355,7,0
15,0.0,0.27,3,0,1.0,0.0,5,1,0.7374,0.512,20.155,5,0
7,1.0,1.0,3,4,0.7542,0.2458,5,1,0.4417,0.1744,-21.105,5,0
14,0.029,0.62,1,4,0.0269,0.9731,8,0,0.3969,0.0748,-28.07,8,0
7,0.689,0.38,4,4,0.3681,0.6319,6,0,0.2661,0.0304,-37.022,6,0
5,0.481,0.44,4,4,0.1468,0.8532,8,0,0.5883,0.4627,-28.321,8,0
21,0.199,0.52,0,4,0.0,1.0,8,0,0.3417,0.0376,-23.41,8,0
77,0.666,0.01,0,4,0.0,1.0,7,0,0.3949,0.0379,-13.103,7,0
16,1.0,0.27,2,4,0.0408,0.9592,8,0,0.5234,0.3544,15.182,8,0
3,0.869,1.0,4,4,0.0367,0.9633,7,0,0.6055,0.3416,-26.445,7,0
8,0.465,1.0,3,4,0.1077,0.8923,7,0,0.4566,0.0893,-22.461,8,1
1,1.0,1.0,5,8,0.4383,0.5617,4,1,0.3455,0.1883,-18.774,4,0
7,0.0,0.12,4,0,1.0,0.0,3,1,0.7562,0.6071,-28.941,3,0
14,0.0,0.32,1,0,1.0,0.0,4,1,1.0,1.0,-26.831,4,0
5,0.0,0.0,4,0,1.0,0.0,4,1,0.3141,0.0392,-30.767,2,1
8,0.08,1.0,4,4,0.4277,0.5723,7,0,0.3373,0.1472,-14.963,8,1
8,0.0,1.0,3,0,1.0,0.0,0,1,0.4287,0.0795,-27.256,0,0
2,0.231,1.0,5,8,0.097,0.903,7,0,0.2714,0.0152,-19.245,7,0
8,1.0,0.12,3,4,0.2675,0.7325,7,0,0.539,0.3971,-29.417,7,0
4,0.533,0.74,4,4,0.0539,0.9461,7,0,0.6767,0.5797,-26.501,7,0
78,0.552,1.0,0,4,0.0,1.0,7,0,0.6609,0.4219,-20.491,7,0
6,1.0,1.0,3,4,0.7957,0.2043,5,1,0.5768,0.3673,-30.721,5,0
15,1.0,0.32,0,4,0.0,1.0,6,0,0.3406,0.073,-24.572,6,0
17,0.879,1.0,2,4,0.0,1.0,7,0,0.9999,0.9999,27.236,7,0
1,1.0,1.0,5,8,0.009,0.991,24,0,0.8746,0.8016,-11.818,24,0
9,1.0,1.0,2,4,0.1594,0.8406,8,0,0.5965,0.4499,-26.15,8,0
2,0.231,0.75,5,0,1.0,0.0,1,1,0.3844,0.0954,-22.714,5,1
9,0.142,0.85,4,4,0.3758,0.6242,8,0,0.3155,0.0713,-15.152,8,0
5,0.171,0.44,4,4,0.0645,0.9355,7,0,0.7606,0.674,-26.199,7,0
7,0.875,1.0,3,4,0.069,0.931,8,0,0.45,0.155,-31.351,8,0
16,1.0,0.32,0,4,0.0,1.0,6,0,0.3367,0.068,-24.529,6,0
1,0.0,0.91,5,0,1.0,0.0,1,1,0.5451,0.3509,-20.122,5,1
9,0.0,0.85,4,0,1.0,0.0,3,1,0.9704,0.9541,-17.102,3,0
10,0.739,0.35,2,1,0.4262,0.5738,8,0,0.5738,0.2699,-24.484,8,0
3,0.669,0.75,5,8,0.0635,0.9365,6,0,0.5488,0.4218,-21.629,6,0
5,0.0,0.5,4,0,1.0,0.0,5,1,0.4063,0.1175,-26.132,5,0
9,0.418,1.0,3,4,0.3032,0.6968,7,0,0.4464,0.2426,-34.661,7,0
18,0.757,1.0,2,4,0.0,1.0,8,0,1.0,1.0,26.464,8,0
17,0.54,0.32,0,4,0.0,1.0,6,0,0.4292,0.183,-26.631,6,0
2,1.0,0.91,4,4,0.0804,0.9196,8,0,0.8219,0.7637,-18.808,8,0
10,1.0,0.85,3,4,0.0038,0.9962,7,0,0.9884,0.9817,-12.242,7,0
1,1.0,1.0,5,8,0.1685,0.8315,24,0,0.2347,0.0468,-20.095,24,0
6,1.0,0.5,3,4,0.1082,0.8918,7,0,0.649,0.4667,-26.163,7,0
4,0.189,0.75,5,8,0.1413,0.8587,6,0,0.4069,0.2971,-24.336,6,0
19,0.332,0.07,2,4,0.0,1.0,8,0,1.0,1.0,34.202,8,0
10,0.284,0.81,3,4,0.1893,0.8107,7,0,0.6601,0.536,-33.62,7,0
8,0.249,1.0,3,1,0.7843,0.2157,2,1,0.3928,0.0188,-27.541,8,1
11,0.487,1.0,2,1,0.9802,0.0198,3,1,0.788,0.5957,-24.441,3,0
18,0.112,0.32,0,4,0.0,1.0,6,0,0.4629,0.2393,-27.635,6,0
11,0.588,0.85,3,4,0.0454,0.9546,7,0,0.8717,0.8208,-16.188,7,0
2,0.477,0.23,5,1,0.2668,0.7332,8,0,0.7332,0.6365,-25.265,8,0
7,0.097,0.56,3,4,0.1064,0.8936,7,0,0.6814,0.5487,-27.09,8,1
4,0.0,0.75,5,0,1.0,0.0,5,1,0.3701,0.1217,-27.168,5,0
11,0.108,0.63,3,4,0.0793,0.9207,7,0,0.8683,0.8173,-30.279,7,0
9,0.88,1.0,3,4,0.0603,0.9397,6,0,0.4088,0.0075,-30.862,6,0
12,0.492,1.0,2,4,0.0893,0.9107,8,0,0.8875,0.8149,-26.13,8,0
3,0.667,1.0,4,4,0.2109,0.7891,6,0,0.4234,0.1788,-20.578,6,0
1,1.0,1.0,5,8,0.0697,0.9303,24,0,0.6607,0.5659,-22.942,24,0
7,0.0,0.63,3,0,1.0,0.0,4,1,0.553,0.2539,-23.285,2,1
5,1.0,0.75,4,8,0.1478,0.8522,22,0,0.1836,0.0157,-24.083,22,0
11,0.0,0.42,3,0,1.0,0.0,2,1,0.8887,0.79,-27.594,2,0
4,0.009,0.95,4,4,0.3348,0.6652,6,0,0.3535,0.1487,-25.804,6,0
12,0.49,1.0,3,4,0.0015,0.9985,8,0,0.5449,0.1122,-8.557,9,1
8,1.0,0.63,2,4,0.168,0.832,7,0,0.5443,0.3863,-28.493,7,0
10,0.77,0.68,3,4,0.0496,0.9504,7,0,0.5457,0.196,-27.425,7,0
12,0.0,0.41,2,0,1.0,0.0,2,1,0.5069,0.0138,-27.927,2,0
2,0.584,0.41,5,1,0.8276,0.1724,5,1,0.5077,0.3343,-25.73,5,0
3,0.477,1.0,5,1,0.9062,0.0938,5,1,0.73,0.6362,-22.4,5,0
1,1.0,1.0,5,8,0.3619,0.6381,23,0,0.2416,0.1028,-21.257,23,0
6,0.594,0.17,4,4,0.1184,0.8816,7,0,0.6439,0.4657,-26.986,7,0
12,0.183,0.42,2,4,0.045,0.955,7,0,0.4916,0.2499,-28.429,8,1
4,0.0,0.68,4,0,1.0,0.0,2,1,0.6087,0.4405,-23.605,2,0
12,0.0,0.6,3,0,1.0,0.0,5,1,0.6384,0.4166,4.517,5,0
9,0.601,0.69,2,4,0.2191,0.7809,7,0,0.4614,0.231,-31.282,7,0
11,0.661,0.27,3,3,0.0101,0.9899,6,0,0.9893,0.9849,-23.379,6,0
13,1.0,0.41,1,4,0.0,1.0,8,0,0.9999,0.9998,-20.194,8,0
3,0.651,0.41,5,4,0.316,0.684,8,0,0.2298,0.0309,-20.079,8,0
4,0.599,0.91,5,4,0.6432,0.3568,0,1,0.2138,0.0014,-22.754,8,1
2,0.688,0.55,5,4,0.5307,0.4693,4,1,0.3491,0.1525,-34.47,4,0
5,1.0,0.68,3,4,0.0547,0.9453,6,0,0.6237,0.4038,-23.438,6,0
13,0.876,0.6,2,4,0.0012,0.9988,6,0,0.8618,0.7283,2.023,6,0
12,0.0,0.48,2,0,1.0,0.0,1,1,0.6106,0.2212,-27.539,1,0
10,1.0,1.0,2,4,0.1307,0.8693,6,0,0.3094,0.0546,-34.932,6,0
12,0.555,0.04,3,4,0.0003,0.9997,7,0,0.9981,0.997,-20.335,7,0
4,0.126,0.17,5,3,0.346,0.654,6,0,0.4981,0.3618,-22.203,6,0
4,0.0,0.81,5,0,1.0,0.0,1,1,0.4875,0.1091,-23.974,5,1
3,0.905,0.45,5,4,0.1057,0.8943,9,0,0.5828,0.4261,-33.891,9,0
6,0.811,0.14,3,4,0.0195,0.9805,6,0,0.8267,0.7551,-22.003,6,0
13,1.0,0.48,1,4,0.0051,0.9949,7,0,0.7185,0.5613,-28.723,7,0
11,0.712,0.8,2,4,0.2232,0.7768,6,0,0.2696,0.0559,-37.041,9,1
7,0.494,1.0,4,4,0.2326,0.7674,7,0,0.5282,0.3928,-26.612,7,0
14,0.94,1.0,1,1,0.5089,0.4911,0,1,0.5089,0.0178,-19.476,0,0
4,0.126,0.0,5,0,1.0,0.0,3,1,0.6016,0.3748,-30.378,1,1
5,1.0,0.81,4,4,0.0118,0.9882,6,0,0.8417,0.7324,-22.342,6,0
7,0.632,0.2,3,4,0.06,0.94,6,0,0.6642,0.55,-23.713,6,0
14,0.876,1.0,2,1,0.0,1.0,6,0,1.0,1.0,14.585,6,0
14,0.637,0.54,1,1,0.0359,0.9641,7,0,0.9641,0.9282,-26.842,7,0
12,0.443,0.62,2,4,0.1425,0.8575,6,0,0.4462,0.2693,-37.162,9,1
7,0.0,1.0,4,0,1.0,0.0,2,1,0.2987,0.0178,-28.735,2,0
15,0.427,0.94,1,4,0.1345,0.8655,8,0,0.4655,0.0882,-23.96,8,0
13,0.449,1.0,3,3,0.0924,0.9076,6,0,0.9049,0.8452,-25.027,6,0
5,1.0,0.33,4,0,1.0,0.0,4,1,0.9316,0.8905,-15.836,4,0
4,0.967,1.0,5,4,0.0985,0.9015,7,0,0.8237,0.757,-35.278,7,0
15,0.438,0.85,2,1,0.0,1.0,6,0,1.0,1.0,13.462,6,0
15,0.266,0.23,1,1,0.0427,0.9573,7,0,0.9573,0.9146,-26.939,7,0
8,1.0,1.0,3,4,0.5749,0.4251,3,1,0.4589,0.2069,-27.384,3,0
13,0.155,0.26,2,4,0.0855,0.9145,6,0,0.5731,0.386,-37.601,9,1
5,1.0,1.0,5,4,0.8868,0.1132,0,1,0.6316,0.4354,-18.896,0,0
16,0.115,0.49,1,4,0.0259,0.9741,7,0,0.532,0.1097,-23.213,7,0
13,0.0,1.0,3,0,1.0,0.0,5,1,0.5756,0.2449,-32.753,3,1
6,0.762,0.24,4,4,0.3341,0.6659,7,0,0.4074,0.1287,-19.34,8,1
4,0.967,0.62,5,0,1.0,0.0,1,1,0.5287,0.1267,-31.631,3,1
8,0.692,1.0,3,4,0.0667,0.9333,6,0,0.7129,0.5868,-23.441,6,0
15,0.0,0.85,2,0,1.0,0.0,2,1,0.7196,0.4393,14.43,0,1
13,0.0,0.07,2,0,1.0,0.0,3,1,0.7351,0.4703,-36.358,3,0
9,0.282,1.0,3,4,0.2236,0.7764,6,0,0.6155,0.4282,-28.761,6,0
5,0.0,0.91,5,0,1.0,0.0,3,1,0.5165,0.193,-19.809,1,1
16,0.0,0.39,1,0,1.0,0.0,2,1,1.0,1.0,-14.873,2,0
5,0.628,0.68,5,4,0.0,1.0,6,0,0.9991,0.9982,-30.21,6,0
14,0.249,1.0,2,4,0.0295,0.9705,6,0,0.7148,0.4718,-22.63,6,0
7,0.762,0.24,4,4,0.3357,0.6643,7,0,0.4008,0.1205,-19.308,8,1
9,0.235,0.69,3,4,0.1415,0.8585,6,0,0.4158,0.1105,-25.69,6,0
16,0.878,0.85,1,4,0.0,1.0,7,0,0.9999,0.9998,7.331,7,0
16,0.266,1.0,1,1,0.0584,0.9416,7,0,0.9416,0.8832,-32.699,7,0
6,1.0,0.91,4,4,0.5017,0.4983,7,0,0.3086,0.0394,-18.275,7,0
14,1.0,0.07,1,4,0.1035,0.8965,9,0,0.3873,0.1649,-38.351,9,0
9,0.0,1.0,3,0,1.0,0.0,2,1,0.5885,0.3369,-29.864,2,0
17,0.94,0.39,0,4,0.0,1.0,8,0,0.9833,0.971,-15.62,8,0
14,0.0,1.0,2,0,1.0,0.0,3,1,0.8375,0.6749,-31.591,3,0
8,0.762,0.24,4,4,0.3373,0.6627,7,0,0.3941,0.1123,-19.273,8,1
9,0.0,0.69,3,0,1.0,0.0,3,1,0.7045,0.5132,-17.227,3,0
17,0.59,0.07,1,4,0.0,1.0,7,0,1.0,1.0,12.549,7,0
16,0.0,0.91,1,0,1.0,0.0,4,1,1.0,1.0,-32.072,4,0
15,0.82,0.13,1,4,0.1067,0.8933,9,0,0.3569,0.1255,-38.155,9,0
10,1.0,1.0,2,4,0.4049,0.5951,0,1,0.3293,0.0151,-28.974,0,0
7,1.0,0.91,4,4,0.5843,0.4157,1,1,0.3611,0.0722,-16.993,1,0
15,1.0,1.0,1,4,0.011,0.989,9,0,0.4442,0.1817,-25.015,9,0
10,1.0,0.69,2,4,0.0297,0.9703,8,0,0.5806,0.3424,-16.982,8,0
6,0.221,1.0,5,4,0.8707,0.1293,5,1,0.3909,0.0644,-29.989,8,1
8,0.0,0.14,4,0,1.0,0.0,5,1,0.5321,0.3267,-21.21,1,1
17,0.224,0.91,0,4,0.0,1.0,7,0,0.542,0.1869,-33.096,7,0
16,0.843,0.19,1,4,0.1396,0.8604,7,0,0.41,0.2016,-37.113,7,0
10,0.0,1.0,2,0,1.0,0.0,2,1,0.5298,0.0595,-30.198,2,0
8,1.0,0.91,4,4,0.3938,0.6062,7,0,0.3104,0.087,-21.564,7,0
18,0.94,1.0,0,1,0.0,1.0,8,0,1.0,1.0,-7.76,8,0
15,0.0,1.0,1,0,1.0,0.0,4,1,1.0,1.0,-28.752,4,0
11,0.763,0.52,2,4,0.0361,0.9639,6,0,0.4174,0.0138,-17.323,8,1
9,0.599,0.14,3,4,0.0701,0.9299,8,0,0.5566,0.3336,-18.653,8,0
7,0.94,0.94,5,4,0.0002,0.9998,9,0,0.9997,0.9996,-23.286,9,0
1,1.0,1.0,5,8,0.2501,0.7499,22,0,0.3111,0.114,-21.837,22,0
11,1.0,1.0,1,4,0.1375,0.8625,8,0,0.3999,0.1068,-30.368,8,0
16,1.0,1.0,0,4,0.0,1.0,8,0,0.4643,0.1928,-23.837,8,0
17,0.688,0.25,1,4,0.1433,0.8567,7,0,0.4275,0.2439,-36.576,7,0
9,0.523,0.5,4,4,0.4148,0.5852,7,0,0.3427,0.0451,-21.374,3,1
12,0.59,0.37,2,4,0.0354,0.9646,6,0,0.4363,0.0587,-17.144,8,1
2,0.896,0.74,5,4,0.0829,0.9171,8,0,0.3594,0.1551,-24.612,8,0
1,1.0,1.0,5,8,0.0706,0.9294,7,0,0.4972,0.1872,-15.446,7,0
12,0.367,0.51,1,4,0.0797,0.9203,7,0,0.3645,0.0463,-30.819,7,0
18,0.522,0.31,1,4,0.1577,0.8423,7,0,0.4135,0.2285,-35.934,7,0
13,0.414,0.22,2,4,0.0332,0.9668,6,0,0.444,0.1166,-17.186,8,1
10,0.088,0.09,4,4,0.2239,0.7761,7,0,0.5197,0.3198,-21.887,7,0
10,0.166,1.0,3,1,0.9025,0.0975,1,1,0.3747,0.0296,-22.637,2,1
8,0.88,1.0,5,4,0.2063,0.7937,9,0,0.5506,0.4013,-20.043,9,0
3,0.688,0.74,5,4,0.1445,0.8555,7,0,0.2644,0.0065,-24.965,8,1
1,0.0,1.0,5,0,1.0,0.0,1,1,0.4232,0.1511,-28.331,5,1
19,0.434,0.37,1,4,0.1053,0.8947,9,0,0.3183,0.0283,-37.114,9,0
12,0.0,0.33,1,0,1.0,0.0,4,1,1.0,1.0,-29.014,4,0
14,0.245,0.06,2,4,0.029,0.971,6,0,0.4364,0.1542,-17.116,8,1
17,0.587,1.0,0,4,0.0,1.0,7,0,0.5101,0.0262,-6.319,7,0
10,0.0,0.0,4,0,1.0,0.0,3,1,0.8041,0.725,-21.247,3,0
11,0.205,1.0,3,4,0.0789,0.9211,7,0,0.5707,0.4251,-24.403,7,0
9,0.461,1.0,0,1,0.0,1.0,9,0,1.0,1.0,-15.128,9,0
4,0.479,0.74,5,4,0.2291,0.7709,6,0,0.3177,0.0282,-26.84,9,1
1,1.0,1.0,5,8,0.1152,0.8849,23,0,0.4421,0.1684,-13.951,23,0
2,1.0,1.0,4,8,0.5736,0.4264,4,1,0.4219,0.1393,-24.998,4,0
13,0.231,0.33,0,4,0.0,1.0,7,0,0.4961,0.2126,-30.952,7,0
18,0.186,0.23,0,4,0.0,1.0,7,0,0.9918,0.9836,3.207,7,0
11,1.0,1.0,3,4,0.1366,0.8634,6,0,0.3374,0.1314,-21.791,6,0
20,1.0,0.43,1,4,0.1353,0.8647,7,0,0.3635,0.1279,-36.944,7,0
11,0.0,1.0,3,0,1.0,0.0,2,1,0.8683,0.7931,-25.138,3,1
2,0.882,0.5,5,4,0.0085,0.9915,7,0,0.9167,0.8484,-18.97,7,0
10,0.007,0.6,5,4,0.0007,0.9993,7,0,0.999,0.9984,-13.529,8,1
5,0.271,0.31,5,4,0.3503,0.6497,6,0,0.32,0.1264,-28.013,9,1
3,0.486,1.0,4,8,0.2454,0.7546,9,0,0.3016,0.1174,-25.873,9,0
12,1.0,1.0,2,4,0.0975,0.9025,9,0,0.3972,0.1176,-24.9,9,0
21,0.895,0.49,1,4,0.14,0.86,7,0,0.3915,0.1844,-36.513,7,0
15,0.277,1.0,2,4,0.0859,0.9141,6,0,0.378,0.1586,-18.792,9,1
12,0.575,0.12,0,1,0.0,1.0,6,0,1.0,1.0,-23.667,6,0
10,0.0,0.01,5,0,1.0,0.0,4,1,0.9944,0.9913,-7.9,4,0
6,0.063,0.31,5,4,0.3508,0.6492,6,0,0.2617,0.1034,-28.653,9,1
3,0.0,1.0,4,0,1.0,0.0,5,1,0.338,0.0391,-28.549,1,1
1,1.0,1.0,5,8,0.003,0.997,24,0,0.83,0.7477,-19.35,24,0
14,0.231,1.0,0,4,0.0,1.0,6,0,0.5211,0.1468,-30.62,6,0
12,0.0,1.0,2,0,1.0,0.0,5,1,0.62,0.2399,-27.745,3,1
3,0.745,1.0,5,4,0.0482,0.9518,8,0,0.9158,0.8738,-16.259,8,0
22,0.796,0.55,1,4,0.1481,0.8519,7,0,0.4,0.204,-36.045,7,0
15,0.0,0.49,2,0,1.0,0.0,5,1,0.521,0.042,-15.514,4,1
11,0.967,0.01,4,4,0.0009,0.9991,8,0,0.685,0.3881,-7.885,8,0
6,0.0,0.31,5,0,1.0,0.0,5,1,0.4354,0.224,-25.68,1,1
4,1.0,1.0,3,8,0.4287,0.5713,2,1,0.2811,0.142,-26.342,2,0
1,1.0,0.7,5,0,1.0,0.0,1,1,0.6859,0.5124,-24.448,1,0
13,0.119,1.0,3,4,0.2496,0.7504,7,0,0.3539,0.1223,-22.22,9,1
13,0.166,1.0,1,4,0.0186,0.9814,9,0,0.5972,0.3629,-29.598,9,0
23,0.713,0.61,1,4,0.0756,0.9244,9,0,0.3419,0.0281,-37.304,8,1
16,1.0,0.49,1,4,0.0067,0.9933,6,0,0.3826,0.0609,-10.233,6,0
3,0.087,0.69,5,0,1.0,0.0,2,1,0.344,0.0524,-22.078,3,1
7,1.0,0.31,4,4,0.3887,0.6113,7,0,0.2924,0.019,-20.618,7,0
2,1.0,0.7,5,4,0.0063,0.9937,7,0,0.5972,0.2901,-26.579,7,0
5,0.765,1.0,3,8,0.0866,0.9134,9,0,0.3189,0.0439,-26.707,9,0
1,1.0,1.0,5,8,0.0902,0.9098,24,0,0.7719,0.6967,-14.767,24,0
24,1.0,0.67,1,4,0.1266,0.8734,7,0,0.3209,0.024,-36.282,7,0
13,0.0,1.0,3,0,1.0,0.0,5,1,0.4754,0.1178,-29.664,4,1
4,1.0,0.69,5,4,0.0038,0.9962,9,0,0.9962,0.9947,-17.256,9,0
13,0.0,1.0,1,0,1.0,0.0,3,1,1.0,1.0,-29.48,3,0
12,1.0,1.0,4,4,0.0,1.0,9,0,0.9418,0.8836,-7.068,9,0
8,1.0,0.31,4,4,0.3752,0.6248,7,0,0.289,0.0274,-20.83,7,0
2,1.0,0.46,5,0,1.0,0.0,5,1,0.7082,0.5717,-26.145,5,0
6,0.093,0.1,3,8,0.0873,0.9127,9,0,0.2986,0.0551,-26.158,9,0
2,1.0,0.27,0,1,0.0,1.0,8,0,1.0,1.0,-19.731,8,0
14,0.126,1.0,2,4,0.3419,0.6581,7,0,0.2927,0.0102,-22.174,8,1
14,1.0,1.0,0,4,0.0,1.0,7,0,0.9733,0.949,-25.57,7,0
25,0.953,0.73,1,4,0.1362,0.8638,7,0,0.3365,0.0601,-35.957,7,0
17,0.045,1.0,1,4,0.0948,0.9052,8,0,0.3385,0.0527,-28.998,6,1
13,1.0,0.35,4,4,0.0,1.0,9,0,0.722,0.444,-15.849,9,0
3,0.764,0.46,5,4,0.0019,0.9981,7,0,0.97,0.9512,-22.243,7,0
9,1.0,0.31,4,4,0.3606,0.6394,7,0,0.2837,0.033,-21.052,7,0
6,0.0,0.1,3,0,1.0,0.0,5,1,0.3892,0.0438,-28.339,1,1
15,0.687,1.0,2,4,0.0489,0.9511,8,0,0.9044,0.8655,-16.62,8,0
15,1.0,0.78,0,4,0.0,1.0,7,0,0.5238,0.2758,-29.036,7,0
5,1.0,1.0,5,4,0.029,0.971,9,0,0.9279,0.8922,-3.778,9,0
26,0.89,0.79,1,4,0.1487,0.8513,7,0,0.3473,0.0902,-35.562,7,0
17,0.0,1.0,1,0,1.0,0.0,4,1,1.0,1.0,-16.906,4,0
16,0.748,0.44,2,4,0.004,0.996,8,0,0.9821,0.9715,-11.345,8,0
7,1.0,0.1,2,8,0.2225,0.7775,23,0,0.2701,0.0912,-25.324,23,0
16,0.412,0.54,0,4,0.0,1.0,7,0,0.728,0.5656,-29.101,7,0
6,0.671,0.26,5,4,0.0011,0.9989,9,0,0.9224,0.8561,-2.867,9,0
3,0.0,0.07,5,0,1.0,0.0,3,1,0.2749,0.003,-23.274,1,1
10,1.0,0.31,4,4,0.345,0.655,7,0,0.2761,0.0091,-21.283,7,0
3,0.484,1.0,0,1,0.0,1.0,8,0,1.0,1.0,-20.753,8,0
27,0.831,0.85,1,4,0.0609,0.9391,8,0,0.4314,0.101,-36.919,8,0
18,1.0,1.0,0,4,0.0,1.0,7,0,0.4111,0.0608,-16.417,7,0
17,0.809,0.76,2,4,0.0318,0.9682,8,0,0.8796,0.8309,-13.281,8,0
14,1.0,1.0,4,4,0.0,1.0,9,0,0.99,0.98,18.877,9,0
4,1.0,0.07,4,4,0.0174,0.9826,7,0,0.5574,0.3108,-20.98,7,0
11,1.0,0.31,4,4,0.3285,0.6715,9,0,0.2866,0.0205,-21.522,9,0
3,0.0,0.87,5,0,1.0,0.0,1,1,0.8133,0.7321,-16.78,2,1
19,0.728,1.0,0,3,0.0,1.0,8,0,0.5869,0.2601,-9.089,8,0
1,1.0,1.0,5,8,0.552,0.448,4,1,0.4473,0.2892,-30.938,4,0
8,0.674,1.0,2,4,0.3044,0.6956,7,0,0.2879,0.077,-19.538,7,0
15,0.444,0.68,4,4,0.0,1.0,9,0,0.9983,0.9967,21.318,9,0
17,0.0,0.48,2,0,1.0,0.0,4,1,0.7533,0.5067,-17.854,2,1
4,1.0,0.87,4,4,0.1275,0.8725,9,0,0.8423,0.7758,-15.806,9,0
7,0.332,1.0,5,4,0.0309,0.9691,8,0,0.5483,0.2774,-4.504,9,1
12,0.806,0.14,4,4,0.2111,0.7889,7,0,0.5281,0.3656,-22.735,7,0
28,0.494,1.0,1,4,0.172,0.828,7,0,0.6674,0.4954,-39.339,7,0
20,0.447,0.56,0,4,0.0,1.0,8,0,0.7016,0.4557,-5.949,8,0
2,0.79,0.91,5,8,0.3236,0.6764,7,0,0.3074,0.1381,-28.955,7,0
8,0.0,0.5,2,0,1.0,0.0,3,1,0.8107,0.6214,-23.709,3,0
18,1.0,0.48,1,4,0.011,0.989,7,0,0.3187,0.0217,-12.171,7,0
16,0.164,0.32,4,4,0.0001,0.9999,9,0,0.9706,0.9559,25.031,9,0
5,0.662,0.57,4,4,0.2963,0.7037,9,0,0.5938,0.4248,-14.607,9,0
5,0.903,1.0,4,4,0.2252,0.7748,7,0,0.645,0.5663,-19.376,7,0
13,1.0,0.14,4,4,0.1547,0.8453,7,0,0.4953,0.2325,-22.338,7,0
7,0.0,1.0,5,0,1.0,0.0,4,1,0.7995,0.5996,1.212,4,0
29,0.069,1.0,1,4,0.2105,0.7895,7,0,0.4113,0.2008,-39.242,7,0
21,0.175,0.17,0,3,0.0,1.0,6,0,0.7991,0.6505,-1.229,6,0
3,0.068,0.41,5,8,0.4116,0.5884,5,1,0.2305,0.0015,-29.275,7,1
9,1.0,0.5,1,4,0.0465,0.9535,8,0,0.4484,0.0937,-18.051,8,0
19,1.0,0.14,1,4,0.0141,0.9859,8,0,0.5621,0.2524,-6.969,8,0
8,1.0,1.0,4,4,0.0,1.0,7,0,0.9999,0.9998,-0.366,7,0
6,0.299,0.11,4,4,0.3321,0.6679,9,0,0.3683,0.1311,-13.354,9,0
5,0.0,0.71,4,0,1.0,0.0,2,1,0.3764,0.1271,-16.772,4,1
14,0.796,0.14,4,4,0.1984,0.8016,7,0,0.5339,0.3655,-23.066,7,0
29,0.0,1.0,1,0,1.0,0.0,2,1,1.0,1.0,-38.419,2,0
4,0.244,0.31,5,8,0.0543,0.9457,22,0,0.3585,0.1071,-30.031,22,0
9,0.935,0.42,4,4,0.0,1.0,7,0,1.0,1.0,2.094,7,0
1,1.0,1.0,5,8,0.4902,0.5098,4,1,0.2472,0.1367,-28.947,4,0
6,1.0,0.71,3,4,0.3793,0.6207,8,0,0.2499,0.0445,-18.592,8,0
15,1.0,0.14,4,4,0.1433,0.8567,7,0,0.4925,0.2177,-22.675,7,0
30,1.0,1.0,0,4,0.0,1.0,6,0,0.3628,0.0001,-36.828,6,0
4,0.0,0.21,5,0,1.0,0.0,0,1,0.5816,0.3601,-15.282,1,1
22,0.175,1.0,0,4,0.0,1.0,8,0,0.8469,0.6945,5.318,8,0
10,0.504,1.0,1,4,0.0459,0.9541,7,0,0.376,0.1604,-18.379,9,1
7,0.359,1.0,4,4,0.0638,0.9362,6,0,0.5411,0.2845,-15.525,9,1
20,1.0,1.0,1,4,0.0003,0.9997,7,0,0.8424,0.7652,-3.268,7,0
10,1.0,0.92,4,4,0.0,1.0,8,0,0.9999,0.9998,7.033,8,0
2,0.169,1.0,5,8,0.2777,0.7223,8,0,0.1939,0.0403,-30.556,8,0
7,0.152,0.63,3,4,0.3269,0.6731,7,0,0.4385,0.2983,-20.966,7,0
16,1.0,0.14,4,4,0.133,0.867,7,0,0.4882,0.2016,-22.952,7,0
5,1.0,0.21,4,4,0.2364,0.7636,7,0,0.5425,0.4539,-19.772,7,0
31,0.709,0.6,0,4,0.0,1.0,6,0,0.3538,0.0004,-37.055,6,0
21,1.0,0.51,1,4,0.0,1.0,7,0,0.9916,0.9839,1.999,7,0
11,0.196,0.8,1,4,0.0429,0.9571,7,0,0.4855,0.2927,-19.287,9,1
7,0.0,0.87,4,0,1.0,0.0,3,1,0.5696,0.3791,-18.394,3,0
11,1.0,0.48,4,4,0.0,1.0,8,0,1.0,0.9999,9.458,8,0
7,0.0,0.45,3,0,1.0,0.0,1,1,0.6416,0.4428,-20.802,1,0
2,0.0,0.87,5,0,1.0,0.0,1,1,0.642,0.3988,-28.46,2,1
6,0.307,0.11,4,4,0.3114,0.6886,7,0,0.4684,0.3459,-23.489,7,0
17,0.819,0.14,4,4,0.1657,0.8343,7,0,0.5337,0.3321,-23.561,7,0
32,0.66,0.2,0,4,0.0,1.0,9,0,0.4758,0.2344,-37.037,9,0
22,1.0,0.02,1,4,0.0,1.0,7,0,1.0,1.0,4.927,7,0
1,1.0,1.0,5,8,0.0588,0.9412,25,0,0.4939,0.3065,-2.114,25,0
11,0.0,0.8,1,0,1.0,0.0,1,1,1.0,1.0,-23.406,1,0
8,1.0,0.87,3,4,0.0399,0.9601,8,0,0.9488,0.9097,-18.156,8,0
11,0.0,0.48,4,0,1.0,0.0,3,1,0.8993,0.7995,12.54,3,0
8,1.0,0.45,2,4,0.5482,0.4518,4,1,0.5315,0.3118,-22.035,4,0
3,1.0,0.87,4,8,0.1454,0.8546,8,0,0.2671,0.1142,-30.674,8,0
6,0.0,0.02,4,0,1.0,0.0,3,1,0.5916,0.3265,-19.648,2,1
18,0.611,0.14,4,4,0.2094,0.7906,7,0,0.5538,0.4397,-24.322,7,0
2,0.309,1.0,5,1,0.6754,0.3246,9,0,0.3246,0.0606,-11.601,5,1
12,1.0,0.8,0,4,0.0,1.0,8,0,0.4273,0.0793,-20.771,8,0
8,0.0,0.43,3,0,1.0,0.0,4,1,0.5981,0.3611,-16.671,4,0
12,1.0,0.48,3,4,0.0,1.0,8,0,0.9998,0.9997,12.208,8,0
9,1.0,1.0,2,4,0.334,0.666,1,1,0.2143,0.0013,-19.562,1,0
33,0.388,1.0,0,4,0.0,1.0,7,0,0.3306,0.0467,-36.994,7,0
23,0.682,0.44,1,4,0.0,1.0,7,0,0.9989,0.9977,2.215,7,0
19,0.435,0.14,4,4,0.2352,0.7648,7,0,0.5378,0.4347,-24.973,7,0
4,0.007,0.63,4,8,0.4034,0.5966,8,0,0.1583,0.0032,-32.632,8,0
7,1.0,0.02,3,4,0.0723,0.9277,7,0,0.6478,0.4685,-17.352,7,0
13,0.701,0.15,0,4,0.0,1.0,8,0,0.3798,0.0482,-19.69,8,0
9,1.0,0.43,2,4,0.3496,0.6504,5,1,0.3338,0.0797,-14.187,5,0
2,0.0,1.0,5,0,1.0,0.0,1,1,0.8473,0.7803,-9.062,1,0
10,1.0,1.0,2,4,0.276,0.724,6,0,0.416,0.2327,-22.259,6,0
20,0.755,0.14,4,3,0.7341,0.2659,2,1,0.3244,0.0671,-28.006,2,0
24,0.433,0.3,1,4,0.0,1.0,7,0,0.9999,0.9999,3.471,7,0
9,0.0,0.04,2,0,1.0,0.0,2,1,0.5769,0.1538,-15.549,4,1
4,0.0,0.38,4,0,1.0,0.0,5,1,0.4664,0.2103,-28.65,5,0
10,0.0,0.48,2,0,1.0,0.0,0,1,0.6206,0.2412,-23.613,0,0
3,1.0,1.0,4,4,0.3961,0.6039,4,1,0.2756,0.0667,-11.168,4,0
13,0.3,1.0,3,1,0.001,0.999,8,0,0.999,0.998,15.911,8,0
21,0.838,0.14,4,4,0.2681,0.7319,8,0,0.4658,0.3347,-27.589,8,0
1,1.0,1.0,5,8,0.2852,0.7148,24,0,0.5656,0.3706,-20.9,24,0
10,1.0,0.04,1,4,0.0038,0.9962,7,0,0.3578,0.0481,-12.438,7,0
14,0.395,1.0,0,4,0.0,1.0,7,0,0.3166,0.0061,-21.38,7,0
25,0.333,0.17,1,4,0.0,1.0,7,0,1.0,1.0,5.216,7,0
8,0.739,1.0,3,4,0.2269,0.7731,9,0,0.465,0.2422,-16.785,9,0
11,1.0,0.48,1,4,0.0466,0.9534,6,0,0.5075,0.3373,-18.601,6,0
5,1.0,0.38,3,8,0.1454,0.8546,8,0,0.3076,0.1028,-27.887,8,0
4,0.987,1.0,4,4,0.4433,0.5567,6,0,0.3668,0.0942,-12.657,6,0
13,0.0,0.91,3,0,1.0,0.0,5,1,0.9892,0.9789,17.068,5,0
2,0.871,0.9,5,4,0.3078,0.6922,8,0,0.6302,0.4589,-21.68,8,0
26,0.395,0.03,1,4,0.0,1.0,7,0,1.0,1.0,5.384,7,0
14,1.0,0.91,2,4,0.0,1.0,8,0,1.0,1.0,12.53,8,0
12,0.183,0.02,1,1,0.0331,0.9669,6,0,0.9669,0.9338,-23.409,6,0
9,0.366,1.0,3,4,0.5701,0.4299,4,1,0.4321,0.1283,-27.922,4,0
3,0.639,0.79,5,4,0.3624,0.6376,8,0,0.5628,0.3861,-22.236,8,0
5,0.893,0.56,4,4,0.3903,0.6097,6,0,0.4316,0.1765,-10.425,6,0
22,0.764,0.76,4,4,0.3952,0.6048,8,0,0.2604,0.0161,-25.435,8,0
11,0.589,1.0,1,4,0.8104,0.1896,4,1,0.8104,0.7138,-19.816,4,0
1,1.0,1.0,5,8,0.1234,0.8766,22,0,0.3728,0.1165,1.842,22,0
4,0.48,0.67,5,4,0.3748,0.6252,8,0,0.5438,0.3884,-22.338,8,0
15,0.332,0.37,2,4,0.0,1.0,8,0,1.0,1.0,14.823,8,0
9,0.0,1.0,3,0,1.0,0.0,3,1,0.3744,0.0572,-22.378,2,1
6,0.9,1.0,3,8,0.1365,0.8635,23,0,0.2746,0.0762,-23.984,23,0
6,0.78,0.29,4,4,0.3069,0.6931,6,0,0.4682,0.3162,-11.567,6,0
22,0.0,0.76,4,0,1.0,0.0,5,1,0.5005,0.1539,-28.607,5,0
12,0.467,0.84,1,4,0.0049,0.9951,7,0,0.5518,0.3116,-16.155,7,0
13,0.183,1.0,1,1,0.1287,0.8713,6,0,0.8713,0.7425,-22.93,6,0
5,0.311,0.56,5,4,0.4076,0.5924,8,0,0.4941,0.2976,-22.515,8,0
10,0.366,1.0,2,4,0.1425,0.8575,9,0,0.7166,0.6212,-22.56,9,0
7,0.631,1.0,3,3,0.3956,0.6044,7,0,0.3136,0.0077,-23.14,3,1
23,1.0,0.76,3,3,0.5278,0.4722,6,0,0.3002,0.0756,-31.921,6,0
1,1.0,1.0,5,8,0.0904,0.9096,9,0,0.3543,0.016,-24.904,9,0
2,0.634,1.0,5,1,0.0001,0.9999,6,0,0.9999,0.9999,5.068,6,0
12,0.0,0.68,1,0,1.0,0.0,2,1,1.0,1.0,-19.004,2,0
13,0.0,0.72,1,0,1.0,0.0,4,1,1.0,1.0,-20.959,4,0
6,0.159,0.45,5,4,0.4542,0.5458,8,0,0.3913,0.1706,-24.801,8,0
16,0.235,0.42,2,4,0.0,1.0,8,0,1.0,1.0,14.347,8,0
10,0.0,1.0,2,0,1.0,0.0,1,1,0.7429,0.4857,-21.746,1,0
8,0.272,0.22,3,4,0.6798,0.3202,3,1,0.6168,0.4928,-21.059,3,0
2,0.903,0.37,5,8,0.033,0.967,23,0,0.249,0.0071,-22.862,9,1
24,0.653,0.7,3,3,0.6,0.4,1,1,0.2457,0.0087,-31.945,6,1
13,0.589,0.68,0,4,0.0,1.0,7,0,0.4239,0.114,-23.228,7,0
7,0.75,1.0,4,4,0.3305,0.6695,6,0,0.311,0.0679,-6.583,6,0
14,1.0,0.72,0,4,0.0,1.0,6,0,0.6948,0.5219,-19.421,6,0
7,0.159,0.33,5,4,0.5272,0.4728,8,0,0.3086,0.024,-26.402,8,0
16,0.0,0.18,2,0,1.0,0.0,0,1,0.942,0.8841,17.098,0,0
11,1.0,1.0,1,4,0.1439,0.8561,7,0,0.7456,0.6017,-23.35,7,0
9,0.765,0.28,3,4,0.6079,0.3921,5,1,0.5723,0.3759,-23.111,5,0
25,1.0,0.58,3,4,0.4045,0.5955,7,0,0.333,0.0067,-28.787,7,0
3,0.025,1.0,5,1,0.0165,0.9835,6,0,0.9835,0.9751,14.223,6,0
8,0.183,0.55,4,4,0.124,0.876,6,0,0.5577,0.3173,-8.619,6,0
15,0.354,0.78,0,4,0.0,1.0,6,0,0.5091,0.2029,-22.512,6,0
8,0.159,0.21,5,4,0.5168,0.4832,8,0,0.3048,0.0099,-25.409,8,0
17,0.087,0.18,1,4,0.0,1.0,7,0,0.9612,0.9231,15.867,7,0
12,1.0,1.0,1,4,0.1436,0.8564,7,0,0.7458,0.6022,-23.405,7,0
10,0.031,0.34,3,3,0.3353,0.6647,9,0,0.3883,0.1558,-20.895,3,1
3,0.805,1.0,5,4,0.0796,0.9204,9,0,0.9146,0.8607,-24.597,9,0
1,1.0,1.0,5,8,0.1758,0.8242,7,0,0.4154,0.2041,-28.753,7,0
3,0.0,1.0,5,0,1.0,0.0,3,1,0.5752,0.1961,22.971,4,1
8,0.0,1.0,4,0,1.0,0.0,1,1,0.5423,0.3412,-11.748,1,0
9,0.159,0.1,5,4,0.524,0.476,3,1,0.3196,0.0437,-24.437,8,1
17,0.0,0.18,1,0,1.0,0.0,1,1,1.0,1.0,17.76,1,0
13,0.509,1.0,1,4,0.0653,0.9347,7,0,0.8205,0.7552,-25.105,7,0
10,0.0,0.4,3,0,1.0,0.0,3,1,0.7177,0.5738,-26.224,3,0
9,1.0,1.0,3,4,0.0686,0.9314,7,0,0.6816,0.5207,-13.857,7,0
18,1.0,0.18,0,4,0.0,1.0,8,0,1.0,1.0,20.5,8,0
26,0.799,0.88,3,1,0.1435,0.8565,7,0,0.8565,0.732,-29.966,7,0
4,1.0,1.0,4,4,0.0025,0.9975,8,0,0.6482,0.2991,23.182,8,0
10,1.0,0.1,5,4,0.5551,0.4449,4,1,0.4002,0.0974,-23.159,4,0
1,1.0,1.0,5,8,0.6263,0.3737,5,1,0.2624,0.0611,-20.908,5,0
2,0.27,1.0,5,8,0.2493,0.7507,23,0,0.3459,0.207,-28.695,23,0
14,0.57,1.0,1,4,0.0729,0.9271,7,0,0.8121,0.7393,-24.935,7,0
11,0.765,0.4,2,4,0.0788,0.9212,9,0,0.4671,0.2414,-26.579,9,0
4,0.708,1.0,5,4,0.0008,0.9992,9,0,0.9987,0.9981,-5.598,9,0
10,0.791,0.56,3,4,0.1392,0.8608,7,0,0.5904,0.4376,-11.675,7,0
5,0.382,0.61,4,4,0.0068,0.9932,8,0,0.948,0.911,25.437,9,1
11,1.0,0.1,5,4,0.1889,0.8111,8,0,0.7641,0.6922,-18.624,8,0
2,0.119,0.91,5,8,0.1886,0.8114,24,0,0.7364,0.6026,-17.876,24,0
2,0.0,0.91,5,0,1.0,0.0,5,1,0.5034,0.2643,-25.103,5,0
15,0.133,1.0,1,4,0.0445,0.9555,7,0,0.8183,0.7635,-26.512,7,0
4,0.0,0.01,5,0,1.0,0.0,4,1,0.9891,0.9818,7.497,4,0
11,0.582,0.15,3,4,0.3093,0.6907,7,0,0.3591,0.0996,-8.3,7,0
27,0.509,0.88,3,1,0.0438,0.9562,7,0,0.9562,0.9231,-29.615,7,0
5,0.0,0.61,4,0,1.0,0.0,4,1,0.5475,0.3191,23.794,4,0
12,1.0,0.02,5,4,0.1429,0.8571,8,0,0.8006,0.7495,-16.31,8,0
3,1.0,0.91,4,4,0.1672,0.8328,7,0,0.5907,0.4538,-24.355,7,0
2,0.119,0.53,5,0,1.0,0.0,1,1,0.444,0.1707,-16.642,2,1
12,0.503,1.0,2,1,0.3495,0.6505,9,0,0.6505,0.404,-30.709,9,0
1,1.0,1.0,5,8,0.1817,0.8183,24,0,0.2689,0.0244,-12.323,24,0
16,0.194,1.0,1,4,0.0458,0.9542,7,0,0.8236,0.7706,-26.247,7,0
5,0.878,0.01,4,4,0.0058,0.9942,9,0,0.3675,0.0119,6.54,9,0
27,0.0,0.38,3,0,1.0,0.0,3,1,0.9604,0.9223,-29.364,3,0
6,1.0,0.61,3,4,0.0044,0.9956,6,0,0.7765,0.6,22.931,6,0
3,0.534,0.43,5,4,0.1554,0.8446,6,0,0.7037,0.5962,-7.404,6,0
13,0.503,0.32,2,1,0.0278,0.9722,9,0,0.9722,0.9569,-19.988,9,0
2,0.55,0.38,5,4,0.3182,0.6818,6,0,0.3524,0.1705,-30.304,7,1
28,1.0,0.38,2,4,0.005,0.995,7,0,0.9873,0.9826,-31.147,7,0
12,0.373,1.0,3,4,0.0931,0.9069,7,0,0.6365,0.5275,-9.274,7,0
6,1.0,0.9,3,0,1.0,0.0,1,1,0.8735,0.7992,22.834,1,0
13,1.0,1.0,5,4,0.3606,0.6394,6,0,0.3129,0.0404,-10.099,6,0
16,0.0,1.0,1,0,1.0,0.0,2,1,1.0,1.0,-26.447,2,0
4,0.716,1.0,4,4,0.9003,0.0997,4,1,0.7661,0.6811,-29.317,4,0
17,1.0,1.0,0,4,0.0,1.0,7,0,0.5614,0.4034,-26.208,7,0
7,1.0,0.96,3,4,0.0138,0.9862,9,0,0.6985,0.4109,24.076,9,0
12,0.0,0.89,3,0,1.0,0.0,2,1,0.4836,0.1756,-3.908,2,0
29,0.707,0.08,2,4,0.0006,0.9994,7,0,0.9971,0.995,-31.423,7,0
6,0.878,1.0,4,1,0.4679,0.5321,9,0,0.5321,0.2426,0.724,9,0
4,0.534,1.0,5,1,0.7807,0.2193,0,1,0.5125,0.2931,-23.351,6,1
14,0.503,1.0,2,1,0.1368,0.8632,9,0,0.8632,0.7377,-14.576,9,0
3,0.55,1.0,5,4,0.0187,0.9813,8,0,0.6137,0.413,-21.094,8,0
14,0.12,1.0,5,4,0.3683,0.6317,6,0,0.2885,0.1354,-12.36,9,1
5,0.565,0.91,4,4,0.0546,0.9454,6,0,0.8742,0.8233,-27.386,6,0
18,0.219,1.0,0,4,0.0,1.0,7,0,0.6896,0.5556,-29.306,7,0
13,1.0,0.89,2,4,0.0,1.0,8,0,1.0,1.0,-4.223,8,0
8,0.593,0.26,3,4,0.0003,0.9997,8,0,0.9987,0.9977,29.804,8,0
7,0.878,0.45,4,1,0.0327,0.9673,9,0,0.9673,0.9505,4.559,9,0
5,0.608,1.0,5,4,0.4962,0.5038,3,1,0.2061,0.0156,-21.601,6,1
14,0.0,1.0,5,0,1.0,0.0,1,1,0.4649,0.1376,-11.443,1,0
6,0.148,0.41,4,4,0.0056,0.9944,7,0,0.6619,0.3363,-28.251,7,0
14,0.0,1.0,2,0,1.0,0.0,2,1,0.7168,0.4337,-15.602,2,0
3,0.0,0.91,5,0,1.0,0.0,5,1,0.3644,0.0089,-22.021,5,0
30,0.325,0.88,2,4,0.6309,0.3691,5,1,0.5936,0.2975,-33.71,5,0
15,1.0,1.0,4,4,0.7328,0.2672,0,1,0.3592,0.0839,-21.651,0,0
6,0.403,1.0,5,4,0.8381,0.1619,1,1,0.5924,0.4788,-20.777,1,0
9,0.593,0.61,3,4,0.0017,0.9983,8,0,0.9955,0.9927,35.325,8,0
15,1.0,1.0,1,4,0.0394,0.9606,7,0,0.3982,0.0757,-14.061,7,0
6,0.0,0.31,4,0,1.0,0.0,2,1,0.6003,0.3773,-27.381,3,1
4,1.0,0.91,4,4,0.007,0.993,9,0,0.9009,0.8314,-20.464,9,0
14,0.9,1.0,2,4,0.0054,0.9946,9,0,0.9593,0.9258,-5.57,9,0
8,0.878,1.0,4,1,0.1168,0.8832,9,0,0.8832,0.7779,15.991,9,0
31,0.324,0.88,2,3,0.0398,0.9602,6,0,0.9429,0.9038,-33.27,6,0
1,1.0,1.0,5,8,0.3954,0.6046,23,0,0.169,0.0396,-20.488,23,0
16,0.159,1.0,4,4,0.1317,0.8683,9,0,0.3905,0.085,-22.179,6,1
6,0.0,1.0,5,0,1.0,0.0,4,1,0.4907,0.2799,-26.152,5,1
7,1.0,0.31,3,4,0.7511,0.2489,3,1,0.4591,0.1784,-24.247,3,0
10,0.593,0.38,3,4,0.0004,0.9996,8,0,0.999,0.9984,38.113,8,0
16,0.826,1.0,1,4,0.0344,0.9656,8,0,0.3985,0.0381,-11.533,8,0
15,0.8,0.52,2,4,0.0075,0.9925,9,0,0.6625,0.4647,-9.402,9,0
31,0.0,0.88,2,0,1.0,0.0,3,1,0.8982,0.7964,-30.615,3,0
1,1.0,0.95,5,0,1.0,0.0,1,1,0.3372,0.0613,-15.825,1,0
9,0.421,0.57,4,1,0.9345,0.0655,3,1,0.9203,0.8548,16.025,9,1
7,1.0,1.0,4,4,0.4208,0.5792,8,0,0.34,0.0634,-26.39,8,0
17,0.159,1.0,4,4,0.1439,0.8561,9,0,0.3918,0.0978,-19.379,6,1
5,0.022,1.0,4,4,0.512,0.488,4,1,0.2806,0.0558,-23.383,6,1
17,0.659,1.0,1,4,0.0338,0.9662,7,0,0.4103,0.0276,-13.146,8,1
15,0.0,0.07,2,0,1.0,0.0,3,1,0.7317,0.4635,-8.37,3,0
8,0.744,0.21,3,4,0.0335,0.9665,6,0,0.6799,0.4898,-24.351,6,0
10,0.0,0.15,3,0,1.0,0.0,5,1,0.6694,0.3661,36.54,4,1
10,0.589,0.63,4,4,0.0,1.0,9,0,1.0,1.0,13.134,9,0
8,0.887,0.21,4,4,0.1475,0.8525,8,0,0.6953,0.5768,-17.025,8,0
32,0.325,0.88,1,4,0.0908,0.9092,7,0,0.7792,0.6884,-32.433,7,0
2,0.904,0.95,5,4,0.0709,0.9291,8,0,0.9268,0.8993,-19.806,8,0
6,0.167,1.0,4,4,0.1463,0.8537,9,0,0.4116,0.0346,-27.604,9,0
16,0.875,0.07,1,4,0.1254,0.8746,9,0,0.3613,0.1251,-5.769,9,0
18,0.159,1.0,4,4,0.1437,0.8563,9,0,0.3959,0.105,-19.549,6,1
18,0.462,1.0,1,4,0.0292,0.9708,7,0,0.4376,0.0733,-10.697,8,1
11,1.0,0.15,2,4,0.0,1.0,8,0,1.0,1.0,41.861,8,0
33,0.177,0.63,1,4,0.0212,0.9788,7,0,0.9236,0.8939,-32.57,7,0
3,0.478,0.11,5,4,0.001,0.999,8,0,0.9989,0.9986,-16.09,8,0
19,0.159,1.0,4,4,0.1436,0.8564,9,0,0.3999,0.1122,-19.72,6,1
6,0.0,1.0,4,0,1.0,0.0,3,1,0.5834,0.3116,-24.691,3,0
17,0.75,0.13,1,4,0.0633,0.9367,7,0,0.3936,0.06,-3.988,7,0
19,0.17,1.0,1,4,0.0196,0.9804,7,0,0.4674,0.1766,-9.098,8,1
9,0.231,1.0,3,4,0.0273,0.9727,7,0,0.7337,0.5072,-25.599,7,0
11,0.464,1.0,4,4,0.0001,0.9999,8,0,0.9999,0.9998,11.272,8,0
9,0.887,1.0,4,4,0.164,0.836,8,0,0.4101,0.1924,-18.068,8,0
33,0.0,0.63,1,0,1.0,0.0,4,1,1.0,1.0,-29.338,4,0
7,1.0,1.0,3,4,0.089,0.911,9,0,0.7253,0.5654,-26.157,9,0
4,0.54,0.83,5,4,0.7485,0.2515,4,1,0.2669,0.0719,-20.024,8,1
20,0.159,1.0,4,4,0.1633,0.8367,9,0,0.3353,0.0002,-20.546,6,1
18,0.522,0.13,1,4,0.071,0.929,7,0,0.3762,0.0756,-4.422,8,1
34,1.0,0.63,0,4,0.0,1.0,7,0,0.8934,0.8229,-30.972,7,0
9,0.0,0.65,3,0,1.0,0.0,1,1,0.538,0.1298,-28.722,5,1
12,0.472,1.0,2,4,0.4252,0.5748,8,0,0.5356,0.1106,32.862,8,0
19,0.0,1.0,1,0,1.0,0.0,0,1,1.0,1.0,-14.273,0,0
11,0.0,0.61,4,0,1.0,0.0,4,1,1.0,0.9999,16.787,4,0
5,1.0,0.7,5,4,0.0069,0.9931,7,0,0.9799,0.9709,-10.09,7,0
10,0.332,0.73,4,4,0.3213,0.6787,8,0,0.4035,0.2354,-19.777,8,0
21,0.159,1.0,4,4,0.1635,0.8365,9,0,0.3373,0.0044,-20.762,6,1
10,1.0,0.65,2,4,0.7769,0.2231,5,1,0.7638,0.6916,-25.68,5,0
35,1.0,0.61,0,4,0.0,1.0,7,0,0.7293,0.4661,-33.694,7,0
19,0.256,0.07,1,4,0.0726,0.9274,8,0,0.3641,0.0932,-2.765,8,0
13,0.022,0.84,2,4,0.2572,0.7428,8,0,0.7036,0.4482,30.948,8,0
20,1.0,1.0,0,4,0.0,1.0,8,0,0.7582,0.5814,-17.434,8,0
12,0.299,0.61,3,4,0.0,1.0,9,0,0.9889,0.9778,16.981,9,0
22,0.159,1.0,4,4,0.1637,0.8363,9,0,0.3392,0.0086,-20.98,6,1
10,0.0,0.45,4,0,1.0,0.0,5,1,0.4806,0.2088,-19.875,5,0
8,0.426,1.0,3,4,0.3085,0.6915,7,0,0.3837,0.0895,-17.04,9,1
11,0.446,0.71,2,4,0.0822,0.9178,9,0,0.3416,0.1041,-24.262,6,1
36,0.398,0.33,0,3,0.0,1.0,9,0,0.6076,0.3056,-37.51,9,0
13,0.0,0.59,2,0,1.0,0.0,4,1,0.9947,0.9894,40.216,4,0
21,0.744,1.0,0,4,0.0,1.0,8,0,0.7133,0.5498,-21.302,8,0
6,1.0,1.0,5,4,0.1032,0.8968,7,0,0.8446,0.7946,-15.077,7,0
23,0.159,1.0,4,4,0.144,0.856,6,0,0.3442,0.006,-24.218,6,0
11,0.119,0.45,3,4,0.1902,0.8098,8,0,0.3385,0.1609,-26.919,8,0
12,0.0,0.85,3,0,1.0,0.0,5,1,0.8917,0.7834,16.915,5,0
8,0.0,1.0,3,0,1.0,0.0,1,1,0.5049,0.2535,-14.698,2,1
12,0.05,0.09,2,4,0.0515,0.9485,7,0,0.3744,0.0739,-26.63,7,0
14,1.0,0.59,1,4,0.0018,0.9982,7,0,0.788,0.6462,38.047,7,0
20,0.256,1.0,1,4,0.1013,0.8987,8,0,0.4849,0.2585,-6.804,8,0
22,0.808,1.0,0,4,0.0,1.0,8,0,0.7121,0.5418,-20.853,8,0
7,0.594,0.53,5,4,0.1118,0.8882,7,0,0.8269,0.7415,-12.108,7,0
13,0.877,0.85,2,4,0.0,1.0,8,0,0.8366,0.6731,18.357,8,0
9,1.0,1.0,2,4,0.1068,0.8932,8,0,0.5569,0.2801,-11.571,8,0
24,0.159,0.1,4,4,0.0808,0.9192,9,0,0.5861,0.4227,-16.137,6,1
11,0.119,0.31,3,0,1.0,0.0,2,1,0.4174,0.0271,-23.838,3,1
12,0.0,0.0,2,0,1.0,0.0,1,1,0.9546,0.9091,-28.656,1,0
1,1.0,1.0,5,8,0.1049,0.8951,7,0,0.7403,0.6725,-13.399,7,0
20,0.0,1.0,1,0,1.0,0.0,5,1,1.0,1.0,-5.616,5,0
23,0.872,1.0,0,4,0.0,1.0,8,0,0.7085,0.5301,-20.431,8,0
12,0.559,0.37,3,4,0.1133,0.8867,7,0,0.7899,0.7078,-29.156,7,0
25,0.159,0.1,4,4,0.081,0.919,9,0,0.5844,0.4197,-16.206,6,1
13,1.0,1.0,1,4,0.0259,0.9741,7,0,0.5753,0.2381,-17.294,7,0
15,0.815,1.0,1,1,0.009,0.991,7,0,0.991,0.9821,43.821,7,0
2,0.47,0.33,5,8,0.0583,0.9417,7,0,0.6739,0.58,-12.299,7,0
21,0.875,1.0,0,4,0.0,1.0,8,0,0.4889,0.2169,-12.145,8,0
1,1.0,1.0,5,8,0.2938,0.7062,7,0,0.1751,0.0117,-25.293,7,0
24,0.384,1.0,0,4,0.0,1.0,8,0,0.6104,0.4175,-23.156,8,0
8,0.218,0.11,5,4,0.0,1.0,7,0,1.0,1.0,-8.873,7,0
26,0.159,0.1,4,4,0.0812,0.9188,9,0,0.5824,0.4162,-16.277,6,1
14,0.017,1.0,1,4,0.0217,0.9783,7,0,0.7811,0.6738,-29.375,7,0
16,0.349,0.44,1,1,0.0,1.0,7,0,1.0,1.0,46.559,7,0
10,0.9,1.0,2,4,0.0267,0.9733,8,0,0.9081,0.8429,0.505,8,0
2,0.369,0.87,5,6,0.8644,0.1356,5,1,0.7298,0.6647,-24.101,5,0
22,0.162,1.0,0,4,0.0,1.0,8,0,0.4872,0.1929,-14.579,8,0
8,0.0,0.11,5,0,1.0,0.0,3,1,0.9491,0.9198,1.13,3,0
13,0.509,1.0,3,4,0.2978,0.7022,9,0,0.3624,0.0732,-27.24,9,0
27,0.159,0.1,4,4,0.0816,0.9184,9,0,0.5798,0.4121,-16.349,6,1
15,0.122,1.0,1,4,0.022,0.978,7,0,0.786,0.6855,-28.253,8,1
11,0.509,0.4,2,4,0.013,0.987,8,0,0.9828,0.9699,5.173,8,0
1,1.0,1.0,5,8,0.0561,0.9439,23,0,0.7825,0.6572,-31.763,23,0
3,0.169,1.0,5,8,0.5515,0.4485,5,1,0.2683,0.1085,-9.215,25,1
3,0.651,0.87,5,8,0.0907,0.9093,25,0,0.4457,0.2794,-26.688,25,0
9,1.0,0.11,4,4,0.0,1.0,6,0,0.7938,0.6897,5.355,6,0
28,0.159,0.1,4,4,0.082,0.918,9,0,0.5768,0.4073,-16.424,6,1
13,0.0,0.86,3,0,1.0,0.0,5,1,0.8335,0.7046,-33.254,5,0
16,0.224,1.0,1,4,0.0236,0.9764,7,0,0.7781,0.6816,-26.872,8,1
2,0.785,1.0,5,4,0.1196,0.8804,7,0,0.8718,0.8157,-24.303,7,0
4,0.728,1.0,5,8,0.2616,0.7384,8,0,0.4323,0.2549,-10.967,24,1
14,0.119,0.86,2,4,0.1579,0.8421,7,0,0.3932,0.0909,-32.302,6,1
29,0.159,0.1,4,4,0.0943,0.9057,9,0,0.5499,0.3699,-15.34,6,1
17,0.212,1.0,1,4,0.026,0.974,7,0,0.774,0.68,-26.879,8,1
12,0.136,1.0,2,4,0.0,1.0,8,0,1.0,1.0,22.005,8,0
1,1.0,1.0,5,8,0.6929,0.3071,4,1,0.6108,0.5368,-32.604,4,0
3,0.378,0.84,5,4,0.4023,0.5977,7,0,0.559,0.3397,-24.424,7,0
14,0.0,0.86,2,0,1.0,0.0,0,1,0.5446,0.0893,-34.885,3,1
4,0.302,1.0,5,4,0.2456,0.7544,7,0,0.4937,0.2811,-24.308,7,0
10,1.0,1.0,4,4,0.0,1.0,6,0,0.9991,0.9983,8.891,6,0
5,0.376,0.85,5,8,0.451,0.549,8,0,0.3595,0.0368,-13.34,24,1
12,0.0,1.0,2,0,1.0,0.0,5,1,0.9834,0.9667,12.165,5,0
30,0.159,0.1,4,4,0.0949,0.9051,9,0,0.5464,0.3657,-15.424,6,1
18,0.215,1.0,1,4,0.029,0.971,7,0,0.764,0.6724,-26.687,8,1
2,0.616,1.0,5,8,0.0881,0.9119,22,0,0.3779,0.1782,-32.521,22,0
3,0.0,0.72,5,0,1.0,0.0,1,1,0.6126,0.4676,-24.612,1,0
4,0.0,0.9,5,0,1.0,0.0,2,1,0.4997,0.277,-23.91,2,0
10,0.0,0.38,4,0,1.0,0.0,2,1,0.7899,0.6602,11.539,1,1
15,0.608,0.86,1,4,0.2122,0.7878,7,0,0.316,0.0767,-37.698,7,0
6,0.013,0.7,5,8,0.5221,0.4779,2,1,0.4096,0.1309,-16.527,24,1
13,0.022,1.0,1,4,0.0,1.0,6,0,0.9788,0.9605,20.237,6,0
31,0.159,0.1,4,4,0.0956,0.9044,9,0,0.5425,0.3608,-15.512,6,1
19,0.203,1.0,1,4,0.0324,0.9676,7,0,0.7535,0.6568,-26.701,8,1
1,1.0,1.0,5,8,0.4126,0.5874,8,0,0.2084,0.0043,-29.282,8,0
15,0.0,0.86,1,0,1.0,0.0,3,1,1.0,1.0,-34.61,3,0
4,1.0,0.72,4,4,0.6365,0.3635,5,1,0.2361,0.0491,-26.172,5,0
5,1.0,0.9,4,4,0.4222,0.5778,7,0,0.2341,0.0457,-23.547,7,0
11,0.875,0.38,3,4,0.0,1.0,8,0,0.9999,0.9998,15.89,8,0
7,0.788,0.88,5,8,0.2853,0.7147,22,0,0.2286,0.0458,-19.167,22,0
32,0.159,0.1,4,4,0.0964,0.9036,9,0,0.5382,0.3554,-15.603,6,1
3,0.677,1.0,5,4,0.3553,0.6447,7,0,0.3825,0.1864,-24.663,7,0
13,0.0,1.0,1,0,1.0,0.0,2,1,1.0,1.0,17.126,2,0
20,0.169,1.0,1,4,0.0354,0.9646,7,0,0.7481,0.6458,-27.061,8,1
16,0.403,0.86,0,4,0.0,1.0,7,0,0.482,0.1571,-37.675,7,0
2,0.555,0.25,5,8,0.3106,0.6894,23,0,0.2547,0.0856,-26.068,22,1
5,0.94,0.72,4,4,0.4955,0.5045,8,0,0.3215,0.1568,-25.618,8,0
6,0.682,0.58,4,4,0.4595,0.5405,7,0,0.1849,0.0053,-23.765,6,1
11,0.0,0.28,3,0,1.0,0.0,1,1,0.7731,0.6394,7.165,1,0
14,1.0,1.0,0,4,0.0,1.0,9,0,0.9658,0.9472,17.962,9,0
8,0.727,0.63,5,4,0.0761,0.9239,7,0,0.577,0.33,-20.954,7,0
33,0.159,0.1,4,4,0.0972,0.9028,9,0,0.5334,0.3493,-15.698,6,1
4,0.145,0.78,5,4,0.3913,0.6087,6,0,0.2617,0.0801,-28.566,7,1
21,0.262,1.0,1,3,0.0067,0.9933,6,0,0.6384,0.3931,-27.675,6,0
12,0.416,0.28,2,4,0.0156,0.9844,6,0,0.4528,0.2102,4.612,6,0
6,0.454,0.15,4,4,0.5753,0.4247,4,1,0.2823,0.0447,-24.652,8,1
7,0.396,0.18,4,4,0.3779,0.6221,7,0,0.289,0.0602,-23.738,6,1
9,0.343,0.63,5,4,0.4685,0.5315,7,0,0.2589,0.0188,-18.79,7,0
34,0.159,0.1,4,4,0.0982,0.9018,9,0,0.5282,0.3426,-15.797,6,1
15,0.71,0.33,0,1,0.0,1.0,9,0,1.0,1.0,12.83,9,0
4,0.0,0.78,5,0,1.0,0.0,1,1,0.641,0.445,-35.624,1,0
21,0.0,0.65,1,0,1.0,0.0,2,1,1.0,1.0,-29.492,2,0
3,0.457,1.0,5,4,0.8599,0.1401,1,1,0.7603,0.676,-15.179,1,0
1,1.0,1.0,5,8,0.1759,0.8241,22,0,0.4084,0.306,0.178,22,0
12,0.0,0.18,2,0,1.0,0.0,5,1,0.8375,0.6751,4.836,0,1
7,0.845,0.08,4,4,0.0555,0.9445,7,0,0.6628,0.4084,-20.995,7,0
9,0.0,0.57,5,0,1.0,0.0,1,1,0.2982,0.0387,-22.117,1,0
35,0.159,0.1,4,4,0.0872,0.9128,9,0,0.5416,0.3569,-16.977,6,1
5,1.0,0.78,4,4,0.0059,0.9941,7,0,0.9583,0.9271,-29.413,7,0
22,1.0,0.65,0,4,0.0,1.0,7,0,0.9284,0.861,-23.273,7,0
4,0.707,1.0,5,4,0.2939,0.7061,8,0,0.6049,0.5153,-15.645,8,0
2,0.78,0.74,5,4,0.4954,0.5046,7,0,0.2122,0.0336,-0.195,7,0
13,0.876,0.18,1,4,0.0642,0.9358,9,0,0.3782,0.1263,0.279,9,0
10,1.0,0.57,4,4,0.3875,0.6125,6,0,0.3195,0.0885,-22.023,6,0
8,0.102,1.0,4,4,0.87,0.13,4,1,0.5,0.3234,-20.299,0,1
1,1.0,1.0,5,8,0.015,0.985,24,0,0.8944,0.8102,-30.523,24,0
36,0.159,0.1,4,4,0.1003,0.8997,9,0,0.5166,0.3273,-16.007,6,1
6,0.634,0.07,4,4,0.0246,0.9754,7,0,0.9692,0.9538,-31.629,7,0
23,0.225,0.11,0,4,0.0,1.0,7,0,0.9299,0.8743,-28.878,7,0
5,0.266,0.58,5,4,0.6661,0.3339,3,1,0.2322,0.0204,-16.12,8,1
3,0.557,0.68,5,4,0.5132,0.4868,7,0,0.1912,0.0063,-0.996,7,0
13,0.0,0.18,1,0,1.0,0.0,0,1,1.0,1.0,-4.921,0,0
8,0.41,0.88,4,4,0.039,0.961,7,0,0.674,0.4171,-19.688,9,1
11,0.883,0.25,4,4,0.3404,0.6596,6,0,0.2701,0.0265,-22.119,6,0
2,0.939,0.57,5,4,0.013,0.987,8,0,0.986,0.9771,-33.884,8,0
9,0.647,1.0,4,4,0.0,1.0,8,0,1.0,1.0,-18.81,8,0
37,0.159,0.1,4,4,0.1015,0.8985,9,0,0.5102,0.3188,-16.119,6,1
6,0.874,0.64,5,4,0.1891,0.8109,8,0,0.6383,0.4953,-17.136,8,0
4,0.343,0.63,5,4,0.5447,0.4553,4,1,0.2217,0.0148,-1.373,7,1
14,0.876,0.18,0,4,0.0,1.0,8,0,0.4664,0.1923,-2.305,8,0
3,0.795,0.68,5,4,0.2086,0.7914,8,0,0.7582,0.6074,-30.294,8,0
8,0.0,0.94,4,0,1.0,0.0,1,1,0.4752,0.2311,-19.564,2,1
10,0.647,0.41,4,4,0.1301,0.8699,8,0,0.8593,0.7547,-17.558,8,0
38,0.159,0.1,4,4,0.1028,0.8972,9,0,0.5035,0.3097,-16.235,6,1
7,0.634,1.0,4,4,0.6065,0.3935,7,0,0.3205,0.0602,-34.215,3,1
24,0.284,1.0,0,4,0.0,1.0,7,0,0.7236,0.4581,-26.347,7,0
6,0.0,0.43,5,0,1.0,0.0,1,1,0.6358,0.3951,-15.598,2,1
5,0.835,0.69,5,4,0.1498,0.8502,6,0,0.7536,0.6877,-3.678,6,0
9,1.0,0.94,3,4,0.2987,0.7013,6,0,0.3884,0.1554,-21.439,6,0
12,0.848,1.0,4,4,0.2992,0.7008,8,0,0.555,0.3694,-24.619,8,0
4,0.633,1.0,5,4,0.346,0.654,8,0,0.3634,0.122,-37.522,8,0
39,0.159,0.1,4,4,0.0918,0.9082,9,0,0.511,0.3154,-17.305,6,1
7,0.0,0.88,4,0,1.0,0.0,5,1,0.3402,0.0664,-40.273,2,1
7,0.266,0.43,4,4,0.3081,0.6919,7,0,0.2544,0.003,-17.323,8,1
6,0.513,0.49,5,4,0.1588,0.8412,6,0,0.7327,0.6584,-3.219,6,0
10,0.055,1.0,3,1,0.6065,0.3935,6,0,0.3935,0.0004,-24.429,6,0
15,0.876,1.0,0,4,0.0,1.0,7,0,0.9888,0.9812,5.037,7,0
13,0.042,0.95,4,4,0.6206,0.3794,0,1,0.2718,0.0304,-27.525,8,1
11,0.08,1.0,4,4,0.2745,0.7255,8,0,0.7166,0.596,-14.929,8,0
1,1.0,1.0,5,8,0.0002,0.9998,22,0,0.9853,0.9764,-11.486,22,0
5,0.057,1.0,5,4,0.554,0.446,5,1,0.3529,0.1505,-35.857,8,1
8,1.0,0.88,3,4,0.0669,0.9331,7,0,0.8983,0.862,-25.307,7,0
8,0.266,0.38,4,4,0.2918,0.7082,8,0,0.2759,0.0318,-17.086,8,0
7,0.179,0.29,5,4,0.2548,0.7452,6,0,0.626,0.5043,-3.947,6,0
10,0.0,0.29,3,0,1.0,0.0,5,1,0.6962,0.471,-22.982,2,1
16,0.54,0.52,0,4,0.0,1.0,7,0,0.9914,0.9883,8.704,7,0
13,0.0,1.0,4,0,1.0,0.0,3,1,0.6515,0.4375,-28.917,3,0
11,0.0,0.98,4,0,1.0,0.0,3,1,0.6194,0.2877,-19.313,3,0
40,0.063,1.0,4,4,0.0509,0.9491,6,0,0.6059,0.4019,-22.704,6,0
2,0.703,0.63,5,4,0.2757,0.7243,8,0,0.5873,0.4316,-19.7,8,0
6,0.704,1.0,5,4,0.4341,0.5659,9,0,0.3483,0.1528,-37.462,9,0
9,0.777,0.61,3,4,0.0732,0.9268,7,0,0.9073,0.8529,-24.594,7,0
7,0.0,0.08,5,0,1.0,0.0,3,1,0.2998,0.0031,-10.932,1,1
11,0.454,0.29,2,4,0.1089,0.8911,9,0,0.5771,0.3851,-21.89,9,0
14,1.0,1.0,3,4,0.185,0.815,9,0,0.4122,0.0502,-26.04,9,0
12,1.0,0.98,3,4,0.0224,0.9776,8,0,0.5317,0.2802,-16.043,8,0
17,0.189,0.28,0,4,0.0,1.0,7,0,0.9933,0.9896,8.543,7,0
40,0.0,1.0,4,0,1.0,0.0,5,1,0.3357,0.0154,-16.011,3,1
7,0.01,1.0,5,4,0.5243,0.4757,3,1,0.1804,0.0221,-34.49,9,1
2,0.0,0.53,5,0,1.0,0.0,1,1,0.6084,0.377,-19.602,1,0
10,0.387,0.33,3,4,0.17,0.83,7,0,0.7968,0.6851,-26.124,7,0
9,0.266,1.0,4,4,0.7696,0.2304,4,1,0.5875,0.4318,-19.866,4,0
8,1.0,0.08,4,4,0.0443,0.9557,6,0,0.7308,0.6184,-3.647,6,0
41,1.0,1.0,3,4,0.0239,0.9761,6,0,0.8247,0.7173,-15.71,6,0
12,0.648,0.48,3,0,1.0,0.0,0,1,0.5384,0.1184,-16.068,1,1
3,1.0,0.53,4,4,0.0285,0.9715,8,0,0.7007,0.4362,-17.556,8,0
8,0.827,1.0,5,4,0.3475,0.6525,7,0,0.1962,0.0369,-32.854,6,1
11,0.143,0.08,3,4,0.1442,0.8558,7,0,0.8194,0.7481,-25.933,7,0
10,0.746,1.0,4,4,0.2101,0.7899,9,0,0.7642,0.5603,-17.261,9,0
12,0.585,0.88,2,4,0.4703,0.5297,3,1,0.434,0.2053,-22.911,3,0
13,0.245,0.48,3,4,0.0149,0.9851,7,0,0.9043,0.8549,-14.915,8,1
42,0.28,0.03,3,4,0.0082,0.9918,6,0,0.875,0.7913,-10.779,6,0
15,0.556,1.0,3,1,0.6066,0.3934,9,0,0.3934,0.0221,-19.027,9,0
18,0.189,1.0,0,4,0.0,1.0,7,0,0.6481,0.4666,1.793,7,0
9,0.476,1.0,5,4,0.2891,0.7109,9,0,0.1989,0.0225,-31.866,7,1
11,0.808,0.25,4,4,0.012,0.988,8,0,0.5623,0.1366,-11.01,9,1
9,1.0,1.0,4,1,0.7116,0.2884,1,1,0.2899,0.0015,0.83,1,0
13,0.838,0.94,2,4,0.0272,0.9728,8,0,0.7643,0.675,-21.972,8,0
13,0.0,0.4,3,0,1.0,0.0,3,1,0.8973,0.8225,-15.073,3,0
42,0.0,0.03,3,0,1.0,0.0,2,1,0.5801,0.3538,-11.464,3,1
10,0.649,1.0,5,4,0.324,0.676,7,0,0.184,0.0097,-32.285,6,1
15,0.0,1.0,3,0,1.0,0.0,5,1,0.4874,0.2162,-19.056,1,1
19,0.01,0.96,0,4,0.0,1.0,7,0,0.578,0.3416,-3.626,7,0
4,1.0,1.0,4,4,0.5889,0.4111,4,1,0.3413,0.153,-21.298,4,0
12,0.143,1.0,3,4,0.0001,0.9999,6,0,0.9936,0.9882,-21.578,6,0
11,0.808,0.0,4,0,1.0,0.0,5,1,0.8285,0.6804,-8.086,5,0
10,0.738,0.91,4,4,0.1819,0.8181,7,0,0.7014,0.5964,-3.664,7,0
14,0.679,0.79,2,4,0.0324,0.9676,8,0,0.736,0.6277,-22.01,8,0
14,0.648,0.4,2,4,0.0069,0.9931,6,0,0.569,0.2139,-12.168,6,0
11,0.306,1.0,5,4,0.3109,0.6891,9,0,0.2238,0.0648,-31.708,7,1
43,1.0,0.03,2,4,0.0094,0.9906,6,0,0.9396,0.9031,-15.233,6,0
16,0.013,1.0,2,4,0.1355,0.8645,7,0,0.5382,0.3166,-20.128,8,1
5,0.817,1.0,4,4,0.198,0.802,7,0,0.4094,0.1537,-19.825,7,0
11,0.461,0.81,4,4,0.2923,0.7077,7,0,0.5736,0.371,-1.456,7,0
15,0.533,0.63,2,4,0.0402,0.9598,8,0,0.6826,0.5306,-22.003,8,0
11,0.0,1.0,5,0,1.0,0.0,5,1,0.3039,0.0416,-34.709,2,1
1,1.0,1.0,5,8,0.1244,0.8756,7,0,0.6284,0.5419,-24.987,7,0
44,1.0,0.84,2,4,0.0591,0.9409,6,0,0.8047,0.7183,-22.252,6,0
16,0.0,0.65,2,0,1.0,0.0,4,1,0.7514,0.5029,-14.598,1,1
13,0.143,1.0,3,4,0.0,1.0,7,0,1.0,1.0,-5.787,7,0
12,0.941,1.0,4,4,0.0,1.0,8,0,0.9995,0.9989,-9.872,8,0
6,0.414,0.35,4,4,0.124,0.876,6,0,0.7376,0.6552,-15.322,6,0
12,0.292,0.71,4,4,0.3767,0.6233,7,0,0.4966,0.2286,-1.242,7,0
16,0.361,0.45,2,4,0.0542,0.9458,8,0,0.5736,0.3303,-22.041,8,0
15,0.282,1.0,2,4,0.0,1.0,7,0,1.0,1.0,0.358,7,0
12,0.01,1.0,4,4,0.3338,0.6662,7,0,0.3445,0.1663,-33.966,7,0
2,0.312,0.59,5,8,0.2728,0.7272,7,0,0.3515,0.0642,-25.294,7,0
45,0.561,0.39,2,4,0.0654,0.9346,6,0,0.785,0.6707,-20.54,6,0
17,1.0,0.65,1,4,0.0114,0.9886,9,0,0.6049,0.2872,-12.23,9,0
13,0.0,0.69,3,0,1.0,0.0,3,1,0.9999,0.9999,-6.577,3,0
7,0.734,0.35,4,4,0.0716,0.9284,6,0,0.6239,0.3879,-11.372,7,1
13,0.144,0.62,4,4,0.4485,0.5515,7,0,0.4142,0.0873,-1.128,7,0
12,0.0,1.0,4,0,1.0,0.0,4,1,0.4814,0.2638,-30.079,2,1
17,0.202,0.27,2,4,0.0761,0.9239,8,0,0.4262,0.0824,-22.055,8,0
15,0.0,0.24,2,0,1.0,0.0,1,1,0.9721,0.9442,11.124,1,0
2,0.0,0.16,5,0,1.0,0.0,5,1,0.4287,0.0415,-17.827,3,1
14,1.0,0.69,2,4,0.0,1.0,8,0,1.0,1.0,-4.737,8,0
18,0.484,0.59,1,4,0.0169,0.9831,9,0,0.6363,0.4194,-15.799,9,0
13,0.881,1.0,4,1,0.9996,0.0004,4,1,0.9994,0.999,2.054,4,0
8,1.0,0.35,4,4,0.0252,0.9748,7,0,0.7722,0.6186,-7.006,7,0
13,0.0,0.52,4,0,1.0,0.0,3,1,0.4499,0.1172,-1.296,3,0
13,1.0,1.0,3,4,0.2866,0.7134,7,0,0.3436,0.1382,-28.74,7,0
3,1.0,0.16,4,8,0.1168,0.8832,25,0,0.4835,0.3439,-22.799,25,0
17,0.0,0.33,2,0,1.0,0.0,5,1,0.8416,0.6833,-22.888,5,0
16,1.0,0.24,1,4,0.0036,0.9964,7,0,0.7024,0.5033,14.224,7,0
46,0.072,0.03,2,4,0.0748,0.9252,6,0,0.6769,0.4483,-10.849,6,0
15,0.548,0.29,2,4,0.0,1.0,8,0,1.0,1.0,-1.744,8,0
18,0.0,0.54,1,0,1.0,0.0,1,1,1.0,1.0,-18.106,1,0
14,0.154,1.0,4,4,0.0,1.0,9,0,1.0,0.9999,2.263,9,0
14,1.0,0.52,3,4,0.4068,0.5932,9,0,0.2754,0.0411,0.577,9,0
18,0.585,0.33,1,4,0.0231,0.9769,8,0,0.3355,0.026,-22.751,7,1
17,0.529,0.04,1,4,0.0102,0.9898,7,0,0.731,0.587,9.872,7,0
46,0.0,0.0,2,0,1.0,0.0,3,1,0.8893,0.7787,-8.901,3,0
19,0.042,0.54,0,4,0.0,1.0,7,0,0.6996,0.5819,-23.939,7,0
14,0.0,0.16,4,0,1.0,0.0,5,1,0.5768,0.1706,13.556,5,0
9,0.612,1.0,4,4,0.0058,0.9942,7,0,0.9873,0.9816,-8.403,7,0
14,0.0,0.42,3,0,1.0,0.0,5,1,0.5515,0.2979,-14.756,5,0
14,0.496,1.0,3,4,0.3529,0.6471,8,0,0.2696,0.0422,-29.054,1,1
4,1.0,1.0,4,4,0.3911,0.6089,6,0,0.3732,0.096,-13.977,6,0
18,0.0,0.39,1,0,1.0,0.0,2,1,1.0,1.0,-24.872,2,0
16,0.548,1.0,2,4,0.0,1.0,8,0,1.0,1.0,-3.625,8,0
47,1.0,1.0,1,4,0.0195,0.9805,6,0,0.8574,0.7662,-1.242,6,0
20,0.042,0.21,0,4,0.0,1.0,7,0,0.6524,0.4994,-21.363,7,0
15,0.881,0.16,3,4,0.0,1.0,8,0,0.9804,0.9608,13.015,8,0
9,0.0,0.61,4,0,1.0,0.0,3,1,0.5727,0.3056,-9.602,3,0
15,1.0,0.42,2,4,0.1021,0.8979,7,0,0.6005,0.3724,-10.017,7,0
19,1.0,0.39,0,4,0.0,1.0,8,0,0.4555,0.0286,-23.878,8,0
18,0.529,1.0,1,4,0.0,1.0,9,0,0.9914,0.9834,-2.615,9,0
14,0.0,0.91,3,0,1.0,0.0,1,1,0.4454,0.0391,-29.949,1,0
5,0.237,0.67,4,4,0.3797,0.6203,6,0,0.4031,0.1936,-15.098,7,1
17,0.324,0.87,2,4,0.0,1.0,8,0,1.0,1.0,-1.979,8,0
47,0.0,1.0,1,0,1.0,0.0,1,1,1.0,1.0,-14.951,1,0
10,1.0,0.61,3,4,0.0,1.0,8,0,0.9994,0.9988,-5.584,8,0
16,0.464,0.38,2,4,0.2199,0.7801,8,0,0.2725,0.0226,-20.822,7,1
20,0.5,0.21,0,4,0.0,1.0,8,0,0.581,0.3311,-24.697,8,0
48,1.0,1.0,0,4,0.0,1.0,7,0,0.8307,0.726,-20.473,7,0
15,1.0,0.91,2,4,0.1297,0.8703,6,0,0.487,0.2463,-31.06,6,0
18,0.0,0.82,1,0,1.0,0.0,2,1,1.0,1.0,-14.33,2,0
5,0.0,0.67,4,0,1.0,0.0,2,1,0.757,0.634,-13.351,3,1
18,0.09,0.75,2,4,0.0,1.0,8,0,1.0,1.0,-1.29,8,0
16,0.881,1.0,3,1,0.0,1.0,8,0,1.0,1.0,3.721,8,0
1,1.0,1.0,5,8,0.4974,0.5026,3,1,0.3524,0.1457,-26.524,3,0
16,0.0,0.28,2,0,1.0,0.0,2,1,0.8062,0.6124,-23.8,2,0
6,1.0,0.67,3,4,0.4817,0.5183,3,1,0.4243,0.1462,-14.775,3,0
49,0.245,0.66,0,4,0.0,1.0,7,0,0.7537,0.6588,-28.08,7,0
19,0.102,0.82,0,4,0.0,1.0,8,0,0.511,0.2911,-6.362,8,0
1,0.0,1.0,5,0,1.0,0.0,1,1,0.3379,0.0925,-23.195,2,1
18,0.0,0.81,2,0,1.0,0.0,2,1,0.9727,0.9454,-4.911,0,1
17,0.881,0.62,3,1,0.0,1.0,8,0,1.0,0.9999,-2.267,8,0
11,1.0,1.0,3,1,0.6505,0.3495,5,1,0.5913,0.2418,-4.618,5,0
21,0.562,0.88,0,4,0.0,1.0,8,0,0.6862,0.4956,-24.619,8,0
17,1.0,0.28,1,4,0.0854,0.9146,7,0,0.3836,0.1211,-22.639,7,0
16,0.124,1.0,2,4,0.2414,0.7586,7,0,0.3505,0.0548,-30.142,7,0
7,0.645,0.67,3,4,0.2158,0.7842,7,0,0.4172,0.2279,-15.799,7,0
2,1.0,1.0,4,8,0.1669,0.8331,23,0,0.3758,0.0644,-24.708,23,0
19,1.0,0.81,1,4,0.0,1.0,7,0,0.6898,0.3808,0.64,7,0
18,0.363,0.29,3,1,0.0167,0.9833,8,0,0.9833,0.9706,-3.275,8,0
12,0.768,1.0,3,4,0.0025,0.9975,8,0,0.9973,0.9949,-2.042,8,0
22,0.215,0.38,0,4,0.0,1.0,8,0,0.7337,0.5819,-25.871,8,0
16,0.0,0.91,2,0,1.0,0.0,2,1,0.7307,0.4613,-33.654,2,0
8,0.705,1.0,3,4,0.2295,0.7705,7,0,0.3334,0.1491,-23.167,7,0
1,1.0,1.0,5,8,0.0449,0.9551,24,0,0.9105,0.8759,-26.038,24,0
20,0.061,0.35,1,4,0.0,1.0,7,0,1.0,1.0,5.013,7,0
18,0.0,0.2,3,0,1.0,0.0,2,1,0.9183,0.8743,-0.156,1,1
3,1.0,1.0,4,1,0.985,0.015,4,1,0.4607,0.1955,-21.975,4,0
13,0.524,0.8,3,4,0.0035,0.9965,8,0,0.9951,0.9924,-0.376,8,0
18,1.0,1.0,1,1,0.2449,0.7551,7,0,0.7551,0.5102,-21.425,7,0
17,1.0,0.91,1,4,0.0398,0.9602,7,0,0.7882,0.7196,-30.701,7,0
9,0.501,1.0,3,4,0.2087,0.7913,7,0,0.4066,0.2236,-24.027,7,0
2,0.664,0.04,5,4,0.3515,0.6485,7,0,0.3806,0.129,-14.844,8,1
23,0.277,0.88,0,4,0.0,1.0,8,0,0.9049,0.8286,-25.68,8,0
1,1.0,1.0,5,8,0.2565,0.7435,8,0,0.1977,0.0514,-22.157,8,0
19,1.0,0.2,2,4,0.0,1.0,8,0,0.9996,0.9993,7.015,8,0
14,0.273,0.58,3,4,0.0084,0.9916,8,0,0.983,0.9745,1.781,8,0
4,0.571,1.0,4,4,0.1928,0.8072,7,0,0.3844,0.0444,-26.01,9,1
19,0.206,0.9,1,1,0.1699,0.8301,7,0,0.8301,0.6601,-25.152,7,0
18,0.641,0.52,1,4,0.0654,0.9346,7,0,0.5117,0.3185,-32.6,7,0
10,0.562,1.0,3,4,0.2088,0.7912,7,0,0.3895,0.2,-23.895,7,0
2,0.367,0.01,5,8,0.0016,0.9984,8,0,0.7982,0.6447,-0.135,8,0
14,0.0,0.37,3,0,1.0,0.0,1,1,0.611,0.3705,-0.21,3,1
5,0.181,0.93,4,4,0.1655,0.8345,7,0,0.5758,0.4017,-26.353,9,1
19,0.0,0.9,1,0,1.0,0.0,0,1,1.0,1.0,-27.49,0,0
19,0.275,0.14,1,4,0.1287,0.8713,9,0,0.3398,0.0278,-30.86,7,1
3,0.285,1.0,5,4,0.5184,0.4816,3,1,0.2308,0.0011,-23.249,8,1
11,0.622,1.0,3,4,0.2123,0.7877,7,0,0.3634,0.1663,-23.744,7,0
15,1.0,0.37,2,4,0.0084,0.9916,8,0,0.6663,0.3571,4.424,8,0
20,0.343,0.9,0,4,0.0,1.0,7,0,0.3635,0.0494,-28.909,7,0
3,0.27,1.0,5,8,0.0,1.0,8,0,0.9926,0.9857,3.354,8,0
16,0.715,0.15,2,4,0.0119,0.9881,8,0,0.735,0.5187,7.124,8,0
21,0.111,0.38,0,4,0.0,1.0,7,0,0.363,0.0362,-26.042,7,0
5,0.0,0.93,4,0,1.0,0.0,2,1,0.3802,0.1379,-24.634,1,1
19,0.0,0.01,1,0,1.0,0.0,0,1,1.0,1.0,-30.579,0,0
4,0.686,0.91,5,4,0.0002,0.9998,8,0,0.9973,0.996,-18.177,8,0
12,0.433,1.0,3,4,0.2091,0.7909,7,0,0.397,0.2043,-24.548,7,0
3,0.0,0.01,5,0,1.0,0.0,4,1,0.7126,0.5598,6.252,4,0
1,1.0,1.0,5,8,0.2122,0.7878,24,0,0.2746,0.1268,-15.578,24,0
1,1.0,1.0,5,8,0.1798,0.8202,25,0,0.2017,0.0435,-8.119,25,0
4,1.0,0.01,4,8,0.0007,0.9993,8,0,0.748,0.5004,8.679,8,0
6,1.0,0.93,3,4,0.1484,0.8516,7,0,0.4426,0.1465,-24.887,7,0
20,0.057,0.01,0,4,0.0,1.0,7,0,0.4514,0.1093,-30.57,7,0
13,0.249,1.0,3,4,0.2375,0.7625,7,0,0.3714,0.1904,-25.251,7,0
17,0.777,1.0,2,4,0.8701,0.1299,3,1,0.86,0.7932,10.28,3,0
2,0.401,0.2,5,4,0.0814,0.9186,9,0,0.5621,0.3941,-4.722,9,0
22,0.006,1.0,0,4,0.0,1.0,7,0,0.5194,0.2882,-19.854,7,0
2,0.623,0.04,5,4,0.0,1.0,8,0,1.0,0.9999,-11.382,8,0
18,0.804,1.0,2,4,0.0,1.0,9,0,1.0,1.0,20.809,9,0
1,1.0,1.0,5,8,0.0003,0.9997,8,0,0.9176,0.8356,-31.437,8,0
7,0.69,0.93,3,4,0.1779,0.8221,7,0,0.4026,0.1812,-25.993,7,0
5,1.0,1.0,4,8,0.1247,0.8753,8,0,0.6554,0.4793,7.018,8,0
5,0.588,1.0,5,4,0.0,1.0,8,0,1.0,1.0,-10.97,8,0
13,0.0,1.0,3,0,1.0,0.0,4,1,0.6182,0.3313,-21.137,4,0
2,0.931,0.77,5,8,0.035,0.965,23,0,0.6618,0.4234,-36.758,23,0
3,0.401,1.0,5,4,0.2336,0.7664,6,0,0.4812,0.3249,-10.322,6,0
1,1.0,1.0,5,8,0.2922,0.7078,6,0,0.3124,0.0812,-13.659,6,0
8,0.247,0.93,3,4,0.2068,0.7932,7,0,0.2775,0.0186,-27.753,7,0
5,0.0,0.79,4,0,1.0,0.0,1,1,0.4404,0.1472,6.964,3,1
19,0.804,1.0,2,1,0.0018,0.9982,9,0,0.9982,0.9965,27.381,9,0
3,0.679,0.26,5,4,0.0,1.0,7,0,1.0,1.0,-31.774,7,0
6,0.491,0.88,5,4,0.0,1.0,8,0,0.9999,0.9997,-9.929,8,0
3,0.0,1.0,5,0,1.0,0.0,1,1,0.7187,0.6052,-2.989,4,1
14,1.0,1.0,2,4,0.0333,0.9667,6,0,0.8169,0.7121,-20.147,6,0
1,0.0,1.0,5,0,1.0,0.0,1,1,0.621,0.4887,-17.86,1,0
3,0.65,1.0,5,4,0.4259,0.5741,7,0,0.4583,0.3289,-16.129,8,1
6,1.0,0.79,3,8,0.0099,0.9901,22,0,0.6842,0.472,4.451,22,0
20,0.684,0.24,2,1,0.9551,0.0449,1,1,0.875,0.7948,31.018,1,0
8,0.0,0.93,3,0,1.0,0.0,1,1,0.3541,0.0152,-29.004,1,0
4,1.0,1.0,4,4,0.1378,0.8622,7,0,0.581,0.4343,-7.063,7,0
2,1.0,1.0,4,8,0.1188,0.8812,6,0,0.4246,0.2526,-16.97,6,0
15,0.365,0.17,2,4,0.038,0.962,6,0,0.7598,0.6142,-16.388,6,0
3,0.0,0.79,5,0,1.0,0.0,1,1,0.4294,0.0749,-16.365,4,1
1,1.0,1.0,5,8,0.3261,0.6739,8,0,0.1875,0.0289,-30.842,8,0
6,0.0,0.13,3,0,1.0,0.0,3,1,0.6051,0.3607,-5.69,3,0
21,0.755,0.3,2,4,0.0004,0.9996,7,0,0.987,0.9744,30.723,7,0
4,0.679,1.0,5,4,0.0,1.0,8,0,1.0,1.0,-20.549,8,0
9,1.0,0.93,2,4,0.4191,0.5809,9,0,0.2878,0.0052,-29.558,9,0
5,0.433,0.48,0,1,0.0,1.0,7,0,1.0,1.0,-8.711,7,0
7,0.029,1.0,5,4,0.0001,0.9999,8,0,0.9999,0.9998,-2.626,8,0
2,0.0,0.44,4,0,1.0,0.0,5,1,0.8106,0.6887,-20.766,5,0
4,1.0,0.79,4,4,0.0158,0.9842,7,0,0.982,0.9672,-16.081,7,0
7,1.0,0.13,2,4,0.0352,0.9648,7,0,0.8069,0.6644,-5.993,7,0
22,0.693,0.23,2,4,0.0,1.0,7,0,0.9999,0.9998,32.855,7,0
2,0.735,0.8,5,8,0.3475,0.6525,5,1,0.1782,0.0654,-30.771,5,0
3,1.0,0.44,3,8,0.4301,0.5699,4,1,0.3996,0.2282,-19.045,4,0
9,0.0,0.93,2,0,1.0,0.0,0,1,0.6659,0.3319,-29.254,5,1
7,0.0,1.0,5,0,1.0,0.0,4,1,0.995,0.9914,4.757,4,0
16,0.266,0.67,2,4,0.2249,0.7751,9,0,0.6019,0.4678,-16.005,9,0
8,0.37,0.02,2,4,0.1573,0.8427,7,0,0.4429,0.1192,-10.166,7,0
23,0.632,0.16,2,4,0.0,1.0,7,0,1.0,0.9999,33.046,7,0
5,0.493,0.61,4,4,0.016,0.984,7,0,0.9784,0.9671,-16.601,7,0
5,0.407,1.0,5,4,0.0011,0.9989,8,0,0.9652,0.9315,-5.108,8,0
6,0.433,1.0,0,1,0.0,1.0,7,0,1.0,1.0,-11.537,7,0
4,0.181,0.44,3,8,0.1156,0.8844,6,0,0.2946,0.129,-24.203,6,0
3,0.785,0.86,5,6,0.3388,0.6612,22,0,0.4305,0.312,-30.601,22,0
10,1.0,0.93,1,4,0.0143,0.9857,7,0,0.6747,0.4851,-30.201,7,0
8,1.0,1.0,4,4,0.0,1.0,9,0,0.9993,0.9987,-1.057,9,0
16,0.0,0.67,2,0,1.0,0.0,2,1,0.501,0.002,-16.345,2,0
24,0.573,0.11,2,4,0.0,1.0,7,0,1.0,1.0,33.264,7,0
5,0.0,0.44,5,0,1.0,0.0,4,1,0.9983,0.9966,-0.704,4,0
7,0.167,0.31,4,4,0.0,1.0,7,0,0.9999,0.9999,0.378,7,0
4,0.0,0.44,3,0,1.0,0.0,5,1,0.673,0.4567,-22.572,5,0
5,0.0,0.44,4,0,1.0,0.0,5,1,0.5685,0.3604,-18.18,2,1
4,0.542,0.69,5,4,0.3817,0.6183,7,0,0.4258,0.2536,-30.946,7,0
9,0.37,1.0,2,4,0.133,0.867,6,0,0.5747,0.4171,1.651,6,0
10,0.0,0.93,1,0,1.0,0.0,5,1,1.0,1.0,-29.937,5,0
9,0.501,1.0,4,1,0.0015,0.9985,9,0,0.9985,0.9972,-1.131,9,0
17,1.0,0.67,1,4,0.0438,0.9562,6,0,0.5022,0.2689,-19.139,6,0
6,1.0,0.44,4,4,0.0,1.0,7,0,0.9985,0.9974,-7.864,7,0
6,1.0,0.44,3,4,0.0718,0.9282,9,0,0.6899,0.5116,-17.929,9,0
5,1.0,0.44,2,8,0.0959,0.9041,7,0,0.2978,0.1518,-21.697,7,0
9,0.0,1.0,2,0,1.0,0.0,5,1,0.6357,0.2714,6.038,5,0
5,0.785,0.75,5,3,0.3184,0.6816,8,0,0.5325,0.3853,-28.721,8,0
11,1.0,0.93,0,4,0.0,1.0,7,0,0.439,0.159,-30.406,7,0
8,0.167,1.0,0,1,0.0,1.0,7,0,1.0,1.0,3.561,7,0
1,1.0,1.0,5,8,0.6961,0.3039,4,1,0.3897,0.1648,-26.157,4,0
10,0.501,0.45,4,1,0.0014,0.9986,9,0,0.9986,0.9976,4.373,9,0
6,0.815,0.44,2,8,0.1208,0.8792,7,0,0.2392,0.0711,-22.396,7,0
18,1.0,0.4,1,4,0.0344,0.9656,6,0,0.4078,0.0577,-15.915,6,0
10,1.0,1.0,1,4,0.0473,0.9527,6,0,0.6339,0.3995,2.415,6,0
7,0.026,1.0,4,4,0.0004,0.9996,6,0,0.9994,0.999,-7.7,6,0
8,0.0,0.29,4,0,1.0,0.0,4,1,0.5883,0.1767,14.552,4,0
6,0.532,0.81,5,4,0.3503,0.6497,7,0,0.2805,0.1279,-29.779,9,1
12,0.917,0.18,0,4,0.0,1.0,7,0,0.4585,0.1832,-30.398,7,0
2,0.731,1.0,5,8,0.3725,0.6275,23,0,0.2776,0.0066,-25.557,23,0
11,0.501,0.43,4,1,0.0018,0.9982,9,0,0.9982,0.9967,4.759,9,0
19,1.0,0.12,1,4,0.0223,0.9777,7,0,0.5298,0.2129,-11.987,7,0
7,0.576,1.0,3,4,0.2388,0.7612,7,0,0.72,0.5881,-16.566,7,0
7,0.63,0.44,2,8,0.1599,0.8401,8,0,0.1925,0.0092,-23.112,7,1
7,0.76,0.88,5,3,0.1748,0.8252,8,0,0.7091,0.5939,-28.122,8,0
11,0.465,0.61,1,4,0.3278,0.6722,2,1,0.3278,0.0766,3.322,6,1
9,1.0,0.29,3,4,0.0001,0.9999,7,0,0.7663,0.5329,15.166,7,0
7,0.0,1.0,4,0,1.0,0.0,3,1,0.4711,0.0982,-2.39,3,0
12,0.003,0.93,4,1,0.0056,0.9944,9,0,0.9944,0.9897,-0.612,9,0
3,0.152,0.78,5,4,0.3453,0.6547,6,0,0.2647,0.064,-26.549,6,0
20,0.562,0.12,1,4,0.0497,0.9503,9,0,0.3991,0.0248,-17.428,7,1
7,0.0,1.0,3,0,1.0,0.0,3,1,0.6109,0.2854,-15.694,3,0
7,0.0,0.21,2,0,1.0,0.0,3,1,0.5322,0.0644,-25.332,3,0
8,0.76,0.94,5,4,0.0714,0.9286,9,0,0.8198,0.7453,-28.692,9,0
13,0.774,1.0,0,4,0.0,1.0,7,0,0.5058,0.2411,-30.525,7,0
13,0.003,0.44,4,1,0.0013,0.9987,9,0,0.9987,0.998,3.631,9,0
8,1.0,1.0,3,4,0.0002,0.9998,9,0,0.5366,0.0744,-2.013,9,0
12,0.387,0.61,1,4,0.1645,0.8355,9,0,0.5775,0.3752,0.698,9,0
10,0.236,0.02,3,4,0.0,1.0,7,0,0.9999,0.9999,11.14,7,0
3,0.0,0.84,5,0,1.0,0.0,1,1,0.6753,0.5394,-27.462,1,0
21,0.624,0.12,1,4,0.0333,0.9667,7,0,0.4304,0.2076,-15.102,7,0
8,1.0,1.0,2,4,0.1604,0.8396,7,0,0.3781,0.1095,-17.2,7,0
8,1.0,0.21,1,8,0.2167,0.7833,23,0,0.2648,0.0442,-27.178,23,0
9,0.538,0.37,5,3,0.0114,0.9886,8,0,0.8057,0.6229,-24.815,8,0
14,0.003,0.34,4,1,0.0026,0.9974,9,0,0.9974,0.9963,4.979,9,0
9,0.774,0.19,3,4,0.0,1.0,8,0,0.997,0.9954,10.515,8,0
13,0.29,0.97,1,4,0.0027,0.9973,6,0,0.9571,0.9287,-9.015,6,0
4,1.0,0.84,4,4,0.123,0.877,9,0,0.7843,0.7022,-27.587,9,0
22,0.186,0.12,1,4,0.0412,0.9588,7,0,0.4261,0.034,-20.049,7,0
8,1.0,0.0,1,0,1.0,0.0,2,1,1.0,1.0,-25.109,2,0
9,0.557,1.0,2,4,0.1576,0.8424,7,0,0.2899,0.0433,-16.722,8,1
10,0.179,0.43,5,4,0.002,0.998,9,0,0.7027,0.4096,-27.954,9,0
11,0.236,1.0,3,4,0.0003,0.9997,7,0,0.9365,0.874,15.882,7,0
15,0.003,0.29,4,1,0.0047,0.9953,9,0,0.9953,0.9929,5.828,9,0
1,1.0,1.0,5,8,0.443,0.557,4,1,0.3562,0.0371,-17.22,4,0
13,0.0,0.6,1,0,1.0,0.0,5,1,1.0,1.0,-20.02,5,0
5,0.804,0.9,4,4,0.1937,0.8063,9,0,0.654,0.5126,-27.633,9,0
22,0.0,0.12,1,0,1.0,0.0,1,1,1.0,1.0,-15.466,1,0
10,0.245,1.0,2,4,0.0929,0.9071,9,0,0.3123,0.0197,-14.0,9,0
10,0.833,1.0,3,4,0.0,1.0,9,0,0.7493,0.4988,11.917,9,0
2,1.0,1.0,5,8,0.0444,0.9556,9,0,0.3123,0.077,-14.914,9,0
11,0.0,0.69,3,0,1.0,0.0,3,1,0.9948,0.9895,21.528,3,0
14,0.465,0.6,0,4,0.0,1.0,8,0,0.9166,0.873,-12.632,8,0
9,1.0,1.0,1,4,0.0859,0.9141,9,0,0.277,0.0186,-28.029,9,0
23,1.0,0.12,0,4,0.0,1.0,7,0,0.96,0.9428,-18.864,7,0
11,0.483,0.65,3,4,0.0,1.0,8,0,0.9885,0.9772,14.053,8,0
11,0.179,1.0,5,4,0.0008,0.9992,9,0,0.9842,0.9693,-25.201,9,0
16,0.003,1.0,4,1,0.235,0.765,9,0,0.765,0.5393,6.329,9,0
10,0.0,0.24,2,0,1.0,0.0,2,1,0.7439,0.4878,-4.985,2,0
12,1.0,0.69,2,4,0.0,1.0,8,0,0.992,0.984,20.877,8,0
3,0.085,0.4,5,8,0.1684,0.8316,22,0,0.2626,0.0751,-18.152,25,1
6,0.804,1.0,4,4,0.7802,0.2198,3,1,0.351,0.0035,-29.124,5,1
12,0.154,0.52,3,4,0.0,1.0,8,0,0.9979,0.9962,12.185,8,0
11,0.0,1.0,5,0,1.0,0.0,2,1,0.4887,0.3165,-23.59,3,1
16,0.0,1.0,4,0,1.0,0.0,1,1,0.8868,0.7762,8.974,5,1
11,1.0,0.24,1,4,0.1029,0.8971,9,0,0.5718,0.2942,-8.409,9,0
12,0.0,0.63,2,0,1.0,0.0,5,1,0.6336,0.2671,17.964,5,0
10,0.182,1.0,1,4,0.0783,0.9217,7,0,0.59,0.3165,-27.186,7,0
6,0.0,1.0,4,0,1.0,0.0,2,1,0.3576,0.0122,-29.257,5,1
3,0.0,0.34,5,0,1.0,0.0,1,1,0.4113,0.1752,-20.008,1,0
1,1.0,1.0,5,8,0.5134,0.4866,4,1,0.2684,0.0782,-18.32,4,0
24,0.103,1.0,0,1,0.0,1.0,7,0,1.0,1.0,-27.448,7,0
12,1.0,1.0,4,4,0.5228,0.4772,1,1,0.2679,0.0797,-25.866,1,0
12,0.0,0.44,3,0,1.0,0.0,1,1,0.9899,0.98,20.802,5,1
17,1.0,1.0,3,4,0.0,1.0,8,0,0.9993,0.9987,-1.247,8,0
13,1.0,0.63,1,4,0.0001,0.9999,8,0,0.9998,0.9998,13.634,8,0
10,0.0,1.0,1,0,1.0,0.0,3,1,1.0,1.0,-24.481,3,0
7,1.0,1.0,3,4,0.34,0.66,7,0,0.2237,0.0256,-31.76,7,0
4,1.0,0.34,4,4,0.0306,0.9694,6,0,0.5582,0.2442,-18.703,6,0
2,0.848,1.0,5,8,0.1222,0.8778,8,0,0.3245,0.0644,-19.336,8,0
13,0.38,1.0,4,4,0.2505,0.7495,6,0,0.6306,0.504,-28.422,6,0
18,0.538,0.83,3,4,0.0,1.0,8,0,0.6474,0.2949,-2.224,8,0
12,0.707,1.0,1,1,0.8207,0.1793,4,1,0.8207,0.6415,-18.972,4,0
13,1.0,0.44,2,4,0.0,1.0,8,0,0.9998,0.9997,13.204,8,0
14,0.52,0.15,1,4,0.0001,0.9999,8,0,0.9876,0.9754,13.393,8,0
11,1.0,1.0,0,4,0.0,1.0,6,0,0.4403,0.1524,-24.774,6,0
7,0.0,0.6,3,0,1.0,0.0,1,1,0.5127,0.1025,-30.219,1,0
3,0.564,0.94,5,8,0.1426,0.8574,8,0,0.2961,0.0709,-20.261,8,0
14,0.205,0.23,4,4,0.0659,0.9341,6,0,0.8441,0.7717,-23.459,6,0
1,1.0,1.0,5,8,0.2924,0.7076,24,0,0.1649,0.0169,-30.249,24,0
13,0.0,0.11,2,0,1.0,0.0,2,1,0.6586,0.3173,13.463,5,1
12,0.861,0.5,0,4,0.0,1.0,7,0,0.5113,0.2446,-23.354,7,0
19,0.028,0.66,3,4,0.0,1.0,6,0,0.9773,0.9549,0.942,8,1
8,0.804,0.6,2,4,0.3909,0.6091,5,1,0.2872,0.0577,-31.538,5,0
13,0.383,1.0,1,4,0.028,0.972,7,0,0.6086,0.3114,-13.443,8,1
2,0.148,0.69,5,1,0.9612,0.0388,4,1,0.4437,0.0842,-34.222,4,0
5,1.0,1.0,4,1,0.7977,0.2023,5,1,0.4485,0.2462,-18.078,5,0
14,1.0,0.11,1,4,0.0,1.0,7,0,1.0,1.0,16.869,7,0
15,0.581,1.0,1,4,0.0,1.0,8,0,0.9957,0.9931,25.208,8,0
4,0.517,0.82,5,8,0.1274,0.8726,8,0,0.3265,0.07,-20.128,8,0
13,0.704,0.1,0,4,0.0,1.0,7,0,0.6743,0.5084,-22.3,7,0
9,0.506,0.6,2,4,0.0674,0.9326,9,0,0.7893,0.6943,-29.171,9,0
19,0.0,0.15,3,0,1.0,0.0,5,1,0.714,0.4432,20.638,5,0
13,0.0,0.91,1,0,1.0,0.0,2,1,1.0,1.0,-18.473,2,0
3,0.862,0.75,5,4,0.2741,0.7259,7,0,0.2557,0.0089,-25.038,7,0
6,0.151,1.0,4,4,0.1914,0.8086,9,0,0.5551,0.4192,-17.97,9,0
15,0.0,0.73,1,0,1.0,0.0,2,1,1.0,1.0,27.748,2,0
15,0.415,1.0,4,4,0.1917,0.8083,9,0,0.6715,0.502,-17.35,9,0
5,0.49,0.64,5,8,0.1034,0.8966,8,0,0.3817,0.09,-19.884,8,0
9,0.0,0.08,2,0,1.0,0.0,1,1,0.7106,0.4212,-27.794,1,0
4,0.724,0.81,5,4,0.3071,0.6929,6,0,0.3474,0.1923,-27.126,6,0
15,0.902,1.0,1,4,0.0,1.0,7,0,1.0,1.0,12.962,7,0
20,1.0,0.15,2,4,0.0,1.0,7,0,0.8652,0.7304,8.875,7,0
16,1.0,0.73,0,4,0.0,1.0,7,0,1.0,1.0,29.026,7,0
14,0.707,0.91,0,4,0.0,1.0,7,0,0.9322,0.8952,-18.485,7,0
6,0.0,0.28,4,0,1.0,0.0,1,1,0.832,0.7507,-18.457,1,0
14,0.554,1.0,0,4,0.0,1.0,7,0,0.4853,0.0516,-29.78,7,0
15,0.0,0.49,4,0,1.0,0.0,3,1,0.8924,0.8383,-17.234,3,0
10,0.804,0.08,1,4,0.1541,0.8459,6,0,0.3258,0.0964,-27.57,6,0
6,0.473,0.97,5,8,0.1605,0.8395,8,0,0.2908,0.1147,-20.568,8,0
5,0.63,0.38,5,4,0.3303,0.6697,6,0,0.3723,0.2053,-27.462,6,0
7,1.0,0.28,3,4,0.2381,0.7619,6,0,0.4643,0.2836,-18.847,6,0
15,0.248,0.22,0,1,0.0,1.0,7,0,1.0,1.0,-20.152,7,0
16,1.0,0.49,3,4,0.0013,0.9987,8,0,0.9852,0.972,-14.467,8,0
15,0.206,0.8,0,4,0.0,1.0,7,0,0.5007,0.0898,-30.002,7,0
7,0.206,0.67,5,8,0.206,0.794,8,0,0.2861,0.1324,-20.139,8,0
1,1.0,1.0,5,8,0.0894,0.9106,23,0,0.2437,0.0015,-25.077,23,0
8,0.394,0.28,3,1,0.4688,0.5312,6,0,0.5312,0.35,-19.007,6,0
21,0.711,1.0,2,4,0.0,1.0,8,0,1.0,1.0,14.697,8,0
17,0.756,0.36,3,3,0.014,0.986,6,0,0.9857,0.9778,-12.899,6,0
11,0.804,1.0,1,4,0.019,0.981,9,0,0.6885,0.5188,-32.561,9,0
7,0.0,0.3,5,0,1.0,0.0,3,1,0.5761,0.3683,-21.236,3,0
16,0.248,1.0,0,1,0.0,1.0,7,0,1.0,1.0,-20.947,7,0
6,0.429,1.0,5,4,0.4044,0.5956,0,1,0.2973,0.0813,-30.788,0,0
2,1.0,0.6,5,4,0.0199,0.9801,8,0,0.7209,0.5187,-32.225,8,0
1,1.0,1.0,5,8,0.074,0.926,25,0,0.2902,0.054,-24.365,25,0
22,0.598,0.77,2,4,0.0,1.0,8,0,0.9964,0.9928,16.684,8,0
11,0.0,0.66,1,0,1.0,0.0,0,1,1.0,1.0,-33.345,0,0
8,1.0,0.3,4,8,0.1782,0.8218,22,0,0.6103,0.5223,-19.236,22,0
6,0.0,1.0,5,0,1.0,0.0,5,1,0.3763,0.1685,-32.079,5,0
3,0.71,0.02,5,4,0.0566,0.9434,6,0,0.3755,0.0741,-29.298,8,1
17,0.248,0.75,0,1,0.0,1.0,7,0,1.0,1.0,-13.571,7,0
9,0.394,1.0,3,1,0.1858,0.8142,6,0,0.8142,0.7007,-17.431,6,0
23,0.493,0.53,2,4,0.0,1.0,7,0,0.9861,0.9723,18.995,7,0
2,0.791,0.28,5,4,0.0,1.0,7,0,1.0,1.0,-26.381,7,0
12,1.0,0.66,0,4,0.0,1.0,9,0,0.4434,0.1696,-34.967,9,0
18,0.756,1.0,3,4,0.0001,0.9999,8,0,0.9999,0.9999,-8.42,8,0
7,1.0,1.0,4,4,0.0957,0.9043,6,0,0.413,0.1617,-28.367,6,0
1,1.0,1.0,5,8,0.0529,0.9471,24,0,0.788,0.7132,-26.776,24,0
9,0.0,1.0,3,0,1.0,0.0,0,1,0.4962,0.011,-18.147,3,1
24,0.367,0.28,2,4,0.0,1.0,7,0,0.9998,0.9995,21.575,7,0
9,0.616,1.0,4,4,0.409,0.591,7,0,0.3617,0.0404,-13.379,7,0
3,0.851,0.33,5,4,0.2092,0.7908,7,0,0.7429,0.6118,-27.559,7,0
19,0.349,1.0,3,4,0.0007,0.9993,8,0,0.9993,0.9989,-10.103,8,0
13,1.0,0.37,0,4,0.0,1.0,9,0,0.5018,0.2621,-35.934,9,0
2,1.0,1.0,5,4,0.0896,0.9104,8,0,0.6399,0.3824,-20.376,8,0
8,0.806,1.0,4,4,0.1134,0.8866,6,0,0.4303,0.1502,-28.086,6,0
10,1.0,1.0,2,4,0.3188,0.6812,8,0,0.5236,0.2114,-15.137,8,0
4,0.452,1.0,5,4,0.4334,0.5666,3,1,0.3906,0.1119,-32.345,7,1
3,0.0,0.33,5,0,1.0,0.0,1,1,0.5643,0.4102,-29.293,3,1
9,0.0,1.0,4,0,1.0,0.0,1,1,0.6257,0.4624,-15.475,2,1
14,0.041,0.13,0,4,0.0,1.0,9,0,0.4304,0.1831,-34.542,9,0
9,0.784,1.0,4,4,0.1181,0.8819,6,0,0.4294,0.1487,-28.049,6,0
19,0.0,1.0,3,0,1.0,0.0,2,1,0.9164,0.8502,-7.567,2,0
3,0.202,0.19,5,4,0.3035,0.6965,8,0,0.3179,0.1354,-18.857,8,0
1,1.0,1.0,5,8,0.2316,0.7684,6,0,0.2152,0.0203,-6.605,6,0
11,1.0,0.42,2,4,0.2412,0.7588,8,0,0.6877,0.4482,-13.638,8,0
10,1.0,1.0,3,4,0.7033,0.2967,0,1,0.3623,0.0368,-6.071,0,0
5,0.418,1.0,5,4,0.3005,0.6995,6,0,0.4489,0.2846,-32.738,6,0
4,1.0,0.33,4,4,0.1819,0.8181,9,0,0.4394,0.1977,-31.162,9,0
20,1.0,1.0,2,4,0.1053,0.8947,8,0,0.5036,0.2095,-11.075,8,0
10,0.797,1.0,4,4,0.1207,0.8793,6,0,0.4247,0.1467,-28.029,6,0
3,0.0,0.19,5,0,1.0,0.0,5,1,0.5311,0.205,-21.163,5,0
2,0.515,0.81,5,8,0.3428,0.6572,6,0,0.2674,0.1407,-8.77,6,0
5,0.0,0.69,5,0,1.0,0.0,1,1,0.6602,0.5041,-26.872,1,0
15,0.041,1.0,0,4,0.0,1.0,9,0,0.4257,0.0469,-34.659,9,0
11,0.027,1.0,3,4,0.3624,0.6376,2,1,0.2826,0.015,-17.724,7,1
21,0.706,0.95,2,4,0.1893,0.8107,8,0,0.4149,0.2395,-15.59,8,0
1,1.0,1.0,5,8,0.1323,0.8677,22,0,0.2771,0.037,-10.328,22,0
11,0.787,1.0,4,4,0.0646,0.9354,8,0,0.528,0.322,-25.92,8,0
4,1.0,0.19,4,4,0.1023,0.8977,8,0,0.4271,0.1874,-16.367,8,0
3,0.609,0.64,5,8,0.2645,0.7355,6,0,0.2437,0.1018,-6.076,25,1
6,1.0,0.69,4,4,0.1054,0.8946,7,0,0.4176,0.007,-28.21,7,0
5,1.0,1.0,4,1,0.4788,0.5212,9,0,0.5212,0.337,-29.208,9,0
12,1.0,1.0,2,4,0.063,0.937,8,0,0.7389,0.621,-12.819,8,0
12,0.029,1.0,3,4,0.4184,0.5816,7,0,0.2437,0.0526,-26.88,7,0
22,0.769,0.83,2,4,0.1965,0.8035,8,0,0.4068,0.2132,-11.254,8,0
2,0.36,0.74,5,1,0.1077,0.8923,6,0,0.8923,0.8548,-12.303,6,0
12,0.85,0.48,4,4,0.0054,0.9946,8,0,0.9635,0.9395,-29.155,8,0
7,0.84,0.5,4,4,0.0918,0.9082,7,0,0.4346,0.0791,-28.186,6,1
5,0.658,0.19,4,4,0.2016,0.7984,8,0,0.3107,0.0424,-23.403,8,0
6,1.0,0.78,4,1,0.2993,0.7007,9,0,0.7007,0.5491,-29.34,9,0
4,0.135,0.44,5,8,0.3705,0.6295,6,0,0.1892,0.0498,-7.54,25,1
13,0.299,0.59,2,4,0.1626,0.8374,9,0,0.3283,0.0126,-15.383,8,1
2,0.0,0.15,5,0,1.0,0.0,2,1,0.4841,0.1388,-13.111,2,0
12,0.0,1.0,3,0,1.0,0.0,1,1,0.6682,0.4524,-27.31,1,0
23,0.456,0.65,2,4,0.3861,0.6139,0,1,0.216,0.023,-12.442,9,1
1,1.0,1.0,5,8,0.0761,0.9239,24,0,0.7815,0.663,-32.249,24,0
6,0.338,0.19,4,4,0.3325,0.6675,7,0,0.2574,0.0118,-29.639,7,0
8,0.648,0.3,4,4,0.0879,0.9121,7,0,0.3428,0.0407,-28.123,6,1
4,0.0,0.4,5,0,1.0,0.0,1,1,0.5909,0.4075,-11.83,2,1
7,0.545,0.55,4,1,0.0953,0.9047,9,0,0.9047,0.8465,-29.629,9,0
13,0.0,0.59,2,0,1.0,0.0,3,1,0.6526,0.3051,-17.264,2,1
3,1.0,0.15,4,4,0.0683,0.9317,7,0,0.5924,0.4279,-12.346,7,0
13,1.0,1.0,2,4,0.7026,0.2974,0,1,0.5474,0.3923,-21.571,0,0
24,0.598,0.41,2,4,0.5331,0.4669,8,0,0.3765,0.0471,-12.67,8,0
2,0.806,0.64,5,4,0.3059,0.6941,8,0,0.4444,0.2714,-20.847,8,0
13,0.912,1.0,4,4,0.8183,0.1817,2,1,0.6758,0.5394,-36.267,2,0
5,1.0,0.4,4,8,0.0601,0.9399,25,0,0.2753,0.0475,-4.989,25,0
14,1.0,0.59,1,4,0.0094,0.9906,7,0,0.7184,0.5604,-17.964,7,0
8,0.545,0.3,4,1,0.0316,0.9684,9,0,0.9684,0.952,-29.56,9,0
13,0.0,1.0,2,0,1.0,0.0,1,1,0.7739,0.5478,-27.418,1,0
7,0.179,1.0,4,4,0.3211,0.6789,6,0,0.3508,0.118,-31.85,6,0
3,0.595,0.29,5,4,0.3251,0.6749,8,0,0.3366,0.1522,-20.267,8,0
14,1.0,1.0,4,4,0.0,1.0,8,0,1.0,1.0,-40.377,8,0
9,0.488,1.0,4,4,0.0443,0.9557,6,0,0.6748,0.4981,-29.889,6,0
8,0.0,0.07,4,0,1.0,0.0,4,1,0.4659,0.2138,-28.551,4,0
14,1.0,1.0,1,4,0.3728,0.6272,5,1,0.3728,0.0943,-22.014,5,0
4,1.0,1.0,4,4,0.4543,0.5457,7,0,0.4212,0.1982,-15.667,7,0
25,0.598,1.0,2,4,0.156,0.844,8,0,0.8381,0.7351,6.98,8,0
7,0.0,1.0,4,0,1.0,0.0,2,1,0.4454,0.2482,-30.823,2,0
14,0.0,0.7,4,0,1.0,0.0,5,1,0.3962,0.0317,-37.445,5,0
6,0.497,1.0,4,4,0.1083,0.8917,9,0,0.546,0.3821,-13.549,9,0
15,0.667,1.0,1,1,0.0998,0.9002,7,0,0.9002,0.8003,-21.187,7,0
15,0.808,1.0,1,4,0.1036,0.8964,7,0,0.5697,0.4279,-25.077,7,0
10,0.197,0.74,4,4,0.0424,0.9576,6,0,0.5253,0.2171,-30.103,6,0
9,1.0,0.07,3,4,0.0536,0.9464,7,0,0.4653,0.2624,-26.95,7,0
8,1.0,1.0,3,4,0.2133,0.7867,7,0,0.4442,0.2832,-30.391,7,0
4,0.0,1.0,4,0,1.0,0.0,4,1,0.494,0.2154,-9.268,5,1
15,0.912,0.7,3,4,0.2402,0.7598,7,0,0.32,0.1157,-31.991,7,0
26,0.561,0.88,2,4,0.0966,0.9034,8,0,0.8986,0.8387,9.856,8,0
4,0.409,1.0,5,4,0.3747,0.6253,8,0,0.4048,0.2256,-17.994,8,0
10,0.0,0.27,4,0,1.0,0.0,0,1,0.6778,0.5307,-26.097,2,1
16,0.229,0.39,1,1,0.0022,0.9978,7,0,0.9978,0.9957,-19.694,7,0
16,0.046,0.46,1,4,0.0936,0.9064,7,0,0.6384,0.5015,-26.699,7,0
5,1.0,1.0,3,4,0.0438,0.9562,8,0,0.5972,0.3762,-9.878,8,0
16,0.516,0.48,3,4,0.12,0.88,7,0,0.59,0.4277,-33.97,7,0
4,0.0,1.0,5,0,1.0,0.0,3,1,0.3539,0.0307,-20.769,3,0
11,0.452,0.27,3,4,0.0022,0.9978,6,0,0.7204,0.4435,-25.613,6,0
9,0.701,0.74,3,1,0.3581,0.6419,7,0,0.6419,0.375,-32.932,7,0
27,0.534,0.73,2,4,0.0396,0.9604,8,0,0.9577,0.9324,13.184,8,0
10,1.0,1.0,3,1,0.543,0.457,2,1,0.5274,0.0704,-24.012,2,0
7,0.287,1.0,4,4,0.0099,0.9901,9,0,0.9875,0.984,-5.378,9,0
16,0.0,0.39,1,0,1.0,0.0,2,1,1.0,1.0,-18.913,2,0
16,0.0,0.46,1,0,1.0,0.0,1,1,1.0,1.0,-28.277,1,0
6,0.424,0.52,3,4,0.0939,0.9061,8,0,0.3316,0.0221,-10.613,8,0
10,0.403,0.15,3,1,0.2455,0.7545,7,0,0.7545,0.5743,-28.357,7,0
5,1.0,1.0,4,4,0.3324,0.6676,9,0,0.5677,0.2741,-20.141,9,0
17,0.109,0.25,3,4,0.096,0.904,7,0,0.7509,0.6648,-35.922,7,0
28,0.284,0.6,2,4,0.1693,0.8307,8,0,0.8065,0.6984,11.629,8,0
12,0.166,0.33,3,4,0.0047,0.9953,7,0,0.5737,0.1536,-25.829,6,1
7,0.0,1.0,4,0,1.0,0.0,2,1,0.6144,0.4607,-7.463,4,1
17,1.0,0.39,0,4,0.0,1.0,7,0,0.7732,0.6524,-20.942,7,0
17,1.0,0.46,0,4,0.0,1.0,7,0,0.7615,0.6342,-23.846,7,0
11,0.614,1.0,3,4,0.0737,0.9263,8,0,0.5108,0.2389,-26.052,8,0
6,0.0,0.52,3,0,1.0,0.0,3,1,0.5132,0.2221,-9.559,3,0
28,0.0,0.6,2,0,1.0,0.0,2,1,0.8039,0.6078,5.021,4,1
8,1.0,1.0,3,4,0.0401,0.9599,8,0,0.8478,0.7761,-10.529,8,0
6,0.668,0.47,4,4,0.0913,0.9087,7,0,0.3647,0.0853,-17.342,9,1
17,0.0,0.25,3,0,1.0,0.0,3,1,0.5406,0.2667,-37.158,3,0
12,0.0,1.0,3,0,1.0,0.0,2,1,0.4316,0.044,-25.237,2,0
11,0.0,0.0,3,0,1.0,0.0,4,1,0.941,0.9022,-21.505,4,0
18,1.0,0.39,0,4,0.0,1.0,7,0,0.7695,0.644,-20.884,7,0
7,1.0,0.52,2,4,0.1426,0.8574,7,0,0.4021,0.139,-8.006,7,0
11,0.403,1.0,3,1,0.7417,0.2583,1,1,0.3616,0.1033,-19.731,7,1
29,0.456,0.6,1,4,0.069,0.931,9,0,0.9286,0.8595,2.205,9,0
9,0.893,0.66,3,4,0.0285,0.9715,8,0,0.7851,0.6301,-7.785,8,0
18,1.0,1.0,0,4,0.0,1.0,7,0,0.5644,0.3965,-17.882,7,0
7,0.355,0.19,4,4,0.0591,0.9409,9,0,0.3572,0.0561,-16.593,9,0
19,0.711,0.39,0,4,0.0,1.0,7,0,0.6228,0.4329,-21.26,7,0
18,1.0,0.25,2,4,0.1568,0.8432,7,0,0.4695,0.2699,-39.11,7,0
12,0.516,1.0,3,4,0.3126,0.6874,7,0,0.4676,0.3106,-26.57,7,0
13,1.0,1.0,2,4,0.2527,0.7473,7,0,0.7101,0.5524,-29.39,7,0
12,1.0,0.28,2,4,0.0001,0.9999,9,0,0.9997,0.9996,-8.219,9,0
10,0.088,0.32,3,4,0.4359,0.5641,3,1,0.3129,0.0256,-12.985,8,1
20,0.771,0.39,0,4,0.0,1.0,7,0,0.6538,0.4909,-21.303,7,0
19,0.441,0.14,2,4,0.1619,0.8381,7,0,0.4996,0.3228,-40.58,7,0
13,0.009,0.64,3,1,0.9336,0.0664,4,1,0.362,0.001,-22.646,2,1
30,0.253,1.0,1,4,0.0,1.0,9,0,1.0,0.9999,16.013,9,0
11,0.602,0.32,3,4,0.0673,0.9327,7,0,0.8902,0.8243,-12.854,7,0
1,1.0,1.0,5,8,0.1619,0.8381,7,0,0.361,0.03,-21.93,7,0
14,1.0,1.0,2,4,0.2468,0.7532,7,0,0.7167,0.5653,-29.463,7,0
8,0.567,1.0,2,1,0.4812,0.5188,7,0,0.5188,0.2607,-12.204,7,0
21,0.566,0.39,0,4,0.0,1.0,7,0,0.5488,0.3115,-20.739,7,0
8,0.372,1.0,4,4,0.0149,0.9851,7,0,0.9241,0.8885,-5.468,9,1
2,1.0,1.0,5,8,0.1592,0.8408,7,0,0.3517,0.0195,-21.788,7,0
13,1.0,1.0,2,1,0.8697,0.1303,3,1,0.8344,0.704,-11.924,3,0
14,0.76,0.7,3,4,0.3764,0.6236,7,0,0.4163,0.1419,-28.514,7,0
20,0.503,1.0,2,4,0.2902,0.7098,6,0,0.3592,0.1664,-49.055,6,0
30,0.0,1.0,1,0,1.0,0.0,4,1,1.0,1.0,18.454,4,0
14,0.0,1.0,2,0,1.0,0.0,5,1,0.7771,0.5541,-31.01,4,1
8,0.0,0.59,2,0,1.0,0.0,1,1,0.5607,0.1213,-11.243,1,0
9,0.145,0.39,4,4,0.0018,0.9982,7,0,0.9757,0.961,2.594,9,1
22,0.627,0.39,0,4,0.0,1.0,7,0,0.5776,0.3665,-20.843,7,0
3,0.902,0.69,5,8,0.0852,0.9148,7,0,0.3912,0.0898,-21.058,7,0
12,0.602,1.0,3,4,0.0689,0.9311,7,0,0.7421,0.5845,-3.962,7,0
14,0.555,1.0,2,4,0.0461,0.9539,7,0,0.9514,0.9064,-4.086,7,0
15,0.461,0.39,3,4,0.6921,0.3079,3,1,0.5862,0.4573,-28.771,7,1
31,1.0,1.0,0,4,0.0,1.0,7,0,0.4153,0.1418,20.46,7,0
20,0.0,0.59,2,0,1.0,0.0,1,1,0.7058,0.4116,-43.938,4,1
15,1.0,1.0,1,4,0.0733,0.9267,7,0,0.767,0.6937,-29.592,7,0
9,1.0,0.59,1,4,0.2874,0.7126,5,1,0.2874,0.0221,-9.81,5,0
23,0.687,0.39,0,4,0.0,1.0,7,0,0.6069,0.4217,-20.946,7,0
12,0.0,0.51,3,0,1.0,0.0,4,1,0.3625,0.0251,-0.8,5,1
21,1.0,0.59,1,4,0.1127,0.8873,8,0,0.5937,0.3741,-36.206,8,0
16,0.618,0.45,3,4,0.0123,0.9877,7,0,0.8828,0.8136,-32.999,7,0
15,0.119,0.57,2,4,0.0161,0.9839,7,0,0.9648,0.9468,-2.061,7,0
32,0.217,0.62,0,4,0.0,1.0,7,0,0.5694,0.3093,18.27,7,0
9,0.0,0.59,1,0,1.0,0.0,1,1,1.0,1.0,-15.768,1,0
24,0.466,0.39,0,4,0.0,1.0,7,0,0.505,0.2483,-20.407,7,0
10,0.207,1.0,4,4,0.0003,0.9997,9,0,0.9997,0.9994,7.369,9,0
4,0.804,1.0,5,8,0.2785,0.7215,6,0,0.3983,0.2082,-21.545,6,0
13,1.0,0.51,2,4,0.0494,0.9506,8,0,0.9339,0.8894,-1.96,8,0
21,0.0,0.59,1,0,1.0,0.0,4,1,1.0,1.0,-32.575,4,0
15,0.0,0.63,2,0,1.0,0.0,4,1,0.9989,0.9979,-3.57,4,0
16,0.8,1.0,1,4,0.3254,0.6746,4,1,0.3254,0.0395,-28.916,4,0
10,1.0,0.59,0,4,0.0,1.0,7,0,0.3823,0.0811,-12.725,7,0
10,0.0,0.83,4,0,1.0,0.0,4,1,0.9986,0.9975,1.652,4,0
25,0.526,0.39,0,4,0.0,1.0,7,0,0.5285,0.2942,-20.445,7,0
4,0.0,1.0,5,0,1.0,0.0,1,1,0.6124,0.4048,-23.334,1,0
22,0.429,0.59,0,4,0.0,1.0,6,0,0.3547,0.0795,-34.163,6,0
1,1.0,1.0,5,8,0.1241,0.8759,6,0,0.5155,0.3503,-20.485,6,0
16,1.0,0.63,1,4,0.0004,0.9996,9,0,0.9969,0.9949,-2.728,9,0
17,0.618,1.0,3,1,0.0141,0.9859,7,0,0.9859,0.9794,-13.097,7,0
17,0.568,1.0,1,4,0.1124,0.8876,7,0,0.3122,0.0854,-29.76,6,1
11,1.0,0.83,3,4,0.0018,0.9982,9,0,0.8177,0.6386,11.37,9,0
26,0.321,0.39,0,4,0.0,1.0,7,0,0.4572,0.1748,-20.32,7,0
5,1.0,1.0,4,8,0.0035,0.9965,22,0,0.6623,0.4013,-19.336,22,0
14,0.076,1.0,2,4,0.526,0.474,8,0,0.4047,0.0134,0.518,8,0
1,1.0,1.0,5,8,0.0674,0.9326,22,0,0.5417,0.2264,-19.486,22,0
17,0.568,0.89,1,0,1.0,0.0,5,1,1.0,1.0,-27.617,5,0
18,0.085,0.44,3,1,0.0042,0.9958,7,0,0.9958,0.9936,-11.231,7,0
27,0.382,0.39,0,4,0.0,1.0,7,0,0.4735,0.2075,-20.255,7,0
6,0.533,0.43,4,1,0.0045,0.9955,6,0,0.9955,0.9932,-23.697,6,0
14,0.0,0.47,2,0,1.0,0.0,2,1,0.6267,0.2534,5.009,2,0
12,0.531,0.36,3,4,0.0104,0.9896,9,0,0.4049,0.009,11.353,9,0
2,0.015,1.0,5,8,0.4348,0.5652,7,0,0.216,0.0251,-23.322,4,1
2,0.814,0.43,5,4,0.0112,0.9888,6,0,0.8238,0.6775,-5.172,6,0
17,1.0,1.0,1,1,0.0053,0.9947,9,0,0.9947,0.9894,-2.954,9,0
28,0.177,0.39,0,4,0.0,1.0,7,0,0.4235,0.1279,-20.483,7,0
17,0.0,0.95,1,0,1.0,0.0,4,1,1.0,1.0,-27.415,4,0
15,0.088,0.47,1,4,0.3309,0.6691,7,0,0.4741,0.1432,2.661,8,1
19,0.085,1.0,3,1,0.3607,0.6393,7,0,0.6393,0.2794,1.737,4,1
1,1.0,1.0,5,8,0.37,0.63,22,0,0.2969,0.0091,-15.069,22,0
2,0.0,1.0,5,0,1.0,0.0,1,1,0.5369,0.2956,-21.843,1,0
18,0.568,0.95,0,4,0.0,1.0,7,0,0.6773,0.4191,-28.617,7,0
13,0.087,1.0,3,4,0.3829,0.6171,9,0,0.5298,0.1649,5.938,9,0
29,0.237,0.39,0,4,0.0,1.0,7,0,0.4342,0.1501,-20.332,7,0
7,0.533,1.0,4,1,0.0,1.0,6,0,1.0,1.0,-16.682,6,0
15,0.0,0.14,1,0,1.0,0.0,5,1,1.0,1.0,6.992,5,0
2,0.756,0.64,0,1,0.0,1.0,6,0,1.0,1.0,-15.811,6,0
3,1.0,1.0,4,8,0.3062,0.6938,22,0,0.2254,0.0232,-17.506,22,0
19,0.0,1.0,3,0,1.0,0.0,4,1,0.9946,0.9912,5.952,4,0
3,0.632,1.0,5,4,0.4499,0.5501,6,0,0.2733,0.0425,-6.587,8,1
30,0.297,0.39,0,4,0.0,1.0,7,0,0.4464,0.1756,-20.212,7,0
19,0.085,0.81,0,1,0.0,1.0,7,0,1.0,1.0,-28.264,7,0
7,0.0,0.28,4,0,1.0,0.0,4,1,0.8855,0.841,-8.492,4,0
13,0.0,0.9,3,0,1.0,0.0,5,1,0.5054,0.2113,7.308,1,1
16,1.0,0.14,0,4,0.0,1.0,8,0,0.9989,0.9979,11.755,8,0
20,0.461,1.0,2,4,0.0487,0.9513,7,0,0.5549,0.215,-2.007,9,1
1,1.0,1.0,5,8,0.0465,0.9535,7,0,0.3129,0.0303,-18.302,7,0
3,0.5,0.47,5,4,0.2438,0.7562,6,0,0.4548,0.2136,-13.444,7,1
4,0.646,0.94,4,4,0.5861,0.4139,5,1,0.2053,0.0114,-16.554,8,1
4,0.694,0.7,5,4,0.2914,0.7086,7,0,0.311,0.0157,-8.572,8,1
8,1.0,0.28,3,4,0.0015,0.9985,7,0,0.9706,0.9438,-18.276,7,0
31,0.1,0.39,0,4,0.0,1.0,7,0,0.4076,0.1158,-20.581,7,0
21,0.091,0.62,2,4,0.0093,0.9907,7,0,0.7563,0.5483,-2.682,9,1
14,1.0,0.9,2,4,0.0001,0.9999,7,0,0.5551,0.1175,13.503,7,0
2,1.0,1.0,5,8,0.0525,0.9475,7,0,0.2985,0.053,-19.04,7,0
4,0.233,0.31,0,1,0.0,1.0,6,0,1.0,1.0,-15.503,6,0
5,0.756,0.7,5,4,0.1453,0.8547,8,0,0.5652,0.3658,-9.084,8,0
5,0.68,0.94,4,4,0.5847,0.4153,4,1,0.4007,0.1811,-23.662,4,0
9,0.699,0.02,3,4,0.0013,0.9987,7,0,0.9669,0.9358,-18.061,7,0
32,0.161,0.39,0,4,0.0,1.0,7,0,0.4156,0.1337,-20.395,7,0
21,0.0,0.68,2,0,1.0,0.0,2,1,0.9404,0.8807,-7.806,2,0
15,0.403,0.42,2,3,0.0,1.0,7,0,1.0,1.0,14.447,7,0
3,0.938,1.0,5,8,0.0814,0.9186,7,0,0.2679,0.0378,-18.801,7,0
1,1.0,1.0,5,8,0.0004,0.9996,22,0,0.885,0.7947,7.71,22,0
22,0.403,0.68,1,4,0.0028,0.9972,8,0,0.535,0.2334,1.808,8,0
6,0.767,0.94,4,4,0.1509,0.8491,7,0,0.5153,0.3564,-21.451,7,0
4,0.938,1.0,5,8,0.0794,0.9206,7,0,0.27,0.0426,-18.444,7,0
6,0.12,1.0,5,4,0.0158,0.9842,6,0,0.8629,0.7664,-4.218,6,0
5,0.233,1.0,5,4,0.7461,0.2539,1,1,0.4954,0.3254,-6.647,1,0
10,0.761,1.0,3,4,0.2473,0.7527,9,0,0.5869,0.4251,-20.882,9,0
23,0.227,0.74,1,1,0.0684,0.9316,8,0,0.9316,0.8632,-9.872,8,0
7,0.516,0.4,4,4,0.0835,0.9165,7,0,0.715,0.5582,-19.101,7,0
5,0.938,1.0,5,8,0.0775,0.9225,7,0,0.2714,0.0464,-17.99,7,0
1,1.0,1.0,5,8,0.1839,0.8161,8,0,0.4203,0.1534,8.314,8,0
16,0.248,1.0,2,4,0.0,1.0,8,0,0.9517,0.9064,22.471,8,0
6,0.0,0.97,5,0,1.0,0.0,4,1,0.8364,0.6869,-7.313,4,0
6,0.578,1.0,5,4,0.1255,0.8745,6,0,0.4834,0.2593,-14.273,6,0
2,0.016,1.0,5,4,0.3486,0.6514,7,0,0.3247,0.1173,-10.941,6,1
11,0.555,0.86,3,4,0.3916,0.6084,7,0,0.3486,0.0711,-20.373,9,1
2,1.0,0.68,5,2,0.9685,0.0315,1,1,0.4657,0.1237,-2.269,1,0
1,1.0,1.0,5,8,0.3069,0.6931,7,0,0.2416,0.0838,-28.097,7,0
6,0.934,1.0,5,8,0.0708,0.9292,7,0,0.2857,0.1062,-15.801,7,0
17,0.748,1.0,2,4,0.0,1.0,8,0,0.7982,0.597,24.667,8,0
7,1.0,0.97,4,4,0.0038,0.9962,6,0,0.6395,0.3128,-1.928,6,0
12,0.35,0.77,3,4,0.3187,0.6813,7,0,0.516,0.3062,-20.989,9,1
24,0.227,1.0,1,1,0.0202,0.9798,8,0,0.9798,0.9596,4.283,8,0
7,0.129,0.4,5,4,0.1133,0.8867,9,0,0.3522,0.1504,-13.854,6,1
2,0.0,0.91,5,0,1.0,0.0,1,1,0.4596,0.2062,-2.167,1,0
8,0.324,1.0,4,4,0.0679,0.9321,9,0,0.9265,0.8853,-19.161,9,0
3,0.646,0.68,5,8,0.1182,0.8818,6,0,0.375,0.1454,4.907,6,0
1,0.0,1.0,5,0,1.0,0.0,1,1,0.5319,0.2391,-32.913,1,0
7,0.938,1.0,5,8,0.0737,0.9263,7,0,0.2725,0.0507,-16.796,7,0
18,1.0,1.0,2,4,0.0,1.0,9,0,0.6748,0.3496,24.95,9,0
8,0.459,0.36,4,4,0.0,1.0,7,0,0.9994,0.9989,-1.362,7,0
13,0.153,0.7,3,4,0.266,0.734,7,0,0.5717,0.4314,-22.127,9,1
24,0.0,1.0,1,0,1.0,0.0,1,1,1.0,1.0,-11.731,1,0
7,0.0,0.4,5,0,1.0,0.0,4,1,0.4857,0.3092,-11.656,4,0
3,1.0,0.91,4,4,0.1597,0.8403,7,0,0.5152,0.3354,2.569,7,0
4,0.262,0.68,5,8,0.1204,0.8796,6,0,0.5019,0.3426,-2.983,6,0
2,1.0,1.0,4,8,0.4186,0.5814,4,1,0.2563,0.0918,-30.414,4,0
8,0.879,1.0,5,8,0.0903,0.9097,7,0,0.2668,0.0308,-16.946,7,0
25,0.009,1.0,0,4,0.0,1.0,8,0,0.4098,0.0697,8.533,8,0
19,1.0,1.0,2,4,0.0,1.0,8,0,0.5536,0.1074,24.05,8,0
8,0.0,0.36,4,0,1.0,0.0,3,1,0.5638,0.2375,-2.981,3,0
13,0.0,0.7,3,0,1.0,0.0,2,1,0.6566,0.4782,-22.131,2,0
8,1.0,0.4,4,4,0.7946,0.2054,0,1,0.7478,0.6693,-11.391,0,0
9,0.324,1.0,4,4,0.0,1.0,7,0,1.0,1.0,-15.877,7,0
3,0.0,0.29,4,0,1.0,0.0,5,1,0.517,0.237,-2.199,5,0
4,0.0,0.68,5,0,1.0,0.0,3,1,0.5471,0.357,-7.16,3,0
3,0.429,1.0,4,8,0.3813,0.6187,3,1,0.2532,0.1038,-32.059,3,0
20,1.0,1.0,2,4,0.0,1.0,9,0,0.6723,0.3449,24.049,9,0
9,0.797,1.0,5,8,0.1183,0.8817,7,0,0.2604,0.0123,-17.171,7,0
9,1.0,0.36,3,4,0.0311,0.9689,7,0,0.3912,0.1003,-1.716,7,0
14,1.0,0.7,2,4,0.0044,0.9956,6,0,0.7963,0.6132,-13.02,6,0
8,0.0,0.4,4,0,1.0,0.0,4,1,0.4728,0.135,-10.284,4,0
4,1.0,0.29,3,4,0.2046,0.7954,8,0,0.3949,0.0634,-0.826,8,0
5,1.0,0.68,4,8,0.0481,0.9519,8,0,0.4582,0.1674,1.717,8,0
3,0.0,1.0,4,0,1.0,0.0,1,1,0.6647,0.4599,-29.483,1,0
21,1.0,1.0,2,4,0.0,1.0,9,0,0.7132,0.4502,23.594,9,0
10,0.091,1.0,4,4,0.0,1.0,8,0,0.9985,0.9976,-8.346,9,1
10,0.724,1.0,5,8,0.1434,0.8566,7,0,0.255,0.0051,-17.339,7,0
1,1.0,1.0,5,8,0.3012,0.6988,24,0,0.5298,0.2834,-16.013,24,0
9,1.0,0.4,3,4,0.2843,0.7157,6,0,0.2464,0.0018,-12.643,6,0
5,0.406,0.19,3,4,0.2201,0.7799,7,0,0.5323,0.3569,-1.787,7,0
15,0.678,0.36,2,4,0.0028,0.9972,6,0,0.7386,0.4925,-11.347,6,0
10,0.601,1.0,3,4,0.1203,0.8797,9,0,0.7037,0.5485,-6.138,9,0
4,1.0,1.0,3,8,0.3168,0.6832,4,1,0.2763,0.0175,-30.655,4,0
22,1.0,1.0,2,4,0.0,1.0,9,0,0.6795,0.4847,23.336,9,0
11,0.645,1.0,5,8,0.1542,0.8458,7,0,0.2449,0.0353,-15.886,7,0
10,0.0,0.86,4,0,1.0,0.0,3,1,0.9897,0.981,4.287,3,0
2,0.654,0.23,5,4,0.1614,0.8386,8,0,0.3854,0.0743,-10.514,8,0
10,0.926,0.32,3,4,0.2642,0.7358,6,0,0.2682,0.0554,-11.845,6,0
5,0.0,0.02,3,0,1.0,0.0,2,1,0.7298,0.5901,-4.298,2,0
6,0.902,1.0,4,8,0.0097,0.9903,22,0,0.9553,0.9402,25.959,22,0
5,0.026,1.0,3,8,0.0604,0.9396,23,0,0.2741,0.1127,-32.34,23,0
11,0.3,0.54,3,4,0.3049,0.6951,7,0,0.3257,0.0701,-1.912,9,1
23,1.0,1.0,2,4,0.0,1.0,7,0,0.5347,0.1337,23.095,7,0
12,0.562,1.0,5,8,0.1984,0.8016,7,0,0.2375,0.0024,-17.667,7,0
16,0.58,1.0,2,4,0.0802,0.9198,7,0,0.6263,0.4109,-9.826,7,0
11,1.0,0.86,3,4,0.0,1.0,8,0,1.0,1.0,0.332,8,0
11,0.852,0.2,3,4,0.2512,0.7488,6,0,0.2564,0.0415,-11.043,6,0
6,1.0,0.02,2,4,0.122,0.878,8,0,0.5372,0.2677,0.693,8,0
6,0.026,0.36,3,1,0.5125,0.4875,7,0,0.4875,0.1256,-27.084,7,0
11,0.0,0.44,3,0,1.0,0.0,5,1,0.4862,0.227,3.476,5,0
13,0.497,1.0,5,8,0.2207,0.7793,7,0,0.2264,0.0002,-17.763,7,0
16,0.0,0.68,2,0,1.0,0.0,3,1,0.7728,0.5457,-19.126,3,0
3,0.902,1.0,5,4,0.2615,0.7385,7,0,0.5314,0.3503,-3.785,7,0
12,0.778,0.02,3,4,0.2448,0.7552,9,0,0.2479,0.0433,-10.144,9,0
7,0.805,1.0,4,4,0.0058,0.9942,9,0,0.9736,0.9535,0.977,9,0
1,1.0,1.0,5,8,0.4308,0.5692,23,0,0.2786,0.0231,-30.236,23,0
12,1.0,0.44,2,4,0.0098,0.9902,9,0,0.4264,0.2089,3.012,9,0
12,0.9,1.0,0,1,0.0,1.0,8,0,1.0,1.0,6.824,8,0
17,1.0,0.68,1,4,0.2399,0.7601,7,0,0.5313,0.2914,-18.565,7,0
14,0.434,1.0,5,8,0.2427,0.7573,6,0,0.2178,0.0039,-17.837,7,1
4,0.47,0.67,5,4,0.3284,0.6716,7,0,0.5098,0.3475,-4.812,7,0
2,0.679,0.55,5,1,0.8234,0.1766,4,1,0.3987,0.2064,-37.113,4,0
13,0.841,0.79,3,4,0.1125,0.8875,9,0,0.4661,0.1268,-14.085,9,0
7,0.382,1.0,2,4,0.0526,0.9474,7,0,0.4661,0.1581,-5.194,9,1
7,0.026,0.88,3,1,0.5751,0.4249,7,0,0.4249,0.1735,-28.427,7,0
4,0.0,0.97,5,0,1.0,0.0,1,1,0.6623,0.4376,-6.585,1,0
12,0.0,0.34,2,0,1.0,0.0,2,1,0.708,0.416,-4.49,2,0
18,1.0,0.74,1,4,0.2476,0.7524,7,0,0.5219,0.2743,-19.989,7,0
15,0.362,0.18,5,8,0.0749,0.9251,6,0,0.4017,0.2267,-15.552,8,1
1,1.0,1.0,5,8,0.0453,0.9547,24,0,0.909,0.8797,-32.502,24,0
3,0.993,0.65,5,4,0.2731,0.7269,9,0,0.6131,0.5035,-34.421,9,0
14,0.278,0.58,3,4,0.1666,0.8334,6,0,0.4484,0.2801,-15.631,9,1
8,0.285,0.07,2,4,0.0344,0.9656,7,0,0.6674,0.557,1.072,9,1
8,0.707,1.0,4,4,0.0033,0.9967,9,0,0.9654,0.9466,16.427,9,0
7,0.0,0.2,3,0,1.0,0.0,5,1,0.5,0.1218,-24.951,1,1
13,1.0,0.34,1,4,0.0111,0.9889,9,0,0.7484,0.6371,-3.615,9,0
5,1.0,0.97,4,4,0.0019,0.9981,9,0,0.9803,0.966,-6.255,9,0
19,1.0,0.81,1,4,0.257,0.743,7,0,0.4928,0.2358,-21.607,7,0
2,0.156,0.08,5,4,0.6266,0.3734,7,0,0.202,0.0061,-31.989,7,0
8,1.0,0.2,2,4,0.0499,0.9501,7,0,0.3962,0.2007,-23.313,7,0
14,0.0,0.58,3,0,1.0,0.0,5,1,0.5144,0.2564,-17.664,5,0
9,0.057,0.65,4,4,0.0007,0.9993,7,0,0.8328,0.6692,16.227,9,1
14,0.669,0.25,1,4,0.0108,0.9892,9,0,0.7014,0.5588,-8.295,9,0
6,0.268,0.18,4,4,0.0157,0.9843,6,0,0.6318,0.3761,-5.078,6,0
2,0.0,0.0,5,0,1.0,0.0,3,1,0.408,0.0262,-30.399,3,0
20,1.0,0.87,1,4,0.2663,0.7337,7,0,0.4489,0.1826,-22.943,7,0
16,0.3,1.0,5,8,0.3036,0.6964,23,0,0.3067,0.1276,-16.204,25,1
4,0.89,1.0,5,4,0.4348,0.5652,9,0,0.3475,0.1425,-32.684,9,0
15,1.0,0.58,2,4,0.0,1.0,7,0,1.0,1.0,-18.103,7,0
8,0.0,0.1,2,0,1.0,0.0,1,1,0.5781,0.1563,-28.456,1,0
9,0.187,1.0,2,4,0.035,0.965,6,0,0.5607,0.3736,-12.46,6,0
9,0.0,0.71,4,0,1.0,0.0,4,1,0.9999,0.9998,21.661,4,0
15,0.662,0.15,1,4,0.0092,0.9908,9,0,0.4742,0.1674,-6.471,9,0
21,1.0,0.93,1,4,0.2739,0.7261,7,0,0.3908,0.1169,-24.231,7,0
17,0.866,1.0,5,4,0.5704,0.4296,5,1,0.2086,0.0069,-13.411,9,1
3,1.0,1.0,4,4,0.068,0.932,9,0,0.682,0.5726,-24.526,9,0
4,0.0,0.91,5,0,1.0,0.0,1,1,0.4719,0.2085,-33.033,1,0
9,1.0,0.1,1,4,0.1234,0.8766,8,0,0.6144,0.491,-24.23,8,0
10,1.0,0.71,3,4,0.0,1.0,7,0,0.9994,0.9988,17.976,7,0
16,1.0,1.0,2,4,0.0505,0.9495,7,0,0.6104,0.4572,-17.64,7,0
9,0.0,0.17,2,0,1.0,0.0,4,1,0.87,0.7401,-5.454,4,0
7,0.268,1.0,4,4,0.0071,0.9929,9,0,0.9821,0.9747,-7.885,9,0
3,0.0,0.11,4,0,1.0,0.0,1,1,0.5748,0.3258,-28.22,1,0
5,1.0,0.91,4,4,0.7214,0.2786,3,1,0.3736,0.2014,-34.85,3,0
16,0.714,0.05,1,4,0.0053,0.9947,7,0,0.577,0.3047,-3.652,7,0
22,1.0,0.99,1,4,0.2255,0.7745,7,0,0.377,0.1515,-20.979,7,0
18,0.58,1.0,5,4,0.1412,0.8588,7,0,0.301,0.0138,-11.37,7,0
10,0.875,0.17,1,4,0.0373,0.9627,9,0,0.3438,0.0205,-10.713,9,0
11,0.791,0.71,3,4,0.0,1.0,7,0,0.9976,0.9952,15.028,7,0
17,0.656,0.3,2,4,0.027,0.973,7,0,0.8807,0.8233,-18.693,7,0
7,0.0,0.23,4,0,1.0,0.0,4,1,0.952,0.9268,-0.583,4,0
4,1.0,0.11,3,4,0.4337,0.5663,4,1,0.2641,0.072,-29.219,4,0
6,0.21,0.81,4,4,0.2135,0.7865,9,0,0.4065,0.1574,-34.767,6,1
10,0.52,0.88,1,4,0.1035,0.8965,7,0,0.3651,0.1523,-26.597,7,0
23,1.0,1.0,1,4,0.2249,0.7751,7,0,0.3371,0.1121,-21.106,7,0
19,0.58,0.14,5,1,0.0655,0.9345,7,0,0.9345,0.8983,-5.521,7,0
12,0.588,0.71,3,4,0.0002,0.9998,7,0,0.9934,0.9869,12.226,7,0
8,1.0,0.23,3,4,0.0,1.0,7,0,1.0,1.0,-8.457,7,0
5,0.732,0.11,3,4,0.4576,0.5424,7,0,0.3968,0.174,-33.145,7,0
6,0.0,0.18,4,0,1.0,0.0,5,1,0.343,0.0501,-27.799,1,1
17,0.714,1.0,1,4,0.0031,0.9969,7,0,0.9661,0.9447,-2.831,7,0
10,0.0,0.1,1,0,1.0,0.0,2,1,1.0,1.0,-30.221,2,0
24,1.0,1.0,1,4,0.2232,0.7768,7,0,0.3002,0.0736,-21.03,7,0
11,0.66,1.0,1,4,0.03,0.97,9,0,0.5381,0.1412,-7.135,9,0
18,0.3,1.0,2,4,0.1172,0.8828,7,0,0.6574,0.5681,-21.829,9,1
13,0.376,0.71,3,4,0.0006,0.9994,7,0,0.9819,0.9646,9.619,7,0
6,0.482,0.11,3,4,0.4562,0.5438,7,0,0.3642,0.1585,-34.644,7,0
7,1.0,0.18,3,4,0.1096,0.8904,6,0,0.3014,0.0137,-28.098,6,0
11,1.0,0.1,0,4,0.0,1.0,7,0,0.6289,0.4539,-29.208,7,0
12,0.603,0.5,1,4,0.0046,0.9954,9,0,0.7232,0.4688,-3.058,9,0
18,0.0,0.86,2,0,1.0,0.0,2,1,0.6044,0.2089,-22.036,3,1
14,0.177,0.71,3,4,0.0022,0.9978,7,0,0.9563,0.9151,7.612,7,0
9,0.689,1.0,3,4,0.0153,0.9847,7,0,0.9286,0.8938,-3.007,7,0
25,1.0,1.0,1,3,0.8403,0.1597,5,1,0.8403,0.7301,-22.543,5,0
20,0.58,1.0,5,1,0.3323,0.6677,7,0,0.6677,0.4256,-5.02,4,1
7,0.224,0.11,3,4,0.4618,0.5382,7,0,0.31,0.089,-35.926,7,0
19,1.0,0.86,1,4,0.0959,0.9041,7,0,0.4864,0.1441,-20.686,7,0
13,0.542,0.06,1,4,0.0028,0.9972,9,0,0.6664,0.3407,6.994,9,0
14,0.0,0.77,3,0,1.0,0.0,0,1,0.4721,0.1637,7.748,0,0
10,0.748,0.74,3,4,0.0024,0.9976,7,0,0.9815,0.9703,-0.796,7,0
18,0.714,1.0,1,4,0.0,1.0,7,0,1.0,1.0,11.695,7,0
8,1.0,1.0,3,4,0.3578,0.6422,7,0,0.4124,0.2274,-32.521,7,0
26,0.606,1.0,1,4,0.1196,0.8804,7,0,0.5603,0.4062,-27.32,8,1
7,0.0,0.11,3,0,1.0,0.0,2,1,0.4805,0.0213,-31.363,1,1
21,0.193,0.78,5,1,0.1858,0.8142,7,0,0.8142,0.7288,-5.474,4,1
12,1.0,0.88,0,1,0.0,1.0,7,0,1.0,1.0,-31.379,7,0
20,0.137,0.86,1,4,0.0207,0.9793,7,0,0.5456,0.2936,-19.075,6,1
15,1.0,0.77,2,4,0.0025,0.9975,8,0,0.9972,0.9948,12.043,8,0
10,0.0,0.64,3,0,1.0,0.0,2,1,0.5853,0.3015,-1.861,3,1
9,0.772,0.91,3,4,0.3515,0.6485,6,0,0.3325,0.0456,-30.996,6,0
8,1.0,0.11,2,4,0.2549,0.7451,6,0,0.2624,0.0616,-30.173,6,0
19,0.484,0.74,1,4,0.0,1.0,7,0,1.0,1.0,13.328,7,0
14,0.484,1.0,1,4,0.0001,0.9999,9,0,0.9836,0.9675,18.063,9,0
26,0.0,0.86,1,0,1.0,0.0,3,1,1.0,1.0,-29.113,3,0
21,0.0,0.59,5,0,1.0,0.0,3,1,0.6467,0.4534,-0.413,4,1
13,1.0,0.39,0,1,0.0,1.0,7,0,1.0,1.0,-27.805,7,0
20,0.0,0.86,1,0,1.0,0.0,3,1,1.0,1.0,-9.318,3,0
16,1.0,0.28,2,1,0.3691,0.6309,8,0,0.6309,0.2982,20.888,8,0
11,1.0,0.64,2,4,0.0004,0.9996,8,0,0.9809,0.9636,4.568,8,0
10,0.516,0.44,3,4,0.3847,0.6153,7,0,0.3229,0.0553,-30.185,1,1
8,1.0,0.0,2,0,1.0,0.0,1,1,0.6906,0.3813,-30.474,1,0
20,0.275,0.46,1,4,0.0,1.0,7,0,1.0,1.0,15.485,7,0
27,1.0,0.86,0,3,0.0,1.0,6,0,0.6322,0.3705,-32.268,6,0
15,0.288,0.56,1,4,0.0001,0.9999,9,0,0.985,0.9705,23.871,9,0
22,1.0,0.59,4,4,0.0019,0.9981,7,0,0.9963,0.9948,1.469,7,0
21,1.0,0.86,0,4,0.0,1.0,8,0,0.6268,0.3901,-21.614,8,0
11,0.46,0.0,2,0,1.0,0.0,5,1,0.8745,0.749,-7.632,3,1
11,0.272,0.34,3,4,0.2591,0.7409,6,0,0.553,0.3874,-28.093,6,0
16,0.093,0.41,1,4,0.0029,0.9971,9,0,0.9633,0.931,26.068,9,0
14,1.0,0.88,0,1,0.0,1.0,7,0,1.0,1.0,-15.975,7,0
17,1.0,1.0,2,1,0.0208,0.9792,8,0,0.9792,0.9677,28.038,8,0
21,0.275,0.19,1,4,0.0,1.0,7,0,1.0,1.0,14.383,7,0
28,0.667,0.45,0,3,0.0,1.0,6,0,0.6956,0.4499,-31.119,6,0
23,1.0,0.81,4,4,0.441,0.559,7,0,0.5302,0.1737,1.758,7,0
9,1.0,1.0,2,4,0.2336,0.7664,9,0,0.4539,0.2385,-32.594,9,0
16,0.0,0.27,1,0,1.0,0.0,3,1,1.0,1.0,28.147,3,0
15,0.576,0.53,0,1,0.0,1.0,7,0,1.0,1.0,-17.957,7,0
22,0.901,1.0,0,4,0.0,1.0,7,0,0.4962,0.2465,-21.288,7,0
12,0.877,1.0,2,4,0.0085,0.9915,7,0,0.826,0.706,-9.547,7,0
12,0.333,1.0,3,4,0.3215,0.6785,6,0,0.4063,0.1591,-29.224,6,0
17,0.0,0.59,2,0,1.0,0.0,5,1,0.8623,0.7245,25.474,5,0
23,0.0,0.62,4,0,1.0,0.0,4,1,0.6117,0.4426,-2.935,4,0
9,0.0,1.0,2,0,1.0,0.0,2,1,0.6437,0.2873,-33.689,2,0
17,0.751,0.27,0,4,0.0,1.0,8,0,0.4783,0.0624,28.587,8,0
18,1.0,0.59,1,4,0.0,1.0,7,0,0.8897,0.7793,28.165,7,0
29,0.333,1.0,0,3,0.0,1.0,6,0,0.7573,0.625,-32.016,6,0
16,0.155,0.17,0,1,0.0,1.0,7,0,1.0,1.0,-19.589,7,0
24,1.0,0.62,3,4,0.184,0.816,7,0,0.4987,0.2644,-6.418,7,0
1,1.0,1.0,5,8,0.7517,0.2483,4,1,0.6183,0.5196,-34.196,4,0
13,0.292,0.55,2,1,0.0014,0.9986,7,0,0.9986,0.9977,-7.328,7,0
12,0.0,0.42,3,0,1.0,0.0,1,1,0.6795,0.4594,-21.71,1,0
10,1.0,1.0,1,4,0.0091,0.9909,7,0,0.9113,0.8736,-38.026,7,0
18,0.811,0.27,0,4,0.0,1.0,8,0,0.5147,0.1292,29.178,8,0
30,0.159,1.0,0,3,0.0,1.0,6,0,0.5506,0.325,-30.096,6,0
25,1.0,0.62,3,4,0.1939,0.8061,7,0,0.454,0.1844,-6.536,7,0
2,0.673,1.0,5,8,0.4888,0.5112,24,0,0.3603,0.1171,-33.464,24,0
13,1.0,0.42,2,4,0.2551,0.7449,6,0,0.45,0.2247,-24.689,6,0
11,0.445,0.95,1,4,0.0132,0.9868,7,0,0.894,0.8522,-38.58,7,0
19,1.0,0.77,1,4,0.0,1.0,7,0,0.8785,0.7619,30.668,7,0
19,0.401,0.27,0,4,0.0,1.0,6,0,0.474,0.1932,22.339,6,0
17,0.155,0.88,0,1,0.0,1.0,7,0,1.0,1.0,-13.756,7,0
3,0.487,0.66,5,4,0.5876,0.4124,7,0,0.2283,0.079,-29.65,7,0
1,1.0,1.0,5,8,0.3926,0.6074,23,0,0.1897,0.046,-34.871,23,0
14,0.17,1.0,2,1,0.0016,0.9984,7,0,0.9984,0.9969,-4.431,7,0
11,0.0,0.83,1,0,1.0,0.0,5,1,1.0,1.0,-37.483,5,0
26,0.505,0.62,3,4,0.2809,0.7191,7,0,0.5123,0.3297,-8.528,7,0
20,0.941,0.84,1,4,0.0,1.0,7,0,0.5184,0.0717,29.41,9,1
18,0.155,0.29,0,1,0.0,1.0,7,0,1.0,1.0,14.114,7,0
3,0.0,0.66,5,0,1.0,0.0,0,1,0.309,0.0057,-29.56,1,1
14,0.0,0.76,2,0,1.0,0.0,3,1,0.998,0.996,3.812,3,0
12,1.0,0.83,0,4,0.0,1.0,7,0,0.5597,0.386,-37.117,7,0
14,0.901,1.0,2,4,0.115,0.885,8,0,0.8001,0.6883,-16.161,8,0
27,1.0,0.62,3,4,0.2032,0.7968,7,0,0.3722,0.0271,-6.445,7,0
1,1.0,1.0,5,8,0.2256,0.7744,24,0,0.6391,0.4835,-20.699,24,0
21,0.905,0.9,1,4,0.0,1.0,9,0,0.7489,0.5771,28.465,9,0
4,1.0,0.66,4,4,0.5531,0.4469,3,1,0.3239,0.0954,-30.218,3,0
15,1.0,0.76,1,4,0.0,1.0,9,0,0.9906,0.9814,2.155,9,0
13,1.0,0.77,0,4,0.0,1.0,7,0,0.7845,0.6731,-37.816,7,0
2,1.0,1.0,5,4,0.1257,0.8743,8,0,0.8498,0.7923,-29.326,8,0
14,0.0,0.69,2,0,1.0,0.0,0,1,0.9465,0.8929,-16.586,2,1
2,1.0,0.74,5,4,0.0606,0.9394,8,0,0.9082,0.8639,-20.418,8,0
28,1.0,0.62,3,4,0.2006,0.7994,8,0,0.3847,0.0466,-6.253,8,0
22,0.868,0.62,1,4,0.0,1.0,7,0,0.9846,0.9708,30.709,7,0
5,0.684,0.66,4,4,0.2302,0.7698,7,0,0.3255,0.085,-29.621,9,1
16,0.162,0.26,1,4,0.0029,0.9971,7,0,0.4867,0.1926,5.996,9,1
14,0.341,1.0,0,4,0.0,1.0,7,0,0.6643,0.4693,-35.733,7,0
3,0.253,0.62,5,4,0.163,0.837,8,0,0.7273,0.6714,-32.626,8,0
15,0.679,0.69,1,4,0.0082,0.9918,6,0,0.9645,0.9511,-18.502,6,0
29,1.0,0.16,3,4,0.0325,0.9675,8,0,0.5767,0.2606,-2.666,8,0
3,0.866,0.48,5,4,0.171,0.829,8,0,0.6997,0.5583,-18.964,8,0
1,1.0,1.0,5,8,0.0862,0.9138,24,0,0.4707,0.3429,-17.444,24,0
23,0.832,0.16,1,4,0.0,1.0,7,0,0.9999,0.9999,34.338,7,0
6,0.365,0.66,4,4,0.2556,0.7444,7,0,0.4598,0.3095,-30.094,9,1
16,0.0,0.26,1,0,1.0,0.0,2,1,1.0,1.0,4.022,2,0
4,0.722,0.21,5,4,0.2944,0.7056,8,0,0.352,0.0918,-17.794,8,0
2,0.5,0.33,5,4,0.3811,0.6189,7,0,0.3484,0.1327,-25.003,7,0
4,0.253,1.0,5,4,0.0054,0.9946,8,0,0.9824,0.9729,-25.208,8,0
30,0.003,1.0,3,4,0.0578,0.9422,7,0,0.6544,0.3832,-0.132,8,1
24,0.795,0.1,1,4,0.0,1.0,7,0,0.9999,0.9999,34.519,7,0
17,0.46,0.26,0,4,0.0,1.0,7,0,0.8631,0.7812,4.255,7,0
7,0.056,0.66,4,4,0.2645,0.7355,7,0,0.5281,0.3591,-30.674,7,0
16,0.679,1.0,1,1,0.0,1.0,6,0,1.0,1.0,-5.739,6,0
1,1.0,1.0,5,8,0.0015,0.9985,8,0,0.4421,0.1282,-18.426,8,0
2,0.0,0.0,5,0,1.0,0.0,1,1,0.5169,0.1201,-25.289,5,1
4,0.0,0.25,5,0,1.0,0.0,4,1,0.9934,0.9872,-19.496,4,0
30,0.0,0.91,3,0,1.0,0.0,1,1,0.9058,0.8524,-2.287,2,1
25,0.758,0.04,1,4,0.0,1.0,7,0,0.9999,0.9999,34.7,7,0
7,0.0,0.66,4,0,1.0,0.0,0,1,0.4585,0.0915,-31.976,1,1
16,0.0,0.57,1,0,1.0,0.0,2,1,1.0,1.0,-2.997,2,0
3,1.0,1.0,4,4,0.3202,0.6798,7,0,0.4635,0.1956,-25.117,7,0
5,0.577,1.0,5,4,0.6682,0.3318,5,1,0.3544,0.0984,-20.598,8,1
5,1.0,0.25,4,4,0.0,1.0,7,0,1.0,1.0,-19.242,7,0
31,1.0,0.91,2,4,0.2747,0.7253,6,0,0.3905,0.1291,-2.355,6,0
2,1.0,1.0,5,2,0.3656,0.6344,24,0,0.5981,0.4048,-6.324,24,0
8,1.0,0.66,3,4,0.162,0.838,7,0,0.4648,0.3133,-32.567,7,0
17,1.0,0.57,0,4,0.0,1.0,7,0,0.9082,0.8492,-3.385,7,0
1,1.0,1.0,5,8,0.3295,0.6705,7,0,0.2593,0.0586,-22.735,7,0
4,0.757,0.72,4,4,0.1918,0.8082,7,0,0.3974,0.026,-25.24,7,0
31,0.0,0.81,2,0,1.0,0.0,0,1,0.6783,0.3565,-6.577,0,0
3,0.829,0.13,5,1,0.0539,0.9461,8,0,0.9461,0.9247,2.246,8,0
6,1.0,1.0,5,4,0.0,1.0,8,0,1.0,0.9999,-15.762,8,0
2,0.22,0.77,0,8,0.0,1.0,9,0,0.2765,0.0229,-22.164,9,0
9,1.0,0.66,3,4,0.1714,0.8286,7,0,0.4642,0.3143,-32.519,7,0
18,0.299,0.27,0,1,0.0,1.0,7,0,1.0,1.0,-6.52,7,0
5,0.539,0.45,4,4,0.0795,0.9205,6,0,0.7297,0.5659,-25.361,6,0
32,0.866,0.81,1,4,0.0053,0.9947,8,0,0.6083,0.2748,-5.581,8,0
6,1.0,1.0,4,4,0.0,1.0,6,0,0.998,0.9962,-18.451,6,0
7,0.438,0.68,5,4,0.0,1.0,8,0,0.9999,0.9999,-18.379,8,0
2,0.0,0.2,5,0,1.0,0.0,5,1,0.6059,0.3878,-19.267,5,0
10,1.0,0.66,3,4,0.1814,0.8186,7,0,0.463,0.3149,-32.464,7,0
1,1.0,1.0,5,8,0.2978,0.7022,1,1,0.2183,0.0007,-24.228,1,0
7,0.0,0.74,5,0,1.0,0.0,3,1,0.4425,0.0539,-17.756,3,0
33,0.866,0.31,1,4,0.0006,0.9994,8,0,0.721,0.499,-0.251,8,0
7,0.21,0.54,4,4,0.0002,0.9998,6,0,0.9556,0.9115,-18.885,6,0
4,0.435,1.0,5,1,0.557,0.443,8,0,0.443,0.0161,-3.905,8,0
3,1.0,0.2,4,8,0.0183,0.9817,9,0,0.6453,0.3264,-19.363,9,0
2,0.801,0.91,5,8,0.5629,0.4371,4,1,0.1716,0.0403,-25.544,4,0
6,0.539,1.0,4,4,0.0073,0.9927,6,0,0.9875,0.9829,-24.896,6,0
11,1.0,0.66,3,4,0.1917,0.8083,7,0,0.4612,0.3153,-32.403,7,0
8,1.0,0.74,4,4,0.2289,0.7711,9,0,0.3518,0.0258,-19.893,9,0
7,0.0,0.11,4,0,1.0,0.0,1,1,0.771,0.5927,-21.962,3,1
4,0.0,1.0,5,0,1.0,0.0,4,1,0.4273,0.1512,-5.952,4,0
12,1.0,0.66,3,4,0.2025,0.7975,7,0,0.4587,0.3153,-32.336,7,0
3,0.575,0.81,5,8,0.2381,0.7619,24,0,0.5431,0.4141,-29.608,24,0
9,1.0,0.8,4,4,0.4635,0.5365,0,1,0.2919,0.0525,-21.681,0,0
6,0.0,1.0,4,0,1.0,0.0,2,1,0.5431,0.1517,-25.28,5,1
34,0.866,0.59,1,4,0.001,0.999,8,0,0.9114,0.8724,-2.422,8,0
4,0.539,1.0,4,8,0.0919,0.9081,22,0,0.6044,0.5022,-19.895,22,0
1,1.0,1.0,5,8,0.2462,0.7538,23,0,0.4459,0.3316,-24.314,23,0
8,1.0,0.11,3,4,0.0001,0.9999,9,0,0.9999,0.9998,-20.653,9,0
5,1.0,1.0,4,4,0.0007,0.9993,6,0,0.9967,0.9949,-6.932,6,0
13,1.0,0.66,3,4,0.2136,0.7864,7,0,0.4556,0.3149,-32.262,7,0
10,0.282,0.87,4,4,0.6258,0.3742,3,1,0.4142,0.2471,-25.682,6,1
7,1.0,1.0,3,4,0.4583,0.5417,6,0,0.3491,0.0394,-23.931,6,0
3,0.0,0.71,5,0,1.0,0.0,1,1,0.5494,0.3624,-29.384,3,1
35,0.362,0.49,1,3,0.0088,0.9912,8,0,0.5389,0.183,-3.603,8,0
4,0.0,0.43,4,0,1.0,0.0,2,1,0.5228,0.2593,-15.845,2,0
2,0.636,0.86,5,4,0.2983,0.7017,7,0,0.4606,0.3393,-31.106,7,0
14,1.0,0.66,3,4,0.225,0.775,7,0,0.4516,0.3068,-32.182,7,0
6,1.0,0.57,4,4,0.0,1.0,6,0,0.9999,0.9998,2.992,6,0
11,1.0,0.93,4,4,0.4096,0.5904,9,0,0.2774,0.0268,-22.349,9,0
8,0.477,0.36,3,1,0.2378,0.7622,6,0,0.7622,0.5902,-27.144,6,0
4,0.801,0.71,4,4,0.3228,0.6772,8,0,0.2902,0.0542,-29.94,8,0
35,0.0,0.61,1,0,1.0,0.0,2,1,1.0,1.0,-3.981,2,0
15,1.0,0.66,3,4,0.2367,0.7633,7,0,0.4469,0.2926,-32.097,7,0
1,1.0,1.0,5,8,0.4321,0.5679,4,1,0.3,0.1041,-13.676,4,0
5,1.0,0.43,3,4,0.2795,0.7205,9,0,0.4168,0.2031,-12.564,9,0
12,1.0,0.99,4,4,0.4539,0.5461,0,1,0.2804,0.0284,-22.795,0,0
3,0.252,0.71,5,4,0.4244,0.5756,7,0,0.3411,0.0859,-31.408,7,0
9,1.0,1.0,3,4,0.0,1.0,8,0,0.9998,0.9995,-15.422,8,0
7,0.713,0.16,4,4,0.0,1.0,6,0,0.9989,0.9981,3.857,6,0
8,0.0,0.36,3,0,1.0,0.0,5,1,0.6038,0.3579,-24.825,5,0
5,0.297,0.12,4,4,0.5686,0.4314,2,1,0.4661,0.1838,-29.837,8,1
36,1.0,0.61,0,4,0.0,1.0,7,0,0.7146,0.4395,-5.817,7,0
16,1.0,0.66,3,3,0.6393,0.3607,1,1,0.5255,0.3839,-32.218,1,0
12,0.0,1.0,4,0,1.0,0.0,1,1,0.8055,0.7144,-20.011,1,0
2,0.68,0.91,5,8,0.5599,0.4401,5,1,0.242,0.1139,-13.078,0,1
3,0.0,0.56,5,0,1.0,0.0,1,1,0.6805,0.5144,-29.893,1,0
9,0.0,0.62,3,0,1.0,0.0,3,1,0.9895,0.9835,-20.516,3,0
9,1.0,0.36,2,4,0.0564,0.9436,6,0,0.5034,0.3224,-23.937,6,0
6,0.614,0.03,4,4,0.1401,0.8599,7,0,0.631,0.4877,-29.712,7,0
37,0.894,0.34,0,4,0.0,1.0,7,0,0.8232,0.6555,-4.966,7,0
17,0.5,0.66,3,4,0.0977,0.9023,7,0,0.3233,0.0601,-33.114,6,1
13,1.0,1.0,3,4,0.2737,0.7263,8,0,0.334,0.094,-24.896,8,0
4,1.0,0.56,4,4,0.1193,0.8807,7,0,0.7661,0.6699,-27.989,7,0
3,0.71,0.81,5,8,0.5404,0.4596,4,1,0.2712,0.0871,-12.589,24,1
6,0.78,1.0,3,4,0.003,0.997,9,0,0.9968,0.995,-9.166,9,0
10,1.0,0.62,2,4,0.0,1.0,7,0,0.9975,0.995,-18.017,7,0
8,0.456,1.0,4,4,0.3852,0.6148,9,0,0.4055,0.0616,-5.476,9,0
38,0.796,0.2,0,4,0.0,1.0,7,0,0.8502,0.7103,-4.909,7,0
18,0.438,0.66,3,4,0.1032,0.8968,7,0,0.3128,0.0553,-33.161,6,1
14,0.825,0.83,3,4,0.3306,0.6694,8,0,0.2982,0.0653,-25.325,8,0
3,0.0,0.71,5,0,1.0,0.0,2,1,0.3176,0.0912,-14.593,1,1
8,0.0,0.83,4,0,1.0,0.0,3,1,0.8149,0.6868,-3.446,3,0
10,1.0,1.0,2,1,0.0688,0.9312,6,0,0.9312,0.8872,-27.568,6,0
7,0.244,1.0,4,4,0.3265,0.6735,7,0,0.2671,0.0363,-33.885,9,1
19,0.438,0.66,3,4,0.1085,0.8915,7,0,0.3033,0.0429,-33.161,6,1
15,0.653,0.66,3,4,0.4139,0.5861,8,0,0.2641,0.0177,-25.715,8,0
4,1.0,0.71,4,8,0.1446,0.8554,23,0,0.3049,0.0656,-17.075,23,0
5,0.592,1.0,4,4,0.7877,0.2123,3,1,0.707,0.5243,-31.909,3,0
9,1.0,0.83,3,4,0.2279,0.7721,9,0,0.4084,0.1276,-6.978,9,0
7,0.199,1.0,3,4,0.3857,0.6143,9,0,0.4663,0.1383,-3.299,9,0
11,1.0,1.0,2,4,0.0,1.0,8,0,1.0,1.0,-13.705,8,0
10,0.0,0.4,2,0,1.0,0.0,3,1,0.8626,0.7251,-25.692,3,0
8,0.244,0.81,4,4,0.1979,0.8021,7,0,0.3686,0.1589,-32.302,8,1
39,0.682,1.0,0,4,0.0,1.0,7,0,0.6133,0.3736,-7.009,7,0
5,0.731,0.19,4,4,0.4578,0.5422,3,1,0.3932,0.1632,-22.109,3,0
20,0.438,0.66,3,4,0.1146,0.8854,7,0,0.2941,0.0309,-33.153,6,1
16,0.714,0.52,3,4,0.3517,0.6483,8,0,0.3027,0.0876,-24.964,8,0
6,0.662,0.86,4,4,0.4169,0.5831,5,1,0.2455,0.0564,-34.441,7,1
11,1.0,0.4,1,4,0.0748,0.9252,7,0,0.4245,0.2091,-21.099,7,0
9,0.0,0.83,3,0,1.0,0.0,1,1,0.9369,0.8841,-8.006,1,0
7,0.0,1.0,3,0,1.0,0.0,1,1,0.8604,0.7709,-10.17,1,0
12,1.0,0.25,2,4,0.0,1.0,8,0,0.9858,0.9715,-5.566,8,0
9,0.244,0.7,4,4,0.0914,0.9086,7,0,0.3254,0.054,-31.1,8,1
5,0.0,0.09,4,0,1.0,0.0,2,1,0.3448,0.1077,-14.923,2,0
21,0.438,0.66,3,4,0.1212,0.8788,7,0,0.2851,0.0194,-33.138,6,1
17,0.533,0.35,3,4,0.4349,0.5651,2,1,0.2451,0.0135,-25.312,8,1
7,0.132,0.57,4,4,0.2739,0.7261,6,0,0.4878,0.2609,-32.462,6,0
10,1.0,0.83,2,4,0.0,1.0,7,0,0.9997,0.9994,-8.643,7,0
8,1.0,1.0,2,4,0.1092,0.8908,8,0,0.733,0.6102,-4.147,8,0
12,0.414,0.32,1,4,0.0523,0.9477,7,0,0.6372,0.5196,-21.571,7,0
10,0.244,0.6,4,4,0.0508,0.9492,8,0,0.3903,0.0793,-29.959,7,1
1,1.0,1.0,5,8,0.0541,0.9459,9,0,0.2847,0.1164,-22.965,9,0
6,0.731,0.09,3,4,0.1679,0.8321,7,0,0.3608,0.1137,-17.072,7,0
22,0.391,0.66,3,4,0.1289,0.8711,7,0,0.2769,0.0166,-33.134,6,1
18,0.664,0.41,3,4,0.0075,0.9925,7,0,0.9624,0.933,-24.477,7,0
7,0.0,0.53,4,0,1.0,0.0,2,1,0.527,0.3285,-32.26,2,0
12,0.0,0.32,1,0,1.0,0.0,4,1,1.0,1.0,-17.455,4,0
2,0.479,0.68,5,8,0.027,0.973,9,0,0.6296,0.5076,-24.904,9,0
23,0.352,0.66,3,4,0.1508,0.8492,7,0,0.2763,0.0178,-32.808,6,1
6,0.0,0.0,3,0,1.0,0.0,5,1,0.5473,0.2108,-16.639,1,1
8,1.0,0.53,3,4,0.2658,0.7342,9,0,0.2606,0.0385,-32.042,9,0
11,1.0,1.0,2,1,0.5422,0.4578,5,1,0.4618,0.004,0.676,5,0
9,0.746,1.0,2,1,0.9985,0.0015,4,1,0.9917,0.9848,-1.34,4,0
11,0.244,1.0,4,4,0.0274,0.9726,7,0,0.5083,0.0575,-26.487,8,1
1,1.0,1.0,5,8,0.2391,0.7609,25,0,0.5591,0.3338,-21.758,25,0
13,1.0,0.32,0,4,0.0,1.0,7,0,0.6924,0.5635,-22.094,7,0
2,0.0,0.37,5,0,1.0,0.0,1,1,0.3462,0.0876,-24.291,2,1
7,0.71,1.0,2,4,0.1172,0.8828,7,0,0.7873,0.7055,-21.391,7,0
24,0.008,0.66,3,4,0.1651,0.8349,8,0,0.3181,0.0696,-32.752,8,0
19,0.726,1.0,3,4,0.0,1.0,7,0,1.0,1.0,-19.823,7,0
9,0.075,0.21,3,4,0.5209,0.4791,3,1,0.4939,0.3045,-33.405,3,0
11,0.0,0.91,2,0,1.0,0.0,2,1,0.5912,0.1824,-3.058,1,1
10,0.325,1.0,2,4,0.2791,0.7209,9,0,0.4867,0.3462,-7.689,8,1
12,0.134,0.84,4,4,0.0142,0.9858,7,0,0.904,0.8235,-26.145,8,1
1,1.0,0.0,5,0,1.0,0.0,4,1,0.5961,0.3242,-29.946,4,0
14,1.0,0.16,0,4,0.0,1.0,7,0,0.5386,0.3515,-21.163,7,0
3,1.0,0.37,4,8,0.1539,0.8461,23,0,0.3601,0.0975,-27.542,23,0
8,0.77,1.0,2,4,0.12,0.88,7,0,0.7762,0.6911,-21.194,7,0
12,1.0,0.91,1,4,0.0,1.0,8,0,0.9999,0.9998,-4.258,8,0
24,0.0,0.66,3,0,1.0,0.0,0,1,0.668,0.4808,-33.18,0,0
10,0.364,0.09,3,4,0.3003,0.6997,9,0,0.2993,0.0939,-32.711,9,0
10,0.0,0.77,2,0,1.0,0.0,3,1,0.9128,0.8255,-11.71,3,0
12,0.0,0.58,4,0,1.0,0.0,0,1,0.6435,0.4604,-20.611,3,1
3,1.0,0.26,4,0,1.0,0.0,2,1,0.5233,0.1119,3.483,2,0
9,0.26,1.0,2,4,0.1162,0.8838,7,0,0.791,0.7181,-22.05,7,0
20,0.788,1.0,3,3,0.1693,0.8307,8,0,0.7614,0.6103,-10.132,8,0
12,0.0,0.81,1,0,1.0,0.0,1,1,1.0,1.0,-12.553,1,0
10,0.0,0.0,3,0,1.0,0.0,2,1,0.5994,0.3493,-34.647,2,0
11,1.0,0.77,1,4,0.3132,0.6868,1,1,0.3132,0.0877,-11.335,1,0
25,1.0,0.66,2,3,0.1183,0.8817,9,0,0.6502,0.5111,-32.312,9,0
2,1.0,1.0,5,4,0.802,0.198,1,1,0.284,0.0252,-27.627,1,0
13,1.0,0.58,3,4,0.0001,0.9999,7,0,0.9998,0.9997,-25.322,7,0
4,0.715,0.32,4,4,0.0679,0.9321,6,0,0.6816,0.5372,-5.698,6,0
15,1.0,1.0,0,4,0.0,1.0,7,0,0.444,0.1641,-25.203,7,0
10,0.32,1.0,2,4,0.1156,0.8844,7,0,0.7942,0.7213,-21.957,7,0
13,1.0,0.81,0,4,0.0,1.0,8,0,0.9972,0.9958,-17.03,8,0
11,0.075,1.0,2,4,0.084,0.916,6,0,0.5987,0.4068,-35.958,6,0
12,0.595,0.77,1,4,0.0132,0.9868,9,0,0.927,0.8949,-5.707,9,0
3,0.686,1.0,5,4,0.3558,0.6442,6,0,0.5009,0.2918,-26.465,6,0
21,0.85,0.29,3,3,0.0259,0.9741,8,0,0.9545,0.9349,-3.306,8,0
25,0.763,0.7,2,0,1.0,0.0,2,1,0.6361,0.2723,-32.957,2,0
14,1.0,0.72,3,4,0.0808,0.9192,6,0,0.6376,0.4639,-25.316,6,0
16,0.464,1.0,0,4,0.0,1.0,7,0,0.7015,0.5857,-27.104,7,0
11,0.38,1.0,2,4,0.1161,0.8839,7,0,0.7948,0.7207,-21.857,7,0
12,0.075,0.81,2,4,0.2446,0.7554,7,0,0.2982,0.0867,-32.079,7,0
4,0.477,0.11,5,4,0.5074,0.4926,6,0,0.2752,0.0614,-27.545,6,0
5,0.715,1.0,0,1,0.0,1.0,6,0,1.0,1.0,0.99,6,0
26,1.0,0.7,2,4,0.0578,0.9422,7,0,0.436,0.1531,-32.603,7,0
14,0.0,0.37,3,0,1.0,0.0,5,1,0.4701,0.1155,-30.989,3,1
17,0.502,1.0,0,4,0.0,1.0,7,0,0.7114,0.6144,-27.916,7,0
11,0.0,1.0,2,0,1.0,0.0,1,1,0.762,0.524,-22.245,1,0
1,1.0,1.0,5,8,0.1564,0.8436,23,0,0.3575,0.1007,-39.532,23,0
22,0.912,1.0,3,3,0.0849,0.9151,8,0,0.9151,0.8307,-0.021,8,0
27,0.938,0.69,2,4,0.0717,0.9283,9,0,0.3839,0.0896,-32.381,9,0
13,0.075,0.87,2,4,0.3834,0.6166,1,1,0.2548,0.0119,-31.985,4,1
13,0.444,1.0,1,1,0.0656,0.9344,9,0,0.9344,0.8687,-4.66,9,0
5,0.267,0.17,5,4,0.5185,0.4815,6,0,0.2508,0.0408,-27.192,6,0
6,0.433,0.65,0,1,0.0,1.0,6,0,1.0,1.0,1.672,6,0
15,1.0,0.37,2,4,0.0106,0.9894,7,0,0.644,0.3537,-30.252,7,0
18,0.191,1.0,0,4,0.0,1.0,7,0,0.7555,0.6648,-28.247,7,0
12,1.0,1.0,1,4,0.0425,0.9575,6,0,0.4101,0.128,-22.302,6,0
2,1.0,1.0,5,4,0.2274,0.7726,6,0,0.4817,0.3275,-27.115,6,0
14,0.356,0.93,2,4,0.2999,0.7001,6,0,0.2741,0.0604,-33.86,7,1
23,0.686,0.78,3,4,0.034,0.966,8,0,0.9419,0.9167,-0.081,8,0
13,0.0,1.0,1,0,1.0,0.0,3,1,1.0,1.0,-8.889,3,0
6,0.047,0.23,5,4,0.5311,0.4689,0,1,0.214,0.0032,-27.326,6,1
28,0.884,0.67,2,4,0.073,0.927,9,0,0.398,0.1357,-32.232,9,0
7,0.17,0.29,4,4,0.2821,0.7179,7,0,0.3028,0.055,-0.252,6,1
2,0.0,1.0,5,0,1.0,0.0,1,1,0.4113,0.1056,-24.812,5,1
14,0.0,0.89,2,0,1.0,0.0,4,1,0.7705,0.5409,-36.078,4,0
14,1.0,1.0,0,4,0.0,1.0,9,0,0.9706,0.9412,-10.072,9,0
1,1.0,1.0,5,8,0.5703,0.4297,4,1,0.3208,0.1703,-28.482,4,0
7,0.152,0.3,5,4,0.2635,0.7365,7,0,0.477,0.3322,-28.76,7,0
7,0.0,0.35,4,0,1.0,0.0,3,1,0.7713,0.6161,-4.665,3,0
16,0.43,1.0,2,4,0.1198,0.8802,6,0,0.4457,0.1421,-34.273,8,1
24,0.409,0.53,3,4,0.031,0.969,8,0,0.6123,0.2555,-0.338,8,0
29,0.825,0.66,2,4,0.0736,0.9264,9,0,0.4061,0.1683,-32.081,9,0
3,1.0,1.0,4,4,0.1968,0.8032,6,0,0.4424,0.2992,-25.501,6,0
13,0.902,1.0,1,4,0.0421,0.9579,7,0,0.4851,0.1058,-23.56,7,0
15,1.0,0.89,1,4,0.0109,0.9891,9,0,0.447,0.1517,-36.92,9,0
15,0.719,0.45,0,4,0.0,1.0,8,0,0.8031,0.6061,-2.829,8,0
2,0.734,1.0,5,8,0.2537,0.7463,23,0,0.3494,0.1871,-28.723,23,0
7,0.0,0.3,5,0,1.0,0.0,5,1,0.3717,0.0142,-26.426,3,1
8,1.0,0.35,3,4,0.335,0.665,7,0,0.3441,0.11,-6.421,7,0
16,0.0,1.0,2,0,1.0,0.0,1,1,0.5665,0.1329,-34.751,3,1
25,0.153,0.28,3,4,0.0024,0.9976,7,0,0.9769,0.9562,-0.864,8,1
4,0.63,0.61,4,4,0.3835,0.6165,6,0,0.2772,0.1068,-24.635,6,0
13,0.0,1.0,1,0,1.0,0.0,0,1,1.0,1.0,-23.301,0,0
16,0.814,0.95,1,4,0.0101,0.9899,9,0,0.4179,0.089,-38.59,9,0
30,0.764,0.65,2,4,0.0739,0.9261,9,0,0.4104,0.1678,-31.934,9,0
16,0.605,0.1,0,4,0.0,1.0,8,0,0.9754,0.9507,-0.29,8,0
3,0.439,0.84,5,4,0.2391,0.7609,6,0,0.3398,0.1436,-29.398,6,0
8,1.0,0.3,4,4,0.0814,0.9186,7,0,0.5322,0.2002,-22.679,7,0
17,0.297,1.0,1,4,0.0821,0.9179,6,0,0.2958,0.0079,-34.064,6,0
14,1.0,1.0,0,4,0.0,1.0,7,0,0.4302,0.147,-21.362,7,0
5,0.536,0.86,4,4,0.5786,0.4214,5,1,0.3531,0.1828,-27.409,5,0
17,0.628,1.0,1,4,0.0105,0.9895,9,0,0.3928,0.037,-39.493,7,1
4,0.144,0.9,5,4,0.2646,0.7354,6,0,0.2601,0.0185,-29.558,7,1
31,0.705,0.64,2,4,0.0742,0.9258,9,0,0.4112,0.1584,-31.796,9,0
8,1.0,0.02,4,0,1.0,0.0,1,1,0.4874,0.1279,-23.719,1,0
9,0.457,1.0,3,4,0.3073,0.6927,7,0,0.4408,0.2635,5.046,7,0
17,0.0,1.0,1,0,1.0,0.0,3,1,1.0,1.0,-33.626,3,0
26,0.215,1.0,3,4,0.0024,0.9976,8,0,0.6082,0.2188,3.089,7,1
15,1.0,0.84,0,4,0.0,1.0,7,0,0.44,0.1595,-21.746,7,0
6,0.346,0.92,4,4,0.409,0.591,3,1,0.3515,0.1379,-24.768,7,1
18,0.442,1.0,1,4,0.0144,0.9856,9,0,0.3843,0.0466,-39.943,7,1
8,0.0,0.02,4,0,1.0,0.0,3,1,0.3085,0.0265,-25.29,5,1
4,0.0,0.96,5,0,1.0,0.0,1,1,0.4677,0.2334,-27.328,3,1
32,0.64,0.64,2,4,0.0741,0.9259,9,0,0.4064,0.1439,-31.659,9,0
9,0.0,0.29,3,0,1.0,0.0,4,1,0.716,0.5016,17.144,5,1
1,1.0,1.0,5,8,0.3141,0.6859,23,0,0.3324,0.1024,-10.822,23,0
18,1.0,1.0,0,4,0.0,1.0,7,0,0.5723,0.359,-34.208,7,0
26,0.0,0.75,3,0,1.0,0.0,4,1,0.9883,0.9767,13.037,4,0
16,1.0,0.84,0,4,0.0,1.0,7,0,0.4416,0.165,-21.9,7,0
7,0.848,0.98,4,4,0.1939,0.8061,8,0,0.3467,0.1659,-26.501,8,0
19,0.256,1.0,1,4,0.0226,0.9774,9,0,0.3976,0.0962,-40.217,7,1
9,1.0,0.02,3,4,0.091,0.909,6,0,0.3983,0.1094,-24.767,6,0
5,1.0,0.96,4,4,0.3596,0.6404,7,0,0.4555,0.2279,-30.97,7,0
10,1.0,0.29,2,4,0.003,0.997,6,0,0.8097,0.6277,6.532,6,0
33,0.575,0.63,2,4,0.0747,0.9253,9,0,0.4007,0.1316,-31.532,9,0
2,0.779,0.53,5,4,0.3819,0.6181,7,0,0.4511,0.2692,7.924,7,0
19,0.157,0.43,0,4,0.0,1.0,7,0,0.5635,0.2812,-33.106,7,0
27,1.0,0.75,2,4,0.0014,0.9986,7,0,0.9711,0.9436,2.421,7,0
17,1.0,0.84,0,4,0.0,1.0,7,0,0.4425,0.1694,-22.058,7,0
8,0.61,0.8,4,4,0.2019,0.7981,8,0,0.3191,0.1364,-26.768,8,0
20,0.07,1.0,1,4,0.0343,0.9657,9,0,0.4221,0.1576,-40.412,7,1
5,0.0,0.64,4,0,1.0,0.0,3,1,0.6601,0.465,-32.277,3,0
34,0.516,0.62,2,4,0.0762,0.9238,9,0,0.3943,0.1243,-31.414,9,0
2,0.0,0.43,5,0,1.0,0.0,1,1,0.3275,0.0926,7.361,2,1
18,1.0,0.84,0,4,0.0,1.0,7,0,0.4428,0.173,-22.218,7,0
28,0.681,0.56,2,4,0.0,1.0,7,0,0.9978,0.9956,4.376,7,0
9,0.372,0.86,4,4,0.2082,0.7918,8,0,0.2627,0.0438,-27.763,8,0
21,0.132,1.0,1,4,0.0332,0.9668,9,0,0.4086,0.1377,-40.309,7,1
10,1.0,1.0,3,4,0.0159,0.9841,7,0,0.8856,0.8111,-31.401,7,0
11,0.536,1.0,2,4,0.3154,0.6846,5,1,0.3126,0.044,6.176,6,1
20,0.219,1.0,0,4,0.0,1.0,7,0,0.6437,0.4601,-24.851,7,0
6,1.0,0.64,3,4,0.2627,0.7373,7,0,0.5432,0.4055,-33.837,7,0
35,0.451,0.62,2,3,0.1463,0.8537,7,0,0.3236,0.0047,-32.091,7,0
3,1.0,0.43,4,4,0.3413,0.6587,7,0,0.5683,0.3603,3.59,7,0
19,1.0,0.84,0,4,0.0,1.0,7,0,0.4425,0.1759,-22.379,7,0
10,0.108,0.68,4,4,0.1803,0.8197,7,0,0.2901,0.0529,-28.386,8,1
21,0.0,1.0,1,0,1.0,0.0,2,1,1.0,1.0,-38.478,2,0
10,0.0,1.0,3,0,1.0,0.0,4,1,0.547,0.1312,-29.035,4,0
29,0.469,0.35,2,4,0.0001,0.9999,8,0,0.9999,0.9999,5.368,8,0
12,0.726,1.0,2,4,0.161,0.839,7,0,0.2794,0.0177,1.617,8,1
36,0.385,0.62,2,3,0.144,0.856,6,0,0.331,0.01,-32.008,7,1
7,0.903,0.53,3,4,0.3243,0.6757,7,0,0.3007,0.0703,-32.767,7,0
4,0.413,0.19,4,4,0.7847,0.2153,4,1,0.5378,0.3706,2.394,7,1
20,1.0,0.84,0,4,0.0,1.0,7,0,0.442,0.1783,-22.542,7,0
10,0.0,0.32,4,0,1.0,0.0,1,1,0.4294,0.1899,-27.885,1,0
22,0.075,1.0,0,4,0.0,1.0,6,0,0.6503,0.5225,-38.858,6,0
11,1.0,1.0,2,4,0.0809,0.9191,8,0,0.3809,0.083,-27.769,8,0
13,0.469,1.0,2,4,0.2315,0.7685,7,0,0.2773,0.0394,-2.897,8,1
7,0.0,0.53,3,0,1.0,0.0,5,1,0.51,0.1787,-34.25,5,0
1,1.0,1.0,5,8,0.1576,0.8424,7,0,0.2197,0.0771,-28.292,7,0
30,0.403,0.05,2,4,0.0,1.0,7,0,0.9994,0.9989,5.395,7,0
37,0.324,0.39,2,3,0.145,0.855,6,0,0.386,0.1081,-32.003,7,1
21,1.0,0.84,0,4,0.0,1.0,7,0,0.4412,0.1804,-22.705,7,0
11,0.536,0.32,3,4,0.1247,0.8753,6,0,0.2897,0.0591,-31.389,6,0
5,0.11,0.09,4,4,0.2635,0.7365,7,0,0.4344,0.1654,0.762,7,0
23,0.075,0.76,0,4,0.0,1.0,6,0,0.6068,0.4615,-38.897,6,0
12,0.395,0.38,2,4,0.1976,0.8024,7,0,0.3654,0.0944,-29.023,7,0
14,0.724,1.0,2,4,0.1511,0.8489,7,0,0.2778,0.027,1.681,8,1
8,1.0,0.53,2,4,0.1447,0.8553,7,0,0.6003,0.488,-35.589,7,0
38,0.262,0.16,2,3,0.166,0.834,6,0,0.3605,0.074,-32.031,6,0
22,1.0,0.84,0,3,0.0,1.0,9,0,0.3674,0.0122,-19.491,9,0
11,0.0,0.18,3,0,1.0,0.0,5,1,0.4656,0.1439,-29.373,5,0
12,0.0,0.38,2,0,1.0,0.0,5,1,0.5773,0.1546,-29.236,2,1
2,0.082,1.0,5,2,0.9479,0.0521,4,1,0.3786,0.0199,-30.876,5,1
15,0.432,1.0,2,4,0.2352,0.7648,7,0,0.2765,0.0482,-3.587,8,1
8,0.0,0.0,2,0,1.0,0.0,2,1,0.562,0.124,-31.95,2,0
12,0.346,0.18,2,4,0.0491,0.9509,9,0,0.3924,0.1271,-30.065,9,0
1,1.0,1.0,5,8,0.0648,0.9352,7,0,0.706,0.6066,-25.192,7,0
13,1.0,0.38,1,4,0.0448,0.9552,7,0,0.5556,0.293,-28.064,7,0
23,0.75,0.84,0,3,0.0,1.0,9,0,0.4183,0.1023,-20.765,9,0
16,0.644,1.0,2,4,0.1625,0.8375,7,0,0.2862,0.0389,0.255,8,1
6,0.11,1.0,4,4,0.2128,0.7872,6,0,0.383,0.0729,6.83,7,1
3,1.0,1.0,5,8,0.0644,0.9356,22,0,0.6436,0.5087,-27.277,22,0
9,1.0,1.0,1,4,0.0656,0.9344,6,0,0.3361,0.024,-31.083,6,0
2,0.447,0.93,5,8,0.2612,0.7388,7,0,0.1633,0.0037,-26.176,7,0
39,0.196,1.0,2,3,0.3442,0.6558,0,1,0.2532,0.0048,-33.627,8,1
13,0.876,0.32,1,0,1.0,0.0,2,1,1.0,1.0,-29.014,2,0
24,0.528,0.84,0,3,0.0,1.0,9,0,0.4542,0.1723,-22.39,9,0
1,1.0,1.0,5,8,0.4976,0.5024,4,1,0.3071,0.1044,-20.51,4,0
17,0.366,1.0,2,4,0.3323,0.6677,4,1,0.268,0.0585,-4.856,7,1
6,0.0,0.02,4,0,1.0,0.0,2,1,0.5748,0.3146,7.708,2,0
10,0.215,0.32,1,4,0.2113,0.7887,7,0,0.3654,0.1502,-27.813,6,1
13,0.346,1.0,2,4,0.0366,0.9634,7,0,0.5448,0.3438,-30.317,7,0
4,0.548,0.65,5,4,0.0661,0.9339,7,0,0.5077,0.3235,-31.984,7,0
2,0.0,0.75,5,0,1.0,0.0,3,1,0.5989,0.361,-14.38,1,1
40,0.367,1.0,2,3,0.1468,0.8532,6,0,0.7135,0.5985,-33.012,6,0
14,1.0,0.32,1,4,0.0127,0.9873,7,0,0.5647,0.2703,-27.4,7,0
25,0.274,0.84,0,3,0.0,1.0,9,0,0.4772,0.2051,-24.707,9,0
2,0.305,1.0,5,8,0.2557,0.7443,23,0,0.1953,0.0226,-21.675,23,0
7,1.0,0.02,3,4,0.0483,0.9517,7,0,0.8766,0.8145,5.481,7,0
17,0.0,1.0,2,0,1.0,0.0,5,1,0.6738,0.3475,-7.579,5,0
10,0.0,0.22,1,0,1.0,0.0,0,1,1.0,1.0,-24.553,0,0
13,0.0,0.47,2,0,1.0,0.0,2,1,0.8302,0.6605,-28.214,2,0
3,1.0,0.75,4,8,0.023,0.977,24,0,0.8348,0.767,-19.667,24,0
5,0.332,0.65,5,4,0.0223,0.9777,7,0,0.5559,0.3268,-32.177,6,1
40,0.0,1.0,2,0,1.0,0.0,2,1,0.7324,0.4649,-32.456,2,0
15,0.618,0.21,1,4,0.016,0.984,7,0,0.6275,0.4514,-27.658,7,0
26,0.031,0.84,0,3,0.0,1.0,9,0,0.482,0.2029,-27.337,9,0
2,0.0,0.81,5,0,1.0,0.0,1,1,0.4372,0.2778,-20.957,1,0
18,0.366,1.0,1,4,0.0746,0.9254,6,0,0.3264,0.0621,-13.287,7,1
11,1.0,0.22,0,4,0.0,1.0,7,0,0.4461,0.1375,-25.776,7,0
14,1.0,0.47,1,4,0.0251,0.9749,7,0,0.4777,0.2425,-24.283,7,0
6,0.147,0.65,5,4,0.0084,0.9916,6,0,0.6587,0.4424,-31.351,6,0
41,0.196,1.0,1,3,0.1038,0.8962,6,0,0.3523,0.0009,-31.6,6,0
16,0.333,0.11,1,4,0.0162,0.9838,7,0,0.5841,0.3942,-27.906,7,0
3,1.0,0.81,4,4,0.187,0.813,9,0,0.3307,0.0764,-23.242,9,0
8,0.381,1.0,3,4,0.5202,0.4798,3,1,0.3363,0.1678,4.238,7,1
4,0.669,1.0,4,4,0.0013,0.9987,7,0,0.9986,0.9976,-32.19,7,0
19,0.073,1.0,1,4,0.0773,0.9227,6,0,0.288,0.0058,-16.592,7,1
15,0.346,0.53,1,4,0.0237,0.9763,7,0,0.4488,0.1287,-30.061,7,0
7,0.613,0.13,5,4,0.0,1.0,6,0,0.9998,0.9996,-32.985,6,0
41,0.0,1.0,1,0,1.0,0.0,5,1,1.0,1.0,-32.622,5,0
9,0.533,1.0,3,4,0.013,0.987,7,0,0.8536,0.7533,6.136,7,0
16,0.0,0.02,1,0,1.0,0.0,5,1,1.0,1.0,-28.271,5,0
1,1.0,1.0,5,8,0.0252,0.9748,7,0,0.8219,0.759,-24.17,7,0
4,0.0,1.0,4,0,1.0,0.0,5,1,0.4271,0.0839,-30.03,2,1
19,0.0,1.0,1,0,1.0,0.0,1,1,1.0,1.0,-12.741,1,0
12,0.583,1.0,0,4,0.0,1.0,9,0,0.3682,0.0028,-28.551,9,0
15,0.0,0.59,1,0,1.0,0.0,4,1,1.0,1.0,-31.762,4,0
42,1.0,1.0,0,4,0.0,1.0,9,0,0.4247,0.1246,-31.46,9,0
10,0.012,0.07,3,1,0.0201,0.9799,7,0,0.9799,0.9613,8.839,7,0
17,0.876,0.02,0,4,0.0,1.0,7,0,0.6557,0.3927,-27.779,7,0
1,0.406,0.32,5,0,1.0,0.0,1,1,0.7929,0.67,-23.754,1,0
4,0.5,1.0,4,4,0.4782,0.5218,3,1,0.2346,0.03,-28.185,9,1
5,1.0,1.0,3,4,0.1103,0.8897,6,0,0.5699,0.4322,-38.054,6,0
20,1.0,1.0,0,4,0.0,1.0,7,0,0.5182,0.2829,-15.593,7,0
16,1.0,0.59,0,4,0.0,1.0,7,0,0.4358,0.1098,-31.445,7,0
8,0.733,1.0,5,4,0.0,1.0,6,0,0.9988,0.9979,-35.901,6,0
2,1.0,0.32,5,8,0.1665,0.8335,6,0,0.2949,0.0637,-22.896,6,0
5,1.0,1.0,4,4,0.2262,0.7738,7,0,0.3047,0.1117,-25.431,7,0
21,1.0,0.88,0,4,0.0,1.0,7,0,0.4818,0.2132,-13.567,7,0
1,1.0,1.0,5,8,0.6376,0.3624,5,1,0.3688,0.2228,-38.697,5,0
11,0.012,1.0,3,1,0.0902,0.9098,7,0,0.9098,0.8749,6.956,7,0
18,0.738,1.0,0,4,0.0,1.0,7,0,0.5259,0.3167,-31.471,7,0
2,0.0,0.22,5,0,1.0,0.0,5,1,0.5739,0.3161,-26.558,2,1
6,1.0,1.0,4,4,0.2259,0.7741,7,0,0.2902,0.096,-25.768,7,0
6,1.0,1.0,3,1,0.8867,0.1133,4,1,0.4704,0.0806,-37.387,4,0
22,1.0,0.76,0,4,0.0,1.0,7,0,0.4562,0.1564,-11.38,7,0
17,1.0,1.0,0,4,0.0,1.0,7,0,0.8365,0.7632,-30.374,7,0
9,1.0,0.65,5,4,0.0,1.0,6,0,0.4657,0.0091,-21.644,6,0
2,1.0,1.0,5,8,0.009,0.991,7,0,0.7444,0.5495,-32.983,7,0
11,0.0,1.0,3,0,1.0,0.0,5,1,0.4736,0.1306,9.841,2,1
1,1.0,1.0,5,8,0.0,1.0,22,0,0.9161,0.838,0.816,22,0
3,1.0,0.22,4,8,0.0857,0.9143,25,0,0.5341,0.4032,-28.883,25,0
7,1.0,1.0,4,4,0.225,0.775,7,0,0.2749,0.0798,-26.11,7,0
7,0.561,1.0,3,4,0.3347,0.6653,9,0,0.2257,0.0149,-37.961,9,0
23,1.0,0.64,0,4,0.0,1.0,7,0,0.4412,0.1092,-9.101,7,0
18,1.0,0.17,0,4,0.0,1.0,7,0,0.7555,0.6255,-29.034,7,0
10,0.596,0.02,5,4,0.0,1.0,7,0,0.9976,0.9959,-18.501,7,0
3,1.0,0.75,5,8,0.2183,0.7817,23,0,0.387,0.1104,-34.498,23,0
12,1.0,1.0,2,4,0.0446,0.9554,7,0,0.788,0.675,9.146,7,0
2,1.0,0.91,5,4,0.7157,0.2843,1,1,0.3321,0.1531,-18.649,1,0
8,1.0,1.0,4,4,0.2233,0.7767,7,0,0.2586,0.0596,-26.456,7,0
11,0.418,0.02,5,4,0.0,1.0,7,0,0.9987,0.998,-16.516,7,0
8,0.038,0.91,3,4,0.1796,0.8204,6,0,0.5384,0.366,-38.427,9,1
24,1.0,0.51,0,4,0.0,1.0,7,0,0.4397,0.0742,-6.567,7,0
3,0.374,0.91,5,4,0.5494,0.4506,3,1,0.2524,0.0758,-17.85,8,1
4,0.381,1.0,4,4,0.1446,0.8554,7,0,0.7012,0.6072,-25.822,7,0
4,0.886,0.49,5,4,0.1035,0.8965,7,0,0.5419,0.3016,-28.388,7,0
1,1.0,1.0,5,8,0.1931,0.8069,22,0,0.1876,0.0157,-17.364,22,0
13,0.363,1.0,2,4,0.0599,0.9401,7,0,0.4643,0.1111,8.355,8,1
9,1.0,1.0,4,4,0.2206,0.7794,7,0,0.2415,0.0311,-26.805,7,0
12,0.479,1.0,5,4,0.0,1.0,9,0,0.9194,0.839,-27.516,9,0
8,0.0,0.39,3,0,1.0,0.0,1,1,0.7903,0.6302,-35.597,1,0
25,1.0,0.39,0,4,0.0,1.0,7,0,0.465,0.0929,-4.165,7,0
19,0.363,1.0,0,4,0.0,1.0,7,0,0.6564,0.4913,-31.327,7,0
4,0.715,0.91,5,4,0.3441,0.6559,8,0,0.359,0.2366,-21.265,8,0
2,0.918,0.77,5,4,0.0895,0.9105,6,0,0.476,0.2395,-18.73,6,0
5,0.588,0.25,5,4,0.1698,0.8302,7,0,0.5536,0.3672,-28.378,7,0
10,1.0,1.0,4,4,0.2168,0.7832,7,0,0.2235,0.0006,-27.156,7,0
13,0.0,1.0,2,0,1.0,0.0,1,1,0.645,0.29,13.395,2,1
9,1.0,0.39,2,4,0.0126,0.9874,7,0,0.9562,0.9294,-37.633,7,0
26,1.0,0.27,0,4,0.0,1.0,7,0,0.5274,0.1899,-1.714,7,0
13,0.353,0.18,5,4,0.0003,0.9997,7,0,0.7206,0.5759,-13.639,7,0
5,0.281,1.0,4,4,0.0077,0.9923,7,0,0.9647,0.9485,-25.927,7,0
5,0.431,0.68,5,4,0.4063,0.5937,9,0,0.3245,0.1035,-21.32,8,1
14,0.413,1.0,1,4,0.0777,0.9223,8,0,0.462,0.246,-1.431,8,0
3,0.823,0.51,5,4,0.0469,0.9531,6,0,0.7827,0.6932,-17.766,6,0
11,1.0,1.0,4,4,0.212,0.788,8,0,0.2365,0.0316,-27.507,8,0
14,0.25,0.18,5,4,0.0002,0.9998,7,0,0.7821,0.6666,-10.453,7,0
27,1.0,0.15,0,4,0.0,1.0,7,0,0.5901,0.284,0.764,7,0
5,0.0,1.0,4,0,1.0,0.0,3,1,0.8956,0.82,-22.277,3,0
6,0.125,0.35,5,4,0.417,0.583,9,0,0.3663,0.1124,-21.65,8,1
1,1.0,1.0,5,8,0.0448,0.9552,8,0,0.7557,0.6599,-15.602,8,0
6,0.588,1.0,5,4,0.2143,0.7857,7,0,0.6926,0.5532,-28.753,9,1
4,0.72,0.26,5,4,0.0238,0.9762,6,0,0.887,0.8379,-16.961,6,0
10,1.0,1.0,2,1,0.1564,0.8436,7,0,0.8436,0.7014,-19.471,7,0
15,0.161,0.18,5,4,0.0002,0.9998,7,0,0.795,0.6707,-7.668,7,0
12,0.811,0.69,4,4,0.176,0.824,8,0,0.2837,0.0325,-26.891,8,0
28,1.0,0.03,0,4,0.0,1.0,7,0,0.6153,0.2941,3.265,7,0
6,1.0,1.0,3,4,0.0292,0.9708,9,0,0.5788,0.2294,-25.12,9,0
6,0.0,0.35,5,0,1.0,0.0,4,1,0.7118,0.5219,-13.757,4,0
1,1.0,0.53,5,0,1.0,0.0,3,1,0.601,0.3599,-17.086,3,0
15,0.117,1.0,1,4,0.1141,0.8859,7,0,0.6666,0.5512,3.079,7,0
6,0.0,1.0,5,0,1.0,0.0,3,1,0.6189,0.4783,-27.084,3,0
11,1.0,0.58,2,1,0.0071,0.9929,7,0,0.9929,0.989,-14.263,7,0
16,0.075,0.18,5,4,0.0002,0.9998,7,0,0.8117,0.6933,-7.98,7,0
13,0.63,0.38,4,4,0.1992,0.8008,8,0,0.3012,0.0798,-26.119,8,0
7,0.223,0.29,3,4,0.0133,0.9867,7,0,0.9447,0.9114,-24.997,7,0
7,1.0,0.35,4,4,0.2249,0.7751,8,0,0.4621,0.3357,-12.815,8,0
5,0.782,1.0,5,4,0.0,1.0,7,0,1.0,1.0,-13.982,7,0
2,0.806,0.53,5,8,0.007,0.993,7,0,0.4999,0.1167,-10.993,7,0
12,1.0,0.2,2,1,0.0035,0.9965,7,0,0.9965,0.9936,-10.812,7,0
15,0.0,0.89,1,0,1.0,0.0,2,1,1.0,1.0,-0.045,2,0
29,1.0,1.0,0,4,0.0,1.0,7,0,0.6032,0.4223,3.358,7,0
7,1.0,1.0,4,4,0.2622,0.7378,8,0,0.6662,0.46,-27.241,8,0
16,0.0,0.18,5,0,1.0,0.0,3,1,0.3854,0.1415,-12.487,0,1
14,0.337,0.09,4,4,0.1862,0.8138,8,0,0.3909,0.2046,-25.107,8,0
7,0.0,0.29,3,0,1.0,0.0,2,1,0.5979,0.3688,-23.609,0,1
8,0.269,0.35,4,4,0.2215,0.7785,6,0,0.3253,0.1135,-13.487,8,1
6,0.085,0.01,5,4,0.0,1.0,7,0,1.0,1.0,-8.282,7,0
16,0.381,0.89,0,4,0.0,1.0,9,0,0.8727,0.7774,1.468,9,0
30,0.627,0.92,0,4,0.0,1.0,7,0,0.6342,0.4631,-1.959,7,0
8,0.245,0.56,4,1,0.9678,0.0322,0,1,0.4122,0.1391,-26.12,0,0
17,0.875,0.18,4,4,0.0,1.0,8,0,0.9478,0.8955,-28.127,8,0
8,1.0,0.29,2,4,0.0192,0.9808,7,0,0.7923,0.6066,-22.691,7,0
3,0.625,1.0,5,8,0.0006,0.9994,24,0,0.8774,0.7556,-13.221,24,0
13,1.0,1.0,2,1,0.5373,0.4627,2,1,0.4694,0.0067,-8.462,2,0
9,0.683,0.62,4,4,0.4525,0.5475,3,1,0.4241,0.0225,-26.596,7,1
31,0.365,0.83,0,4,0.0,1.0,7,0,0.5433,0.3191,-5.519,7,0
15,0.159,1.0,4,4,0.1743,0.8257,8,0,0.7442,0.6526,-29.493,8,0
4,0.284,0.11,5,4,0.0,1.0,8,0,1.0,1.0,-1.092,8,0
9,0.172,1.0,4,4,0.0001,0.9999,7,0,0.9997,0.9996,-14.532,7,0
7,0.147,1.0,5,4,0.2296,0.7704,6,0,0.716,0.5431,-5.475,9,1
14,0.375,1.0,2,4,0.0643,0.9357,9,0,0.8025,0.6716,-14.718,9,0
1,1.0,1.0,5,8,0.0842,0.9158,25,0,0.7286,0.5899,-21.352,25,0
9,0.0,0.67,4,0,1.0,0.0,1,1,0.6153,0.4532,-26.593,1,0
18,0.875,0.02,4,4,0.0,1.0,7,0,0.7761,0.5522,-19.508,7,0
5,0.347,1.0,5,4,0.5367,0.4633,8,0,0.2458,0.0717,-7.716,8,0
32,0.107,0.74,0,4,0.0,1.0,7,0,0.4293,0.1245,-9.235,7,0
15,0.0,1.0,4,0,1.0,0.0,5,1,0.4804,0.2035,-28.995,5,0
9,0.656,1.0,2,4,0.3396,0.6604,7,0,0.4387,0.1668,-21.997,7,0
7,0.0,1.0,5,0,1.0,0.0,4,1,0.8516,0.7034,1.358,4,0
14,0.0,1.0,2,0,1.0,0.0,1,1,0.6443,0.2887,-17.885,1,0
10,1.0,0.67,3,4,0.4254,0.5746,8,0,0.3997,0.1955,-23.087,8,0
6,0.113,0.84,5,4,0.4546,0.5454,8,0,0.2186,0.0003,-6.843,8,0
16,0.876,1.0,3,4,0.2228,0.7772,7,0,0.4144,0.2174,-31.881,7,0
2,0.812,1.0,5,4,0.2519,0.7481,8,0,0.5906,0.4688,-23.405,8,0
9,0.0,0.76,2,0,1.0,0.0,0,1,0.5073,0.0146,-24.716,0,0
10,0.075,1.0,4,4,0.2399,0.7601,6,0,0.5131,0.3019,-24.027,6,0
19,0.875,1.0,4,4,0.0,1.0,7,0,0.9997,0.9994,0.156,7,0
8,1.0,1.0,4,4,0.002,0.998,7,0,0.998,0.9969,-3.177,7,0
15,1.0,1.0,1,4,0.0034,0.9966,6,0,0.9175,0.8637,-23.312,6,0
10,0.406,0.76,1,4,0.0274,0.9726,7,0,0.6041,0.3391,-22.806,9,1
6,0.0,0.9,5,0,1.0,0.0,0,1,0.3009,0.0084,-9.353,4,1
17,0.685,0.84,3,4,0.1748,0.8252,7,0,0.4914,0.3037,-31.811,7,0
10,0.0,0.58,4,0,1.0,0.0,5,1,0.6816,0.5482,-13.943,5,0
1,1.0,1.0,5,8,0.4084,0.5916,22,0,0.299,0.0802,-31.27,22,0
9,0.48,0.41,4,4,0.0,1.0,7,0,1.0,1.0,-2.636,7,0
11,0.654,1.0,3,1,0.9677,0.0323,4,1,0.6632,0.3644,-24.523,4,0
15,0.0,1.0,1,0,1.0,0.0,5,1,1.0,1.0,-28.447,5,0
3,0.105,1.0,5,4,0.4232,0.5768,8,0,0.5302,0.3176,-14.556,8,0
10,0.406,0.66,1,0,1.0,0.0,4,1,1.0,1.0,-23.881,4,0
7,1.0,0.9,4,4,0.0,1.0,8,0,0.9997,0.9995,-2.608,8,0
18,0.594,0.59,3,4,0.155,0.845,7,0,0.6526,0.556,-36.409,7,0
11,1.0,0.58,3,4,0.0,1.0,8,0,1.0,0.9999,-18.313,8,0
1,1.0,1.0,5,8,0.437,0.563,4,1,0.3138,0.0942,-34.158,4,0
12,0.278,0.76,3,4,0.5366,0.4634,1,1,0.4618,0.2171,-26.324,1,0
16,1.0,1.0,0,4,0.0,1.0,8,0,0.5973,0.3297,-34.487,8,0
3,0.0,1.0,5,0,1.0,0.0,3,1,0.9425,0.8962,-14.715,4,1
7,1.0,0.0,4,0,1.0,0.0,4,1,0.9978,0.9956,-4.893,4,0
2,1.0,1.0,5,8,0.0315,0.9685,8,0,0.6443,0.342,-36.478,8,0
11,0.186,0.66,1,4,0.0453,0.9547,7,0,0.6662,0.5248,-28.985,7,0
19,0.654,0.35,3,4,0.1083,0.8917,7,0,0.7776,0.7282,-35.153,7,0
13,0.259,0.65,3,4,0.108,0.892,7,0,0.8695,0.8111,-26.88,7,0
2,0.094,1.0,5,1,0.986,0.014,1,1,0.576,0.3177,-18.252,5,1
10,0.007,1.0,4,3,0.6829,0.3171,8,0,0.3166,0.086,-3.546,8,0
4,1.0,1.0,4,4,0.0015,0.9985,7,0,0.9784,0.9583,-12.803,7,0
17,0.303,0.06,0,1,0.0,1.0,8,0,1.0,1.0,-31.215,8,0
11,0.0,0.66,1,0,1.0,0.0,0,1,1.0,1.0,-29.915,0,0
20,0.715,0.11,3,4,0.0468,0.9532,7,0,0.8722,0.8178,-33.614,7,0
2,0.0,0.23,5,0,1.0,0.0,5,1,0.2573,0.022,-26.106,1,1
12,1.0,1.0,3,4,0.0,1.0,8,0,0.9992,0.9984,0.215,8,0
8,1.0,1.0,4,4,0.0,1.0,9,0,1.0,0.9999,0.259,9,0
13,0.0,0.57,3,0,1.0,0.0,4,1,0.5275,0.0867,-27.434,2,1
3,0.646,1.0,5,4,0.4948,0.5052,9,0,0.401,0.1887,-25.16,9,0
10,0.0,1.0,4,0,1.0,0.0,3,1,0.979,0.9602,0.992,3,0
5,0.037,0.47,4,4,0.0085,0.9915,7,0,0.9889,0.9855,-16.62,7,0
12,0.406,0.66,0,4,0.0,1.0,7,0,0.4671,0.1036,-29.154,7,0
3,1.0,0.23,4,8,0.0022,0.9978,22,0,0.7696,0.6341,-35.245,22,0
9,0.081,0.23,4,4,0.0882,0.9118,8,0,0.3721,0.0072,2.681,9,1
14,0.278,0.57,2,4,0.1377,0.8623,7,0,0.5652,0.4185,-28.435,7,0
13,0.317,0.27,3,4,0.0,1.0,8,0,1.0,0.9999,3.804,8,0
4,0.346,0.46,5,4,0.4894,0.5106,9,0,0.3771,0.1634,-21.899,9,0
11,1.0,1.0,3,4,0.0003,0.9997,9,0,0.9996,0.9994,1.897,9,0
18,0.303,1.0,0,1,0.0,1.0,8,0,1.0,1.0,-28.076,8,0
4,1.0,0.57,4,4,0.1576,0.8424,7,0,0.637,0.5007,-29.252,7,0
14,0.0,0.48,2,0,1.0,0.0,2,1,0.5844,0.1687,-25.023,2,0
21,0.725,1.0,3,4,0.2161,0.7839,7,0,0.5815,0.4691,-28.516,7,0
6,0.037,1.0,4,4,0.0632,0.9368,7,0,0.9245,0.8858,-14.841,7,0
13,0.0,0.15,3,0,1.0,0.0,2,1,0.7927,0.6333,2.144,1,1
4,0.0,0.46,5,0,1.0,0.0,0,1,0.3318,0.0434,-16.951,3,1
12,0.85,0.36,3,4,0.0004,0.9996,9,0,0.9983,0.9975,-3.06,9,0
10,0.081,0.9,4,4,0.0,1.0,7,0,1.0,1.0,7.592,7,0
19,0.303,0.65,0,1,0.0,1.0,8,0,1.0,1.0,-26.841,8,0
22,0.161,0.76,3,4,0.1351,0.8649,7,0,0.7287,0.6554,-31.044,7,0
15,1.0,0.48,1,4,0.0509,0.9491,7,0,0.518,0.2263,-29.446,7,0
1,1.0,1.0,5,8,0.5583,0.4417,7,0,0.2391,0.0123,-20.237,7,0
14,1.0,0.15,2,4,0.0,1.0,7,0,1.0,1.0,18.763,7,0
5,0.094,0.46,4,4,0.1906,0.8094,7,0,0.6361,0.5106,-20.981,7,0
6,0.0,0.36,4,0,1.0,0.0,4,1,0.9427,0.9132,-3.382,4,0
10,0.081,0.48,4,0,1.0,0.0,5,1,0.9304,0.8948,7.782,5,0
5,0.419,0.56,4,4,0.0679,0.9321,6,0,0.503,0.0896,-31.415,6,0
16,1.0,0.46,1,4,0.0539,0.9461,7,0,0.5169,0.2275,-29.355,7,0
2,0.903,0.57,5,8,0.4643,0.5357,7,0,0.3396,0.0297,-15.973,7,0
22,0.0,0.82,3,0,1.0,0.0,2,1,0.7185,0.5337,-27.73,2,0
7,1.0,0.36,3,4,0.0,1.0,8,0,1.0,1.0,2.258,8,0
1,1.0,1.0,5,8,0.0425,0.9575,8,0,0.567,0.2117,-19.694,8,0
15,1.0,0.58,2,4,0.0,1.0,7,0,1.0,1.0,7.418,7,0
11,0.698,0.54,4,4,0.0001,0.9999,7,0,0.9999,0.9999,5.072,7,0
13,0.614,1.0,3,4,0.001,0.999,6,0,0.8654,0.7486,-0.527,6,0
17,1.0,0.44,1,4,0.0468,0.9532,7,0,0.6242,0.4114,-28.829,7,0
23,0.876,0.82,2,4,0.2245,0.7755,9,0,0.359,0.0717,-29.206,9,0
3,0.681,0.18,5,8,0.3953,0.6047,7,0,0.3999,0.1337,-14.562,7,0
16,1.0,0.09,2,4,0.0,1.0,7,0,1.0,1.0,6.645,7,0
6,0.094,1.0,4,1,0.9967,0.0033,4,1,0.6111,0.4234,-22.167,4,0
14,0.53,0.81,3,4,0.0041,0.9959,6,0,0.8483,0.7444,0.039,6,0
2,0.565,0.64,5,8,0.1706,0.8294,24,0,0.4733,0.2716,-20.097,24,0
24,0.834,0.26,2,4,0.0528,0.9472,6,0,0.7526,0.6385,-19.032,6,0
6,0.419,1.0,4,4,0.6382,0.3618,3,1,0.3629,0.1193,-21.918,6,1
18,0.938,0.42,1,4,0.0444,0.9556,7,0,0.6232,0.4107,-28.946,7,0
17,0.388,0.15,2,4,0.0,1.0,7,0,1.0,1.0,1.235,7,0
8,0.799,1.0,3,4,0.0,1.0,8,0,0.9966,0.9932,8.502,8,0
7,1.0,1.0,4,4,0.0643,0.9357,8,0,0.9267,0.8879,-17.309,8,0
3,0.131,0.3,5,4,0.2991,0.7009,8,0,0.343,0.1414,-17.79,8,0
15,0.427,0.64,3,4,0.0012,0.9988,6,0,0.9457,0.9049,0.629,6,0
12,0.221,1.0,4,4,0.0024,0.9976,7,0,0.9976,0.9953,5.154,7,0
7,0.732,0.92,4,4,0.0001,0.9999,6,0,0.997,0.9943,-16.691,6,0
17,0.0,0.21,2,0,1.0,0.0,1,1,0.5747,0.1495,-8.387,0,1
19,0.872,0.4,1,4,0.0426,0.9574,7,0,0.6209,0.4082,-29.07,7,0
4,0.583,1.0,5,8,0.0008,0.9992,24,0,0.9664,0.9345,-12.352,24,0
8,1.0,0.72,4,4,0.0183,0.9817,8,0,0.9733,0.9627,-13.579,8,0
9,0.073,0.36,3,4,0.0,1.0,8,0,1.0,1.0,9.044,8,0
3,0.0,0.2,5,0,1.0,0.0,1,1,0.5179,0.3298,-10.714,2,1
13,0.063,1.0,4,4,0.0019,0.9981,7,0,0.9981,0.9963,4.047,7,0
16,0.43,0.13,3,4,0.0,1.0,6,0,0.9889,0.978,4.127,6,0
8,0.732,0.81,4,4,0.0129,0.9871,8,0,0.8645,0.7438,-12.15,8,0
25,0.8,1.0,2,4,0.1257,0.8743,6,0,0.7235,0.5985,-16.614,6,0
18,0.252,0.21,1,4,0.0174,0.9826,7,0,0.6797,0.5292,-6.235,8,1
20,1.0,0.38,1,4,0.0466,0.9534,7,0,0.6184,0.4044,-28.654,7,0
9,0.833,0.39,4,4,0.0104,0.9896,8,0,0.894,0.7986,-3.784,8,0
4,0.0,0.33,5,0,1.0,0.0,1,1,0.9709,0.9541,-4.391,4,1
4,1.0,0.2,4,4,0.0693,0.9307,7,0,0.5674,0.3471,-15.59,7,0
13,0.0,1.0,4,0,1.0,0.0,4,1,0.9773,0.9661,6.453,4,0
9,0.732,0.51,4,4,0.0421,0.9579,8,0,0.818,0.7546,-11.884,8,0
26,0.666,0.6,2,4,0.0207,0.9793,6,0,0.6181,0.2663,-12.746,6,0
18,0.0,0.27,1,0,1.0,0.0,0,1,1.0,1.0,-13.583,0,0
10,0.665,0.06,4,4,0.0017,0.9983,7,0,0.8946,0.7909,5.938,7,0
5,1.0,0.33,4,4,0.0022,0.9978,6,0,0.9584,0.9354,-4.789,6,0
21,0.934,0.36,1,4,0.0441,0.9559,7,0,0.6155,0.3999,-28.799,7,0
10,0.134,1.0,3,4,0.0,1.0,8,0,0.9999,0.9999,10.35,8,0
5,0.32,0.1,4,4,0.242,0.758,7,0,0.5297,0.3627,-24.154,7,0
14,0.081,1.0,3,4,0.1179,0.8821,7,0,0.2801,0.0018,6.703,8,1
17,0.28,1.0,3,4,0.0,1.0,9,0,1.0,1.0,9.351,9,0
27,0.51,0.23,2,4,0.0003,0.9997,7,0,0.9952,0.9906,-10.244,7,0
9,0.0,0.08,4,0,1.0,0.0,0,1,0.4096,0.1171,-10.55,2,1
19,0.876,0.27,0,4,0.0,1.0,8,0,0.4608,0.1039,-12.63,8,0
11,0.665,1.0,4,4,0.3477,0.6523,8,0,0.6448,0.472,-9.275,8,0
22,0.868,0.34,1,4,0.0423,0.9577,7,0,0.611,0.3929,-28.941,7,0
10,0.0,0.63,3,0,1.0,0.0,5,1,0.9133,0.8306,12.273,5,0
5,0.0,0.0,4,0,1.0,0.0,5,1,0.4272,0.1353,-25.881,5,0
18,0.125,0.38,3,4,0.0,1.0,9,0,0.976,0.9536,9.906,9,0
14,0.081,0.91,3,0,1.0,0.0,1,1,0.9716,0.9553,6.341,1,0
20,0.936,0.26,0,4,0.0,1.0,8,0,0.9998,0.9997,-0.913,8,0
10,1.0,0.08,3,4,0.1245,0.8755,7,0,0.4453,0.1135,-17.262,7,0
6,1.0,1.0,4,4,0.9231,0.0769,5,1,0.6473,0.3997,-9.129,5,0
12,0.113,0.72,4,4,0.7089,0.2911,3,1,0.4868,0.2693,-10.094,8,1
23,1.0,0.31,1,4,0.0462,0.9538,7,0,0.61,0.3944,-28.39,7,0
11,1.0,0.63,2,4,0.0,1.0,8,0,0.9566,0.9133,9.551,8,0
28,0.397,1.0,2,4,0.0,1.0,6,0,0.9156,0.8313,-10.512,6,0
6,1.0,0.88,3,4,0.2271,0.7729,7,0,0.6051,0.4439,-23.426,7,0
18,0.0,0.32,3,0,1.0,0.0,5,1,0.9938,0.9876,20.216,5,0
15,0.747,0.91,3,4,0.0118,0.9882,7,0,0.9579,0.9284,3.163,7,0
10,0.595,0.0,3,0,1.0,0.0,5,1,0.8029,0.6613,-25.741,5,0
7,0.65,1.0,4,4,0.4475,0.5525,8,0,0.3129,0.0186,-12.202,8,0
24,0.938,0.3,1,4,0.0441,0.9559,7,0,0.6063,0.3874,-28.572,7,0
12,0.448,0.31,2,4,0.0,1.0,8,0,0.9877,0.9753,8.961,8,0
13,0.634,0.78,4,4,0.26,0.74,7,0,0.648,0.4445,-22.463,7,0
7,1.0,0.88,3,4,0.1849,0.8151,7,0,0.6335,0.5172,-23.524,7,0
29,0.314,0.24,2,4,0.0,1.0,7,0,1.0,0.9999,-1.715,7,0
16,0.41,0.51,3,4,0.0002,0.9998,7,0,0.9988,0.9978,5.763,7,0
19,1.0,0.32,2,4,0.0,1.0,8,0,0.5561,0.1121,16.022,8,0
21,0.568,0.27,0,4,0.0,1.0,9,0,0.4658,0.1504,1.7,9,0
8,0.134,0.55,4,4,0.406,0.594,4,1,0.29,0.0042,-10.23,8,1
14,0.269,0.25,4,4,0.6314,0.3686,0,1,0.481,0.3014,-16.776,7,1
25,0.875,0.28,1,4,0.0423,0.9577,7,0,0.5998,0.3763,-28.719,7,0
8,1.0,0.88,3,4,0.1584,0.8416,7,0,0.639,0.5101,-23.498,7,0
11,0.419,0.92,3,4,0.3086,0.6914,0,1,0.2491,0.0183,-17.53,6,1
9,0.571,0.55,4,4,0.1967,0.8033,7,0,0.7128,0.5989,-8.022,7,0
22,0.094,0.33,0,4,0.0,1.0,9,0,0.5953,0.4463,-2.194,9,0
26,1.0,0.26,1,4,0.0465,0.9535,7,0,0.6019,0.3845,-28.143,7,0
14,0.0,0.31,4,0,1.0,0.0,2,1,0.4969,0.2774,-8.816,4,1
1,1.0,1.0,5,8,0.0077,0.9923,24,0,0.9781,0.9685,-29.211,24,0
9,1.0,0.88,3,4,0.1449,0.8551,7,0,0.6182,0.4636,-23.284,7,0
17,0.313,1.0,3,4,0.0035,0.9965,9,0,0.9964,0.9929,14.458,9,0
12,0.39,0.86,3,4,0.1316,0.8684,7,0,0.4438,0.1883,-14.39,7,0
9,0.0,0.55,4,0,1.0,0.0,1,1,0.5704,0.344,-3.947,1,0
23,0.154,0.39,0,4,0.0,1.0,9,0,0.5235,0.3334,-2.306,9,0
27,0.938,0.24,1,4,0.0442,0.9558,7,0,0.5948,0.372,-28.303,7,0
15,1.0,0.31,3,4,0.0236,0.9764,6,0,0.7713,0.6131,-13.767,6,0
2,1.0,0.42,5,4,0.0001,0.9999,8,0,0.9999,0.9998,-31.943,8,0
10,1.0,0.88,3,4,0.16,0.84,8,0,0.3589,0.0677,-24.973,8,0
17,0.0,0.9,3,0,1.0,0.0,4,1,1.0,1.0,20.94,4,0
12,0.178,0.15,3,0,1.0,0.0,5,1,0.4879,0.0643,-11.381,5,0
1,1.0,1.0,5,8,0.4771,0.5229,4,1,0.2248,0.0376,-25.383,4,0
10,1.0,0.55,3,4,0.3718,0.6282,6,0,0.5249,0.1812,-6.419,6,0
28,0.875,0.22,1,4,0.0424,0.9576,7,0,0.5857,0.3561,-28.466,7,0
3,0.974,0.04,5,4,0.0,1.0,8,0,1.0,1.0,-28.28,8,0
10,0.0,0.88,3,0,1.0,0.0,2,1,0.6903,0.527,-24.616,2,0
18,0.081,0.9,2,4,0.0,1.0,8,0,0.9991,0.9986,23.791,8,0
13,0.419,0.15,3,4,0.151,0.849,7,0,0.7606,0.6387,-7.971,7,0
11,1.0,0.24,3,4,0.6343,0.3657,5,1,0.5956,0.382,-6.133,5,0
2,1.0,1.0,5,8,0.177,0.823,8,0,0.4385,0.2393,-27.599,8,0
16,0.412,1.0,3,4,0.0003,0.9997,7,0,0.9993,0.999,-14.11,7,0
29,1.0,0.2,1,4,0.0466,0.9534,7,0,0.5903,0.3703,-27.818,7,0
11,1.0,0.88,2,4,0.0631,0.9369,8,0,0.587,0.3635,-28.413,8,0
18,0.0,0.53,2,0,1.0,0.0,0,1,0.8516,0.7032,26.156,0,0
13,0.0,0.0,3,0,1.0,0.0,0,1,0.4724,0.1133,-10.746,0,0
1,1.0,1.0,5,8,0.5588,0.4412,4,1,0.4626,0.3489,-32.413,4,0
11,0.0,0.24,3,0,1.0,0.0,2,1,0.5473,0.1563,-3.863,1,1
30,0.93,0.18,1,4,0.0442,0.9558,7,0,0.5799,0.3515,-28.024,7,0
12,0.422,0.18,2,4,0.2234,0.7766,9,0,0.2916,0.0773,-28.145,8,1
3,0.486,0.08,5,8,0.0146,0.9854,22,0,0.4944,0.1721,-27.483,24,1
19,1.0,0.53,1,4,0.0,1.0,7,0,0.9849,0.9698,22.083,7,0
14,0.178,1.0,2,4,0.1761,0.8239,8,0,0.4854,0.2468,-5.236,6,1
16,0.0,0.47,3,0,1.0,0.0,3,1,0.4993,0.2445,-10.583,5,1
4,0.974,1.0,5,4,0.047,0.953,7,0,0.7168,0.5044,-32.273,7,0
2,0.625,1.0,5,8,0.1254,0.8746,6,0,0.4804,0.2515,-32.818,6,0
12,1.0,0.24,2,4,0.0709,0.9291,9,0,0.4821,0.1643,-8.367,9,0
31,0.868,0.16,1,4,0.0426,0.9574,7,0,0.5678,0.33,-28.198,7,0
12,0.0,0.18,2,0,1.0,0.0,3,1,0.5498,0.0996,-24.878,4,1
15,0.178,0.72,2,1,0.9654,0.0346,1,1,0.6763,0.3872,1.947,2,1
17,0.269,0.47,2,4,0.1823,0.8178,9,0,0.7497,0.5731,-20.848,9,0
5,0.225,0.58,5,4,0.2118,0.7882,7,0,0.4233,0.1864,-35.6,7,0
3,0.236,0.62,5,8,0.1174,0.8826,22,0,0.3077,0.0605,-32.62,22,0
1,1.0,1.0,5,8,0.2968,0.7032,24,0,0.2413,0.0252,-21.455,24,0
13,0.523,0.01,2,4,0.1999,0.8001,9,0,0.5297,0.3762,-8.98,9,0
32,1.0,0.15,1,4,0.0471,0.9529,7,0,0.5783,0.3553,-27.51,7,0
13,1.0,0.18,1,4,0.1019,0.8981,6,0,0.4244,0.0961,-27.539,6,0
4,0.486,1.0,5,4,0.3116,0.6884,7,0,0.5871,0.4607,-21.206,7,0
18,0.269,0.22,2,4,0.1318,0.8682,9,0,0.8112,0.683,-15.706,9,0
16,0.668,0.78,2,4,0.2283,0.7717,8,0,0.5882,0.4103,-4.655,8,0
5,0.0,0.48,5,0,1.0,0.0,3,1,0.3738,0.0698,-35.037,2,1
2,1.0,0.76,5,4,0.3155,0.6845,7,0,0.2522,0.0415,-23.812,7,0
4,0.077,0.35,5,4,0.4118,0.5882,7,0,0.4524,0.1414,-32.923,7,0
33,0.93,0.12,1,4,0.0447,0.9553,7,0,0.5622,0.3277,-27.675,7,0
16,0.0,0.38,2,0,1.0,0.0,2,1,0.6218,0.2436,-7.374,2,0
6,1.0,0.48,4,4,0.1708,0.8292,8,0,0.6482,0.5515,-42.023,8,0
4,0.0,1.0,5,0,1.0,0.0,1,1,0.5986,0.3235,-26.735,2,1
1,1.0,1.0,5,8,0.4228,0.5772,23,0,0.4457,0.0918,-30.441,23,0
4,0.0,0.35,5,0,1.0,0.0,3,1,0.458,0.0608,-32.741,1,1
14,0.523,1.0,2,4,0.3668,0.6332,7,0,0.201,0.0093,-12.698,8,1
34,0.833,0.09,1,4,0.0424,0.9576,7,0,0.5382,0.2843,-27.99,7,0
3,1.0,0.47,5,4,0.2535,0.7465,6,0,0.358,0.1281,-20.231,6,0
14,0.659,0.88,1,4,0.1586,0.8414,8,0,0.2946,0.0023,-35.404,8,0
17,1.0,0.38,1,4,0.0959,0.9041,8,0,0.5746,0.3758,-2.295,8,0
5,1.0,1.0,4,4,0.1674,0.8327,7,0,0.447,0.1756,-28.348,7,0
7,1.0,0.48,4,4,0.1737,0.8263,8,0,0.6362,0.5346,-42.046,8,0
19,0.269,1.0,2,4,0.2285,0.7715,9,0,0.7056,0.4792,-6.28,9,0
2,0.329,1.0,5,4,0.6952,0.3048,4,1,0.5809,0.3634,-27.625,7,1
5,1.0,0.35,4,4,0.1558,0.8442,7,0,0.5254,0.384,-33.248,7,0
14,0.0,0.74,2,0,1.0,0.0,3,1,0.5831,0.1661,-16.569,1,1
35,1.0,0.08,1,3,0.1148,0.8852,9,0,0.6828,0.5435,-27.893,9,0
14,0.0,0.88,1,0,1.0,0.0,4,1,1.0,1.0,-34.015,4,0
4,0.288,0.17,5,4,0.6694,0.3306,3,1,0.518,0.3406,-22.001,6,1
6,0.723,0.73,4,4,0.1694,0.8306,7,0,0.3917,0.0927,-29.31,7,0
8,1.0,0.48,4,4,0.1766,0.8234,8,0,0.6236,0.5167,-42.065,8,0
18,1.0,0.2,1,4,0.0992,0.9008,8,0,0.6003,0.3866,3.093,8,0
19,0.0,0.84,2,0,1.0,0.0,4,1,0.9871,0.9742,0.135,4,0
15,1.0,0.74,1,4,0.0297,0.9703,9,0,0.4371,0.0966,-12.689,9,0
15,1.0,0.88,0,4,0.0,1.0,7,0,0.7479,0.5996,-33.932,7,0
2,0.0,1.0,5,0,1.0,0.0,1,1,0.341,0.0294,-22.89,1,0
36,1.0,0.08,1,3,0.1147,0.8853,9,0,0.683,0.5438,-27.839,9,0
5,0.069,0.17,5,4,0.6187,0.3813,4,1,0.3072,0.1003,-23.895,7,1
7,0.471,0.35,4,4,0.2482,0.7518,7,0,0.3939,0.1458,-32.721,7,0
9,0.415,0.38,4,4,0.1563,0.8437,8,0,0.3637,0.0067,-42.802,8,0
20,0.113,0.84,1,4,0.0298,0.9702,8,0,0.8129,0.6926,5.144,8,0
3,1.0,1.0,4,4,0.7502,0.2498,0,1,0.3813,0.0451,-25.466,0,0
6,0.876,0.17,5,4,0.1666,0.8334,6,0,0.4946,0.2013,-25.541,6,0
16,1.0,0.88,0,4,0.0,1.0,7,0,0.7264,0.5928,-32.889,7,0
6,0.9,1.0,4,4,0.5781,0.4219,0,1,0.2933,0.0765,-33.43,0,0
37,1.0,0.08,1,3,0.1147,0.8853,9,0,0.6831,0.544,-27.782,9,0
10,0.415,0.38,4,4,0.156,0.844,6,0,0.3681,0.0188,-42.866,8,1
20,0.0,0.71,1,0,1.0,0.0,5,1,1.0,1.0,3.77,5,0
19,1.0,1.0,1,4,0.0,1.0,9,0,0.592,0.1841,24.116,9,0
3,0.0,1.0,4,0,1.0,0.0,1,1,0.6037,0.3332,-25.687,1,0
6,0.876,0.03,5,0,1.0,0.0,1,1,0.4819,0.2407,-25.288,1,0
8,0.532,1.0,4,4,0.2041,0.7959,7,0,0.6821,0.581,-23.263,7,0
16,0.73,1.0,1,4,0.0412,0.9588,6,0,0.5716,0.3683,-18.82,6,0
17,0.942,0.88,0,4,0.0,1.0,7,0,0.6514,0.461,-32.268,7,0
6,0.0,1.0,4,0,1.0,0.0,1,1,0.6556,0.4242,-33.599,1,0
21,1.0,0.71,0,4,0.0,1.0,6,0,0.3997,0.1411,-1.665,6,0
4,1.0,1.0,3,4,0.3332,0.6668,7,0,0.4572,0.1621,-26.794,7,0
20,0.234,0.39,1,4,0.0022,0.9978,8,0,0.9478,0.9091,22.781,8,0
7,0.601,0.03,5,4,0.5391,0.4609,3,1,0.2607,0.0464,-23.129,8,1
7,1.0,1.0,3,4,0.3132,0.6868,7,0,0.3386,0.1496,-35.477,7,0
17,0.012,0.61,1,4,0.0396,0.9604,7,0,0.5009,0.2901,-21.703,6,1
18,0.942,0.88,0,4,0.0,1.0,7,0,0.4851,0.2061,-34.758,7,0
8,0.0,1.0,4,0,1.0,0.0,2,1,0.3962,0.0296,-28.507,3,1
38,1.0,1.0,1,3,0.3414,0.6586,8,0,0.5069,0.1655,-29.235,8,0
11,0.415,1.0,4,4,0.34,0.66,6,0,0.3473,0.1974,-40.932,6,0
22,0.658,0.11,0,4,0.0,1.0,6,0,0.4858,0.1465,8.132,6,0
5,0.9,0.76,3,4,0.3053,0.6947,7,0,0.5227,0.2501,-25.974,7,0
7,0.0,0.03,5,0,1.0,0.0,1,1,0.5366,0.4038,-22.492,1,0
20,0.0,0.39,1,0,1.0,0.0,0,1,1.0,1.0,9.878,0,0
8,1.0,1.0,3,4,0.1845,0.8155,6,0,0.4896,0.2574,-34.609,6,0
9,1.0,1.0,3,4,0.0206,0.9794,7,0,0.5725,0.208,-24.961,7,0
17,0.0,0.61,1,0,1.0,0.0,1,1,1.0,1.0,-22.399,1,0
11,0.0,0.87,4,0,1.0,0.0,2,1,0.449,0.038,-37.194,1,1
39,0.848,1.0,1,3,0.4169,0.5831,0,1,0.4169,0.0528,-29.961,8,1
21,0.056,0.39,0,4,0.0,1.0,7,0,0.6187,0.4107,10.647,7,0
5,0.0,0.76,3,0,1.0,0.0,5,1,0.5743,0.3168,-24.613,5,0
8,0.477,0.03,4,4,0.3132,0.6868,8,0,0.2993,0.1271,-22.954,8,0
23,0.156,0.06,0,4,0.0,1.0,7,0,0.6284,0.3838,-5.824,7,0
9,0.061,0.38,3,4,0.1221,0.8779,6,0,0.4496,0.1544,-35.148,6,0
10,1.0,1.0,3,4,0.2626,0.7374,9,0,0.4009,0.176,-27.71,9,0
1,1.0,1.0,5,8,0.0484,0.9516,25,0,0.6298,0.5588,-14.214,25,0
18,1.0,0.61,0,4,0.0,1.0,6,0,0.5074,0.1897,-21.318,6,0
40,0.498,1.0,1,4,0.2147,0.7853,7,0,0.5608,0.346,-28.804,7,0
12,0.875,0.87,3,4,0.0094,0.9906,8,0,0.7813,0.6443,-29.845,8,0
6,1.0,0.76,2,4,0.1346,0.8654,9,0,0.4136,0.2303,-26.755,9,0
11,1.0,1.0,3,4,0.267,0.733,9,0,0.357,0.1148,-27.626,9,0
9,0.0,0.0,3,0,1.0,0.0,3,1,0.882,0.7994,-36.539,3,0
19,1.0,0.61,0,4,0.0,1.0,6,0,0.4932,0.1792,-20.889,6,0
41,0.064,0.8,1,4,0.1613,0.8387,7,0,0.6483,0.4869,-30.205,7,0
13,0.567,0.4,3,4,0.0127,0.9873,8,0,0.6796,0.526,-26.479,8,0
1,1.0,1.0,5,8,0.8338,0.1662,1,1,0.7717,0.7105,-20.038,1,0
7,0.492,0.49,2,1,0.5037,0.4963,9,0,0.4963,0.0531,-27.006,9,0
9,0.352,1.0,4,4,0.1597,0.8403,7,0,0.7046,0.6434,-23.735,7,0
12,1.0,1.0,3,4,0.2679,0.7321,9,0,0.317,0.0542,-27.537,9,0
2,0.24,1.0,5,4,0.7059,0.2941,4,1,0.369,0.1561,-22.827,7,1
10,0.9,1.0,2,4,0.094,0.906,6,0,0.3598,0.0647,-33.398,6,0
41,0.0,0.6,1,0,1.0,0.0,2,1,1.0,1.0,-29.119,2,0
7,0.0,0.49,2,0,1.0,0.0,3,1,0.5279,0.0559,-26.565,2,1
14,0.237,1.0,3,4,0.0987,0.9013,9,0,0.482,0.0782,-25.511,9,0
9,0.0,0.91,4,0,1.0,0.0,4,1,0.3687,0.0146,-23.718,4,0
13,0.707,1.0,3,4,0.3541,0.6459,7,0,0.4407,0.1149,-30.155,7,0
10,0.0,0.51,2,0,1.0,0.0,5,1,0.8852,0.7705,-36.139,5,0
42,0.848,0.6,0,3,0.0,1.0,8,0,0.4238,0.0742,-30.662,8,0
3,0.797,1.0,5,4,0.5069,0.4931,1,1,0.3529,0.1013,-22.693,1,0
20,1.0,1.0,0,4,0.0,1.0,6,0,0.5264,0.2,-20.563,6,0
2,0.838,1.0,5,8,0.1048,0.8952,23,0,0.4923,0.2579,-20.438,23,0
1,1.0,1.0,5,8,0.0629,0.9371,22,0,0.3052,0.0256,-21.856,22,0
8,1.0,0.49,1,4,0.3009,0.6991,8,0,0.3119,0.011,-29.318,8,0
15,0.237,0.26,3,4,0.0706,0.9294,9,0,0.4467,0.0249,-27.975,9,0
10,0.753,0.91,3,4,0.2439,0.7561,7,0,0.5854,0.472,-25.22,7,0
14,0.707,1.0,3,4,0.3521,0.6479,7,0,0.4311,0.1087,-30.176,7,0
11,1.0,0.51,1,4,0.0372,0.9628,9,0,0.3485,0.0872,-31.976,9,0
4,0.565,0.83,5,4,0.3178,0.6822,6,0,0.4008,0.2748,-23.667,6,0
43,0.693,0.6,0,3,0.0,1.0,9,0,0.3776,0.0078,-30.592,9,0
21,1.0,0.95,0,4,0.0,1.0,6,0,0.7052,0.4924,-21.945,6,0
3,0.577,0.36,5,1,0.0509,0.9491,7,0,0.9491,0.9258,-6.182,7,0
15,0.0,0.26,3,0,1.0,0.0,4,1,0.9573,0.932,-27.757,4,0
11,0.0,0.41,1,0,1.0,0.0,2,1,1.0,1.0,-37.559,2,0
11,0.395,0.43,3,4,0.254,0.746,7,0,0.3808,0.1615,-24.47,7,0
15,0.413,1.0,3,4,0.475,0.525,0,1,0.4506,0.0865,-32.325,0,0
4,0.0,0.36,5,0,1.0,0.0,0,1,0.2958,0.0195,-26.277,4,1
44,0.549,0.24,0,3,0.0,1.0,9,0,0.4957,0.1832,-30.965,9,0
16,1.0,0.26,2,4,0.0001,0.9999,8,0,0.9689,0.9389,-15.62,8,0
22,1.0,0.94,0,4,0.0,1.0,6,0,0.7813,0.6112,-23.095,6,0
2,0.673,1.0,5,1,0.982,0.018,5,1,0.4737,0.1784,-24.275,2,1
9,0.7,1.0,1,4,0.0425,0.9575,7,0,0.7929,0.708,-28.402,7,0
12,1.0,0.41,0,4,0.0,1.0,7,0,0.5483,0.2582,-38.798,7,0
16,0.466,1.0,3,4,0.0987,0.9013,7,0,0.661,0.493,-32.65,7,0
5,0.24,0.36,4,4,0.4676,0.5324,9,0,0.2027,0.0423,-21.657,8,1
23,1.0,0.94,0,4,0.0,1.0,6,0,0.7702,0.5905,-22.959,6,0
4,0.577,1.0,5,1,0.4741,0.5259,7,0,0.5259,0.346,-1.944,4,1
3,0.593,0.9,5,4,0.3083,0.6917,8,0,0.6698,0.5846,-24.731,8,0
10,0.448,0.94,1,4,0.0367,0.9633,7,0,0.781,0.6961,-29.122,7,0
12,0.021,1.0,3,4,0.2279,0.7721,7,0,0.4371,0.2601,-24.23,7,0
45,0.385,1.0,0,3,0.0,1.0,9,0,0.4513,0.153,-27.863,9,0
16,0.0,1.0,3,0,1.0,0.0,5,1,0.3604,0.0194,-33.202,2,1
5,0.0,0.36,4,0,1.0,0.0,4,1,0.4034,0.0887,-24.793,4,0
17,0.684,1.0,2,4,0.3325,0.6675,8,0,0.3918,0.1922,-24.264,8,0
24,1.0,0.94,0,3,0.0,1.0,7,0,0.8931,0.82,-25.488,7,0
5,0.024,0.88,5,1,0.3854,0.6146,7,0,0.6146,0.3361,-1.782,4,1
4,0.493,0.07,5,4,0.0001,0.9999,8,0,0.9999,0.9999,-18.434,8,0
11,0.202,0.82,1,4,0.0402,0.9598,7,0,0.7286,0.6275,-29.049,7,0
13,0.021,0.8,3,4,0.2342,0.7658,7,0,0.3966,0.2154,-23.796,7,0
1,1.0,1.0,5,8,0.1905,0.8095,6,0,0.2146,0.0226,-20.001,6,0
17,1.0,1.0,2,4,0.1414,0.8586,7,0,0.7015,0.6069,-37.066,7,0
6,0.797,0.36,3,4,0.0564,0.9436,7,0,0.5523,0.3467,-24.7,7,0
46,0.28,0.79,0,3,0.0,1.0,9,0,0.5583,0.2883,-27.621,9,0
18,0.267,0.58,2,4,0.1766,0.8234,8,0,0.4108,0.1238,-18.716,8,0
25,1.0,0.99,0,3,0.0,1.0,7,0,0.8909,0.8161,-25.494,7,0
11,0.0,0.64,1,0,1.0,0.0,2,1,1.0,1.0,-23.205,2,0
5,0.0,0.53,5,0,1.0,0.0,3,1,0.4791,0.2624,1.153,4,1
13,0.0,0.69,3,0,1.0,0.0,0,1,0.549,0.2761,-24.647,0,0
2,0.265,0.91,5,8,0.4712,0.5288,4,1,0.2759,0.0743,-23.773,9,1
18,0.785,0.4,2,4,0.0412,0.9588,7,0,0.9353,0.907,-37.589,7,0
47,0.179,0.61,0,3,0.0,1.0,9,0,0.5951,0.3221,-27.478,9,0
26,1.0,1.0,0,3,0.0,1.0,7,0,0.891,0.8166,-25.401,7,0
7,0.549,0.09,3,4,0.0843,0.9157,7,0,0.6759,0.5476,-24.457,7,0
18,0.0,0.52,2,0,1.0,0.0,1,1,0.9283,0.8565,-17.369,1,0
5,0.393,1.0,5,4,0.0041,0.9959,8,0,0.9948,0.9923,-13.306,8,0
12,1.0,0.64,0,4,0.0,1.0,7,0,0.7199,0.6027,-25.008,7,0
6,1.0,0.53,4,4,0.0145,0.9855,7,0,0.8922,0.8029,-1.474,7,0
14,0.166,0.69,2,4,0.1327,0.8673,7,0,0.4036,0.1969,-24.649,7,0
3,1.0,0.91,5,8,0.1446,0.8554,22,0,0.3795,0.1814,-18.617,22,0
19,0.876,0.52,1,4,0.0421,0.9579,8,0,0.416,0.0968,-19.963,8,0
7,0.0,0.0,3,0,1.0,0.0,3,1,0.694,0.5404,-28.407,3,0
5,0.0,0.86,5,0,1.0,0.0,4,1,0.524,0.3216,-6.569,4,0
13,0.277,0.51,0,4,0.0,1.0,7,0,0.5741,0.3391,-26.498,7,0
48,0.07,0.43,0,3,0.0,1.0,9,0,0.5788,0.2783,-27.324,9,0
27,1.0,1.0,0,3,0.0,1.0,7,0,0.8918,0.8182,-25.29,7,0
14,0.0,0.58,2,0,1.0,0.0,5,1,0.6128,0.2256,-22.741,5,0
19,0.57,1.0,2,4,0.1548,0.8452,7,0,0.6181,0.5088,-36.588,7,0
6,1.0,0.86,4,4,0.1561,0.8439,7,0,0.8415,0.7033,-16.277,7,0
8,1.0,1.0,2,4,0.1058,0.8942,7,0,0.5102,0.1631,-29.603,7,0
7,1.0,1.0,4,4,0.0023,0.9977,7,0,0.9821,0.9667,-5.732,7,0
4,1.0,1.0,5,1,0.8966,0.1034,1,1,0.7212,0.6141,-8.599,1,0
15,0.875,0.58,1,4,0.1284,0.8716,6,0,0.3624,0.1079,-23.905,6,0
28,1.0,1.0,0,3,0.0,1.0,7,0,0.8926,0.8199,-25.179,7,0
19,0.0,0.81,2,0,1.0,0.0,3,1,0.7638,0.5275,-32.812,3,0
20,0.484,1.0,1,4,0.2718,0.7282,5,1,0.2718,0.0162,-11.434,7,1
6,0.0,0.54,4,0,1.0,0.0,1,1,0.4255,0.1395,-18.799,0,1
8,0.0,0.59,2,0,1.0,0.0,2,1,0.7718,0.5436,-32.027,2,0
20,1.0,0.81,1,4,0.0,1.0,9,0,1.0,1.0,-34.333,9,0
7,0.0,1.0,4,0,1.0,0.0,5,1,0.6508,0.4214,-8.064,5,0
5,0.692,0.89,5,4,0.106,0.894,6,0,0.4904,0.3022,-7.638,6,0
16,0.246,0.43,1,1,0.1141,0.8859,6,0,0.8859,0.7718,-26.604,6,0
29,1.0,1.0,0,3,0.0,1.0,7,0,0.8934,0.8215,-25.066,7,0
1,1.0,1.0,5,8,0.1502,0.8498,24,0,0.4639,0.2243,-2.388,24,0
21,0.582,1.0,1,4,0.0001,0.9999,9,0,0.9896,0.9797,-14.339,9,0
7,1.0,0.54,3,4,0.0011,0.9989,7,0,0.9982,0.9972,-17.398,7,0
9,1.0,0.59,1,4,0.0203,0.9797,6,0,0.8413,0.7509,-33.029,6,0
8,1.0,1.0,3,4,0.0711,0.9289,9,0,0.5646,0.2018,-10.834,9,0
6,0.231,0.53,5,4,0.4091,0.5909,3,1,0.2882,0.1022,-7.089,6,1
30,1.0,1.0,0,3,0.0,1.0,7,0,0.8942,0.8231,-24.952,7,0
2,0.739,0.64,5,4,0.3418,0.6582,6,0,0.3561,0.2052,-17.306,6,0
16,0.0,0.27,1,0,1.0,0.0,2,1,1.0,1.0,-26.578,2,0
1,1.0,1.0,5,8,0.4246,0.5754,4,1,0.259,0.0228,-32.975,4,0
22,0.516,0.3,1,4,0.0,1.0,9,0,0.8755,0.7514,-2.18,9,0
9,0.61,0.34,3,4,0.0094,0.9906,9,0,0.9574,0.9245,-6.238,9,0
7,1.0,0.53,5,4,0.0001,0.9999,9,0,0.9999,0.9998,-0.941,9,0
31,1.0,1.0,0,3,0.0,1.0,7,0,0.895,0.8247,-24.838,7,0
21,0.388,1.0,1,1,0.742,0.258,2,1,0.742,0.484,-41.413,9,1
8,0.106,1.0,3,1,0.7199,0.2801,2,1,0.5751,0.2949,-15.473,2,0
3,0.368,0.22,5,4,0.4809,0.5191,4,1,0.2393,0.0145,-16.74,6,1
17,1.0,0.27,0,4,0.0,1.0,7,0,0.452,0.0755,-25.879,7,0
10,0.903,1.0,1,4,0.0665,0.9335,7,0,0.5389,0.2201,-35.007,7,0
2,0.813,1.0,5,8,0.6021,0.3979,2,1,0.238,0.0635,-33.44,1,1
21,0.0,0.91,1,0,1.0,0.0,3,1,1.0,1.0,-40.995,3,0
9,0.568,1.0,3,4,0.0708,0.9292,8,0,0.649,0.4615,-22.994,9,1
32,1.0,1.0,0,3,0.0,1.0,7,0,0.8957,0.8262,-24.724,7,0
18,1.0,0.33,0,4,0.0,1.0,7,0,0.4726,0.1187,-26.025,7,0
4,0.699,0.22,5,4,0.1985,0.8015,7,0,0.5653,0.3722,-14.269,7,0
10,0.244,1.0,3,4,0.5549,0.4451,4,1,0.498,0.2536,-7.368,8,1
3,0.892,1.0,5,8,0.4887,0.5113,4,1,0.3526,0.1624,-32.4,4,0
1,1.0,1.0,5,8,0.1157,0.8843,7,0,0.2786,0.0018,-24.547,7,0
8,0.901,1.0,5,4,0.0396,0.9604,9,0,0.951,0.9295,7.997,9,0
10,0.0,0.91,1,0,1.0,0.0,5,1,1.0,1.0,-34.227,5,0
22,0.388,0.91,0,4,0.0,1.0,7,0,0.823,0.6962,-43.011,7,0
33,1.0,1.0,0,3,0.0,1.0,7,0,0.8965,0.8277,-24.609,7,0
4,0.699,0.09,5,0,1.0,0.0,3,1,0.5177,0.2127,-20.234,3,0
9,0.142,1.0,3,0,1.0,0.0,0,1,0.4272,0.0645,-25.252,3,1
11,0.636,1.0,3,4,0.7649,0.2351,5,1,0.7356,0.5298,-7.246,9,1
19,0.351,0.39,0,4,0.0,1.0,7,0,0.431,0.007,-27.672,7,0
4,0.625,1.0,5,8,0.5796,0.4204,2,1,0.2644,0.0561,-33.3,2,0
2,1.0,0.67,5,8,0.0501,0.9499,7,0,0.3903,0.1084,-25.872,7,0
11,1.0,0.91,0,4,0.0,1.0,7,0,0.5122,0.2778,-34.297,7,0
8,0.0,0.59,5,0,1.0,0.0,0,1,0.314,0.0075,14.992,4,1
34,1.0,1.0,0,3,0.0,1.0,7,0,0.8972,0.8291,-24.494,7,0
10,0.673,1.0,3,4,0.31,0.69,8,0,0.5436,0.2361,-19.299,8,0
20,0.351,0.45,0,4,0.0,1.0,7,0,0.4555,0.0647,-27.81,7,0
5,0.71,0.09,5,4,0.1335,0.8665,8,0,0.555,0.2729,-17.482,8,0
1,1.0,1.0,5,8,0.0002,0.9998,22,0,0.9801,0.9617,-9.613,22,0
5,0.815,1.0,5,8,0.4869,0.5131,4,1,0.3449,0.1903,-31.876,4,0
9,0.265,0.59,4,4,0.7315,0.2685,5,1,0.6065,0.4669,4.847,5,0
3,0.507,0.46,5,8,0.0355,0.9645,23,0,0.3618,0.1113,-26.027,23,0
12,0.515,0.54,0,4,0.0,1.0,9,0,0.3575,0.0403,-34.796,9,0
12,0.177,1.0,3,4,0.5028,0.4972,8,0,0.3703,0.0456,-4.492,8,0
35,1.0,1.0,0,3,0.0,1.0,7,0,0.8978,0.8305,-24.38,7,0
2,1.0,0.62,5,4,0.2206,0.7794,6,0,0.3292,0.1087,-17.829,6,0
6,0.467,1.0,5,8,0.5515,0.4485,2,1,0.2659,0.0712,-33.099,2,0
10,1.0,0.65,4,4,0.3622,0.6378,1,1,0.3231,0.0005,7.805,1,0
4,0.03,0.16,5,4,0.1382,0.8618,7,0,0.7365,0.6456,-25.632,7,0
12,0.0,1.0,3,0,1.0,0.0,2,1,0.6531,0.363,-1.852,4,1
36,1.0,1.0,0,3,0.0,1.0,7,0,0.8985,0.8318,-24.265,7,0
13,0.098,0.19,0,4,0.0,1.0,7,0,0.5231,0.2945,-35.178,7,0
6,0.386,1.0,5,1,0.9809,0.0191,5,1,0.391,0.1093,-21.576,5,0
3,0.209,0.26,5,4,0.6433,0.3567,4,1,0.3849,0.2188,-21.683,6,1
11,0.323,1.0,3,1,0.9997,0.0003,3,1,0.9443,0.911,-7.548,3,0
7,0.734,1.0,5,8,0.4814,0.5186,4,1,0.3271,0.1925,-31.355,4,0
10,0.0,0.71,4,0,1.0,0.0,5,1,0.3861,0.0935,-3.654,2,1
1,1.0,1.0,5,8,0.572,0.428,4,1,0.4373,0.3294,-29.516,4,0
13,1.0,1.0,2,4,0.0674,0.9326,9,0,0.6111,0.3557,-6.422,9,0
37,0.224,1.0,0,3,0.0,1.0,7,0,0.935,0.8863,-23.831,7,0
7,0.472,1.0,5,4,0.3335,0.6665,6,0,0.3424,0.1265,-23.964,6,0
4,0.712,0.33,5,4,0.0653,0.9347,7,0,0.6674,0.4319,-24.539,7,0
12,0.679,1.0,3,4,0.0,1.0,8,0,1.0,1.0,-9.32,8,0
5,0.03,1.0,5,4,0.5172,0.4828,7,0,0.4239,0.1222,-31.698,3,1
11,1.0,0.71,3,4,0.318,0.682,0,1,0.2716,0.0078,-4.826,0,0
8,0.286,1.0,5,8,0.5212,0.4788,2,1,0.2409,0.0612,-32.784,2,0
7,0.0,1.0,5,0,1.0,0.0,3,1,0.3819,0.0121,-30.162,3,0
5,0.136,0.1,5,4,0.0974,0.9026,7,0,0.6788,0.4804,-24.717,7,0
13,0.376,0.71,3,4,0.0,1.0,8,0,1.0,1.0,-6.89,8,0
14,0.586,1.0,2,4,0.6586,0.3414,4,1,0.6067,0.4033,-19.986,4,0
5,0.0,1.0,5,0,1.0,0.0,1,1,0.5801,0.3275,-31.631,1,0
2,0.813,1.0,5,8,0.3273,0.6727,22,0,0.2192,0.026,-27.949,22,0
12,0.075,0.78,3,4,0.4369,0.5631,5,1,0.3261,0.0316,-12.492,5,0
9,0.649,1.0,5,8,0.4737,0.5263,4,1,0.2933,0.1549,-30.79,4,0
1,1.0,1.0,5,8,0.4815,0.5185,25,0,0.3341,0.1124,-20.728,25,0
8,0.386,1.0,4,4,0.4893,0.5107,8,0,0.3638,0.0907,-24.662,8,0
5,0.0,0.24,5,0,1.0,0.0,1,1,0.3097,0.017,-24.34,2,1
14,0.376,0.36,3,4,0.0,1.0,8,0,1.0,1.0,-2.392,8,0
6,0.878,1.0,4,4,0.1448,0.8552,7,0,0.7778,0.7007,-31.866,7,0
15,0.251,1.0,2,4,0.2237,0.7763,7,0,0.2701,0.0079,-15.915,8,1
3,0.545,0.48,5,4,0.1457,0.8543,6,0,0.6462,0.5451,-32.227,6,0
13,1.0,0.84,3,4,0.3644,0.6356,8,0,0.3163,0.0027,-9.345,8,0
10,0.117,1.0,5,8,0.5084,0.4916,2,1,0.212,0.0415,-32.404,2,0
2,0.468,0.62,5,4,0.6092,0.3908,3,1,0.3297,0.0847,-22.25,3,0
15,0.085,0.05,3,4,0.0,1.0,8,0,1.0,1.0,-1.465,8,0
6,1.0,0.24,4,4,0.2111,0.7889,7,0,0.4966,0.3025,-26.666,7,0
8,0.0,1.0,4,0,1.0,0.0,1,1,0.3996,0.0333,-28.621,2,1
6,0.0,0.37,4,0,1.0,0.0,2,1,0.5157,0.3156,-29.195,2,0
14,0.347,0.84,3,4,0.3264,0.6736,7,0,0.2928,0.0424,-17.155,7,0
3,0.0,0.48,5,0,1.0,0.0,0,1,0.4025,0.2101,-31.266,1,1
11,0.575,1.0,5,8,0.4717,0.5283,4,1,0.2562,0.1201,-30.348,4,0
1,1.0,1.0,5,8,0.3175,0.6825,7,0,0.2608,0.0838,-15.541,7,0
2,0.0,0.53,5,0,1.0,0.0,4,1,0.4353,0.1754,-22.2,2,1
9,1.0,1.0,3,4,0.5556,0.4444,0,1,0.4326,0.1492,-21.865,0,0
7,1.0,0.37,3,4,0.4998,0.5002,8,0,0.4315,0.1713,-26.681,8,0
15,0.0,0.56,2,0,1.0,0.0,0,1,0.6445,0.289,-12.344,2,1
4,1.0,0.48,4,4,0.523,0.477,2,1,0.4652,0.1185,-31.497,2,0
15,0.153,0.32,3,4,0.0625,0.9375,7,0,0.6659,0.434,-6.814,7,0
2,0.24,0.87,5,2,0.9273,0.0727,1,1,0.3563,0.0704,-16.138,3,1
11,0.0,1.0,5,0,1.0,0.0,3,1,0.5021,0.2599,-32.782,3,0
3,1.0,0.53,4,4,0.1604,0.8396,9,0,0.4369,0.1812,-21.69,9,0
16,0.085,1.0,3,4,0.0,1.0,9,0,0.9727,0.9454,-14.55,9,0
10,0.368,1.0,3,4,0.2999,0.7001,7,0,0.4835,0.3294,-24.035,4,1
7,1.0,1.0,4,4,0.3838,0.6162,3,1,0.2471,0.017,-25.361,3,0
16,1.0,0.56,1,4,0.0115,0.9885,9,0,0.933,0.8963,-14.961,9,0
5,0.293,0.48,4,4,0.2503,0.7497,7,0,0.3969,0.1541,-32.19,7,0
8,0.662,1.0,3,4,0.7712,0.2288,4,1,0.3778,0.0836,-32.756,5,1
15,0.0,0.32,3,0,1.0,0.0,0,1,0.6907,0.4364,-6.195,0,0
12,1.0,1.0,4,8,0.4394,0.5606,7,0,0.3299,0.0985,-30.698,7,0
3,0.684,0.93,5,8,0.1028,0.8972,23,0,0.4419,0.2807,-17.563,23,0
16,0.085,0.9,3,0,1.0,0.0,0,1,0.7868,0.5842,-12.59,0,0
4,1.0,0.43,4,4,0.1571,0.8429,9,0,0.3815,0.0637,-21.475,9,0
10,0.0,1.0,3,0,1.0,0.0,1,1,0.4533,0.1702,-26.224,2,1
8,0.466,1.0,4,4,0.3129,0.6871,7,0,0.4415,0.3109,-22.353,7,0
5,0.0,0.48,4,0,1.0,0.0,0,1,0.6174,0.4466,-26.946,0,0
9,0.875,1.0,3,4,0.4031,0.5969,3,1,0.2151,0.0301,-26.72,5,1
16,0.075,0.32,2,4,0.2947,0.7053,7,0,0.4004,0.2337,-12.311,7,0
16,0.0,0.96,3,0,1.0,0.0,3,1,0.9999,0.9999,-7.509,3,0
13,0.573,0.75,4,8,0.4095,0.5905,7,0,0.308,0.0947,-30.894,7,0
4,0.368,0.73,5,4,0.1566,0.8434,7,0,0.4338,0.0678,-7.273,6,1
5,1.0,0.33,4,4,0.2227,0.7773,9,0,0.3662,0.1283,-23.22,9,0
11,1.0,1.0,2,4,0.5971,0.4029,4,1,0.5574,0.3498,-25.116,4,0
9,0.219,1.0,4,4,0.3939,0.6061,7,0,0.2967,0.1278,-23.449,7,0
6,1.0,0.48,3,4,0.1607,0.8393,6,0,0.3427,0.1093,-27.032,6,0
17,0.785,0.47,1,4,0.0583,0.9417,6,0,0.8031,0.7364,-8.827,6,0
10,0.019,1.0,3,4,0.0796,0.9204,6,0,0.458,0.0984,-25.534,7,1
17,0.085,0.96,2,4,0.0,1.0,9,0,0.974,0.948,-10.984,9,0
16,0.0,0.32,2,0,1.0,0.0,2,1,0.8116,0.6232,-13.079,4,1
5,0.094,0.5,5,4,0.1635,0.8365,7,0,0.6318,0.4515,-5.48,7,0
14,0.105,0.56,4,8,0.3016,0.6984,7,0,0.2956,0.0938,-31.222,7,0
6,0.234,0.23,4,4,0.2874,0.7126,9,0,0.3489,0.1635,-25.137,9,0
11,0.0,1.0,2,0,1.0,0.0,1,1,0.8384,0.6768,-29.072,1,0
9,0.0,1.0,4,0,1.0,0.0,1,1,0.505,0.2001,-21.912,1,0
7,1.0,0.48,3,4,0.1637,0.8363,6,0,0.3438,0.1213,-27.15,6,0
17,1.0,0.32,1,4,0.0,1.0,7,0,1.0,1.0,-13.313,7,0
10,0.0,0.36,3,0,1.0,0.0,2,1,0.6912,0.4343,-25.995,2,0
17,0.0,1.0,2,0,1.0,0.0,1,1,0.9931,0.9861,-9.33,1,0
5,0.0,0.3,5,0,1.0,0.0,5,1,0.2953,0.0531,-5.023,0,1
14,0.0,0.56,4,0,1.0,0.0,1,1,0.4387,0.1571,-32.407,5,1
6,0.0,0.13,4,0,1.0,0.0,0,1,0.4509,0.1498,-24.513,5,1
12,1.0,1.0,1,4,0.0458,0.9542,7,0,0.5354,0.2269,-27.135,7,0
10,1.0,1.0,3,4,0.065,0.935,7,0,0.4199,0.1298,-21.661,7,0
11,0.662,0.36,2,4,0.665,0.335,5,1,0.388,0.111,-22.839,5,0
7,0.0,0.48,3,0,1.0,0.0,1,1,0.4582,0.0947,-24.844,1,0
18,0.148,1.0,1,4,0.0208,0.9792,9,0,0.7243,0.5488,-13.11,9,0
18,1.0,0.86,1,4,0.0205,0.9795,7,0,0.5098,0.1451,-16.147,7,0
18,0.106,1.0,1,4,0.0001,0.9999,8,0,0.9919,0.9842,-8.131,8,0
6,1.0,0.3,4,4,0.3992,0.6008,7,0,0.2448,0.0605,-4.916,7,0
15,1.0,0.56,3,8,0.1805,0.8195,23,0,0.4114,0.2261,-31.111,23,0
7,0.468,0.13,3,4,0.1845,0.8155,7,0,0.6401,0.5404,-25.684,7,0
12,0.49,0.42,2,4,0.1257,0.8743,7,0,0.3812,0.0017,-25.0,7,0
13,0.368,0.41,1,4,0.1323,0.8677,7,0,0.4919,0.3532,-27.466,7,0
8,1.0,0.48,2,4,0.279,0.721,7,0,0.3085,0.0987,-25.811,7,0
11,0.571,0.56,3,4,0.0631,0.9369,9,0,0.6021,0.3787,-20.721,7,1
18,0.0,1.0,1,0,1.0,0.0,2,1,1.0,1.0,-13.861,2,0
19,0.106,0.78,1,1,0.0272,0.9728,8,0,0.9728,0.9457,-5.403,8,0
19,1.0,0.76,1,4,0.0244,0.9756,7,0,0.4884,0.1091,-13.827,7,0
7,0.114,0.3,4,4,0.6057,0.3943,4,1,0.3671,0.2089,-9.852,7,1
16,0.751,0.05,3,4,0.3844,0.6156,7,0,0.4065,0.1605,-26.882,7,0
7,0.0,0.03,3,0,1.0,0.0,1,1,0.7255,0.533,-24.581,1,0
14,0.43,0.83,1,4,0.0427,0.9573,6,0,0.5263,0.2633,-29.501,6,0
12,0.0,0.49,2,0,1.0,0.0,2,1,0.7426,0.4853,-25.955,4,1
11,0.0,0.05,3,0,1.0,0.0,2,1,0.6525,0.4244,-20.661,0,1
9,0.086,0.13,2,4,0.1916,0.8084,8,0,0.3006,0.0842,-25.735,7,1
19,0.586,1.0,0,4,0.0,1.0,7,0,0.9326,0.89,-8.59,7,0
20,0.087,0.65,1,4,0.0469,0.9531,7,0,0.4114,0.1507,-22.871,7,0
8,0.791,0.24,4,4,0.39,0.61,7,0,0.3503,0.1969,-13.161,7,0
8,1.0,0.03,2,4,0.0766,0.9234,6,0,0.3149,0.0049,-24.816,6,0
13,0.662,0.49,1,4,0.5494,0.4506,4,1,0.5494,0.3429,-23.254,4,0
9,0.0,0.13,2,0,1.0,0.0,3,1,0.7708,0.5416,-25.159,3,0
14,0.0,0.83,1,0,1.0,0.0,2,1,1.0,1.0,-29.469,2,0
12,1.0,0.05,2,4,0.0911,0.9089,9,0,0.5266,0.3137,-18.865,9,0
20,0.059,1.0,0,4,0.0,1.0,7,0,0.7465,0.5457,-16.866,7,0
20,0.0,0.65,1,0,1.0,0.0,4,1,1.0,1.0,-22.019,4,0
1,1.0,1.0,5,8,0.034,0.966,25,0,0.6053,0.4549,-9.345,25,0
17,0.498,1.0,3,4,0.1771,0.8229,7,0,0.5058,0.3833,-27.835,7,0
9,0.615,0.01,4,4,0.4339,0.5661,7,0,0.2917,0.1192,-11.895,7,0
14,0.875,0.88,1,4,0.1007,0.8993,7,0,0.3718,0.1034,-24.968,7,0
15,1.0,0.83,0,4,0.0,1.0,7,0,0.725,0.6242,-29.839,7,0
10,1.0,0.13,1,4,0.0698,0.9302,7,0,0.3451,0.0553,-24.318,7,0
21,1.0,0.65,0,4,0.0,1.0,7,0,0.9082,0.8509,-20.796,7,0
2,0.695,1.0,5,4,0.1256,0.8744,9,0,0.5066,0.1853,-16.527,9,0
17,0.0,0.91,3,0,1.0,0.0,0,1,0.3733,0.054,-27.18,0,0
1,1.0,1.0,5,8,0.1715,0.8285,22,0,0.4242,0.2525,-8.266,22,0
15,0.743,0.75,1,4,0.0825,0.9175,7,0,0.3744,0.1204,-25.154,7,0
9,0.467,1.0,2,4,0.0665,0.9335,7,0,0.5083,0.2686,-24.907,7,0
16,1.0,0.83,0,4,0.0,1.0,7,0,0.6937,0.5782,-29.36,7,0
13,1.0,1.0,2,1,0.2832,0.7168,9,0,0.7168,0.469,-17.505,9,0
3,0.427,1.0,5,4,0.238,0.762,7,0,0.3475,0.0074,-18.5,9,1
18,1.0,0.91,2,4,0.3839,0.6161,5,1,0.2618,0.0291,-28.242,5,0
10,0.418,1.0,4,4,0.2019,0.7981,7,0,0.3631,0.0691,-21.835,7,0
2,0.616,1.0,5,4,0.0227,0.9773,7,0,0.7391,0.528,-12.473,7,0
11,1.0,1.0,1,1,0.2105,0.7895,7,0,0.7895,0.5791,-24.718,7,0
9,0.0,1.0,2,0,1.0,0.0,5,1,0.662,0.324,-19.69,2,1
16,0.691,0.63,1,4,0.069,0.931,7,0,0.3868,0.1492,-24.663,7,0
17,1.0,0.83,0,4,0.0,1.0,7,0,0.6745,0.5059,-28.468,7,0
14,0.142,0.54,2,1,0.1059,0.8941,9,0,0.8941,0.8156,-18.769,9,0
22,1.0,1.0,0,1,0.0,1.0,7,0,1.0,1.0,-23.901,7,0
4,0.134,1.0,5,4,0.3875,0.6125,7,0,0.2778,0.0099,-20.698,9,1
10,0.0,1.0,4,0,1.0,0.0,0,1,0.3272,0.0403,-20.848,2,1
19,0.343,0.81,2,4,0.1326,0.8674,6,0,0.5353,0.3068,-26.845,7,1
12,1.0,0.83,1,1,0.1764,0.8236,7,0,0.8236,0.6473,-25.082,7,0
10,1.0,1.0,1,4,0.0243,0.9757,7,0,0.4073,0.2051,-22.811,7,0
17,0.625,0.5,1,4,0.0575,0.9425,7,0,0.3935,0.1371,-24.152,7,0
18,1.0,0.83,0,4,0.0,1.0,7,0,0.5955,0.2833,-27.187,7,0
11,0.24,1.0,3,4,0.3443,0.6557,7,0,0.1966,0.0187,-21.034,8,1
4,0.0,1.0,5,0,1.0,0.0,1,1,0.5342,0.2626,-15.746,5,1
3,0.198,1.0,5,4,0.6554,0.3446,2,1,0.4434,0.3147,-8.985,2,0
12,0.0,0.66,1,0,1.0,0.0,5,1,1.0,1.0,-24.964,5,0
11,0.603,0.59,1,4,0.0733,0.9267,7,0,0.4148,0.1797,-22.592,7,0
15,0.142,1.0,2,1,0.4013,0.5987,9,0,0.5987,0.3786,-16.556,9,0
19,1.0,0.83,0,4,0.0,1.0,8,0,0.6861,0.3886,-25.515,8,0
18,0.566,0.38,1,4,0.0517,0.9483,7,0,0.3803,0.0987,-23.63,7,0
1,1.0,1.0,5,8,0.5146,0.4854,4,1,0.31,0.1153,-26.551,4,0
5,1.0,1.0,4,4,0.3249,0.6751,8,0,0.2503,0.0053,-13.864,8,0
20,0.343,1.0,2,1,0.5015,0.4985,6,0,0.4985,0.1092,-29.407,0,1
12,0.011,0.54,3,1,0.484,0.516,7,0,0.516,0.2936,-21.783,7,0
4,0.856,1.0,5,4,0.5084,0.4916,7,0,0.4023,0.2002,-14.578,7,0
13,1.0,0.66,0,4,0.0,1.0,7,0,0.5501,0.3232,-26.407,7,0
12,0.247,0.21,1,4,0.1544,0.8456,7,0,0.3839,0.1689,-22.459,7,0
15,0.0,0.73,2,0,1.0,0.0,0,1,0.8363,0.6726,-15.605,0,0
1,0.0,1.0,5,0,1.0,0.0,0,1,0.2869,0.054,-27.42,2,1
19,0.514,0.25,1,4,0.0518,0.9482,7,0,0.337,0.0146,-22.885,7,0
12,0.0,0.6,3,0,1.0,0.0,5,1,0.371,0.0311,-20.347,5,0
6,0.713,0.8,4,4,0.3491,0.6509,7,0,0.2388,0.0211,-14.198,7,0
5,0.661,0.95,5,4,0.6163,0.3837,7,0,0.2707,0.01,-15.27,7,0
20,0.0,0.91,2,0,1.0,0.0,0,1,0.7639,0.5279,-29.042,0,0
16,0.209,0.73,1,4,0.1439,0.8561,9,0,0.248,0.0082,-13.989,7,1
12,0.0,0.21,1,0,1.0,0.0,2,1,1.0,1.0,-20.74,2,0
20,0.827,1.0,0,4,0.0,1.0,9,0,0.773,0.5531,-23.953,9,0
2,1.0,1.0,4,8,0.2839,0.7161,8,0,0.4358,0.2175,-29.471,8,0
20,0.465,0.13,1,4,0.0575,0.9425,9,0,0.3659,0.0857,-22.188,9,0
13,0.114,0.6,2,4,0.3069,0.6931,6,0,0.2587,0.0378,-20.11,6,0
7,0.724,0.22,4,4,0.1086,0.8914,7,0,0.5944,0.4141,-10.62,7,0
6,0.475,0.77,5,4,0.5958,0.4042,7,0,0.3086,0.0777,-14.812,7,0
21,1.0,0.91,1,4,0.1303,0.8697,7,0,0.401,0.201,-28.47,7,0
13,1.0,0.21,0,4,0.0,1.0,7,0,0.7055,0.5485,-21.313,7,0
14,0.903,1.0,0,4,0.0,1.0,7,0,0.4822,0.2504,-30.156,7,0
16,0.0,0.64,1,0,1.0,0.0,5,1,1.0,1.0,-12.857,5,0
3,0.132,0.53,4,8,0.5306,0.4694,2,1,0.3858,0.283,-30.638,2,0
13,0.0,0.25,2,0,1.0,0.0,3,1,0.5406,0.0812,-18.783,2,1
7,0.292,0.48,5,4,0.4236,0.5764,7,0,0.5291,0.3675,-13.473,7,0
22,0.667,1.0,1,4,0.0193,0.9807,7,0,0.8128,0.7059,-28.317,7,0
14,0.69,0.14,0,4,0.0,1.0,7,0,0.6347,0.4526,-22.188,7,0
21,0.882,1.0,0,4,0.0,1.0,9,0,0.7698,0.5396,-8.218,9,0
17,1.0,0.64,0,4,0.0,1.0,9,0,0.3571,0.0794,-14.093,9,0
4,0.607,0.53,4,8,0.1286,0.8714,25,0,0.2476,0.0784,-30.94,25,0
14,1.0,0.25,1,4,0.0521,0.9479,7,0,0.6292,0.4119,-20.684,7,0
21,0.576,0.36,1,4,0.0142,0.9858,7,0,0.547,0.3734,-12.326,7,0
8,0.596,1.0,4,4,0.1848,0.8152,7,0,0.7635,0.7035,-8.051,7,0
8,0.072,0.29,5,4,0.3295,0.6705,7,0,0.6416,0.5058,-13.755,7,0
23,0.482,0.22,1,4,0.1086,0.8914,9,0,0.5007,0.318,-27.917,9,0
15,0.391,0.06,0,4,0.0,1.0,7,0,0.5511,0.273,-23.239,7,0
1,1.0,1.0,5,8,0.3045,0.6955,24,0,0.3421,0.1079,-27.867,24,0
18,0.68,0.15,0,4,0.0,1.0,7,0,0.6979,0.553,-14.153,7,0
15,0.863,0.07,1,4,0.0308,0.9692,7,0,0.6725,0.4456,-18.682,7,0
21,0.0,0.42,1,0,1.0,0.0,2,1,1.0,1.0,-24.591,2,0
5,0.235,0.03,4,4,0.3052,0.6948,7,0,0.4434,0.2558,-31.457,6,1
22,0.874,0.41,0,4,0.0,1.0,8,0,1.0,1.0,3.955,8,0
8,0.0,0.36,5,0,1.0,0.0,5,1,0.3934,0.0883,-15.03,3,1
8,0.0,1.0,4,0,1.0,0.0,5,1,0.4096,0.0453,-10.324,5,0
24,0.482,0.53,0,1,0.0,1.0,9,0,1.0,1.0,-29.688,9,0
22,0.662,0.42,0,4,0.0,1.0,7,0,0.6686,0.542,-24.081,7,0
9,1.0,0.36,4,4,0.0657,0.9343,7,0,0.6146,0.4181,-12.158,7,0
9,1.0,1.0,3,4,0.4145,0.5855,3,1,0.3105,0.0586,-9.147,3,0
1,1.0,1.0,5,8,0.3016,0.6984,8,0,0.2233,0.0203,-9.974,8,0
2,0.482,1.0,5,4,0.492,0.508,7,0,0.5022,0.1671,-27.145,7,0
16,0.863,1.0,1,4,0.1267,0.8733,7,0,0.6531,0.5115,-18.924,7,0
19,0.401,1.0,0,4,0.0,1.0,6,0,0.4468,0.2042,-20.092,6,0
6,0.235,1.0,4,4,0.0048,0.9952,8,0,0.9881,0.9831,-30.218,8,0
10,0.458,0.11,4,4,0.2752,0.7248,7,0,0.3704,0.1277,-13.978,7,0
23,0.874,1.0,0,4,0.0,1.0,8,0,0.7736,0.5473,7.742,8,0
10,0.435,1.0,3,4,0.3369,0.6631,8,0,0.5037,0.3038,-15.777,8,0
25,0.099,1.0,0,1,0.0,1.0,9,0,1.0,1.0,-29.694,9,0
2,0.555,1.0,5,8,0.4697,0.5303,4,1,0.199,0.0139,-12.876,4,0
17,0.863,0.95,1,4,0.1463,0.8537,7,0,0.6661,0.5198,-14.036,7,0
6,0.0,1.0,4,0,1.0,0.0,3,1,0.5298,0.2876,-25.025,3,0
24,0.193,0.1,0,4,0.0,1.0,9,0,0.5213,0.0426,10.235,9,0
10,0.0,1.0,3,0,1.0,0.0,5,1,0.4447,0.0068,-14.622,5,0
25,0.0,0.15,1,0,1.0,0.0,2,1,1.0,1.0,-19.149,2,0
3,0.482,1.0,5,4,0.0001,0.9999,8,0,0.9999,0.9998,-28.467,8,0
3,0.458,1.0,5,8,0.2979,0.7021,6,0,0.2846,0.1078,-14.741,22,1
17,0.0,0.91,1,0,1.0,0.0,2,1,1.0,1.0,-21.953,2,0
7,1.0,1.0,3,4,0.2365,0.7635,7,0,0.3967,0.2276,-25.409,7,0
1,1.0,1.0,5,8,0.3027,0.6973,9,0,0.2265,0.0403,-24.453,9,0
11,0.458,1.0,4,4,0.3713,0.6287,3,1,0.341,0.0804,-8.517,8,1
11,1.0,1.0,2,4,0.0493,0.9507,7,0,0.8057,0.7211,-12.684,7,0
26,0.575,0.15,0,4,0.0,1.0,7,0,0.8848,0.7934,-15.418,7,0
3,0.0,1.0,5,0,1.0,0.0,3,1,0.3058,0.0155,-18.247,1,1
4,0.08,0.17,5,4,0.0001,0.9999,8,0,0.9996,0.9994,-26.95,8,0
8,0.836,0.94,3,4,0.1957,0.8043,7,0,0.3502,0.1786,-24.461,7,0
18,1.0,0.91,0,4,0.0,1.0,7,0,0.4226,0.0473,-19.222,7,0
2,1.0,0.82,5,8,0.2909,0.7091,9,0,0.2019,0.0135,-24.1,9,0
12,0.508,1.0,2,1,0.4594,0.5406,7,0,0.5406,0.1776,-22.262,7,0
12,0.75,1.0,4,4,0.0282,0.9718,6,0,0.6397,0.3393,-11.01,6,0
4,1.0,1.0,4,8,0.5178,0.4822,0,1,0.3619,0.149,-21.54,0,0
4,0.0,0.17,5,0,1.0,0.0,4,1,0.7492,0.4989,-29.485,4,0
9,0.672,0.88,3,4,0.144,0.856,8,0,0.3109,0.0622,-23.506,8,0
19,1.0,0.91,0,4,0.0,1.0,7,0,0.4182,0.0386,-18.966,7,0
1,1.0,1.0,5,8,0.0627,0.9373,8,0,0.3646,0.184,-22.842,8,0
3,1.0,0.63,5,8,0.2777,0.7223,9,0,0.1996,0.0185,-23.521,9,0
12,0.0,1.0,2,0,1.0,0.0,2,1,0.5163,0.0325,-20.385,4,1
13,0.051,0.13,4,1,0.0007,0.9993,6,0,0.9993,0.9989,-7.716,6,0
27,0.22,0.71,0,4,0.0,1.0,7,0,0.4679,0.214,-17.708,7,0
5,0.077,1.0,4,8,0.5739,0.4261,3,1,0.4294,0.3126,-22.487,3,0
5,1.0,0.17,4,4,0.0002,0.9998,7,0,0.9928,0.986,-28.344,7,0
20,1.0,0.91,0,4,0.0,1.0,7,0,0.414,0.03,-18.669,7,0
1,0.0,0.62,5,0,1.0,0.0,5,1,0.5198,0.3291,-22.849,1,1
13,1.0,1.0,1,4,0.0047,0.9954,7,0,0.862,0.7578,-20.114,7,0
4,1.0,0.44,5,8,0.2707,0.7293,9,0,0.1913,0.0074,-22.692,9,0
13,0.0,0.0,4,0,1.0,0.0,1,1,0.4806,0.2587,-5.72,4,1
6,1.0,1.0,4,8,0.5139,0.4861,0,1,0.3389,0.1058,-23.189,0,0
10,0.508,1.0,3,4,0.0924,0.9076,7,0,0.4736,0.2101,-19.172,7,0
21,0.557,0.91,0,4,0.0,1.0,7,0,0.4981,0.2145,-20.549,7,0
2,1.0,0.62,4,8,0.2824,0.7176,23,0,0.2898,0.0606,-21.631,23,0
1,1.0,1.0,5,8,0.0727,0.9273,25,0,0.8901,0.8591,-9.775,25,0
14,0.456,1.0,1,4,0.0025,0.9975,7,0,0.6827,0.4136,-24.272,7,0
5,1.0,0.26,5,8,0.2641,0.7359,6,0,0.2055,0.0315,-21.593,6,0
6,0.0,1.0,4,0,1.0,0.0,1,1,0.3802,0.1389,-23.703,1,0
14,1.0,1.0,3,4,0.7865,0.2135,4,1,0.5112,0.2523,5.609,4,0
6,0.624,1.0,4,4,0.3397,0.6603,7,0,0.3394,0.1035,-27.885,9,1
11,0.256,0.97,3,4,0.0706,0.9294,8,0,0.3359,0.0403,-17.175,8,0
22,1.0,1.0,0,4,0.0,1.0,9,0,0.5837,0.2466,-22.595,9,0
2,0.0,0.0,4,0,1.0,0.0,3,1,0.6244,0.4241,-26.157,2,1
2,0.63,0.26,5,4,0.3212,0.6788,9,0,0.3075,0.0898,-1.038,9,0
14,0.0,1.0,1,0,1.0,0.0,4,1,1.0,1.0,-31.487,4,0
7,1.0,1.0,3,8,0.2291,0.7709,25,0,0.2374,0.0366,-22.057,25,0
6,1.0,0.26,5,8,0.261,0.739,6,0,0.2117,0.0387,-21.512,6,0
11,0.0,0.96,3,0,1.0,0.0,1,1,0.6558,0.4781,-13.093,1,0
15,0.732,1.0,3,4,0.0002,0.9998,7,0,0.9998,0.9997,3.359,7,0
6,0.0,0.91,4,0,1.0,0.0,3,1,0.7087,0.5604,-26.879,1,1
23,0.753,1.0,0,4,0.0,1.0,9,0,0.5664,0.2269,-24.409,9,0
3,1.0,1.0,3,4,0.4222,0.5778,7,0,0.4135,0.122,-23.136,7,0
15,1.0,1.0,0,4,0.0,1.0,8,0,0.48,0.2275,-31.731,8,0
8,0.075,0.76,3,4,0.3361,0.6639,7,0,0.2932,0.0755,-25.117,3,1
7,0.433,0.26,5,8,0.2766,0.7234,3,1,0.1753,0.0128,-23.981,6,1
12,1.0,0.96,2,4,0.3962,0.6038,0,1,0.2195,0.0139,-24.707,0,0
7,1.0,0.91,3,4,0.0995,0.9005,7,0,0.5311,0.2656,-28.032,7,0
24,0.506,1.0,0,4,0.0,1.0,9,0,0.5143,0.1482,-25.779,9,0
3,0.691,1.0,5,4,0.2564,0.7436,8,0,0.6047,0.4827,8.724,8,0
4,0.327,0.3,3,4,0.1658,0.8342,7,0,0.6198,0.4897,-22.21,7,0
16,0.632,1.0,3,4,0.0,1.0,8,0,1.0,0.9999,-2.464,8,0
8,0.0,0.76,3,0,1.0,0.0,2,1,0.3743,0.0055,-24.951,2,0
8,0.336,0.26,5,8,0.0312,0.9688,22,0,0.648,0.5387,-22.015,24,1
12,0.0,0.98,2,0,1.0,0.0,5,1,0.5715,0.143,-21.956,1,1
7,0.0,0.81,3,0,1.0,0.0,2,1,0.7338,0.5058,-26.772,2,0
25,0.258,1.0,0,4,0.0,1.0,9,0,0.4463,0.0447,-26.65,9,0
9,1.0,0.76,2,4,0.3128,0.6872,3,1,0.267,0.0392,-23.541,3,0
16,0.0,1.0,3,0,1.0,0.0,1,1,0.7509,0.6068,-1.931,1,0
13,1.0,0.98,1,4,0.2203,0.7797,9,0,0.2473,0.0111,-21.291,9,0
8,1.0,0.81,2,4,0.0686,0.9314,9,0,0.4354,0.1763,-25.425,9,0
5,0.39,1.0,3,4,0.4746,0.5254,7,0,0.3859,0.0228,-17.431,7,0
26,0.011,1.0,0,4,0.0,1.0,7,0,0.4307,0.0441,-27.023,7,0
4,0.132,1.0,5,4,0.137,0.863,6,0,0.3868,0.1279,11.463,9,1
10,1.0,0.76,2,4,0.1779,0.8221,8,0,0.3753,0.1217,-26.261,8,0
17,1.0,1.0,2,4,0.0733,0.9267,8,0,0.5611,0.2058,3.081,8,0
9,0.336,1.0,5,1,0.9932,0.0068,5,1,0.9148,0.8743,-21.056,5,0
14,0.669,0.67,1,4,0.1335,0.8665,6,0,0.4634,0.3094,-20.933,6,0
6,0.452,0.73,3,4,0.4307,0.5693,7,0,0.4056,0.0966,-12.886,7,0
27,0.225,1.0,0,4,0.0,1.0,9,0,0.4439,0.042,-26.019,9,0
4,0.0,0.89,5,0,1.0,0.0,4,1,0.7442,0.5148,19.277,4,0
11,1.0,0.24,2,4,0.1376,0.8624,8,0,0.566,0.4512,-23.945,8,0
17,1.0,0.39,2,0,1.0,0.0,0,1,0.7627,0.5255,2.747,0,0
10,1.0,1.0,5,4,0.1781,0.8219,8,0,0.7898,0.6905,-21.342,8,0
15,0.327,0.16,1,4,0.1087,0.8913,6,0,0.4085,0.1996,-21.182,6,0
9,1.0,1.0,2,4,0.1414,0.8586,9,0,0.5707,0.3497,-21.929,9,0
5,1.0,0.89,4,4,0.0084,0.9916,6,0,0.6254,0.2614,15.368,6,0
6,0.0,0.43,3,0,1.0,0.0,1,1,0.449,0.0343,-11.182,2,1
17,0.0,0.39,2,0,1.0,0.0,1,1,0.6132,0.2263,1.082,1,0
10,0.0,0.4,5,0,1.0,0.0,1,1,0.3554,0.0837,-20.573,3,1
10,0.829,1.0,2,4,0.2205,0.7795,8,0,0.4203,0.276,-22.656,9,1
7,0.877,0.43,2,4,0.0347,0.9653,8,0,0.4673,0.1232,-10.438,8,0
6,0.424,0.89,4,4,0.0455,0.9545,6,0,0.8225,0.6995,12.6,6,0
18,1.0,0.39,1,4,0.0265,0.9735,6,0,0.8021,0.7105,10.353,6,0
12,0.407,1.0,2,4,0.0942,0.9058,9,0,0.3488,0.1057,-27.736,6,1
11,1.0,0.4,4,4,0.0025,0.9975,9,0,0.9387,0.881,-14.746,9,0
16,0.163,1.0,1,4,0.0704,0.9296,9,0,0.3381,0.0459,-22.787,9,0
11,0.619,1.0,2,4,0.0611,0.9389,9,0,0.6,0.3044,-20.546,9,0
8,0.653,0.12,2,1,0.3489,0.6511,8,0,0.6511,0.3967,-14.017,8,0
6,0.0,0.56,4,0,1.0,0.0,2,1,0.7534,0.6096,14.207,2,0
12,0.0,1.0,2,0,1.0,0.0,5,1,0.6161,0.2322,-28.116,2,1
16,0.0,0.42,1,0,1.0,0.0,1,1,1.0,1.0,-20.365,1,0
12,0.422,0.48,2,4,0.0217,0.9783,8,0,0.8899,0.8433,-14.66,9,1
7,1.0,0.56,3,4,0.0886,0.9114,7,0,0.8674,0.7814,13.864,7,0
9,0.445,0.18,2,1,0.4178,0.5822,8,0,0.5822,0.2671,-15.083,8,0
19,0.895,1.0,1,1,0.0,1.0,6,0,1.0,1.0,5.626,6,0
13,1.0,1.0,1,4,0.0303,0.9697,6,0,0.3549,0.0071,-27.054,6,0
17,1.0,0.42,0,4,0.0,1.0,7,0,0.6118,0.3486,-21.649,7,0
12,1.0,1.0,4,4,0.5646,0.4354,9,0,0.309,0.0176,-16.626,9,0
13,0.216,0.48,2,4,0.0011,0.9989,8,0,0.8043,0.6156,-11.758,9,1
8,0.502,0.32,3,4,0.0617,0.9383,7,0,0.8295,0.7515,12.662,7,0
19,0.0,0.31,1,0,1.0,0.0,5,1,1.0,1.0,11.78,5,0
14,0.057,0.36,1,4,0.1409,0.8591,6,0,0.4004,0.1552,-33.87,6,0
18,0.69,0.48,0,4,0.0,1.0,7,0,0.4251,0.0154,-22.467,7,0
13,0.734,0.93,4,4,0.552,0.448,3,1,0.3194,0.0243,-18.202,3,0
13,0.0,0.48,2,0,1.0,0.0,1,1,0.9946,0.9893,-12.792,1,0
9,0.502,0.1,3,4,0.0184,0.9816,7,0,0.9307,0.9039,15.218,7,0
10,0.445,1.0,2,1,0.9109,0.0891,2,1,0.8583,0.7692,-13.527,2,0
20,0.458,0.31,0,4,0.0,1.0,7,0,0.9992,0.9987,13.956,7,0
19,0.388,0.54,0,4,0.0,1.0,9,0,0.5951,0.3537,-23.261,9,0
13,0.0,0.99,4,0,1.0,0.0,0,1,0.4028,0.1016,-20.212,1,1
14,1.0,0.48,1,4,0.0393,0.9607,8,0,0.8265,0.7,-16.674,8,0
11,0.485,1.0,2,4,0.0033,0.9967,8,0,0.9921,0.9895,-15.426,8,0
15,0.057,1.0,1,4,0.0059,0.9941,9,0,0.407,0.0984,-34.219,9,0
14,0.433,0.99,3,4,0.2976,0.7024,7,0,0.3884,0.1996,-19.231,7,0
20,0.085,0.14,0,4,0.0,1.0,9,0,0.608,0.3258,-23.324,9,0
15,0.338,0.48,1,4,0.1729,0.8271,9,0,0.4235,0.2109,-21.234,8,1
10,0.502,1.0,3,4,0.0005,0.9995,7,0,0.9967,0.994,8.957,7,0
15,0.134,0.85,3,4,0.3628,0.6372,7,0,0.252,0.0418,-18.636,7,0
15,0.0,0.48,1,0,1.0,0.0,5,1,1.0,1.0,-22.629,5,0
10,0.0,0.91,3,0,1.0,0.0,1,1,0.7685,0.6169,2.826,1,0
12,0.091,0.23,2,1,0.9857,0.0143,4,1,0.931,0.8762,-19.009,4,0
16,0.057,1.0,1,4,0.0704,0.9296,7,0,0.4711,0.2002,-25.201,7,0
21,0.147,1.0,0,4,0.0,1.0,9,0,0.4265,0.1547,-11.651,9,0
15,0.0,0.72,3,0,1.0,0.0,1,1,0.4761,0.0689,-15.883,4,1
16,1.0,0.48,0,4,0.0,1.0,9,0,0.3104,0.0534,-24.12,9,0
11,1.0,0.91,2,4,0.3015,0.6985,8,0,0.3963,0.1429,-4.157,8,0
13,0.123,0.23,2,4,0.0277,0.9723,8,0,0.7704,0.619,-23.141,8,0
16,0.0,0.9,1,0,1.0,0.0,2,1,1.0,1.0,-22.243,2,0
16,0.734,0.72,2,4,0.1546,0.8454,7,0,0.7708,0.6545,-15.781,7,0
17,0.876,0.9,0,4,0.0,1.0,7,0,0.5902,0.4182,-21.898,7,0
12,0.752,0.81,2,4,0.2302,0.7698,8,0,0.4024,0.1107,-5.411,8,0
13,0.0,0.23,2,0,1.0,0.0,2,1,0.6119,0.2238,-25.819,2,0
17,0.234,0.78,2,4,0.0183,0.9817,8,0,0.8876,0.8476,-9.935,9,1
17,0.631,1.0,0,1,0.0,1.0,9,0,1.0,1.0,-24.731,9,0
18,0.493,0.8,0,4,0.0,1.0,7,0,0.5702,0.3699,-27.66,7,0
13,0.0,0.23,1,0,1.0,0.0,1,1,1.0,1.0,-28.153,1,0
13,0.489,0.71,2,4,0.1844,0.8156,8,0,0.4254,0.0996,-6.785,5,1
17,0.0,0.66,2,0,1.0,0.0,2,1,0.9639,0.9278,-10.734,2,0
19,0.128,0.7,0,4,0.0,1.0,7,0,0.4824,0.2459,-30.723,7,0
14,0.321,0.23,0,4,0.0,1.0,7,0,0.513,0.1587,-26.639,7,0
14,0.211,0.62,2,4,0.2122,0.7878,8,0,0.4373,0.143,-8.464,5,1
18,1.0,0.66,1,4,0.0626,0.9374,7,0,0.3974,0.0788,-21.753,7,0
15,0.321,0.86,0,1,0.0,1.0,7,0,1.0,1.0,-28.389,7,0
14,0.0,0.52,2,0,1.0,0.0,5,1,0.862,0.724,-4.01,3,1
19,1.0,0.72,1,4,0.0208,0.9792,7,0,0.7825,0.6682,-28.444,7,0
15,1.0,0.52,1,4,0.0596,0.9404,7,0,0.3249,0.0385,1.073,7,0
20,1.0,0.78,1,4,0.0224,0.9776,7,0,0.778,0.662,-28.675,7,0
15,0.0,0.42,1,0,1.0,0.0,3,1,1.0,1.0,-9.428,3,0
21,1.0,0.84,1,4,0.0244,0.9756,7,0,0.7733,0.656,-28.888,7,0
16,1.0,0.42,0,4,0.0,1.0,7,0,0.8682,0.7885,-11.431,7,0
22,0.829,0.9,1,4,0.0242,0.9758,7,0,0.7827,0.6624,-29.419,7,0
17,0.127,0.33,0,4,0.0,1.0,7,0,0.8118,0.7204,-18.187,7,0
23,0.684,0.96,1,4,0.0235,0.9765,7,0,0.7817,0.6537,-29.773,7,0
24,0.542,1.0,1,4,0.0218,0.9782,7,0,0.7746,0.6353,-30.013,7,0
25,0.375,1.0,1,4,0.019,0.981,7,0,0.7626,0.6081,-30.165,7,0
26,0.207,1.0,1,4,0.0175,0.9825,7,0,0.7397,0.5638,-30.287,7,0
27,0.269,1.0,1,4,0.0181,0.9819,7,0,0.7489,0.5815,-30.274,7,0
28,0.102,1.0,1,4,0.0173,0.9827,7,0,0.7205,0.528,-30.384,7,0
28,0.0,1.0,1,0,1.0,0.0,4,1,1.0,1.0,-28.123,4,0
29,1.0,1.0,0,4,0.0,1.0,7,0,0.7499,0.6016,-29.131,7,0
30,0.745,1.0,0,4,0.0,1.0,7,0,0.6631,0.4269,-30.217,7,0
31,0.805,1.0,0,4,0.0,1.0,7,0,0.6799,0.4556,-30.191,7,0
32,0.866,1.0,0,4,0.0,1.0,7,0,0.6966,0.4847,-30.161,7,0
33,0.632,1.0,0,4,0.0,1.0,7,0,0.6354,0.3817,-30.261,7,0
34,0.398,1.0,0,4,0.0,1.0,7,0,0.5916,0.3225,-30.307,7,0
35,0.459,1.0,0,4,0.0,1.0,7,0,0.6641,0.4506,-29.41,7,0
36,0.212,1.0,0,4,0.0,1.0,7,0,0.5771,0.3186,-30.293,7,0
