#{"t_start": 1789619894.7270472, "env_id": "poke-env-v0"}
r,l,t
-42.0,30,5.878838
-38.3,48,7.00032
-41.94,29,7.556665
-40.58,28,8.101159
-35.95,39,8.792249
-41.52,24,9.233377
-42.0,23,9.602371
-40.74,25,9.9634
-41.51,18,10.213525
-46.04,19,10.481654
-44.4,23,10.782944
-41.74,28,11.14047
-42.0,20,11.383696
-44.31,38,11.908695
-42.0,35,12.3189
-43.34,28,12.627279
-35.82,27,12.981947
-41.32,22,13.22575
-43.52,24,16.972633
-44.22,22,17.527106
-45.0,22,17.899561
-44.37,25,18.645874
-43.66,20,19.022535
-38.75,35,19.576762
-38.65,31,19.98632
-38.46,47,20.620263
-43.73,21,20.895026
-40.79,127,23.170895
-38.69,33,23.74138
-42.0,29,24.222311
-44.81,17,24.545527
-44.12,18,24.814185
-47.47,27,25.325377
-35.07,27,27.638488
-41.12,38,28.163591
-41.21,30,28.952562
-41.8,28,29.570877
-37.66,40,30.586775
-40.19,31,31.13201
-44.32,26,31.559412
-36.0,26,31.958101
-45.0,29,32.422412
-35.41,23,32.785282
-44.31,57,33.704373
-44.43,26,34.153267
-43.27,26,34.576224
-38.77,30,35.053138
-39.0,30,35.543683
-45.0,32,36.087558
-44.96,23,36.440924
-39.0,32,38.699817
-41.68,44,39.315619
-37.74,29,39.816785
-43.47,28,40.175803
-45.89,20,40.511823
-41.7,26,40.977732
-41.81,32,41.50742
32.538813,36,42.085894
-44.59,23,42.482438
-37.58,32,42.976103
-38.84,28,43.389773
-44.71,23,43.766554
-44.7,25,44.180292
-42.0,23,44.536397
-39.0,31,45.003824
-41.94,27,45.432415
-44.12,22,45.800228
-43.97,29,46.301196
-44.23,25,48.69542
-47.66,29,49.108573
-38.42,23,49.415033
-43.6,29,49.798064
-44.5,33,50.475919
-41.95,22,50.958533
-44.41,55,52.204801
-38.53,28,52.826994
-39.0,28,53.358772
-41.88,21,53.839819
-41.49,28,54.530718
-47.99,40,55.539917
-41.8,32,56.231547
-43.93,29,56.715189
-41.71,25,57.21629
-42.0,26,57.603517
-38.1,42,58.317798
-42.0,29,61.162423
-38.16,34,61.759538
-32.86,44,62.45553
-42.0,35,63.060431
32.134328,30,63.647311
-38.68,28,64.153528
-40.6,24,64.605795
-32.64,34,65.275481
-35.88,39,66.055124
-41.69,32,66.654257
-39.0,21,67.061113
-32.88,36,67.707761
-44.34,23,68.12162
-40.47,30,68.614442
-43.76,20,68.940442
-44.68,26,69.361727
-46.13,24,69.763325
-42.0,23,72.451809
-41.23,29,72.913042
-38.8,29,73.409438
-38.25,36,74.165829
-38.91,40,74.836761
-36.0,33,75.445798
-33.0,42,76.367839
-38.58,27,76.933348
-44.22,35,77.617064
-41.79,26,78.104597
-44.28,34,78.751189
-38.93,29,79.410401
-38.86,27,79.864275
-42.0,26,80.299729
-44.52,28,80.806903
-40.94,27,81.287904
-47.45,22,81.649595
-39.8,24,84.362712
-34.58,32,84.872834
-41.77,34,85.433178
-42.0,21,85.781545
-41.57,30,86.260288
-37.64,44,86.947548
-44.03,26,87.462763
-35.95,36,88.145774
-41.79,37,88.855744
-32.03,36,89.512244
-38.34,27,90.01312
-44.68,20,90.406908
-41.94,24,90.83975
33.0,39,91.403919
-37.68,29,91.905989
-38.2,39,92.579442
-38.76,20,92.967763
-40.14,26,95.915953
-44.88,40,96.651945
-38.22,25,97.077782
-38.5,28,97.569924
-41.68,22,97.901552
-35.5,49,98.656438
-43.77,25,99.104507
-35.04,33,99.759027
-39.0,27,100.285485
-41.38,26,100.818261
-42.0,24,101.265426
-38.5,32,101.857321
-44.34,30,102.404965
32.957854,30,102.907093
-39.0,22,103.298142
-40.9,23,103.671363
-38.31,35,104.280879
-41.07,26,107.054196
-39.81,30,107.591743
-44.3,28,107.918103
-35.44,26,108.381634
-38.83,29,108.841202
-44.88,28,109.370061
-38.14,29,109.816397
-42.0,21,110.166984
-36.0,25,110.597532
-41.04,35,111.304769
-41.69,25,111.806
-38.45,23,112.283673
-41.01,26,112.760227
-38.88,34,113.415943
34.364515,34,114.056278
-41.07,25,114.485884
-37.99,30,114.9906
-42.0,30,115.474726
-47.2,25,115.907573
-38.13,27,118.606979
41.612245,22,119.01068
-44.14,19,119.395211
-43.51,40,120.30274
33.0,33,120.833549
-44.55,33,121.369536
-35.87,32,121.895064
-41.47,20,122.231503
35.95202,35,122.887525
-41.78,26,123.384355
-38.33,35,124.093225
-36.0,36,124.805414
38.199301,34,125.421971
-36.0,32,125.947805
-37.76,55,126.835857
-38.21,57,130.022999
-41.42,20,130.409975
-35.39,29,130.98451
-41.12,21,131.336179
32.571429,57,132.229729
-36.0,26,132.669778
-34.65,35,133.278446
-40.74,54,134.384205
-37.56,33,135.089815
-38.11,25,135.575006
-40.1,30,136.142517
-38.03,27,136.621856
-38.52,35,137.21008
-41.26,24,137.609303
-41.76,18,137.911236
-35.01,32,138.415892
-38.81,30,141.179503
-38.42,39,141.958297
-35.23,37,142.741796
-31.91,45,143.627131
-35.42,32,144.203223
-43.25,32,144.841181
-44.09,22,145.222972
-44.34,14,145.47532
-38.47,29,146.034946
-41.6,29,146.67286
-40.54,21,147.188582
-41.15,25,147.801934
-41.26,22,148.334188
-39.0,20,148.756688
-35.52,88,150.111501
-41.58,24,150.490779
-33.0,33,153.497848
-34.52,33,154.103425
-44.25,21,154.486231
-38.91,21,154.895594
-43.74,19,155.390249
-36.0,30,155.92543
-35.67,40,156.617237
-35.81,33,157.239723
-35.9,38,157.861435
-42.0,32,158.586352
-38.21,30,159.119117
34.530321,43,159.91261
-41.05,35,160.471174
-39.0,27,160.894432
32.158301,39,161.526352
-38.39,28,161.979881
-38.38,27,162.441193
33.0,37,165.490569
-41.11,23,165.838377
-38.18,32,166.408224
-44.37,21,166.811613
-35.94,39,167.469343
-37.77,23,167.844126
-38.66,27,168.295009
-35.81,28,168.796469
-37.65,41,169.527874
-32.26,35,170.167763
-39.0,30,170.702742
-38.72,33,171.326019
-41.47,33,171.865167
-39.0,21,172.214571
-40.84,19,172.530513
-41.27,31,173.015029
-32.66,56,176.152923
-41.2,25,176.622988
-35.29,26,177.111966
-38.76,28,177.516753
-32.25,54,178.465803
-38.54,22,178.861335
-39.0,23,179.264198
-44.01,23,179.661776
-44.31,29,180.147896
-35.52,25,180.799281
-41.51,30,181.490111
-46.23,17,181.860494
-33.0,36,182.725694
-42.0,33,183.597195
-35.4,28,184.188813
-38.72,45,185.122538
-40.75,27,185.595512
-37.66,26,186.005812
-36.83,21,188.531402
-38.93,89,190.150012
-36.0,31,190.739125
-35.88,59,191.799889
-38.11,25,192.192739
-42.0,23,192.541885
-35.73,27,193.028237
-38.44,28,193.500669
-38.87,26,193.923337
-38.42,24,194.297155
-36.0,26,194.749348
-31.73,35,195.748651
-42.0,25,196.160333
-40.58,26,196.551086
-39.0,37,197.109047
-32.88,29,199.681396
-39.0,22,200.061621
-38.53,26,200.520711
-38.36,29,201.03442
-35.6,30,201.663284
-40.77,26,202.180223
30.0,35,202.854473
-38.07,31,203.372659
-35.65,25,203.714625
-35.49,27,204.087867
-38.41,23,204.432884
-41.65,21,204.83399
-38.59,29,205.466404
-47.82,19,205.906759
-38.29,23,206.278626
-32.13,27,206.698205
-41.41,27,207.069172
-38.35,30,207.484155
-42.0,23,207.782697
-41.39,21,208.096378
-41.3,18,210.457588
-41.08,23,210.897595
-36.0,23,211.303939
-44.14,31,211.848208
-36.0,20,212.186229
-37.89,26,212.630942
-42.0,31,213.12728
-39.0,28,213.569324
-38.1,30,214.005085
37.943442,27,214.368096
-35.65,21,214.651188
35.949324,30,215.075141
-39.0,27,215.473446
-36.0,23,215.837821
-37.76,38,216.584038
-41.62,19,216.930285
-38.48,26,217.339217
-38.19,31,217.843109
-45.0,20,218.16539
-38.13,23,218.529178
-37.91,39,221.602628
-45.0,37,222.284191
-40.91,26,222.7632
-35.5,22,223.232578
-42.0,29,223.737144
-32.15,31,224.299938
-35.51,28,224.828939
-38.2,30,225.396981
35.893536,25,225.799692
-32.39,41,226.462803
-41.88,78,228.232195
-35.58,30,228.821378
-33.0,30,229.318452
-40.95,35,229.904516
-41.68,28,230.356423
-35.06,33,233.147799
-32.29,25,233.621599
-43.81,22,234.009742
-35.18,32,234.788805
-35.39,55,235.755147
-34.66,34,236.371454
-40.65,20,236.693961
-32.9,35,237.223222
-32.86,33,237.699002
-33.0,32,238.26869
-38.44,29,238.784133
-41.43,27,239.25451
-32.51,40,239.920823
-35.81,32,240.425656
35.216667,29,240.869827
-37.86,27,241.287916
-38.05,21,243.771719
-35.55,34,244.355115
-43.89,24,244.765991
-40.52,25,245.188188
32.329545,30,246.149662
32.219331,32,246.613272
-32.38,35,247.262795
-38.64,37,247.840316
-32.83,29,248.245839
-38.91,25,248.652533
31.555556,37,249.385016
-35.14,26,249.8313
44.122984,22,250.208473
-45.0,18,250.513238
-35.04,27,250.917055
-41.55,25,251.288327
-44.06,19,251.566836
32.59375,36,252.082209
-39.0,34,254.675726
-42.0,25,255.087651
-39.0,24,255.504292
-38.62,26,255.948377
-38.99,20,256.290362
-41.24,18,256.632138
-35.3,29,257.029293
-37.48,31,257.499693
-41.01,24,257.819114
-38.24,28,258.22792
-32.51,36,258.77824
-43.26,24,259.164658
34.654712,46,259.993784
-39.0,25,260.431127
-41.91,25,260.929223
-41.29,21,261.310856
35.777003,39,261.871734
40.518044,29,262.404886
-35.16,27,262.917031
-32.32,24,265.908397
-35.38,40,266.616292
-38.51,24,267.032516
-41.07,37,267.799772
-39.0,28,268.368029
-39.0,52,269.144967
-38.57,26,269.565235
-32.49,31,270.050867
-44.49,24,270.430995
-32.71,38,271.119987
-41.9,19,271.448329
-41.42,30,272.036547
-35.78,29,272.509869
-43.76,33,273.004811
34.89749,34,273.505061
-40.14,28,273.923449
-39.0,28,276.425058
-37.82,34,277.001824
-37.87,38,277.661364
-36.36,29,278.16474
-33.0,34,278.713701
-41.53,21,279.067131
38.570423,21,279.408598
-36.0,33,279.889693
-38.1,22,280.211642
-32.08,35,280.744979
-33.0,28,281.176394
-39.0,23,281.521493
-40.85,23,281.905474
-38.84,28,282.396971
-32.22,31,282.914669
-35.22,27,283.360983
-41.31,25,283.71674
32.158273,28,284.137095
35.625,27,284.534017
-39.0,25,287.863291
-32.69,29,288.40471
-32.95,32,288.954284
-42.0,18,289.303006
30.0,30,289.8901
-40.8,26,290.362106
35.903346,24,290.715364
-41.83,23,291.054888
-35.86,33,291.615655
-41.15,56,292.480584
-43.35,18,292.762001
-40.37,30,293.299077
-35.33,33,293.758442
-35.64,35,294.312395
-35.9,21,294.625659
32.248062,44,295.340052
37.760264,41,298.091928
32.162264,38,298.756606
-38.28,21,299.123356
-35.31,24,299.577132
-35.35,46,300.416155
-41.25,17,300.70026
-38.53,24,301.170839
-42.0,25,301.612141
32.52648,32,302.05256
-38.44,28,302.460549
-35.91,30,302.883355
-38.74,25,303.219141
-38.99,28,303.592135
-38.31,24,304.000867
-35.17,31,304.454324
32.5,40,305.001323
-35.14,24,305.342533
-36.0,31,305.938507
-44.16,19,308.154777
-41.15,28,308.451868
34.708132,34,308.785561
-35.8,29,309.058433
-32.85,25,309.386276
-38.45,25,309.876761
-40.88,30,310.44162
-36.0,27,310.934036
-37.55,27,311.402323
-38.05,28,311.857898
-41.44,26,312.474169
-38.94,24,312.928108
35.605263,24,313.315403
-41.18,17,313.625064
-41.42,19,313.953556
-35.47,27,314.412046
-38.88,32,314.884181
-40.68,25,315.260363
-41.45,20,315.602595
-33.0,32,316.057841
-37.15,29,318.768009
-41.69,23,319.235717
-36.0,23,319.677107
-36.0,44,320.480237
-41.79,31,321.081629
-44.13,29,321.627769
-35.35,29,322.153968
-36.0,35,322.799697
-37.93,30,323.395871
-38.25,22,323.823477
-40.17,35,324.410504
-40.95,28,324.911898
32.133106,42,325.680865
30.0,29,326.135438
-41.45,36,326.635363
-38.14,23,326.954717
-37.72,26,327.311341
-39.0,26,329.977653
-41.94,22,330.420557
-36.0,23,330.860807
-36.0,30,331.507185
-40.81,30,332.061575
-44.32,20,332.424158
-38.76,25,332.857265
-36.0,27,333.315372
-40.59,20,333.653712
-35.91,31,334.179972
32.475524,66,335.337542
-35.79,28,335.861567
-39.0,22,336.249954
-32.55,35,336.902616
-41.39,22,337.232377
-41.55,31,337.676429
-41.69,20,337.965522
-31.53,36,338.440277
-37.86,28,341.107769
-32.56,35,341.929073
-42.0,28,342.430975
-41.23,25,342.902669
37.217231,32,343.458794
-42.0,22,343.90027
-33.0,36,344.535223
-35.59,24,344.928213
-38.59,24,345.430506
-44.22,22,345.875842
-35.81,21,346.241181
-41.47,25,346.657328
-38.91,20,347.018119
-32.57,38,347.842884
33.0,29,348.354902
-38.38,25,348.737539
33.0,30,349.173357
-34.84,51,349.837336
-38.44,50,353.102745
-38.97,22,353.49712
-35.04,28,354.00522
-41.27,18,354.343644
32.461255,37,355.095428
-39.39,26,355.595439
-44.07,23,356.317508
-35.01,28,356.866578
-38.82,29,357.434169
-39.0,30,358.023707
-38.33,28,358.565364
-35.34,31,359.126584
-40.9,31,359.675537
-35.49,24,360.11712
-41.85,23,360.486976
35.530303,34,361.010188
-33.0,41,361.645829
-35.55,34,364.398351
33.0,28,364.888129
35.705455,27,365.381982
-35.61,36,366.091378
35.402878,37,366.811468
-32.1,29,367.312542
-38.72,25,367.732603
32.257463,26,368.101151
-38.48,22,368.33977
-35.56,29,368.833457
-41.61,23,369.242524
-32.77,42,369.963322
-32.39,32,370.548485
-40.96,20,370.936907
-35.78,37,371.558494
-32.38,31,372.008575
-35.21,32,372.478869
-35.42,34,375.167816
33.0,34,375.821436
-35.21,29,376.321908
-41.81,22,376.676339
-41.12,19,376.997252
-38.61,22,377.382149
-36.0,26,377.849524
-35.99,41,378.525637
-35.58,29,379.027184
-38.27,23,379.427598
-45.0,25,379.877909
-35.82,24,380.381725
-41.52,24,380.845435
-39.0,23,381.258757
-32.2,31,381.810152
-38.12,36,382.46021
-32.62,32,382.969917
-33.0,33,383.432915
-38.42,24,385.861797
-39.0,25,386.356419
-36.0,25,386.83979
-36.0,27,387.419953
-32.64,31,387.960186
-34.59,32,388.536394
38.630225,23,388.937189
-38.04,28,389.463455
-41.55,23,389.831157
-41.63,23,390.250742
32.524194,34,390.841867
-35.62,34,391.445624
33.0,26,391.867989
-38.22,22,392.257446
-34.87,26,392.672903
-40.47,27,393.141977
-32.64,30,393.669163
-38.5,27,394.080017
-35.64,33,394.54625
-42.0,23,397.09909
-35.62,25,397.589525
-35.43,27,398.035478
-39.0,25,398.355983
-39.0,22,398.684817
-33.0,27,399.224742
32.450847,30,400.513205
-38.52,26,401.335719
32.062016,29,401.928178
34.649201,61,403.148013
-38.38,33,403.754625
32.83209,25,404.215054
-32.21,34,404.8578
-38.27,29,405.41932
-32.16,30,406.004769
-40.99,18,406.323144
-31.89,70,409.734057
-33.0,27,410.256268
-41.78,21,410.697536
32.754717,32,411.339098
-35.91,28,411.941162
-38.75,38,412.670027
32.277567,33,413.37308
-39.0,26,413.870475
-38.27,23,414.347512
-32.72,41,415.166262
32.305455,39,415.860321
-34.18,44,416.617997
-35.27,28,417.115335
-38.19,21,417.487142
35.381132,26,417.913564
-35.44,35,418.496896
-44.89,16,418.757165
32.470817,29,421.342167
-38.48,21,421.782059
-38.09,40,422.589005
-33.0,30,423.162091
-38.2,32,423.762233
-41.3,19,424.150694
-36.0,22,424.618965
-32.66,32,425.18371
32.699588,36,425.832879
38.06998,28,426.354245
-32.81,29,426.921258
-32.73,34,427.521122
-38.13,29,428.02932
-36.0,25,428.46331
-38.51,26,428.963161
-32.3,30,429.464033
35.331034,31,429.988042
33.0,35,430.517161
-36.0,27,433.219026
-38.15,26,433.727721
35.374007,30,434.68464
-32.41,32,435.262026
-38.66,22,435.650587
35.610592,22,436.089282
-35.77,24,436.581412
-42.99,19,436.947027
-37.27,30,437.5411
-35.91,25,438.088903
-35.91,26,438.562912
-38.76,24,439.013874
-46.26,19,439.347842
38.106061,24,439.885696
38.09507,32,440.532997
-34.56,28,441.042713
-32.49,28,441.530426
-38.6,25,442.572789
-36.0,36,443.168841
-35.47,32,445.802648
-38.31,29,446.387316
-37.65,31,446.974732
-39.0,20,447.329737
-33.0,34,448.063643
35.210317,33,448.757125
-44.32,27,449.283692
37.189131,27,449.765579
35.601476,28,450.826516
-36.0,23,451.30514
32.443366,37,452.012562
-38.16,23,452.418275
-41.72,20,452.777375
-35.96,26,453.243602
36.0,29,453.758823
-37.81,27,454.363098
-35.14,32,454.936646
-35.72,27,455.358479
-33.0,30,457.937859
-39.0,31,458.517115
-32.78,28,459.086463
32.231132,29,459.699217
-38.47,28,460.310847
-37.67,27,460.8854
-39.0,23,461.336473
32.717213,28,461.92107
-35.92,23,462.404401
-41.1,16,462.77596
-35.91,29,463.372625
-38.7,26,463.869413
-35.52,29,464.482661
-38.23,21,464.874452
-33.0,30,465.501273
-35.52,37,466.19721
-40.99,22,466.636291
-38.25,33,467.269605
32.804878,32,467.825929
-40.84,27,471.261443
-47.91,25,471.762721
-39.0,35,472.505112
-43.92,21,472.873985
-42.0,22,473.148046
38.049822,26,473.541865
-33.0,30,474.083589
-33.0,27,474.483128
-35.71,30,475.041717
-35.04,27,475.605884
-36.0,29,476.179274
-35.46,33,477.077229
-35.36,26,477.727246
-34.93,28,478.252248
-44.45,24,478.724339
-36.0,50,479.631364
35.758312,30,480.192817
-35.33,24,480.588925
-37.62,30,483.085439
-32.75,28,483.487936
-35.52,35,484.101891
-35.76,33,484.70614
-38.82,25,485.186462
-38.14,24,485.631666
-36.0,31,486.269735
-38.63,31,487.436982
-38.05,33,488.195703
-38.37,31,488.817968
41.165354,26,489.297805
-37.72,44,490.140848
35.639847,30,490.828636
-38.11,29,491.419969
-47.01,21,491.856727
-37.78,25,492.389608
-38.38,24,492.770125
-38.15,23,493.162488
-38.45,21,495.569328
-41.5,26,496.53814
32.087097,38,497.303225
35.59596,33,497.929749
35.65493,36,498.671141
-32.35,43,499.497785
-41.52,20,499.9064
-35.78,25,500.396835
-37.55,28,500.923905
-41.07,20,501.330562
-38.29,33,502.015302
-38.89,25,502.479311
-44.01,25,503.088174
-32.47,31,503.658462
-35.17,28,504.103158
-35.43,39,504.756567
-35.82,24,505.171123
-35.02,30,507.640814
38.101159,26,508.071467
-38.05,25,508.574488
32.707865,27,509.093133
-38.71,24,509.549767
32.762821,31,510.174958
-38.87,26,510.696942
32.25,31,511.305776
-32.97,33,511.972715
-32.75,29,512.537086
32.8,36,513.27299
-38.64,24,513.736067
-36.0,34,514.430201
-41.33,24,514.907045
-38.8,22,515.294712
-44.76,69,516.5869
33.0,32,517.130727
32.322917,30,519.471984
-38.81,23,519.821069
-30.0,30,520.369333
-33.0,38,521.067925
-34.64,25,521.526438
-35.91,32,522.063
-32.9,33,522.649816
32.205298,27,523.097312
-38.72,20,523.708422
-38.72,32,524.246767
-35.08,29,524.718541
-37.75,31,525.822443
32.400641,25,526.234356
-35.32,27,526.679677
-41.26,28,527.123507
-35.29,23,527.478518
-38.91,23,528.09498
33.0,53,530.811576
-40.9,25,531.165538
-35.52,24,532.515087
32.688312,33,533.013689
-41.32,20,533.838076
-38.47,34,534.337561
-38.6,21,534.884657
-35.72,30,535.411792
-38.69,23,535.757144
-38.3,27,536.585432
-35.72,26,537.015654
-38.04,22,537.409698
-39.0,21,537.781036
-35.22,30,538.277984
35.15625,26,538.708234
-33.0,28,539.101621
-36.0,24,539.467868
-37.11,24,540.503189
-40.54,24,540.977592
-38.82,21,541.920304
-35.64,33,544.378222
-33.0,32,544.850033
-32.5,28,545.330067
35.256705,27,545.764469
-44.23,23,546.211418
-38.24,43,547.087671
-38.29,22,547.500645
35.133803,27,547.969135
35.403125,27,548.414727
-38.79,27,548.871332
-32.23,32,549.87989
-38.4,33,550.385335
-37.98,25,551.377616
-42.0,17,551.628011
-40.33,26,552.022579
-37.32,32,552.556535
-32.03,32,553.107888
-35.94,29,554.281727
-35.3,30,556.738494
35.447183,46,557.645005
-38.51,23,558.047353
-38.73,27,558.530475
-36.0,27,559.105836
-35.76,23,559.495368
-41.27,19,559.819307
32.003257,40,560.431971
-35.91,40,560.993011
-39.0,20,561.34713
32.546075,42,562.182273
-37.75,25,562.605725
-32.2,33,563.174043
-32.71,28,563.641347
-38.09,32,564.175139
-35.79,27,564.690082
-38.16,44,565.385239
-32.31,33,567.678421
-41.04,29,568.221189
32.384328,33,568.864475
32.901408,29,569.347081
-38.72,30,569.832231
32.519685,26,570.456264
-38.12,25,570.836356
-35.61,25,571.198833
-35.54,35,571.68644
-38.72,21,572.001228
-40.82,24,572.36774
-36.0,24,572.753047
-32.91,32,573.32179
-40.9,34,573.936043
37.92869,45,574.757047
35.12963,24,575.171583
-38.52,25,575.568706
-32.46,30,578.018593
-41.59,22,578.375817
-33.0,31,578.925642
-35.15,22,579.290976
32.314815,36,579.896372
-40.51,24,580.299782
-41.29,24,580.700277
-38.37,27,581.15016
-33.0,37,581.658527
-35.64,26,582.01402
-36.0,29,583.045917
-38.16,24,583.530727
-39.0,23,583.964504
-33.0,31,584.465214
-35.87,27,584.930232
-36.0,31,585.451069
-35.3,23,585.805799
37.982265,29,586.258976
-34.45,35,586.808663
34.519231,24,589.011967
-32.83,27,589.432745
42.0,36,590.077886
-44.26,16,590.370098
-36.0,26,591.030008
-38.91,25,591.415323
-38.69,41,592.069777
-37.45,26,592.475427
37.504692,28,592.928639
-36.0,26,593.374454
-35.83,27,593.885647
-41.28,28,594.415173
-38.61,26,594.891361
35.135135,28,595.392788
32.484536,29,595.951398
-39.0,21,596.364765
-41.32,19,596.762948
33.0,30,597.439326
-38.87,37,600.598971
-35.1,27,600.986759
-37.99,25,601.896805
-39.0,26,602.36202
-32.55,29,602.88372
-32.44,34,603.445117
-34.82,27,603.887726
-32.96,38,604.522264
-35.2,27,604.942271
-34.96,26,605.432606
-38.1,26,606.017326
-32.91,26,606.575041
-34.96,39,607.356812
-41.75,53,608.634451
-38.81,25,609.856185
-41.05,36,610.562815
32.094862,29,611.259835
-33.0,25,613.686163
-34.64,28,614.097697
-38.61,22,614.44451
-39.0,18,615.103939
-36.0,29,615.518642
-36.0,28,615.94932
-38.63,25,616.327371
38.454198,34,616.967057
-32.96,27,617.647692
-38.76,19,618.015393
-38.71,28,618.546541
-36.0,23,618.951304
31.530418,28,619.470736
-34.14,28,619.982034
-33.0,29,620.526513
-39.0,30,621.074767
-32.45,34,621.726455
35.059018,27,622.26158
-38.95,30,622.820182
-36.0,31,625.360267
-41.55,45,626.036665
-36.0,31,626.519439
-38.5,25,626.913254
32.53937,29,627.407255
-38.43,20,627.814586
-32.67,30,628.390464
-36.0,27,628.913754
-38.52,26,629.404222
-37.11,23,629.861855
-38.54,26,630.387589
-36.0,28,631.007433
-44.01,17,631.309937
-42.74,23,631.786096
-38.57,21,632.163143
-38.51,24,632.606129
-36.0,32,633.238314
-35.22,33,633.859634
-37.35,26,634.636318
-41.78,22,636.929585
-37.36,31,637.349309
-33.0,32,637.849698
-38.45,24,638.247194
-35.25,26,638.676156
35.302765,28,639.188378
-35.64,30,639.736823
-38.85,19,640.109131
-35.14,29,640.705267
-35.64,26,641.192363
-36.0,31,641.762648
-38.81,28,642.258657
-33.0,27,642.923995
-32.07,30,643.464904
37.023683,26,643.961993
37.406142,26,644.460498
-39.0,34,645.100135
-43.77,22,645.511841
-38.6,22,645.929775
-39.0,26,648.459687
35.5543,32,649.096277
35.510121,20,649.366845
-35.41,22,649.755898
-41.15,28,650.29013
-32.91,33,651.040101
-32.48,31,651.703573
-32.44,50,652.633787
-41.22,20,653.0148
-32.5,33,653.651514
-45.0,30,654.229811
38.170732,39,654.954878
-41.49,23,655.374348
-32.13,37,656.000155
32.518519,30,656.583985
-37.83,29,658.110908
-35.14,32,658.713988
-32.12,29,661.615188
-38.63,21,661.881821
-32.63,32,662.333354
32.105058,30,662.832078
38.045267,28,663.44782
-38.69,25,663.971928
-38.64,21,664.356258
-37.68,31,664.912585
-35.69,29,665.408264
32.063758,40,666.109984
-38.13,22,666.505066
-32.3,28,667.013676
-38.22,29,667.528156
-38.72,22,667.899791
-37.24,25,668.370223
-32.46,34,668.962076
-41.48,20,669.351823
-35.46,61,672.302991
32.247273,27,672.642814
-36.0,29,673.02218
-34.29,26,673.403878
32.902724,28,673.777565
37.930425,26,674.229715
-38.27,23,674.599332
-38.18,28,675.6411
-34.82,22,676.004106
-44.29,18,676.29123
-35.71,22,676.695032
32.618881,59,677.69369
-39.0,20,678.01126
-44.68,32,678.560797
-32.26,26,678.994417
-38.1,23,679.361137
-35.21,27,679.824257
36.0,22,680.168564
35.301282,31,680.692853
-41.17,23,683.210455
-33.0,30,683.673682
-38.47,23,684.058937
-35.03,25,684.523429
-41.71,23,684.989041
-33.0,32,685.596212
-35.35,31,686.125486
-37.86,24,686.521386
-38.19,29,687.023851
-35.06,28,687.616506
32.095785,41,688.35937
-33.0,32,688.932514
-34.27,28,689.371963
-38.15,20,689.71103
-38.81,24,690.100235
-35.15,26,690.537094
35.764205,25,690.986561
38.138205,23,691.289191
-32.28,30,691.687515
-40.91,41,694.011485
-41.1,22,694.292069
32.378205,33,694.70952
-35.32,30,695.161011
33.0,32,695.830378
-32.41,38,696.511602
-34.88,26,696.94083
-33.0,21,697.264884
35.877637,27,697.776185
-40.57,26,698.197568
-40.65,22,698.566936
-35.14,32,699.144021
-39.0,22,699.490996
-32.47,29,699.981768
-41.28,29,700.491869
-41.54,22,700.838672
-34.21,30,701.325354
-38.51,24,701.735742
-38.79,22,703.902891
-44.69,21,704.151659
-38.7,28,704.487108
-34.9,29,704.814886
-35.62,30,705.178907
-35.19,29,705.625155
32.063758,41,706.292341
-37.72,31,706.839452
-35.66,27,707.287802
-32.7,28,707.758934
-44.29,21,708.180763
-35.87,23,708.575348
-35.16,26,709.01811
-38.64,24,709.417448
-38.66,22,709.768641
32.752101,37,710.545015
-36.0,26,711.112874
-43.28,28,711.637418
-38.01,21,712.023316
34.633127,39,714.717783
-32.54,31,715.134371
-35.61,23,715.440528
-35.08,28,715.781764
-36.0,21,716.029545
32.466418,29,716.443376
-35.85,27,716.871433
-37.33,23,717.24918
35.28483,26,717.677518
-35.91,28,718.13086
-38.16,25,718.55631
30.0,36,719.342069
-35.21,26,719.766028
-33.0,27,720.228801
-38.94,28,720.690897
-35.01,26,721.100544
-35.65,27,721.541535
-32.94,28,721.994308
35.114541,30,724.237547
-33.0,31,724.662455
-44.16,20,724.985498
35.722433,27,725.384527
33.0,31,725.775652
-33.0,33,726.178463
30.0,33,726.608425
-36.0,24,726.915644
-40.29,23,727.222095
-38.57,17,727.511601
-38.53,22,728.15677
-41.42,24,728.556992
-33.0,36,729.148399
-38.7,25,729.537593
-41.08,38,730.205199
34.500804,26,730.643175
-32.68,29,731.116181
33.0,34,731.672783
-35.05,27,732.124889
-41.33,28,734.814753
32.464,36,735.613633
-32.71,31,736.128462
32.82716,26,736.63975
-35.69,28,737.125803
34.673077,34,737.709368
-33.0,31,738.134706
32.282051,27,738.558146
-32.18,32,739.119066
-38.82,25,739.527346
-40.78,20,739.85779
-42.0,17,740.142268
33.0,25,740.566039
-32.42,36,741.177626
-41.49,19,741.49665
34.627531,49,742.298486
-41.96,38,742.909343
-41.12,17,743.207466
-32.84,30,745.781855
-32.08,34,746.352822
-32.57,26,746.854674
-35.73,26,747.902116
32.043614,28,748.271976
-35.23,27,748.71288
-38.2,30,749.132939
-32.43,35,749.627501
-38.14,38,750.370293
-38.22,25,750.805361
-35.72,29,751.638711
-38.41,25,752.059876
-38.88,22,752.397326
36.0,27,752.866292
-38.25,27,753.340505
-37.68,28,753.837429
-33.0,32,754.350436
32.901141,47,757.101457
33.0,30,757.478212
32.80212,30,757.930881
-38.62,26,758.247715
32.893382,57,759.114699
-42.0,18,759.450149
41.229102,30,760.053664
-35.43,31,760.638373
34.820398,36,761.18244
-35.01,27,761.601653
-39.0,30,762.306059
-35.73,28,762.904978
35.052003,36,763.586996
32.804714,26,764.106256
-39.0,20,764.488671
-35.41,40,765.204286
30.0,30,767.765172
-33.0,27,768.231369
-32.51,38,768.921293
-41.16,27,769.358328
-36.0,27,769.723585
35.072797,30,770.098998
-44.02,22,770.343839
-32.43,33,770.79629
-35.65,32,771.19672
-35.3,30,771.685779
-37.52,27,772.1277
38.197183,26,772.540775
-33.0,32,773.107175
-36.3,32,773.616996
-35.81,25,774.053442
32.080292,31,774.494314
-41.82,17,774.74236
-36.0,26,775.174734
-34.83,26,775.611939
-36.0,25,777.997727
-41.34,19,778.360641
-41.07,20,778.734891
-33.0,46,779.470703
-35.82,31,779.905486
-34.98,35,780.34989
43.839864,16,780.556027
-41.66,28,780.923414
-35.28,29,781.26703
-35.33,34,781.771562
-35.34,31,782.302587
-32.31,27,782.749872
-40.41,23,783.17346
-33.0,31,783.695357
-38.6,21,784.085769
-32.02,40,784.781114
-47.01,19,785.132747
34.993377,38,785.761037
-37.83,21,788.053856
-44.54,20,788.383214
-41.16,25,788.886406
-38.7,25,789.299235
-32.64,37,790.014195
-35.73,38,790.708535
35.229885,22,791.028775
-44.84,28,791.408194
-36.0,25,791.74399
-35.09,28,792.104739
-38.67,28,792.51153
-33.0,45,793.143954
-36.0,32,793.897677
32.414634,29,794.511996
-34.95,26,795.038844
-32.92,22,795.422557
-44.73,21,795.774115
-41.67,22,796.107348
-32.73,30,798.684464
-35.91,35,799.281033
-38.71,33,799.861238
32.375,28,800.399316
-37.33,29,800.925972
-38.61,34,801.412043
-33.0,27,801.810443
34.430777,28,802.232378
33.0,23,802.513004
32.07451,27,802.905832
32.903361,24,803.237155
-31.8,35,803.791413
-35.22,29,804.281519
-38.24,21,804.733471
-39.0,24,805.232508
-38.54,21,806.614332
31.815789,33,807.296721
-35.04,28,807.800098
-35.15,31,810.461307
-43.9,16,810.780066
-38.17,22,811.184983
-33.0,28,811.727767
-35.7,38,812.441125
-41.01,22,812.784065
-38.23,25,813.112699
32.303249,30,813.774455
-35.88,34,814.243302
-33.0,25,814.5395
-35.22,22,814.822465
-38.4,20,815.116681
-33.0,27,815.509687
32.760933,28,815.925535
-42.0,24,816.317544
-33.0,45,817.104082
-38.46,37,817.800757
-38.37,24,818.205963
-35.2,34,818.794722
-38.91,25,821.406439
-32.32,26,821.901422
-35.28,28,822.399306
-38.88,26,822.84062
-36.0,23,823.265342
-35.31,22,823.604382
-38.51,26,823.99526
-38.23,28,824.416396
-37.93,29,824.82439
32.291339,34,825.246582
35.313953,29,825.685584
-35.2,30,826.097207
-35.81,29,826.488252
-32.67,29,826.907811
-42.0,22,827.320131
-35.3,27,827.794271
-40.8,26,828.229709
-36.0,29,828.756031
-35.57,34,831.296232
-32.5,28,831.722417
-41.95,33,832.284904
-35.23,30,832.771998
-32.18,25,833.244061
-41.48,28,833.672357
-35.15,28,834.045817
-42.35,24,834.402074
-38.0,27,834.800693
-41.94,21,835.085414
-33.0,32,835.459065
-38.4,28,835.879394
37.230063,26,836.231238
-39.0,39,836.785896
-35.69,28,837.206897
-38.18,22,837.562835
-33.0,25,837.965386
-35.56,37,838.824167
-38.71,33,841.54722
-42.0,16,841.834456
35.007042,30,842.316793
-41.37,25,842.604487
-43.64,25,842.949366
-38.12,23,843.32269
32.240283,40,844.031679
-38.75,26,844.499124
32.374532,31,845.034291
-38.82,21,845.435503
-41.67,25,845.821551
-44.18,22,846.110229
40.363156,20,846.345891
35.755725,25,846.657832
-41.09,28,846.980928
-37.84,40,847.544096
-38.33,27,847.987864
-39.0,25,848.40623
-41.34,24,848.796008
-35.7,29,851.328265
-41.62,35,851.947099
32.663507,40,852.599759
-35.85,27,853.072977
-32.39,26,853.567775
-31.63,28,854.063928
-36.0,25,854.508316
-35.59,30,855.021654
-32.05,34,855.565468
-38.5,34,856.106519
-32.91,27,856.45345
-38.33,41,856.958203
-32.33,30,857.331999
32.5,42,857.952005
-36.0,33,858.478402
-33.0,28,859.135465
-36.0,23,859.53421
-35.8,30,862.259302
-32.87,40,862.937532
-30.0,32,863.497239
-38.7,27,864.063755
-41.39,21,864.490069
32.446154,27,864.935875
-41.32,25,865.352082
-37.47,27,865.809503
32.635688,30,866.333859
-39.0,34,866.833021
-32.57,35,867.33686
-38.13,24,867.698157
32.10566,39,868.173221
-38.56,26,868.786875
-38.83,22,869.14384
-38.08,22,869.540834
-34.53,31,870.134766
-33.0,80,873.881685
32.213793,33,874.499849
-38.83,30,875.073337
-41.77,25,875.777293
-35.64,37,876.567222
32.065385,28,877.099915
32.616162,29,877.653659
-41.21,22,877.9512
-32.31,28,878.363014
35.337255,29,878.729694
-35.42,37,879.163225
-41.12,22,879.421716
-32.14,24,879.769517
-33.0,28,880.166463
-35.17,39,880.817448
-38.23,24,881.223673
-35.09,29,883.805819
-39.0,18,884.156242
-35.22,25,884.578135
-33.0,28,885.081947
40.540828,20,885.441098
37.945328,29,885.912853
-44.44,27,886.496762
34.578929,32,887.190487
-35.2,31,887.793482
-37.81,33,888.30561
-39.0,22,888.59908
-35.28,32,889.051947
-35.63,29,889.406543
-38.67,23,889.685871
-37.37,31,890.061692
-38.98,28,890.641189
-35.14,24,890.994231
-35.64,41,891.707024
35.695804,27,892.204147
-35.7,31,895.132136
-35.5,22,895.540215
-42.0,23,895.995883
-39.0,22,896.60024
-32.54,35,897.316146
-41.72,28,897.87825
-32.4,32,898.530979
32.354086,38,899.156584
33.0,30,899.698255
32.903346,30,900.113589
35.625442,31,900.617119
-38.53,25,900.996032
-39.0,22,901.256179
-39.0,46,901.914846
30.0,30,902.603963
-35.61,33,903.21331
-38.62,40,903.984997
-40.96,22,906.511637
-41.69,24,906.909133
-38.14,24,907.280674
-36.0,30,907.83874
-32.82,35,908.229892
-34.73,31,908.707644
-32.21,30,909.232022
-37.53,33,909.796965
-38.58,30,910.32559
-35.11,32,910.898917
41.296,24,911.23161
-38.76,27,911.666516
-38.22,27,912.132707
32.124542,29,912.555576
41.469925,37,913.112705
-32.33,30,913.589283
-38.35,22,914.005556
-35.18,22,914.38083
-38.39,23,917.800649
-32.2,57,918.869663
38.650155,52,919.824255
-32.38,28,920.543562
-33.0,31,921.042726
-44.41,33,921.640837
33.0,72,923.022201
-38.49,22,923.321081
-44.12,22,923.624158
-38.06,25,924.002582
-38.5,25,924.408412
-38.88,38,924.963984
-33.0,34,925.459995
35.619772,30,925.985869
-38.9,15,926.24681
-35.71,25,928.762537
-33.0,25,929.218036
-36.0,27,929.709291
-41.77,22,930.10453
32.432773,29,930.623666
-32.7,33,931.177054
-33.0,39,931.871862
32.383582,35,932.484261
38.707581,22,932.804058
-33.0,34,933.327075
-36.0,29,933.740171
-34.97,28,934.163675
-41.18,20,934.424604
32.226148,37,935.050613
-41.02,25,935.472522
-39.0,28,935.8911
-35.91,34,936.411136
32.60262,40,939.242716
-42.0,25,939.68492
-32.83,25,940.160615
-36.0,24,940.572448
-39.0,30,941.125528
35.494118,30,941.628056
-36.0,37,942.361964
-36.0,26,943.042318
32.203008,26,943.524574
35.5,38,944.209462
-32.55,35,944.856046
-44.07,26,945.284961
35.958333,31,945.73631
35.534483,25,946.088308
-38.1,24,946.529953
-35.3,31,947.002194
-47.44,14,947.242309
-37.85,27,947.651406
32.900735,35,950.514031
-35.73,27,951.003448
-33.0,30,951.51389
-41.82,37,952.189881
-35.53,27,952.643193
-33.0,31,953.265024
-35.71,30,953.789341
-35.93,25,954.255756
-38.57,22,954.654316
35.019925,28,955.091537
-35.8,31,955.524096
-32.05,32,956.047448
-35.43,28,956.43812
-35.86,30,956.789137
-44.28,24,957.148626
-38.23,26,957.839356
32.445483,33,958.286322
32.237624,35,958.87726
32.206667,29,961.386348
-36.0,26,961.78559
-38.73,24,962.10777
-32.91,34,962.707314
-38.76,22,963.024909
-37.87,25,963.350553
33.0,35,963.877823
-38.28,22,964.200597
-32.23,30,964.602126
-37.98,30,965.010494
-40.17,19,965.271215
32.370717,36,965.695105
-33.0,26,966.057762
-32.16,31,966.453118
-32.46,35,966.941431
35.456954,29,967.335462
-39.0,23,967.714451
-38.03,28,968.219695
-35.02,43,970.929741
-32.81,28,971.276285
32.426966,29,971.642101
-32.94,31,972.054363
35.314607,22,972.475203
-33.0,33,973.012093
32.222689,44,974.056612
-35.37,36,974.539982
-33.0,28,975.024093
-35.7,22,975.372692
-35.35,35,975.886231
35.026616,26,976.350181
-39.0,33,976.915741
-35.73,26,977.366776
32.708,30,978.044401
-32.32,39,978.77342
-39.0,31,982.155032
-32.85,31,982.597679
-41.32,21,982.90254
-38.44,25,983.277188
33.0,39,984.008343
-35.35,33,984.482531
-38.2,32,985.01565
-38.38,27,985.483296
-41.88,24,985.897802
-38.33,27,986.306407
-38.84,25,986.686001
32.395498,28,987.095858
-31.97,29,987.548098
-35.4,30,988.156347
-36.0,29,988.7935
-38.38,25,989.355348
-38.36,27,990.004519
-41.29,25,990.653883
-32.63,27,991.204926
-35.02,34,994.117109
-32.38,26,994.541742
-37.6,25,994.982929
-39.0,31,995.484035
-34.43,25,995.955168
-35.18,31,996.673548
-41.26,25,997.171926
-32.91,29,997.692122
-41.17,36,998.428062
-35.91,44,999.244099
-38.17,25,999.71479
-32.74,31,1000.37119
-35.87,23,1000.830672
-41.58,26,1001.398097
-39.0,18,1001.988363
-32.18,53,1003.225119
-37.25,26,1003.817601
-36.0,23,1006.759682
-38.4,22,1007.143362
-45.0,19,1007.520267
-40.19,27,1008.553257
-40.52,22,1009.109272
-35.65,33,1009.932511
38.006042,28,1010.731151
-35.72,29,1011.505832
35.044118,26,1012.069714
-38.81,27,1012.661264
-41.88,26,1013.130261
-38.21,19,1013.51616
-35.14,26,1013.949836
-35.54,26,1014.446309
-35.29,24,1014.918362
-38.58,26,1015.432922
35.196375,23,1015.879313
-38.48,32,1016.519193
-39.0,29,1017.049709
-44.29,19,1017.291147
-32.88,28,1020.208423
35.016556,24,1020.633179
-36.0,25,1021.075076
-38.76,28,1021.578609
33.0,40,1022.259781
-30.0,36,1022.87745
-32.73,33,1023.622833
34.865397,31,1024.257487
33.0,36,1024.894238
-35.69,27,1025.464725
-38.31,37,1026.17121
34.616418,26,1026.733142
-38.67,26,1027.30091
34.961165,34,1027.983307
-38.21,25,1028.554777
-32.37,40,1029.383821
-35.39,24,1029.893645
-41.03,21,1032.508599
-32.75,22,1033.024077
32.136364,32,1033.674739
32.167969,29,1034.167996
33.0,46,1034.922113
-34.87,28,1035.378493
-38.26,27,1035.932514
38.126866,19,1036.31598
-35.62,27,1036.800234
-35.61,31,1037.355468
-38.36,26,1037.950666
-35.25,28,1038.587708
-35.12,28,1039.073681
-35.37,43,1039.98987
41.634486,23,1040.400776
-35.24,25,1040.874493
-38.53,27,1041.37612
-35.07,29,1041.909642
-35.61,28,1044.694754
32.648276,25,1045.215523
-33.0,36,1045.826448
-35.86,30,1046.311909
-41.15,20,1046.598472
-32.95,34,1047.138774
-32.43,36,1047.764528
35.294702,37,1048.413857
-35.91,29,1048.947611
-36.0,25,1049.395787
-35.95,30,1050.398006
-38.66,41,1051.411386
-41.7,25,1051.954178
-38.81,23,1052.378214
-32.72,32,1052.973766
-38.69,25,1053.410857
40.668103,27,1053.932602
-38.74,27,1056.573217
-35.84,47,1057.323594
-35.62,29,1057.713286
-38.02,22,1058.017784
-37.11,26,1058.403871
-32.22,32,1058.825512
37.822651,26,1059.167331
-35.72,30,1059.572422
-41.31,31,1060.015066
32.756522,25,1060.404054
-34.82,26,1061.116334
-32.3,32,1061.703828
35.781132,31,1062.221102
-41.15,22,1062.590981
-32.14,27,1063.079051
-35.3,39,1063.783874
32.178723,31,1064.296492
-35.34,26,1066.902339
-32.37,29,1067.402793
-35.03,29,1067.92193
32.283636,33,1068.51929
-32.55,27,1068.894845
-32.72,40,1069.437612
-41.24,24,1069.769945
32.693798,28,1070.180051
36.559478,37,1070.665573
-36.0,25,1071.047354
-35.54,33,1071.555826
-38.91,23,1071.95103
32.702206,30,1072.453638
38.568093,34,1073.008295
-35.4,43,1073.817755
32.387879,27,1074.292527
-35.13,27,1074.759824
32.012461,29,1077.331087
-31.72,31,1077.899922
-35.38,27,1078.443317
-34.95,23,1078.88426
-33.0,34,1079.560938
-38.1,21,1079.985327
-35.32,31,1080.430667
-41.63,31,1080.917806
-38.42,21,1081.225498
-36.0,30,1081.754582
32.617886,29,1082.236538
-35.82,31,1082.865639
-38.69,25,1083.260573
-30.0,33,1083.823091
32.404762,24,1084.226326
-32.15,54,1085.237988
33.0,29,1085.755269
-35.91,28,1086.272382
-38.54,30,1088.819464
31.993188,34,1089.493994
-37.93,22,1089.942904
-34.73,35,1090.604659
-34.84,28,1091.135763
36.0,20,1091.550628
-40.58,24,1092.224055
-42.0,23,1092.56653
-35.42,35,1093.166062
-38.42,30,1093.866751
-38.05,31,1094.345003
30.0,39,1094.984312
-35.27,29,1095.423949
-36.0,29,1095.878256
-32.62,34,1096.42859
-39.0,26,1096.915439
-41.1,22,1097.384431
-40.49,25,1100.066761
-35.25,29,1100.602392
-38.34,23,1101.032449
-35.77,28,1101.590485
36.0,28,1102.102157
-35.59,27,1102.562288
-32.62,24,1102.980375
32.138182,29,1103.458186
-39.0,23,1103.775972
32.509225,32,1104.240988
-48.0,12,1104.414054
-38.91,21,1104.735058
32.75969,27,1105.165661
-44.51,21,1105.446424
-39.0,26,1105.823617
-39.0,28,1106.251383
35.076511,33,1106.755772
36.0,27,1107.177699
-37.94,33,1107.723286
-38.07,22,1108.139357
-37.73,25,1110.611836
-35.28,26,1111.146449
-39.0,31,1111.69771
-35.91,30,1112.232131
-38.58,23,1112.661087
34.177812,24,1113.088113
-38.62,24,1113.727482
34.710935,30,1114.331891
-35.24,38,1114.880114
-42.0,24,1115.257285
-36.0,27,1115.681945
32.640625,28,1116.123103
-36.0,30,1116.507567
-38.29,21,1116.835701
-41.51,19,1117.109185
-36.0,33,1117.635601
32.009615,40,1118.298372
-38.22,21,1118.798872
-32.81,26,1119.302885
-35.75,25,1121.832058
35.242188,25,1122.342288
-39.0,28,1122.875222
-41.37,20,1123.218011
-37.86,25,1123.623798
33.0,28,1124.149429
41.634411,26,1124.621975
-32.33,34,1125.285934
-38.12,39,1125.928501
-38.52,37,1126.458911
-37.74,24,1126.81295
-35.9,29,1127.137264
-35.53,36,1127.855458
39.0,43,1128.509566
-33.0,30,1128.971043
35.416667,31,1129.431908
35.3663,20,1129.790843
-35.11,29,1132.131854
38.44697,22,1132.534514
-38.46,41,1133.346361
-38.74,23,1133.81616
-47.38,24,1134.28801
-33.0,35,1135.020151
-35.32,31,1135.648673
-32.76,31,1136.202142
-40.53,23,1136.639074
32.741818,28,1137.15595
-35.81,28,1137.667186
32.25641,26,1138.159538
-35.43,27,1138.602581
32.875862,27,1139.003805
-32.96,47,1139.776224
-36.0,24,1140.253654
38.03446,25,1140.669018
-37.06,34,1141.237684
32.29927,27,1143.964933
-35.54,35,1144.561282
-41.21,19,1144.867981
-35.51,27,1145.528552
-35.13,28,1146.004736
32.649254,27,1146.476986
-35.75,28,1146.961013
-35.72,23,1147.375828
-32.12,32,1147.892611
32.705128,30,1148.560867
-37.09,27,1149.041165
-39.0,22,1149.429955
-36.0,25,1149.787247
32.75,29,1150.181038
-35.41,25,1150.625259
-41.46,30,1151.19626
-38.44,27,1151.659952
38.159091,21,1152.055279
-32.91,35,1152.582635
32.901141,36,1155.130409
-42.0,16,1155.405201
-35.49,27,1155.85521
-37.68,33,1156.500868
-33.0,30,1156.990573
-38.91,24,1157.415521
-34.75,30,1157.905534
-38.81,26,1158.350038
-39.0,24,1158.783967
-35.63,28,1159.286672
-38.49,21,1159.619042
-32.91,33,1160.216781
32.413428,33,1160.733536
-35.49,22,1161.062296
-35.67,26,1161.474938
35.105284,27,1161.856337
-35.75,30,1162.247767
32.660377,26,1162.576691
-35.45,28,1165.246054
-38.58,41,1165.939429
-38.72,27,1166.408314
-38.65,26,1166.839832
-35.12,28,1167.307292
-32.13,33,1168.002737
32.326848,34,1168.546923
-31.53,29,1169.061016
-41.42,26,1169.50544
-32.53,32,1170.076502
-41.3,28,1170.721099
-35.44,28,1171.192441
-34.89,33,1171.647293
-39.0,17,1171.873103
-32.49,30,1172.290834
38.222222,23,1172.588853
-36.0,24,1172.891015
-35.08,28,1173.234982
-36.0,31,1175.578893
32.133094,42,1176.26474
37.944667,23,1176.611457
-38.27,22,1176.98004
-44.02,22,1177.388024
-38.48,22,1177.777422
-37.31,31,1178.340176
-40.92,19,1178.650698
-32.32,30,1179.119599
-38.22,35,1179.678257
-32.31,34,1180.24911
-32.84,18,1180.529971
-42.0,23,1180.936071
-35.91,25,1181.373107
-35.91,26,1181.783237
-38.66,27,1182.132063
-32.22,26,1182.493482
-38.12,22,1182.759797
-39.0,25,1183.028791
35.013245,34,1185.309824
-37.83,31,1185.807833
-34.99,31,1186.334851
-32.19,104,1188.028908
35.944238,27,1188.47799
-32.32,25,1188.888311
32.745819,34,1189.508026
-38.22,22,1189.92266
-32.23,30,1190.418266
32.475285,39,1191.070328
41.220217,38,1191.727567
-41.62,33,1192.389049
35.377953,33,1192.810714
-38.84,34,1193.21913
-38.25,37,1195.62412
-36.0,25,1196.037534
-39.0,49,1196.867913
32.533019,29,1197.445821
-38.31,26,1197.881681
32.18677,94,1199.444237
-40.27,25,1199.847078
-39.0,24,1200.253361
38.606178,25,1200.674273
-32.7,26,1201.120999
-32.53,31,1201.649693
-40.64,31,1202.188332
-33.0,31,1202.653563
-33.0,31,1203.063247
-41.2,27,1203.40051
-38.9,22,1203.688721
37.250525,32,1205.953529
-35.61,39,1206.637918
36.0,18,1206.947523
-41.85,30,1207.434871
-35.74,36,1208.039278
-35.76,28,1208.525255
-35.4,29,1208.999851
-32.15,32,1209.531852
-44.9,21,1209.88304
-44.71,20,1210.244412
32.262963,29,1210.748815
36.0,30,1211.240582
32.836502,38,1211.858856
-42.0,27,1212.294866
-39.0,19,1212.620302
-38.7,30,1213.039647
-36.0,25,1213.337445
-35.68,27,1214.068592
-32.36,27,1216.340535
-36.0,29,1216.901433
32.358209,31,1217.52388
32.550218,31,1218.267217
-42.0,16,1218.534625
33.0,29,1219.024407
-35.51,34,1219.89129
-39.0,20,1220.269181
-41.68,22,1220.628782
-33.0,41,1221.496626
-38.25,32,1222.041816
-37.6,32,1222.605357
35.261439,28,1223.081516
32.66485,25,1223.497126
-32.48,32,1223.948572
-35.74,30,1224.360572
35.158103,30,1224.801692
-44.55,19,1225.084454
-37.74,22,1227.344959
-38.94,22,1227.74555
-35.69,36,1228.46229
-40.73,25,1228.915391
33.0,41,1229.555221
-38.24,23,1229.94005
-37.8,26,1230.43846
37.827354,28,1231.110494
-32.23,35,1231.737478
-32.68,28,1232.208097
-36.0,30,1232.822371
33.0,34,1233.469266
-35.34,29,1234.047384
-38.21,32,1234.784684
-38.41,22,1235.238409
33.0,34,1235.703669
32.862069,30,1236.129088
32.359375,29,1238.430374
-34.87,35,1239.060732
-43.47,18,1239.371158
-40.25,26,1239.824075
-41.18,22,1240.210585
-37.59,33,1240.812237
-34.45,27,1241.275155
-35.6,25,1241.712636
-36.0,26,1242.195498
-38.19,29,1242.71923
-35.03,30,1243.250777
-35.55,24,1243.69278
32.350554,37,1244.529887
-35.19,30,1245.159313
-34.63,29,1245.702103
38.056818,22,1246.293352
32.030568,30,1246.723684
35.245856,29,1247.129446
-38.45,31,1247.552968
-44.38,20,1249.680462
-35.48,30,1250.195086
-35.7,25,1250.636951
32.720524,37,1251.300784
-32.52,25,1251.739941
-35.68,26,1252.174386
32.782946,37,1252.809149
-35.3,37,1253.452117
-38.23,40,1254.122111
-41.92,20,1254.480772
-41.19,27,1254.954395
-35.13,31,1255.487315
36.0,64,1256.254545
-44.34,34,1256.815727
-32.31,28,1257.29402
-41.45,30,1257.757244
-32.24,33,1259.95498
-35.41,28,1260.415473
-36.0,29,1260.877295
-32.38,28,1261.347511
-32.9,28,1261.848805
32.369963,30,1263.069512
-32.62,29,1263.695324
33.0,30,1264.226656
-33.0,35,1264.821381
-38.49,29,1265.348679
-32.67,30,1265.935221
32.168385,31,1266.469687
-38.44,29,1266.986093
-34.39,29,1267.511166
-32.69,27,1267.983954
-35.56,28,1268.471347
-38.28,26,1268.802951
-39.0,18,1269.01817
-33.0,28,1271.39214
32.501433,29,1271.868635
-39.0,25,1272.21174
-32.69,29,1272.856756
-38.54,88,1274.663212
-35.5,21,1275.051302
-42.0,23,1275.589445
38.463235,24,1276.159981
-39.0,27,1276.785228
32.475155,32,1277.537298
-32.67,32,1278.270547
-41.74,19,1278.636769
-41.22,24,1279.195346
-38.49,33,1279.986964
-35.91,22,1280.527859
-34.67,34,1281.358857
-32.29,32,1284.101614
-35.96,27,1284.684849
-38.29,27,1285.178578
-38.66,24,1285.699783
-35.66,29,1286.293956
-35.38,30,1286.86607
32.369919,38,1287.54762
35.777385,25,1287.978256
-32.5,29,1288.510506
40.803452,23,1288.925712
-37.43,25,1289.355497
-36.0,94,1291.089754
-38.37,22,1291.778493
-32.39,32,1292.420635
-35.56,30,1292.981548
-37.74,22,1293.437234
-32.4,30,1295.808512
46.356291,24,1296.159387
-36.0,27,1296.668075
-40.66,24,1297.117423
-35.23,26,1297.614704
35.375,30,1298.208012
-44.21,16,1298.510076
-41.14,19,1298.854703
-32.69,37,1299.646258
-32.34,27,1300.160431
-37.65,24,1300.709401
-35.63,26,1301.252705
-38.44,36,1302.024993
35.296578,30,1302.553392
-36.0,26,1302.99666
-31.68,27,1303.490331
-35.27,27,1303.91537
-38.13,24,1304.32997
-32.56,26,1304.775099
-32.46,37,1307.773985
-45.0,23,1308.171409
-41.77,23,1308.629406
-38.42,27,1309.203346
-38.68,24,1309.776111
36.0,33,1310.565371
35.529915,71,1312.091048
-32.88,37,1312.774233
-39.0,25,1313.299083
-32.55,27,1313.875361
-32.89,34,1314.536237
-36.0,35,1315.15857
32.255172,42,1316.025908
-40.54,23,1316.499695
-41.42,28,1316.940686
33.0,28,1317.382959
-32.03,32,1319.870184
32.730909,26,1320.299244
-32.91,29,1320.959599
33.0,29,1321.606018
-42.0,21,1321.981927
-35.84,24,1322.491695
-44.15,23,1322.978304
-38.47,21,1323.329951
-35.14,28,1323.844221
-35.91,24,1324.272702
-32.15,28,1324.754565
-32.39,30,1325.288642
-32.88,31,1325.835721
33.0,24,1326.285334
32.597173,32,1326.922568
-35.54,26,1327.357309
-32.65,38,1328.003436
-32.07,31,1328.484801
-38.25,26,1329.210574
-35.24,30,1331.647124
35.148699,31,1332.062972
-41.65,28,1332.558036
-39.0,29,1333.045907
-32.08,30,1333.625027
-36.71,28,1334.138181
-42.0,23,1334.566193
-38.32,21,1334.93104
-35.46,30,1335.482511
-32.08,28,1336.031517
-42.0,21,1336.368097
-35.21,25,1336.865632
-37.96,26,1337.324439
-35.34,23,1337.738875
-35.64,32,1338.298699
35.034483,33,1338.890425
38.271698,21,1339.263712
-41.05,22,1339.738588
39.0,27,1340.231089
-38.91,30,1342.532289
38.012274,39,1343.14065
-36.0,26,1343.609149
-35.94,29,1344.229872
32.28777,31,1344.913403
-38.44,26,1345.396711
-35.63,23,1346.228992
-38.81,25,1346.769539
-35.86,23,1347.210738
-32.23,32,1348.070955
32.768382,27,1348.54821
35.123134,29,1349.141864
-32.58,35,1349.767577
-32.21,31,1350.307638
-35.78,29,1350.800354
-38.49,24,1351.216673
-44.65,19,1351.48466
-43.4,23,1351.825957
-35.43,28,1352.228528
-35.42,28,1354.431325
-38.64,25,1354.780062
-41.32,19,1355.077843
-33.0,34,1355.727431
-35.91,30,1356.327157
-31.6,38,1357.125606
-38.59,38,1357.884783
-35.97,27,1358.303428
32.678808,23,1358.749736
40.268035,23,1359.168863
32.9,30,1359.673587
-34.35,34,1360.253263
-44.09,27,1360.751034
-32.35,31,1361.313036
-32.75,28,1361.77583
-33.0,25,1362.559525
-35.09,26,1362.980209
-32.93,62,1365.924858
32.851648,26,1366.316051
-41.41,20,1366.638805
-35.75,33,1367.213422
-32.54,25,1367.651602
32.565836,29,1368.155677
-34.55,29,1368.664559
-33.0,23,1369.180384
-35.28,31,1369.778975
-40.74,22,1370.229451
-38.08,29,1370.775338
-35.29,27,1371.42997
38.799242,22,1371.853985
-38.32,33,1372.453247
-32.84,39,1373.194892
-34.65,24,1373.552114
-35.54,25,1373.915898
-32.09,31,1374.651629
-35.17,25,1376.773668
34.282427,26,1377.055166
-35.45,25,1377.33234
-33.0,29,1377.792341
-32.42,31,1378.32718
-35.59,27,1378.845549
-38.07,27,1379.306849
-38.49,23,1379.718803
-35.46,28,1380.206473
-39.0,23,1380.606551
-44.02,23,1381.005962
-38.17,29,1381.531366
-38.01,23,1382.05427
-41.25,19,1382.469862
-35.11,30,1383.080196
35.470833,31,1383.639822
-31.99,25,1384.091209
-41.88,17,1384.410229
33.0,28,1384.947171
-39.0,27,1385.820899
32.368231,30,1387.970189
-37.28,30,1388.391138
38.34,47,1389.144471
-39.0,19,1389.485105
-32.47,43,1390.257611
-36.0,27,1390.745683
35.523148,30,1391.320111
-39.0,23,1391.718469
-35.63,28,1392.233874
-41.71,21,1392.631374
32.743243,36,1393.24212
33.0,26,1393.713066
-33.0,33,1394.326409
-41.55,27,1394.838496
-39.0,42,1395.574143
-38.86,31,1396.141068
-43.68,17,1396.424875
-38.86,25,1398.576407
35.245902,28,1399.002221
-32.64,35,1399.52711
-39.0,23,1399.908194
-33.0,24,1400.32045
-38.27,23,1400.718226
32.873563,31,1401.454432
-38.6,22,1401.815135
33.815059,34,1402.406641
-38.55,25,1402.850952
-35.8,26,1403.315442
32.216418,33,1403.933695
-38.37,22,1404.364523
-38.41,31,1404.962457
35.606061,24,1405.384892
-44.87,27,1405.871017
35.395349,39,1406.584674
45.0,23,1407.749114
32.496296,47,1410.344213
-35.02,33,1410.856728
-35.91,27,1411.328393
-39.0,24,1411.723838
-38.91,25,1412.154764
32.458333,26,1412.613524
-38.04,28,1413.157117
-41.69,22,1413.544792
-36.0,27,1414.097951
32.449438,29,1414.656759
-35.11,23,1415.057152
-32.66,28,1415.530282
38.324627,25,1415.962151
-33.0,40,1416.68118
32.530303,29,1417.188955
-33.0,34,1417.85073
-41.97,29,1418.461333
38.552941,28,1418.980427
-35.91,24,1421.120042
-38.11,31,1421.572165
-41.22,24,1421.947403
35.201439,28,1422.367442
33.0,28,1422.847528
-35.73,29,1423.356174
-45.0,29,1423.961301
35.261324,28,1424.560433
-38.24,24,1424.967552
-38.54,27,1425.448802
-35.45,39,1426.050695
-35.87,32,1426.773992
-42.0,20,1427.171991
-44.27,22,1427.550987
35.461538,34,1428.155802
-38.91,20,1428.521537
-41.25,22,1428.908521
-32.91,31,1429.475427
32.537931,30,1430.024223
-33.0,30,1432.3027
-35.48,30,1432.855951
35.969349,24,1433.209031
-32.56,32,1433.669837
-44.18,19,1434.00736
-38.44,24,1434.450179
33.0,41,1435.333989
-38.44,22,1435.807644
-41.02,22,1436.20762
-38.08,25,1436.640103
-35.32,25,1437.128352
41.317241,24,1437.604219
-41.06,26,1438.100937
-35.47,34,1438.774613
-35.06,24,1439.347645
32.283088,32,1440.123159
32.777778,28,1440.692135
32.015326,29,1441.312517
-40.81,31,1443.805115
-36.0,27,1444.323161
-39.0,31,1444.820371
35.140562,24,1445.139828
-38.05,33,1445.621051
-32.01,33,1446.087463
-36.0,32,1446.592139
-37.48,29,1447.080763
-41.09,25,1447.494695
-34.42,28,1448.003384
-32.16,33,1448.587559
-32.57,28,1449.031459
-38.44,21,1449.403546
32.13308,26,1449.953708
-32.39,56,1450.959518
32.122034,29,1451.484447
-35.21,30,1451.92505
-35.44,25,1454.223774
-32.75,20,1454.5293
-35.59,23,1454.878643
-36.0,28,1455.369645
-35.32,39,1455.938219
-42.0,25,1456.289768
-41.23,24,1456.618868
35.709302,35,1457.116291
-35.89,33,1457.601965
-35.44,36,1458.225652
35.270115,40,1459.388954
-38.9,28,1459.895151
-32.8,27,1460.409483
-44.02,31,1461.212277
32.477444,53,1462.162773
32.413462,33,1462.735827
32.232899,34,1465.414222
32.358621,28,1465.92334
-35.24,34,1466.643087
-38.5,24,1467.028746
32.594595,30,1467.490015
32.023739,27,1467.857675
-40.3,27,1468.2358
-38.75,29,1468.662962
-32.31,24,1469.156333
35.463576,27,1469.799966
-32.27,31,1470.404066
-33.0,26,1470.884269
-39.0,29,1471.412812
32.098592,31,1471.960955
-39.0,26,1472.393625
35.134276,28,1472.879419
-35.5,28,1473.449591
-35.62,26,1473.976028
-36.0,58,1476.9942
-38.35,22,1477.368493
-41.7,23,1477.773803
36.0,29,1478.218183
-37.56,34,1478.678225
-35.38,24,1479.027174
32.40273,37,1479.801236
-35.97,28,1480.242615
-38.1,25,1481.050863
-35.04,32,1481.622152
-35.62,25,1482.061209
-35.53,29,1482.556826
35.081341,27,1483.009649
-31.75,32,1483.567126
35.472325,27,1484.040486
37.632857,25,1484.46632
-32.21,35,1485.095416
-32.24,28,1485.551556
-36.0,32,1487.988319
-35.56,28,1488.472607
-36.0,33,1488.991501
-35.43,23,1489.339926
-35.58,29,1489.727301
-32.59,40,1490.288047
-38.91,22,1490.612754
-38.39,18,1490.887419
-35.31,24,1491.30603
-37.89,25,1492.033223
-33.0,34,1492.608155
-38.16,33,1493.15652
-38.58,22,1493.564627
-35.3,26,1494.094812
-35.65,28,1494.583712
32.356618,36,1495.22306
-41.2,21,1495.612982
-38.16,19,1495.953815
-42.0,27,1498.302588
-35.73,26,1498.728241
-38.38,30,1499.240069
35.023569,26,1499.65504
-35.71,24,1500.024219
-39.0,22,1500.352133
-34.27,32,1500.829939
-39.0,25,1501.174769
-38.64,34,1501.733454
-38.54,32,1502.29801
-35.24,28,1502.800208
-47.26,19,1503.165663
-47.09,23,1503.689768
-41.38,23,1504.226307
35.70028,28,1504.792255
-32.16,37,1505.442659
-38.01,23,1505.836203
35.494339,30,1506.391751
-37.69,23,1506.79171
33.0,37,1509.23606
-45.0,21,1509.589929
-43.98,28,1510.062225
37.93164,25,1510.473104
-38.53,23,1510.812236
-38.16,36,1511.390041
-41.91,25,1512.177521
35.695364,31,1512.632561
-33.0,30,1513.107212
-40.94,17,1513.383555
-34.87,31,1514.035604
-35.24,27,1514.537848
-38.38,22,1514.907319
36.0,27,1515.348302
-37.49,25,1515.779566
-32.48,30,1516.298513
-44.18,20,1516.653302
-35.61,40,1517.381866
-34.69,35,1517.97671
32.061856,44,1520.587786
38.015564,28,1521.08568
32.185185,23,1521.590386
32.107692,28,1521.982572
-36.0,33,1522.594306
-41.35,25,1523.034523
-42.0,24,1523.41056
-33.0,43,1524.018728
-38.26,23,1524.387789
-37.75,30,1524.912676
-32.73,25,1525.357113
32.088525,33,1525.975224
-36.0,20,1526.366129
33.0,35,1526.991175
-36.0,27,1527.458061
-41.68,24,1527.925485
30.0,30,1528.426067
-35.88,26,1530.877772
-35.64,26,1531.336725
-35.53,25,1531.759814
37.059851,35,1532.451927
-35.69,23,1532.887197
-33.0,27,1533.350067
-41.4,34,1533.836607
32.814925,27,1534.236411
35.574072,34,1534.74181
-38.76,32,1535.188638
-38.39,23,1535.557086
-33.0,28,1536.05163
-35.33,22,1536.430406
-38.65,35,1537.267785
-32.37,31,1537.846899
-32.87,27,1538.335001
-35.33,29,1538.870247
-32.59,35,1539.48959
-35.57,31,1541.840706
-41.15,25,1542.264306
-41.15,24,1542.652749
34.729167,33,1543.216231
-32.89,36,1543.816868
42.0,18,1544.128097
-37.63,27,1544.498185
-38.5,27,1544.882612
-35.78,32,1545.317807
-36.0,24,1545.637338
35.293103,44,1546.252491
-33.0,27,1546.72248
-34.35,31,1547.234716
-35.57,27,1547.713772
-35.63,31,1548.246678
-35.47,24,1548.65909
-43.14,22,1549.024809
-38.16,26,1549.457112
-38.32,28,1551.737661
-35.04,25,1552.149758
-41.82,30,1552.671867
32.031746,31,1553.194923
-34.24,27,1553.629506
-38.71,21,1553.960408
-35.36,27,1554.648132
32.261818,31,1555.150066
-35.33,33,1555.611784
-41.25,27,1555.970455
-44.73,20,1556.258288
-32.04,35,1556.732336
-41.32,30,1557.280252
35.485663,27,1557.828751
32.803279,29,1558.311674
-35.53,24,1558.732766
-43.26,25,1559.139998
32.666667,25,1559.554349
-40.03,35,1560.202654
-41.5,21,1562.424684
-38.37,26,1562.891277
-40.34,26,1563.318746
-38.11,27,1563.776112
-35.03,29,1564.252188
-38.91,21,1564.64333
-41.85,17,1564.943255
-35.62,26,1565.392468
-35.28,30,1565.894976
-38.71,24,1566.243505
-35.06,27,1566.62987
-35.58,31,1567.092976
-36.0,29,1567.478441
-30.0,31,1567.966309
33.0,39,1568.628097
-40.41,27,1569.054731
32.471042,36,1569.6783
-35.36,27,1570.124346
-32.76,35,1572.610218
-38.32,27,1573.216153
-36.0,23,1573.599736
-37.95,33,1574.161365
-38.47,28,1574.634073
-38.61,17,1574.932683
-32.33,27,1575.37901
-32.48,37,1575.98474
35.875389,23,1576.335691
-34.6,25,1576.699657
-38.08,22,1577.030145
-41.74,24,1577.364471
-38.51,49,1578.037213
-35.56,24,1578.625404
-44.93,24,1579.062897
-38.31,24,1579.519888
-38.59,24,1579.91357
33.0,27,1580.390188
-41.38,21,1580.830092
-41.64,28,1583.725911
-35.18,29,1584.254341
31.508511,34,1584.894997
-31.66,35,1585.48913
35.607407,25,1586.107482
35.9,22,1586.543083
-41.29,18,1586.878081
-38.24,21,1587.265716
-37.49,28,1587.766539
-39.0,25,1588.154769
-32.47,33,1588.607708
-32.62,31,1589.054511
-37.83,25,1589.373417
-36.0,23,1589.721923
33.0,27,1590.235506
-38.41,20,1590.721419
-32.05,39,1591.606077
-35.46,25,1592.160459
-38.09,26,1592.634302
-35.75,29,1595.338573
35.006061,29,1595.942052
-35.49,26,1596.384487
-33.0,37,1597.022259
-40.98,24,1597.461447
-36.0,39,1598.317071
-43.39,21,1598.692051
-43.54,18,1598.978861
-36.0,24,1599.363081
-32.76,32,1599.941145
-35.5,25,1600.296067
-38.38,32,1600.759259
-32.6,30,1601.217789
35.9,29,1601.661529
32.901478,31,1602.169914
-38.67,22,1602.602426
-38.57,18,1603.353119
-38.17,30,1604.428693
35.409774,26,1605.098939
-35.42,26,1609.651218
-35.8,52,1611.053453
32.779851,29,1611.920097
30.0,31,1612.548018
-32.7,28,1613.264541
-38.21,17,1613.620865
-35.2,31,1614.21017
-38.75,26,1614.712798
-32.72,42,1615.576197
33.0,26,1615.973252
-32.57,27,1616.501288
-35.55,29,1617.069689
-34.55,31,1617.644981
-38.66,26,1618.075877
-39.0,25,1618.581506
-35.74,25,1619.06924
-38.45,23,1619.462147
35.387417,31,1622.350628
-32.2,27,1622.788339
-32.97,30,1623.451934
-37.42,27,1623.943522
-44.69,20,1624.314497
-41.13,28,1624.833524
-32.19,23,1625.234459
-41.07,21,1625.614192
-38.41,33,1626.255129
-35.18,33,1626.839182
-44.36,32,1627.379181
-38.84,24,1627.794209
-35.59,22,1628.188517
37.910569,23,1628.512593
33.0,27,1628.887911
39.0,24,1629.219563
-37.85,25,1629.595459
-41.24,27,1629.997662
-32.46,28,1630.476178
-32.52,37,1633.127688
-32.71,28,1633.694971
-34.57,32,1634.313265
-44.5,21,1634.748186
35.774834,29,1635.319043
32.214286,30,1635.90328
-32.57,30,1636.633181
-35.18,27,1637.338679
-38.53,25,1637.78371
-39.0,26,1638.287986
-39.0,18,1638.597924
-34.44,31,1639.196724
-37.29,22,1639.63937
-45.0,21,1640.006745
-35.99,33,1640.539049
-35.66,26,1640.967118
-40.27,40,1641.598899
-41.87,21,1641.927174
-38.54,22,1642.237041
-38.8,29,1644.743552
-32.3,40,1645.664265
-35.64,30,1646.221969
-41.68,20,1646.650251
-38.79,23,1647.119184
35.122186,25,1647.58082
-38.31,36,1648.213345
-39.0,27,1648.689562
-41.98,25,1649.136058
32.600683,30,1650.498922
-32.06,36,1651.237422
-32.08,27,1651.656863
37.582305,22,1651.955973
-33.0,29,1652.394126
-46.61,25,1652.787582
-38.22,24,1653.156262
-32.69,29,1653.582387
-38.67,27,1654.015729
-41.56,28,1654.449505
-35.43,22,1656.7041
-32.8,27,1657.159187
-32.33,29,1657.654708
35.80695,23,1658.07864
-32.91,27,1658.579597
-41.58,22,1658.995278
-33.0,30,1659.525807
35.048307,44,1660.312873
-35.54,25,1660.732673
-38.11,24,1661.171089
-38.21,24,1661.593374
-41.21,30,1662.150951
-35.96,29,1662.679372
38.370722,22,1663.347513
32.81203,26,1663.798631
32.0625,32,1664.261756
-39.0,23,1664.583701
-36.0,28,1664.9941
38.380471,28,1665.420598
-41.72,28,1667.903102
-32.86,27,1668.398621
-35.06,28,1668.938579
32.878049,36,1669.575065
-39.0,22,1670.00291
35.10177,23,1670.584223
32.045455,30,1671.10253
-32.51,31,1671.672782
-41.39,18,1671.999375
-35.33,32,1673.218784
-32.87,30,1673.734578
-32.3,25,1674.192852
-41.02,23,1674.534884
-42.0,26,1674.894304
-32.95,156,1679.23115
-41.28,27,1679.70244
-38.62,24,1680.142051
-32.68,32,1680.703684
-41.51,26,1681.199874
-38.3,29,1681.683661
38.875,19,1682.016838
-32.97,37,1682.665564
-32.59,31,1683.188703
-42.0,21,1683.610483
-35.28,28,1684.090477
-38.46,19,1684.423542
-38.95,38,1685.096552
32.137184,27,1685.547782
-32.66,32,1686.036038
38.486264,29,1686.490241
-41.62,25,1686.835494
35.743869,29,1687.222538
-44.64,19,1689.623185
32.3125,33,1690.194859
-41.16,23,1690.70087
-39.0,24,1691.259463
-38.49,31,1691.798661
35.209559,21,1692.186918
-35.36,29,1692.700609
-38.91,26,1693.195232
34.731441,30,1693.746374
-34.43,29,1694.244051
-38.67,24,1694.682374
-35.5,27,1695.174259
32.460581,37,1696.06511
-39.0,22,1696.432588
-32.42,33,1696.958129
-36.0,20,1697.249007
-39.0,37,1697.749918
-41.7,38,1698.246289
-32.18,25,1698.794528
-39.0,30,1701.273028
-39.0,26,1701.748055
-32.67,32,1702.346273
-35.16,40,1703.068466
33.0,27,1703.55725
-35.63,27,1704.032687
-39.0,23,1704.533365
32.456604,32,1705.121026
32.714286,69,1706.42178
-32.49,33,1707.002989
35.803636,25,1707.43234
35.689204,26,1707.846916
-35.8,30,1708.274317
-41.4,22,1708.594354
32.192727,29,1708.977464
-38.33,32,1709.386429
-32.79,31,1711.976116
38.260163,26,1712.43942
-38.16,27,1712.911695
-34.78,28,1713.421896
-43.83,23,1714.162075
-37.52,34,1714.731991
-41.54,31,1715.276783
-32.02,31,1716.10637
-34.92,29,1716.606555
32.676113,42,1717.351557
-38.87,23,1717.778067
-38.73,27,1718.294014
-39.0,29,1718.823669
-38.81,23,1719.211819
-32.61,33,1719.654836
-33.0,25,1720.00669
32.142857,28,1720.711063
-37.93,29,1721.071479
-32.43,34,1723.784936
32.132841,29,1724.307693
32.196911,23,1724.720068
-38.46,33,1725.300407
32.371324,37,1725.984426
32.258065,36,1726.603731
-36.0,27,1727.095399
-35.14,41,1727.784726
-35.2,25,1728.226899
-37.91,25,1728.662388
-41.65,30,1729.179925
-35.94,26,1729.630643
-34.8,31,1730.157822
-35.75,26,1730.597801
-37.56,29,1730.985117
32.052419,28,1731.330849
-34.59,37,1733.632093
35.681102,27,1734.132361
-38.59,24,1734.550516
-35.01,25,1734.974551
35.402077,21,1735.665102
-41.04,19,1736.007749
-32.12,40,1736.649274
-41.16,22,1737.047819
-32.11,27,1737.504498
32.624521,30,1738.015471
-42.93,28,1738.540756
-41.37,23,1738.940962
-41.04,37,1739.588213
-35.24,49,1740.476386
-38.28,33,1741.024569
-32.61,34,1741.633726
-47.22,19,1742.091735
-44.03,28,1742.465041
-35.05,30,1744.718608
-38.46,24,1745.106622
37.952554,24,1745.555317
-38.63,21,1745.926956
-38.82,41,1746.708594
-35.02,25,1747.147438
-35.4,23,1747.66246
-35.46,32,1748.252692
-33.0,29,1748.678655
-44.34,22,1749.140068
-41.75,19,1749.482869
32.098592,34,1750.059579
36.0,29,1750.564629
-43.99,17,1750.813739
-41.27,25,1751.22486
35.416,42,1751.976609
-44.29,26,1752.401481
-32.69,27,1752.838195
-34.79,31,1753.308759
-41.29,23,1755.40354
35.812261,34,1756.041443
-41.33,25,1756.508843
-35.24,27,1756.978712
-41.61,21,1757.397977
-47.52,15,1757.710315
32.706081,21,1758.092654
-42.0,19,1758.421925
38.619048,22,1758.82318
-37.71,26,1759.251086
-39.0,27,1759.696776
-39.0,24,1760.127069
-36.0,24,1760.54265
-38.05,24,1760.956798
-41.91,23,1761.340488
-35.17,27,1761.820605
32.474916,26,1762.299982
-43.27,20,1762.668199
-35.43,29,1763.194301
-35.94,27,1763.673635
-35.23,24,1764.121307
35.129032,23,1767.234179
-33.0,32,1767.984802
-32.83,41,1768.974443
-33.0,29,1769.527591
-35.19,33,1770.675306
-41.38,48,1771.662136
32.683099,38,1772.333111
-41.69,27,1772.899334
-35.53,33,1773.517083
-32.51,27,1774.03218
-35.09,28,1774.674295
-38.06,26,1775.359337
-41.4,30,1775.901836
31.931235,33,1776.444635
-33.0,35,1777.033089
-35.35,32,1777.548773
-38.68,32,1780.155966
-35.75,27,1780.651604
-39.0,20,1781.014834
35.538462,26,1781.493384
-32.37,36,1782.208932
-35.68,34,1782.852382
-37.84,26,1783.32915
-41.53,26,1783.837218
-36.0,24,1784.27767
-38.34,35,1784.941542
-38.9,18,1785.287355
-32.27,33,1785.927898
38.143435,21,1786.331854
-43.85,29,1786.887175
-33.0,49,1787.817665
-38.04,24,1788.260926
-35.08,28,1788.767327
-32.01,30,1789.344327
-35.91,29,1792.086485
-41.07,20,1792.419689
35.297659,21,1792.788765
32.026906,30,1793.386953
-40.71,32,1793.993232
-44.35,21,1794.423793
-38.55,19,1794.792773
35.299296,30,1795.419598
-33.0,31,1796.000009
-37.98,26,1796.483122
-38.8,25,1796.999544
-38.13,29,1797.7771
32.903346,37,1798.565247
34.430959,27,1799.133176
-35.52,24,1799.564841
-38.02,25,1799.950018
-32.21,34,1800.521282
35.522059,22,1800.877021
36.242899,32,1801.411004
-36.0,28,1804.081889
-38.97,33,1804.65366
-42.0,19,1804.991436
32.73494,35,1805.63503
-34.56,25,1806.089626
-36.0,30,1806.585746
-40.94,20,1806.969173
-38.4,22,1807.404257
-35.49,30,1807.987861
41.247183,28,1808.514176
32.130909,34,1809.189721
-40.65,18,1809.582846
-38.07,27,1810.138155
32.400685,27,1810.677819
-38.12,28,1811.167873
-34.67,32,1811.792685
-32.05,45,1812.590016
-35.45,34,1813.142575
-39.0,20,1815.436719
32.662069,35,1815.960896
-32.2,111,1817.912319
36.0,25,1818.361382
-41.07,32,1819.202735
-32.01,24,1819.640394
-32.23,36,1820.335244
-32.91,31,1820.919181
38.753676,21,1821.340343
-35.56,24,1821.778444
-41.14,24,1822.105381
-40.82,23,1822.440508
-42.0,22,1822.781603
-35.71,26,1823.190331
32.876866,27,1823.569134
35.535702,37,1824.149325
-32.79,29,1826.778826
32.634228,30,1827.227111
-38.02,32,1827.685055
32.538983,30,1828.184886
-41.43,31,1828.717013
32.468504,45,1829.590695
-41.5,56,1830.925958
35.140065,25,1831.420019
-42.0,23,1831.892081
-38.57,25,1832.381159
-35.81,24,1832.858888
-38.47,22,1833.309458
-47.3,27,1834.541712
-40.94,33,1835.049093
33.0,32,1835.556457
-35.77,24,1835.942636
-32.4,28,1838.488235
-36.0,27,1838.962883
-37.82,28,1839.404319
-38.19,24,1839.789755
-32.29,23,1840.13022
35.485714,21,1840.49587
41.187713,22,1840.889952
-33.0,32,1841.508684
32.818182,33,1842.131947
-32.07,33,1842.732605
-34.31,26,1843.21571
-42.0,18,1843.529797
-31.88,38,1844.22182
-35.18,26,1844.700558
-35.87,26,1845.196418
-41.31,28,1845.619293
-32.51,33,1846.141185
33.0,26,1846.552185
-36.0,29,1847.025151
-32.68,90,1850.745455
-41.08,27,1851.222148
32.92053,25,1852.077388
-41.17,15,1852.57004
-36.0,33,1853.244647
-35.25,32,1853.836421
32.030822,33,1854.402874
-32.9,28,1854.936614
35.153171,33,1855.58303
38.925806,26,1856.006417
-38.6,37,1856.675518
-35.68,37,1857.668484
32.803089,32,1858.295969
-38.79,20,1858.624456
-38.6,30,1859.115391
-32.26,31,1861.767204
-38.5,30,1862.233599
-36.0,28,1862.697853
-35.91,24,1863.108671
-39.0,23,1863.494481
-38.62,24,1863.878134
40.713043,25,1864.346474
-38.62,27,1864.861116
-33.0,25,1865.286631
-35.25,32,1865.858053
-41.0,18,1866.189144
37.784902,33,1866.82637
-38.41,24,1867.260643
-33.0,34,1867.757524
-35.91,28,1868.200109
-38.07,34,1868.785612
-32.5,42,1869.640848
-32.38,31,1870.135524
32.730627,36,1872.839085
-40.84,26,1873.382282
35.066176,33,1873.866025
-41.25,24,1874.2679
40.690265,27,1874.688696
-34.69,27,1875.102797
-41.53,23,1875.433539
-34.36,27,1875.829245
32.184834,25,1876.311472
-38.8,31,1876.907263
-35.71,25,1877.388439
-36.0,32,1877.962438
-41.59,22,1878.373183
-30.0,30,1878.98924
37.955768,30,1879.753573
-38.09,28,1880.302105
-41.06,19,1880.695662
-38.34,28,1881.197488
34.464184,26,1881.631342
-42.0,27,1884.100041
-36.0,24,1884.327329
33.0,28,1884.731431
32.128205,37,1885.625743
-32.5,32,1886.183339
32.046263,28,1886.626607
-42.0,21,1886.950427
-38.35,28,1887.364081
32.792531,45,1888.02001
-33.0,32,1888.538945
-32.63,25,1888.96842
-35.01,26,1889.453749
-32.68,35,1890.105244
-41.32,24,1890.577101
-40.63,23,1891.062654
32.95203,36,1891.836763
-34.77,26,1892.387671
32.495327,27,1892.96096
-41.52,22,1895.30575
-35.16,34,1895.901486
-38.83,22,1896.334953
-34.91,33,1896.998708
-32.59,31,1897.593677
-33.0,28,1898.040365
-38.05,29,1898.468079
-31.62,30,1898.931221
-35.28,45,1899.64136
-31.71,31,1900.250207
-33.0,34,1900.870871
-32.23,27,1901.41418
-35.57,44,1902.230058
-40.36,23,1902.641164
-38.11,25,1903.108819
-39.0,27,1903.603252
-35.52,48,1906.644028
-35.17,36,1907.41673
-35.39,37,1908.100818
-38.36,27,1908.567784
-35.88,25,1909.014919
38.417241,27,1909.403827
32.464684,34,1909.903276
-33.0,28,1910.377274
-41.82,28,1911.144787
35.050909,29,1911.827044
37.700855,22,1912.271298
-32.76,38,1913.08778
-38.26,24,1913.604655
-38.47,20,1914.231508
-41.71,20,1914.674194
-43.75,23,1915.106931
-47.75,19,1915.529957
-37.93,23,1916.150407
32.294872,29,1916.752806
-32.5,32,1919.21097
-35.61,29,1919.531815
-37.34,28,1919.971687
-32.12,39,1920.847199
-42.0,34,1921.448342
-38.42,23,1921.880857
-36.0,25,1922.340588
32.577206,32,1922.975784
-35.02,22,1923.310486
-41.05,24,1923.671227
40.219991,23,1924.020785
-32.58,31,1924.482408
-32.42,32,1925.037404
32.195513,35,1925.658384
-40.55,23,1926.081385
35.242152,28,1926.609287
-36.0,31,1927.171545
-38.38,23,1927.564722
-38.4,25,1929.92434
-41.41,33,1930.4837
-35.31,27,1931.087732
36.0,30,1931.809488
-32.6,31,1932.4327
-41.64,26,1932.932834
-34.92,32,1933.303499
-35.4,25,1933.754237
-32.3,34,1934.607794
-38.31,27,1935.131591
-35.63,29,1935.59737
35.505495,26,1935.974919
-37.86,32,1936.476328
-38.95,22,1936.804423
-35.37,31,1937.328044
-37.41,22,1937.746418
-38.76,28,1938.294961
-34.86,28,1939.003357
-35.22,40,1941.513382
-38.79,24,1941.797056
38.090909,20,1942.096905
-39.0,23,1942.573704
-38.75,35,1943.234391
38.452206,30,1943.781926
38.358974,30,1944.334676
-38.18,22,1944.762438
-42.0,32,1945.349079
-36.0,29,1945.902163
33.0,30,1946.461534
-35.28,34,1947.119699
35.765343,29,1947.60779
-41.41,25,1947.949389
-32.03,28,1948.495491
-32.55,35,1949.051632
35.46875,33,1949.605531
-39.0,23,1950.127831
-37.94,21,1952.779194
-38.38,27,1953.28877
-38.88,28,1953.79925
-35.21,30,1954.363099
-35.3,35,1955.02451
-35.07,30,1955.631922
-37.99,25,1956.14325
38.197719,22,1956.598989
47.221618,16,1956.934235
-35.65,29,1957.506034
-44.06,20,1957.912391
38.39823,26,1958.498213
37.373016,32,1959.1767
32.092527,36,1959.908976
-35.58,25,1960.405921
-35.53,33,1960.940135
-38.74,30,1961.425612
33.0,31,1961.937716
-34.26,29,1964.668435
-35.74,25,1965.099899
33.0,30,1965.636399
-41.05,19,1965.962458
-35.74,24,1966.423681
32.363636,28,1967.138458
-42.0,24,1967.726614
-33.0,30,1968.326131
34.788807,26,1968.892025
-39.0,27,1969.413389
-38.62,23,1969.902061
-31.74,55,1971.073245
-36.0,26,1971.629074
-32.25,26,1972.134313
-38.22,24,1972.630511
37.300472,48,1973.532042
-32.03,29,1974.010792
-41.59,28,1974.523777
-35.04,33,1977.270245
-37.63,30,1977.801117
-41.2,25,1978.230324
-39.0,21,1978.61445
-38.32,41,1979.328639
-35.19,29,1979.930551
35.48289,25,1980.425848
-32.03,33,1981.090234
32.157895,33,1981.972013
40.775361,24,1982.281624
-32.69,27,1982.801358
-32.35,30,1983.469372
-38.8,22,1983.921224
-31.66,25,1984.417694
-35.12,48,1985.400293
-38.88,21,1985.787721
-35.45,29,1986.325537
-35.09,27,1988.79281
44.076159,17,1989.159919
41.841499,19,1989.581238
-34.27,26,1990.062457
-32.91,34,1990.596798
-35.38,26,1990.955014
-41.51,23,1991.328369
-32.49,33,1991.943788
-32.09,34,1992.749816
34.768323,28,1993.265717
-35.5,34,1993.883778
-35.43,23,1994.330122
-35.35,30,1995.128152
32.291946,25,1995.658966
32.484127,25,1996.104014
-38.38,25,1996.551899
-35.2,30,1997.142045
-35.78,27,1997.589626
-41.21,29,1998.227386
-37.42,31,2000.530534
-35.95,29,2001.043601
-39.0,33,2001.562925
-33.0,41,2002.257347
-32.72,27,2002.708117
-35.91,18,2003.005014
-32.61,35,2003.639012
-39.0,23,2004.06521
35.139336,37,2004.728425
-32.24,28,2005.192134
-41.76,24,2005.639679
-31.69,33,2006.27863
36.0,21,2006.657623
-41.82,29,2007.105151
35.705455,23,2007.450242
-38.33,26,2007.89474
-41.06,28,2008.362694
-40.93,25,2008.801606
35.431734,25,2011.099762
-32.18,40,2011.756024
32.679245,25,2012.158978
-41.69,28,2012.612839
-41.62,30,2013.121767
-35.19,31,2013.678483
30.0,30,2014.223527
-41.05,29,2014.845577
32.282051,27,2015.496898
-41.46,21,2015.933955
38.092199,26,2016.478492
-32.66,34,2017.090457
32.244828,34,2017.717037
-38.22,24,2018.156714
-36.0,26,2018.93109
35.140927,25,2019.54405
-32.67,32,2020.442646
31.842975,29,2021.114758
-32.73,52,2023.976104
-35.31,29,2024.513263
-42.5,27,2025.0351
-35.22,25,2025.480153
35.825095,27,2025.920647
-35.94,34,2026.44973
36.0,29,2027.007797
-39.0,23,2027.508257
35.092453,27,2027.992851
35.647887,42,2028.821924
-38.59,34,2029.410998
-35.44,29,2029.898756
-35.54,23,2030.289744
-37.6,24,2030.701088
-35.44,26,2031.098666
-35.91,29,2031.820158
-39.0,31,2032.340281
34.878284,32,2034.747936
35.5,32,2035.23785
-35.27,25,2035.629045
-39.0,24,2035.952067
35.266667,25,2036.564783
-35.57,31,2037.143748
35.597315,27,2037.573973
-41.71,29,2038.104832
-35.91,22,2038.518076
38.170833,23,2038.914251
-36.0,33,2039.455971
-41.82,23,2039.908021
35.485294,30,2040.435685
35.087379,46,2041.214859
33.0,39,2041.90164
-35.81,29,2042.420061
-36.0,28,2042.908266
38.526104,29,2043.383953
-38.43,22,2045.864245
32.749035,28,2046.248682
-38.29,26,2046.900465
-38.53,32,2047.315373
-35.68,27,2047.819534
-35.71,27,2048.224748
-37.29,22,2048.567336
-38.93,22,2049.077076
-38.72,31,2049.652911
-32.75,35,2050.335411
-38.44,31,2050.93135
35.430464,23,2051.519371
-35.1,26,2052.13294
33.0,35,2052.844635
-35.31,27,2053.414526
32.878151,31,2053.996867
-40.28,29,2054.865476
-41.5,18,2055.265064
32.058366,25,2055.814085
-41.21,25,2058.394432
-38.03,26,2058.839595
30.0,24,2059.189841
-35.11,27,2059.546766
-38.0,23,2059.925766
-41.53,24,2060.391371
-35.59,25,2060.882155
-41.65,22,2061.276428
-41.08,33,2062.001878
-35.5,28,2062.492483
-35.51,25,2062.893421
32.792453,27,2063.376717
-41.74,26,2064.244926
-35.41,29,2064.862773
32.171103,30,2065.503274
-41.4,24,2065.946378
-38.71,32,2066.708192
-35.23,23,2067.178081
33.0,30,2067.931948
-35.7,43,2071.114631
-44.61,19,2071.412786
34.930046,43,2072.137494
-41.53,20,2072.535797
-38.53,23,2072.883221
41.335938,22,2073.259769
-35.52,29,2074.082758
37.709714,21,2074.509092
-32.29,28,2075.044718
-39.0,23,2075.52169
-35.13,32,2076.446561
-35.7,25,2076.918401
-41.45,25,2077.454676
-35.76,25,2077.948699
-44.67,30,2078.6415
-36.0,32,2079.358624
-34.91,24,2079.847202
-32.67,19,2080.477903
-32.67,26,2080.962268
-36.0,55,2083.795706
32.560411,33,2084.256544
-33.0,25,2084.571526
-33.0,24,2084.889365
32.684564,29,2085.313465
-42.0,19,2085.61764
-39.0,26,2086.093747
-41.41,15,2086.413156
-35.05,31,2086.984944
-41.91,29,2087.569039
-36.0,29,2088.131479
-35.08,33,2088.820385
36.0,24,2089.349993
-35.53,23,2089.871611
-38.38,22,2090.368707
-37.56,24,2090.857795
35.018657,37,2091.601455
-39.0,25,2092.071608
-41.62,20,2092.40206
-32.76,32,2095.064592
32.186335,34,2095.476928
41.194111,25,2095.902108
-32.81,30,2096.304256
-35.06,29,2097.013914
-35.07,32,2097.461942
-35.33,32,2097.955028
33.0,33,2098.614397
-38.62,22,2099.037834
-38.91,23,2099.449301
-38.41,29,2100.046286
-41.46,25,2100.514898
-32.87,27,2100.99227
-40.58,24,2101.646339
-38.23,21,2102.041759
-35.37,32,2102.890676
-35.33,32,2103.532063
-36.0,31,2104.090328
36.0,21,2106.645392
-38.71,22,2107.066319
32.198529,32,2107.660255
-35.63,27,2108.08382
-34.83,30,2108.526136
-35.13,30,2108.959287
-41.19,28,2109.349573
-38.33,26,2109.739485
32.698895,47,2110.560356
-38.18,28,2111.056777
-36.0,43,2111.894694
-37.25,27,2112.371558
32.201068,30,2113.675458
-44.76,21,2114.048005
-47.04,28,2114.55627
-43.25,33,2115.128839
35.633562,24,2115.575695
35.554656,18,2118.166809
38.432099,27,2118.727843
32.349091,29,2119.294267
-44.4,31,2119.768522
-35.51,34,2120.360416
33.0,34,2120.828882
-42.0,19,2121.080054
-38.56,26,2121.435012
-37.96,28,2121.819305
-35.58,32,2122.403235
-35.91,19,2122.767954
-41.68,30,2123.332629
32.457031,32,2123.943523
-30.0,31,2124.511541
-44.72,25,2124.974763
-39.0,25,2125.426366
-35.11,28,2125.969163
32.179389,28,2126.508382
-32.72,35,2129.391331
-35.42,25,2129.994916
-35.32,40,2130.721358
-41.45,25,2131.157331
-33.0,27,2131.669176
-41.2,29,2132.060735
-38.71,29,2132.446781
35.361111,30,2132.903022
-35.83,33,2133.335671
-36.0,30,2133.773235
-41.19,20,2134.137757
-38.91,27,2134.613791
-44.71,28,2135.129131
-41.4,25,2135.576298
-38.23,27,2136.077203
-30.0,34,2136.708878
-34.7,27,2137.231568
-39.0,21,2137.631848
35.587879,24,2138.078327
-38.77,21,2140.691814
-35.82,25,2141.222347
31.680952,34,2141.867322
-41.3,23,2142.304218
-32.93,29,2142.820708
-35.57,33,2143.326456
32.44375,32,2143.662859
-33.0,27,2143.953231
-32.42,27,2144.277687
-38.38,32,2144.73227
-36.0,23,2145.027761
-33.0,23,2145.362755
-35.06,29,2145.752458
36.0,30,2146.216875
-33.0,48,2147.127732
-35.33,36,2147.828854
40.504033,26,2148.351364
-41.36,21,2148.768512
-38.59,23,2151.331033
-33.0,32,2151.896127
38.878261,25,2152.343506
34.382485,34,2152.95864
30.0,28,2153.454444
-40.98,28,2153.963924
-37.7,31,2154.793643
-32.02,26,2155.354896
32.707317,51,2156.141055
36.0,24,2156.394749
-41.35,22,2156.705692
40.359195,23,2157.018855
33.0,39,2157.698939
-41.68,26,2158.141061
-41.15,20,2158.415915
40.518315,24,2158.76015
36.0,24,2159.234407
32.005602,34,2161.956881
34.121769,27,2162.233276
-44.93,17,2162.497972
32.271127,27,2163.025749
-41.02,28,2163.558264
-38.39,23,2164.002539
-38.48,24,2164.479827
-32.94,28,2165.013875
-38.05,26,2165.511148
-39.0,79,2167.008953
35.332075,25,2167.516941
-35.05,22,2167.968926
-42.0,21,2168.39415
-35.19,22,2168.76241
-42.3,20,2169.071165
-35.82,25,2169.438733
38.149306,36,2169.943212
-38.55,24,2170.28997
-36.0,23,2170.623471
-38.65,25,2173.100222
-39.0,26,2173.600965
-35.06,30,2174.18365
-41.43,17,2174.4994
-36.0,22,2174.905185
-35.34,30,2175.454057
-38.08,32,2176.026578
-38.49,25,2176.5057
-32.82,24,2176.969188
32.432099,29,2177.535837
-32.02,33,2178.13247
-39.0,23,2179.015419
-32.47,32,2179.578473
-35.32,34,2180.138946
-37.97,25,2180.530064
-35.07,28,2180.927613
-35.91,25,2181.47484
34.460481,32,2182.004364
-35.89,25,2182.365452
-41.82,31,2184.929107
-33.0,22,2185.362731
32.851351,32,2185.927723
31.640845,25,2186.385904
-41.17,21,2186.873671
-36.0,27,2187.443298
32.20155,33,2188.082559
-33.0,38,2188.891522
32.496183,35,2189.577083
-32.16,31,2190.165264
-38.6,23,2190.6017
-41.1,26,2191.125029
38.413194,24,2191.607474
-32.39,34,2192.177243
-32.37,25,2192.586496
-40.2,27,2192.958347
41.0932,22,2193.248881
-38.6,24,2193.562958
34.502549,30,2196.009958
-35.15,29,2196.525555
-38.14,24,2196.965977
32.058091,29,2197.512793
-35.44,33,2198.128809
-34.53,36,2198.780834
-38.3,27,2199.295804
-35.47,26,2199.799545
35.114391,28,2200.366687
-33.0,29,2200.92857
-32.8,25,2201.430896
-33.0,27,2201.878818
-38.48,25,2202.336085
-39.0,32,2202.899528
-38.14,27,2203.335394
-40.97,26,2203.768121
37.67308,30,2204.161172
-41.44,19,2204.444967
-36.0,30,2204.824634
-38.14,19,2207.195562
-37.7,32,2207.902733
32.191011,28,2208.585759
-40.93,18,2209.131776
33.0,30,2209.756499
-32.16,25,2210.401142
-38.48,22,2210.852152
-38.35,27,2211.292226
-35.37,27,2211.973582
-41.93,21,2212.370502
37.855502,35,2213.139391
-35.02,24,2213.653316
-32.55,29,2214.37688
-32.37,35,2214.973258
32.00813,38,2215.704432
-33.0,29,2216.303459
-38.67,36,2217.007077
-32.65,27,2217.544229
-35.15,25,2220.116121
-37.32,30,2220.685605
-32.91,27,2221.194032
-40.12,22,2221.581975
-33.0,29,2222.103475
-44.57,28,2222.601482
-33.0,37,2223.295861
-41.34,27,2223.834023
-38.6,25,2224.305407
-41.73,86,2225.957029
-38.49,28,2226.43839
32.153543,38,2227.180373
-40.62,23,2228.367873
-41.91,28,2228.919217
-35.35,25,2229.233378
-38.83,28,2229.594893
-41.52,23,2231.939436
35.021552,28,2232.40673
32.399225,32,2232.949935
34.725799,36,2233.57965
-35.26,30,2234.125033
-34.83,28,2234.638119
32.25641,42,2235.569404
-41.14,26,2236.894391
36.0,27,2237.405931
35.671378,34,2238.068639
-41.22,30,2238.674193
-41.69,27,2239.246794
-41.32,29,2239.891912
-35.23,32,2240.434612
-32.91,32,2240.88192
-35.46,35,2241.360742
-35.63,25,2241.690838
-41.34,24,2244.060998
-41.17,21,2244.280808
-38.36,32,2244.849574
36.0,31,2245.427519
-32.65,38,2246.106372
-41.79,18,2246.460994
-37.73,25,2246.917047
-41.73,22,2247.310947
-35.04,22,2247.745491
33.0,34,2248.404244
-35.87,24,2248.933263
-37.77,27,2249.484383
-35.93,29,2250.117582
-44.39,27,2250.677899
-41.73,28,2251.239517
-39.0,20,2251.702702
-35.03,28,2252.517808
-33.0,30,2252.906568
-38.85,22,2253.157413
-44.76,19,2253.411172
-35.52,24,2255.673129
-38.56,30,2256.193609
-32.09,31,2256.722246
-35.24,32,2257.345663
-32.84,27,2257.856586
-44.38,24,2258.272622
32.214047,31,2258.818337
-32.22,33,2259.388139
-36.0,36,2260.002739
-35.48,26,2260.730876
32.424332,34,2261.314049
-35.82,25,2261.919308
35.370861,27,2262.555377
-41.85,21,2262.950033
35.9,21,2263.317987
-38.45,24,2263.682684
-39.0,25,2264.025794
-38.86,23,2264.334505
31.686916,29,2267.065887
-35.48,30,2267.599907
-34.02,28,2268.075423
-32.23,27,2268.546218
-32.82,24,2268.949914
-40.89,21,2269.341967
-44.71,29,2269.830601
33.0,32,2270.338643
-38.42,23,2270.739209
-35.73,37,2271.392956
-35.09,29,2271.912911
33.0,26,2272.360884
-35.66,27,2272.823233
-32.17,30,2273.340225
-41.19,25,2273.798654
-38.71,33,2274.302827
-41.64,29,2274.74036
41.505415,27,2275.083469
-35.4,20,2275.3204
30.0,26,2277.511633
-39.92,25,2277.926685
32.359259,36,2278.530674
35.698529,27,2278.98528
-41.27,30,2279.510202
-39.0,22,2279.887797
-41.91,37,2280.514877
-38.52,24,2280.956886
-35.33,38,2281.551715
-45.0,18,2281.934989
-41.27,30,2282.438688
-37.29,35,2283.068488
-32.36,40,2283.75368
-35.39,32,2284.297641
-35.41,22,2284.62532
-32.45,27,2285.05035
-38.21,29,2285.548562
-38.64,27,2287.786006
-38.19,33,2288.378279
35.900398,25,2288.783146
-32.29,33,2289.341686
-39.0,21,2289.70051
-43.76,26,2290.17966
-41.91,26,2290.626798
-35.05,28,2291.108886
-35.54,30,2291.606342
-32.4,34,2292.156325
-36.0,32,2292.726285
-41.35,24,2293.043128
-36.0,24,2293.463819
-36.0,28,2293.940516
32.9,27,2294.413861
35.901639,28,2294.861935
33.0,30,2295.2952
-38.25,30,2295.738971
-37.97,26,2296.105634
-38.27,27,2298.246415
-32.28,35,2298.741058
-35.56,29,2299.154747
-35.71,29,2299.640082
-32.58,28,2300.109377
-32.19,33,2300.679548
-35.28,24,2301.084841
35.190341,29,2301.58999
-40.49,25,2302.037345
-36.0,31,2302.574522
32.69697,27,2303.045579
-38.38,22,2303.445366
-45.72,23,2303.84806
-35.52,25,2304.249016
-37.75,30,2304.76035
-35.45,28,2305.209569
-41.1,23,2305.571764
-43.01,22,2305.886207
-36.0,26,2308.013079
-35.14,26,2308.381068
-32.82,28,2308.839884
-35.3,28,2309.653474
-39.77,27,2310.129064
-44.78,19,2310.778938
32.208333,31,2311.306737
41.031398,26,2311.759912
-31.82,33,2312.300765
-38.33,29,2312.798649
32.223776,67,2313.944706
-37.86,26,2314.377743
-42.0,20,2314.686642
-38.51,24,2315.120957
-42.0,27,2315.591003
-32.64,33,2316.059629
-35.32,36,2316.892215
-41.16,23,2317.227439
-37.74,27,2319.248866
-31.54,29,2319.773495
-32.03,29,2320.234666
-38.97,22,2320.600638
-44.49,34,2321.163911
-31.94,29,2321.642922
-33.0,25,2322.054803
-34.89,25,2322.600442
-32.11,37,2323.356833
-35.56,24,2323.872854
-44.73,22,2324.319822
-44.0,19,2324.694151
-32.78,32,2325.300371
-33.0,25,2325.910368
-35.27,56,2327.006786
32.054264,26,2327.616928
-39.0,24,2328.043913
35.419118,27,2328.504334
-34.94,27,2330.974584
32.650206,37,2331.525874
-36.0,28,2332.035712
-36.0,24,2332.421683
-41.5,18,2332.739936
-35.89,30,2333.25763
-38.23,25,2333.68938
-32.81,29,2334.230037
-42.0,29,2334.821867
-45.0,28,2335.415052
-32.52,31,2336.131926
-38.73,22,2336.526164
-36.0,29,2337.021459
35.095833,36,2337.66115
-41.08,21,2338.026958
-35.52,28,2338.479172
-35.12,32,2338.97632
-34.77,25,2339.360703
-35.22,35,2341.738665
-36.0,24,2342.277381
33.0,28,2342.763254
-41.11,23,2343.165063
-38.45,23,2343.5445
35.544715,22,2343.930126
-35.84,47,2345.521362
-39.0,22,2345.908586
-34.82,26,2346.353243
-32.72,29,2346.867012
-44.4,28,2347.324709
32.093863,34,2347.975058
-35.91,33,2348.52461
-44.02,21,2348.911017
-32.9,36,2349.503095
32.742222,36,2350.159193
-38.18,30,2350.551692
35.902439,23,2350.82166
32.375421,35,2352.984045
-32.37,28,2353.448212
-35.2,25,2353.862305
31.863248,32,2354.364563
36.0,27,2354.826551
-43.76,28,2355.309832
-39.0,30,2355.83273
-37.45,29,2356.353393
-43.82,22,2356.725121
47.43974,26,2357.191792
35.555556,25,2357.606022
-41.71,24,2358.018898
-38.5,27,2358.441336
-34.76,25,2358.8749
-40.61,27,2359.594911
-39.0,27,2360.191362
35.10687,25,2360.60036
-35.73,30,2361.08638
-38.27,27,2361.522844
-41.07,21,2363.996181
39.0,29,2364.607506
-37.63,27,2365.149421
-35.69,29,2365.722179
-32.89,33,2366.402472
-38.54,24,2366.868178
35.5,29,2367.357404
-32.05,46,2368.661499
-35.91,21,2369.082907
-39.0,31,2369.756599
-38.43,29,2370.350564
-41.18,29,2370.845174
-32.6,27,2371.341655
-38.82,87,2373.085257
-36.0,36,2373.64428
-38.64,23,2375.60916
-35.41,37,2376.206644
-36.0,31,2376.726245
-38.71,23,2377.114206
-31.83,38,2377.758981
-35.41,27,2378.235477
32.365019,24,2378.645579
-38.05,21,2379.120885
-32.41,27,2379.658919
35.154717,27,2380.166577
-40.8,25,2380.606752
35.340278,25,2381.068579
36.0,26,2381.545982
-38.07,25,2382.074128
-35.17,29,2382.587141
-44.13,19,2382.904563
-32.91,27,2383.38097
-41.02,33,2383.990231
-42.0,20,2384.423738
-35.28,25,2387.565905
-38.91,25,2388.177901
-41.35,30,2388.777885
-41.33,24,2389.229698
-38.25,31,2389.870583
-44.23,73,2391.117787
-37.04,27,2391.628815
-45.0,21,2392.029439
-41.7,25,2392.519815
-37.54,30,2393.091076
-35.04,35,2393.815928
-38.03,31,2394.403822
-41.09,26,2394.963534
32.883459,28,2395.614371
-38.49,28,2396.415844
-33.0,32,2397.230766
38.901515,24,2397.815719
-44.22,23,2400.981484
-41.44,23,2401.384369
44.149358,21,2401.916856
-44.35,20,2402.331918
-35.42,24,2402.784598
-39.91,24,2403.429988
-31.73,25,2403.966515
-41.25,32,2404.665511
-41.17,25,2405.204353
-36.0,25,2405.764054
-44.06,27,2406.347937
33.0,28,2406.911271
-45.0,19,2407.277643
-38.49,26,2407.928969
-35.81,32,2408.527513
-32.52,27,2409.125779
-32.24,34,2409.830138
-38.3,27,2410.36927
36.0,24,2410.766748
31.819853,34,2411.345477
-36.0,31,2413.689573
-43.7,21,2414.067089
-38.34,33,2414.643939
-33.0,26,2415.228077
-39.0,31,2415.98377
-35.57,30,2416.792643
32.832753,31,2417.40949
-38.1,19,2417.78396
-41.84,27,2418.316329
-38.44,22,2418.701705
35.344538,24,2419.163971
-32.91,30,2419.745271
-37.78,23,2420.758929
32.689922,34,2421.521913
-32.25,28,2422.086992
-41.19,23,2422.540786
38.133803,29,2423.091653
-35.74,25,2423.614977
-41.96,65,2427.416322
38.674074,20,2427.741419
-44.27,62,2429.130552
-38.81,25,2429.591626
-38.52,25,2430.059715
-32.67,25,2430.52764
-41.95,27,2431.071174
-35.24,26,2431.678751
-38.91,25,2432.276246
-38.33,25,2432.760758
32.876457,31,2433.347231
33.0,31,2433.99859
32.132353,41,2434.800954
-41.1,22,2435.194988
-41.59,20,2435.532588
-33.0,26,2435.966273
-32.28,22,2436.330269
-32.37,28,2436.801943
33.0,29,2439.186535
-32.71,36,2439.721959
-38.5,23,2440.150976
-32.91,23,2440.532949
-35.84,29,2441.118604
-35.54,69,2442.443081
-39.0,20,2442.945374
-43.52,30,2443.688386
-41.74,48,2444.67762
37.470985,25,2445.39281
-32.03,35,2446.143316
32.299611,26,2446.664125
35.151852,22,2447.088162
38.498275,38,2447.675825
-41.05,24,2448.070896
35.226994,30,2448.53632
-38.52,23,2450.836693
-41.09,24,2451.178729
-37.91,35,2451.720001
33.0,32,2452.222426
32.069597,29,2452.775947
-40.97,26,2453.257725
-38.24,36,2453.982712
-31.67,40,2454.725281
-32.43,33,2455.375368
35.271318,30,2455.949956
32.010345,39,2456.630573
32.852713,28,2457.38093
-39.0,30,2458.024945
33.0,27,2458.478733
-37.42,27,2458.890506
-35.35,31,2459.305827
-32.51,36,2462.274086
35.650735,57,2463.158184
-42.0,17,2463.430488
-32.52,29,2463.90468
-35.5,29,2464.422704
-38.15,27,2464.935452
-35.33,31,2465.548951
-35.28,28,2466.078521
-32.56,28,2466.629532
-34.78,26,2467.123015
-38.45,28,2467.643598
32.388112,27,2468.161769
-32.94,30,2468.821825
-32.26,34,2469.640412
32.578199,32,2470.148588
-35.54,28,2470.621721
-32.09,35,2471.162806
-38.81,26,2473.77954
-35.61,34,2474.449321
-33.0,24,2474.812767
-32.49,37,2475.377036
-41.52,24,2475.779175
-35.2,27,2476.191529
38.452414,25,2476.613267
-35.66,34,2477.258156
32.031034,35,2477.899038
-35.45,39,2478.645866
-35.26,25,2479.103944
-38.65,23,2479.506944
-39.0,23,2479.918401
-41.64,31,2480.470554
-38.28,21,2480.795538
32.208609,29,2481.275046
35.903061,26,2481.695322
38.296296,21,2482.00167
-32.32,28,2482.437485
-35.23,23,2484.988838
33.0,31,2485.615971
35.180851,30,2486.116218
-37.9,28,2486.574589
-41.61,28,2487.027173
35.125475,29,2487.535561
-44.44,20,2487.882068
-32.75,26,2488.34932
-35.08,37,2489.102399
-35.14,29,2490.107454
35.246575,29,2490.601479
32.94964,47,2491.486815
-34.61,23,2491.961729
-39.0,28,2492.46569
32.162455,28,2492.982179
32.877622,28,2493.432858
-38.32,27,2493.881442
32.05814,32,2496.715923
-37.75,23,2497.156362
-35.08,27,2497.650131
-31.68,47,2498.63895
-35.65,23,2499.016322
-37.54,30,2499.471907
-33.0,32,2500.053063
35.330709,42,2500.823562
-36.0,38,2501.507644
38.324042,33,2502.091674
-41.98,22,2502.474015
30.0,26,2502.943599
-41.3,22,2503.359415
-36.0,25,2503.808362
32.900726,26,2504.207036
-33.0,32,2504.767294
41.538721,15,2505.024734
-33.0,32,2505.525679
31.732227,28,2508.510105
-41.2,36,2509.17019
-44.81,20,2509.45105
-32.09,36,2510.02954
-41.7,21,2510.343752
32.611429,33,2510.879927
-39.0,25,2511.278583
-32.71,31,2511.863631
-32.39,32,2512.465908
-38.48,34,2513.065479
-33.0,32,2513.702694
-35.81,36,2514.417305
-33.0,33,2515.068518
-32.53,27,2515.537446
32.146617,32,2516.083927
-40.24,30,2516.585604
-35.11,28,2517.116029
-37.95,29,2519.768296
34.672598,23,2520.205608
-41.0,23,2520.619682
-35.29,30,2521.088289
32.059072,28,2521.511729
-35.16,25,2521.87456
-41.49,25,2522.2522
38.266667,21,2522.617184
-36.0,51,2523.916525
30.0,27,2524.41475
38.063802,28,2524.96329
-38.82,22,2525.409435
-39.0,18,2525.750111
-37.64,25,2526.27474
-37.27,26,2526.7728
-36.0,30,2527.255646
-41.15,31,2527.796374
-32.36,32,2528.317564
-38.78,30,2530.966877
-43.28,31,2531.548671
-32.32,29,2532.07934
-38.5,39,2532.706645
35.409266,25,2533.167149
32.022831,27,2533.568844
-32.53,30,2534.047039
35.153999,29,2534.479411
-38.77,24,2534.918851
30.0,25,2535.421728
-35.59,26,2535.959071
-32.71,36,2536.678998
-38.81,20,2537.07504
32.658635,29,2537.613357
35.012766,26,2538.116181
-35.47,24,2538.812117
-41.2,21,2539.18342
-38.0,29,2539.661469
-42.0,28,2540.121505
-35.58,20,2542.59718
-32.78,28,2543.165664
-35.54,29,2543.686743
-47.58,37,2544.281398
-38.16,25,2544.614723
-40.66,25,2545.000456
-38.55,22,2545.317178
-30.0,32,2545.841171
35.100513,31,2546.31112
33.0,27,2546.729044
32.454198,29,2547.231091
-35.81,26,2547.724744
-38.91,30,2548.290118
-38.19,31,2549.091837
-41.81,23,2549.754961
-35.42,32,2550.266494
40.765486,23,2550.7084
-35.69,43,2551.492623
-35.24,30,2554.127215
-35.72,28,2554.612668
35.14095,23,2554.932329
-41.31,23,2555.352668
-36.0,29,2555.895787
-40.65,23,2556.315124
41.036101,19,2556.681625
-44.11,23,2557.148189
-44.05,21,2557.475411
-44.73,19,2557.795698
-39.0,32,2558.292877
32.900415,35,2558.837056
33.0,32,2559.354454
-41.36,25,2559.81492
-35.59,27,2560.268589
-41.63,23,2560.645539
33.0,27,2561.076201
-35.9,24,2561.458515
-38.47,41,2562.737783
33.0,26,2565.493443
-41.41,20,2565.856251
35.055874,38,2566.63066
-40.52,23,2567.090416
-38.06,27,2567.630226
-35.55,28,2568.1757
-43.47,28,2568.73304
-38.44,26,2569.27008
35.365854,29,2569.756538
-38.51,22,2570.112305
32.609302,41,2570.722284
37.880035,38,2571.311072
-38.6,30,2571.721875
32.333333,27,2572.153288
-38.24,26,2572.554912
-36.0,30,2573.053097
35.645777,32,2573.614669
-39.67,27,2574.087502
-31.94,33,2577.185455
32.328063,25,2577.77586
-44.93,24,2578.270841
-41.13,42,2579.05812
32.396154,27,2579.546738
-44.42,14,2579.805989
-38.41,32,2580.429186
-35.86,29,2580.981097
-38.62,27,2581.467646
-38.99,23,2581.914496
-41.91,22,2582.258301
-40.34,27,2582.678595
-38.74,22,2583.013368
-32.51,26,2583.427119
-34.46,42,2583.991847
-42.0,21,2584.312513
-35.29,31,2584.900772
-41.63,27,2585.495722
38.364662,25,2586.159836
-38.18,35,2589.109644
-32.54,30,2589.660216
-32.67,30,2590.203969
35.832714,31,2590.745086
-38.9,27,2591.240469
-39.0,22,2591.65561
-44.56,24,2592.151016
-32.11,31,2592.796855
-38.13,27,2593.278927
36.0,31,2593.84891
34.718868,42,2594.460819
-32.03,32,2594.919973
-41.72,27,2595.294706
-35.76,38,2595.762562
-36.0,32,2596.225595
-34.47,29,2596.682341
-35.29,29,2599.424131
-32.44,30,2599.987048
-41.14,24,2600.462354
40.237592,24,2600.949759
-33.0,25,2601.6289
-35.3,30,2602.157283
32.042553,32,2602.789016
-39.0,25,2603.299207
38.247978,26,2603.805276
-40.39,26,2604.264256
-42.0,21,2604.627141
-32.57,30,2605.166955
-41.46,24,2605.517768
-35.91,35,2606.043881
-33.0,31,2606.537675
-32.44,27,2606.875513
-41.24,22,2607.153012
-46.72,17,2607.381622
-35.56,32,2607.853542
-32.91,29,2610.229138
-41.6,19,2610.577121
-35.48,29,2611.058152
-32.59,31,2611.589912
-39.0,25,2612.110937
-41.69,29,2612.6078
-35.41,30,2613.155508
-41.06,25,2613.608994
-38.54,35,2614.250418
-42.0,26,2614.737541
-38.56,30,2615.242951
-35.63,28,2615.738266
35.456973,34,2616.207098
-37.77,25,2616.549203
-44.58,19,2616.826773
32.55102,34,2617.246709
-42.0,22,2617.531984
-38.27,24,2617.834737
-34.45,36,2618.388974
-36.0,29,2620.774873
-33.91,30,2621.299178
-35.69,25,2621.740378
35.585821,31,2622.310782
32.717593,42,2622.999825
-35.68,23,2623.385629
-38.04,34,2624.060719
-38.45,21,2624.493268
-32.47,28,2625.010793
-41.4,24,2625.433104
35.174074,35,2626.037496
-30.0,28,2626.514532
-32.01,25,2627.215933
-41.13,33,2627.696468
-32.33,28,2628.055775
-44.22,18,2628.272659
34.85752,30,2628.640407
-42.0,22,2628.978592
32.635983,32,2631.476205
-32.02,35,2632.25419
-41.05,22,2632.708328
-35.54,33,2633.366747
35.533074,26,2633.817476
-32.21,30,2634.303609
34.6115,25,2634.719133
32.203704,29,2635.350328
-33.0,30,2635.866355
-41.37,23,2636.243858
-35.87,26,2637.140688
-44.35,17,2637.517228
-39.0,29,2638.211589
-32.39,31,2638.818709
-41.94,31,2639.336596
-32.6,29,2639.775775
-44.49,26,2640.170054
-35.28,43,2640.78095
33.0,34,2643.942496
-32.83,38,2644.632644
-39.0,27,2645.118367
32.25,29,2645.619259
31.728571,34,2646.2688
-32.37,27,2646.765225
33.0,26,2647.307665
-33.0,36,2648.047061
-38.28,29,2648.555678
38.264574,23,2649.030043
-40.51,23,2649.552377
-36.0,28,2650.136431
-36.0,28,2650.931205
-32.99,26,2651.351868
-42.8,24,2651.70805
-34.53,32,2652.175983
-32.76,27,2652.595079
-39.0,23,2653.042706
-35.83,27,2655.829195
-44.28,41,2656.743905
-35.86,36,2657.400087
-38.32,23,2657.880634
-41.07,31,2658.465846
-41.61,25,2658.964443
-36.0,22,2659.400712
-36.0,31,2659.985827
36.0,24,2660.419881
-42.0,26,2660.910279
-42.0,36,2661.593494
-41.71,21,2662.026533
-32.54,29,2662.628767
35.069959,32,2663.208783
46.434094,27,2663.60669
-35.66,27,2664.038797
35.452555,31,2664.557772
-41.9,21,2664.863699
-39.0,31,2667.416323
-41.46,29,2668.021683
37.164004,23,2668.474513
-38.46,26,2668.947193
-38.25,28,2669.508235
-38.48,31,2670.11113
-32.67,33,2670.720938
-35.55,24,2671.207381
32.258278,27,2671.747667
-38.47,28,2672.270735
34.30275,31,2672.851787
-33.0,43,2673.696081
-35.18,29,2674.261063
-35.73,30,2674.697109
-34.97,29,2675.855679
-31.62,28,2676.239954
36.0,23,2676.554593
-32.05,29,2676.941593
-38.82,26,2679.504416
40.676571,35,2680.275742
-35.38,33,2680.918255
-38.91,24,2681.553187
-40.89,30,2682.066519
-41.83,24,2682.558453
35.064302,32,2683.372734
-35.05,33,2683.991694
-41.52,17,2684.32896
-32.32,35,2684.958913
32.525424,23,2685.375091
37.534178,25,2685.755165
-41.63,29,2686.284297
-42.0,28,2686.83719
32.215259,27,2687.358965
-35.39,26,2687.851236
-47.03,16,2688.07199
-38.14,24,2688.403467
-42.0,23,2688.699612
-37.21,28,2691.118824
-42.91,26,2691.649208
35.908127,23,2692.1531
-35.91,26,2692.647469
-38.22,23,2693.105729
-38.71,28,2693.668014
-36.0,28,2694.2197
-32.88,31,2694.7895
-32.44,29,2695.319736
-38.65,26,2695.802669
-39.0,28,2696.335629
-38.99,24,2696.747175
-38.38,27,2697.28285
-32.16,25,2697.709979
32.04,36,2698.371369
-38.7,33,2698.945756
-38.18,26,2699.376626
-35.34,25,2699.798625
-36.0,33,2702.206481
38.162791,49,2703.211573
-35.29,28,2703.86606
-38.5,25,2704.361811
-43.69,30,2704.948064
38.377656,29,2705.473606
-41.54,32,2706.143559
38.209738,22,2706.729502
34.406857,31,2707.293004
-41.31,22,2707.716891
-32.05,26,2708.178252
-38.32,25,2708.847672
33.0,37,2709.56229
-32.18,39,2710.279782
-41.21,28,2710.816955
41.163077,27,2711.306062
-41.81,24,2711.724006
35.032258,26,2712.119255
-38.11,23,2714.526232
-33.0,26,2715.10582
-41.52,20,2715.525881
-41.72,24,2716.005528
-32.16,58,2717.050936
-36.0,27,2717.56573
-38.13,28,2718.188501
-35.55,27,2718.702724
-34.66,28,2719.18751
-33.0,36,2719.816433
33.0,34,2720.430309
-35.46,30,2720.966316
-38.86,25,2721.388439
-33.0,27,2721.848556
32.90106,22,2722.241771
-41.32,19,2722.529742
-35.7,24,2722.909055
-36.0,45,2725.3101
-35.35,27,2725.732648
35.335766,35,2726.36562
-47.75,23,2726.709909
-36.08,33,2727.241126
-35.56,28,2727.714595
35.199387,25,2728.139858
-35.69,39,2728.778746
37.216694,26,2729.19946
-38.38,33,2729.750079
-35.71,35,2730.332876
-35.84,29,2730.852147
38.439461,33,2731.563385
-38.13,28,2732.025618
-38.75,29,2732.515621
-38.56,24,2732.929473
-40.47,26,2733.48231
-34.8,24,2733.924042
-39.0,36,2736.837018
-35.51,25,2737.354741
-38.91,19,2737.917166
35.334437,30,2738.684159
35.616,33,2739.406549
-38.34,23,2739.982639
-38.72,26,2740.576079
-38.5,46,2741.553207
-38.81,21,2742.016045
33.0,59,2743.338636
-35.29,29,2743.915046
-38.33,26,2744.46379
-41.75,25,2745.016958
-34.69,28,2745.603272
35.019831,30,2746.163805
-32.23,32,2746.752074
-38.11,37,2749.606769
-41.58,17,2749.970052
40.627273,28,2750.494883
-44.85,24,2751.61359
-37.92,35,2752.458244
-40.42,38,2753.392636
-32.54,38,2754.345922
-38.76,27,2754.933858
32.223529,34,2755.829574
-42.0,28,2756.434723
-41.05,27,2757.044926
32.704,30,2757.739074
-41.49,25,2758.222592
35.795745,25,2758.760127
41.19277,33,2759.462228
-32.28,38,2760.101722
36.0,35,2760.660202
-38.36,28,2763.212212
32.032129,45,2763.966049
-36.81,33,2764.636589
-32.78,25,2765.151279
-47.34,15,2765.657678
-32.64,26,2766.139179
35.069498,26,2766.598273
-35.06,28,2767.150254
42.0,27,2767.627268
-38.65,27,2768.124376
-33.0,27,2768.654272
-39.0,26,2769.132007
-41.82,19,2769.487741
-35.92,31,2770.08672
32.622302,22,2770.488356
33.0,27,2771.011195
-41.46,29,2772.047395
-44.17,24,2772.472647
-35.09,24,2772.848662
-35.44,24,2773.268897
-40.85,21,2775.791765
-38.27,24,2776.270875
-44.56,18,2776.628002
-44.68,60,2777.775187
-35.2,25,2778.218099
-38.33,25,2778.796099
33.0,27,2779.402732
-32.88,46,2780.38684
-41.02,22,2780.846954
-36.0,34,2781.433183
-34.94,30,2781.975743
32.566298,32,2782.517725
-44.29,17,2782.796813
-41.66,27,2783.245413
-35.06,32,2784.016408
30.0,37,2784.725127
-36.0,27,2785.178298
-41.57,22,2787.345126
-44.52,20,2787.676162
-39.0,24,2787.95201
-38.94,31,2788.46563
-44.66,24,2788.926083
-35.58,36,2789.620197
-38.01,26,2790.342579
32.212355,34,2790.961824
-41.97,26,2791.418593
-34.76,28,2791.963916
-35.62,30,2792.653155
32.490272,36,2793.399619
32.742754,31,2794.115031
-41.04,25,2794.951417
32.937008,40,2796.070145
-40.93,31,2796.726389
-44.11,20,2797.134162
-32.91,33,2797.756002
-32.9,32,2800.561673
-32.47,34,2801.198487
32.266892,31,2801.819996
-41.23,36,2802.91019
32.729452,32,2803.838315
-39.0,23,2804.389422
-32.36,29,2805.020808
35.247232,33,2805.965214
-44.52,14,2806.248521
-38.03,26,2806.76616
32.288973,34,2807.618149
-41.75,32,2808.329518
-45.0,28,2808.993536
-47.11,22,2809.516772
-34.7,88,2811.589963
-35.59,28,2814.033722
-35.89,30,2814.560935
-32.41,28,2815.02317
-41.13,51,2816.024993
-35.82,30,2816.62137
35.501805,35,2817.361207
-39.97,38,2818.188603
-35.8,30,2818.851921
-32.11,40,2819.711983
-35.82,26,2820.423815
-41.34,33,2821.074968
-40.16,25,2821.562364
40.73668,19,2821.895931
-33.0,28,2822.608456
-35.53,27,2823.079043
-35.25,30,2823.750302
-35.64,33,2824.330874
-41.3,26,2826.463415
-35.31,25,2826.829324
-32.64,25,2827.206309
-38.89,26,2827.663317
-47.8,52,2828.712683
-34.54,24,2829.246048
-38.5,24,2829.720866
-43.59,22,2830.148498
-32.1,27,2830.635173
-41.68,22,2831.023279
-36.0,27,2831.536084
-38.08,23,2831.984341
-44.56,18,2832.280967
-41.17,24,2832.673246
-40.27,35,2833.329561
38.272727,27,2833.776513
-38.3,21,2834.176865
-41.48,31,2834.764954
-32.14,31,2835.382189
-33.0,30,2837.654141
-32.03,30,2838.091489
-38.88,30,2838.541171
-35.65,29,2839.024998
-35.25,27,2839.670522
-34.24,38,2840.329248
-32.49,33,2840.930191
-41.33,26,2841.400514
-31.86,39,2842.147526
-41.39,22,2842.520431
-32.48,29,2843.035594
-40.69,27,2843.490996
-44.32,20,2843.822342
-32.81,34,2844.53404
-40.55,21,2845.243247
-35.13,31,2845.937575
-45.0,23,2846.356396
-37.5,29,2848.680786
-41.39,25,2849.244444
-46.79,22,2849.733137
32.212121,27,2850.15081
-40.25,22,2850.601556
-41.13,22,2851.047718
-38.95,23,2851.567151
33.0,27,2852.051581
-37.89,32,2852.65233
-38.33,28,2853.16201
-39.0,26,2853.692037
-38.59,29,2854.203035
-39.0,25,2854.623008
-33.0,36,2855.263906
-38.05,24,2855.678022
-35.82,22,2856.066182
-32.84,43,2856.859938
-32.21,46,2857.678581
-38.7,29,2858.189168
40.612285,21,2860.53833
-35.08,26,2860.998811
-35.11,25,2861.388696
31.777419,28,2861.954654
-35.39,26,2862.367949
31.801205,28,2862.793273
-35.01,27,2863.341878
-32.86,27,2863.990026
-32.31,34,2864.593053
34.560377,27,2865.072174
-34.97,34,2865.940778
41.458333,21,2866.322721
-35.31,31,2866.878363
-35.27,34,2867.485411
-38.25,26,2867.926765
-32.78,25,2868.352797
-41.25,22,2868.771994
-38.63,24,2869.207907
-32.39,26,2869.687071
-35.66,28,2872.393499
-36.0,30,2872.829738
-35.94,32,2873.320102
-32.35,33,2873.804552
-44.25,27,2874.280798
-32.33,31,2874.822078
-39.0,28,2875.532049
-35.14,39,2876.299696
-41.21,21,2876.682875
-32.61,38,2877.396948
-41.48,17,2877.679831
-35.81,27,2878.234302
-43.52,32,2878.845587
-32.13,29,2879.359287
-41.51,27,2879.81806
-44.88,34,2880.425148
-32.09,32,2881.040616
-43.59,25,2883.731943
-31.89,53,2884.519641
-41.56,35,2885.050742
-35.78,37,2885.575487
38.301325,24,2886.003501
-32.76,29,2886.502455
-34.91,23,2886.927139
32.042636,33,2887.507719
32.282609,30,2888.063586
-38.26,38,2888.765699
-41.63,29,2889.277131
-39.0,46,2890.17511
-38.31,23,2890.576182
-32.39,35,2891.20806
-38.01,29,2891.695513
-42.0,24,2892.12117
-42.0,34,2894.825077
-38.64,27,2895.32615
-38.27,20,2895.660681
-35.66,28,2896.069656
39.0,20,2896.332826
-35.71,28,2896.744625
-41.42,23,2897.125903
35.195489,28,2897.845485
-33.0,32,2898.435232
38.549618,19,2898.816584
-39.0,25,2899.286622
-38.08,29,2899.853148
-35.31,28,2900.535022
37.811068,26,2901.241623
-35.8,25,2901.886997
32.711656,40,2902.745759
-36.0,29,2903.365041
-32.02,28,2904.05146
38.297735,26,2904.740706
-38.38,22,2906.99754
-35.43,30,2907.507308
-41.01,34,2908.033009
-35.14,30,2908.474013
32.893773,31,2908.944934
-37.58,32,2909.381433
38.648649,48,2910.144509
-39.0,28,2910.628736
-35.12,28,2911.124372
32.310606,31,2911.688823
-32.7,36,2912.320105
-34.81,32,2912.914722
-33.7,23,2913.319943
-38.59,27,2913.736906
-41.23,27,2914.278888
-42.0,20,2914.691471
36.0,33,2915.293302
-35.5,25,2917.555712
-42.83,23,2917.987521
-38.46,30,2918.516614
-37.82,24,2918.920524
-39.0,28,2919.346503
-41.49,17,2919.597187
-38.57,29,2920.056249
-37.84,25,2920.446862
-34.56,32,2920.932121
-41.13,29,2921.45644
32.25,30,2921.997012
-32.51,27,2922.456271
-36.0,27,2923.215039
-36.0,22,2923.597482
-35.82,29,2924.101122
-41.97,18,2924.410951
38.225828,32,2924.980625
-32.11,33,2925.732679
-35.23,24,2926.360612
-41.68,25,2928.839604
-41.33,22,2929.262472
-44.72,28,2929.800574
34.424731,32,2930.370998
-44.3,19,2930.753824
-40.76,30,2931.397459
-32.75,33,2931.889809
-41.5,21,2932.23636
-47.5,17,2932.482172
-41.77,24,2932.864151
32.899666,37,2933.459335
-32.01,27,2934.070138
-41.71,39,2934.915953
-41.77,24,2935.404496
-44.91,27,2935.890909
-35.76,36,2936.497547
32.5,36,2937.168917
32.592466,24,2937.662962
-35.75,26,2940.482191
-38.6,24,2940.779984
-44.49,22,2941.199287
-38.56,30,2941.770048
-35.57,22,2942.241692
-35.81,27,2942.878322
-42.0,24,2943.385077
-39.0,21,2943.767229
-40.42,24,2944.187297
-32.17,34,2944.713901
38.640622,20,2945.082281
-32.67,31,2945.613204
33.631149,28,2946.136267
-41.77,22,2946.530477
-36.0,33,2947.219187
-41.9,26,2947.734305
-40.37,27,2948.29607
-38.99,24,2948.738355
-35.35,76,2952.704562
-41.11,33,2953.31694
-32.91,30,2953.93057
-44.39,20,2954.341992
35.206107,32,2955.309298
-32.32,36,2956.06043
-35.57,28,2956.659267
-32.72,31,2957.276258
32.022222,44,2957.959501
-32.86,37,2958.619543
-32.39,23,2959.032764
-41.62,19,2959.368264
-44.03,20,2959.725136
-35.79,39,2960.380457
-32.07,36,2961.125266
-36.0,30,2961.768445
-32.36,27,2962.314867
35.02,23,2962.702425
-36.0,24,2964.837044
-38.45,31,2965.350614
-38.61,27,2965.860235
-35.84,27,2966.363163
-32.44,29,2966.994596
-38.71,32,2967.657996
32.10687,30,2968.302193
-38.09,29,2968.860019
-34.97,27,2969.395905
41.430894,23,2969.861655
32.5,31,2970.476597
-41.66,30,2971.043141
-38.47,24,2971.4749
-42.0,18,2971.811057
-38.95,26,2972.304574
-39.47,31,2972.912926
-32.4,31,2973.533767
-36.0,28,2974.146478
-35.53,23,2976.522352
-35.7,24,2976.879401
30.0,25,2977.353443
36.0,56,2978.726508
35.409639,29,2979.283421
-32.21,29,2979.846904
-42.0,22,2980.248061
-38.44,25,2980.716538
35.692082,30,2981.304254
-38.42,25,2982.536905
-35.84,26,2983.042116
-38.57,27,2983.51205
-43.68,21,2983.832906
-38.51,33,2984.330768
-37.84,25,2984.729905
-32.73,26,2985.127434
-43.78,18,2985.46964
31.520833,36,2986.133116
-38.6,27,2988.975549
-32.01,43,2989.993199
-32.58,29,2990.67219
-41.67,24,2991.221847
-35.74,29,2991.862563
-36.0,29,2992.538466
-41.63,21,2993.019152
-41.91,37,2993.685474
32.026502,33,2994.372746
34.160761,30,2994.996211
-32.22,30,2995.531307
-43.62,32,2996.115773
-41.12,26,2996.890078
32.524715,27,2997.369469
40.734183,22,2997.735914
-35.25,24,2998.110133
-43.71,38,2998.681772
-41.26,24,2999.037124
-38.69,26,3001.468839
-33.0,28,3001.909048
-35.72,34,3002.571834
-40.71,23,3002.991053
-31.71,28,3003.497713
-40.28,26,3003.92825
-41.7,40,3004.695791
-35.62,33,3005.557986
-38.8,32,3006.145829
-32.18,32,3006.758922
-41.63,21,3007.1532
36.0,25,3007.660321
-32.91,30,3008.2363
38.110236,27,3008.693457
-36.0,25,3009.307405
-41.46,27,3009.764513
38.479853,30,3010.249548
35.018382,27,3010.682799
-38.26,30,3013.242199
32.136691,38,3013.911596
-35.91,25,3014.399694
39.0,25,3014.870706
-39.0,23,3015.299609
-37.4,27,3016.208219
-44.91,20,3016.642506
32.213287,27,3017.25016
-35.17,29,3017.902699
-35.42,26,3018.53821
-48.0,15,3018.866822
-36.0,23,3019.388695
32.211321,35,3020.125455
38.133396,27,3020.69983
32.5727,34,3021.336995
35.137324,22,3021.758207
-34.9,31,3022.301197
-41.23,35,3022.884274
32.03537,27,3023.351018
-32.58,32,3026.049919
32.875,32,3026.652421
35.391144,26,3027.132524
-32.66,31,3027.691468
-41.73,37,3028.399945
-37.38,25,3028.838271
-32.53,28,3029.344704
37.165845,24,3029.849095
-35.09,28,3030.409861
-44.17,23,3030.971823
-32.91,36,3032.08198
-40.44,26,3032.627622
-38.21,22,3033.093124
-43.41,15,3033.353559
-32.03,32,3033.935672
-38.8,28,3034.361936
35.734628,28,3034.940862
-35.01,33,3035.467426
38.566978,21,3037.836014
-32.34,29,3038.50995
-33.0,29,3039.055007
-44.12,29,3039.582887
-38.22,43,3040.384328
-41.01,21,3040.764079
-33.0,28,3041.360717
-37.68,24,3041.831498
-41.04,25,3042.303887
-44.25,23,3042.731905
-41.91,27,3043.207271
-35.44,38,3043.94086
-44.09,27,3044.232284
-41.28,25,3044.666867
-45.0,22,3045.047993
-32.12,29,3045.622006
-44.81,19,3045.977027
-44.24,29,3046.464295
-36.0,27,3046.919643
-40.21,35,3049.737476
-36.0,42,3050.533082
-35.42,34,3051.232703
-41.02,20,3051.675661
35.337121,28,3052.167412
-31.99,45,3053.034974
33.0,33,3053.749412
-41.3,23,3054.260277
32.662037,32,3054.890925
-36.0,27,3055.421634
-31.95,27,3055.944567
-32.5,36,3056.666023
-41.6,22,3057.081937
-47.35,23,3057.589567
-42.0,45,3058.788697
-41.04,20,3059.10626
32.5,28,3061.444064
-35.1,30,3061.996588
35.796512,24,3062.435838
-40.23,23,3062.887275
-41.91,21,3063.307502
-38.6,25,3063.761656
-32.19,31,3064.339674
35.227612,27,3065.028677
-36.95,24,3065.484067
-41.08,23,3065.914611
-31.64,27,3066.399493
-38.07,31,3066.984761
-42.0,16,3067.226112
32.311258,29,3067.740832
34.359244,27,3068.262894
-39.0,24,3068.690518
-34.27,29,3069.345258
-37.13,26,3069.9503
-39.0,27,3070.526554
-44.12,21,3070.938877
35.579137,29,3073.620861
-41.25,21,3074.012109
32.055172,42,3074.759406
-36.0,25,3075.211172
36.0,22,3075.611326
-42.0,26,3076.09385
32.124088,32,3076.727957
32.902878,34,3077.385145
-47.12,25,3077.863516
-31.72,30,3078.442233
-35.16,30,3078.991368
-38.4,23,3079.422553
36.0,25,3079.900618
-40.92,31,3080.458591
40.869704,21,3080.85156
-40.83,21,3081.270119
-37.43,27,3081.773795
-41.44,26,3082.252451
-42.0,21,3082.619066
-30.0,29,3085.318105
-32.05,31,3085.995105
-35.75,30,3086.537714
-38.67,26,3087.413712
-47.88,25,3087.964701
-38.28,31,3088.586491
-40.16,24,3089.216956
-44.64,34,3090.066807
-35.91,30,3090.690752
37.362656,25,3091.224789
-45.0,16,3091.702654
-36.0,32,3092.707532
-36.0,22,3093.255949
-32.58,32,3093.99174
-41.25,32,3094.720752
-41.69,27,3095.349059
-39.0,27,3095.977059
41.641791,22,3096.454705
-32.87,37,3097.299294
-42.68,26,3100.143165
-32.8,31,3100.838658
32.176056,46,3101.837837
-32.91,32,3102.461898
-38.2,24,3102.941066
-38.38,20,3103.33135
-41.81,19,3103.692665
-32.97,32,3104.350724
31.95977,34,3105.09453
-35.21,29,3105.860645
38.80292,27,3106.568195
38.115242,19,3107.057757
-41.14,22,3107.604981
-38.71,24,3108.105707
-44.3,14,3108.447732
-41.58,25,3109.029844
-37.75,34,3109.805712
-44.36,25,3110.408067
-35.35,39,3113.167057
-38.32,27,3113.737838
-35.91,32,3114.487534
-38.86,30,3115.133399
-36.0,29,3115.728185
-35.61,26,3116.274766
-42.0,33,3117.366153
-38.85,36,3118.213669
-39.0,39,3119.052334
-43.77,50,3120.127624
-42.0,17,3120.451391
-38.49,23,3120.962274
32.250909,31,3121.690983
-35.89,25,3122.278941
-38.02,33,3123.11771
-41.25,28,3123.617985
-41.69,19,3124.010955
-39.0,23,3124.440899
35.22069,30,3127.234463
-34.82,36,3128.030801
-34.82,30,3128.695297
-45.0,18,3129.065321
-41.4,27,3129.64045
-41.32,24,3130.081475
-41.7,26,3130.613468
-38.78,32,3131.238186
-32.9,28,3131.785041
-32.45,34,3132.444303
-38.46,29,3132.993408
38.454545,22,3133.442078
35.303327,30,3134.093049
-36.0,25,3134.588512
-37.84,25,3135.038662
-40.33,23,3135.472096
-36.0,25,3136.01557
-38.91,21,3136.475045
-38.49,33,3137.202553
-34.81,32,3140.141557
-38.74,26,3140.658179
-38.23,30,3141.312654
35.357349,43,3142.215425
-39.0,28,3142.851305
-38.66,24,3143.380392
-32.97,35,3144.218737
-35.13,48,3145.802143
-39.0,28,3146.601329
-32.56,27,3147.231942
-47.67,23,3147.83657
-44.3,48,3148.964814
35.690037,32,3149.659914
-35.66,21,3150.092258
-36.0,28,3150.614712
-41.91,21,3151.086541
39.635763,26,3153.846856
-32.84,24,3154.145504
-41.91,20,3154.452259
-39.0,29,3154.843613
-39.0,25,3155.242825
-37.36,26,3155.776165
-40.66,25,3156.24059
-35.51,27,3156.727358
-35.81,28,3157.274644
38.079137,22,3157.681502
32.080645,30,3158.216919
35.751852,24,3158.710919
35.194081,32,3159.314554
-32.51,36,3160.018217
-35.13,31,3160.573
-44.63,25,3161.459929
-35.31,30,3162.035196
41.26087,30,3162.626002
-35.92,28,3163.147278
-39.0,29,3165.570994
-36.0,31,3166.013359
42.161378,18,3166.265603
-38.43,45,3167.090138
-32.72,36,3167.770514
-45.0,29,3168.306468
-38.69,22,3168.723224
-35.73,31,3169.341587
-38.89,27,3169.898176
-32.39,37,3170.651219
-30.0,29,3171.174651
-32.73,38,3172.120657
-36.0,32,3172.686217
-46.91,16,3173.006705
-35.85,27,3173.57298
-41.09,21,3174.012256
-38.01,29,3174.547961
-41.46,36,3177.213817
-32.52,39,3177.818487
-32.62,36,3178.393136
32.080851,30,3178.894534
-38.72,29,3179.403733
-35.76,33,3180.197912
35.557432,27,3180.689854
-32.43,29,3181.253332
-44.18,17,3181.569412
-38.37,26,3182.067356
-38.3,29,3182.699437
-41.68,20,3183.066408
-39.0,30,3183.602842
-32.53,30,3184.147428
-40.15,30,3184.787889
41.385093,24,3185.244882
-32.07,31,3185.911182
-41.16,32,3186.482951
-38.53,22,3189.327925
-36.0,35,3189.910908
35.541667,35,3190.417841
-41.09,27,3190.851209
-38.17,33,3191.42047
-32.5,33,3191.986433
-42.0,23,3192.459366
-36.0,24,3193.044833
-39.0,55,3194.552745
-37.92,26,3195.166136
-41.85,69,3196.772581
38.60597,22,3197.262326
-42.0,62,3198.822325
-40.93,23,3199.451711
-36.0,29,3200.102559
-38.45,25,3203.192932
-38.3,30,3203.687502
34.216615,37,3204.371776
-38.44,32,3205.008241
32.333916,59,3206.158425
-42.0,53,3207.25928
-33.0,32,3208.008913
-38.92,24,3208.771775
35.682657,31,3209.751412
-35.19,30,3210.366127
-39.0,24,3210.863152
35.584192,23,3211.359351
32.129167,36,3212.031161
35.463552,37,3212.807604
32.878788,29,3213.35617
-39.0,24,3216.163386
35.400415,25,3216.619485
38.193277,25,3217.002201
32.604348,29,3217.511501
-37.89,24,3217.903572
-41.04,25,3218.342419
-36.0,23,3218.807367
-44.6,22,3219.257421
-32.21,29,3219.856195
-41.26,27,3220.460632
-38.46,26,3221.125667
-38.71,25,3221.676316
-38.87,40,3222.50947
-38.09,26,3223.099076
-40.46,23,3223.601661
-38.33,31,3224.272025
35.237762,27,3224.942327
-45.0,16,3225.252511
-44.38,18,3226.123166
32.399351,36,3227.295435
35.353659,30,3229.96618
35.360927,24,3230.277001
-44.43,16,3230.58217
-41.79,50,3231.383629
-38.6,27,3231.789706
-38.16,35,3232.331868
-37.86,30,3232.833929
-41.33,31,3233.424022
-35.08,25,3233.99096
-38.67,22,3234.443555
-43.62,22,3234.823607
-38.27,26,3235.292479
-42.0,18,3235.665273
-38.34,33,3236.250259
-35.38,23,3237.041735
-32.14,52,3238.014498
-38.72,21,3238.401845
-32.88,25,3238.880913
-44.04,21,3241.32868
-35.01,30,3242.133986
-42.0,24,3242.585557
-35.46,28,3243.038969
32.074074,29,3243.485788
-41.76,25,3243.909044
-43.6,30,3244.357725
-41.58,21,3244.672626
-38.4,24,3245.044163
-32.79,27,3245.572905
-41.57,16,3245.869783
-38.15,28,3246.405014
-37.84,26,3246.933034
-41.33,22,3247.362609
-41.18,23,3247.790456
-41.19,24,3248.24567
-35.62,26,3248.779856
-41.11,34,3249.417789
-32.73,28,3249.933605
35.064516,25,3250.463292
32.366337,34,3253.314662
-41.19,36,3254.163896
-35.88,31,3254.777682
34.487954,28,3255.254954
32.287313,41,3255.839878
-32.5,30,3256.306624
-35.23,28,3256.773475
35.505882,31,3257.334218
-35.6,28,3257.84376
-35.09,29,3258.563519
32.165109,30,3259.126006
-44.63,20,3259.525169
-32.41,29,3260.103479
-40.8,24,3260.553583
-32.29,50,3261.51754
-39.0,29,3262.269116
-36.0,26,3264.923705
35.9,26,3265.379964
33.0,33,3266.013103
-46.05,22,3266.380901
38.217166,35,3267.017152
-33.0,27,3267.467437
36.0,22,3267.807196
-36.0,21,3268.133933
-38.67,30,3268.648597
41.704698,18,3268.95707
35.502128,27,3269.437115
-41.55,28,3270.024621
37.19445,27,3270.621626
-38.74,34,3271.310563
-38.04,27,3272.586043
-38.77,23,3273.004144
35.057692,30,3273.544852
-38.31,36,3274.200101
-39.0,19,3274.547731
-35.08,26,3275.036649
-32.49,26,3277.505525
32.016556,40,3278.122028
38.830986,24,3278.665858
-35.81,25,3279.157542
-38.11,51,3280.164029
-41.54,24,3280.637979
-39.0,28,3281.165807
-40.36,28,3281.698735
-32.68,30,3282.27912
-33.0,40,3283.449625
-38.32,30,3284.071592
-37.59,20,3284.410738
-32.91,26,3284.873147
-36.0,24,3285.375229
-38.75,29,3285.936281
-32.79,43,3286.744089
-40.27,50,3289.71997
-41.73,16,3289.990546
-34.05,25,3290.455497
-47.03,22,3290.873186
-36.0,32,3291.405083
-38.08,19,3291.725578
-35.7,25,3292.09257
-35.39,20,3292.409091
-39.0,23,3292.752294
-38.0,56,3293.826944
39.0,23,3294.297546
-44.62,34,3294.966499
-40.91,21,3295.340051
-38.46,26,3295.911089
35.086567,29,3296.461026
-39.0,26,3296.946638
-44.83,23,3297.390712
-37.64,27,3297.905558
-32.6,37,3298.56272
-32.45,29,3301.078818
34.52477,31,3301.580551
-38.18,26,3302.086049
39.0,22,3302.462502
-38.6,27,3302.864052
-32.9,38,3303.443225
-38.59,20,3303.762289
36.0,55,3304.644945
-38.9,27,3305.36341
-35.08,28,3305.937957
-37.96,24,3306.3653
-39.0,29,3306.907267
37.568297,25,3307.761554
-38.02,27,3308.278786
-41.05,33,3308.874929
-41.06,22,3309.255037
-44.15,23,3309.699639
31.743243,30,3312.365921
-39.0,25,3312.775146
-40.85,21,3313.118389
-43.61,21,3313.511221
-46.93,21,3314.006667
-33.0,30,3314.586633
32.054264,26,3314.975097
35.118081,28,3315.42206
-32.75,33,3315.964829
-35.62,37,3316.563173
-36.0,31,3317.12837
-41.83,24,3317.569381
-43.78,18,3317.914305
-41.09,36,3318.645873
-35.2,28,3319.22569
-41.81,32,3319.908956
-39.0,19,3320.2892
38.045455,25,3320.840643
-32.33,37,3321.52541
-38.43,29,3324.289753
-45.0,17,3324.60585
32.22069,28,3325.104168
-35.74,29,3325.664817
36.0,30,3326.254304
-35.16,29,3326.681276
32.787072,28,3327.140378
-38.09,24,3327.501485
32.228916,27,3327.933591
32.118881,31,3328.416978
35.258333,31,3329.037063
-38.48,21,3329.66357
-32.17,38,3330.435353
-38.36,40,3331.19885
35.589928,30,3331.778062
-32.36,30,3332.346181
-35.76,32,3332.945213
-32.31,29,3333.478437
-32.51,35,3336.288812
-40.5,29,3336.912326
33.0,36,3337.618143
-35.58,43,3338.446486
-39.0,27,3338.964149
-38.49,23,3339.641076
-35.48,28,3340.519006
-35.57,28,3341.082305
-38.51,26,3341.566554
-41.46,26,3342.094584
35.296774,25,3342.654869
38.40458,23,3343.133984
-37.65,29,3343.713707
-41.81,23,3344.061444
41.628834,21,3344.980096
38.680851,26,3345.478359
-47.46,15,3345.844717
32.465278,29,3346.41074
-41.25,23,3346.882117
-37.42,24,3349.576461
-35.62,48,3350.457854
-32.51,25,3351.109833
-38.69,27,3351.611974
-32.29,34,3352.169014
-40.68,22,3352.521319
-42.0,28,3352.978897
-38.79,24,3353.392083
33.0,33,3353.979462
-41.71,21,3354.388369
-35.08,28,3354.908401
-41.3,21,3355.302742
-43.45,20,3355.691699
-38.1,24,3356.113037
-41.6,27,3356.839243
32.20438,31,3357.470821
-39.0,24,3357.978533
-35.31,20,3358.349927
-40.51,26,3358.828789
-37.84,33,3361.500368
-35.47,22,3361.782384
-32.83,26,3362.190175
-32.2,28,3362.697833
-38.43,25,3363.185564
-37.55,30,3363.723037
-43.2,22,3364.1331
34.141939,30,3364.677461
35.66838,23,3365.023188
39.0,22,3365.37205
34.644769,39,3365.96647
38.197386,33,3366.74758
35.036098,35,3367.389549
32.303502,39,3368.149273
-35.81,26,3368.644941
-38.54,27,3369.166219
30.0,37,3369.932446
-33.0,39,3372.754182
-41.34,36,3373.336763
-45.0,23,3373.738465
-32.39,35,3374.386595
-32.36,32,3374.987739
32.75,23,3375.417934
-31.76,33,3376.018345
-37.92,24,3376.45814
-32.51,36,3377.022533
40.982051,24,3377.390637
-32.07,34,3377.931827
-39.0,33,3378.520827
-41.61,20,3378.839516
35.221698,26,3379.285753
35.307407,24,3379.845391
-41.25,26,3380.337989
-35.31,27,3380.822384
32.42807,30,3381.429418
-45.0,27,3384.175382
-35.54,22,3384.527681
-32.07,27,3384.979657
-35.41,24,3385.458836
-32.61,32,3386.088588
-36.0,26,3386.630605
-43.55,28,3387.192092
-39.0,29,3387.745115
43.678704,18,3388.112453
45.696623,21,3388.492745
35.790598,26,3388.898838
37.384654,27,3390.052241
-41.7,30,3390.568922
-35.61,25,3391.051919
37.446717,24,3391.722835
-32.33,32,3392.317132
38.0875,24,3392.771994
-40.79,20,3393.13792
38.819549,24,3393.591082
-33.0,29,3394.141553
44.113433,21,3396.507283
32.124031,41,3397.273431
34.787199,26,3397.775958
-43.54,27,3398.272925
-41.71,27,3398.757457
-38.08,22,3399.180392
-35.23,24,3399.632119
-36.0,26,3400.064861
-44.3,35,3400.594536
33.0,27,3401.703791
-32.73,37,3402.400561
-37.66,25,3402.901575
32.655431,31,3403.540345
-35.78,31,3404.128395
32.268061,37,3404.921367
-37.69,22,3405.300358
35.221622,29,3406.190886
-35.62,32,3406.793331
-38.71,27,3409.293636
-42.0,30,3409.828437
-32.71,26,3410.33678
-42.0,21,3410.728675
-35.51,31,3411.224632
-32.53,38,3411.810525
-44.83,22,3412.155771
-36.0,23,3412.502117
-35.58,24,3412.882129
-32.79,35,3413.483191
-35.39,27,3413.968188
-43.72,20,3414.336071
32.148936,25,3414.803281
-32.61,28,3415.304787
-38.57,25,3415.77419
-44.61,20,3416.162418
38.495705,30,3416.772914
34.862304,25,3417.393624
32.495935,34,3418.082964
-35.37,30,3420.730612
-41.01,25,3421.178516
-32.35,28,3421.68644
-40.82,25,3422.283273
-38.9,26,3422.788389
-44.02,26,3423.230039
-35.79,37,3423.813375
-35.18,24,3424.140685
-38.05,25,3424.521426
-35.78,55,3425.385319
-38.31,29,3425.901168
-39.0,25,3426.373575
-35.02,25,3426.839253
-35.5,23,3427.252352
-33.0,27,3427.748663
-42.0,22,3428.142913
-40.58,25,3428.612607
-35.58,30,3429.227772
-33.0,29,3432.047525
32.445483,27,3432.519926
37.467356,65,3433.980208
-36.0,29,3434.535296
-35.84,31,3435.127004
33.0,29,3435.60165
-34.57,30,3436.075179
36.0,39,3436.635808
-35.21,29,3437.090154
-41.49,27,3437.695968
-38.39,22,3438.540021
-35.91,20,3438.894842
32.475248,65,3440.273739
-38.35,26,3440.703848
-32.73,27,3441.042472
-41.66,32,3443.887157
-40.64,26,3444.332348
35.337079,27,3444.796982
-33.0,26,3445.292638
-41.09,21,3445.695663
-36.0,21,3446.175957
-42.0,26,3446.773363
-35.45,26,3447.332269
-32.77,34,3447.87496
-41.79,34,3448.408292
-38.62,22,3448.76231
-32.5,27,3449.197593
31.804487,31,3449.71702
-32.6,35,3450.350253
-39.0,23,3450.788453
34.886719,28,3451.324913
-41.33,18,3451.637404
-36.0,39,3452.400917
-35.28,32,3452.90763
-35.32,28,3455.646532
-33.0,23,3456.050054
35.458647,29,3456.551827
35.177474,28,3457.078686
35.030568,27,3457.603249
-36.0,24,3458.089626
-38.6,25,3458.564472
-35.48,23,3459.018646
-43.05,22,3459.430775
-44.82,26,3460.16999
-44.42,17,3460.495374
-35.04,26,3460.89803
-35.81,30,3461.434673
-41.57,25,3461.839622
-32.91,36,3462.392109
-40.16,38,3463.11647
-35.01,27,3463.730534
35.023346,26,3464.347995
-39.0,29,3464.922878
-39.0,24,3467.646629
-45.0,17,3467.922184
-32.56,39,3468.520428
-41.2,27,3468.982211
-42.0,24,3469.440686
-32.62,27,3470.172665
-38.83,29,3470.715076
-37.83,24,3471.220367
-40.8,28,3471.758449
37.722844,28,3472.320715
-33.0,32,3472.876348
-32.68,25,3473.255664
33.0,32,3473.768919
-38.69,24,3474.115286
-42.0,20,3474.46243
-35.53,31,3474.941524
-41.73,23,3475.416523
35.462406,28,3475.943112
-32.17,33,3477.011525
-35.28,27,3479.677447
35.150538,28,3480.137319
32.056277,27,3480.5978
-41.16,26,3481.035821
-35.33,32,3481.635682
-32.57,32,3482.310088
35.118321,26,3482.838099
-35.04,35,3483.536156
-41.09,36,3484.205749
32.15411,30,3484.746003
35.734615,27,3485.204758
-35.02,29,3485.654253
-38.45,34,3486.415743
-38.01,26,3486.914299
-38.78,29,3487.342901
-43.51,19,3487.606204
-35.41,30,3488.166538
-35.31,34,3490.898802
-32.33,29,3491.381166
-38.15,37,3492.024595
32.823056,23,3492.420073
-41.01,24,3492.910112
-44.38,26,3493.477421
32.885387,48,3494.417644
-38.32,25,3494.879146
-37.69,24,3495.631614
-35.62,29,3496.192511
-35.95,34,3496.753982
-32.4,30,3497.23982
-47.39,22,3497.565758
33.0,34,3498.105874
-32.62,32,3498.608425
-35.88,35,3499.246109
33.0,26,3499.762612
-41.26,21,3500.162689
34.475123,33,3502.943172
-35.64,37,3503.53191
-35.39,33,3503.939727
36.0,28,3504.456748
-38.31,32,3505.095933
-42.0,20,3505.488137
-35.28,22,3505.906017
-33.0,31,3506.482008
35.451713,31,3507.091613
-41.21,31,3507.650267
-38.2,28,3508.151857
-38.49,27,3508.638944
-35.21,32,3509.176901
-38.83,23,3509.558783
-42.0,22,3509.921664
-32.89,64,3511.29076
32.426829,29,3514.040381
33.0,28,3514.521528
-38.89,31,3515.113978
-40.95,22,3515.507891
-41.59,28,3516.013084
-38.28,25,3516.518408
39.0,45,3517.518507
-43.77,26,3518.059225
36.0,34,3518.887738
-38.92,25,3519.373562
-38.44,25,3519.885227
-32.35,29,3520.323633
-47.05,28,3520.900307
-38.7,26,3521.586966
-38.23,27,3522.155179
-35.56,33,3522.720793
32.151261,23,3523.140232
35.889655,36,3523.889866
32.469741,32,3526.925171
-41.81,25,3527.381261
42.0,56,3528.40261
-33.0,30,3528.892544
-41.63,20,3529.241534
-32.72,33,3529.863175
-41.15,33,3530.523444
32.44,30,3531.068595
-37.89,36,3531.78684
-35.9,24,3532.281042
-32.5,31,3532.838835
-35.72,21,3533.164796
-34.9,30,3533.576982
-43.72,22,3533.906223
37.48704,30,3534.376402
-32.36,64,3535.419753
38.549242,24,3538.159261
-41.77,18,3538.481941
-38.16,22,3538.844847
-30.0,37,3539.486983
-35.56,24,3539.879801
-32.17,34,3540.436724
-32.36,29,3540.891639
-32.62,27,3541.416171
-38.42,48,3542.315978
-41.4,26,3542.808056
-35.33,27,3543.321025
32.076923,30,3543.934165
-35.91,23,3544.384408
-41.68,20,3544.807283
-41.81,41,3545.469965
-38.69,25,3545.913235
32.953271,30,3546.400138
38.868966,27,3547.055549
-43.28,26,3549.752502
-41.5,22,3550.171018
35.136719,24,3550.574703
35.580508,27,3551.090328
35.777328,29,3551.541624
38.077151,24,3551.928746
-35.52,34,3552.517223
-35.53,34,3553.50886
33.0,28,3554.068595
-37.05,27,3554.596075
-35.58,25,3555.044183
-41.57,22,3555.474775
-38.84,26,3555.949055
-37.6,42,3556.900482
-35.04,29,3557.381747
32.125964,31,3557.839848
-41.0,24,3558.220691
37.156569,24,3558.599048
32.231034,30,3561.213586
32.05283,35,3561.804651
-42.0,28,3562.392656
-35.07,29,3562.893446
-41.01,37,3563.504501
-38.68,24,3563.991405
-37.6,25,3564.449672
-34.98,24,3564.916085
34.75,36,3565.611281
39.0,18,3565.978793
-35.08,33,3566.704232
35.011719,25,3567.155369
-32.65,26,3567.703133
-32.11,50,3568.760033
-40.42,21,3569.189314
32.902527,25,3569.57661
-38.88,43,3570.255725
37.226992,22,3570.608486
38.29078,36,3573.895396
-32.88,35,3574.493349
-41.36,24,3574.899399
-41.5,29,3575.428088
33.0,30,3575.971615
-35.83,29,3576.529008
-38.72,27,3577.055303
33.0,35,3577.698271
32.484733,25,3578.189787
38.609665,23,3578.629595
38.779412,23,3579.08514
-41.16,27,3579.603345
-32.46,38,3580.349495
-32.38,30,3580.896332
-48.0,12,3581.110281
-40.71,17,3581.387357
-32.37,30,3581.852261
32.064748,34,3582.352061
35.790875,25,3584.837649
-35.6,31,3585.300583
32.142424,36,3585.752666
-35.68,24,3586.168728
-36.0,27,3586.695868
-32.36,25,3587.213821
-41.3,27,3587.925109
-42.0,25,3588.39869
41.288314,28,3588.967895
32.303754,35,3589.627095
34.503636,26,3590.130145
-32.88,31,3590.700152
-35.49,22,3591.124729
-35.89,38,3591.809407
38.47931,19,3592.202447
35.346715,27,3592.734872
-38.7,21,3593.16243
38.086207,22,3593.564425
41.609756,35,3594.130054
38.012048,26,3596.539752
-39.0,23,3596.953878
32.5,29,3597.420128
-38.45,34,3598.065804
-32.68,38,3599.228374
-31.65,37,3599.99101
-38.25,32,3600.588001
-36.0,34,3601.193988
34.863881,26,3602.275815
-37.41,28,3602.835149
-44.42,23,3603.270967
-43.31,22,3603.663265
-43.7,22,3604.064666
-35.52,25,3604.556456
-38.35,26,3605.083493
-32.71,29,3605.627116
-35.65,20,3605.960332
-32.03,30,3606.476024
32.105634,30,3608.954003
32.342105,29,3609.424418
30.0,33,3609.965393
32.46124,28,3610.511904
-44.21,24,3610.940186
-39.0,28,3611.471457
-32.81,32,3612.118282
-42.0,43,3612.873802
-42.0,23,3613.617432
-35.78,61,3614.839216
-41.21,20,3615.28428
33.0,34,3615.991917
-38.7,30,3616.604344
-44.16,19,3617.093333
-38.11,26,3617.709294
-44.93,20,3618.448986
-44.93,91,3622.031112
-35.41,69,3623.324373
-39.0,33,3623.995724
-35.89,24,3624.575644
-41.05,22,3625.104282
-35.41,25,3625.728191
-44.16,62,3626.962258
-39.0,34,3627.744183
-40.89,26,3628.266237
-35.74,23,3628.742704
-39.0,24,3629.274667
-41.33,24,3629.747216
-37.64,29,3630.427164
-32.61,36,3631.095048
-41.62,27,3631.47972
-38.89,40,3634.261771
32.491525,35,3635.517704
-35.53,30,3636.127813
-35.75,28,3636.749115
-32.8,24,3637.423114
-38.4,28,3638.044649
32.695341,33,3638.780662
-41.03,30,3639.440301
-35.62,31,3640.087306
-36.0,30,3640.773877
32.80597,32,3641.552896
-32.55,26,3642.077129
-41.72,24,3642.623376
-36.0,25,3643.235377
-44.03,17,3643.66388
32.433198,31,3644.265691
32.75,30,3644.864434
-38.37,25,3647.021115
-45.0,27,3647.538997
-43.77,25,3647.98647
-35.38,28,3648.388644
-41.52,19,3648.806992
-44.44,23,3649.344963
32.52861,30,3649.937755
-32.73,27,3650.456404
-43.88,20,3651.603892
-38.22,20,3651.998212
-39.0,42,3653.016338
-41.35,20,3653.369287
-47.05,25,3653.875493
-32.47,40,3654.609465
-35.91,24,3655.062055
-36.0,30,3655.607579
35.774074,29,3656.172503
-38.61,20,3656.549291
-35.88,28,3657.095766
41.142292,19,3657.381301
-35.46,26,3659.709997
-35.88,25,3660.17169
-32.26,27,3660.682477
-38.18,28,3661.202903
-33.0,25,3661.658571
37.803838,28,3662.1602
-35.19,31,3662.738401
-40.52,26,3663.194024
-35.55,22,3663.65533
-41.45,26,3664.159086
-39.0,31,3664.743999
-40.74,21,3665.105457
-36.75,31,3665.938523
-38.73,24,3666.450785
38.530556,26,3667.816566
32.125541,29,3668.307219
-38.83,27,3668.770287
-38.55,24,3669.113551
-39.0,21,3669.392258
-32.5,27,3669.758021
-38.04,27,3672.145637
-38.58,34,3672.790071
30.0,84,3674.313049
-41.18,36,3674.944691
-45.0,27,3675.439181
-37.79,25,3675.942479
-38.03,31,3676.529963
-36.0,26,3677.033769
-38.04,24,3677.482552
33.0,29,3678.161816
32.210526,30,3678.816789
-32.26,30,3679.422884
32.60274,34,3680.194564
32.200855,27,3680.664404
-35.82,30,3681.092989
-41.73,27,3683.319982
-38.9,29,3683.882103
41.189922,16,3684.165306
-42.0,29,3684.684192
-36.0,27,3685.174464
-34.41,33,3685.773451
-38.53,26,3686.254864
-35.71,27,3686.806835
-45.8,22,3687.220527
33.0,27,3687.715212
-38.36,18,3688.047576
-47.14,31,3688.662317
-38.24,26,3689.279603
-37.57,24,3689.76296
-38.38,35,3690.4319
-41.03,22,3690.985999
-44.21,22,3691.413127
-38.71,21,3691.786392
-41.71,20,3692.099035
36.819713,28,3692.554857
-38.64,27,3694.794686
-38.56,23,3695.273348
-34.41,25,3695.827918
-41.08,21,3696.233449
-41.23,28,3696.757591
32.043614,34,3697.377771
41.31749,21,3697.768646
-41.4,17,3698.079673
-41.48,23,3698.459909
-41.4,29,3698.955962
-42.0,24,3699.400966
-38.48,31,3699.946013
-38.2,29,3700.655253
-38.38,29,3701.161706
-38.02,23,3701.60147
-35.68,32,3702.17966
-44.02,24,3702.603444
-33.0,41,3703.948097
33.0,27,3704.491431
-38.62,28,3707.097193
-38.5,32,3707.619807
-47.13,22,3708.037299
-32.74,39,3708.868288
-32.17,31,3709.484781
-33.0,28,3710.061683
-41.43,28,3710.554492
-40.58,66,3712.141999
-41.22,27,3712.607628
33.0,37,3713.428756
-40.29,20,3713.797903
-32.61,26,3714.277446
32.345455,29,3714.911141
-37.49,24,3715.427096
-40.61,24,3715.854769
-37.78,31,3716.431578
-35.25,29,3717.136264
44.303704,18,3719.741714
-36.0,25,3720.281434
-41.17,28,3720.858938
-39.61,27,3721.38455
-33.0,35,3721.956109
-32.91,42,3722.695072
-32.02,34,3723.290174
-38.29,28,3723.815313
-36.0,30,3724.668743
-41.23,35,3725.350685
32.087273,28,3725.840855
38.592885,29,3726.409277
-32.41,35,3727.086416
37.370726,24,3727.581412
-44.25,14,3727.84062
-37.86,26,3728.304069
39.0,28,3728.742223
-34.33,32,3729.247612
-38.04,66,3732.574688
-38.36,26,3733.049224
-41.41,25,3733.526129
-35.53,28,3734.042028
-34.83,25,3734.485752
38.351916,22,3734.919322
35.230769,35,3735.581995
-38.2,33,3736.249606
-34.38,27,3736.848927
33.0,27,3737.355453
-38.94,28,3737.825611
-38.19,38,3738.487525
-35.74,27,3738.965998
32.35316,32,3739.567935
36.0,22,3739.914319
44.005576,41,3740.631387
39.335408,23,3743.010326
32.406844,37,3743.536391
33.0,27,3744.015646
-32.84,26,3744.729251
-33.0,37,3745.416846
-33.0,21,3745.779955
-41.56,27,3746.294578
-35.8,22,3746.705417
-40.78,28,3747.228601
-39.5,29,3747.770884
-32.47,37,3748.531425
-39.0,30,3749.155047
-38.21,28,3749.709214
31.619863,33,3750.327835
-38.05,29,3750.9003
32.130268,33,3751.46049
32.623239,36,3752.143421
35.597087,34,3754.731998
-32.6,33,3755.231677
-42.0,22,3755.580099
-41.14,35,3756.221944
38.043796,23,3756.665061
-38.5,37,3757.654431
-44.19,23,3758.155177
-32.09,31,3758.781846
34.427898,34,3759.512622
35.005891,31,3760.249655
-32.13,32,3760.820784
-32.36,27,3761.344748
-33.0,28,3761.904123
-32.85,31,3762.459213
-41.15,21,3762.820299
32.121429,35,3763.363352
-41.9,21,3763.691859
-32.47,37,3764.285403
-41.76,32,3766.71001
-38.88,30,3767.069644
33.0,26,3767.477936
-32.17,48,3768.313017
-32.62,25,3768.785619
-41.42,23,3769.240803
-38.89,21,3769.7319
-41.79,31,3770.424787
-38.61,27,3770.909549
-41.59,30,3771.485464
-41.03,25,3771.96262
-35.3,27,3772.452245
34.400137,30,3772.990477
-41.2,27,3773.475244
-32.52,24,3773.954216
-35.61,35,3774.697751
36.0,26,3775.134806
-35.6,33,3777.648654
-35.51,32,3778.138349
-35.39,25,3778.500529
37.110909,29,3778.961523
-41.54,20,3779.246993
34.743346,24,3779.693011
32.014085,32,3780.263627
44.153846,16,3780.5644
-38.16,49,3781.459058
-37.8,31,3782.074659
32.133574,26,3782.613556
-38.81,42,3783.637294
-39.0,25,3784.092361
-32.93,27,3784.599902
-32.59,28,3785.117885
-32.6,31,3785.713129
-36.0,31,3786.311488
32.411552,28,3786.819964
32.90393,26,3789.277157
-38.39,34,3789.716041
-35.54,31,3790.178607
-35.6,28,3790.616916
-32.12,32,3791.120142
-32.56,27,3791.637194
-38.64,28,3792.103039
-32.06,25,3792.570514
-41.52,19,3792.922405
-33.0,26,3793.484163
38.159487,26,3794.03806
-42.0,113,3796.363739
-38.25,32,3797.002506
-38.18,26,3797.523429
-43.31,65,3800.701137
-33.0,30,3801.313284
33.0,34,3802.03302
-40.03,32,3802.537146
-47.32,24,3802.895872
-41.84,26,3803.330105
-41.91,21,3803.679334
-32.61,29,3804.234033
32.073826,33,3804.882469
32.042553,57,3805.921317
-41.38,57,3807.282777
-34.97,26,3807.837824
32.211896,33,3808.466194
-38.35,25,3808.991802
-37.59,37,3809.832188
-32.1,31,3810.328785
-41.19,20,3812.893372
-42.0,19,3813.315901
-32.8,35,3814.0108
35.390244,27,3814.472985
-41.87,27,3814.95893
-42.0,16,3815.241316
-41.06,25,3815.684344
-35.91,31,3816.231973
-35.28,27,3816.825943
-35.51,29,3817.380984
-41.06,25,3817.84884
-41.64,22,3818.241379
-43.45,23,3818.722907
-47.39,22,3819.22211
-36.0,43,3819.990703
-39.0,19,3820.355611
-41.9,30,3821.322177
-41.26,22,3821.754289
-32.86,34,3822.38272
-38.23,20,3822.949998
-38.33,30,3826.421933
43.786207,20,3826.747046
-44.22,33,3827.278789
-41.55,21,3827.618719
35.383033,24,3827.993188
-41.85,23,3828.385693
-42.0,52,3829.360299
35.254599,27,3829.920004
-39.0,27,3830.507668
33.0,29,3831.054564
-38.7,25,3831.483129
-43.01,28,3832.006089
-38.55,28,3832.587756
-36.0,24,3833.042367
-39.0,23,3833.459439
-32.2,28,3834.089773
-36.0,29,3834.617418
-38.2,31,3835.145186
35.169872,25,3837.712976
-35.42,28,3838.204238
36.0,38,3838.766154
-34.99,34,3839.310344
-35.49,23,3839.666612
-45.0,23,3840.031647
38.507194,29,3840.560379
-35.21,24,3841.004458
-33.0,28,3841.530461
-41.3,26,3841.993026
-32.18,31,3842.615199
-36.0,25,3843.183408
32.291667,36,3843.879845
-34.88,41,3844.625376
32.81749,30,3845.179785
-41.89,24,3845.730968
-38.88,48,3846.848408
-38.52,28,3849.322806
39.703128,29,3849.913706
-32.41,25,3850.295272
-41.63,27,3850.773974
32.592233,31,3851.245213
-35.17,37,3851.78662
-35.36,29,3852.231886
33.0,37,3852.934509
40.797721,29,3853.460997
-33.0,26,3853.968404
-38.61,29,3854.586453
-44.5,31,3856.080157
-37.65,29,3856.673855
-41.05,31,3857.285471
34.958539,27,3857.844537
35.803419,24,3858.290574
-38.57,31,3858.866878
-38.94,26,3861.402318
-41.5,35,3862.010466
32.513889,37,3862.622881
-32.78,27,3863.013234
-36.0,35,3863.58177
-38.41,21,3863.908351
-44.39,23,3864.530983
-32.08,30,3865.111004
32.660232,26,3865.634547
-35.42,30,3866.172432
32.804878,32,3866.788114
35.221416,34,3867.38084
-35.71,33,3867.963001
-38.72,21,3868.403937
32.305556,26,3868.955168
-36.0,24,3869.420801
-34.91,29,3869.933418
-41.89,25,3870.372476
35.878151,27,3872.842328
-41.01,26,3873.521978
-35.91,36,3874.211979
-38.78,22,3874.631659
-41.19,31,3875.16134
-44.28,21,3875.471061
-41.91,20,3875.797214
35.377505,27,3876.211457
-36.0,29,3876.724321
-41.37,25,3877.201937
35.018969,22,3877.62865
32.089588,28,3878.207557
-35.4,29,3878.770066
-38.12,28,3879.452123
-44.03,22,3879.833328
-37.93,108,3881.984089
32.562249,33,3884.688916
35.018293,44,3885.528399
34.966734,36,3886.198279
34.694444,26,3886.682602
-44.33,21,3887.009482
-41.19,43,3887.664805
-32.36,23,3888.007585
-38.44,20,3888.378656
-35.22,37,3888.981445
35.114625,23,3889.419656
-32.59,33,3890.057911
-35.78,25,3890.493143
-41.71,25,3891.226301
-46.27,29,3891.774786
41.253012,21,3892.191585
-38.13,24,3892.647525
-35.81,32,3893.303219
-35.6,23,3893.706839
-38.9,30,3896.20492
-41.36,26,3896.712302
-38.08,26,3897.18258
-35.29,29,3897.672626
-41.22,31,3898.267472
32.902128,28,3898.790438
-38.54,20,3899.078712
35.064982,29,3899.868951
-40.76,28,3900.342562
-41.73,25,3900.697541
-44.12,72,3902.026994
-38.54,23,3902.46674
32.317269,35,3903.149152
-41.64,26,3903.611112
-39.0,29,3904.13412
-38.69,29,3904.672362
-35.66,25,3905.094562
-44.1,52,3908.085385
-44.84,21,3908.47085
35.228571,24,3908.929335
-43.98,46,3909.789361
-35.89,39,3910.546746
-41.72,36,3911.090096
-36.0,32,3911.549057
-39.0,19,3911.830481
-38.92,36,3912.386539
-38.33,23,3912.716152
32.45749,26,3913.206243
32.684411,33,3913.824158
32.768889,33,3914.405432
-36.0,26,3914.863728
-35.59,26,3915.53957
-35.42,45,3916.480848
-38.13,25,3918.883596
-39.0,33,3919.465212
-38.12,31,3920.014065
41.197917,22,3920.442513
38.806818,28,3920.94045
-41.34,26,3921.418712
32.9,34,3922.021605
-36.0,23,3922.371126
-38.11,23,3922.715
33.0,27,3923.092861
-41.52,31,3923.556091
-39.0,22,3923.89712
41.302326,20,3924.363609
-35.91,31,3925.043851
-41.94,30,3925.721481
-37.56,27,3926.208011
-40.72,23,3926.660056
39.0,19,3927.013982
-33.0,28,3927.577294
-38.19,29,3928.094566
35.90106,22,3930.437899
-41.49,19,3930.805892
-41.2,34,3931.47878
-45.0,117,3933.839895
-38.91,25,3934.385044
40.415496,23,3934.763657
45.792597,22,3935.086338
-35.31,35,3935.616441
-41.33,26,3935.94857
-39.0,22,3936.255177
-41.44,26,3936.652891
35.572917,36,3937.882126
-32.8,30,3938.362419
-32.34,38,3939.063247
-38.8,22,3939.487026
-41.94,31,3941.682247
-37.74,26,3942.305648
-38.46,24,3942.765847
-36.0,36,3943.397854
32.570833,30,3943.931499
-37.31,46,3944.813406
-39.0,45,3945.650483
35.240678,26,3946.231868
-35.91,32,3946.770873
-44.13,20,3947.097929
-36.0,31,3947.518553
-35.75,38,3948.079724
-32.42,29,3948.567203
33.0,28,3949.05642
-35.71,25,3949.653001
-38.35,27,3950.170248
-32.24,32,3950.764798
-40.78,28,3953.089351
-38.69,25,3953.552774
-42.0,19,3953.928701
-33.0,24,3954.33767
-38.9,31,3954.923677
-39.0,40,3955.696111
-38.61,26,3956.146834
-42.0,21,3956.642511
40.457856,21,3957.066695
32.5,35,3957.903915
-38.53,35,3958.492637
-32.63,38,3959.099226
32.632867,26,3959.487742
35.465863,29,3959.945997
-35.03,36,3960.531385
-41.33,29,3961.04904
-38.6,35,3961.726209
-42.0,46,3964.360421
32.478448,37,3965.04731
-36.0,37,3965.700897
-35.7,33,3966.281535
-35.91,30,3967.012353
-35.54,33,3967.740476
38.401406,35,3968.289804
-47.02,16,3968.472738
-35.65,27,3969.068124
35.877953,23,3970.201121
-35.65,24,3970.596299
-42.0,44,3971.222578
-41.13,41,3971.800495
-35.57,28,3972.218221
-35.01,22,3972.524813
-32.27,27,3972.964949
-37.57,25,3975.291262
35.279412,26,3975.702773
-35.24,37,3976.325323
-38.4,25,3976.922179
-41.24,60,3978.08134
-41.8,22,3978.546768
-38.04,22,3979.012338
-38.28,28,3979.578597
-34.8,32,3980.30502
-37.73,33,3980.964318
35.560831,31,3981.540091
-35.25,23,3981.981468
36.0,29,3982.550781
-38.13,24,3982.973766
-32.93,29,3983.444835
-47.5,38,3984.035833
-41.27,28,3984.549741
35.466387,24,3985.001358
-45.0,20,3987.567255
-35.81,25,3988.100957
40.897474,23,3988.505227
41.416974,27,3989.079058
-32.33,30,3989.631044
-35.53,34,3990.355844
-38.26,32,3990.940598
-44.49,33,3991.632444
-35.5,34,3992.222419
-38.91,21,3992.609367
-47.18,26,3993.110538
-42.0,35,3993.949052
-39.0,37,3994.682101
-38.71,22,3995.017312
34.218059,24,3995.361715
-34.79,52,3996.088618
32.213793,26,3996.446636
-32.5,30,3999.102495
-44.09,26,3999.627742
-41.23,23,4000.091472
-38.08,31,4000.725652
-46.24,28,4001.355654
-38.71,34,4002.10623
-32.37,37,4003.054257
35.662162,34,4003.742161
-35.05,34,4004.363722
-44.16,19,4004.683635
35.178295,21,4005.03961
-38.74,29,4005.628506
-39.0,32,4006.31178
-43.78,24,4006.690239
-38.24,24,4007.02536
-42.0,30,4007.59177
-38.32,20,4008.00942
-35.16,31,4008.462292
-38.58,26,4010.821648
-40.63,27,4011.261398
-35.13,35,4011.866396
-35.76,29,4012.387566
-44.43,24,4012.798801
-35.64,34,4013.383931
-38.39,36,4014.032567
-44.29,20,4014.393731
-38.94,27,4014.848243
-44.01,25,4015.281785
-44.37,25,4015.710626
-41.15,24,4016.13003
-48.0,30,4016.653709
-38.38,31,4017.359374
38.697778,33,4018.13115
39.0,21,4018.448655
-38.91,20,4018.722126
-32.91,27,4019.297631
-38.95,31,4019.846105
-35.16,109,4023.668034
-32.76,27,4024.179084
-39.0,31,4024.726663
-38.5,45,4025.502569
-36.0,29,4026.021449
37.791248,49,4026.905277
-38.53,33,4027.946123
-41.11,39,4028.717867
-41.41,20,4029.047854
-44.41,22,4029.445264
-44.81,22,4029.8805
-39.0,28,4030.300927
-41.4,20,4030.575952
35.056,25,4030.951195
-44.0,21,4033.124546
-38.71,27,4033.572664
32.9,26,4034.045825
-37.12,24,4034.507326
38.11994,24,4034.923981
32.330882,30,4035.464524
-35.05,31,4036.052563
-32.72,28,4036.617871
-44.38,33,4037.47289
-41.64,27,4038.071017
37.858621,23,4038.552276
-35.51,24,4039.058039
-38.54,87,4040.904738
-41.57,27,4041.585152
-35.93,39,4042.389701
-38.72,28,4042.823441
-41.44,25,4043.226169
32.184314,29,4045.629046
-39.0,36,4046.285607
-32.19,22,4046.815097
-32.91,31,4047.550386
-33.0,31,4048.086365
-32.71,42,4048.838686
-44.18,25,4049.296423
-34.53,37,4049.944998
-44.2,20,4050.32388
-38.7,85,4051.789529
-38.76,27,4052.273521
-38.73,30,4052.82342
32.353909,31,4053.403264
-40.65,24,4053.838527
-32.52,40,4054.442403
-38.49,27,4056.885292
-47.1,24,4057.307742
-35.14,29,4057.761224
32.416961,30,4058.325777
-41.21,26,4058.885328
-37.17,30,4059.411118
-36.0,28,4060.031626
-36.0,27,4060.59208
-38.88,30,4061.178837
35.081712,28,4061.725302
32.162712,48,4062.67925
-42.0,17,4063.016701
-38.03,25,4063.498588
-40.82,28,4064.075475
-36.0,28,4064.625591
-35.0,27,4065.221879
-39.0,21,4065.602443
-41.71,27,4066.133099
32.059259,31,4068.477518
33.0,30,4068.962042
-41.13,24,4069.328849
-32.26,28,4069.82854
-35.08,30,4070.387992
-40.15,29,4070.912872
-35.35,37,4071.617015
-41.77,28,4072.123132
-44.28,30,4072.877707
-35.11,28,4073.398687
-41.53,24,4073.829899
32.060241,37,4074.47868
-35.65,27,4074.982225
-42.0,34,4075.595404
-38.36,23,4076.195559
-33.0,27,4076.718178
-41.13,21,4077.168469
-33.0,30,4077.885388
-40.96,27,4080.565226
35.180124,32,4081.075493
-41.13,23,4081.511141
-34.81,26,4081.987712
32.24812,44,4083.009788
-44.8,27,4083.619239
-40.94,39,4084.602047
36.0,33,4085.279278
-37.69,30,4085.982966
-42.0,30,4086.58017
31.959574,34,4087.291632
-38.29,46,4088.141412
-43.56,28,4088.678797
-44.16,20,4089.058739
-32.59,34,4089.649381
32.119863,28,4090.154527
-32.76,31,4092.624679
-44.17,25,4092.976151
-38.1,30,4093.446343
-38.43,35,4094.026196
-41.51,26,4094.467282
-45.0,22,4094.877062
-36.0,25,4095.356909
-44.62,26,4095.849467
-43.73,20,4096.269995
-32.56,32,4096.91012
-35.5,32,4097.60728
32.513889,33,4098.285827
-43.7,28,4098.869771
-38.43,22,4099.381227
-44.58,15,4099.849082
-35.21,33,4100.497214
-35.48,29,4101.026359
-40.27,27,4101.582258
38.188654,28,4102.088646
40.361067,27,4104.753321
-39.0,29,4105.190479
-32.37,42,4105.815089
-45.0,21,4106.255238
32.789883,30,4106.832582
-44.38,31,4107.438363
32.097973,28,4108.032303
-41.86,20,4108.427194
32.621984,29,4109.042714
-41.14,23,4109.525467
-38.24,38,4110.393833
-40.44,25,4110.959139
-41.81,31,4111.667507
-41.2,23,4112.096703
-44.07,21,4112.454929
-41.9,22,4112.853652
-35.06,43,4113.660913
-40.4,25,4114.167285
-38.62,20,4114.588786
36.0,31,4117.094489
-38.57,24,4117.437412
-38.56,29,4117.809602
-41.83,23,4118.117482
32.914894,33,4118.643334
37.187962,33,4119.248499
47.003876,20,4119.559433
-39.0,26,4120.039045
-32.43,41,4120.811092
32.125926,35,4121.403046
-44.68,18,4121.751494
-44.53,32,4122.324252
-41.24,28,4123.204198
32.080769,35,4124.006659
-36.0,35,4124.639396
-36.0,35,4125.301554
-41.53,21,4125.704306
-32.08,30,4128.407693
-41.76,21,4128.702418
38.20743,31,4129.152364
-44.73,23,4129.477192
-41.49,17,4129.684196
-36.0,28,4130.017449
37.131212,49,4131.073347
-32.83,32,4131.68347
39.0,33,4132.308771
-36.0,20,4132.666972
-44.05,26,4133.14925
-35.72,26,4133.607391
-44.07,27,4134.105096
-35.01,28,4134.690132
-38.24,23,4135.157108
38.361217,25,4135.615989
32.902778,36,4136.281662
32.753521,29,4136.8552
32.59322,43,4139.93886
-35.16,34,4140.392928
-41.73,24,4140.710924
-32.01,50,4141.43538
-33.0,51,4142.222375
-45.78,24,4142.621053
-36.0,30,4143.164006
-38.14,29,4143.690695
-41.18,37,4144.439921
-41.37,28,4144.948592
-35.56,28,4145.455733
-41.61,24,4145.717076
-33.0,26,4146.146177
-44.32,34,4146.779055
-41.69,25,4147.273306
-41.08,23,4147.722999
35.520295,28,4150.328204
-42.0,18,4150.683561
-44.65,42,4151.431387
35.165468,29,4151.781931
-35.63,26,4152.124129
-32.33,28,4152.743705
-41.44,25,4153.1304
-32.76,31,4153.615502
-39.37,33,4154.228909
-35.46,28,4154.856342
-41.12,20,4155.353453
-38.65,24,4155.91109
-32.88,26,4156.604516
-38.88,36,4157.313339
-35.76,30,4158.452091
-33.0,35,4159.100715
-38.28,41,4159.943778
32.235495,26,4160.518007
-47.17,17,4163.347669
-33.81,55,4164.321703
-34.64,23,4164.694622
-38.46,26,4165.102384
-32.23,25,4165.467551
-35.49,25,4166.026455
-35.36,52,4166.859618
-35.2,25,4167.314314
-33.0,32,4167.98658
-38.43,22,4168.481481
-32.74,26,4169.095286
-38.61,35,4169.874623
-34.88,30,4170.5007
-35.72,27,4171.027342
-43.58,23,4171.467186
-38.36,26,4171.941024
-38.02,26,4172.399569
-41.17,28,4175.072491
-43.62,28,4175.621041
-39.0,35,4176.229074
38.099631,28,4176.697869
-32.58,26,4177.191338
-41.02,20,4177.498903
-41.39,34,4178.015388
-35.23,26,4178.590717
-42.0,20,4178.928672
44.284884,17,4179.256265
32.441948,28,4179.855983
-36.85,28,4180.514939
32.696,35,4181.459866
-47.48,39,4182.244862
-41.1,25,4182.933575
-35.83,26,4183.428102
-41.28,23,4184.074703
-45.0,21,4184.490773
-35.72,26,4184.97201
-35.09,29,4187.742251
-44.34,18,4188.146256
-33.0,55,4189.263511
-38.7,23,4189.653531
-32.06,33,4190.183032
-43.78,28,4190.57878
-33.0,29,4191.016656
-41.64,25,4191.378665
-44.27,23,4191.738023
-36.0,30,4192.186036
-39.0,28,4192.653929
-42.0,25,4193.107302
-42.0,29,4193.652342
32.462766,33,4194.2789
-35.43,25,4194.732869
34.659722,30,4195.308363
-38.1,26,4195.804718
-38.03,21,4196.17893
-30.0,28,4198.833292
32.293436,31,4199.526958
-33.0,28,4200.199632
-32.26,27,4200.743702
-41.13,22,4201.196152
-43.68,27,4201.757956
-42.0,31,4202.348054
32.836364,39,4202.942048
41.148148,19,4203.281995
-38.29,32,4203.758145
32.645522,26,4204.19214
-38.47,32,4204.745273
-32.23,33,4205.443924
-32.26,33,4206.220646
-36.0,38,4207.190502
-38.52,24,4207.694936
32.049242,28,4208.614721
35.359736,25,4209.101123
-46.46,20,4211.768584
-33.0,28,4212.311936
-44.81,15,4212.564013
-32.36,35,4213.206913
-41.76,23,4213.636133
-42.0,22,4213.961995
38.551724,20,4214.311427
-35.88,25,4214.705209
33.0,32,4215.659498
34.353469,24,4216.056321
-37.58,36,4216.584925
-35.84,51,4217.378387
-35.55,38,4218.170101
-38.16,27,4218.658109
-41.56,21,4219.283912
-44.44,21,4219.738478
-35.5,42,4220.49267
32.917266,34,4221.170359
36.742742,32,4224.047519
-35.93,26,4224.539571
-38.36,31,4225.001267
-35.29,34,4225.5765
-39.0,24,4225.960831
32.575658,30,4226.448941
34.541361,29,4226.947867
-42.0,35,4227.48719
-32.91,32,4227.980981
-35.34,22,4228.282786
-36.0,37,4228.854663
32.359684,36,4229.480888
-39.0,24,4230.161452
-41.5,33,4230.785286
-45.0,20,4231.149517
-38.31,36,4231.915456
36.0,27,4232.391008
-44.13,19,4235.140486
-44.06,26,4235.629382
-47.5,16,4235.923274
-40.93,23,4236.301436
-43.66,23,4236.649803
-41.34,27,4237.137584
-40.74,25,4237.727868
-38.58,28,4238.220926
-35.6,33,4238.773851
-35.16,31,4239.379704
-41.71,38,4240.071939
34.320382,29,4240.608929
-37.57,31,4241.085218
-38.04,29,4241.5669
-35.12,36,4242.241436
-32.65,55,4243.753807
-35.17,26,4244.248343
32.211896,31,4244.815181
42.948479,24,4247.658442
-45.0,25,4248.214388
-41.21,27,4248.805916
-39.0,21,4249.84445
-35.2,27,4250.402233
-33.0,28,4250.872713
-41.45,24,4251.193503
-41.66,27,4251.529663
-40.74,26,4251.947454
32.447552,30,4252.518589
-34.66,46,4253.336895
34.686207,30,4254.041973
-41.76,23,4254.547356
-38.64,24,4255.057793
35.582524,23,4255.473001
-40.51,28,4256.019695
-33.0,25,4256.471854
-38.22,33,4257.131223
-32.42,34,4260.227725
35.218121,26,4260.72892
-38.62,29,4261.43549
-34.71,23,4261.900737
-35.4,27,4262.370668
-41.5,23,4262.757995
-38.87,29,4263.232317
-35.83,28,4263.679937
35.713793,25,4264.078097
29.750973,63,4265.50544
-41.4,21,4265.948667
40.855649,22,4266.736332
-45.0,23,4267.220629
-43.97,23,4267.642003
-38.46,34,4268.280452
-38.31,41,4269.021898
-33.0,28,4269.519228
-32.6,29,4270.14369
-35.26,32,4273.038277
-41.2,26,4273.591846
-41.3,24,4274.024797
-35.55,29,4274.487651
-34.54,27,4274.904498
-38.84,25,4275.37231
-38.81,31,4275.997226
-36.0,41,4276.714464
-40.61,24,4277.186032
34.688036,35,4278.035233
32.508108,25,4278.624371
35.216245,28,4279.206457
-38.26,24,4279.65171
-35.35,27,4280.109534
-38.37,26,4280.495981
-35.94,42,4281.405825
-32.22,30,4281.949847
35.348592,25,4282.373322
36.0,25,4285.339118
-32.33,31,4286.007719
-42.72,37,4286.670465
35.233677,24,4287.122396
35.089494,25,4287.591907
-32.46,41,4288.255427
-32.09,46,4289.242678
-42.0,36,4289.888693
38.048507,24,4290.424461
-32.67,34,4291.026338
-38.23,37,4291.859377
-46.97,21,4292.367585
31.796578,32,4292.970812
-32.33,31,4293.82442
-38.63,28,4294.406654
-44.6,20,4294.755957
-33.0,37,4297.553567
32.665529,34,4298.22733
35.169139,28,4298.744576
-35.47,21,4299.15331
-38.56,24,4299.55649
-41.99,25,4299.942997
-31.92,27,4300.37699
-33.0,27,4300.780532
-31.61,24,4301.155013
-41.11,21,4301.489658
32.127413,31,4301.971464
38.089431,31,4302.434927
-41.03,19,4302.725729
-38.84,27,4303.130771
32.246269,31,4303.589316
-42.0,22,4303.989104
35.328358,33,4304.595862
-38.06,28,4306.133629
-32.38,24,4306.645069
35.733871,20,4309.13841
-41.39,24,4309.615155
-39.0,23,4310.010448
-32.86,32,4310.682764
-47.16,14,4310.974168
-39.0,29,4311.568178
-44.47,20,4311.897747
32.362069,35,4312.552421
-41.81,24,4312.93949
32.120301,31,4313.955525
40.880037,22,4314.276238
-45.37,26,4314.666094
-42.0,31,4315.128525
-41.18,23,4315.491748
-32.08,29,4316.030802
-32.86,28,4316.556599
-40.96,22,4316.96778
-44.21,25,4317.57925
37.880523,23,4317.988666
-38.27,27,4318.474001
-42.0,23,4321.044318
-37.85,30,4321.687628
-36.0,27,4322.220807
-41.84,32,4322.884564
35.012146,23,4323.222571
-32.67,35,4323.775682
34.454508,28,4324.222399
35.291498,25,4324.609473
-32.58,29,4325.120322
-44.13,29,4325.684931
-36.0,27,4326.077332
32.124242,31,4326.521841
40.473958,25,4326.89646
-41.38,24,4327.322365
32.426282,26,4327.845479
-32.29,29,4328.508667
34.424795,29,4329.080548
-41.13,22,4329.556226
35.025735,32,4330.259876
39.711924,28,4333.3558
-41.3,26,4333.906991
-35.69,31,4334.505702
33.0,29,4334.9829
35.18315,25,4335.363973
35.291498,27,4335.875353
-41.58,31,4336.394631
-37.84,26,4336.840591
-35.39,26,4337.361
33.767386,30,4337.922905
32.21875,30,4338.446099
-38.13,26,4338.888749
-41.73,23,4339.270131
-41.46,34,4339.79313
-39.0,28,4340.185738
-40.69,42,4341.007756
-32.12,30,4341.545062
-35.56,23,4342.002053
-38.66,36,4345.023132
-38.86,27,4345.606801
-38.56,39,4347.048467
-38.22,36,4347.583617
-34.97,30,4348.09693
-39.0,30,4348.693279
-35.19,26,4349.182498
-45.0,35,4349.795246
-32.66,29,4350.291695
-34.54,29,4350.754721
-43.84,32,4351.219094
-36.0,22,4351.568129
-32.64,33,4352.058654
-41.8,28,4352.519868
-35.59,32,4353.072767
-44.47,22,4353.487005
-41.63,34,4356.666663
-32.76,38,4357.555175
32.098039,32,4358.152533
-42.82,43,4359.063578
-35.59,31,4359.622831
-35.56,34,4360.157888
-38.21,29,4360.632098
-38.03,24,4361.054446
-33.0,26,4361.635717
32.097744,35,4362.2799
-35.46,25,4363.012831
-32.5,32,4363.456378
32.716981,31,4363.942906
-41.57,37,4364.504074
32.690402,26,4364.867337
-43.61,23,4365.30065
-34.22,23,4365.71746
-36.0,28,4368.484535
-39.0,19,4368.890917
-38.74,22,4369.313429
-42.64,29,4369.926367
35.318519,24,4370.493387
-38.0,25,4370.881433
-38.2,28,4371.341862
32.095611,43,4372.027329
38.137363,27,4372.476909
32.563025,36,4373.345789
35.900735,31,4373.902353
-41.39,63,4375.036545
-39.0,25,4375.467465
-35.18,30,4375.906576
-41.74,27,4376.340081
-35.05,24,4376.693161
34.446525,26,4377.165295
-32.36,29,4379.71146
-37.87,29,4380.242761
32.459016,32,4380.872307
37.945728,25,4381.322962
-38.27,35,4381.912841
-35.51,34,4382.501224
-37.69,26,4382.921393
35.75,34,4383.615829
-39.0,23,4384.089805
-37.52,61,4385.232458
32.43932,31,4385.912749
-39.0,31,4386.421671
-47.19,22,4386.896162
-41.35,25,4387.341457
-36.0,28,4387.757791
-41.0,23,4388.103797
-40.89,25,4388.500004
38.027129,24,4388.950354
-37.7,27,4391.595177
-38.31,23,4392.04737
-41.15,29,4392.370795
-40.86,27,4392.906706
-41.13,26,4393.304231
32.477099,40,4393.943421
-38.24,35,4394.51565
-38.13,32,4395.567706
-37.97,27,4396.060617
-43.04,89,4398.136274
-38.36,30,4398.613775
-41.82,45,4399.274253
-43.51,25,4399.678843
36.0,24,4400.043707
-38.97,34,4402.650401
-41.68,21,4403.035013
40.629091,24,4403.45203
-44.16,20,4403.83891
32.643636,30,4404.345824
-35.09,31,4405.361159
-41.14,20,4405.672325
-35.6,34,4406.276938
-32.28,35,4406.928326
-35.24,46,4407.882517
-35.55,31,4408.567058
37.383441,31,4409.219516
-32.53,27,4409.838267
-41.97,20,4410.23214
-43.84,16,4410.602633
-32.65,32,4411.171257
-38.02,24,4411.530799
-32.77,33,4412.068514
-39.0,25,4412.50521
-35.27,34,4415.224991
-40.97,26,4415.699848
-35.07,27,4416.103721
-38.47,29,4416.580601
-38.19,28,4417.02665
-33.0,34,4417.587395
-41.18,24,4418.01847
-32.95,32,4418.687056
-38.24,24,4419.177858
-32.75,63,4420.551121
-45.75,19,4420.993232
-38.2,35,4421.732567
-44.53,16,4422.155433
34.605114,26,4422.716944
-38.8,25,4423.207544
-42.0,21,4423.684637
-41.77,26,4424.080961
32.813793,39,4426.882864
-35.52,32,4427.461063
-39.0,27,4427.923894
-37.43,37,4428.514647
-44.73,24,4428.894809
35.5,49,4429.714943
32.902527,31,4430.32698
-42.0,20,4430.753632
-39.0,26,4431.298927
-31.83,49,4432.355719
-40.84,24,4432.827376
-37.34,29,4433.410123
-41.6,23,4433.830763
36.0,33,4434.452967
-38.36,19,4434.840683
32.51711,33,4435.424125
32.067729,33,4435.999021
32.137931,24,4438.82076
32.146067,34,4439.481957
-44.37,27,4439.903379
-35.61,30,4440.401044
-37.75,29,4440.876427
-38.13,33,4441.406011
-43.93,20,4441.728097
-41.18,21,4442.130837
-41.21,28,4442.636203
-32.76,34,4443.290516
-35.45,31,4444.594046
-44.6,24,4445.018521
-38.92,27,4445.537887
-40.07,32,4446.132185
-38.97,31,4446.685843
-38.27,33,4447.257021
-44.66,20,4447.554848
41.409774,25,4447.935641
35.624549,28,4450.670643
-38.55,25,4451.197565
-41.14,25,4451.753852
-32.19,29,4452.276506
-38.81,30,4452.808736
-32.78,31,4453.381015
-36.0,23,4453.886508
-44.36,20,4454.319591
-41.89,30,4454.947153
-32.81,31,4455.592964
-38.18,27,4456.104131
-35.3,30,4456.641303
35.612903,31,4457.192841
-38.67,28,4457.72548
-38.57,25,4458.245441
-35.58,33,4458.874829
-40.88,30,4459.428944
-35.06,32,4460.017396
-35.08,26,4460.38632
-38.56,39,4462.95799
32.604938,28,4463.418733
39.0,33,4463.930393
35.406844,24,4464.317309
-32.62,44,4465.02964
-37.31,28,4465.527983
-38.34,21,4465.982844
-41.91,21,4466.399229
36.0,26,4466.862087
-43.31,34,4467.527527
-44.16,29,4468.033234
-38.62,23,4468.453012
-42.0,30,4469.033746
-38.74,34,4469.677889
-34.95,30,4470.255264
39.795737,24,4470.707086
-31.51,33,4471.26829
-41.83,25,4473.550356
33.0,36,4474.211193
-38.11,25,4474.592508
-44.65,23,4474.985725
-35.9,33,4475.722396
-44.85,26,4476.142983
-37.83,26,4476.754859
-38.9,36,4477.431846
-41.82,24,4477.877448
-36.0,31,4478.450811
34.790854,33,4479.033911
-34.65,47,4479.928616
-34.56,30,4480.511972
-38.6,34,4481.115771
-44.16,25,4481.610295
-39.0,20,4481.984186
-38.71,28,4482.47359
-46.23,27,4484.885951
-41.28,23,4485.206256
-38.77,25,4485.643151
33.0,29,4486.094026
-37.62,27,4486.566607
-36.0,23,4486.95298
-33.0,30,4487.40766
-38.91,25,4487.812685
-43.96,34,4488.461362
33.0,24,4488.876991
-44.68,21,4489.247016
33.0,30,4489.775813
-32.11,27,4490.25112
37.660221,28,4490.801593
-44.29,17,4491.116228
-39.0,34,4491.731667
34.507722,27,4492.201796
-35.04,36,4492.844476
-35.71,28,4493.802164
-42.0,22,4494.216829
-37.93,34,4496.731019
-35.17,29,4497.218349
-44.2,21,4497.548491
-44.33,30,4498.054461
-35.55,28,4498.487777
-42.0,21,4498.821153
-42.0,20,4499.18717
-32.31,40,4499.926625
-32.72,29,4500.474746
-36.0,28,4501.140306
-41.1,30,4501.528014
35.110029,31,4502.017422
-40.33,28,4502.62003
-35.61,25,4503.103563
32.009934,25,4503.557399
-32.42,26,4504.07073
-41.89,30,4504.677814
35.70318,25,4505.188711
-41.8,32,4507.875487
-38.65,26,4508.182983
-32.66,27,4508.601473
33.0,28,4509.000195
-40.45,24,4509.323668
-32.84,34,4509.839697
-32.49,32,4510.34078
-32.33,31,4510.850432
-38.06,26,4511.299237
-31.57,30,4511.861038
-44.36,43,4512.664452
32.173432,29,4513.169379
-36.0,34,4513.822655
40.653614,25,4514.262104
-44.67,50,4515.163744
-41.84,23,4515.587136
-40.96,24,4516.050585
-44.85,19,4518.557077
38.582031,22,4518.970406
-38.73,41,4519.668548
34.83301,33,4520.171313
-44.27,19,4520.475491
-32.53,31,4520.903032
-40.96,27,4521.313977
-38.2,28,4521.726404
-33.0,36,4522.322014
-32.14,33,4522.941687
-42.0,19,4523.301862
-35.19,28,4523.805032
-38.43,29,4524.340729
-42.0,26,4524.805738
38.97651,30,4525.427952
32.22,39,4526.29103
-32.61,26,4526.97888
-32.22,33,4527.889088
-35.19,28,4530.529334
-44.33,30,4531.135127
32.771863,33,4531.73543
-32.27,24,4532.103242
-38.65,45,4532.705083
-38.17,29,4533.078857
38.270992,27,4533.44164
-39.0,24,4533.794704
-36.0,28,4534.253369
-38.54,27,4534.789154
32.126354,33,4535.41488
35.587361,28,4535.944813
-35.8,28,4536.455933
38.330769,22,4536.861671
-41.37,20,4537.233141
35.042553,28,4537.743356
-47.56,18,4538.100713
-41.82,24,4538.557708
-35.88,27,4541.180041
-37.99,28,4541.726375
-35.56,31,4542.174505
37.114566,24,4542.41551
-35.56,26,4542.726535
-44.21,19,4543.106544
37.511407,24,4543.558827
-41.32,33,4544.147973
-35.82,27,4544.597759
-36.0,25,4545.041807
-39.0,20,4545.375348
-38.13,30,4545.899891
-37.36,24,4546.315133
-38.66,21,4546.7249
-32.53,27,4547.249975
-40.85,32,4547.819574
32.417197,41,4548.598368
32.052434,29,4549.683264
37.896893,26,4550.167832
-32.36,28,4552.784431
-38.79,29,4553.556511
32.507463,38,4554.480681
-35.03,26,4554.986702
-38.32,26,4555.501927
37.719911,24,4555.917144
-39.0,30,4556.421794
-39.0,25,4556.808517
-32.71,25,4557.120391
-35.32,34,4557.6733
-40.53,27,4558.182563
38.586331,28,4558.690277
-39.0,22,4559.146379
-39.0,36,4559.805959
35.572917,24,4560.286543
-32.91,27,4560.835827
-42.0,24,4561.339943
-42.0,21,4561.802744
-42.0,23,4562.385447
-44.27,31,4565.060112
-44.82,35,4565.750573
32.352727,30,4566.328927
-38.83,33,4566.97091
-42.0,22,4567.388868
-35.72,28,4567.853251
-32.41,26,4568.245956
32.903061,28,4568.671079
-44.66,22,4568.967815
-35.78,23,4569.289569
-38.31,28,4569.657445
-44.86,22,4570.004452
37.669866,33,4570.484883
35.117264,42,4571.160671
-41.32,28,4571.677085
-45.0,25,4572.140197
-33.0,31,4572.714769
-39.0,36,4575.758641
-40.75,23,4576.194236
-38.68,25,4576.628764
-39.0,23,4577.060135
30.0,29,4577.595918
-32.75,44,4578.424991
-32.14,30,4579.038308
32.286207,44,4580.157918
-35.15,31,4580.94051
-41.91,29,4581.462241
-41.75,22,4581.80304
-43.62,29,4582.288165
-44.81,23,4582.696769
32.513308,30,4583.21726
-41.19,24,4583.565862
-32.31,33,4584.16144
-38.11,21,4584.552657
-35.63,26,4584.999943
41.072243,21,4585.375418
-37.97,38,4588.672496
-41.14,19,4589.043891
-38.3,34,4589.69118
-38.03,32,4590.33741
-35.28,33,4591.020712
-40.2,24,4591.863051
-38.9,27,4592.364919
38.242553,28,4592.90812
-43.87,22,4593.26644
-35.53,22,4593.663976
-37.39,27,4594.102259
-39.0,31,4594.568211
32.062992,37,4595.122799
34.735,55,4595.947723
37.39663,31,4596.521804
-38.81,29,4597.108717
-35.49,27,4600.052039
-35.07,28,4600.583819
-35.78,27,4601.082818
32.400662,31,4601.663381
32.472393,28,4602.214542
-41.36,21,4602.620362
-32.43,31,4603.17932
-35.47,33,4603.792564
-41.72,21,4604.203614
-35.53,30,4604.832998
38.323849,33,4605.511829
35.55298,33,4606.159352
-34.84,25,4606.773125
-35.61,31,4607.239782
-41.1,25,4607.564088
-44.52,25,4608.436415
-41.59,21,4608.887633
-35.75,30,4609.427296
32.124555,28,4609.983707
33.0,28,4612.740007
-37.72,32,4613.430978
-35.29,31,4614.089059
-42.0,29,4614.729206
-31.69,44,4615.634247
34.457421,26,4616.115325
37.78613,25,4616.599977
-41.67,39,4617.307279
-38.35,34,4617.848408
32.22069,39,4618.492071
-32.7,27,4618.969174
41.124555,24,4619.407384
-33.0,38,4620.077509
-39.0,23,4620.452842
-35.51,26,4620.949244
-38.57,27,4621.442186
-35.44,31,4624.662451
-36.0,29,4625.202415
35.185461,34,4625.795578
32.092593,50,4626.785521
-38.48,41,4627.548009
-39.0,25,4627.960098
-40.88,26,4628.362712
-35.15,23,4628.726746
-35.28,26,4629.168472
-35.65,25,4629.605404
-35.65,29,4630.252185
-43.58,23,4630.70839
-41.43,30,4631.23184
-32.12,32,4631.725515
-45.0,24,4632.239769
-41.19,36,4633.01358
-35.71,26,4633.573071
-35.27,31,4634.571184
-44.16,24,4637.359686
-40.19,20,4637.754116
-38.18,25,4638.339144
-35.75,24,4638.907995
-38.47,32,4639.645478
-42.88,24,4640.267484
-44.07,27,4640.816143
-44.85,19,4641.121538
-41.43,18,4641.420184
-35.07,28,4641.942102
-35.24,26,4642.379785
-38.18,28,4642.884855
-45.0,26,4643.444387
33.0,30,4643.989988
-39.0,26,4644.370112
-43.95,26,4644.774733
-32.51,24,4645.165528
-42.0,23,4645.533293
-32.17,29,4645.975257
-38.34,26,4646.376565
-44.85,20,4648.75371
-41.57,24,4649.196155
-39.0,23,4649.61753
-41.27,19,4649.984194
-35.21,28,4650.468979
-32.61,31,4651.012526
-41.7,34,4651.567665
-35.88,28,4651.978248
-40.18,24,4652.405551
-41.72,18,4652.849759
32.035135,38,4653.575544
35.711656,26,4654.21689
-37.77,33,4654.897779
35.506849,23,4655.367729
-32.27,37,4655.998003
-32.32,34,4656.549454
37.77829,32,4657.020725
-38.59,30,4657.481044
-42.0,25,4660.01085
-39.0,40,4660.820068
37.538194,20,4661.424791
-32.02,32,4662.057051
35.669091,27,4662.588314
-41.35,19,4662.952816
-38.74,24,4663.40668
-33.0,33,4664.030138
-36.55,134,4666.470764
-35.64,27,4667.155926
43.504153,55,4668.183426
32.214545,30,4668.605803
-32.84,30,4669.084626
34.187412,45,4672.4006
-32.36,36,4673.019644
-39.71,26,4673.48251
-35.4,43,4674.265239
-38.62,24,4674.70594
-44.22,20,4675.099042
-36.0,31,4675.571514
32.569231,30,4676.032247
-35.5,25,4676.439734
-42.0,32,4676.940472
-35.84,27,4677.392577
40.424972,24,4677.92723
-44.88,29,4678.55479
37.597769,21,4678.961772
-38.28,33,4679.791927
-41.57,22,4680.201823
-35.1,32,4680.667411
38.621094,52,4683.566607
-41.7,21,4684.002043
-38.11,22,4684.406893
-35.58,27,4684.899145
-41.43,24,4685.392946
-32.67,29,4686.004201
36.0,22,4686.386184
34.345418,42,4687.302493
32.156352,38,4687.857478
-35.06,29,4688.566766
-35.63,24,4689.024812
32.75463,35,4689.651147
-44.12,19,4690.084232
33.0,33,4690.790728
-41.19,19,4691.149641
-42.0,21,4691.520227
-35.33,35,4692.152062
-38.48,25,4692.506959
-37.21,32,4692.999402
-41.46,22,4695.199106
-33.0,35,4695.770698
-32.16,30,4696.318232
-39.0,27,4696.802079
-41.1,49,4697.701829
-34.86,25,4698.158318
-39.0,24,4698.585295
-38.68,33,4699.073221
-33.0,29,4699.514216
-32.55,35,4700.037647
-35.96,29,4700.634055
-38.4,27,4701.242149
-41.06,43,4702.554959
-40.68,21,4702.938979
35.007168,35,4703.566161
-32.01,49,4704.289325
34.465661,30,4706.685212
-32.39,34,4707.363811
-35.27,28,4707.92362
-38.91,23,4708.3401
32.818792,34,4708.915711
34.757627,29,4709.421207
-35.53,24,4709.783382
32.616725,27,4710.217794
-35.44,24,4710.670918
-32.41,29,4711.119065
-35.68,27,4711.614173
-44.04,31,4712.164836
-38.44,23,4712.923377
-35.41,31,4713.945503
32.023438,37,4714.700691
-35.34,32,4715.324342
-35.26,26,4715.865656
-43.3,27,4716.360909
-32.37,30,4718.940497
35.597561,34,4719.632102
-39.0,21,4720.047953
-32.11,27,4720.618265
-33.0,31,4721.272421
-38.05,22,4721.702172
-33.0,31,4722.319882
35.136187,22,4722.685674
-46.33,31,4723.247506
-38.11,35,4724.089106
-41.81,22,4724.569264
-41.37,21,4725.091665
-43.28,17,4725.424348
-42.0,18,4725.737551
-42.0,26,4726.268249
-41.86,23,4726.746416
-35.38,35,4727.393226
33.0,28,4727.934943
-46.77,19,4728.302958
-35.38,107,4732.046165
-40.86,35,4732.723014
-35.34,28,4733.229974
-38.9,30,4733.691261
32.342282,30,4734.185739
33.0,28,4734.621173
-41.26,34,4735.162103
-41.42,26,4735.62546
-38.86,29,4736.110175
-38.55,24,4736.575276
-35.27,27,4737.089233
-38.64,23,4737.561229
-37.97,29,4738.167184
-36.0,27,4738.93921
-34.51,34,4739.730938
-38.08,25,4742.191901
-38.06,26,4742.584802
-36.0,21,4743.005279
35.804255,21,4743.523962
-47.25,21,4744.00558
-43.32,18,4744.447068
-35.9,25,4744.979347
-35.6,40,4745.643172
-35.71,28,4746.170719
37.253946,30,4746.714556
32.977778,53,4747.698624
-38.52,21,4748.059788
-43.35,22,4748.513981
37.641844,22,4748.916317
-44.15,23,4749.380965
-38.21,21,4749.774344
-36.77,27,4750.302017
-38.49,26,4750.768634
-41.93,26,4751.327435
-32.9,25,4751.826385
35.07874,37,4754.41713
-32.6,30,4755.142296
32.608365,30,4755.684011
-38.75,27,4756.185975
-38.68,22,4756.56426
37.646427,36,4757.086713
-41.5,34,4757.538331
-41.98,36,4758.614238
-39.0,28,4759.172392
-36.0,27,4759.689771
-41.19,28,4760.188818
-38.4,23,4760.701309
-35.53,34,4761.349427
-34.82,32,4762.160544
-38.1,23,4762.713561
-37.77,32,4763.380206
-39.0,27,4763.879112
-41.28,22,4766.67637
-39.0,20,4766.968817
-41.26,27,4767.579979
32.296748,31,4768.098752
-38.59,25,4768.477764
34.842653,35,4769.019055
-41.54,20,4769.351019
-32.8,24,4769.73395
-41.59,20,4770.203188
-39.95,35,4770.873587
-41.1,20,4771.229895
-35.18,28,4771.756071
-46.51,29,4772.258644
35.476378,24,4772.681217
-41.3,29,4773.195307
-33.0,45,4774.048156
-36.77,28,4774.54748
-44.42,19,4774.904023
32.901709,29,4775.395692
-38.17,23,4775.9346
-39.0,24,4779.243117
-33.0,31,4779.786451
-35.35,30,4780.351127
-35.07,25,4780.741371
-38.02,21,4781.263008
41.061776,19,4781.687091
-38.4,29,4782.21773
-39.0,35,4782.846213
-33.0,32,4783.434539
32.90146,51,4784.397731
32.724014,24,4784.952692
-34.89,48,4785.959641
35.912214,25,4786.478193
32.701571,29,4787.16522
-38.04,29,4787.879414
-38.53,21,4788.264884
-35.17,34,4788.99882
32.087948,31,4791.662384
35.248276,33,4792.11763
-32.01,31,4792.530545
-38.38,25,4792.943982
-37.64,24,4793.313141
34.278839,28,4793.9879
35.003663,24,4794.649778
-39.0,24,4795.120328
32.5,30,4795.677938
-32.64,36,4796.328774
37.174279,33,4796.942014
-35.25,31,4797.514398
35.868778,52,4798.476925
36.0,31,4799.056675
-32.67,26,4799.525083
-37.93,29,4800.819818
-44.5,19,4801.166962
35.891608,28,4803.578416
-32.08,35,4804.098862
40.141452,26,4804.431906
-35.71,25,4804.763794
-38.1,25,4805.211413
-32.45,46,4806.090834
-38.58,30,4806.590423
-38.76,26,4807.386343
-40.96,25,4807.855653
-32.39,24,4808.286657
32.075188,31,4808.830953
32.228916,35,4809.499044
32.278146,40,4810.194473
38.460377,21,4810.598285
-36.0,23,4811.000913
-38.15,25,4811.419907
-42.87,25,4811.881982
-32.17,37,4815.267356
-41.81,27,4815.624469
-43.58,25,4815.949423
-37.98,24,4816.28233
38.240964,20,4816.565161
35.672535,48,4817.383996
-38.88,30,4817.938779
-41.45,23,4818.399029
-41.51,25,4818.947057
-35.65,32,4819.674144
-42.0,21,4820.101913
-42.0,21,4820.682874
-41.26,28,4821.167864
-32.63,33,4821.751395
32.675889,30,4822.286734
-41.71,22,4822.691953
-32.93,29,4823.171843
35.325581,53,4824.150956
-38.37,29,4826.685025
33.0,24,4826.996903
-39.0,20,4827.269643
-38.47,28,4827.65981
-44.64,23,4828.007765
-40.91,23,4828.37654
-36.0,25,4828.847332
-35.94,30,4829.460506
-32.14,31,4830.207193
33.0,36,4830.983828
35.610294,32,4831.568679
-42.0,21,4831.974832
38.020833,25,4832.412676
33.0,25,4832.845524
-38.53,24,4833.271887
34.414053,30,4833.838431
-41.89,28,4834.471298
-41.11,39,4835.349025
-41.81,22,4835.812552
-41.54,23,4838.723046
-41.54,24,4839.111986
35.254215,26,4839.458079
32.441781,37,4839.936016
-38.21,25,4840.290996
41.263538,22,4840.597199
-37.71,24,4840.947797
33.0,29,4841.453948
-41.72,22,4841.86356
39.0,24,4842.326821
-41.17,23,4842.746073
-44.82,30,4843.323908
-32.01,50,4844.216695
32.37457,54,4845.205568
38.095833,21,4845.981702
32.483974,35,4846.677654
-43.64,23,4847.142272
-36.0,27,4847.709276
-32.29,30,4850.507215
-35.45,24,4851.003489
-43.79,23,4851.321154
-41.47,39,4851.964424
-41.47,18,4852.241056
39.0,56,4853.070224
-35.85,31,4853.621956
35.5,22,4854.23798
35.902344,26,4854.756728
-35.52,25,4855.234355
-38.22,30,4855.809285
-35.91,29,4856.360174
-36.0,57,4857.416306
-38.11,31,4858.043867
-38.08,22,4858.461721
-36.0,27,4858.960112
-35.89,30,4861.94564
-38.1,21,4862.371565
-41.15,20,4862.671015
-35.4,33,4863.164969
-38.26,21,4863.467936
-35.18,27,4863.824392
32.863636,30,4864.19541
-44.29,19,4864.440767
-47.08,27,4864.839024
31.620401,34,4865.340205
-32.02,33,4866.017635
-35.2,25,4866.616143
34.797552,28,4867.142497
-32.52,29,4867.709909
-32.06,28,4868.281959
-32.73,29,4868.977588
-33.0,34,4870.328376
35.130769,51,4871.267063
-42.0,27,4873.971615
33.0,31,4874.562271
-40.63,37,4875.473445
33.0,29,4876.025433
-42.0,25,4876.685836
-35.91,27,4877.161254
-38.52,23,4877.524687
-41.01,22,4877.874579
-41.43,36,4878.532966
-41.68,23,4878.964772
-35.31,31,4879.537151
35.593496,29,4880.055359
35.52027,27,4880.551238
-41.41,30,4881.19863
32.315068,31,4881.764068
-39.0,34,4882.348739
-42.0,25,4882.784359
-37.6,36,4883.447532
-44.27,25,4885.778924
32.122137,29,4886.287659
-44.1,18,4886.58379
-42.0,28,4887.026199
-34.85,33,4887.458446
-35.9,28,4887.925471
-35.79,32,4888.326182
-38.26,24,4888.652601
-41.3,26,4889.037137
32.100287,33,4889.538487
-38.6,28,4890.044209
41.079522,20,4890.436145
-32.49,28,4891.105982
-41.86,18,4891.532169
-41.76,21,4891.898537
-39.0,75,4893.397224
-32.25,30,4893.940091
-37.63,31,4896.477626
-34.82,29,4897.046044
35.475285,24,4897.45919
-37.78,27,4898.108897
-35.81,29,4898.745411
-41.84,27,4899.077369
35.898507,32,4899.790494
-32.42,36,4900.417265
-38.05,25,4900.780725
-39.0,27,4901.192204
-41.76,18,4901.462319
-41.26,21,4901.787434
-41.02,44,4902.389792
-41.81,28,4902.897095
-39.0,22,4903.342429
-38.27,33,4904.122413
32.421365,28,4904.668001
-41.81,27,4905.161442
-44.88,17,4905.484583
-41.5,19,4907.809275
-41.91,22,4908.204112
-45.0,27,4908.670562
-41.91,23,4909.051774
-41.07,19,4909.408044
-41.1,32,4909.937738
-41.76,24,4910.321585
-45.0,17,4910.590332
-41.18,26,4911.070194
38.551471,21,4911.42232
38.356618,19,4911.696821
30.0,39,4912.382338
-37.79,24,4912.825424
35.692308,27,4913.301232
-38.24,25,4913.750568
38.045161,26,4914.273562
32.186441,50,4915.169851
40.830443,26,4915.782209
35.075556,32,4916.345504
-41.38,33,4919.039095
37.415243,21,4919.417284
32.148148,30,4920.016979
33.0,35,4920.666381
36.0,27,4921.119375
-41.94,23,4921.574772
-44.15,19,4921.866535
-35.25,28,4922.265864
-42.0,25,4922.683983
-35.5,26,4923.11108
-41.08,18,4923.382578
-35.92,98,4925.69664
-38.88,25,4926.159973
35.9,28,4926.671447
37.154155,26,4927.211067
39.0,27,4927.746757
-39.0,30,4928.800426
-37.21,35,4931.35483
-35.29,26,4931.815624
-35.6,50,4932.631967
34.877575,27,4933.175223
-40.57,24,4933.590576
-38.27,28,4934.132004
33.0,27,4934.524223
-44.14,23,4935.630183
-36.0,36,4936.295289
-39.0,25,4936.698252
-35.08,30,4937.216182
-32.87,31,4937.819849
-41.41,24,4938.261948
-44.42,27,4938.856755
-33.0,33,4939.480661
-40.95,29,4940.039271
-35.28,26,4940.514661
-44.81,18,4940.931515
-44.62,26,4943.739706
-35.81,23,4944.15904
-38.01,24,4944.533159
35.32197,26,4945.001414
-40.84,20,4945.351928
-44.03,27,4945.873812
-38.83,27,4946.426395
41.378049,19,4946.818211
-35.74,33,4947.410039
-31.96,30,4948.005769
-35.7,25,4948.388429
-44.85,27,4948.816322
-47.17,21,4949.10856
-32.62,33,4949.693907
-36.0,26,4950.492374
-35.42,29,4951.534526
33.0,36,4952.311293
-41.42,21,4952.87398
-32.35,32,4953.494509
-35.54,31,4956.037459
35.452471,28,4956.492115
-38.33,20,4956.812815
-38.72,29,4957.292539
35.442553,33,4957.798575
-32.09,34,4958.380365
-38.32,24,4958.810216
35.569811,36,4959.425151
32.546012,25,4959.892392
-38.26,28,4960.331953
-41.58,19,4960.615772
-35.74,27,4961.015923
-38.9,22,4961.419442
-41.44,33,4961.992694
-41.5,29,4962.617697
-32.53,33,4963.175081
-41.76,19,4963.669204
-41.14,25,4964.103929
-35.94,23,4964.524558
-39.0,71,4968.142456
-35.57,40,4968.897187
-38.44,25,4969.362756
-39.0,25,4969.796299
-33.0,32,4970.377591
-38.5,25,4970.867838
-38.53,36,4971.440252
36.0,29,4971.905387
-38.58,24,4972.340004
30.0,29,4972.901648
-35.01,31,4973.530646
-41.04,25,4973.966518
-38.85,28,4974.45418
-35.27,21,4974.807255
-40.12,42,4975.551942
39.0,22,4975.989778
35.409938,32,4978.902343
-41.57,20,4979.341824
-38.38,31,4979.938459
-35.91,23,4980.377691
-32.38,26,4980.795079
-41.03,41,4981.601171
-35.24,31,4982.207347
32.546185,29,4982.6993
-32.54,19,4983.153841
-41.32,23,4983.595542
32.2607,29,4984.053067
-35.21,29,4984.627741
-35.56,35,4985.212692
-35.76,32,4985.740793
-32.11,35,4986.452962
-44.04,33,4987.106677
-35.4,24,4987.585985
-37.57,27,4988.156043
-41.88,23,4990.709602
35.382609,24,4991.164601
-44.36,69,4992.564643
-44.93,27,4993.076686
-33.0,23,4993.464025
-33.0,26,4993.862777
-38.92,40,4994.494118
-30.0,26,4995.064315
-38.73,33,4995.632757
32.665116,31,4996.09556
-33.0,32,4996.553238
-32.13,34,4997.058764
32.51004,30,4997.514569
-32.88,28,4997.959504
-33.0,26,4998.486183
-35.32,32,4999.048184
-36.0,28,5001.876749
-35.77,28,5002.549229
-30.0,29,5003.070999
-47.17,15,5003.340627
32.876325,28,5004.25107
-39.0,21,5004.7112
-41.08,18,5005.036824
-41.3,35,5005.736449
30.0,33,5006.388994
-35.22,33,5007.019128
38.183946,30,5007.56474
-44.24,19,5007.941518
-32.5,38,5008.692797
-41.32,25,5009.156629
32.464151,31,5009.709051
32.191142,41,5010.413767
-36.0,27,5010.856539
-38.73,21,5011.300692
-47.98,18,5011.659549
-37.95,35,5014.760881
-38.4,37,5015.346234
-41.47,22,5015.771806
-43.65,24,5016.250314
-38.82,24,5016.562972
-35.54,27,5017.264704
-39.0,24,5017.671229
-42.0,26,5018.080151
47.120968,14,5018.323425
-44.84,93,5020.18976
-41.61,30,5020.822484
-37.89,70,5022.179803
-44.83,20,5022.530098
-39.0,20,5022.839858
-41.62,18,5023.126793
-32.38,35,5023.636979
-38.59,23,5026.227007
-32.46,31,5026.837966
33.0,30,5027.499681
-35.9,25,5027.990108
32.544304,40,5028.802106
35.54321,23,5029.260205
-32.82,30,5029.779116
-35.22,32,5030.293919
-44.76,23,5030.891638
-32.69,31,5031.520008
-41.91,26,5032.083484
36.0,28,5032.962385
41.671827,31,5033.628695
-41.74,19,5033.980722
-35.46,40,5034.585963
-44.08,24,5034.994225
32.393617,33,5035.510108
-44.88,27,5035.898826
-35.54,25,5038.349502
-43.79,34,5038.948729
-47.49,23,5039.364215
-32.94,26,5039.83827
-35.57,29,5040.403247
32.334437,28,5040.898995
38.080997,27,5041.315565
34.065021,25,5041.737905
-34.84,39,5042.355109
33.0,30,5042.871872
-41.61,20,5043.267285
36.0,28,5043.865655
-38.25,24,5044.469933
-41.89,17,5044.860687
-33.0,29,5045.519474
-35.79,33,5046.039375
-33.0,29,5046.484818
38.460967,33,5046.976259
34.719857,29,5049.761162
-41.32,24,5050.321076
38.553903,30,5050.996929
-38.82,24,5051.47432
-41.69,47,5052.663044
-38.81,21,5053.082271
-38.79,24,5053.51102
-41.5,28,5053.975749
-32.01,31,5054.498159
-34.76,30,5054.985306
35.440678,26,5055.437116
-38.47,28,5056.040152
-44.12,26,5056.507049
-44.48,25,5057.125465
-38.21,34,5057.810657
34.842504,36,5058.375175
-35.88,23,5058.802188
-35.45,32,5059.535484
35.528053,36,5062.259049
-34.18,34,5062.922574
32.984436,31,5063.284042
-41.06,27,5063.623903
-35.57,32,5064.193631
-44.39,24,5064.616527
-32.59,28,5065.123356
-35.62,37,5065.66449
-40.8,26,5066.519613
32.690184,34,5067.040271
-35.05,27,5067.442615
-38.64,30,5067.966442
-33.0,38,5068.609764
32.29064,40,5069.337464
-39.0,23,5069.766363
-42.0,23,5070.201158
40.068589,27,5070.587092
-41.34,31,5072.98061
32.403361,32,5073.541627
-32.18,26,5074.046221
-44.12,26,5074.498349
-47.02,26,5074.935444
-32.08,39,5075.820248
32.569892,31,5076.493772
-32.27,24,5076.996031
37.59366,30,5077.51226
-38.67,42,5078.172846
-38.42,22,5078.505214
-35.69,26,5078.953336
-32.3,31,5079.423408
-42.0,21,5079.913569
-41.47,95,5082.113451
33.0,35,5084.717929
-37.67,23,5085.165648
-35.75,38,5085.923875
-32.5,33,5086.689567
-39.0,26,5087.176588
-35.69,25,5087.643523
32.606557,28,5088.134266
-39.0,25,5088.652914
-35.39,24,5089.08555
-36.0,35,5089.615812
37.102888,38,5090.213481
-45.74,23,5090.638793
38.470199,28,5091.090846
-41.47,33,5091.67949
-32.5,29,5092.255751
35.678431,27,5092.772185
35.902985,24,5093.185225
-33.0,26,5093.738487
-35.99,27,5096.212361
-32.1,28,5096.71171
-32.44,29,5097.234227
-36.0,28,5097.811588
-38.24,26,5098.304015
-39.0,25,5098.604873
32.29368,32,5099.055384
-32.73,26,5099.541698
-41.54,22,5099.986857
-38.1,38,5100.720722
-34.74,32,5101.290601
-36.0,29,5101.728022
-35.29,35,5102.254015
-38.2,30,5102.749628
-35.76,38,5103.391817
-44.01,27,5103.89981
-38.33,23,5104.368807
-35.22,34,5106.88571
-41.7,26,5107.295818
-38.38,22,5107.617649
-41.22,28,5108.088113
-38.09,36,5108.862345
40.48931,25,5109.362736
37.567837,30,5109.888402
-32.35,29,5110.402857
-38.53,23,5110.830661
41.560606,59,5112.020077
-35.94,29,5112.483728
-35.91,64,5113.368663
-38.63,23,5113.705948
-38.55,27,5116.737484
-38.2,26,5118.336884
35.321839,31,5119.003275
-35.78,32,5121.886132
38.713235,28,5122.302259
32.372093,30,5122.764514
-39.71,23,5123.117309
-32.64,29,5123.608644
-32.71,52,5124.618206
-32.45,34,5125.31279
32.954373,42,5126.142637
-42.0,33,5126.752897
-38.31,31,5127.292457
-35.98,30,5127.782074
42.0,21,5128.113358
36.0,24,5128.529553
-32.76,29,5128.961931
-35.48,37,5129.715398
-38.11,31,5130.306916
-38.66,27,5130.837647
32.285199,39,5133.550917
-35.61,33,5133.991805
-35.01,31,5134.481692
-42.0,21,5134.858585
-35.12,28,5135.372843
32.286325,26,5135.883752
-32.35,27,5136.384683
32.833333,28,5137.022955
-42.0,19,5137.491896
-38.14,29,5138.042138
-38.08,27,5138.529879
-38.25,22,5138.863098
-32.19,22,5139.222639
-38.06,24,5139.605231
-32.2,34,5140.179787
-35.13,33,5140.804854
-41.26,25,5141.547815
38.166163,23,5142.704103
-41.48,19,5143.073302
-35.42,23,5145.535542
-35.15,30,5146.001349
-40.8,27,5146.409298
-32.01,31,5146.903884
35.06383,28,5147.444431
-38.88,32,5148.104533
-32.38,32,5148.836662
-35.08,23,5149.249905
-35.91,23,5149.596234
44.706897,15,5149.859012
-38.45,35,5150.397214
-38.25,40,5151.015554
-32.44,30,5151.491246
-38.81,21,5151.886858
-38.84,26,5152.372172
-36.0,24,5152.85073
-44.21,31,5153.46035
32.614232,29,5154.022306
-37.77,28,5156.532905
41.174377,26,5156.924896
-38.86,31,5157.457065
35.524715,24,5157.875551
-32.2,32,5158.363353
-39.0,18,5158.624152
-41.14,44,5159.493679
-45.0,27,5160.101334
32.396154,32,5160.656592
-41.17,22,5161.000255
-35.81,35,5161.558324
-39.0,30,5162.035015
-32.75,27,5162.48046
-35.38,23,5162.969069
-36.0,32,5163.923625
-35.77,34,5164.649544
-39.0,28,5165.18952
-41.5,22,5165.67185
-42.84,22,5168.17622
-40.84,24,5168.574053
38.011407,20,5168.855051
32.017241,35,5169.300643
-42.0,23,5169.553694
-34.75,25,5169.814869
35.875502,27,5170.18998
-41.37,39,5170.821271
-47.98,26,5171.260889
-44.74,24,5171.691015
-38.37,31,5172.251128
-38.17,29,5172.727869
-41.36,19,5173.005375
-36.0,25,5173.400518
-44.36,22,5173.734774
35.733813,26,5174.132394
-43.66,36,5174.67539
38.02974,28,5175.186503
-38.33,27,5175.684107
32.261324,35,5178.268124
35.219231,24,5178.675976
33.0,31,5179.193951
-32.77,32,5179.670045
35.342282,26,5180.595648
38.230769,22,5180.956969
-35.88,32,5181.530235
-41.16,21,5181.905733
35.505495,34,5182.497584
-38.87,25,5182.952943
-44.18,24,5183.380496
-42.98,32,5183.872739
-32.58,32,5184.346703
-41.14,27,5184.767608
-38.81,21,5185.08346
32.029304,38,5185.656662
-35.38,32,5186.206669
32.745247,27,5186.796921
-38.11,22,5189.180132
-42.0,22,5189.568875
36.0,24,5189.89336
35.654206,27,5190.268026
-32.17,33,5190.729272
-35.41,29,5191.167367
-39.67,27,5191.523671
-39.0,24,5192.069363
-44.72,26,5192.576916
-35.88,110,5194.427797
32.422053,32,5194.929843
35.226054,28,5195.341682
38.10084,21,5195.681684
-41.21,24,5196.054645
-35.26,29,5196.962567
33.0,23,5197.385803
-32.75,34,5199.971422
-34.62,34,5200.475759
-42.0,20,5200.801246
-38.45,25,5201.153337
-45.48,39,5201.689987
-33.0,28,5202.10645
36.0,29,5202.647047
-35.78,28,5203.148319
-48.0,16,5203.438001
-36.0,72,5204.618893
-44.21,27,5205.054333
32.422481,51,5205.814059
-38.08,23,5206.120152
-44.18,24,5206.481066
-40.47,23,5206.826084
-41.87,24,5207.266812
39.0,32,5208.764655
-35.37,30,5211.358564
-32.51,41,5212.113561
-35.5,29,5212.581296
-32.68,37,5213.457367
-35.23,31,5213.93191
-41.8,23,5214.332047
-40.78,37,5214.970074
-38.15,28,5215.413424
-35.59,29,5215.858388
-35.43,36,5216.373538
-35.9,27,5216.802186
-32.51,28,5217.417293
-40.4,21,5217.824893
-36.0,28,5218.331565
-41.29,17,5218.626156
-41.27,25,5219.058562
-32.49,41,5219.75865
-38.21,24,5222.149057
-35.12,26,5222.62548
38.526531,29,5223.076585
-34.37,39,5223.639713
-43.96,34,5224.119278
38.431085,23,5224.466954
-45.0,25,5224.943748
-34.94,86,5226.272575
37.638182,22,5226.625234
38.391791,24,5226.989926
-32.47,42,5227.657097
-38.81,24,5228.056957
-35.89,27,5228.532468
-35.63,26,5228.996296
-32.52,27,5230.073906
-33.0,28,5230.557765
-35.67,38,5233.222378
-43.92,17,5233.474471
-47.18,16,5233.697228
32.329218,32,5234.352651
32.681159,36,5234.904637
-34.45,26,5235.310235
37.81903,24,5235.713039
-46.28,16,5235.961869
-44.19,28,5236.394186
32.935897,28,5236.834952
-38.26,26,5237.247279
-37.64,24,5237.631236
-41.59,28,5238.125552
-34.83,29,5238.639798
-41.91,22,5239.011863
37.772494,27,5239.481819
-42.0,17,5239.799659
-38.29,22,5240.278578
-35.63,30,5240.897393
-44.31,26,5241.354272
32.23221,28,5243.794708
-35.73,37,5244.326119
34.746847,32,5244.782583
32.738411,34,5245.27
32.11811,31,5245.774559
32.476395,31,5246.268325
-35.39,31,5246.737551
-44.43,30,5247.227689
-32.69,31,5247.756765
-32.06,33,5248.291328
-41.45,25,5248.764294
-32.6,29,5249.26455
-38.27,30,5249.80788
38.421277,22,5250.198449
-32.64,29,5250.700564
37.268824,29,5251.199055
-36.0,27,5251.67734
-41.61,22,5252.03325
32.501931,28,5254.69312
-35.81,27,5255.072512
-34.71,28,5255.504568
-32.04,34,5255.992186
32.522099,31,5256.401277
-32.22,30,5256.839267
32.862179,26,5257.242582
-32.82,45,5258.140233
-35.01,40,5258.824258
32.409742,32,5259.365231
-38.3,22,5259.761025
-37.81,24,5260.192776
38.524528,38,5260.884232
-37.83,29,5261.400032
-45.0,63,5262.496885
-38.4,24,5264.968864
-32.32,33,5265.530248
-32.27,31,5265.948888
-40.93,21,5266.249965
-44.51,19,5266.52219
-44.01,25,5266.846491
36.0,23,5267.155426
-33.0,25,5267.501543
-43.56,23,5267.853525
-40.54,20,5268.154042
-32.74,35,5268.675508
-38.39,33,5269.226251
-44.74,25,5269.657096
-41.4,27,5270.131402
32.315353,32,5270.733232
-44.04,19,5271.087204
-43.81,27,5271.551049
32.790323,36,5272.176676
-35.6,28,5272.702284
-32.16,37,5275.449057
-44.64,25,5275.878364
-44.5,32,5276.381411
-41.53,24,5276.715201
-38.09,30,5277.165172
-38.06,28,5277.546455
-30.0,32,5277.919236
-38.3,23,5278.226173
-41.77,36,5278.759019
-43.44,24,5279.133591
-41.6,26,5279.551665
-38.12,33,5280.135358
-43.36,23,5280.52586
-33.0,31,5281.110807
36.0,27,5281.756338
-38.21,31,5282.325778
35.317164,26,5282.770881
-38.73,34,5283.385556
-32.71,31,5285.866959
44.05303,17,5286.231243
-35.23,41,5286.930156
-32.16,27,5287.362741
32.27957,30,5287.753328
-41.64,23,5288.079466
-41.19,19,5288.322416
-35.54,27,5288.854853
-32.21,27,5289.217888
-33.0,39,5289.785143
32.558065,31,5290.287288
38.208494,20,5290.623075
-38.91,21,5290.994561
33.0,28,5291.496175
-32.32,32,5292.035474
-38.34,31,5292.556891
-38.64,28,5293.059083
-41.13,21,5293.419922
-44.22,29,5293.907555
-35.43,37,5296.452169
32.416667,25,5296.9227
-36.0,27,5297.423815
-38.79,32,5298.01052
-38.68,22,5298.396648
-44.52,16,5298.64005
-34.81,33,5299.073375
-38.16,23,5299.373972
-39.0,29,5299.714499
38.030075,20,5299.965852
-33.0,30,5300.32703
-38.2,27,5300.758911
-47.24,16,5301.016889
-46.49,19,5301.356223
-35.73,30,5301.931669
35.113793,27,5302.389225
-32.48,27,5302.866737
-41.7,43,5303.635393
-41.94,22,5303.998465
-43.4,32,5306.529633
-38.07,29,5306.959693
-38.26,26,5307.223817
42.533619,24,5307.618453
-41.6,22,5308.005517
-42.0,23,5308.400517
-35.09,35,5309.000129
-40.29,37,5309.667734
-38.05,24,5310.036998
-38.81,25,5310.396265
-41.63,24,5310.707251
-36.0,34,5311.136102
-38.5,48,5311.861575
-35.63,25,5312.246299
35.372624,27,5312.7112
35.803279,30,5313.215949
-41.16,23,5313.804174
-38.32,22,5314.200535
36.0,30,5316.745156
-38.54,21,5317.110374
-35.25,26,5317.558467
-41.1,22,5317.948864
-44.47,25,5318.360854
-42.0,18,5318.675802
-36.0,35,5319.276598
-38.84,37,5319.910729
34.270401,37,5320.526284
-32.63,28,5320.998415
-41.31,23,5321.288967
-38.79,30,5321.65729
-44.34,29,5322.017305
32.253521,27,5322.348491
-38.52,27,5322.683598
43.447664,22,5323.057511
38.046763,25,5323.498003
-39.0,23,5323.879041
38.016026,25,5324.278828
-41.28,30,5326.821714
32.031496,28,5327.319834
-38.46,26,5327.776994
-37.96,28,5328.242829
-37.51,33,5328.823944
-41.89,20,5329.182669
-35.19,28,5329.671042
-35.69,30,5330.639093
-35.83,27,5331.13763
37.164228,21,5331.540661
-32.33,24,5331.915061
-37.44,29,5332.250962
-41.7,25,5332.569409
-38.82,26,5332.903122
-38.71,20,5333.159341
-38.69,28,5333.523196
38.985612,24,5333.923556
-38.51,25,5334.35162
35.566964,40,5335.076952
-32.99,42,5337.975617
-47.23,39,5338.718997
-41.63,29,5339.233701
-32.11,28,5339.734351
-35.67,52,5340.688395
-38.12,24,5341.155241
-44.84,25,5341.674475
-38.72,25,5342.189728
-32.21,31,5342.972169
-35.41,25,5343.476398
32.08042,31,5344.005621
-32.41,42,5344.657154
38.678862,26,5345.091405
36.0,25,5345.493726
-38.97,29,5346.265075
32.630332,35,5346.967211
35.676923,24,5349.557067
-44.2,56,5350.630954
-38.88,42,5351.442046
33.0,33,5352.17485
-38.09,31,5352.775854
-38.47,24,5353.275317
-41.97,18,5353.627457
35.254502,26,5354.130548
-34.91,30,5354.704726
36.0,27,5355.201319
-39.0,19,5355.474155
-32.86,32,5356.134143
37.937509,25,5356.465869
-35.25,29,5356.909419
-38.06,22,5357.214841
-33.0,24,5357.645546
-38.28,32,5358.304356
-32.32,43,5361.277303
-38.02,24,5361.778396
39.0,23,5362.220544
-39.94,37,5362.922835
-35.34,38,5363.650869
-35.7,35,5364.445855
-32.69,47,5365.529857
38.623712,37,5366.203158
-41.35,26,5366.692148
-41.81,23,5367.109077
-32.8,30,5367.548111
-41.6,25,5367.907706
31.960076,28,5368.284118
37.557798,25,5368.65371
-38.3,23,5368.987923
-38.19,35,5369.560614
32.089928,30,5370.846952
-41.91,25,5373.518532
-44.28,30,5374.110643
-41.17,23,5374.574872
35.097826,31,5375.146135
-38.81,24,5375.560158
-38.12,26,5376.056653
-41.03,25,5376.551899
-32.94,32,5377.186126
-32.79,49,5378.076412
-42.0,18,5378.375728
-38.95,39,5378.942473
-41.9,29,5379.322128
-38.55,27,5379.673014
-35.33,22,5379.982616
32.642336,37,5380.517899
-36.0,26,5380.96524
-32.01,28,5381.478109
-44.21,22,5381.912659
-41.8,24,5384.551078
32.110701,89,5386.224334
-35.63,31,5386.84194
-38.85,25,5387.306946
35.426829,39,5388.058924
-34.87,28,5388.564084
-35.15,42,5389.523111
36.736543,30,5390.077236
-47.71,14,5390.53717
-35.44,26,5390.878173
-47.82,23,5391.19482
-35.53,32,5391.654152
-32.6,32,5392.176596
-38.66,23,5392.513722
-32.48,41,5393.247093
-35.97,27,5393.778412
-35.05,31,5396.511744
-41.81,25,5397.016063
-35.38,31,5397.616679
-35.13,35,5398.242157
35.398268,28,5398.825053
-38.8,25,5399.308186
-41.7,26,5399.800191
32.077491,29,5400.348467
-33.0,30,5400.997576
-44.65,24,5401.441547
-38.51,32,5401.991902
34.772432,31,5402.458814
-32.34,26,5402.820808
-41.52,20,5403.099698
32.634877,37,5403.63954
38.871117,42,5404.299011
-32.81,26,5404.77766
-44.36,25,5407.264449
-41.34,27,5407.712127
-41.48,23,5408.213845
34.935657,30,5408.76303
-42.0,21,5409.305718
-42.0,24,5409.762872
-44.61,24,5410.170529
-35.27,28,5410.63728
-34.81,27,5411.101946
38.108412,30,5411.621844
-41.63,38,5412.290307
-41.54,27,5412.69376
32.308642,31,5413.214488
-35.29,26,5413.643188
-35.16,28,5414.075897
33.0,42,5415.406287
-38.61,22,5415.712583
38.611321,23,5416.189793
-44.23,25,5416.760506
-41.37,23,5419.222827
32.059727,34,5419.827954
-44.26,23,5420.218316
-41.39,24,5420.70954
-38.27,25,5421.230075
-44.14,22,5421.638868
32.5,27,5422.097087
32.61597,34,5422.670492
-32.66,31,5423.11673
42.964644,25,5423.495909
-41.41,27,5423.922105
38.029412,23,5424.289608
32.265403,32,5424.762407
33.80412,29,5425.166682
-32.52,86,5426.426183
-44.16,24,5426.838834
-35.45,41,5429.62015
-39.0,29,5430.133026
-38.86,25,5430.614428
32.012085,31,5431.227367
-35.21,30,5431.7756
-35.57,30,5432.366492
-41.01,24,5432.79371
-36.0,31,5433.290347
-40.66,25,5433.671477
32.900433,27,5434.268071
-44.53,27,5434.716301
-32.33,36,5435.283738
-36.0,30,5435.807819
-32.23,29,5436.284326
-44.48,17,5436.548743
-46.09,22,5436.875466
34.228829,23,5437.208925
-34.1,28,5437.638746
38.541775,29,5438.172804
-47.64,18,5440.499899
-41.63,38,5441.214221
39.0,28,5441.787869
-32.57,32,5442.597378
35.019763,31,5443.144394
-35.81,39,5443.934797
-42.0,24,5444.491175
34.615887,31,5444.999982
38.34902,28,5445.404184
34.82028,63,5446.538861
-41.62,30,5447.152507
44.426791,15,5447.478555
32.178723,25,5447.93952
-32.81,26,5448.345618
35.453125,29,5448.806733
-37.65,27,5449.205727
-43.34,21,5449.512094
-32.61,34,5451.927448
-32.48,38,5452.576334
-41.91,32,5453.115181
-38.28,28,5453.600889
-40.95,25,5454.069477
-38.36,26,5454.496473
-35.03,29,5454.981373
38.434615,24,5455.357763
-42.0,13,5455.560633
-42.89,19,5455.830542
-45.0,17,5456.109404
-47.91,14,5456.285947
33.0,29,5456.714062
-35.45,28,5457.14147
34.837013,36,5457.8559
31.534483,34,5458.39634
-42.83,36,5459.155515
-36.0,32,5459.584884
-32.34,64,5462.411215
32.027344,37,5463.014878
-35.44,25,5463.444223
-42.0,19,5463.849972
-39.0,26,5464.38979
-44.1,25,5464.88507
-42.0,25,5465.315074
32.573718,25,5465.764434
-33.0,25,5466.136474
-38.52,22,5466.454239
-38.66,22,5466.766116
32.181452,32,5467.478384
-35.92,75,5468.841653
35.596899,30,5469.375272
-32.29,24,5469.741194
32.635468,31,5470.174112
-32.8,30,5470.582471
36.0,26,5472.826651
-44.72,21,5473.219233
32.819444,33,5473.807122
36.0,26,5474.250377
40.96,21,5474.634059
-38.27,25,5475.113648
-38.19,23,5475.553883
-41.93,30,5476.106599
-40.49,19,5476.409068
-40.59,25,5476.772016
-44.3,21,5477.108714
33.0,27,5477.496091
-39.0,53,5478.323045
-41.82,22,5478.68835
-39.0,22,5479.080887
-39.0,30,5479.572668
-41.34,25,5479.987685
-38.55,22,5480.283089
-35.38,26,5480.630024
-46.71,22,5480.920444
32.035714,35,5483.394645
-41.98,25,5483.996341
-44.16,17,5484.278361
-38.91,27,5484.775472
-35.93,28,5485.308769
32.123506,40,5486.105113
-38.53,25,5486.530051
-35.72,30,5486.964179
-41.5,29,5487.375595
32.814815,31,5487.810523
-41.2,29,5488.218143
-41.84,24,5488.599885
-35.89,24,5489.008634
-44.72,31,5489.566943
35.549669,24,5489.959598
-35.48,36,5490.593515
-42.0,27,5491.546462
-38.84,26,5491.967069
-32.82,32,5495.116535
-39.0,26,5495.557777
-44.25,23,5495.948301
-36.84,27,5496.455276
-32.56,40,5497.175318
-44.71,26,5497.875288
39.0,22,5498.228878
-40.69,31,5498.704872
-38.67,25,5499.074522
-43.64,25,5499.438639
35.033557,25,5499.814513
38.884615,25,5500.181651
34.635298,25,5500.587543
35.039749,27,5501.02511
38.101215,26,5501.372561
35.5,26,5501.731406
35.623529,24,5502.088116
-32.91,31,5502.509777
-41.25,23,5502.848601
31.638329,31,5505.27311
-35.36,25,5505.708334
-37.66,27,5506.174325
-40.55,24,5506.578377
-32.24,32,5507.103759
-33.0,28,5507.614137
-38.92,39,5508.296668
-41.25,24,5508.837414
-38.77,19,5509.112446
-38.83,23,5509.490721
-32.8,27,5510.030064
-35.21,33,5510.519497
-47.32,17,5510.798797
-44.45,20,5511.157073
33.0,26,5511.574677
-35.91,26,5511.93478
35.901887,26,5512.30929
35.035294,28,5512.700277
-47.02,31,5513.117748
-41.01,21,5515.361912
-38.54,24,5515.635085
-32.63,27,5516.316815
-35.33,32,5516.888211
-38.17,31,5517.442332
-44.03,26,5517.889627
41.196787,57,5518.896346
-41.45,24,5519.242225
-41.91,89,5520.515499
-44.76,22,5520.872883
-35.79,33,5521.483215
-36.0,34,5522.151608
-32.68,31,5522.654256
-35.51,29,5523.139749
-39.0,32,5523.715687
-41.11,27,5526.035383
-41.5,31,5526.567214
-41.49,28,5527.047961
-38.12,31,5527.60969
-38.44,23,5528.012734
-38.52,25,5528.430404
-35.78,30,5528.953385
-36.0,25,5529.342632
32.02331,36,5529.863629
-35.91,31,5530.298906
-35.62,31,5530.751485
-35.42,80,5531.972431
-38.7,29,5532.637866
-38.42,39,5533.658082
35.413182,27,5534.199508
-35.24,29,5534.74402
-35.63,25,5537.073709
35.385666,26,5537.503005
-37.74,22,5537.898289
-47.35,19,5538.43856
-36.0,25,5539.110202
-41.18,29,5539.761464
30.0,34,5540.423975
-32.19,27,5540.958054
-34.61,25,5541.390804
33.0,22,5541.756643
-41.26,20,5542.064021
-38.25,32,5542.622054
44.255452,16,5543.204809
-38.47,21,5543.700778
-34.46,26,5544.244302
-44.85,15,5544.519477
-35.72,26,5545.011915
-36.0,29,5545.575786
-37.95,26,5546.170029
32.276557,35,5546.72257
-35.1,25,5548.902454
-48.0,36,5549.537191
-38.66,35,5550.115525
35.171698,32,5550.711841
38.118483,25,5551.13657
-44.23,25,5551.556792
-32.36,37,5552.228276
-32.61,30,5552.683826
-34.88,23,5553.024701
-35.4,29,5553.456798
-32.71,32,5553.96619
-35.76,25,5554.39686
-42.0,31,5554.92119
32.50813,28,5555.416182
-41.79,26,5555.861354
32.140187,33,5556.374167
-38.31,34,5556.955906
-35.71,22,5557.324489
-35.71,25,5559.527388
-38.21,23,5559.946865
-38.05,30,5560.565138
-36.0,20,5561.071494
-41.54,19,5561.394718
-38.13,30,5561.923028
-37.85,25,5562.325625
32.37931,81,5563.548193
35.213008,26,5563.933637
-35.73,26,5564.351809
-38.16,27,5564.861446
-35.69,29,5565.378344
35.239875,25,5565.78777
-32.76,38,5566.448844
-41.37,18,5566.772577
-39.0,22,5567.119215
38.789091,31,5567.988639
36.0,25,5570.657428
-38.0,29,5571.165929
36.0,32,5571.720802
34.750701,28,5572.199475
32.301961,36,5572.827262
-37.64,27,5573.244466
-38.28,27,5573.66134
-43.9,37,5574.206878
-40.65,34,5574.745375
-41.69,25,5575.140909
-38.86,24,5575.570799
-41.39,23,5575.994584
35.289916,24,5576.434446
32.208333,29,5576.922598
-44.99,22,5577.310248
-41.91,19,5577.679016
-44.63,23,5578.076096
32.540193,36,5578.696207
-39.0,22,5579.083436
35.064685,25,5581.284415
-33.0,29,5581.747966
33.0,37,5582.362682
-44.09,22,5582.748014
-40.69,33,5583.260052
-35.25,21,5583.709916
34.586331,22,5584.048509
-33.0,22,5584.3926
-34.81,39,5584.970126
33.0,32,5585.430525
32.551331,29,5586.081769
-37.71,29,5586.553594
-41.58,23,5586.920213
-38.68,27,5587.3759
-37.99,31,5587.928472
-41.87,26,5588.397837
-32.59,37,5589.690215
35.211896,30,5590.277833
32.161074,28,5592.450568
-44.53,26,5592.88337
-41.19,25,5593.493952
-32.88,27,5594.017201
-39.0,35,5594.633528
33.0,37,5595.240097
-32.83,26,5595.629428
-41.91,24,5595.934744
32.126005,34,5596.528182
-34.8,27,5596.997494
-38.5,22,5597.390349
-33.0,27,5597.836875
-37.74,25,5598.264432
-32.38,26,5598.700147
33.0,27,5599.171189
-45.0,16,5599.446275
-46.57,42,5600.168441
-36.0,31,5600.670583
35.202335,30,5602.941294
-34.26,30,5603.369619
-42.0,28,5603.833777
32.395604,31,5604.317178
-36.0,30,5604.790342
-38.12,22,5605.133619
-44.06,24,5606.663064
-44.18,26,5607.105951
-38.71,23,5607.524165
-37.7,30,5608.016388
-32.74,33,5608.536413
-37.87,24,5608.946312
34.683962,43,5609.629933
-41.06,38,5610.284509
-41.57,24,5610.805186
-38.86,23,5611.192328
-35.47,22,5611.783857
-41.09,18,5612.148098
-41.52,26,5612.839029
-42.0,24,5614.882222
-41.39,98,5616.293059
37.957896,26,5616.680965
-34.52,28,5617.196967
-41.83,35,5617.827476
-32.77,28,5618.313299
-35.3,29,5619.007438
-37.82,26,5619.454299
-31.9,32,5619.97711
-39.03,26,5620.461665
-35.74,31,5620.976497
-36.0,37,5621.617668
-35.19,27,5622.129399
-32.42,25,5622.548229
34.900881,32,5623.073387
-32.16,32,5625.376135
-41.01,28,5625.745549
39.0,23,5626.083449
-35.26,28,5626.578652
-38.74,46,5627.48176
-32.39,27,5627.927916
-41.26,21,5628.335924
-43.58,26,5628.745582
-38.66,28,5629.257952
-35.48,26,5629.727809
-42.0,24,5630.166236
32.31875,29,5630.751615
35.637931,35,5631.346702
-38.84,24,5631.7895
-37.68,27,5632.284197
-38.88,26,5632.809646
-38.26,43,5633.760375
31.701646,25,5634.251465
-41.5,27,5636.836483
-38.53,29,5637.235315
-46.94,31,5637.745289
38.33463,27,5638.140401
-38.44,26,5638.527668
32.175824,33,5639.290684
-35.16,25,5639.699352
-35.47,27,5640.146988
-41.45,22,5640.520634
-41.21,20,5640.886341
-38.21,33,5641.45072
-35.0,34,5642.134928
-35.32,28,5642.62301
-38.53,25,5643.057872
-30.0,32,5643.618319
-32.91,27,5644.14168
-41.08,24,5644.541254
-35.54,34,5645.396286
-38.62,27,5648.571825
37.861342,29,5648.918192
41.856061,21,5649.160283
-44.45,17,5649.404256
-38.2,34,5649.861499
38.781931,42,5650.588627
-41.84,18,5650.862215
-38.13,26,5651.345746
32.178439,30,5651.753433
-35.6,32,5652.266856
-40.55,28,5652.731633
-41.05,24,5653.142641
-44.5,23,5653.530409
35.75969,25,5653.961916
-32.72,28,5654.434572
-46.74,21,5654.792056
-45.0,18,5655.097547
-37.41,27,5655.545525
-43.39,22,5655.920467
-32.87,33,5658.344751
34.205965,30,5658.705083
-32.38,40,5659.224508
-42.0,24,5659.548532
32.064846,25,5659.904014
-45.0,20,5660.238272
-38.4,31,5660.729714
-41.91,22,5661.074547
-44.26,17,5661.371479
-41.59,28,5661.841346
-40.79,31,5662.370907
-33.0,33,5662.899264
-41.32,23,5663.266282
36.258834,33,5663.974506
35.117793,37,5664.578199
-35.46,31,5665.118586
35.143646,31,5665.67879
-38.82,30,5666.16278
-41.49,22,5666.52437
-44.89,25,5668.748982
-35.83,24,5669.06286
-39.0,22,5669.325654
-42.0,54,5669.982646
-38.79,28,5670.36302
-38.81,21,5670.773916
32.255245,34,5671.45201
-38.5,23,5671.827816
-39.82,27,5672.3366
-35.69,34,5672.949312
-38.78,23,5673.335552
-41.66,21,5673.681544
32.878327,25,5674.077437
32.705298,44,5674.892617
-38.94,53,5675.752267
-38.76,37,5676.35446
-38.59,28,5678.822955
41.701245,17,5679.047235
-38.6,27,5679.401557
-38.22,25,5679.717532
-31.99,30,5680.075973
36.0,35,5680.509312
-40.81,31,5680.884671
38.090253,28,5681.3044
38.254753,29,5681.783982
32.28,35,5682.372004
-40.82,26,5682.829231
-45.0,20,5683.152756
-35.08,20,5683.521635
-38.77,25,5683.95491
34.305231,28,5684.438195
-41.35,24,5684.855211
-37.97,37,5685.433006
35.075,30,5685.912582
-38.84,27,5686.385386
32.317647,25,5688.706761
35.103175,32,5689.284583
-44.41,36,5689.85477
-43.8,21,5690.121249
-41.67,19,5690.377655
-38.06,30,5690.755063
35.329545,37,5691.382917
-33.0,32,5691.883331
-40.56,29,5692.345148
-34.74,30,5692.87666
32.503448,39,5693.553953
-41.19,25,5693.965738
-38.54,35,5694.523773
-35.48,34,5695.242125
-39.0,25,5695.734765
32.189091,31,5696.260772
35.552239,28,5696.784538
-38.16,20,5698.983636
-41.8,34,5699.548143
32.065637,39,5700.163251
39.328565,32,5700.539059
-35.77,27,5700.877068
-35.25,28,5701.193425
-41.81,34,5701.619443
-35.37,25,5701.912959
-37.37,22,5702.268575
-44.13,42,5702.936163
-33.0,36,5703.528546
-39.59,57,5704.509759
-39.0,24,5705.034132
33.0,26,5705.478667
-37.47,30,5705.994599
-32.41,27,5706.43687
-39.9,25,5708.763118
40.966385,18,5709.062867
-40.86,18,5709.363827
32.964567,85,5710.906096
-38.13,24,5711.206679
-32.52,45,5711.776153
-30.0,31,5712.139581
-32.07,28,5712.521675
-44.13,25,5712.948365
-35.5,38,5713.586272
-39.0,24,5714.083668
-36.0,27,5714.572625
-40.98,26,5715.008826
-35.28,25,5715.469249
36.0,20,5715.791371
-47.2,17,5716.078715
-35.58,21,5716.426926
-40.64,24,5716.834483
-44.9,24,5719.04724
32.55042,28,5719.686352
32.293706,46,5720.449584
-41.72,39,5721.061442
-36.0,28,5721.426539
-41.12,41,5721.926778
35.336207,26,5722.231424
-38.77,32,5722.622763
-41.55,19,5722.852553
-41.9,25,5723.233655
-32.18,27,5723.705796
-41.2,27,5724.151732
-40.6,33,5724.692488
-44.68,28,5725.178912
-41.26,23,5725.53553
-40.7,32,5726.09144
-41.17,25,5726.488756
-41.62,30,5728.848212
-35.71,72,5730.092071
-35.59,30,5730.589554
-35.71,21,5730.924163
-42.0,34,5731.512445
-35.53,28,5731.899761
-39.0,25,5732.187406
-38.38,22,5732.446295
-44.45,23,5732.717905
-44.08,21,5732.97288
-41.76,28,5733.342666
-41.58,25,5733.735324
35.604938,29,5734.218906
-35.5,24,5734.596592
-38.42,25,5735.010896
-36.0,24,5735.429936
-39.0,23,5735.799157
-44.45,28,5736.310487
-35.34,30,5739.473573
-44.17,22,5739.884456
-40.51,21,5740.213228
-31.73,120,5742.020087
-35.06,26,5742.337724
-38.42,24,5742.622718
-38.98,25,5742.894776
32.266026,30,5743.339728
-44.68,24,5743.647472
-38.46,26,5744.066052
32.903101,31,5744.726729
-39.0,27,5745.215518
-35.61,25,5745.792113
-32.33,32,5746.322312
-41.25,25,5746.725465
-32.9,34,5747.334726
44.243816,15,5749.425675
-44.56,28,5749.893077
-41.44,32,5750.415596
-38.08,24,5750.793332
35.418519,27,5751.236924
-39.0,36,5751.787412
-43.87,27,5752.168123
-41.27,26,5752.519285
-35.71,28,5752.852892
-38.47,34,5753.288599
-32.85,22,5753.608472
-32.39,38,5754.110759
-38.05,30,5754.605618
-32.34,34,5755.176292
-33.0,29,5755.668032
-40.98,26,5756.083964
-41.02,26,5756.520584
-38.69,30,5757.030293
-32.74,35,5759.556673
-41.56,24,5760.002572
-32.94,29,5760.510971
-41.45,36,5761.200232
-32.55,31,5761.716969
-38.45,28,5762.213928
-38.18,25,5762.749436
-46.64,24,5763.072925
39.534511,32,5763.474062
-43.92,27,5763.870629
33.0,24,5764.205891
-32.69,26,5764.573621
-36.0,32,5765.048018
-42.0,28,5765.540543
-41.4,26,5766.013828
-32.15,30,5766.557277
38.526316,23,5766.983035
32.321716,26,5767.409295
-35.66,29,5769.751235
-38.21,69,5771.126394
-45.0,23,5771.499453
-41.16,26,5771.911544
-38.41,23,5772.220375
32.25,28,5772.59971
35.139748,26,5772.970436
-41.39,27,5773.447283
-41.46,21,5773.718266
-35.48,25,5774.066887
32.936667,25,5774.389524
-32.75,36,5774.843484
-44.8,20,5775.110014
-37.33,33,5775.586298
33.0,28,5776.04058
-32.5,30,5776.550228
-36.0,29,5777.071665
33.0,26,5777.526326
33.0,27,5779.822781
-32.83,26,5780.234779
-41.81,28,5780.714862
40.798759,24,5781.107647
-32.01,30,5781.554628
-44.78,18,5781.822302
37.63081,28,5782.22663
-35.34,27,5782.585559
-32.18,26,5782.958914
-44.23,29,5783.373375
-39.0,21,5783.67564
-38.18,28,5784.148725
-35.02,32,5784.603328
-44.62,35,5785.051173
-44.41,23,5785.386757
-32.59,27,5785.852952
32.095588,32,5786.398407
-38.07,26,5786.81307
-41.66,45,5790.209334
32.778261,30,5790.731411
-38.73,27,5791.17284
-32.49,32,5791.653783
-44.08,24,5791.99238
-34.58,27,5792.385408
-43.79,21,5792.694825
43.667508,19,5792.955894
-35.14,25,5793.34297
-42.84,23,5793.688329
-44.4,22,5794.011149
32.224719,30,5794.410185
-41.76,34,5794.897202
-32.67,25,5795.281139
-38.32,21,5795.791282
-38.41,26,5796.209312
-37.44,71,5797.393931
-33.0,30,5797.858285
-35.48,24,5800.141838
-32.37,29,5800.634545
-35.06,29,5801.093149
-41.85,22,5801.464903
-35.8,27,5801.880636
38.431734,24,5802.213102
-44.56,32,5802.691027
-35.63,32,5803.186305
-33.0,31,5803.737662
40.356248,29,5804.17049
-35.38,33,5804.621479
-38.68,28,5804.970076
32.081395,31,5805.41095
32.30137,33,5805.859979
32.575385,28,5806.312065
-32.08,34,5806.867568
-33.0,27,5807.314949
-39.0,27,5807.751437
-38.82,31,5810.213244
-38.88,25,5810.621614
35.143808,25,5811.048719
32.701245,24,5811.337896
-32.45,28,5811.739012
-41.12,26,5812.272347
-35.3,27,5812.808694
-34.85,25,5813.201783
41.968992,19,5813.534684
-41.68,19,5813.864034
-32.9,33,5814.456593
-35.07,28,5814.908549
-41.82,18,5815.172678
-37.27,23,5815.482489
33.0,27,5815.831777
-37.8,27,5816.192473
-44.74,24,5816.536641
-37.7,23,5816.902119
-41.1,36,5817.483255
34.440865,25,5817.890549
-41.86,27,5820.608406
35.338294,26,5821.072099
-38.92,25,5821.453878
-41.54,20,5821.761061
-35.48,28,5822.175125
-41.26,24,5822.503037
-41.73,29,5822.934058
-39.0,20,5823.270316
35.778523,22,5823.633221
-38.67,29,5824.152232
-41.3,22,5824.537526
-38.85,18,5824.834045
-38.67,23,5825.18895
-39.0,25,5825.521781
-38.2,31,5825.942587
34.611747,34,5826.391206
-43.48,29,5826.784635
-33.0,25,5827.127851
41.707317,16,5827.423877
-38.75,33,5827.971433
-32.25,28,5830.29985
36.0,26,5830.690459
-41.25,30,5831.179191
-41.74,28,5831.591647
-35.53,25,5831.964882
38.556129,45,5832.615142
-35.21,33,5833.122431
34.519417,39,5833.756718
32.071713,30,5834.227169
-39.0,27,5835.382084
-32.23,29,5835.964949
-44.8,32,5836.400335
-41.52,35,5836.91527
-41.51,22,5837.21756
-43.22,25,5837.734922
-35.05,22,5838.108942
-44.08,34,5838.67225
-38.53,28,5840.996338
-38.83,25,5841.408281
-35.87,27,5841.851928
40.180552,27,5842.239816
-32.38,41,5842.799335
-39.0,25,5843.16567
32.901235,31,5843.592876
-41.36,25,5844.003914
-39.0,19,5844.335683
-38.84,28,5844.774964
-37.06,32,5845.494142
-43.79,32,5846.03223
-38.43,38,5846.634594
-38.42,24,5846.951049
-38.79,40,5847.511905
-38.29,29,5847.909097
-41.81,30,5848.349879
-38.32,28,5850.602023
-38.58,30,5851.073374
-41.3,19,5851.401548
-35.18,41,5852.030574
-35.61,21,5852.352364
-31.59,32,5852.797728
32.41,44,5853.585702
33.0,22,5853.932766
-42.0,21,5854.288275
35.455921,27,5854.724431
-41.12,22,5855.087991
36.0,35,5855.711282
32.412162,29,5856.195491
-34.57,26,5856.725057
-35.75,29,5857.121619
-43.46,20,5857.40469
-33.0,29,5857.81286
-38.16,25,5858.182649
-33.0,33,5858.651463
-38.5,27,5860.971576
-38.5,27,5861.413424
-41.51,19,5861.709677
-41.63,44,5862.307451
-41.78,33,5863.05431
-48.0,15,5863.272548
-38.47,31,5863.717972
-36.0,35,5864.287861
-44.51,23,5864.674941
-40.68,40,5865.344655
-32.03,31,5865.859662
32.326437,34,5866.435242
-41.81,35,5867.027281
-34.64,24,5867.36093
-38.69,36,5867.855528
-42.74,45,5868.476528
-44.57,16,5870.559726
-38.74,31,5871.311079
-38.7,27,5871.822287
38.232734,32,5872.323559
-38.38,36,5872.865247
-32.73,26,5873.252724
-32.88,27,5873.658689
37.679991,28,5874.090563
41.377289,22,5874.468973
32.04943,38,5875.125904
-33.0,29,5875.625376
-38.46,29,5876.107061
-32.28,41,5876.827589
-35.95,28,5877.392427
-38.4,30,5877.792168
-35.56,22,5878.089166
-38.1,25,5878.40701
-38.87,23,5878.72272
-39.0,38,5881.181635
32.25,31,5881.673926
-35.4,28,5882.096202
-40.73,22,5882.468805
-32.79,30,5882.884061
-38.44,32,5883.34679
-44.5,16,5883.673775
-33.0,28,5884.065119
-47.44,20,5884.365714
-41.2,27,5885.195678
35.120066,30,5885.661662
35.203132,38,5886.29214
-33.0,34,5886.972113
-38.08,31,5887.651983
-35.23,27,5888.102871
35.663004,26,5888.50804
38.919872,23,5888.807439
38.902985,20,5889.065266
32.196552,27,5891.231901
-32.67,34,5891.780538
-38.58,26,5892.159441
-41.78,19,5892.441658
34.5625,28,5892.844039
36.0,24,5893.189131
-38.76,22,5893.516945
-35.58,25,5893.895897
32.413681,32,5894.401376
-43.41,23,5894.784704
-41.19,19,5895.101388
34.463669,33,5895.658815
-44.38,25,5896.363002
-36.0,27,5896.901193
-42.0,26,5897.346354
38.477912,23,5897.723773
-39.0,22,5898.106586
-40.25,24,5898.512907
-34.99,32,5898.985832
32.133779,30,5899.389796
-42.0,48,5901.912199
38.596958,55,5902.731047
-41.58,26,5903.09996
-38.2,26,5903.451619
32.52,27,5903.82505
-40.34,21,5904.150601
-35.22,38,5904.749169
-38.52,27,5905.18951
-44.23,23,5905.576906
-33.0,30,5906.083881
-34.93,34,5906.712623
-40.62,30,5907.188627
-36.0,30,5907.693703
-38.81,34,5908.326817
32.135135,32,5908.8628
-38.7,23,5909.173009
-36.0,24,5909.505209
-40.94,31,5911.755373
-41.29,23,5912.121334
-38.39,45,5912.967143
-35.14,29,5913.3875
-32.71,38,5913.942811
33.0,25,5914.365868
35.398374,26,5914.952916
-35.82,28,5915.394806
34.519127,26,5915.847268
-31.69,30,5916.299138
41.395993,21,5916.552469
-35.03,32,5917.094544
-45.0,19,5917.448779
-40.98,41,5918.123567
-41.58,31,5918.631541
-39.0,16,5918.898866
-38.61,31,5919.415893
-41.24,18,5919.679378
-32.97,33,5922.212802
-38.61,27,5922.620766
32.256705,32,5923.099032
-35.59,34,5923.632298
32.901639,27,5924.025059
-36.0,25,5924.414155
-32.19,44,5925.121124
42.0,26,5925.559215
-35.63,29,5926.027992
-32.32,32,5926.552934
-41.94,21,5926.905289
-41.81,22,5927.251768
-38.11,30,5927.787558
-41.64,40,5928.471774
30.0,55,5929.372477
35.722222,34,5929.913924
-32.69,30,5932.040311
-35.3,29,5932.512711
-40.15,27,5932.864182
-38.14,29,5933.310991
-34.86,32,5933.797962
-32.44,31,5934.371823
32.153543,28,5934.829781
35.792208,27,5935.282837
-39.84,33,5935.829589
-38.2,28,5936.293069
-41.43,23,5936.810848
-38.67,28,5937.424695
-39.0,19,5937.877325
-36.0,30,5938.338028
-41.27,24,5938.783328
32.071207,29,5939.323686
-35.17,38,5939.916151
-32.39,35,5942.201021
-41.15,27,5942.636611
-38.77,24,5942.984354
-35.69,48,5943.676699
37.830873,21,5943.965596
32.597744,31,5944.405918
-35.43,28,5944.868525
-35.05,35,5945.474817
-34.95,29,5945.977686
-35.08,39,5946.619766
35.15,22,5946.984255
43.19197,33,5947.763714
38.076364,26,5948.20731
32.05814,37,5948.805475
-32.65,27,5949.283475
-41.53,28,5949.769069
-35.06,29,5950.218472
37.326006,23,5950.634563
32.386179,28,5952.741061
-35.44,32,5953.226134
35.374545,22,5953.547287
38.737931,23,5953.850132
32.308594,48,5954.638129
35.5,28,5955.152398
-43.8,24,5955.557939
-38.34,24,5956.017331
-35.1,28,5956.476151
33.712161,32,5957.006488
-38.23,24,5957.395048
35.495935,21,5957.750746
-32.19,31,5958.268927
-38.72,21,5958.585176
-37.44,29,5959.0949
-32.43,28,5959.569449
-38.02,32,5960.102306
36.848266,26,5960.539582
-32.18,28,5962.868255
-44.43,20,5963.158595
34.715069,27,5963.547808
-44.52,28,5963.951033
32.875445,27,5964.328159
-35.86,32,5964.82963
44.628961,21,5965.428752
-41.1,23,5965.807843
-41.42,28,5966.2573
-37.27,23,5966.62325
-41.56,22,5967.003806
-35.61,24,5967.395857
-34.35,53,5968.273154
-46.48,22,5968.643648
-43.51,34,5969.219243
-38.57,34,5969.773197
-32.86,28,5970.250847
-41.01,24,5970.631543
-41.28,34,5972.898721
-41.29,28,5973.284201
-32.77,32,5973.944882
-38.54,21,5974.303527
-37.82,22,5974.602495
-36.0,26,5975.021004
-43.29,28,5975.489233
38.052658,24,5975.898905
-44.7,27,5976.358867
-35.26,26,5976.77554
33.0,30,5977.253011
-40.64,20,5977.571311
-38.71,28,5978.026184
-39.0,33,5978.586398
-33.0,27,5979.032529
-38.24,26,5979.469079
-35.63,20,5979.799479
32.869159,28,5980.262266
-35.81,25,5980.69427
-35.6,26,5981.121712
-41.13,26,5983.216292
-38.66,27,5983.536637
-32.2,28,5983.918039
-44.4,17,5984.17906
-41.52,25,5984.553665
-36.0,25,5984.955525
-38.91,27,5985.458035
33.966077,28,5986.060655
-38.71,27,5986.531806
-44.8,36,5987.098484
-38.48,30,5987.610623
41.105646,24,5988.202313
-38.55,26,5988.695482
-41.28,23,5989.074667
37.779651,25,5989.492938
-40.99,24,5989.882597
-32.04,32,5990.457858
33.0,37,5991.075982
-32.18,40,5993.489172
-33.0,31,5993.838738
-32.02,32,5994.279847
-39.0,27,5994.64139
-42.0,28,5995.074589
-44.1,29,5995.634499
44.043787,26,5996.057348
-38.83,28,5996.539241
32.33935,27,5997.007006
-41.64,21,5997.354331
-35.49,25,5997.819206
-33.0,28,5998.183815
-41.87,27,5998.605659
-40.98,31,5999.304576
-40.93,45,6000.044985
-38.89,32,6000.580513
40.935209,18,6000.905068
32.56654,26,6001.380268
-38.19,31,6003.6869
-30.0,31,6004.100802
-38.6,26,6004.403442
-40.7,24,6004.693801
-42.0,28,6005.050153
-38.27,29,6005.410008
-41.91,18,6005.660295
-39.0,22,6005.977095
-44.14,28,6006.495515
-41.48,31,6007.06773
-35.54,26,6007.587274
-40.52,20,6007.938249
-39.0,26,6008.381466
40.339496,23,6008.762085
-37.49,26,6009.246579
-41.4,19,6009.56654
-44.01,23,6009.946149
-39.0,50,6010.800464
-38.16,27,6011.245853
-38.41,35,6013.743542
-39.0,26,6014.366772
-38.17,26,6014.776775
-37.52,37,6015.24726
-38.6,30,6015.621094
35.072243,30,6015.974429
-38.23,28,6016.34873
-36.0,28,6016.774918
32.510903,32,6017.35831
-31.76,30,6017.830984
-32.79,32,6018.359231
41.33846,26,6018.78879
-41.32,22,6019.142452
-38.12,25,6019.556915
-46.67,26,6019.984078
-43.4,22,6020.363312
-33.0,20,6020.705565
-32.91,33,6021.255977
-32.84,33,6023.765815
-43.88,19,6024.066721
-39.0,39,6024.650034
-32.91,24,6024.94294
-38.02,22,6025.259791
-41.77,28,6025.797561
-32.73,31,6026.160286
-32.5,24,6026.45285
-46.8,19,6026.692375
-40.69,26,6027.056
-35.36,25,6027.470686
32.182927,23,6027.842412
-47.81,30,6028.363444
35.513793,26,6028.814298
-38.88,52,6029.670534
-35.02,27,6030.130526
32.870229,35,6030.721535
34.269768,31,6031.266338
36.0,19,6031.615605
-35.61,29,6034.029103
-37.82,30,6034.587935
-41.66,30,6035.064643
-35.66,26,6035.412704
-36.0,26,6035.740825
-44.5,24,6036.061464
-38.31,24,6036.354093
-36.0,35,6036.805312
32.518072,34,6037.252725
-43.39,26,6037.694786
-41.08,26,6038.135401
-32.58,28,6038.604204
-36.0,23,6038.971353
-32.5,37,6039.730389
-40.87,28,6040.289973
-44.67,35,6040.890087
-36.0,28,6041.332711
-32.68,32,6041.971663
37.378488,25,6044.888341
35.654412,34,6045.458818
38.288319,26,6045.807226
-36.0,34,6046.195178
32.363636,33,6046.604551
-32.9,37,6047.043962
-33.0,31,6047.459383
32.393878,23,6047.809075
32.189091,29,6048.281867
-39.0,26,6048.734638
-32.52,41,6049.420083
34.858571,46,6050.290096
-35.33,30,6050.795557
-38.22,25,6051.236523
-42.0,28,6051.943535
-38.69,29,6052.441275
-34.94,27,6054.797316
35.134599,35,6055.431362
-32.03,26,6055.851561
-35.56,34,6056.348923
-44.3,20,6056.593712
-35.26,28,6056.928708
32.381148,33,6057.334341
-36.0,28,6057.741173
-40.41,31,6058.190785
-38.02,22,6058.576104
-39.0,24,6058.971395
46.606825,19,6059.291656
35.769481,38,6059.911896
-41.15,32,6060.486971
32.118321,36,6061.084496
32.51049,30,6061.598956
-41.15,27,6062.072715
-41.32,31,6062.636165
-41.1,19,6064.997679
-38.37,19,6065.372873
-41.52,17,6065.674955
-35.5,26,6066.132633
-35.58,38,6066.718847
-41.07,19,6067.011801
-38.13,24,6067.297461
-41.27,27,6067.61975
-35.53,25,6067.935386
32.706294,23,6068.203878
-35.29,29,6068.603742
-39.0,26,6068.991107
-39.0,27,6069.436517
-41.4,36,6070.042084
35.134259,29,6070.531292
-41.71,27,6070.975185
-36.0,27,6071.427737
-44.35,17,6071.686875
-38.59,23,6072.077991
41.17135,28,6072.625227
-38.14,23,6074.936861
-38.47,28,6075.509424
-41.29,22,6075.906552
-36.0,30,6076.446543
38.328173,25,6076.881902
-41.63,27,6077.303675
-32.22,30,6077.706109
-32.1,24,6078.000213
-32.16,32,6078.486376
32.385159,28,6078.878579
-44.4,26,6079.456748
-35.17,30,6079.987503
-35.78,27,6080.42525
39.0,35,6081.038225
-32.68,26,6081.466594
-44.3,26,6081.922399
-32.31,33,6082.452816
-39.91,34,6083.031292
-45.0,26,6085.379977
-35.7,28,6085.8797
32.200803,36,6086.492687
-43.24,23,6086.871008
-38.68,23,6087.261589
-35.3,30,6087.715158
-41.21,26,6088.375979
32.216867,32,6088.78585
-35.42,30,6089.409505
-36.0,20,6089.684146
35.768,20,6089.941394
-38.64,40,6090.532854
-41.43,21,6090.885626
32.300613,31,6091.481508
-35.15,23,6092.054816
-41.58,17,6092.349578
-35.76,33,6092.900619
36.938323,26,6093.347602
32.36965,31,6094.345169
-35.7,25,6096.803098
32.153094,32,6097.381542
-44.02,20,6097.701415
-39.39,35,6098.190335
-39.0,22,6098.503615
-38.2,23,6098.848341
-35.15,25,6099.183039
-32.29,30,6099.55409
-33.0,27,6099.919749
35.551724,24,6100.234509
-44.03,20,6100.505866
-38.67,25,6100.866452
-39.0,25,6101.263365
-35.49,31,6101.7828
-38.91,24,6102.199053
-41.3,21,6102.563917
38.060435,26,6103.053031
35.214844,27,6103.53087
-35.14,26,6103.968071
-35.72,25,6104.386711
-32.31,33,6106.905334
-38.46,21,6107.249481
-38.48,23,6107.664153
-34.7,35,6108.190432
-32.28,24,6108.566796
-39.0,25,6108.91736
37.709125,28,6109.33733
-42.0,22,6109.649847
-41.14,31,6110.068862
-41.48,29,6110.472748
38.24,30,6110.888807
32.792208,41,6111.438141
-40.24,25,6111.890253
32.026616,33,6112.448646
38.214724,25,6112.873956
40.524735,17,6113.156224
-37.58,22,6113.536382
-38.6,30,6114.061555
32.903226,29,6114.554795
32.156489,27,6116.828375
-38.11,25,6117.233748
-41.56,24,6117.890406
-41.57,26,6118.354077
-35.6,26,6118.738705
-43.99,24,6119.095584
-41.61,19,6119.381933
-32.12,36,6119.910756
-44.61,18,6120.164549
-36.0,34,6120.639256
32.212766,25,6121.014734
-41.48,22,6121.3133
37.876073,41,6121.854006
-44.49,20,6122.167763
32.206478,30,6122.699041
-37.63,26,6123.139276
32.98452,24,6123.671345
30.0,28,6124.138699
-41.69,22,6124.522978
-35.16,31,6126.94568
-36.0,25,6127.384651
-41.8,28,6127.841848
-45.0,18,6128.126405
32.171512,43,6128.756343
32.270893,33,6129.248661
32.410714,37,6129.761217
-38.12,29,6130.223439
-42.0,31,6130.671811
-41.88,30,6131.197462
-36.0,28,6131.70692
-32.13,27,6132.060621
-34.65,38,6132.620123
-38.91,24,6133.018952
-38.2,26,6133.472433
-38.49,27,6133.932968
-35.11,29,6134.398144
32.234568,46,6137.050279
-30.0,52,6137.912524
-32.87,46,6138.580313
36.0,45,6139.244788
32.152318,32,6139.682627
-32.69,26,6140.084836
-38.19,28,6140.524545
-41.52,21,6140.811203
32.400749,28,6141.168706
-41.49,29,6141.597541
-35.69,31,6142.029503
-35.17,30,6142.451887
32.442804,30,6142.940303
-35.33,33,6143.725924
-38.32,25,6144.149283
-32.43,57,6147.091364
-35.84,19,6147.400037
-36.0,33,6147.949817
-33.0,27,6148.378265
32.461059,29,6148.796591
-41.5,27,6149.20377
-36.0,28,6149.601732
-38.34,26,6149.967257
-35.61,27,6150.382613
-41.22,21,6150.760462
32.674699,28,6151.205244
-44.7,25,6151.553337
-44.6,20,6151.827762
-43.42,20,6152.156365
-40.98,33,6152.631866
-32.43,30,6153.045496
-43.72,28,6153.523736
38.117886,26,6153.982556
-40.68,23,6154.382977
-41.25,21,6154.748659
-35.16,26,6157.307903
37.642123,22,6157.687985
32.240469,30,6158.207501
32.891892,27,6158.635018
35.429603,28,6159.027885
-42.0,29,6159.452451
-35.91,28,6159.871815
32.800926,33,6160.343932
-35.31,36,6160.976635
-35.06,29,6161.414717
38.242798,30,6161.893531
-32.52,28,6162.254791
32.339901,33,6162.697967
-41.26,18,6162.975608
-36.0,33,6163.413729
-35.77,28,6163.883483
-32.82,28,6164.338193
-36.0,27,6167.017144
-43.95,38,6167.677692
-36.0,33,6168.2067
-40.7,29,6168.69156
32.519814,28,6169.277728
-32.73,26,6169.673981
38.859316,23,6170.001612
-39.0,22,6170.325702
-41.41,26,6170.729472
40.786325,22,6171.110697
-41.33,19,6171.407007
-40.92,23,6171.762377
-32.73,31,6172.167973
34.764026,33,6172.677845
-35.8,25,6173.020507
-35.43,27,6173.363134
-32.09,27,6173.771006
35.902778,24,6174.172188
-37.79,42,6174.840693
-32.77,31,6177.222757
-32.61,32,6177.757503
32.383562,30,6178.236863
-38.5,25,6178.596388
-44.2,20,6178.895677
-38.22,22,6179.198301
-36.0,26,6179.593347
-40.44,20,6179.88744
-40.78,23,6180.250785
-32.48,35,6180.849081
-36.0,26,6181.274581
-37.65,26,6181.70243
-38.62,26,6182.264096
-38.6,24,6182.798227
-47.17,17,6183.060017
32.665698,25,6183.376156
-35.01,24,6183.697871
-40.7,36,6184.249487
-38.9,22,6184.647931
33.0,40,6187.218045
-38.16,26,6187.628486
-32.04,27,6188.071631
-36.0,37,6188.585213
-41.57,31,6189.07697
32.261818,26,6189.47468
32.161654,35,6189.990943
32.693811,26,6190.387589
-38.02,21,6190.731517
-38.9,25,6191.163802
-31.91,26,6191.588595
-35.7,25,6191.979
-42.97,24,6192.329356
-41.79,29,6192.742177
34.272127,30,6193.130287
-38.26,27,6193.504684
37.633858,28,6193.911195
-38.88,22,6194.230016
35.378788,26,6194.721659
41.75259,24,6197.253105
-35.53,22,6197.60309
-41.12,27,6198.057958
-38.22,27,6198.488538
-38.47,24,6198.878012
-41.85,22,6199.18141
35.479853,30,6199.64755
32.39,102,6201.202715
-33.0,32,6201.75215
-41.66,27,6202.209812
-41.55,26,6202.601347
-40.8,18,6202.844581
34.614374,30,6203.290661
35.05627,23,6203.617329
-37.63,28,6204.000818
-32.26,32,6204.461529
37.227313,30,6204.944298
-35.88,29,6207.343848
-35.67,27,6207.769633
-41.72,25,6208.179825
-32.84,28,6208.877004
-38.54,32,6209.328026
-41.85,28,6209.742045
-41.8,24,6210.081099
35.806122,28,6210.461146
32.182186,32,6211.528079
-39.0,24,6211.935181
39.934361,21,6212.278307
-35.1,28,6212.766779
-32.98,32,6213.336213
-38.21,27,6213.698878
34.771333,33,6214.136242
36.0,28,6214.540398
-44.03,14,6214.732036
-32.88,28,6215.157436
-47.33,12,6215.351033
-41.6,18,6217.613393
32.332061,42,6218.33982
-38.48,24,6218.743077
-37.96,31,6219.202581
32.555133,30,6219.666863
-41.64,20,6219.962093
-43.45,26,6220.347327
-35.15,29,6220.781328
-41.94,26,6221.475326
-33.0,24,6221.855245
-38.27,25,6222.274805
-35.01,24,6222.718049
-38.51,17,6222.992658
32.443709,38,6223.662853
-41.02,31,6224.080043
-38.22,26,6224.442661
-39.0,31,6224.883551
-43.16,33,6225.331796
32.197628,27,6225.709603
35.19697,30,6228.600965
-40.74,20,6228.944005
-40.2,25,6229.312641
-38.26,41,6229.892284
35.141026,29,6230.340251
-41.01,27,6230.71761
-38.28,28,6231.150934
-36.0,112,6233.095318
35.27758,32,6233.662413
-38.36,45,6234.275806
-41.32,18,6234.674457
-32.65,34,6235.26735
32.092937,33,6235.718688
-44.58,24,6236.093724
-38.67,29,6238.423545
30.0,32,6238.924776
-33.0,39,6239.507875
-38.18,24,6239.850449
32.902778,29,6240.276991
-44.79,21,6240.599873
-38.56,31,6241.053988
33.0,27,6241.518745
-41.48,38,6242.162852
-32.14,31,6242.659103
-38.39,25,6243.073898
-39.0,20,6243.400423
-40.73,39,6244.12986
-39.0,26,6244.486326
-38.17,31,6244.910499
-43.34,24,6245.218588
37.182375,29,6245.651981
-40.31,21,6245.936505
36.486268,36,6248.617795
-42.0,21,6249.000189
-38.78,24,6249.457532
-40.87,24,6249.914227
-39.82,34,6250.404808
-44.84,28,6250.827778
-41.61,38,6251.373308
-41.2,30,6251.795287
32.709924,31,6252.298249
-39.0,21,6252.651113
-41.75,22,6253.054395
-33.0,31,6253.641811
-41.25,23,6254.030583
-37.74,23,6254.421888
-38.7,26,6254.846922
-41.76,26,6255.229089
-39.0,29,6255.62678
-38.88,28,6256.036016
32.930464,34,6258.365151
-32.06,28,6258.878779
-38.98,53,6259.809053
-41.06,27,6260.24219
-32.28,86,6261.741081
-41.58,26,6262.135047
-41.68,40,6262.831756
-34.97,23,6263.245924
-41.05,26,6263.711184
-40.67,21,6264.069766
-41.69,28,6264.552512
-41.81,29,6265.027105
-38.65,31,6265.53926
33.917896,37,6266.052037
-41.92,25,6266.405707
-35.12,30,6266.804892
-35.69,32,6269.277138
-35.14,31,6269.825685
-41.89,18,6270.141727
-42.0,24,6270.4957
33.0,31,6270.949417
32.525223,41,6271.545858
-35.18,23,6271.888383
35.249778,29,6272.442606
32.013937,29,6272.977125
-32.85,26,6273.494805
-32.91,29,6274.197915
-38.35,27,6274.624211
-38.63,25,6275.137137
-41.68,32,6275.717115
-32.79,30,6276.213416
-38.31,29,6276.643567
34.240915,32,6277.053657
-34.36,23,6277.346431
-37.99,30,6279.661727
35.15894,31,6280.236069
34.537594,26,6280.611919
-38.56,35,6281.1222
-39.0,23,6281.457741
33.0,30,6281.886925
-38.64,26,6282.242083
-35.55,30,6282.733421
-41.43,27,6283.230413
-35.05,26,6283.74006
-42.0,45,6284.464772
34.311618,31,6284.981521
-40.65,24,6285.411527
32.175373,54,6286.3277
-35.17,22,6286.707196
-32.71,35,6287.209047
-41.46,24,6289.507165
-38.73,28,6290.031569
-39.72,33,6290.561871
-41.78,22,6290.976324
-33.0,32,6291.457692
-36.0,25,6291.822019
-43.17,23,6292.196108
-37.96,42,6292.969933
-36.0,29,6293.458567
-32.98,97,6295.074986
-38.01,30,6295.584201
-35.35,40,6296.287302
-35.81,31,6296.804275
31.883838,32,6297.331681
-38.7,21,6297.674767
34.650637,31,6299.837503
-38.65,22,6300.43512
-35.74,33,6301.000137
-44.74,20,6301.357318
-41.72,39,6301.992826
-39.0,24,6302.365206
-40.87,26,6302.755891
-41.97,25,6303.103846
-41.44,20,6303.403742
37.275516,31,6303.930354
-38.49,35,6304.509359
-33.0,27,6304.965344
-38.3,24,6305.415517
35.326772,26,6305.883783
32.071429,32,6306.294435
32.099644,36,6306.905244
-36.0,24,6307.314222
-35.23,32,6307.854198
-38.22,23,6308.234101
-34.97,38,6310.539997
-41.17,30,6311.056336
-41.58,27,6311.495158
-32.43,36,6312.072591
-42.0,22,6312.398661
-41.26,21,6312.697536
34.283889,28,6313.028937
32.392442,54,6313.88976
32.635762,28,6314.355797
-44.8,24,6314.777142
-44.99,23,6315.243657
37.348833,25,6315.745691
32.265672,28,6316.204294
-38.94,26,6316.650015
-37.98,25,6317.079251
-47.09,19,6317.406038
-32.91,35,6317.963048
41.768212,27,6318.446041
-41.3,22,6320.54204
-38.61,24,6320.875922
-35.25,32,6321.337817
-41.21,22,6321.728349
-40.98,21,6322.066671
33.0,26,6322.449389
-35.84,27,6322.830143
-38.89,25,6323.209579
-37.98,34,6323.725963
-35.8,51,6324.579238
-39.0,24,6324.995348
-35.02,23,6325.598025
-38.81,37,6326.374384
-36.0,44,6327.245084
-36.0,42,6327.951651
-44.91,24,6328.354512
-40.44,26,6328.795225
-41.35,27,6330.981752
-38.91,23,6331.31492
40.218016,20,6331.625269
32.343234,31,6332.128306
-36.0,38,6332.721364
-35.61,30,6333.136075
36.0,24,6333.714008
-35.56,29,6334.146351
-36.0,31,6334.683651
35.387454,27,6335.151089
-42.0,28,6335.611814
35.266409,21,6336.00761
32.60274,33,6336.589667
-45.0,23,6336.986701
-43.73,27,6337.447183
-38.71,29,6337.918617
-32.19,32,6338.470688
-35.56,26,6338.909184
-35.6,30,6341.165783
35.642424,28,6341.536252
40.585821,20,6342.06154
-41.67,42,6342.744976
-35.59,27,6343.164832
-41.39,19,6343.465273
-41.39,22,6343.785373
-38.49,31,6344.279767
35.18123,25,6344.623661
-42.0,23,6345.040907
-41.61,28,6345.516367
-41.39,22,6345.910106
32.422857,32,6346.449567
38.20625,22,6346.811542
-37.42,23,6347.20504
-38.1,25,6347.640829
-36.0,28,6348.184959
-44.17,28,6348.664176
-39.0,39,6349.343674
35.091912,25,6351.560405
37.601254,26,6351.912606
-35.63,27,6352.288947
-32.58,35,6352.74503
-41.73,25,6353.237653
32.229323,47,6354.067927
-35.91,26,6354.557893
32.477855,26,6354.983002
39.0,20,6355.340372
39.19131,20,6355.694105
-38.87,40,6356.396867
32.537594,36,6357.09069
-34.39,31,6357.653719
-35.24,33,6358.236948
32.054795,39,6358.912432
-38.35,31,6359.391897
-41.49,35,6359.957246
-32.22,29,6362.263861
-35.44,33,6362.705623
-38.4,22,6363.005426
-38.58,29,6363.353597
-35.88,25,6363.702969
-35.78,31,6364.16865
-44.68,29,6364.582051
-37.64,22,6364.930113
-35.3,38,6365.608141
-41.15,22,6366.211569
-36.0,24,6366.768857
32.098765,40,6367.385437
-36.0,23,6367.776778
-38.34,28,6368.247968
-35.32,31,6368.96857
-38.71,20,6369.292032
35.244224,25,6369.71444
-41.88,27,6370.205332
-41.72,32,6372.59038
-38.37,23,6372.896652
32.693103,29,6373.250353
-36.0,28,6373.589586
-39.98,27,6373.929442
-38.75,31,6374.297088
-35.4,30,6374.743077
-33.0,31,6375.246264
-32.18,25,6375.641892
34.793641,24,6376.058684
41.662069,32,6376.613043
-41.35,40,6377.383395
-32.09,37,6377.99154
-38.22,34,6378.575548
-47.21,18,6378.876972
-41.15,26,6379.421245
36.0,25,6379.929548
-38.86,20,6380.308622
-35.84,32,6383.207926
-38.33,32,6383.604711
-45.0,16,6383.804892
-39.0,24,6384.076184
-32.82,33,6384.480179
-35.68,33,6384.876167
-30.0,31,6385.375252
-32.01,33,6385.94618
32.732997,41,6386.673064
35.166078,31,6387.162537
-41.73,25,6387.572747
-41.64,92,6389.103497
-42.0,26,6389.537879
-32.25,28,6390.033752
-35.52,31,6390.526979
-36.0,28,6392.894995
-38.53,23,6393.24355
-41.58,19,6393.486375
-35.12,26,6393.782505
35.115814,43,6394.309655
-42.0,22,6394.597283
-44.18,20,6394.838132
32.631313,62,6395.962909
32.325424,31,6396.52272
-37.85,26,6396.990585
34.296707,65,6398.093114
-38.15,27,6398.540529
-32.62,37,6399.058834
-38.46,25,6399.500045
-32.53,29,6399.991093
-38.44,29,6400.501923
-38.71,29,6402.994714
-35.88,34,6403.560908
-40.61,23,6403.970327
35.70317,30,6404.334823
-32.12,30,6404.702108
37.715856,29,6405.047975
-35.81,24,6405.352473
-35.85,30,6405.726735
-47.94,16,6405.955581
-44.26,24,6406.510875
-35.78,30,6407.177404
31.521645,25,6407.61043
-38.76,29,6408.085694
35.456604,30,6408.72966
-41.63,29,6409.226128
-32.24,31,6409.744358
-44.13,20,6410.100281
-32.75,37,6410.715485
-41.36,32,6411.371014
-35.38,30,6413.77759
35.403846,24,6414.160565
-36.0,33,6414.649737
-35.01,33,6415.049532
-44.48,25,6415.527335
30.0,30,6415.903617
-44.87,32,6416.328727
-38.24,21,6416.665474
35.114033,32,6417.19218
-32.42,26,6417.630532
-35.15,28,6418.080059
-41.39,22,6418.441318
-43.75,25,6418.837053
-40.89,50,6419.704146
-38.23,32,6420.242557
-32.91,29,6420.735415
32.197531,32,6421.385978
-41.7,27,6423.828031
-41.45,25,6424.318735
-33.0,31,6424.885904
-32.5,38,6425.410552
-44.59,31,6425.790616
-34.52,29,6426.148682
32.743494,28,6426.486959
-41.16,26,6426.839874
-32.09,32,6427.308239
-37.75,24,6427.704872
-35.21,32,6428.25861
-32.2,32,6428.797892
-38.91,33,6429.398457
-32.76,32,6429.949419
32.538874,27,6430.420492
-44.1,24,6430.841767
-40.56,28,6431.329722
-35.61,29,6433.803559
-33.0,24,6434.216735
-44.85,27,6434.696305
-44.24,29,6435.190202
-41.09,28,6435.58909
-36.0,29,6436.018704
-41.42,26,6436.354059
-39.0,36,6436.766099
-32.42,30,6437.144245
-44.89,21,6437.449307
-47.54,20,6437.707992
40.781353,24,6438.098839
-38.09,57,6439.065516
35.200438,30,6439.645972
-35.35,26,6440.09367
-38.35,23,6440.485268
-35.68,31,6441.027338
37.92405,31,6441.507245
32.988593,28,6443.832806
-32.1,39,6444.516015
32.139932,31,6445.019712
-37.82,32,6445.477231
-35.02,26,6445.851527
-43.17,25,6446.219931
-32.45,27,6446.554778
-35.07,30,6446.897683
35.772595,32,6447.316604
-42.55,17,6447.545079
-36.0,22,6447.863092
-35.82,30,6448.499051
40.498745,22,6448.937635
-32.56,28,6449.43374
-40.7,26,6449.901925
-41.71,27,6450.387845
-37.77,33,6450.928149
-39.0,40,6451.626665
-42.0,25,6454.007818
-38.91,25,6454.445271
-38.29,27,6454.90965
35.481203,30,6455.442104
-41.32,30,6455.90098
-42.0,16,6456.1487
-41.74,25,6456.552097
-35.46,26,6456.954865
-32.67,30,6457.336918
36.0,23,6457.599271
37.75496,30,6458.242531
-35.28,27,6458.697711
30.0,49,6459.469712
-41.81,22,6459.831734
-41.56,22,6460.238431
-35.41,26,6460.705607
-41.58,23,6461.112728
-41.48,18,6461.43183
-32.49,29,6461.901854
-44.78,29,6464.263336
-43.47,27,6464.733912
-38.56,21,6465.087859
-32.24,29,6465.586606
-44.77,19,6465.93602
-32.61,27,6466.343095
35.324759,32,6466.782485
33.0,30,6467.246714
-43.51,22,6467.5545
-43.98,24,6467.86187
-37.75,23,6468.182581
-46.85,25,6468.557808
32.567273,43,6469.121033
35.911043,22,6469.473368
34.50802,25,6469.872593
-32.55,32,6470.387694
-33.0,31,6470.882974
-38.75,23,6471.319515
-44.8,25,6471.745944
-44.59,30,6474.226017
-44.39,23,6474.700933
32.875371,33,6475.252836
-33.0,37,6475.88875
33.0,37,6476.489035
-40.74,33,6476.980283
35.396552,53,6477.717463
-32.28,32,6478.140558
-38.73,29,6478.502573
-38.71,25,6478.843604
-38.24,28,6479.202336
38.723636,21,6479.516258
-39.0,31,6480.013332
-37.67,27,6480.476393
-42.0,21,6480.809178
-35.59,26,6481.223152
-42.0,42,6481.943753
-38.29,30,6484.356164
-44.62,28,6484.862725
-32.62,35,6485.44484
-32.11,33,6486.016404
34.45676,33,6486.590844
-41.42,19,6486.878612
-36.0,22,6487.21917
-37.69,31,6487.656592
-34.77,32,6488.081083
32.188612,31,6488.498056
-36.0,33,6488.938832
35.680451,23,6489.250247
-36.0,28,6489.638334
32.40239,21,6489.940654
-35.51,25,6490.304366
-41.79,30,6490.821624
-38.44,28,6491.334979
-32.38,36,6491.928488
-35.62,28,6494.404462
32.217712,30,6494.902989
-38.3,39,6495.589933
-38.5,21,6495.972849
-35.71,30,6496.480513
-32.65,35,6497.030708
-38.42,28,6497.43354
-32.67,35,6497.951763
-38.52,27,6498.319199
-36.0,31,6498.771673
37.523776,26,6499.13914
34.097996,35,6499.634589
-37.91,22,6499.94647
-35.38,28,6500.320043
-34.26,28,6500.756176
-41.37,23,6501.372406
-40.18,32,6501.990475
-40.4,22,6504.256442
-33.0,35,6504.835824
-33.0,31,6505.317882
35.412698,23,6505.704643
32.643836,29,6506.204318
-35.29,25,6506.579411
-35.02,27,6507.079036
-33.0,31,6507.530567
-32.39,31,6507.979068
32.46831,32,6508.525394
33.0,25,6508.895673
-36.0,27,6509.502028
-38.14,33,6509.984901
-38.25,27,6510.3545
-38.58,24,6510.67877
-38.49,33,6511.130632
-44.77,27,6511.596576
-40.94,28,6512.059447
-32.33,24,6514.374437
-41.79,18,6514.707246
-37.49,27,6515.174028
32.637555,36,6515.764736
41.384615,21,6516.108168
34.801587,37,6516.75742
40.491827,36,6517.335895
-38.67,24,6517.701712
-35.77,27,6518.090008
-34.92,27,6518.48796
-41.39,17,6518.745287
-38.26,22,6519.05283
-35.39,31,6519.45932
-38.28,46,6520.112146
-41.12,26,6520.47187
-41.4,22,6520.764962
-35.68,24,6521.08066
32.453488,27,6521.597336
-40.66,22,6521.944549
32.584677,47,6524.600019
-41.74,25,6525.032304
-37.58,23,6525.402297
33.809853,26,6525.829022
-44.54,25,6526.256462
-35.89,27,6526.907611
-32.12,24,6527.307479
-32.5,29,6527.745728
33.0,30,6528.157815
34.895973,26,6528.545333
-38.06,27,6528.937958
-42.0,23,6529.264569
-35.42,28,6529.713609
-42.0,19,6529.967693
-37.18,28,6530.351334
38.309572,22,6530.64081
-40.66,23,6530.955933
-43.82,26,6531.31802
34.91559,28,6531.698431
-38.94,34,6534.169332
-35.29,35,6534.964863
34.266784,29,6535.424465
-32.91,32,6535.972352
-35.34,31,6536.514082
-33.0,36,6537.117938
-44.91,25,6537.486277
-38.68,23,6537.796479
32.070707,37,6539.157944
-32.49,30,6539.684402
35.102484,30,6540.195019
-44.79,18,6540.489602
-41.13,21,6540.83259
-42.0,21,6541.168095
-44.5,27,6541.552329
-39.0,29,6541.971596
-35.29,27,6542.313102
-48.0,23,6542.622717
32.361404,29,6543.036277
-32.43,44,6545.641467
-38.46,23,6546.022363
33.0,30,6546.549998
-35.81,30,6547.028417
-38.88,23,6547.367762
-37.3,26,6547.763683
-44.87,30,6548.198119
-35.06,39,6548.768029
-39.0,21,6549.106156
-41.89,29,6549.579578
34.832744,31,6550.174123
-41.52,24,6550.57747
-41.88,24,6550.95562
-41.14,22,6551.274244
-41.45,20,6551.546048
-35.6,28,6551.908245
33.0,26,6552.260975
-41.04,25,6552.860749
-33.0,30,6555.225159
-37.48,27,6555.852013
-41.14,36,6556.426017
-35.47,28,6556.888315
35.015576,25,6557.306298
-42.0,26,6557.672284
38.381323,33,6558.133724
-41.1,26,6558.677909
-37.7,21,6558.981404
-35.23,25,6559.409809
-35.69,33,6559.994933
-36.0,26,6560.435326
-42.0,19,6560.769588
-34.82,31,6561.480282
32.134375,35,6561.963036
-41.41,22,6562.282739
-39.0,19,6562.573849
33.0,38,6563.133362
-42.0,28,6563.63311
-41.02,25,6565.863254
-41.03,33,6566.437616
36.214588,27,6566.887071
-47.36,18,6567.197023
-32.51,39,6567.791459
35.877483,27,6568.194622
33.0,32,6568.639304
-41.32,29,6569.072772
-38.06,33,6569.564808
-38.19,23,6569.937179
36.0,24,6570.324944
-38.65,25,6570.747194
35.608365,21,6571.076827
-36.0,25,6571.494545
-35.68,42,6572.095518
-35.1,32,6572.571056
-36.0,29,6572.961897
32.612782,39,6575.358457
-33.0,29,6575.824154
-37.29,29,6576.137168
-41.28,27,6576.543217
36.0,21,6576.941451
-38.81,32,6577.466041
-41.5,24,6577.881248
-35.11,34,6578.403772
37.941904,24,6578.926762
38.328947,21,6579.231293
35.84898,28,6579.626522
32.473282,38,6580.179029
-39.0,24,6580.572551
-41.35,24,6581.007867
-36.0,28,6581.482684
-35.68,56,6582.313493
-35.91,31,6582.731324
-38.68,38,6585.143349
-38.48,26,6585.602091
-32.77,28,6586.064308
-38.41,22,6586.444658
-38.6,27,6587.089945
-35.05,20,6587.474277
32.480349,31,6587.964083
35.421801,37,6588.533293
-35.53,23,6588.86263
38.003891,24,6589.24038
-34.81,32,6589.741363
-35.83,34,6590.24543
-35.57,25,6590.70609
-32.92,29,6591.224874
-44.72,17,6591.497154
-41.76,22,6591.897825
-38.25,28,6592.334243
-41.84,50,6593.081703
-32.5,31,6593.515807
-44.62,35,6595.84329
32.043137,49,6596.658677
-38.43,37,6597.284274
-35.06,34,6597.921064
-40.87,35,6598.432024
-39.0,25,6598.765137
-38.09,23,6599.086428
-41.71,24,6599.447834
-34.81,27,6599.890506
-32.13,28,6600.307265
-39.0,26,6600.692647
-39.0,26,6601.117938
-38.69,21,6601.462021
-44.43,27,6601.898474
-40.7,35,6602.534407
-35.67,48,6603.58094
-40.45,33,6605.759499
-42.0,28,6606.254798
-37.57,28,6606.990135
-42.0,27,6607.453032
-35.73,35,6608.101473
-37.83,35,6608.710092
32.286232,43,6609.40863
32.386667,26,6609.853233
-40.36,28,6610.2568
40.357764,22,6610.581249
-41.17,19,6610.866673
32.747801,26,6611.248653
40.061406,26,6611.617188
-35.9,35,6612.201779
-35.49,25,6612.595335
34.666495,32,6613.2701
36.0,32,6613.832572
-38.42,42,6616.192709
34.666667,25,6616.604843
-30.0,24,6616.976015
-35.31,28,6617.431123
-45.0,19,6617.75721
-35.43,24,6618.152671
-36.0,23,6618.539838
-43.82,24,6618.966231
-37.94,25,6619.374186
-42.0,27,6619.803642
-42.0,21,6620.103329
-41.32,30,6620.544461
-33.0,29,6620.957481
-40.71,30,6621.408722
-40.61,77,6622.74641
-32.02,36,6623.372014
-42.0,24,6623.798632
-35.4,29,6624.287478
41.059028,17,6626.31668
-34.59,26,6626.713753
-38.22,32,6627.237334
-33.0,27,6627.680151
-37.41,22,6628.037845
-41.86,42,6628.746725
38.452962,32,6629.366749
-41.27,37,6629.952254
-38.25,28,6630.345909
-41.52,37,6630.908935
-38.63,29,6631.324772
-41.14,21,6631.688198
-44.76,25,6632.310342
-38.33,25,6632.938521
-41.61,23,6633.357478
-39.0,23,6633.745583
-36.86,47,6634.532952
-41.7,48,6636.934303
-38.54,18,6637.174826
-44.19,16,6637.420667
35.103321,30,6637.890632
32.310078,39,6638.528704
-38.33,22,6638.897574
-45.0,20,6639.440383
-38.81,24,6639.843597
-32.63,30,6640.316683
-48.0,35,6640.809772
32.543651,102,6642.316491
-32.41,31,6642.856218
-38.25,25,6643.299215
-39.0,33,6643.899834
36.411791,25,6644.336412
-32.5,28,6644.756773
34.989529,30,6646.954618
-41.91,29,6647.354459
-35.42,33,6647.80659
-41.37,28,6648.339967
32.058824,39,6648.988585
-41.25,27,6649.479795
-32.65,25,6649.886643
-41.65,24,6650.251248
-46.8,15,6650.463932
-47.88,35,6650.997768
-32.19,34,6651.5001
-35.14,31,6651.996414
37.876207,23,6652.367586
-32.65,29,6652.91089
-42.0,33,6653.48141
-41.68,24,6653.864205
-35.71,43,6654.580504
-35.76,30,6656.901957
-35.7,26,6657.260541
-33.0,30,6657.720723
-35.8,36,6658.235491
-32.91,31,6658.727714
35.501873,33,6659.481721
33.0,31,6660.03308
-40.9,24,6660.364574
32.448071,32,6660.9718
32.359155,29,6661.463042
-38.5,96,6662.985338
32.902834,25,6663.393365
-37.87,40,6664.215777
-35.91,33,6664.801915
-35.04,30,6665.291015
-32.22,31,6667.568742
32.261745,32,6668.012441
-44.73,26,6668.348291
-38.84,23,6668.668552
-41.41,24,6669.003206
35.435897,26,6669.440966
-40.62,32,6669.953749
32.462963,31,6670.403071
-35.47,28,6670.809391
-41.08,18,6671.096689
34.189728,26,6671.474256
-40.73,24,6671.810464
-39.0,27,6672.251834
-33.0,26,6672.700808
35.851711,33,6673.255376
30.835878,49,6674.060941
-41.66,17,6674.223523
-42.0,21,6674.71881
-35.54,24,6677.086046
-41.62,23,6677.458068
-38.51,22,6677.82455
-38.38,26,6678.228498
-39.0,30,6678.640809
-44.33,28,6678.989515
-35.35,24,6679.282164
-35.34,20,6679.533905
-35.45,27,6679.892296
-38.32,44,6680.529971
-32.47,27,6680.875377
-35.51,57,6681.686071
-38.17,25,6682.052898
-44.15,25,6682.413302
-39.0,36,6683.015292
38.799213,25,6683.434625
-33.0,37,6684.084088
-36.0,28,6684.601779
35.200803,27,6686.967495
-38.81,32,6687.480964
39.0,25,6687.871022
34.687291,27,6688.292013
-38.61,29,6688.74859
32.902724,29,6689.141221
-41.13,20,6689.412248
-40.79,26,6689.792332
32.094488,29,6690.224809
-40.73,38,6691.030476
-37.75,38,6691.651438
31.84507,31,6692.09566
41.232184,22,6692.431111
-35.79,26,6692.83047
-35.2,29,6693.260749
-38.71,32,6693.808072
-41.32,23,6694.173283
-45.0,25,6694.597176
-35.01,26,6696.957141
-35.45,35,6697.5333
-38.39,22,6697.929842
-47.41,21,6698.273375
-41.78,26,6698.718697
-44.02,41,6699.360063
35.345865,30,6699.779868
-41.27,28,6700.129333
-43.5,28,6700.481505
-38.01,27,6700.853678
-39.0,24,6701.227767
-38.71,33,6701.855969
-38.5,31,6702.31995
-43.8,19,6702.611519
-40.72,21,6703.063795
-38.47,27,6703.51021
-38.82,22,6703.927594
37.93251,25,6704.337342
-33.0,50,6707.234576
-32.24,31,6707.856713
-36.0,25,6708.301645
-41.14,24,6708.778414
-38.61,28,6709.275451
-38.11,26,6709.782596
-42.0,24,6710.225567
-38.52,19,6710.483999
-42.0,18,6710.720567
-38.26,38,6711.252874
-38.91,23,6711.567608
32.093548,31,6712.213032
-35.21,30,6712.717965
-40.86,34,6713.210682
-32.05,29,6713.625041
-33.0,38,6714.207484
32.089494,29,6714.753883
-41.71,31,6715.403494
-32.24,29,6717.779324
35.877778,29,6718.294694
-35.41,28,6718.783028
-38.93,31,6719.340204
-44.57,24,6719.719707
-39.0,28,6720.211268
-35.41,25,6720.664963
39.0,27,6721.113423
-45.0,22,6721.39678
-32.02,30,6721.751272
-40.86,26,6722.111578
41.527273,21,6722.386446
-41.88,33,6722.77451
-41.73,23,6723.058928
-35.15,29,6723.474945
32.250883,37,6723.946684
-30.0,30,6724.389004
-41.53,31,6724.910771
-35.02,29,6727.293895
40.460307,22,6727.639288
-32.57,31,6728.132388
-38.44,23,6728.481619
-39.0,35,6729.061074
31.834483,28,6729.545113
-38.99,28,6729.986492
-35.64,32,6730.515266
30.0,30,6731.036466
-47.03,12,6731.2293
32.326772,107,6732.790494
-47.24,28,6733.134551
-36.0,29,6733.488517
-32.64,28,6733.849995
-41.81,81,6736.985614
-41.29,20,6737.326616
32.5,30,6737.824405
-38.25,25,6738.218606
-35.21,27,6738.6689
-32.35,36,6739.527384
-35.72,30,6740.036414
30.0,61,6741.058856
-38.43,34,6741.634098
-38.16,30,6742.351434
-35.36,31,6742.85838
-37.66,26,6743.28071
-41.25,22,6743.552547
32.833333,22,6743.828384
-44.18,17,6744.05636
-36.0,34,6744.454256
-32.49,27,6744.760423
-35.42,28,6745.132147
-38.35,23,6747.467591
38.234248,23,6747.882966
-41.16,29,6748.351967
-38.12,29,6748.834719
-32.09,32,6749.362283
-35.08,29,6749.847054
38.6,20,6750.215992
-38.76,32,6750.767929
46.967173,30,6751.29411
-33.0,27,6751.737533
-35.93,26,6752.229576
-32.16,43,6752.993223
-41.61,27,6753.48231
41.838828,18,6753.755001
-39.0,22,6754.036779
41.258182,25,6754.393124
-36.0,37,6754.906742
-41.5,25,6755.184662
-35.48,28,6757.397777
32.290698,34,6757.966866
-39.0,33,6758.552704
-44.24,19,6758.868648
-38.22,31,6759.407124
-35.74,50,6760.268393
-38.77,26,6760.710629
-32.62,30,6761.214211
-38.88,39,6761.903225
34.888159,36,6762.452167
32.176056,25,6762.886219
-39.0,27,6763.361581
-44.48,20,6763.717078
-47.59,24,6764.056828
-38.29,32,6764.421759
-38.52,27,6764.736721
-44.12,27,6765.053791
-35.91,24,6765.345445
-41.86,23,6767.634784
-32.33,38,6768.285758
-32.5,33,6769.060293
-35.74,26,6769.642582
-38.12,29,6770.151452
35.003676,39,6770.798102
-35.16,31,6771.290911
34.459562,33,6771.829968
-37.67,25,6772.275703
-41.33,34,6772.863437
-38.43,21,6773.257347
-39.0,31,6773.766794
-32.24,28,6774.233805
-44.26,30,6774.703146
-41.18,23,6775.048221
-35.31,29,6775.435077
-39.72,35,6775.864697
32.476852,28,6778.030714
-34.34,29,6778.513662
37.680537,21,6778.880013
-38.01,25,6779.280173
-38.91,36,6779.897393
-34.61,29,6780.381608
-44.61,24,6780.827398
-38.52,25,6781.222168
34.472619,28,6781.704658
36.0,42,6782.473424
-41.49,22,6782.851446
-41.16,24,6783.238116
-33.0,30,6783.765631
-44.16,15,6784.013589
-38.78,27,6784.445975
41.016667,19,6784.7589
-37.74,26,6785.220486
-35.91,33,6785.69553
-35.25,27,6786.062324
39.0,24,6788.252549
-41.11,28,6788.72967
32.5,27,6789.210208
35.670996,35,6789.82158
-47.22,63,6790.886025
32.734266,34,6791.445186
41.639749,25,6792.061908
-44.25,40,6792.743357
-32.1,29,6793.260818
39.0,32,6793.81337
-39.0,23,6794.193264
-36.0,29,6794.943264
-38.66,29,6795.426512
35.076671,31,6795.907913
-35.66,28,6796.318105
-41.87,22,6796.635663
-35.91,26,6798.795278
-41.11,25,6799.244779
-41.42,37,6799.786177
37.444351,23,6800.11458
-41.2,33,6800.665452
-35.27,26,6801.149282
-40.72,27,6801.61591
-35.76,32,6802.155409
-44.45,25,6802.589617
-38.57,30,6803.104877
-43.39,23,6803.484262
-39.0,37,6804.175765
-39.0,28,6804.66984
32.8,35,6805.311146
-31.74,38,6805.922134
-32.81,32,6806.484584
-41.41,25,6806.857309
-38.95,34,6808.970215
-38.56,27,6809.429883
-35.39,32,6809.945178
-40.41,29,6810.422577
-32.22,45,6811.177869
35.185075,28,6811.621718
-39.0,21,6812.044191
-41.54,20,6812.388629
-41.14,28,6812.882798
-44.01,24,6813.312003
-38.58,16,6813.62082
-34.55,28,6814.147331
-41.2,46,6814.937829
-35.9,34,6815.511356
34.093415,43,6816.196422
-32.79,30,6816.692236
-38.71,36,6817.281991
-35.28,86,6820.384363
-44.04,28,6820.855467
-41.82,29,6821.446447
-42.0,25,6821.994137
40.661379,33,6822.552883
-38.58,33,6823.126834
-44.05,27,6823.611911
-37.87,31,6824.138251
-38.91,41,6824.824346
-37.17,33,6825.369011
-32.1,30,6825.883236
-41.02,33,6826.509725
-36.0,35,6827.08678
-41.13,22,6827.463621
35.293617,26,6827.843577
-38.78,19,6828.115066
35.9,26,6830.144456
-32.02,28,6830.543106
35.485704,35,6831.169796
-44.6,28,6831.676677
32.446886,40,6832.368107
-32.82,31,6832.922019
-38.07,52,6833.761648
-35.2,34,6834.313788
-38.64,21,6834.666241
-41.08,25,6835.097523
32.533835,29,6835.578922
-36.0,32,6836.175294
-41.41,30,6836.699474
-32.28,40,6837.369383
-38.71,27,6837.824243
-43.9,34,6838.424336
32.289562,32,6840.631412
-32.81,26,6840.995204
-40.65,24,6841.340983
-35.41,28,6841.831651
-38.62,21,6842.166317
-34.9,39,6842.84159
35.093103,33,6843.515457
-38.17,25,6844.110792
-35.45,37,6844.72176
35.380795,23,6845.127658
32.578261,29,6845.620674
-32.85,34,6846.212509
-38.3,33,6846.792505
-38.59,33,6847.614699
-38.4,24,6848.022987
-38.25,28,6848.599165
-38.1,33,6849.128453
-32.31,33,6851.310317
32.418605,45,6851.922799
-38.45,25,6852.297864
32.007326,26,6852.739589
33.0,28,6853.199477
-38.69,27,6853.677651
-38.11,22,6854.067891
-36.94,25,6854.468166
-44.3,16,6854.750956
-32.62,29,6855.22322
-36.62,41,6855.913204
-39.0,23,6856.292941
35.139623,27,6856.721674
-38.53,33,6857.317603
-38.27,29,6857.878231
-38.86,45,6858.598681
-42.0,27,6859.04742
32.901408,29,6861.198434
-38.71,29,6861.594563
-32.09,31,6862.044037
-32.75,26,6862.398034
-47.02,25,6862.736632
34.791389,29,6863.203662
-47.97,82,6864.64966
-32.31,33,6865.251538
-38.47,35,6865.839064
-42.0,23,6866.333861
-32.57,37,6866.97401
35.045113,29,6867.455066
34.965159,31,6867.950631
-35.55,35,6868.589299
-41.75,28,6869.283281
-40.97,23,6869.701327
-41.78,30,6871.869184
-40.63,25,6872.193892
-41.43,21,6872.494156
35.641732,42,6873.035783
-38.4,24,6873.357107
-41.24,37,6873.954772
-38.32,28,6874.403348
-38.47,23,6874.948619
-42.0,25,6875.397151
-44.25,31,6875.981427
-35.39,27,6876.413247
-35.58,28,6876.937532
33.0,52,6877.803113
-33.0,28,6878.263293
-41.91,22,6878.634381
-32.09,33,6879.178365
33.0,32,6879.762392
-35.25,26,6881.911142
-41.28,30,6882.354766
-36.0,22,6882.713397
-36.0,35,6883.199301
33.0,21,6883.476675
38.507576,29,6883.899138
-48.0,23,6884.198616
-32.02,30,6884.600332
32.618321,23,6884.988851
-43.05,43,6885.722169
32.444915,29,6886.207222
-41.19,27,6886.680674
-43.78,27,6887.141366
32.38535,28,6887.586496
-41.13,26,6888.023204
-41.2,31,6888.545034
-35.37,30,6889.024504
-33.0,24,6889.393308
-34.67,38,6892.013737
-41.59,20,6892.361672
-40.84,28,6892.846615
-39.0,28,6893.247071
-35.11,36,6893.75233
35.356863,35,6894.196961
-33.0,32,6894.646296
-36.0,28,6895.080726
-43.6,29,6895.575534
-38.85,27,6896.171286
-39.0,31,6896.777266
35.004016,33,6897.357626
-32.52,29,6897.862715
-38.79,30,6898.371535
-38.28,33,6898.952196
-32.27,33,6899.545408
-38.15,23,6900.157476
32.146919,32,6902.471832
-38.84,30,6902.981847
-39.0,23,6903.396859
-46.77,31,6903.864862
-35.11,30,6904.278757
-42.0,24,6904.634966
-35.52,24,6904.955809
-44.05,23,6905.284236
33.0,27,6905.710256
32.538194,31,6906.271718
-38.18,30,6906.789194
-38.05,25,6907.199066
37.299114,27,6907.667774
32.384106,34,6908.244155
-35.45,30,6908.738559
-35.74,21,6909.108856
32.148289,30,6909.718198
-35.16,24,6910.145396
-40.43,22,6910.553587
40.33293,23,6912.686799
-48.0,20,6912.995828
-41.84,27,6913.429634
-35.07,24,6913.847671
-44.46,22,6914.180994
34.572571,31,6914.603329
-47.22,16,6914.816282
32.243243,30,6915.246605
-32.7,30,6915.647662
43.654281,31,6916.100469
-38.21,30,6916.614021
-47.24,19,6916.927696
31.670569,24,6917.322719
-32.53,38,6918.006228
-35.61,28,6918.484274
32.119186,33,6919.035702
-44.59,23,6919.535174
40.706454,29,6920.073447
37.417662,21,6920.409302
-35.77,33,6922.811975
-33.0,32,6923.337095
36.0,26,6923.803069
-41.24,25,6924.244969
-42.0,22,6924.61256
-32.29,30,6925.140645
35.002882,26,6925.514645
32.669039,35,6926.288711
-35.28,26,6926.645837
-38.34,24,6926.969795
36.0,34,6927.548659
-35.06,26,6927.998922
32.144068,27,6928.438465
32.552239,32,6929.031153
-38.39,23,6929.429668
38.210744,25,6929.861682
38.466877,27,6930.408191
-41.99,24,6930.851191
-45.0,22,6931.279501
-44.14,26,6933.437003
-35.91,25,6933.866459
-42.0,22,6934.23322
-34.81,29,6934.731096
-41.3,26,6935.162637
-44.29,27,6935.555042
-35.83,27,6935.915895
-42.0,26,6936.279894
44.312081,13,6936.477847
-47.11,22,6936.766893
32.259259,29,6937.18535
-38.02,24,6937.539265
-35.21,35,6938.11859
-41.25,33,6938.702232
-32.51,31,6939.245291
34.419572,26,6939.671094
-35.71,30,6940.153778
-35.84,22,6940.504473
-44.81,51,6941.337372
-33.0,31,6943.576126
-44.2,32,6944.093641
-42.0,33,6944.689001
-38.42,28,6945.171582
43.371103,20,6945.505298
-36.0,28,6945.963107
-39.0,39,6946.493236
-38.63,31,6946.857254
32.285714,30,6947.268736
-32.79,31,6947.962672
-44.93,20,6948.342505
-39.0,18,6948.645769
-35.6,31,6949.145835
39.0,36,6949.804453
32.432727,42,6950.525926
-41.74,28,6950.988805
-35.97,34,6951.752942
-38.85,26,6953.974787
33.0,30,6954.52451
-38.74,25,6954.915171
-43.7,24,6955.305922
-38.01,25,6955.79375
-41.1,27,6956.229197
-38.56,22,6956.68084
32.434944,27,6957.078451
-41.27,25,6957.469609
33.0,25,6957.850008
36.0,26,6958.231015
-38.7,26,6958.59082
-44.26,26,6959.02044
-38.12,24,6959.386859
-41.81,25,6959.794387
-41.35,19,6960.144378
-44.3,23,6960.500794
-35.09,30,6961.017075
-41.44,31,6961.5461
-44.48,27,6962.009998
-40.08,28,6964.166948
-32.46,33,6964.745172
-44.12,23,6965.135297
-37.28,26,6965.597519
-34.06,26,6966.071168
-41.72,31,6966.538449
-32.81,53,6967.342189
-35.01,29,6967.777472
-41.83,19,6968.047931
-44.14,31,6968.457233
-38.83,36,6968.924077
33.0,35,6969.410739
-39.0,22,6969.792922
-41.11,29,6970.272336
-41.61,23,6970.6509
-35.45,25,6971.053845
-44.29,34,6971.608581
32.710769,27,6973.85047
-42.0,22,6974.417785
-42.0,31,6974.940881
38.294162,27,6975.392456
-36.0,31,6975.883297
-38.1,25,6976.290817
35.756364,29,6976.823544
40.347376,25,6977.268006
-38.82,26,6977.6594
-35.43,24,6978.244201
-41.2,23,6978.613966
-43.98,34,6979.201042
-41.29,25,6979.518886
-41.36,28,6979.894915
37.495183,29,6980.318726
-41.67,26,6980.758315
-44.47,21,6981.100263
-38.89,29,6981.567896
-35.7,29,6982.045166
-32.72,37,6984.375776
-40.98,22,6984.743567
-45.0,23,6985.122895
-32.38,25,6985.52659
-41.89,29,6986.001199
-43.41,23,6986.403631
32.375969,33,6986.956311
32.019685,35,6987.538379
-42.0,30,6988.062437
-41.45,25,6988.480129
-35.55,23,6988.802423
-38.14,50,6989.48734
-40.24,58,6990.302187
-40.48,40,6990.959806
-39.0,26,6991.420643
35.337621,23,6991.7893
-44.86,21,6992.134556
-41.88,27,6994.46524
-47.53,36,6995.11085
-32.07,31,6995.67912
-37.83,44,6996.630487
-43.54,36,6997.267037
-34.34,50,6998.109843
32.770718,29,6998.579388
32.397626,36,6999.118172
-38.35,30,6999.54863
-41.64,19,7000.105728
-35.81,40,7000.697911
34.651163,31,7001.206705
-41.71,24,7001.643569
-32.94,29,7002.125314
-37.87,27,7002.592384
36.0,26,7003.052279
-41.41,45,7005.575189
-43.73,21,7005.890305
-35.69,26,7006.323261
32.140741,22,7006.734187
-44.5,25,7007.191076
-38.08,28,7007.686213
-40.81,25,7008.118616
-38.02,33,7008.653882
-38.1,34,7009.201042
-35.29,29,7009.696894
-44.24,20,7010.022108
-40.8,24,7010.352129
-32.63,39,7010.920898
38.170909,25,7011.242125
-32.2,25,7011.567787
-39.0,45,7012.233583
-41.68,33,7012.806805
-38.91,25,7015.151423
-40.7,27,7015.601596
-41.17,22,7015.948769
-43.36,23,7016.370949
-44.44,35,7016.95386
33.0,26,7017.388839
-41.04,37,7017.980725
-41.24,36,7018.565862
35.902439,26,7019.002838
-41.88,28,7019.451455
-38.32,22,7019.844698
-32.05,25,7020.262881
-37.36,23,7020.626298
-35.69,25,7020.990207
34.089663,35,7021.456358
-45.0,38,7021.986874
35.164524,33,7022.430206
-35.56,40,7023.097801
-33.0,26,7025.247077
-32.96,26,7025.624518
-33.0,33,7026.192529
-44.53,24,7026.628091
-44.49,24,7027.258535
37.00404,29,7027.724658
-38.91,28,7028.187625
-36.0,33,7028.675078
-32.14,31,7029.017296
-41.91,26,7029.281062
37.573116,32,7029.677827
-42.0,19,7030.04459
-38.08,28,7030.662726
-36.0,25,7031.072241
-38.77,28,7031.555335
-44.29,32,7032.086055
-36.96,28,7032.500032
-41.76,27,7032.817285
-47.28,17,7033.056776
35.800781,27,7035.312679
-38.84,24,7035.666047
-33.0,29,7036.080231
-35.19,32,7036.570074
41.516619,28,7036.982018
35.217241,32,7037.562038
-35.2,25,7037.979779
-34.44,45,7038.756265
35.261818,26,7039.187261
-37.49,27,7039.590956
-40.93,28,7040.061673
-35.91,37,7040.662511
35.291667,26,7041.083737
-41.34,19,7041.439886
37.280551,31,7041.969754
-36.0,28,7042.43439
-42.0,18,7042.693695
-35.71,26,7043.06469
-31.79,29,7045.194199
-38.67,24,7045.598126
-38.82,24,7045.937649
-38.25,20,7046.237936
-41.04,28,7046.656312
38.658567,34,7047.138579
-35.81,53,7047.950065
-44.28,31,7048.567485
-37.63,38,7049.249191
-31.65,30,7049.831725
-35.6,47,7050.672923
-32.07,31,7051.170958
-32.08,24,7051.603165
-32.49,54,7052.502172
-42.0,34,7053.276881
-41.76,24,7055.42141
34.608527,33,7055.95158
-38.91,32,7056.42158
-41.91,22,7056.911075
-38.59,30,7057.486584
-32.26,33,7057.948268
-35.37,37,7058.576033
38.598854,21,7058.926928
-33.0,22,7059.327034
38.9,29,7059.815573
-35.91,42,7060.572214
-42.0,33,7061.157588
-36.0,29,7061.489185
-35.34,28,7061.882143
-35.3,27,7062.347267
-38.9,22,7062.645926
-32.05,26,7063.180994
-47.25,19,7063.518755
-35.74,27,7065.731667
-42.0,24,7066.085629
-41.68,31,7066.617653
-42.0,23,7066.939634
-34.92,24,7067.289668
-38.32,22,7067.615991
32.418831,34,7068.142224
32.5,28,7068.560303
-39.0,25,7069.003468
-45.0,27,7069.469991
-39.0,31,7070.011167
40.006171,22,7070.402596
41.062745,27,7070.865821
-32.71,26,7071.306971
-41.66,24,7071.729292
-32.14,27,7072.205655
-38.66,26,7072.673779
-35.22,28,7073.150693
-40.92,25,7073.586946
35.889734,25,7074.01047
-41.14,25,7076.209696
-39.0,35,7076.774256
-38.4,29,7077.200759
-38.81,21,7077.505096
-35.71,29,7077.859536
-42.0,20,7078.089829
-41.71,17,7078.266094
-40.73,28,7078.631048
32.166213,25,7079.052432
-39.0,18,7079.362211
32.215232,33,7079.897749
36.661703,29,7080.624715
-44.99,28,7081.070662
-35.13,27,7081.520364
-44.12,22,7081.909681
-41.08,24,7082.307505
35.915441,48,7083.337356
-35.24,23,7083.728971
32.313492,39,7086.230236
-41.21,25,7086.543086
36.0,24,7086.867696
-41.27,24,7087.181759
-44.82,40,7087.746978
32.603774,27,7088.153536
-39.0,21,7088.458949
-46.21,23,7088.790144
-37.77,31,7089.318018
34.613766,33,7090.014913
-34.7,36,7090.594868
-44.81,22,7091.032859
41.26506,19,7091.338311
-38.02,25,7091.784337
-41.35,30,7092.270447
-44.76,20,7092.581222
36.0,33,7093.117622
-41.53,21,7093.485483
-41.2,25,7093.873651
-38.24,21,7094.191684
33.0,25,7096.427324
32.044177,38,7096.937732
-34.29,36,7097.419344
-44.55,24,7097.682171
-41.15,22,7097.953628
32.319392,27,7098.443907
-41.42,22,7098.783586
-37.35,23,7099.157398
-43.78,29,7099.625182
-41.62,22,7100.011336
-32.72,34,7100.618012
-40.32,34,7101.231236
-38.32,25,7101.616753
-32.17,34,7102.222652
-35.54,31,7102.782642
35.012481,25,7103.193657
-38.63,29,7103.672333
-35.13,31,7104.19434
-38.63,25,7106.553608
-36.0,33,7107.049937
-38.88,20,7107.347059
-37.84,20,7107.778765
-38.71,25,7108.069228
-38.91,22,7108.33881
35.077259,28,7108.798003
32.578059,28,7109.292201
35.089928,23,7109.864662
-39.0,20,7110.418321
-36.0,26,7110.869484
-38.43,29,7111.344096
-44.72,28,7111.80509
-38.68,29,7112.290451
-32.71,32,7112.808013
-38.78,30,7113.328381
32.702797,21,7113.687688
-41.28,30,7114.204224
-38.88,27,7114.669345
-35.77,50,7117.308636
-34.58,25,7117.769752
-32.86,30,7118.194947
-39.0,36,7118.657474
-38.36,30,7119.01518
-39.0,31,7119.389323
-32.13,26,7119.752988
-35.75,28,7120.181837
-34.7,29,7120.688353
-41.6,27,7121.19898
-38.03,27,7121.632603
-41.85,24,7122.042829
-36.0,31,7122.717873
-35.71,110,7124.534926
35.728596,24,7124.922116
32.325,26,7127.255103
-44.35,21,7127.613023
-41.96,21,7127.913177
-33.0,33,7128.361743
-38.35,22,7128.661941
37.983193,23,7128.973887
-35.75,41,7129.465287
32.683794,35,7129.889185
-44.17,24,7130.215239
-41.28,27,7130.604366
34.67561,34,7131.1715
-41.02,47,7131.948549
-36.0,28,7132.629452
-40.48,31,7133.202369
-33.0,26,7133.661058
-34.84,43,7134.391874
-41.02,28,7134.875244
-44.11,27,7137.2175
-35.77,43,7137.995284
-35.04,26,7138.459295
-41.57,24,7138.864562
-41.46,30,7139.340706
-38.11,28,7139.744605
-38.85,21,7140.004194
-38.36,33,7140.457255
-41.13,27,7140.795187
40.986389,24,7141.118213
-35.84,22,7141.434413
-40.45,24,7141.846018
40.444536,26,7142.296452
-41.02,19,7142.625123
-35.19,30,7143.11933
-44.53,25,7143.55044
-41.1,18,7143.870839
-45.0,29,7144.344391
-44.51,22,7144.742158
35.798283,31,7147.143387
-35.88,26,7147.56477
-35.35,26,7148.029092
-36.0,45,7148.775595
-35.57,30,7149.302258
-35.55,24,7149.689582
-38.76,24,7150.003084
-44.77,18,7150.235628
-45.0,27,7150.624365
-41.91,23,7150.896093
-32.46,29,7151.245073
-38.47,24,7151.562871
-32.09,67,7152.804201
-41.52,27,7153.290347
-38.62,32,7153.866805
-35.05,31,7154.530991
35.304183,32,7155.061459
-38.63,26,7157.886604
-41.87,26,7158.309663
32.564885,31,7158.817878
35.573862,34,7159.597465
-37.44,34,7160.184686
-42.0,28,7160.690532
-41.72,18,7161.055022
-41.55,23,7161.330997
-35.91,30,7161.702956
32.154472,34,7162.070961
-36.0,26,7162.392687
-35.17,25,7162.701905
-32.55,25,7163.391988
-35.68,28,7163.864245
-42.0,24,7164.271478
34.966703,30,7164.79197
-32.12,37,7165.398453
-36.0,27,7165.894126
35.353383,27,7166.38257
-35.67,22,7168.638359
-33.86,41,7169.228732
-38.54,29,7169.678551
34.619886,32,7170.222542
-36.0,26,7170.656752
-41.26,31,7171.207478
-39.0,32,7171.68346
-37.95,26,7172.028091
-35.83,39,7172.479947
35.332425,30,7172.889197
-32.41,29,7173.535093
-41.24,29,7173.982937
-33.0,34,7174.554029
35.0,29,7175.04171
-35.94,37,7175.691042
-35.31,25,7176.093576
-35.2,44,7178.735206
-38.1,27,7179.20485
-38.52,21,7179.557291
32.205387,31,7180.105302
-35.45,32,7180.62371
-41.5,24,7181.003873
-35.44,38,7181.592515
39.0,25,7181.960974
35.522556,32,7182.356854
32.241042,37,7182.794073
32.402724,29,7183.164302
-43.78,28,7183.570652
-39.0,28,7183.96715
-38.5,29,7184.46019
-41.97,24,7184.881039
-35.22,38,7185.503971
-35.04,26,7186.135702
33.0,27,7188.689816
-38.58,32,7189.251304
-41.82,37,7189.886379
-33.0,30,7190.382856
-44.26,16,7190.628201
-32.76,33,7191.222666
-32.55,32,7191.764194
-34.89,33,7192.236802
-44.05,42,7192.866251
-38.71,30,7193.232213
-36.0,30,7193.626106
-33.0,24,7193.931086
-41.02,25,7194.272628
-38.52,23,7194.573309
-32.46,37,7195.145962
32.136187,35,7195.731661
-34.87,32,7196.392801
32.106618,27,7198.702681
32.477966,33,7199.225515
-41.25,29,7199.711641
-35.57,33,7200.293141
-41.81,22,7200.708761
-38.91,27,7201.172849
-35.63,30,7201.651333
-35.5,27,7202.122876
-36.0,28,7202.570069
-38.49,33,7203.077881
35.318182,31,7203.511602
-44.28,26,7203.830369
34.942857,27,7204.146918
32.186667,26,7204.710604
-44.76,26,7205.145118
32.296875,41,7205.802971
-47.12,28,7206.346883
-39.0,22,7206.7311
-36.0,29,7209.064468
-32.1,30,7209.535613
-38.39,29,7210.045221
39.0,21,7210.432778
-38.7,23,7210.810067
-37.6,33,7211.361967
-44.11,27,7211.828535
39.0,17,7212.127916
33.0,40,7213.03356
-32.69,32,7213.699548
-43.82,21,7214.043229
-41.68,28,7214.430412
-42.0,34,7214.849196
37.586563,36,7215.312995
-41.66,32,7215.759789
40.531548,24,7216.09374
-38.41,25,7216.413227
-41.06,22,7216.777752
35.032349,33,7218.942979
-35.55,39,7219.583281
-35.24,24,7219.993032
-42.0,29,7220.488276
-44.17,24,7220.891877
-35.84,26,7221.298551
-46.19,19,7221.617647
30.0,34,7222.174366
-35.37,27,7222.752813
-35.25,29,7223.238328
-38.6,24,7223.651979
-40.87,26,7224.052185
-39.0,19,7224.343886
-44.56,25,7224.717541
-34.57,44,7225.356972
-41.6,28,7225.741472
-38.12,24,7226.084113
35.921296,51,7226.783243
-35.73,31,7229.099937
-41.85,23,7229.502763
-36.0,29,7230.007203
-41.91,25,7230.479595
32.280488,29,7230.988723
-38.37,28,7231.493981
-35.06,20,7231.816163
-41.75,23,7232.240513
-38.41,24,7232.643034
-35.9,21,7232.984313
40.625523,22,7233.365589
-35.42,29,7233.839633
-38.23,20,7234.151699
-32.69,25,7234.558032
-44.31,22,7234.860506
37.79323,42,7235.506166
-33.0,27,7235.889997
-40.84,22,7236.186029
-38.65,23,7236.495794
-42.47,38,7239.125871
-41.49,24,7239.681887
32.565972,33,7240.576753
-40.47,32,7241.128733
-32.29,27,7241.586046
35.433309,31,7242.122342
-41.02,19,7242.48802
-41.98,23,7242.863415
-38.32,42,7243.569318
-32.17,32,7244.108303
32.164141,34,7244.620019
-38.88,34,7245.140682
-35.91,23,7245.465134
-39.0,20,7245.778353
33.0,28,7246.227924
-41.28,30,7246.732602
-32.56,32,7247.174064
-32.38,32,7247.603231
-41.83,23,7249.752151
34.406649,38,7250.443672
-41.8,22,7250.792654
-43.76,25,7251.230377
-34.92,40,7251.905859
-32.39,34,7252.461452
-36.0,32,7252.967288
-37.76,28,7253.423961
-32.39,31,7253.898018
-44.59,17,7254.178482
32.878049,27,7254.574223
-35.57,28,7254.963241
-38.12,37,7255.497307
-41.45,31,7255.95225
35.433702,31,7256.465257
-36.0,32,7257.005973
38.658182,21,7257.590443
35.875,26,7257.971061
32.876289,28,7260.859392
-44.13,43,7261.554512
-32.36,46,7262.328941
36.0,33,7262.890206
37.264401,33,7263.419238
32.120301,26,7263.89222
-44.09,21,7264.201738
-38.11,28,7264.502611
-44.45,21,7264.806523
-45.45,28,7265.250788
-38.91,26,7266.098867
35.791391,22,7266.427413
-35.54,34,7267.107985
-43.96,31,7267.614831
35.309211,37,7268.238503
-42.0,35,7268.764864
-35.72,25,7270.850055
41.279693,28,7271.336401
41.891026,22,7271.733854
-38.47,27,7272.175062
34.801039,34,7272.805987
-32.8,27,7273.286897
-35.9,32,7273.870267
-47.1,19,7274.213886
-37.32,29,7274.660327
-37.89,35,7275.152527
-35.15,27,7275.476804
-43.87,39,7276.025155
-38.09,27,7276.475713
40.301723,22,7276.863795
-39.0,31,7277.351921
35.328358,33,7277.929227
-39.0,30,7278.462005
36.0,28,7278.932392
-34.37,46,7281.303853
-32.26,33,7281.740247
-35.08,24,7282.296112
-38.09,48,7283.157067
-35.61,28,7283.656587
-32.89,30,7284.132639
34.946433,25,7284.568008
-41.59,23,7284.97238
-35.38,33,7285.559438
-32.52,29,7286.00309
35.540146,29,7286.442207
37.393069,36,7286.961054
-41.71,31,7287.386999
39.0,20,7287.648056
-42.0,26,7288.109552
-35.36,25,7288.532265
-38.66,28,7288.998052
-36.0,30,7291.101771
32.643382,24,7291.547136
-35.52,21,7291.895514
-38.27,26,7292.601709
35.19697,27,7293.322916
-35.5,27,7293.819091
-35.66,26,7294.283179
-38.31,24,7294.728488
-47.93,15,7294.975989
-38.76,28,7295.470333
-41.78,25,7295.878355
-38.9,24,7296.282537
-35.91,24,7296.685937
-44.89,16,7296.909963
-42.0,25,7297.268759
-32.88,22,7297.61064
-38.71,30,7298.068019
-40.75,37,7299.517272
-42.0,19,7299.852042
-35.27,30,7300.362864
34.962799,34,7302.657694
-41.11,20,7303.011139
-38.5,30,7303.539543
-43.44,20,7303.845245
40.420988,24,7304.283801
-38.92,23,7304.7198
-37.47,30,7305.205828
-43.75,21,7305.681381
34.680485,35,7306.251802
-32.28,30,7306.698948
-35.62,24,7307.064462
-44.94,23,7307.399547
-33.0,37,7307.969837
-44.02,30,7308.499917
40.647852,22,7308.86034
-32.49,23,7309.255297
-44.02,19,7309.590376
-38.37,27,7310.016406
37.327877,28,7310.487893
-39.0,33,7311.048518
-38.7,28,7313.410958
-35.8,22,7313.768385
-36.0,25,7314.227565
-39.0,29,7314.733771
-40.53,26,7315.14692
36.0,21,7315.561917
-35.32,42,7316.21262
-32.91,34,7316.7021
-41.07,20,7316.998437
41.256506,19,7317.254206
41.089552,22,7317.585103
-41.11,27,7318.229391
-39.0,30,7318.827818
-37.05,28,7319.524244
35.397541,22,7319.960994
-35.24,36,7320.546809
41.097122,19,7320.879994
-39.0,22,7321.277846
-32.64,28,7321.752511
-38.88,27,7323.922163
35.250909,37,7324.460596
-38.51,44,7325.192239
-47.57,21,7325.547383
-37.68,30,7326.063359
34.501807,32,7326.590678
35.316327,25,7326.949628
-35.1,34,7327.433708
32.323718,31,7327.906082
38.492857,26,7328.378143
-44.25,29,7328.848553
-33.0,32,7329.37075
-35.51,27,7329.812874
32.240385,26,7330.216917
-35.29,37,7330.8381
40.234611,20,7331.192368
32.376761,28,7331.662998
-35.08,71,7334.520499
-35.26,30,7335.041014
-32.2,29,7335.530092
-42.0,25,7335.945933
-35.51,24,7336.311414
33.0,25,7336.686917
-41.48,23,7337.025566
-38.56,29,7337.46563
-38.19,22,7337.770165
-41.28,27,7338.306685
32.688462,30,7338.798886
-41.29,25,7339.213651
-40.95,23,7339.60646
-41.5,23,7340.007148
-30.0,29,7340.475316
-38.75,27,7340.962153
-35.61,22,7341.319212
-35.97,42,7342.03559
-36.0,35,7344.34814
-38.15,27,7344.955892
-35.76,27,7345.647712
-39.0,22,7346.025688
32.868852,32,7346.582185
33.0,25,7346.969226
-43.9,21,7347.266875
-36.0,25,7347.634098
-31.93,33,7348.135889
-41.33,31,7348.595999
-41.24,20,7348.901495
-32.33,26,7349.353892
-41.74,24,7349.774554
-44.7,19,7350.111096
-35.78,27,7350.714621
-32.38,30,7351.2272
32.080495,36,7351.836126
-44.32,20,7352.173706
-38.52,30,7352.686394
-41.28,29,7354.914105
-35.92,27,7355.311294
-42.89,23,7355.668091
-35.2,27,7356.076482
32.235741,36,7356.735667
-32.82,28,7357.230984
-41.0,32,7357.679345
-34.75,27,7358.070143
-32.91,30,7358.525698
-43.1,22,7358.881485
-43.77,21,7359.194954
-38.76,24,7359.659888
-44.33,23,7360.071608
31.959649,31,7360.552545
-38.03,25,7360.997122
-44.16,24,7361.42037
-38.67,25,7361.850584
-33.0,32,7362.393224
-32.39,32,7362.89579
32.003521,29,7365.114531
-35.35,22,7365.427482
-41.27,33,7365.89259
-38.08,21,7366.242182
-41.29,23,7366.613941
-38.19,26,7367.071206
-43.88,28,7367.511632
33.0,29,7367.932051
-41.5,29,7368.368276
-44.69,44,7369.066974
41.229091,21,7369.391517
-35.35,35,7369.985559
-41.21,20,7370.568446
-38.85,28,7371.121131
-35.62,29,7371.781738
-43.6,19,7372.081594
33.0,28,7372.546383
-39.0,25,7372.9727
40.608496,23,7373.351165
32.454545,33,7375.693249
-32.29,32,7376.102511
32.779412,28,7376.487917
-35.58,30,7376.97286
32.252708,25,7377.414569
-32.33,45,7378.289018
-37.92,28,7378.681806
-35.76,36,7379.201144
-38.77,32,7379.684442
32.811765,34,7380.289743
-48.0,22,7380.687145
-35.2,28,7381.216287
-38.24,30,7381.72912
-47.65,28,7382.231343
32.605187,35,7382.879097
38.266409,24,7383.289478
-41.51,23,7383.73797
35.213115,32,7386.689377
-35.36,35,7387.341574
-40.86,22,7387.737566
-39.0,20,7388.096161
-40.79,30,7388.534518
-36.0,34,7389.033791
-32.49,40,7389.576647
43.880524,37,7390.141298
-35.0,44,7390.923316
-38.85,30,7391.418167
-35.91,26,7391.900229
34.097236,36,7392.503552
-38.41,33,7393.085433
33.0,28,7393.536535
-38.52,39,7394.133441
34.521807,27,7394.642601
-35.65,29,7396.903155
-35.64,27,7397.374475
-42.0,26,7397.727142
-44.07,19,7398.008823
-35.84,32,7398.830429
-35.02,25,7399.234493
30.0,26,7399.622721
35.136654,28,7400.012973
-38.82,25,7400.387056
-35.27,28,7400.787262
-32.59,32,7401.27037
-35.94,28,7401.770561
37.077273,19,7402.139132
35.535581,23,7402.520699
38.445161,27,7402.958606
32.734807,44,7403.733799
-33.0,36,7404.370864
-46.59,28,7404.880808
-34.03,27,7407.126125
-41.88,18,7407.386617
32.348921,28,7407.769552
-35.51,32,7408.18466
-33.69,43,7408.862289
-38.72,22,7409.247824
35.535849,26,7409.652198
-32.58,29,7410.076095
32.113372,33,7410.527289
-41.35,22,7410.868091
-35.59,23,7411.196261
-39.0,22,7411.59434
-41.76,27,7412.468759
-35.4,25,7412.90781
-41.48,39,7413.603865
-34.36,37,7414.247975
-35.27,45,7415.063788
32.185328,30,7417.485214
-43.43,24,7417.84848
-38.41,27,7418.205144
35.094276,28,7418.585676
-32.6,30,7419.002645
-34.81,27,7419.352309
-41.19,34,7419.83423
-38.5,25,7420.189051
-38.91,26,7420.566408
-34.68,25,7420.936368
-38.63,22,7421.292578
-35.18,29,7421.763695
-38.17,23,7422.125567
-41.58,19,7422.447473
-35.35,29,7423.175112
-35.57,28,7423.688151
-35.04,30,7424.427671
33.0,34,7425.005906
38.338235,27,7425.480777
-38.46,24,7427.771293
-36.0,29,7428.241462
-41.03,23,7428.582078
-32.37,27,7428.955666
34.210228,37,7429.656227
35.9375,29,7430.034431
-35.54,27,7430.452116
40.584268,25,7430.81799
33.0,35,7431.30701
-35.23,29,7431.763332
-41.67,22,7432.145686
32.135659,24,7432.597981
-44.24,23,7433.022834
32.253731,32,7433.547147
32.296804,29,7434.081711
-32.6,31,7434.586838
-41.33,28,7435.09133
-39.0,38,7435.716998
-32.78,33,7438.107347
-32.5,30,7438.562951
38.757143,27,7438.901931
-41.58,21,7439.173951
-32.41,30,7439.573986
38.715909,26,7439.907991
-41.33,22,7440.176051
34.855792,35,7440.673777
-40.68,30,7441.134829
-41.23,23,7441.492273
-41.59,21,7441.811338
-38.8,31,7442.329181
-32.48,31,7442.83879
-32.88,33,7443.366364
-42.0,24,7443.778853
-32.29,23,7444.146761
32.382979,31,7444.737152
-35.61,34,7445.282987
-35.37,27,7445.739007
-32.87,33,7448.203902
-33.0,31,7448.897434
-35.26,38,7449.430712
-38.73,34,7450.165367
32.90393,24,7450.529199
-35.89,26,7450.901854
32.755034,33,7451.350744
-38.72,33,7451.843811
35.187851,29,7452.280513
-33.0,31,7452.753841
-42.0,28,7453.224275
38.549784,20,7453.543748
-44.81,26,7454.182717
-38.23,36,7454.822868
-37.22,29,7455.314241
37.372928,28,7455.765468
-32.25,36,7456.370008
-35.04,29,7458.731585
-33.0,26,7459.13219
-40.29,24,7459.467368
-41.16,21,7459.761621
35.205761,20,7460.050047
41.55,17,7460.263565
-38.78,33,7460.707196
32.178832,30,7461.118603
-32.22,25,7461.482949
-38.22,28,7461.8904
35.087021,30,7462.315068
-34.95,36,7462.867316
-38.57,35,7463.445975
-43.01,24,7463.864085
-38.63,25,7464.354841
-36.0,28,7464.873557
-37.24,26,7465.317329
-42.0,18,7465.685379
-35.29,35,7466.291653
-38.15,34,7468.798343
-41.27,30,7469.280442
-38.26,25,7469.677028
-32.31,47,7470.343061
32.961039,25,7470.698665
-32.57,29,7471.105762
-47.14,19,7471.333479
-32.04,31,7471.795461
-37.97,26,7472.186642
35.144033,30,7472.626121
-41.5,29,7473.088142
-44.74,26,7473.523486
-36.0,32,7474.071408
-38.81,24,7474.721013
32.189441,29,7475.239352
-35.84,28,7475.709357
34.095149,30,7476.437674
-41.91,26,7478.807531
-32.37,31,7479.320987
32.106007,29,7479.788476
-35.63,24,7480.167502
-32.02,30,7480.561599
39.0,21,7480.836186
-32.65,26,7481.186553
-33.0,24,7481.497861
32.177011,40,7481.975059
35.572993,28,7482.372062
-38.42,30,7482.794403
-39.0,26,7483.161734
32.876033,34,7483.681681
-35.3,37,7484.359428
41.861345,23,7484.76613
-34.85,27,7485.209174
-35.16,31,7485.706852
-41.48,29,7486.257052
-41.74,22,7488.603615
41.382576,20,7488.959219
-38.13,30,7489.458712
32.136691,73,7490.725949
-44.56,29,7491.123918
-41.14,22,7491.439096
-41.32,26,7491.802343
-35.82,31,7492.170941
-41.66,24,7492.493621
-32.56,29,7492.907028
-48.0,22,7493.251387
-40.35,35,7493.820421
-35.28,36,7494.42662
-38.82,23,7494.808512
-42.0,21,7495.172713
35.432203,23,7495.540868
-35.12,34,7496.184224
-38.59,23,7496.594112
-35.61,29,7498.984902
-35.41,30,7499.544446
32.108527,30,7500.051703
-44.5,23,7500.477341
38.855172,38,7501.536635
-32.56,31,7502.00054
-42.0,18,7502.254838
-44.67,22,7502.571923
35.875445,29,7503.458289
-39.0,21,7503.780561
-41.51,24,7504.162755
-38.72,28,7504.643364
-44.31,30,7505.136575
-44.07,37,7505.763646
-39.0,26,7506.186479
-41.71,44,7506.970114
-41.78,31,7507.485191
34.143615,27,7509.850319
-40.87,24,7510.262124
-32.35,31,7510.793344
-32.53,31,7511.295549
-36.0,30,7511.7601
-32.34,32,7512.155506
-32.36,26,7512.485906
32.113889,45,7513.060603
-41.52,26,7513.363631
32.448905,32,7513.753347
-35.34,69,7514.904199
-44.03,26,7515.357452
-44.82,28,7515.821038
-38.4,25,7516.261639
-33.0,29,7516.718649
-43.04,28,7517.196776
-38.36,21,7517.570561
-42.0,22,7520.315833
-40.39,28,7520.764452
-41.47,27,7521.226486
-35.5,31,7521.736387
44.459016,19,7522.0259
-39.82,33,7522.565406
-38.37,30,7523.038725
32.4,25,7523.332858
-42.0,21,7523.583444
-44.22,22,7523.84511
-44.77,22,7524.112705
32.703704,32,7524.500999
-41.33,25,7524.904874
-38.39,39,7525.504511
35.125436,28,7525.963423
-42.0,24,7526.368856
-41.02,23,7526.747778
-37.8,30,7527.727336
-38.47,29,7528.268672
32.610922,25,7530.648248
-32.47,27,7531.153679
-33.0,30,7531.86036
33.0,29,7532.413393
-41.81,29,7532.920324
-37.84,26,7533.359989
-42.0,23,7533.755815
35.245902,33,7534.21943
-38.5,32,7534.592368
-41.11,25,7534.904012
-32.68,47,7535.487426
-36.0,25,7536.689862
32.323404,30,7537.19366
34.793626,27,7537.647181
-32.62,22,7538.017385
-35.56,27,7538.465272
-41.98,29,7538.951823
-36.0,29,7539.497927
-35.83,25,7541.820089
-42.0,24,7542.214906
-38.05,28,7542.649523
-45.0,12,7542.855754
-44.5,34,7543.424297
35.381323,27,7543.863887
-34.56,30,7544.323006
-44.13,25,7544.627484
-41.64,25,7544.919636
34.893326,28,7545.280333
35.08266,28,7545.627743
-32.55,30,7545.987297
-38.88,28,7546.415755
38.342205,25,7547.281834
-42.0,21,7547.667977
42.0,19,7547.994438
-37.66,28,7548.488956
32.781955,35,7549.14466
-34.87,40,7549.828262
-41.72,22,7552.032519
-41.57,28,7552.522496
-31.66,33,7553.06572
35.563319,26,7553.634221
-32.62,25,7554.341654
-33.0,24,7554.702514
-38.47,27,7555.081517
-38.38,21,7555.373618
-38.39,26,7555.761878
-38.84,32,7556.198065
-35.43,32,7556.621145
-33.0,26,7556.989347
-41.38,23,7557.325815
-35.91,28,7558.286704
-38.6,25,7558.740828
-41.17,22,7559.114744
-39.0,28,7559.565362
-36.0,27,7560.015139
-38.51,27,7560.472999
-36.0,26,7562.763581
-36.0,26,7563.21074
-33.68,36,7563.819371
35.027027,32,7564.383566
-35.76,31,7564.830723
-40.74,26,7565.232887
-40.36,28,7565.634799
32.31677,38,7566.144134
-39.0,20,7566.418379
-38.56,24,7566.757105
-38.96,43,7567.354494
-45.0,32,7567.799935
-31.95,37,7568.435517
-37.99,55,7569.345339
37.740999,28,7569.798468
39.94268,26,7570.289992
-38.12,42,7572.949061
38.026119,23,7573.331987
-32.13,28,7573.825725
-38.52,32,7574.307647
38.203846,21,7574.641239
37.063209,38,7575.194349
-39.0,24,7575.563242
-30.0,30,7576.00005
-32.46,33,7576.490899
-44.3,24,7576.814512
-42.0,25,7577.185113
-32.84,34,7577.636328
-37.16,30,7578.040613
-34.79,26,7578.460835
32.30597,30,7579.154363
-33.0,26,7579.616513
-38.73,26,7580.266204
35.431438,38,7580.981308
-44.44,26,7583.326814
-38.75,30,7583.801068
-32.15,29,7584.268005
33.0,35,7584.891872
-41.39,27,7585.300312
-33.0,27,7585.699113
-32.56,27,7586.084508
-32.66,28,7586.475213
-41.21,41,7587.148369
-38.19,35,7587.62383
40.402597,24,7587.953008
-41.72,21,7588.234651
-38.49,34,7588.675551
-41.28,25,7589.015451
40.594114,20,7589.347436
38.694118,23,7589.730274
-38.53,29,7590.18274
34.419888,28,7590.657416
-41.35,35,7593.002854
-37.56,32,7593.532551
-39.0,30,7594.013701
-44.68,24,7594.394799
-35.61,24,7594.756951
-44.18,19,7595.042178
-35.16,30,7595.492162
-41.08,23,7595.83577
-35.27,35,7596.343739
-39.0,26,7596.798726
-41.65,27,7597.273489
-41.33,24,7597.614266
-38.39,25,7597.939789
-32.2,30,7598.321368
35.685358,30,7598.721615
-40.14,30,7599.099514
-34.6,28,7599.491709
32.643411,40,7600.067461
-36.0,27,7602.427212
32.417625,38,7603.054487
-41.63,27,7603.490552
-41.22,26,7603.939893
-41.13,24,7604.565808
-38.9,43,7605.271328
-44.32,21,7605.772112
-44.23,21,7606.175802
-40.99,21,7606.517027
-41.77,20,7606.804566
-38.91,24,7607.215782
-37.15,29,7607.738342
35.598456,25,7608.170924
38.551724,29,7608.684104
-38.54,22,7608.986712
39.0,24,7609.30012
-41.22,23,7609.61593
32.645455,40,7610.189252
-39.0,28,7610.594808
38.595016,27,7612.940492
-41.42,20,7613.276907
-38.75,24,7613.683751
-40.84,23,7614.063229
-35.78,27,7614.579985
-44.15,25,7615.088583
31.778409,34,7615.590827
-37.45,29,7616.018816
-38.03,23,7616.364444
35.284768,36,7616.903511
-38.19,22,7617.276154
-35.11,34,7617.846125
-38.1,25,7618.25086
35.464181,35,7618.838797
-41.76,23,7619.210592
-38.83,31,7619.63487
-35.22,28,7620.001768
-35.65,30,7620.393843
-35.88,27,7622.83257
-38.81,28,7623.322253
-41.4,27,7623.77419
-47.57,28,7624.250419
-42.0,20,7624.560066
38.97318,24,7624.992764
32.777778,33,7625.510748
-38.71,24,7625.853382
-35.81,22,7626.174052
33.0,31,7626.654568
-38.08,28,7627.102486
-37.81,28,7627.579138
-41.78,35,7628.165854
-46.65,21,7628.524331
-32.24,25,7628.941756
-44.43,20,7629.268814
-32.22,28,7629.647528
-44.62,23,7629.978023
-32.16,41,7630.720302
-32.19,33,7633.359026
-46.92,15,7633.642057
34.572323,23,7633.987278
-44.51,28,7634.460838
-40.26,31,7635.010962
33.0,27,7635.458372
-32.71,28,7635.865206
-32.71,50,7636.583203
-41.68,26,7636.975924
-38.54,32,7637.480284
-35.31,39,7638.170993
31.552897,34,7638.784046
-33.0,34,7639.361858
-37.77,34,7639.863452
-35.5,31,7640.263863
35.317343,20,7640.540594
-35.86,30,7640.959727
-38.92,42,7643.467157
-44.31,20,7643.810247
-32.33,34,7644.378573
-37.88,24,7644.753721
-44.75,20,7645.125875
-35.76,22,7645.481137
-35.83,27,7645.888855
-41.48,23,7646.212216
32.202952,33,7646.687904
-39.0,22,7647.002695
41.077821,20,7647.30314
-34.36,42,7647.983658
-39.37,22,7648.348953
-39.0,25,7648.726605
35.666667,25,7649.171348
-43.89,30,7649.696186
-35.47,27,7650.075185
-41.95,19,7650.435447
-41.03,32,7650.870396
38.969492,25,7653.060055
40.191699,26,7653.488974
-32.53,31,7654.005379
-35.33,26,7654.465635
-36.0,28,7654.933871
-32.55,39,7655.601872
-35.6,55,7656.953095
-37.77,29,7657.670228
-41.53,25,7658.138869
39.0,18,7658.44208
-41.83,24,7658.854772
32.235772,36,7659.465424
-39.0,24,7659.929618
-43.33,22,7660.325882
-43.52,35,7660.926699
-42.0,25,7661.255042
-41.26,19,7661.54874
-38.92,28,7661.987985
-39.0,24,7664.166935
-36.0,23,7664.537128
-41.88,25,7664.952826
-35.4,30,7665.481085
-32.34,28,7665.926768
-38.72,27,7666.320879
-38.91,24,7666.705736
-38.48,27,7667.105359
-44.19,30,7667.518121
-41.27,27,7667.915441
-35.77,24,7668.340435
-32.28,33,7668.901559
-42.0,27,7669.505174
35.613971,26,7669.955873
-32.56,32,7670.499724
33.0,29,7670.986276
38.114391,24,7671.339472
-39.0,33,7671.793456
-41.48,24,7672.12991
-39.0,28,7674.306449
-41.72,23,7674.713274
38.375,31,7675.228418
-42.0,22,7675.608246
-44.33,22,7675.968189
-40.27,25,7676.427903
-41.81,18,7676.699099
-42.0,29,7677.137051
-35.09,22,7677.65611
-35.91,26,7678.048391
-36.0,38,7678.656164
-38.69,24,7679.07191
-37.84,44,7679.853323
-35.45,32,7680.354972
-41.56,26,7680.787477
-38.42,25,7681.208561
-38.5,29,7681.638387
38.365542,24,7682.233046
-32.78,22,7682.554581
-37.76,29,7684.878875
-39.0,25,7685.289582
-35.28,24,7685.63615
-35.69,32,7686.192571
35.268382,30,7686.696857
38.9,25,7687.119375
-38.81,28,7687.511369
-38.88,30,7687.97084
-43.77,18,7688.241475
-41.72,26,7688.597634
-42.0,23,7688.935884
-37.57,32,7689.47201
-39.34,48,7690.337534
-37.61,37,7690.984224
32.324818,29,7691.46371
-41.9,33,7691.979913
-32.73,34,7692.459662
-41.19,41,7694.807145
32.297872,26,7695.229027
34.617194,35,7695.795008
-35.92,21,7696.196619
-38.08,27,7696.639474
-41.62,21,7696.960401
-32.35,33,7697.433436
-38.07,28,7697.904796
-41.92,19,7698.179084
-43.81,26,7698.564679
-35.13,34,7699.090258
32.36019,35,7699.676818
36.0,22,7700.029566
-42.0,22,7700.405771
42.821922,19,7700.764585
-44.71,30,7701.270961
41.227273,21,7701.633029
41.513423,35,7702.186115
-42.0,43,7704.576307
-36.0,26,7705.015716
-38.87,50,7705.84462
-38.59,23,7706.219784
32.911043,29,7706.716339
-38.66,44,7707.410124
-39.0,33,7708.036651
-38.5,33,7708.636393
-44.2,20,7709.029935
-41.46,24,7709.720741
32.298182,29,7710.240491
-40.28,20,7710.54724
-35.6,25,7710.946906
-35.05,33,7711.535751
35.900763,23,7711.894478
-36.0,24,7712.296902
-38.61,29,7712.770051
35.358362,25,7713.178777
-39.0,23,7715.22462
35.390805,26,7715.630952
38.347826,37,7716.242613
-44.57,15,7716.48276
-35.62,35,7717.049069
-32.51,39,7717.633533
38.073171,22,7717.957278
-35.81,33,7718.409832
-35.67,33,7718.860622
-38.51,26,7719.275048
-41.07,20,7719.60752
-35.36,28,7720.117223
35.360902,29,7720.610088
-38.67,25,7721.068243
35.679954,36,7721.73195
-35.85,32,7722.261621
-38.91,22,7722.637736
-44.86,22,7722.992144
35.257812,27,7723.442534
-38.41,23,7725.493221
-31.69,36,7726.09114
-33.0,47,7726.85184
38.241007,28,7727.288276
-44.56,23,7727.624683
-38.67,33,7728.102824
-43.84,17,7728.334219
32.059259,40,7728.934947
33.0,32,7729.539779
-33.0,36,7730.11674
35.016807,32,7730.677181
-38.21,26,7731.066807
-41.79,23,7731.44301
-35.34,32,7731.997672
-35.04,30,7732.521582
-44.45,34,7733.130438
-32.26,30,7735.562484
-37.14,28,7735.924007
32.380556,26,7736.345394
-37.9,25,7736.787768
-38.34,36,7737.357823
-36.0,24,7737.717977
37.06097,30,7738.267586
-38.41,28,7738.712278
32.026616,30,7739.138656
36.0,22,7739.50087
35.282051,36,7740.205565
-35.03,30,7740.723727
-41.69,29,7741.239762
32.915789,40,7741.93513
-38.47,24,7742.33187
-33.0,32,7742.889157
-35.88,35,7743.469048
-38.12,35,7745.831444
40.827849,23,7746.168852
32.516014,33,7746.634101
-44.07,26,7747.070483
-35.42,24,7747.473122
-34.46,36,7748.022433
-44.56,21,7748.300045
-47.22,18,7748.706635
-35.88,27,7749.13233
-38.39,36,7749.837977
35.2589,22,7750.267618
-38.89,38,7750.89563
35.913194,28,7751.383996
38.159375,20,7751.728393
-35.27,27,7752.173635
-43.34,18,7752.498
32.714894,36,7753.112746
-32.78,25,7753.53618
-39.0,29,7754.006096
34.500175,39,7756.393235
-32.02,39,7756.955064
-41.64,45,7757.628745
-35.06,25,7758.000954
-32.19,56,7758.808321
32.609319,33,7759.308629
-41.88,20,7759.635392
-41.37,22,7759.99468
-36.0,30,7760.709806
38.004016,20,7761.296937
-41.7,32,7761.859223
-38.56,34,7762.467706
-38.67,31,7762.978307
-43.68,25,7763.398545
-41.11,19,7763.747516
-41.73,27,7764.234082
-36.0,23,7764.597956
-35.47,28,7766.814784
-32.59,32,7767.227264
-35.44,32,7767.657297
-38.49,30,7768.07755
-31.6,36,7768.61905
-44.24,16,7768.864647
33.0,31,7769.308757
-32.59,27,7769.715469
-38.66,44,7770.451514
-32.26,26,7770.865859
35.096154,31,7771.424195
-35.97,23,7771.817515
32.371179,33,7772.365165
-38.8,40,7773.06924
-41.08,22,7773.441183
-41.93,37,7774.057796
-38.81,26,7774.485107
-35.61,43,7776.966757
32.140684,32,7777.39984
47.335258,29,7777.793044
-39.78,24,7778.108677
-36.0,24,7778.443053
-40.76,21,7778.74215
-33.0,32,7779.236608
-38.31,26,7779.62003
-41.61,25,7780.021302
31.932886,35,7780.574247
-35.03,32,7781.117342
-39.0,22,7781.48128
36.0,24,7781.889633
-42.0,55,7782.805957
-38.82,22,7783.152012
-41.23,26,7783.602173
-38.57,21,7783.976935
-32.77,25,7784.403493
-38.11,37,7787.043729
32.461538,32,7787.48511
-38.91,29,7787.905834
-39.0,36,7788.406165
-41.7,19,7788.640242
32.667954,29,7789.034464
38.435897,23,7789.345828
-41.15,22,7789.66062
32.236948,32,7790.136138
-41.68,24,7790.547427
-32.06,25,7790.938495
35.782609,32,7791.457401
31.971483,41,7792.191614
-32.86,29,7792.668366
-42.0,28,7793.146429
-39.0,24,7793.518948
-43.22,25,7793.95311
-37.92,30,7796.339485
-42.0,18,7796.656035
-41.0,25,7797.085492
-44.02,30,7797.553586
-41.44,30,7797.950431
-32.47,33,7798.407019
32.414729,39,7798.889452
-33.0,27,7799.208253
-32.71,29,7799.623039
34.872881,22,7799.944365
-38.5,25,7800.340341
-37.08,34,7800.967485
-42.0,21,7801.361613
-37.8,30,7801.871727
-42.0,44,7802.577422
-41.66,21,7802.940702
-32.79,38,7803.596955
-35.53,34,7804.176076
34.390481,32,7806.733656
-38.65,26,7807.260123
-38.63,24,7807.676963
-41.41,25,7808.059818
-38.36,29,7808.483917
-35.47,30,7808.891313
-35.5,38,7809.411464
-36.0,73,7810.391177
-35.66,37,7811.038848
-44.04,31,7811.550915
-38.51,29,7812.171334
32.996169,34,7813.047933
-38.77,26,7813.512182
33.0,28,7813.996379
32.582938,26,7814.470214
37.426273,31,7815.016397
-38.27,24,7817.350534
-32.36,34,7817.926664
-43.96,25,7818.366742
-33.0,25,7818.810544
-39.0,27,7819.199668
-35.7,29,7819.549554
-39.0,21,7819.805359
-43.45,34,7820.210401
-41.88,24,7820.511483
-39.0,27,7820.925076
33.0,31,7821.445084
-45.0,22,7821.831888
-35.5,34,7822.429565
-35.09,29,7822.906231
-35.25,24,7823.388834
-38.35,31,7823.883083
33.0,30,7824.401339
-41.55,30,7824.896239
-38.24,20,7827.109023
-35.64,32,7827.648571
-38.91,26,7828.103176
-32.21,34,7828.658589
-41.94,24,7829.066733
-40.63,24,7829.419004
-39.0,20,7829.688583
-35.55,21,7829.951087
32.835404,25,7830.878105
-32.27,30,7831.337733
35.79564,24,7831.743881
-36.0,35,7832.385751
-35.25,35,7832.983985
-38.78,22,7833.332159
-35.6,28,7833.799291
-41.05,19,7834.122556
32.184818,26,7834.574857
-32.81,37,7835.196995
34.468784,30,7835.679864
-39.0,26,7838.190627
-41.89,22,7838.661923
-43.1,24,7839.23716
-43.1,20,7839.610602
-42.0,27,7840.051043
-41.49,26,7840.391332
-35.74,31,7840.793689
-41.13,33,7841.272538
35.339768,29,7841.652988
-32.04,38,7842.216285
-43.93,25,7842.646687
-41.55,22,7843.013482
-41.74,23,7843.393579
-38.87,24,7843.797065
-32.67,31,7844.357461
-38.27,25,7844.760773
-44.05,29,7845.237658
-35.7,21,7845.607957
34.776011,28,7846.096389
-38.6,24,7848.442106
32.538835,24,7848.85235
-32.53,28,7849.327162
-38.29,26,7849.782487
35.521401,30,7850.334645
-32.89,24,7850.676867
-32.11,71,7851.614496
-43.53,28,7851.981747
-40.89,28,7852.323975
-39.0,39,7852.97599
32.227273,29,7853.464491
33.0,25,7853.902247
-32.89,23,7854.280944
-44.92,26,7854.727513
-44.02,30,7855.223596
-41.81,25,7855.647475
-35.89,31,7856.153088
-40.85,20,7856.482559
-41.1,27,7858.84811
-39.0,29,7859.371174
-41.76,30,7859.857766
-37.26,34,7860.443424
-37.79,28,7860.866929
-38.81,31,7861.247142
-32.89,26,7861.567952
-40.83,25,7861.872565
-41.63,42,7862.403213
34.451915,31,7862.830365
32.465021,36,7863.414433
-41.19,26,7863.879342
-47.06,25,7864.526461
-35.96,28,7865.004068
-39.0,38,7865.640307
-38.05,26,7866.297939
32.199377,30,7866.802852
-38.92,28,7869.197396
-38.88,27,7869.664058
-34.19,30,7870.20844
-44.41,17,7870.506455
-36.0,35,7871.125251
-41.91,21,7871.444703
-47.2,24,7871.804699
-41.3,25,7872.133308
-38.74,23,7872.394439
-38.66,25,7872.692557
-36.0,29,7873.06991
33.0,27,7873.416862
-47.06,20,7873.719108
-35.19,29,7874.203684
34.940175,26,7874.705188
-41.14,21,7875.08624
-41.91,83,7876.495764
-41.05,38,7879.12017
-44.78,38,7879.695
-41.35,25,7880.131848
-36.0,29,7880.611752
-32.84,29,7881.083203
-44.81,31,7881.567127
-32.79,26,7882.069643
-42.0,31,7882.493092
32.421642,47,7883.063754
-39.0,24,7883.367123
-45.0,28,7883.769563
37.060599,30,7884.194257
-41.4,22,7884.588196
-38.72,36,7885.226298
-44.34,20,7885.56607
-35.26,24,7885.979648
35.118852,20,7886.33225
-37.57,22,7886.709764
-43.21,31,7889.140037
-38.8,28,7889.586238
-43.83,17,7889.881067
-35.51,32,7890.400993
-37.28,21,7890.980281
-35.65,33,7891.795295
-37.58,33,7892.384778
-41.31,26,7892.805612
-35.24,23,7893.13582
-44.19,34,7893.597075
-41.41,44,7894.224382
-38.28,26,7894.564066
-40.95,31,7895.001546
37.922517,23,7895.332715
-32.35,34,7895.887393
-41.53,37,7896.534539
34.572271,29,7897.03036
-32.49,29,7899.341794
-41.47,26,7899.822914
-47.52,19,7900.14848
-39.0,34,7900.723452
-38.2,22,7901.12163
-35.1,37,7901.730866
-41.54,17,7902.057196
-41.3,26,7902.497511
-38.66,32,7903.077799
-35.28,28,7903.526062
-45.0,27,7903.875849
-30.0,24,7904.170467
-44.71,22,7904.402043
-34.18,26,7904.746571
35.334483,36,7905.29799
35.731518,23,7905.644593
-33.0,27,7906.111919
-36.0,26,7906.536721
-36.0,36,7907.216
-35.56,28,7909.57707
-44.49,55,7910.484418
-38.06,44,7911.201251
35.288732,25,7911.606221
-35.69,23,7911.999671
38.229508,28,7912.481424
-44.1,24,7912.884557
-44.06,23,7913.276435
-41.79,18,7913.60002
-32.35,71,7914.581316
-32.47,32,7914.999234
-46.38,25,7915.347015
-39.0,26,7915.655615
32.295302,26,7915.998767
-35.19,28,7916.439379
-38.34,30,7916.910187
-41.5,25,7917.558854
32.376384,28,7919.98322
-42.0,18,7920.325829
-41.77,31,7920.873219
-41.53,25,7921.302361
-35.57,29,7921.831005
-44.6,26,7922.267112
-39.0,26,7922.70435
38.182836,22,7923.191926
-33.0,26,7923.651617
-45.0,14,7923.866688
-32.5,37,7924.475097
44.336151,18,7924.743227
-35.47,27,7925.14967
-32.48,34,7925.590344
38.07,29,7925.936518
-44.59,18,7926.165419
34.852941,28,7926.503478
-35.03,26,7926.852345
34.494455,33,7927.325767
32.370968,29,7929.704442
-40.68,30,7930.239451
-41.5,36,7930.821528
-44.78,18,7931.116528
-41.87,20,7931.448586
-35.36,25,7931.853758
-41.86,21,7932.226366
-35.36,29,7932.712089
-32.87,31,7933.233047
-42.0,19,7933.5788
35.708955,25,7933.999518
-35.35,39,7934.730168
-33.0,27,7935.098889
-37.73,29,7935.522805
-38.08,45,7936.116581
-39.0,29,7936.475525
-41.99,25,7936.794012
-32.48,58,7939.569451
-45.82,20,7940.010533
-41.99,30,7940.540289
-41.43,23,7940.960888
32.763547,30,7941.467897
35.209125,30,7942.213204
35.043241,29,7942.69595
35.447273,28,7943.120461
34.892727,30,7943.824632
36.0,33,7944.620651
34.077587,30,7945.162946
-44.46,32,7945.72417
-33.0,30,7946.179541
35.24792,30,7946.629646
-35.26,33,7947.112718
-39.0,29,7947.456414
35.058641,33,7947.879721
-41.64,23,7948.221447
-44.39,20,7950.423274
-35.11,28,7950.905949
35.358779,27,7951.385202
-32.35,25,7951.817223
-41.55,24,7952.235077
-32.13,33,7952.809631
-44.24,31,7953.339065
-37.62,29,7953.874118
-34.86,29,7954.367728
-41.5,26,7954.852324
-35.05,38,7955.568518
-39.0,27,7956.011569
-37.1,26,7956.403124
38.305566,25,7956.742417
-32.6,37,7957.268006
-32.42,31,7957.646786
37.750189,23,7957.929361
-41.59,20,7958.208097
-36.0,29,7958.609749
-41.28,31,7961.741675
-41.05,23,7962.128286
-37.27,25,7962.600245
-35.71,31,7963.121581
37.026175,31,7963.628916
-31.87,33,7964.205649
-38.45,31,7964.789819
-37.75,33,7965.42241
32.024291,26,7965.842866
35.127962,31,7966.326329
-32.81,31,7966.779822
-35.34,25,7967.138049
35.179856,23,7967.431722
-38.06,23,7967.733477
32.618056,31,7968.138789
-35.03,23,7968.464035
-37.89,31,7968.857528
44.32491,20,7969.138416
37.264708,26,7971.88625
-39.0,25,7972.471201
-35.18,29,7972.990622
32.52648,33,7973.607681
-36.0,25,7974.041434
32.938983,27,7974.549656
-33.0,29,7975.074014
-41.81,28,7975.568304
-44.36,20,7975.91844
-38.71,22,7976.287364
-41.32,36,7976.85943
38.504065,24,7977.240816
-44.56,28,7977.64181
-38.59,23,7977.987481
-38.03,21,7978.313154
-35.38,39,7978.853728
-32.71,37,7979.35024
-32.66,30,7979.795579
-38.22,25,7982.010689
41.182131,24,7982.406339
-38.37,23,7982.808747
-44.61,17,7983.083161
-38.38,33,7983.650972
-41.91,26,7984.114655
-43.88,29,7984.635105
-40.82,87,7986.136669
-40.23,31,7986.698893
-42.0,22,7987.067755
-38.88,34,7987.580967
-35.69,35,7988.138253
-38.26,22,7988.487767
-35.63,31,7988.954538
-36.0,27,7989.378623
-38.23,27,7989.761767
-35.48,27,7990.146697
35.286604,27,7992.361683
-44.57,16,7992.542865
-47.04,20,7992.80052
-38.75,25,7993.137912
-38.01,24,7993.549252
-39.0,32,7993.911767
32.3207,30,7994.208448
-35.27,22,7994.564005
-38.53,31,7995.076491
-35.52,23,7995.453922
38.252266,35,7996.124746
32.278723,28,7996.847572
-38.84,27,7997.263309
-43.33,20,7997.595953
-38.1,31,7998.395384
-41.91,27,7998.861102
-41.07,25,7999.245589
34.629962,32,7999.720366
-35.62,29,8000.179386
-41.56,19,8000.467837
-38.32,31,8002.717106
-41.59,22,8003.084301
-32.33,28,8003.542304
-41.69,33,8004.107725
-38.51,30,8004.627549
-42.0,29,8005.16291
-42.0,21,8005.532347
-35.6,29,8006.013938
-41.91,21,8006.387139
34.925215,53,8007.349197
-41.38,25,8007.78251
-41.49,25,8008.198963
-39.0,23,8008.585188
36.0,25,8009.102603
-40.83,25,8009.508517
-41.37,25,8009.895615
37.832947,27,8010.293474
36.0,22,8010.632451
-39.0,23,8012.750565
-43.27,38,8013.375989
-38.41,42,8014.063141
-40.17,36,8014.712626
-38.59,25,8015.160053
34.716053,40,8015.854433
-35.61,25,8016.267874
-32.04,40,8016.952283
-41.13,52,8017.88826
-41.79,33,8018.322006
39.0,18,8018.650533
-33.0,33,8019.184031
-41.95,23,8019.563829
-41.7,27,8019.982383
-34.77,37,8020.495934
32.682997,29,8020.924811
-35.26,30,8023.246359
-44.91,23,8023.545644
-35.77,37,8024.103449
-35.66,34,8024.704413
-42.0,31,8025.234793
-34.95,36,8025.839999
40.709087,33,8026.650691
-35.66,27,8027.124818
-41.61,27,8027.594837
-38.94,32,8028.139828
-39.0,26,8028.582424
-35.11,31,8029.133799
-34.61,31,8029.648978
-33.0,34,8030.225316
-32.75,31,8030.662156
38.480965,26,8031.082554
35.236111,24,8031.435771
-43.27,24,8033.523537
-33.0,23,8033.836179
-42.0,23,8034.167986
-43.24,28,8034.563668
34.669091,28,8034.996987
-36.0,42,8035.703023
-38.41,28,8036.190556
32.515267,30,8036.690823
-44.46,38,8037.355505
-44.78,23,8037.73218
-40.42,26,8038.140058
35.323129,28,8038.610116
-43.93,25,8039.025395
-38.42,30,8039.559353
31.934483,31,8040.058016
-32.39,33,8040.576394
-38.63,23,8040.924308
-41.75,23,8041.244709
35.902439,24,8043.421533
-32.3,39,8043.946686
-44.85,23,8044.260535
-37.81,38,8044.78531
-33.0,31,8045.603927
-41.27,23,8045.977062
-38.6,25,8046.405702
-33.0,33,8046.981136
-32.53,36,8047.577222
-44.67,23,8048.135656
-33.0,35,8048.763953
-42.0,21,8049.100791
32.402844,31,8049.623054
33.0,38,8050.265528
-36.0,33,8050.800544
-37.94,29,8051.2104
35.529801,26,8051.823972
38.262069,25,8054.027674
-38.77,37,8054.577737
35.459459,22,8054.908268
33.0,32,8055.388791
-42.0,20,8055.716213
-39.0,26,8056.158885
-41.37,33,8056.737151
-44.58,22,8057.111572
-34.46,27,8057.56891
-38.9,23,8057.957903
34.049684,30,8058.453616
-38.08,27,8058.944047
-46.66,27,8059.401474
32.569024,31,8059.915583
-43.69,24,8060.341954
-41.7,28,8060.943906
-42.0,32,8061.379925
-33.0,30,8061.845464
-43.73,26,8062.214993
30.0,37,8064.614827
-33.0,25,8065.030359
38.672269,16,8065.255799
-38.61,26,8065.616609
-41.38,48,8066.296974
-38.57,33,8066.854252
-35.53,30,8067.399574
-41.85,21,8067.756846
-38.42,28,8068.209792
-37.99,29,8068.784075
-44.32,21,8069.156986
-38.18,39,8069.779102
-35.8,25,8070.179363
-44.43,47,8070.93076
32.304527,33,8071.419188
-41.81,30,8071.869573
-47.02,21,8072.168098
-41.33,34,8074.619061
-32.24,32,8075.111528
-43.6,18,8075.390088
-41.5,37,8076.078031
-41.74,26,8076.451861
33.0,29,8076.841251
-36.0,24,8077.247749
41.107192,21,8077.65158
-44.51,20,8078.040819
-41.29,20,8078.464472
33.0,27,8079.061262
-41.27,21,8079.422793
-44.34,25,8079.876774
-35.25,28,8080.390861
-35.41,26,8080.817071
-35.14,28,8081.293335
-32.91,32,8081.8163
-38.82,24,8082.182037
-40.9,36,8082.715848
35.375389,28,8084.939396
-38.79,31,8085.471574
-35.88,26,8085.846186
32.381119,44,8086.426248
35.835498,28,8086.838946
-38.78,21,8087.142393
-36.0,39,8087.789705
-39.0,28,8088.304286
38.076046,23,8088.691259
-32.81,24,8089.094142
35.245791,26,8089.513682
-37.23,28,8090.002199
37.657762,23,8090.413922
-38.84,27,8090.897074
35.147727,22,8091.275089
-41.77,29,8091.740229
-41.21,24,8092.162032
-35.68,44,8092.822577
-39.0,40,8095.352217
-34.83,47,8096.077782
-34.93,25,8096.435951
-43.39,19,8096.707539
-35.02,26,8097.072049
-44.01,30,8097.469209
40.203929,28,8097.848596
-44.56,31,8098.368394
-35.23,30,8098.842408
37.802054,27,8099.318077
-44.19,21,8099.89515
-35.5,27,8100.384709
34.375131,41,8101.053316
-41.81,31,8101.597045
-38.38,30,8102.07919
35.69869,28,8102.564931
-40.94,16,8102.756087
-41.79,29,8104.958605
-33.0,29,8105.52889
34.347464,26,8105.960126
-42.0,22,8106.305041
35.09678,44,8107.005228
32.415493,29,8107.43176
-41.46,24,8107.802342
35.414815,28,8108.19729
-38.02,28,8108.598788
-36.0,31,8109.046775
-42.0,24,8109.443731
-44.17,24,8109.918474
-41.45,23,8110.328779
-36.0,25,8110.722216
-33.0,30,8111.151693
-45.0,20,8111.49446
-42.0,21,8111.830845
-41.91,24,8112.248811
38.053523,21,8112.582731
-35.61,34,8113.116662
-41.58,24,8115.266637
-42.0,26,8115.680966
-41.31,59,8116.716877
-35.22,31,8117.255128
-38.95,32,8117.725698
-35.52,25,8118.069706
-38.57,24,8118.405576
-44.92,22,8118.70509
35.469466,27,8119.093873
-31.95,38,8119.729415
-38.83,32,8120.275843
-42.0,22,8120.738113
-43.45,23,8121.152515
-35.46,40,8121.797673
-41.04,22,8122.176096
32.192053,39,8122.812657
-35.31,27,8123.281177
32.910072,33,8125.696016
-38.2,26,8126.116545
-36.0,28,8126.589458
-35.52,43,8127.321867
-38.4,28,8127.808987
-35.2,30,8128.222655
-47.11,22,8128.560797
-36.0,26,8128.943516
-38.21,25,8129.262837
-44.06,18,8129.526318
-36.0,23,8129.870194
-33.0,32,8130.423281
36.0,28,8131.105154
36.894655,28,8131.551841
35.781991,32,8132.121171
32.632287,29,8132.659348
-41.88,40,8133.338406
34.827878,29,8135.59042
-41.19,27,8136.037817
35.24031,25,8136.457493
33.0,29,8136.931841
-36.0,28,8137.406441
-41.06,27,8137.848395
-36.0,29,8138.343248
-44.59,22,8138.670347
-38.86,23,8138.969792
-38.44,28,8139.358515
-36.0,29,8139.79267
-37.72,53,8140.559463
37.53747,24,8140.964375
-38.89,26,8141.41943
-44.13,25,8141.844715
32.406844,31,8142.344214
-38.37,32,8142.871563
-44.06,25,8143.277719
-35.7,39,8145.686568
-41.59,24,8146.057019
36.0,27,8146.502633
-38.59,22,8146.880137
-38.25,31,8147.435616
33.0,28,8147.897195
35.247253,27,8148.367115
37.604818,35,8148.902751
-41.84,33,8149.377356
-38.78,19,8149.910137
-35.79,31,8150.405831
-38.73,42,8151.051985
-41.39,34,8151.600215
-38.64,22,8151.996173
38.268804,35,8152.554809
-35.24,30,8153.082654
32.877953,29,8153.549461
-32.5,30,8155.761071
-41.53,21,8156.072233
-42.0,27,8156.48558
-38.26,25,8156.971814
33.0,25,8157.721758
35.744681,54,8158.668679
-32.9,36,8159.281088
35.512195,27,8159.673951
-41.12,23,8159.98934
-41.13,35,8160.476088
36.944177,32,8160.924066
35.344697,29,8161.316547
34.451185,28,8161.785861
-41.91,30,8162.299034
-32.07,32,8162.886265
-38.26,26,8163.317073
-41.77,24,8163.704968
-38.44,30,8164.215572
-35.13,28,8166.474297
32.554502,35,8167.009219
36.0,26,8167.478319
36.0,31,8168.093821
32.144681,33,8168.637561
39.391272,24,8169.068099
-41.21,20,8169.414193
-41.49,29,8169.929938
35.066038,36,8170.425754
-35.15,30,8170.892505
-42.0,20,8171.172017
41.086207,19,8171.431221
-41.95,43,8172.115834
-41.03,26,8172.488376
-41.47,20,8172.798655
35.864542,77,8174.117817
-43.87,18,8174.423436
-32.29,31,8176.708687
-41.85,25,8177.038296
-32.49,32,8177.55496
-41.13,25,8178.010241
38.453125,22,8178.379345
32.941379,29,8178.883936
-44.63,23,8179.282539
38.290698,23,8179.71626
-38.0,32,8180.26405
-40.53,24,8180.665399
-39.0,19,8181.003973
-34.66,36,8181.519895
32.401338,30,8181.919832
35.292776,31,8182.335283
-38.63,22,8182.65228
41.52795,26,8183.066033
-41.72,46,8184.067397
-44.3,22,8184.485649
-33.0,32,8186.820132
-42.0,30,8187.275838
38.093851,25,8187.702887
-47.44,17,8188.000949
-38.73,32,8188.531764
-38.43,22,8188.895752
-32.23,33,8189.453521
-32.26,35,8190.038424
35.162963,29,8190.545938
-41.32,31,8191.057968
-41.71,20,8191.402062
-32.89,41,8191.994777
-38.07,25,8192.350394
-39.0,35,8192.87105
33.0,28,8193.238931
32.159184,34,8193.786739
32.949153,28,8194.310772
-42.0,35,8196.684649
-36.0,22,8197.018904
37.896877,39,8197.595066
-41.55,31,8198.136754
-47.32,21,8198.494677
-41.06,18,8198.779352
-38.13,31,8199.310134
-38.44,25,8199.790821
35.737931,25,8200.212182
-37.72,24,8200.612797
41.716846,20,8201.025023
-42.0,16,8201.444847
-40.37,64,8202.476853
32.722892,33,8202.947924
-41.15,31,8203.387001
-44.81,31,8203.805995
32.296037,37,8204.340542
-41.44,34,8204.893286
-37.59,37,8207.196456
-32.89,31,8207.772051
-32.16,28,8208.298337
32.073529,30,8208.78624
-41.38,22,8209.145572
-32.95,28,8209.627913
-37.52,27,8210.078844
32.407767,57,8211.243552
-38.46,24,8211.635564
35.324138,25,8212.075609
-38.91,33,8212.629883
-35.57,33,8213.180851
-40.38,29,8213.67487
-32.72,31,8214.10269
-38.1,20,8214.407282
-38.59,32,8214.852232
-44.28,26,8215.239262
32.771084,25,8217.654322
-35.05,34,8218.257416
-41.8,28,8218.70721
35.191283,21,8219.048357
-43.69,20,8219.374642
-35.91,41,8220.068159
-37.27,37,8220.691441
-32.44,29,8221.163037
-43.91,25,8221.633997
41.116667,31,8222.151332
-34.87,24,8222.540536
35.438356,26,8222.99079
-47.38,17,8223.287263
-42.0,32,8223.821224
-41.49,21,8224.141377
37.05345,31,8224.578486
-42.62,24,8224.907494
-35.69,26,8225.243117
-35.56,23,8225.587458
-32.21,29,8227.892368
-44.23,33,8228.678474
-38.29,25,8229.110365
-39.0,34,8229.729483
-41.48,30,8230.235412
-38.53,28,8230.713613
-41.35,25,8231.195758
-36.0,31,8231.718801
-38.32,27,8232.162753
32.900415,32,8232.685021
-47.7,27,8233.198229
-36.0,27,8233.658072
-38.74,23,8234.07591
32.423676,30,8234.592553
35.264605,24,8234.915797
-45.0,23,8235.231267
-41.24,30,8235.644897
-44.11,26,8236.007784
-35.16,36,8238.45136
-38.67,27,8238.884659
-38.66,21,8239.32901
-38.13,29,8239.810339
-38.02,42,8240.532649
-44.4,27,8241.00742
-35.85,37,8241.629212
-32.91,26,8242.073312
-40.81,27,8242.551221
32.724832,35,8243.095848
-35.95,37,8243.75689
-33.0,27,8244.201046
-38.36,28,8244.67331
32.686275,27,8245.115309
-35.25,30,8245.527144
-38.67,25,8245.885615
-38.78,28,8246.276409
-44.15,26,8248.404567
32.075658,31,8248.85023
32.713311,33,8249.373492
-36.0,39,8250.054987
-41.68,23,8250.431684
33.0,39,8251.103534
-47.51,20,8251.442064
-38.11,30,8251.951066
-32.87,37,8252.558755
-41.73,22,8252.956495
-44.21,25,8253.389823
32.076389,31,8254.140891
38.121495,23,8254.503138
-32.41,41,8255.174603
-36.0,24,8255.586871
-32.5,34,8256.054733
-31.59,33,8256.505893
-33.0,28,8258.584216
36.0,29,8259.026307
34.604247,27,8259.47925
35.675926,25,8259.874323
-35.59,24,8260.329961
-44.1,24,8260.734746
-44.29,33,8261.286618
-34.56,26,8261.736032
-42.0,21,8262.130096
33.0,32,8262.736575
-32.71,35,8263.507774
-33.0,31,8264.010426
-44.53,24,8264.403191
-32.41,28,8264.891687
-38.16,36,8265.523474
38.301325,21,8265.832281
-42.0,29,8266.295008
-42.0,24,8266.668352
-32.06,31,8268.753339
-38.12,25,8269.132273
-32.06,29,8269.570415
-33.0,24,8270.013824
-38.23,23,8270.411319
32.053435,35,8271.029106
36.0,30,8271.546116
36.0,25,8271.891352
-32.01,29,8272.393093
42.664235,21,8272.746933
35.330739,30,8273.259501
-32.52,32,8273.827455
-35.76,25,8274.264853
-38.2,27,8274.705025
-42.0,24,8275.083542
-41.18,23,8275.466427
30.0,38,8276.09511
-32.04,31,8276.586409
-47.41,26,8277.033436
35.274834,29,8279.050331
38.313953,22,8279.411199
32.764228,25,8279.814768
-44.4,24,8280.555993
-41.16,21,8280.943386
-32.74,26,8281.376287
-39.0,21,8281.725772
-38.81,21,8282.043394
-40.42,36,8282.64814
-38.42,31,8283.192593
-41.55,28,8283.674371
32.333333,27,8284.118491
-37.52,23,8284.492318
-32.08,31,8285.037509
-44.6,22,8285.408352
-38.71,24,8285.781814
-35.88,32,8286.339357
-42.0,22,8286.926232
-38.45,43,8287.646782
-38.44,27,8289.799855
30.0,36,8290.620282
-44.04,24,8291.025924
35.416667,28,8291.482479
-39.0,24,8291.902845
-41.62,25,8292.342532
-32.88,29,8292.822464
-38.38,24,8293.279578
-41.3,21,8293.725535
-44.07,21,8294.105024
-35.87,31,8294.648778
34.565891,31,8295.18514
38.494465,38,8295.807019
-44.0,19,8296.139278
-33.0,32,8296.785145
-44.08,38,8297.41711
-38.96,23,8297.820365
32.632231,25,8298.238945
-39.0,21,8298.5888
-35.64,34,8300.671544
39.0,36,8301.347811
-38.61,21,8301.710179
-38.06,26,8302.135772
-35.09,30,8302.655698
-37.88,61,8303.649118
-33.0,30,8304.133337
-41.1,30,8304.640179
-32.24,30,8305.133655
-41.58,21,8305.44787
-36.0,31,8306.157827
-36.0,26,8306.633536
38.160784,28,8307.308417
39.0,25,8307.74506
-38.51,31,8308.279386
-35.32,26,8308.705347
-32.77,29,8309.188216
-33.0,37,8311.411086
32.172269,29,8311.854396
-41.25,24,8312.258909
-41.87,27,8312.733339
32.142857,42,8313.40987
33.0,29,8314.00394
-38.55,28,8314.470257
33.702398,35,8315.05466
-35.25,28,8315.487689
-35.4,28,8315.968966
35.122138,29,8316.418486
32.171779,35,8317.01183
-32.12,33,8317.603274
36.0,23,8317.966671
32.327511,27,8318.394417
-38.37,24,8318.782042
-43.94,18,8319.07907
-41.31,30,8321.28284
-35.33,28,8321.611948
-40.93,26,8321.962222
-36.0,38,8322.576382
35.173913,28,8323.050356
-32.61,25,8323.473161
32.3361,48,8324.240967
-35.5,27,8324.690068
-41.05,24,8325.093357
32.796078,27,8325.550373
-32.31,31,8326.055709
-44.91,30,8326.572124
32.562264,31,8327.092622
-44.4,26,8327.594614
-47.05,23,8327.992758
-44.26,29,8328.497366
-33.0,35,8329.069543
-35.27,35,8331.373275
-38.76,22,8331.673752
-41.1,25,8332.006233
-37.52,29,8332.379108
-44.07,30,8333.152175
-38.71,28,8333.923083
-35.78,28,8334.580804
39.0,21,8334.899274
-35.35,31,8335.441741
-37.81,25,8335.813673
32.330798,50,8336.663444
35.102941,30,8337.159812
32.902985,28,8337.522517
32.014493,27,8337.988458
-44.85,19,8338.281618
32.375776,31,8338.777947
-44.66,34,8339.391106
32.128405,30,8339.906446
-35.09,27,8342.099748
-38.42,38,8342.571142
-32.25,33,8342.962337
-47.4,26,8343.271795
35.385666,26,8343.579871
33.0,31,8344.050322
-41.95,23,8344.416265
35.799242,37,8345.024369
36.0,31,8345.719721
-42.0,28,8346.167929
-41.06,26,8346.624637
-41.49,56,8347.632569
-38.89,32,8348.212126
-38.59,25,8348.620891
-35.21,28,8349.074778
-36.0,34,8349.689452
32.054545,27,8350.142992
-33.0,41,8352.595729
-41.54,42,8353.124048
-33.0,29,8353.473526
-39.91,28,8354.179938
-40.19,34,8354.742357
35.164983,21,8355.114465
36.0,26,8355.545379
-38.72,28,8356.000775
34.883107,22,8356.371931
-44.81,25,8356.788845
-32.91,32,8357.313403
-33.0,32,8357.871734
41.042424,22,8358.253492
-35.88,30,8358.768993
-36.0,41,8359.87892
-41.04,26,8360.338273
-41.53,27,8360.778294
-32.6,38,8363.181935
-38.05,36,8363.688911
-36.0,34,8364.175787
-38.69,28,8364.662536
-43.33,23,8365.067802
35.366213,26,8365.472992
-38.84,30,8366.047107
-44.54,27,8366.558014
33.0,35,8367.211015
-41.8,36,8367.999074
33.0,34,8368.567706
-41.84,24,8369.01228
-38.62,25,8369.43957
32.270492,26,8369.962839
-32.19,29,8370.469755
-41.53,28,8370.954201
-44.99,21,8371.301969
33.0,71,8374.238248
-38.09,18,8374.462515
-40.95,102,8375.789543
-35.19,33,8376.333198
-35.15,29,8376.791011
34.80457,30,8377.30837
-36.54,30,8377.837157
-36.0,26,8378.269075
-40.81,22,8378.667473
-42.0,30,8379.208261
-41.18,38,8379.832587
-41.59,36,8380.464458
35.561321,32,8380.99161
-41.61,22,8381.37881
-39.0,28,8383.678454
33.0,27,8384.090265
35.901639,22,8384.433639
-41.43,24,8384.727035
-32.17,33,8385.217727
33.0,29,8385.62121
-44.34,29,8386.218489
32.487544,34,8387.117798
-38.12,20,8387.474272
35.434944,27,8387.952626
-42.55,36,8388.57672
-41.71,37,8389.251373
-42.0,25,8389.679133
32.295276,35,8390.314039
-32.04,29,8390.858843
-38.17,34,8391.416041
-42.0,33,8391.989152
32.376384,28,8394.156201
-35.16,27,8394.598253
-33.0,28,8395.013433
35.542254,34,8395.507871
-39.78,25,8395.83844
32.086093,33,8396.28231
32.491736,30,8396.677244
-38.55,34,8397.143486
-38.84,26,8397.49003
-38.2,30,8397.986479
-42.0,28,8398.437299
32.429967,42,8399.183276
-41.91,20,8399.527475
-38.4,29,8399.994272
-37.4,34,8400.585417
36.0,27,8401.05127
-38.72,28,8401.565765
-39.0,25,8401.998367
-41.38,24,8404.272923
-32.97,36,8404.817001
-40.76,64,8405.745454
38.074906,23,8406.097967
46.506271,27,8406.456881
-42.56,33,8406.912986
-39.0,27,8407.289494
-41.75,23,8407.606417
-41.46,29,8408.101958
-38.64,24,8408.517632
-32.77,28,8408.95531
-35.28,30,8409.473507
32.313008,28,8409.972099
-44.49,31,8410.484396
-37.29,24,8410.891167
44.2,22,8411.384706
32.375,29,8412.010585
-41.65,40,8414.822307
-38.76,26,8415.253058
38.403125,33,8415.751349
-35.62,31,8416.186266
-31.74,25,8416.573525
-47.32,40,8417.140234
-35.5,27,8417.503181
-40.07,60,8418.390824
-41.88,34,8418.858009
-40.22,23,8419.218382
-35.82,30,8419.713654
-36.0,33,8420.249112
31.967681,42,8420.929146
-44.04,28,8421.440855
-41.68,22,8421.852202
-43.66,23,8422.247075
-42.0,31,8424.637126
32.057778,31,8425.161443
-35.96,34,8425.695432
35.038217,26,8426.053654
-42.0,16,8426.316636
-38.46,20,8426.593414
38.956679,26,8426.95978
-44.99,25,8427.38619
39.0,24,8427.776211
-44.46,15,8427.989461
-37.89,22,8428.290593
-35.8,36,8428.757986
-47.14,21,8429.049272
-36.0,30,8429.475897
-47.23,17,8429.783836
-42.0,30,8430.265037
-37.6,39,8430.900153
-38.48,26,8431.347129
-41.31,18,8431.692124
-35.2,27,8432.169201
47.228814,15,8434.282132
-32.86,25,8434.72842
33.0,34,8435.266376
-44.08,30,8435.77731
-44.44,25,8436.191089
-38.48,32,8436.651634
40.431361,56,8437.432711
-43.73,22,8437.862296
38.428571,25,8438.413577
-35.47,46,8439.362269
-33.0,29,8439.786237
-41.34,20,8440.036666
-42.0,26,8440.516984
-39.0,28,8441.009352
32.457413,28,8441.540573
-38.88,25,8441.980394
-36.0,22,8442.387133
35.039051,31,8442.934193
35.58209,26,8445.374573
-38.19,28,8445.851743
-35.69,30,8446.307952
-41.56,23,8446.639736
-38.95,73,8447.740966
-33.0,29,8448.204779
31.780303,34,8448.752876
32.281124,32,8449.213588
-38.75,27,8449.574474
-38.83,30,8449.964913
32.378723,32,8450.43427
-35.11,24,8450.829498
-43.06,27,8451.339281
-34.2,105,8455.075131
-34.99,30,8455.579966
32.525641,26,8455.983569
-41.52,51,8456.744697
-41.75,37,8457.337034
-38.12,27,8457.784336
-35.75,38,8458.388968
-41.24,32,8458.937032
32.574603,23,8459.273019
-35.03,41,8459.858023
36.0,22,8460.181036
-32.7,30,8460.596074
-40.11,24,8460.969667
-32.18,29,8461.446225
-41.64,23,8461.863913
35.172285,27,8462.339286
-32.25,29,8462.819765
38.049669,24,8465.21611
32.340483,24,8465.609273
-43.07,25,8466.049407
34.65444,24,8466.429544
35.239544,20,8466.775211
-42.0,33,8467.285431
-43.77,28,8467.713444
-41.27,22,8468.165271
-38.92,25,8468.555948
32.879845,33,8469.06521
-45.0,28,8469.566647
32.268456,27,8469.982622
-38.29,19,8470.235294
-34.69,51,8470.953545
-43.69,18,8471.199931
-35.27,27,8471.606685
-41.42,23,8471.976478
39.0,25,8472.364427
-38.7,28,8472.868306
-38.39,26,8473.330068
35.896947,36,8475.814687
33.0,40,8476.526996
-32.16,34,8477.091203
-38.84,29,8477.517976
-38.5,37,8478.051099
-41.14,25,8478.416599
-38.12,26,8478.828731
-41.88,22,8479.259146
-37.42,28,8479.759892
-36.0,25,8480.175338
-35.2,37,8480.716349
-38.82,23,8481.031092
35.406917,26,8481.380405
-44.36,21,8481.658859
38.217949,28,8482.056175
-36.0,26,8482.414105
40.431846,28,8482.850856
-32.17,36,8485.263698
-35.38,34,8485.863718
-36.0,41,8486.612928
-32.5,41,8487.291945
-40.65,50,8488.021442
-32.25,52,8488.837825
34.460578,25,8489.213379
35.410853,25,8489.711411
38.271698,21,8490.457184
-38.84,25,8490.908501
-32.5,38,8491.522018
-44.42,30,8491.97113
33.0,38,8492.515139
32.524164,37,8493.039866
-41.56,26,8493.433117
-42.97,35,8496.023292
39.0,68,8497.177484
-44.28,25,8497.601985
-41.26,22,8497.926688
-38.75,25,8498.284674
32.480144,29,8498.715146
35.536111,27,8499.104818
-43.48,29,8499.533478
-35.34,27,8500.004246
-42.0,20,8500.344527
-42.0,27,8500.798191
-44.84,45,8501.565699
-38.56,30,8501.98338
-44.34,20,8502.295563
-37.35,44,8502.88613
-44.24,24,8503.203734
-34.89,26,8503.594635
-42.0,17,8505.952181
-41.43,24,8506.386879
-43.9,26,8506.830724
38.135135,27,8507.291477
-32.18,32,8507.871563
-37.53,26,8508.29449
32.67,47,8509.008811
38.117424,23,8509.326222
-41.5,19,8509.590789
-47.65,25,8509.985651
-33.0,38,8510.606079
32.359833,27,8511.047077
-38.3,22,8511.391649
-33.0,31,8511.882902
32.54717,39,8512.482487
-33.0,33,8512.945465
-41.1,25,8513.303685
33.578448,38,8515.648722
-34.53,28,8516.374462
-35.64,32,8517.110048
35.24851,43,8517.969992
-42.0,32,8518.463905
35.32434,24,8518.845406
-32.68,31,8519.268865
35.007407,32,8519.749349
-35.25,35,8520.284889
35.902128,31,8520.778468
38.620301,24,8521.233305
-35.85,31,8521.780854
-38.08,24,8522.152167
-39.0,38,8522.790861
-41.04,29,8523.276807
-36.0,29,8523.671032
-35.41,27,8524.028977
-44.16,25,8526.2397
-38.18,26,8526.658103
-34.97,28,8527.115208
-38.41,32,8527.688491
-35.43,28,8528.176082
39.0,22,8528.54542
32.510121,29,8528.978469
-35.18,28,8529.402966
-44.52,23,8529.742091
-38.74,30,8530.174557
36.0,25,8530.58974
-32.81,27,8531.081571
-47.13,23,8531.515275
-41.39,33,8532.075843
-42.0,31,8532.629385
35.711111,21,8532.992472
-36.0,22,8533.360649
-37.93,31,8533.900536
-44.34,18,8534.143601
-45.0,23,8534.460774
32.096654,33,8536.780393
-44.04,22,8537.131465
-42.0,31,8537.638569
32.520755,28,8538.13828
32.110738,26,8538.593663
-44.42,23,8538.944675
35.333333,28,8539.350767
-39.0,27,8539.748128
-41.67,20,8540.047119
33.0,22,8540.383918
39.0,24,8540.814682
-43.7,28,8541.287584
-44.69,25,8541.720452
32.493151,36,8542.776846
-35.55,41,8543.54597
-41.04,28,8543.996971
40.309158,52,8544.874261
-38.66,22,8545.190879
32.331288,29,8547.477127
-41.34,24,8547.873138
-44.26,47,8548.701451
36.0,27,8549.133725
-35.26,27,8549.516642
-37.86,24,8550.007293
-38.68,21,8550.328293
-40.51,22,8550.652884
-35.9,26,8551.077144
-32.68,30,8551.593197
32.198444,28,8552.057838
-33.0,43,8552.819112
-32.49,31,8553.365962
-44.5,24,8553.763541
-35.2,28,8554.284344
-41.66,26,8554.741042
35.06,31,8555.26341
38.606154,28,8555.67711
-40.68,24,8557.851941
-32.28,29,8558.341042
32.240132,29,8558.826846
-32.55,27,8559.221137
-41.27,32,8559.772767
-32.5,32,8560.244427
-35.01,25,8560.602376
-37.97,27,8561.377102
41.293651,21,8561.72519
38.576389,21,8562.096203
-32.71,33,8562.650709
-32.04,26,8563.130784
-40.8,33,8563.695114
-37.52,27,8564.146217
42.979056,26,8564.553991
-37.86,27,8565.005622
35.899225,61,8566.024173
37.029032,27,8568.322298
38.874525,19,8568.634907
-38.75,21,8569.213774
33.0,31,8569.711217
-37.59,32,8570.204166
-36.0,23,8570.539158
-38.63,24,8570.910406
36.0,31,8571.423463
38.526718,25,8571.843618
-41.12,22,8572.231797
-41.64,23,8572.638767
-33.38,39,8573.464622
-41.35,21,8573.824265
-38.38,27,8574.275509
-32.41,23,8574.668109
-34.99,28,8575.243778
-33.0,46,8576.07104
-36.0,36,8576.667257
-35.88,23,8577.074194
-42.0,24,8579.121112
-38.51,24,8579.471259
33.0,28,8579.907323
-38.22,30,8580.351058
33.0,25,8580.722158
-44.46,18,8581.012105
-41.67,19,8581.328723
32.514894,26,8581.767184
-35.05,37,8582.379915
-38.41,37,8583.00243
-35.32,31,8583.515375
-35.29,35,8584.142045
35.213976,34,8584.695226
38.015686,24,8585.101894
-35.15,29,8585.600528
-43.58,24,8586.03201
-39.0,19,8586.31959
-38.67,31,8586.834351
-35.18,24,8589.024372
-41.48,20,8589.283493
38.141509,20,8589.546626
-44.45,24,8589.89733
38.436567,25,8590.272895
35.009934,30,8590.760325
33.0,27,8591.188
32.313665,24,8591.584047
-36.0,33,8592.109954
-35.62,22,8592.470856
-32.81,27,8592.91346
-32.08,26,8593.368744
-35.01,29,8594.001724
-38.89,23,8594.501429
-44.85,26,8595.182755
-41.56,20,8595.52656
32.487805,30,8596.006901
-38.07,25,8596.436242
-35.64,24,8596.87029
35.262774,21,8597.237988
-44.85,14,8597.488886
-41.54,37,8599.817376
34.470813,36,8600.2407
-33.0,25,8600.573506
-41.8,25,8600.936526
-38.59,25,8601.30023
32.679245,29,8601.788037
-44.6,22,8602.131282
-33.0,36,8602.713463
-38.3,32,8603.26527
-42.0,27,8603.749333
-41.23,34,8604.284566
-39.0,26,8604.708018
38.51634,28,8605.178194
-40.77,27,8605.734548
-41.38,28,8606.201623
-44.65,60,8607.188467
38.160585,38,8609.674422
-37.95,28,8610.030536
-38.41,25,8610.369436
38.773504,16,8610.572558
-40.07,34,8610.969495
-32.14,49,8611.678509
-38.91,32,8612.228762
32.604317,47,8612.968249
-39.0,34,8613.612328
-38.82,25,8613.988639
-45.0,15,8614.251867
-38.32,23,8614.644837
-41.88,30,8615.192975
-35.9,25,8615.532196
-41.83,24,8615.824492
41.157509,20,8616.263972
-41.48,28,8616.727049
-38.44,31,8617.201231
-38.8,36,8619.703802
32.748031,28,8620.119213
-36.0,35,8620.847215
36.685407,37,8621.368368
35.450331,23,8621.95851
-41.15,26,8622.441166
-32.44,28,8622.856757
38.303156,28,8623.334635
-38.56,20,8623.68445
-32.23,29,8624.176376
-38.14,30,8624.732975
32.457912,33,8625.352695
-36.0,30,8625.859534
-39.0,27,8626.325864
-42.0,23,8626.691583
-35.81,33,8627.26449
-35.69,24,8627.671732
-40.71,26,8628.118599
-35.19,26,8630.394208
-38.72,22,8630.693606
-37.56,36,8631.204103
-42.18,22,8631.587626
-42.0,33,8631.969198
-35.28,26,8632.310906
32.66065,51,8633.075503
-42.0,23,8633.463523
35.782082,25,8633.92514
-42.0,30,8634.410517
38.902128,27,8634.87444
-41.22,20,8635.205922
-38.76,28,8635.672491
-38.18,26,8636.117654
-34.4,22,8636.514776
35.023529,44,8637.247641
-38.44,30,8637.753464
-38.39,28,8638.225821
-44.19,18,8640.379281
-44.32,18,8640.643015
-39.0,25,8641.005941
-40.86,35,8641.474111
32.385075,36,8641.930297
32.270588,44,8642.528561
39.0,26,8642.909413
-35.55,28,8643.288256
-39.0,39,8643.903882
-44.27,28,8644.399219
-32.45,32,8645.008999
33.0,26,8645.419546
-38.59,21,8645.808082
32.451613,35,8646.560065
33.0,27,8647.087129
38.901961,19,8647.565028
-44.63,19,8648.002646
35.409091,25,8648.428532
-47.76,20,8648.781108
-38.67,26,8651.029959
-38.44,28,8651.424133
-41.15,31,8651.891666
-44.64,17,8652.15386
35.02649,35,8652.623698
32.183206,28,8653.025383
-44.31,18,8653.29063
32.222008,33,8653.740487
34.683116,27,8654.135946
32.624138,39,8654.765579
-32.37,45,8655.576738
-40.67,30,8656.072573
-32.56,27,8656.527068
-38.23,28,8656.99219
-32.83,35,8657.556723
32.748175,31,8658.054475
-41.05,33,8658.59434
-36.0,29,8660.922908
35.255474,26,8661.309987
-43.87,19,8661.596878
-40.78,21,8661.938486
35.077081,29,8662.374515
-38.18,27,8662.754627
32.386617,31,8663.301018
-32.62,31,8663.729551
-41.74,20,8664.018459
-32.13,29,8664.46709
-37.99,25,8664.823211
-44.16,32,8665.372024
32.361217,26,8665.829296
39.0,25,8666.2625
-38.85,30,8666.783476
31.629167,30,8667.253507
-32.09,34,8667.861286
-38.67,34,8668.40866
30.0,38,8670.927419
32.30566,30,8671.377376
-41.81,56,8672.183519
-41.72,30,8673.029524
-38.67,29,8673.685745
-38.66,28,8674.177311
-38.45,118,8675.77976
-35.32,28,8676.228926
35.335907,28,8676.764468
32.76435,29,8677.22471
-47.37,21,8677.583814
-35.64,27,8678.052006
-41.08,71,8681.195756
-39.0,26,8681.584474
-33.0,27,8681.982203
-35.24,30,8682.445276
-44.57,21,8682.739189
-38.81,33,8683.233805
-35.31,29,8683.729763
35.211765,35,8684.299427
-38.84,20,8684.609329
38.319231,29,8685.003611
-32.94,37,8685.531851
-38.6,29,8685.935211
33.0,30,8686.360252
32.5,25,8686.776129
35.133929,32,8687.401285
-41.06,18,8687.718026
32.179916,39,8688.378923
-35.3,26,8688.796743
-32.37,30,8691.173201
-36.0,20,8691.459121
34.869002,32,8691.913338
-37.37,35,8692.42747
33.0,29,8692.880992
-32.25,43,8693.524841
-35.5,27,8694.021571
-35.19,27,8694.496964
-38.73,34,8694.988269
-44.32,22,8695.304971
-43.0,26,8695.646205
-38.16,29,8696.06693
-41.62,32,8696.517119
-35.05,34,8697.034286
33.0,25,8698.271781
33.0,28,8698.833049
-33.0,23,8699.316202
-40.25,33,8700.114732
35.276423,31,8702.515941
-39.0,27,8702.932133
32.170909,44,8703.55104
32.903475,30,8704.03216
-44.53,35,8704.571087
-35.03,23,8704.961348
-43.45,23,8705.385131
-35.25,26,8705.73298
-44.5,23,8706.079414
33.0,33,8706.541584
-41.35,23,8706.884436
-32.35,31,8707.322584
-39.0,36,8707.950287
-38.06,42,8708.655241
-46.94,20,8709.02138
-41.88,24,8709.427397
-44.01,24,8709.859135
34.580128,26,8712.183674
34.821597,40,8712.841063
-41.87,23,8713.195129
38.178397,24,8713.574327
-43.71,24,8713.932277
-41.98,17,8714.181419
-47.68,93,8715.790736
-39.0,36,8716.304131
-35.36,32,8716.753192
-38.53,32,8717.212901
-38.13,26,8717.586319
-38.2,23,8717.91095
35.321551,31,8718.464864
-37.73,34,8719.048021
-42.71,27,8719.505572
-36.0,28,8720.069909
38.3125,24,8722.38955
-38.6,39,8723.030017
43.212506,25,8723.382636
33.0,35,8723.913276
-38.73,34,8724.405442
-35.19,22,8724.724035
-41.27,25,8725.308012
-39.0,26,8725.791363
-39.0,37,8726.389175
-41.52,38,8727.209987
-41.01,26,8727.573195
-38.86,30,8727.999426
-47.41,19,8728.287213
-41.47,40,8728.926084
35.349593,31,8729.499032
46.914637,16,8729.765924
-35.5,31,8730.274374
-44.88,26,8730.739315
35.121212,28,8733.165208
35.452471,26,8733.581502
-38.2,24,8733.949122
-38.8,28,8734.358704
-44.44,22,8734.686622
32.406015,36,8735.16838
-41.2,23,8735.518965
-38.5,36,8736.147628
-33.0,29,8736.649049
-38.23,27,8737.090519
-32.16,30,8737.514568
-35.59,31,8737.982607
-35.33,28,8738.367411
-34.75,25,8738.700792
-38.04,34,8739.14443
-47.12,15,8739.388602
-33.0,33,8739.976289
32.544554,53,8742.889505
-35.56,35,8743.44242
-44.53,20,8743.784419
40.563009,32,8744.240456
-38.53,29,8744.67166
37.947247,33,8745.172913
-42.0,23,8745.520022
-36.0,27,8745.970065
-38.82,32,8746.634176
-38.2,38,8747.248489
-37.73,25,8747.675598
34.661928,57,8748.477365
-39.5,20,8748.787027
38.643137,23,8749.105965
-32.08,39,8749.610705
-39.0,24,8750.129927
-44.53,22,8750.564963
34.434771,29,8753.221471
-38.91,19,8753.522079
-33.0,24,8753.947332
-41.09,28,8754.417113
-38.76,23,8754.78065
-42.0,22,8755.12628
-41.69,27,8755.504561
-42.0,30,8755.961982
-41.02,17,8756.197932
-37.97,30,8756.707426
-41.07,22,8757.148587
-38.26,36,8757.80055
-43.91,17,8758.102218
-41.23,24,8758.497972
-41.31,23,8758.893961
-42.0,20,8759.234422
-38.61,27,8759.585771
-39.0,26,8759.960525
-38.56,27,8760.336034
-35.63,32,8760.788558
-36.0,32,8763.176902
-32.02,26,8763.631703
32.017316,33,8764.175041
33.0,31,8764.632447
-41.92,23,8764.95058
35.687657,30,8765.303332
-38.32,26,8765.670631
32.982935,29,8766.114663
32.405303,30,8766.663509
35.670139,26,8767.084671
-32.39,30,8767.588408
-36.0,38,8768.201981
-38.9,27,8768.689008
-38.47,29,8769.170184
-32.37,26,8769.594157
-41.06,26,8770.012649
-39.0,30,8770.427854
-32.91,29,8770.830133
33.0,28,8773.090965
38.229797,28,8773.549604
-35.56,34,8774.110116
-47.24,25,8774.480041
-41.83,20,8774.789435
-42.0,24,8775.151108
-32.89,29,8775.547542
-32.29,27,8775.960064
-44.22,26,8776.409798
-38.5,34,8776.975605
-41.8,18,8777.255347
-38.7,24,8777.623645
-41.45,20,8778.201903
-39.0,30,8778.913365
32.073171,31,8779.858757
-42.0,26,8780.30105
-35.82,34,8780.817865
-35.05,25,8781.138781
-37.7,20,8781.41637
38.060185,27,8781.897528
32.193103,41,8784.695605
-38.61,31,8785.213228
-43.69,27,8785.618738
33.0,25,8785.998337
-41.96,27,8786.4014
-39.0,23,8786.721151
-41.38,19,8787.007986
-38.63,31,8787.560621
-34.83,41,8788.299268
-41.7,23,8788.68063
38.5,19,8789.015147
-41.81,25,8789.42715
-32.06,29,8789.947191
-35.48,38,8790.596344
38.294702,24,8791.012747
-40.92,27,8791.385365
-41.42,25,8791.741144
-35.29,26,8792.09608
-33.0,34,8794.419866
-38.12,27,8794.861796
32.830827,34,8795.397016
-33.0,31,8795.880474
-33.0,30,8796.290161
-33.0,26,8796.740264
-41.27,42,8797.44805
-35.42,25,8797.863937
-32.01,41,8798.523183
-38.61,21,8798.915531
32.307116,32,8799.436707
36.0,23,8799.814064
-41.65,28,8800.270473
-38.24,30,8800.798926
-41.76,32,8801.361386
32.456446,29,8801.746683
-45.0,30,8802.14403
36.0,26,8804.453556
32.397993,35,8805.338125
-36.0,34,8805.883538
-41.59,25,8806.242492
-41.84,24,8806.612078
-32.44,33,8807.081689
-35.14,27,8807.503745
-41.58,18,8807.847615
-36.0,24,8808.253813
-38.54,24,8808.681722
-39.0,19,8809.004533
-32.61,28,8809.464529
-40.6,33,8810.018234
-36.0,28,8810.489053
32.048387,120,8812.393285
-37.76,31,8814.894108
-41.64,22,8815.37216
-32.4,30,8815.923737
-38.65,33,8816.416734
-36.0,33,8816.947581
35.625397,22,8817.294569
-35.07,33,8817.79797
-37.95,26,8818.213336
-32.43,27,8818.775964
-41.69,24,8819.175508
-35.15,34,8819.804585
-43.57,24,8820.191787
34.206143,32,8820.719608
-43.44,20,8821.091531
35.441296,31,8821.646863
-36.0,29,8822.157703
33.0,32,8822.758421
-41.53,25,8823.181707
-33.0,46,8825.609349
-32.26,30,8826.150004
-42.0,23,8826.546362
33.0,26,8826.944755
-41.14,28,8827.362286
-41.41,21,8827.667649
-38.45,27,8828.999498
33.0,34,8829.618129
-41.86,30,8830.151459
35.465116,32,8830.686069
-35.42,27,8831.376083
-41.2,19,8831.699433
-38.49,31,8832.490066
-41.53,23,8832.880848
-43.52,27,8833.315758
35.752727,24,8833.717668
41.032698,23,8834.120829
-35.06,29,8834.619663
32.704225,29,8835.130169
-33.0,46,8837.485947
38.65748,22,8837.811709
44.203065,20,8838.122697
-41.17,24,8838.469214
32.539519,32,8839.016762
-32.16,30,8839.565992
-35.49,31,8840.060688
-41.71,30,8840.547843
-43.92,35,8841.133284
-32.58,36,8841.754945
-35.62,36,8842.368596
35.901099,28,8842.832797
-36.0,27,8843.378711
-38.9,26,8843.816783
-35.15,28,8844.318316
-34.78,24,8845.006932
-39.0,24,8845.42506
-40.66,32,8847.637631
35.056225,31,8848.012876
-35.51,36,8848.522005
-38.78,45,8849.223217
-44.62,36,8849.847664
35.092256,24,8850.263188
39.0,21,8850.612381
33.0,29,8851.094727
-37.42,126,8853.138165
-39.0,30,8853.968047
-47.24,15,8854.190732
-44.11,21,8854.636491
-39.0,24,8855.038044
35.642599,23,8855.489671
-44.02,22,8855.883553
-35.95,25,8858.124967
-38.65,29,8858.450378
-38.3,26,8858.774664
32.529412,28,8859.100265
-36.0,31,8859.801664
-35.7,29,8860.284803
-36.0,27,8860.704418
34.416307,37,8861.366353
-31.78,30,8861.87734
-35.68,38,8862.537422
38.625,28,8863.053081
-37.67,34,8863.662624
-38.3,22,8864.027913
-32.03,28,8864.507423
-40.47,28,8864.982747
-32.7,35,8865.567399
35.802281,23,8865.951555
35.603715,19,8866.297574
-32.1,25,8869.19826
-44.09,22,8869.466188
-35.91,34,8869.969679
-39.0,26,8870.455702
-32.94,64,8871.563287
-44.04,17,8871.888932
-38.68,34,8872.479267
-32.4,25,8872.880677
-35.26,31,8873.407715
-44.6,28,8873.905512
-41.2,25,8874.339153
32.2375,28,8874.82484
-34.83,30,8875.322361
35.085014,31,8875.880472
-35.64,34,8876.432906
32.092742,29,8876.965267
-41.96,27,8877.399841
-32.19,37,8879.469499
-32.89,32,8879.830882
32.361194,31,8880.230407
-41.83,24,8880.508976
32.663492,28,8880.912133
-41.51,25,8881.218664
33.0,42,8881.831925
-39.0,34,8882.420182
-41.1,26,8882.82898
-32.29,27,8883.276439
-35.03,26,8883.72174
-35.03,35,8884.355969
35.053571,33,8884.921868
-38.19,24,8885.728466
37.328749,27,8886.212166
-39.84,23,8886.56595
-32.03,28,8887.072434
32.341637,32,8889.46028
35.531915,26,8889.894115
-32.67,29,8890.367139
-44.51,28,8890.682504
-44.08,30,8891.027786
32.028846,28,8891.350353
32.235075,32,8891.721076
-32.57,31,8892.112706
-35.48,26,8892.429633
34.720994,50,8893.278279
32.742958,29,8893.726958
-32.11,30,8894.216093
-32.39,29,8894.861585
32.576132,29,8895.370518
-38.48,33,8895.923774
-32.02,30,8896.417455
-45.0,63,8899.255084
-41.14,16,8899.555922
32.49434,26,8899.986712
-38.21,31,8900.491779
-43.34,26,8900.878371
-44.12,21,8901.181109
-41.17,24,8901.503195
-44.39,25,8901.834866
-32.31,29,8902.226892
-39.0,26,8902.535286
-38.35,40,8903.103367
-43.71,25,8903.527916
-38.78,22,8903.907524
-38.55,31,8904.457174
-44.83,24,8904.860415
-39.0,38,8905.47381
-41.67,27,8905.919377
-40.3,30,8906.425666
-38.45,33,8906.960302
-47.32,41,8909.534056
36.0,28,8909.992073
35.804196,29,8910.574693
-41.7,24,8911.117721
-41.33,31,8911.82559
32.284746,26,8912.159618
-37.1,26,8912.470921
-38.91,25,8912.801338
-36.0,24,8913.081198
38.409318,40,8913.651728
38.06015,23,8914.046191
-31.8,57,8915.007943
-45.0,22,8915.475634
-36.0,52,8916.400172
-44.54,27,8916.877177
-36.0,25,8917.295731
-42.0,23,8919.492965
32.415625,25,8919.928599
-39.0,24,8920.312975
-41.71,29,8920.790255
-38.44,27,8921.239686
37.744221,31,8921.735087
37.965131,31,8922.154039
-32.81,29,8922.541596
-35.19,50,8923.217485
-41.38,23,8923.518928
-35.53,37,8924.071259
-44.02,26,8924.491935
-44.26,21,8924.899356
-37.5,25,8925.357495
-45.0,36,8925.952049
-41.52,24,8926.368132
42.0,22,8926.77749
-41.34,22,8927.137135
-43.31,26,8929.450184
-44.63,24,8929.834852
-35.9,26,8930.263086
-41.74,22,8930.659144
-40.66,32,8931.208406
35.037879,27,8931.707329
-36.0,33,8932.283912
-32.91,65,8933.077816
-35.66,32,8933.461138
-41.48,21,8933.709031
-38.01,36,8934.126167
-38.29,31,8934.626076
-41.11,28,8935.13893
-41.27,32,8935.683233
38.224694,25,8936.104412
-45.0,18,8936.396108
-32.56,25,8936.825495
-39.0,31,8937.553715
-37.69,25,8940.53619
-43.95,24,8941.00007
35.406897,24,8941.480077
-40.75,18,8941.804187
-32.72,26,8942.254698
32.876448,29,8942.731338
38.96,33,8943.280711
-38.29,37,8943.722975
32.224832,41,8944.19534
-37.18,61,8944.974614
-36.0,29,8945.567142
-35.47,30,8946.068416
-44.44,52,8946.915777
-35.5,29,8947.489997
-35.23,40,8948.205224
-35.05,26,8950.526865
-38.23,28,8951.043621
-38.46,25,8951.510741
35.253521,26,8951.929541
-38.59,28,8952.380021
-41.82,30,8952.866112
-43.9,17,8953.160883
-41.82,19,8953.455163
38.323636,24,8953.834448
-32.01,29,8954.243649
-32.25,26,8954.557851
-35.14,36,8954.994581
36.0,25,8955.333056
41.307377,19,8955.617411
-38.84,29,8956.028647
-32.42,36,8956.633707
-44.3,28,8957.135944
-41.29,23,8957.514922
-36.0,39,8958.203821
-34.74,29,8960.679685
-35.11,34,8961.225231
-35.23,26,8961.649209
34.135707,27,8962.12779
-45.0,28,8962.608814
39.0,28,8963.290139
-42.0,24,8963.850682
40.623753,27,8964.285387
-37.73,27,8964.853241
-43.55,20,8965.178178
32.471154,34,8965.61542
35.762195,19,8965.862005
-40.97,18,8966.050226
35.083333,25,8966.375155
-41.6,27,8966.796976
-38.47,34,8967.28852
-35.01,32,8967.81539
-32.58,42,8968.563897
-44.23,21,8968.9205
-38.3,77,8972.094336
32.441509,25,8972.551726
-32.37,35,8973.155309
-41.24,24,8973.553234
-38.36,25,8974.00137
-32.59,28,8974.434661
-35.85,27,8974.815973
35.373585,36,8975.368412
-32.38,31,8975.765646
-41.14,29,8976.093323
-36.0,37,8976.576669
-42.0,19,8976.874852
44.832685,33,8977.351204
-44.23,24,8977.748108
-33.0,31,8978.27225
34.833963,28,8978.76322
-38.65,25,8981.051254
-33.0,28,8981.559875
-36.0,27,8982.011166
-41.08,27,8982.484169
32.104478,35,8983.135263
36.72607,26,8983.593377
-46.43,29,8984.111869
-41.33,33,8984.716238
-39.57,24,8985.057026
32.019504,29,8985.47964
37.682429,25,8985.839463
-41.61,34,8986.278182
-35.21,31,8986.683753
-41.82,35,8987.192402
-38.75,24,8987.564121
-35.68,25,8987.979363
-32.52,33,8988.527381
32.22291,49,8991.485009
-40.82,21,8991.874948
32.844444,33,8992.423371
-33.0,55,8993.419753
-44.35,25,8993.901209
-36.0,29,8994.432063
37.116432,28,8994.917743
-35.93,43,8995.640916
-32.27,40,8996.262084
32.049107,31,8996.738494
-35.77,30,8997.157198
-45.0,27,8997.50182
-33.0,27,8997.836296
-35.7,24,8998.166522
35.339483,28,8998.568191
-35.75,34,8999.065767
40.589136,26,9001.422677
-42.0,23,9001.847632
-35.33,30,9002.398906
-38.01,24,9002.793945
-35.64,32,9003.328081
-35.55,30,9003.804149
-32.44,28,9004.304991
33.0,27,9004.759974
35.473896,27,9005.244438
-36.0,21,9005.601135
-36.0,35,9006.220679
-37.66,30,9006.681279
-35.77,37,9007.227657
-35.33,36,9007.72117
-37.37,38,9008.801548
-32.1,33,9009.24574
-38.4,39,9009.9077
-36.0,29,9012.299378
-36.0,33,9012.827467
-36.0,33,9013.373195
-33.0,30,9013.911804
-32.7,31,9014.447531
-41.52,28,9014.922915
-35.68,47,9015.736305
-41.23,26,9016.357803
-41.38,32,9017.102657
-38.42,20,9017.371253
35.515748,33,9017.909721
34.664285,27,9018.320973
-32.78,30,9018.724613
-46.55,24,9019.078525
-44.78,25,9019.446754
-38.81,24,9019.78603
35.778689,32,9020.201826
-33.0,38,9022.620625
-38.48,30,9023.602643
-46.41,22,9023.965126
32.149635,63,9025.007483
35.594488,23,9025.394112
-35.88,30,9025.949546
-32.88,37,9026.492314
-44.86,21,9026.807469
-32.24,34,9027.415127
-36.0,25,9027.822741
35.722433,26,9028.233006
-40.51,31,9028.771698
-32.26,25,9029.165273
-38.89,34,9029.666773
-35.32,30,9030.106629
-38.32,21,9030.372656
35.837931,23,9030.699618
-38.81,24,9032.90353
-38.61,24,9033.312401
-45.0,15,9033.61697
-44.9,23,9034.082854
-37.74,28,9034.548218
-35.78,40,9035.226594
-38.65,23,9035.642987
-32.47,44,9036.322264
-36.0,25,9036.863701
-44.04,27,9037.27157
-42.0,24,9037.626163
-35.35,25,9037.991425
-43.73,22,9038.327583
-38.64,22,9038.701627
-40.82,27,9039.110186
-40.92,28,9039.557503
-32.53,43,9040.150063
-40.56,32,9040.56396
-40.74,30,9041.015943
-44.06,22,9043.251979
-38.44,25,9044.039634
-41.23,25,9044.45906
-32.11,27,9044.90016
-41.02,25,9045.322616
-43.52,24,9045.72621
-32.14,27,9046.206296
-47.64,16,9046.477579
-32.81,26,9046.91802
-32.26,28,9047.323632
-39.0,24,9047.671465
32.71777,49,9048.360908
-41.45,26,9048.755089
-39.0,31,9049.254028
-41.49,25,9049.658514
-41.08,19,9049.9788
-43.63,20,9050.269286
35.298013,26,9050.645066
35.128289,38,9051.164015
39.947474,22,9053.360719
-32.91,29,9053.883335
-34.82,31,9054.395438
-41.14,23,9054.792343
32.8,36,9055.396058
-39.0,35,9055.985185
-38.61,32,9056.5055
-36.0,23,9056.896381
35.379913,28,9057.333333
-39.0,31,9057.862648
30.0,27,9058.261254
-35.0,30,9058.697692
-41.08,27,9059.13491
-37.87,25,9059.554996
-35.35,37,9060.24215
-38.41,28,9060.670276
-43.45,29,9061.104503
-46.88,22,9061.417583
-33.0,36,9063.816303
32.9,24,9064.2919
-35.28,28,9064.737956
44.5,19,9065.06447
41.524138,23,9065.384172
-38.53,27,9065.860436
-33.0,37,9066.476142
-41.14,21,9066.931586
-41.5,22,9067.261925
41.159091,20,9067.582052
-34.74,37,9068.386885
-44.32,20,9068.701831
-32.41,33,9069.128238
-35.21,26,9069.541561
-35.57,25,9070.246109
-38.24,36,9070.830823
-40.55,22,9071.20723
-41.79,22,9071.567531
-39.0,24,9071.946537
-35.41,33,9074.154504
-38.31,28,9074.638603
-32.37,28,9075.082439
-39.0,26,9075.584772
40.348709,21,9076.146322
-32.33,35,9076.697931
-41.52,26,9077.100278
-44.35,20,9077.450924
40.452338,27,9077.859466
-41.27,24,9078.216086
-32.62,33,9078.744746
-33.0,28,9079.191932
-38.58,23,9079.606293
-35.52,34,9080.175984
-35.71,23,9080.562003
-38.36,42,9081.252711
-32.66,32,9081.795114
-41.43,25,9082.263301
-35.44,27,9082.701657
-37.78,32,9085.057701
-41.66,29,9085.58067
32.309091,37,9086.225095
32.274306,25,9086.615584
-35.33,28,9087.160949
33.0,31,9087.733458
36.0,23,9088.078243
39.0,26,9088.568753
-44.58,25,9088.961561
-39.0,31,9089.42384
-38.46,24,9090.467775
-38.75,24,9090.911373
-41.44,23,9091.149518
-38.25,35,9091.526659
-31.95,29,9091.869828
-35.49,26,9092.292836
-36.0,30,9092.807748
-35.91,28,9093.324944
-37.84,23,9095.585993
-39.0,19,9095.983967
34.855932,29,9096.425221
-35.27,34,9096.97048
-38.64,23,9097.594121
-38.12,30,9098.128064
-33.0,24,9098.535103
-42.0,25,9098.921451
-41.11,27,9099.330438
-32.86,26,9099.728016
-35.76,25,9100.082633
-47.45,18,9100.368438
-41.05,27,9100.795744
35.425676,25,9101.176655
37.649258,26,9101.602748
-35.54,25,9102.025016
-39.0,25,9102.47816
-32.36,26,9102.971561
-35.61,27,9103.43861
-39.0,27,9103.87492
-32.62,30,9106.28832
35.139535,29,9106.670344
-44.32,26,9107.101628
-44.52,29,9107.61016
-35.5,41,9108.299254
-38.72,29,9108.816406
33.0,27,9109.30583
32.375,30,9109.819957
38.334395,28,9110.254839
-33.0,31,9110.73949
38.479554,19,9111.043687
-44.81,19,9111.332222
-36.0,25,9111.71832
-35.74,27,9112.194593
-41.06,23,9112.589564
44.189815,15,9112.985218
35.903475,29,9113.585069
36.0,22,9114.024571
-38.11,27,9114.587621
-32.46,30,9116.839185
-35.07,26,9117.178932
-37.41,31,9117.670287
38.085821,26,9118.110979
-44.58,23,9118.509911
37.593629,25,9118.965072
-35.02,33,9119.494249
-35.23,27,9120.000341
-39.0,21,9120.287454
-38.35,25,9120.64292
-43.97,39,9121.214861
-40.85,25,9121.595127
33.0,26,9122.198201
-40.87,25,9122.746121
-42.0,24,9123.15416
33.0,29,9123.767517
-35.8,26,9124.32486
-38.06,37,9124.955416
-41.69,22,9125.312957
-35.29,33,9127.629714
-44.57,18,9127.86701
-38.91,32,9128.385458
-32.57,28,9128.893837
-38.45,28,9129.4014
-47.47,20,9129.761824
-31.98,33,9130.318268
-32.91,40,9130.894485
-38.56,28,9131.324316
-32.03,22,9131.639747
-32.72,36,9132.140479
-41.61,29,9132.637877
-44.34,28,9133.12522
-35.5,24,9133.575672
-35.33,29,9134.036294
-38.12,33,9134.638466
-40.8,27,9135.178046
38.080769,17,9135.437233
-40.63,41,9137.895195
-41.75,23,9138.219514
-35.65,35,9138.689663
-40.25,22,9138.976183
-37.86,40,9139.567558
-34.58,28,9140.045335
-38.16,26,9140.466279
-36.0,27,9140.968675
-35.38,33,9141.506557
-45.0,23,9141.858262
-47.65,31,9142.301116
-38.83,35,9142.842101
-32.6,34,9143.387243
-41.51,24,9143.856061
-40.69,21,9144.245513
-32.11,32,9144.859961
-38.67,26,9145.325842
32.168675,31,9147.836965
-35.91,29,9148.487251
-34.78,31,9148.959542
-41.95,27,9149.355757
-39.0,23,9149.712536
-32.16,36,9150.331273
-45.0,37,9151.241664
-38.56,26,9151.701981
-35.69,31,9152.220282
-38.76,33,9152.706632
35.048889,30,9153.140901
-42.0,25,9153.523341
-32.45,24,9153.892444
-34.17,28,9154.397881
-41.11,22,9154.798413
44.078313,21,9155.217668
-47.28,32,9155.787365
-36.0,23,9156.18013
-42.0,16,9156.391273
33.0,34,9158.764191
-41.94,35,9159.247413
-45.0,34,9159.741501
-35.31,34,9160.233396
-40.5,22,9160.594037
-35.86,25,9161.015676
-38.88,26,9161.441057
-32.81,33,9162.030931
-44.34,21,9162.417644
-39.0,30,9162.861817
-44.59,29,9163.310545
-42.0,23,9163.635396
-42.0,25,9164.046433
38.551724,33,9164.617209
-32.14,28,9165.075281
-38.12,29,9165.559467
-35.54,32,9166.150784
-38.83,33,9168.877799
-38.27,26,9169.230929
-39.0,33,9169.704768
-41.6,29,9170.124547
-33.0,28,9170.552706
-32.81,33,9171.13839
-32.48,23,9171.468568
-38.45,24,9171.878933
35.16,46,9172.643185
-41.91,26,9173.031174
-35.2,33,9173.509269
-41.46,28,9174.184989
-32.08,40,9174.882418
-41.02,32,9175.511991
-32.5,31,9176.012111
-39.0,29,9176.784561
-35.62,29,9177.437539
-41.36,25,9179.67547
-33.0,23,9180.002101
35.70405,21,9180.283042
-43.43,19,9180.531745
-34.69,28,9180.927399
-32.72,29,9181.325622
-39.0,29,9181.803956
-41.82,22,9182.182588
-41.69,22,9182.581355
-41.52,29,9183.002932
32.271375,30,9183.39585
-44.7,26,9183.77113
-36.0,28,9184.149304
-31.85,30,9184.688702
-44.18,16,9184.958943
-44.02,18,9185.272629
38.63245,23,9185.69592
-41.79,26,9186.169934
-39.0,22,9186.574672
-46.37,22,9186.958874
-35.37,32,9187.506996
-41.91,28,9189.867146
34.705514,32,9190.353946
-34.52,41,9190.931783
-32.02,36,9191.45464
-38.85,26,9191.82775
-32.23,32,9192.351533
-44.32,23,9192.706431
-43.39,26,9193.103528
-41.05,24,9193.492325
36.678626,25,9193.859185
-35.57,26,9194.267541
-44.3,21,9194.60133
-42.0,25,9195.011241
-32.04,33,9195.573857
-41.75,28,9196.047697
-40.46,23,9196.405452
35.129139,31,9196.935504
32.15625,27,9197.387328
-38.26,29,9199.795855
35.922581,82,9201.113541
33.941346,25,9201.475348
-44.81,22,9201.801831
-35.57,30,9202.221512
-39.0,30,9202.648768
-44.4,22,9202.93667
-44.15,22,9203.22141
-35.94,23,9203.794941
-43.12,22,9204.112417
-41.46,22,9204.450637
-48.0,28,9204.87549
-45.0,23,9205.267812
-37.55,34,9205.843029
-44.02,17,9206.166393
-41.92,24,9206.613349
-38.27,24,9207.12056
-36.0,25,9207.601539
-36.0,25,9209.840598
-44.75,19,9210.189417
-38.59,29,9210.706243
-35.61,23,9211.123607
-38.37,29,9211.663916
36.0,22,9212.01313
-38.27,30,9212.474679
-44.35,39,9213.035147
-43.68,28,9213.420327
-39.0,53,9214.170796
-38.11,28,9214.568976
-44.85,29,9214.966732
32.168724,25,9215.399586
-32.02,31,9215.940335
-35.28,37,9216.546148
-41.77,21,9216.916606
32.902439,35,9217.502614
34.566779,26,9217.945642
-34.95,35,9220.415285
-40.94,23,9220.811112
38.234568,19,9221.147728
-41.69,21,9221.487829
-35.51,33,9222.112936
41.094555,27,9222.600526
-46.45,28,9222.998863
-48.0,16,9223.242754
33.0,28,9223.640733
-43.81,17,9223.857877
37.81215,35,9224.298372
-35.67,38,9224.813817
-39.0,25,9225.191366
-33.0,24,9225.837573
-41.46,41,9226.544977
-32.14,43,9227.236074
-38.33,61,9228.230453
-44.9,23,9230.548922
-41.73,18,9230.868896
32.116838,27,9231.307556
-35.11,33,9231.850754
-38.2,25,9232.274736
-36.0,23,9232.653476
-32.68,30,9233.121192
-42.0,38,9233.750854
-35.21,31,9234.177008
-41.55,40,9234.725534
-41.54,34,9235.177951
-35.64,40,9235.676795
32.68254,34,9236.0748
-41.35,21,9236.372294
-38.84,21,9236.739505
-32.21,36,9237.3309
-36.0,30,9237.897109
-41.8,30,9240.367759
-38.91,29,9240.856968
-36.0,25,9241.243868
-41.2,25,9241.660528
31.9,102,9243.440788
-33.0,24,9244.016358
-38.25,30,9244.496835
-35.99,29,9244.941225
-34.44,27,9245.30394
32.639405,31,9245.693752
-38.04,30,9246.082283
-44.78,21,9246.369149
-33.0,27,9246.766728
-34.61,26,9247.171464
-39.0,29,9247.686841
32.079832,29,9248.175812
-35.09,29,9250.546735
36.0,26,9250.946705
38.148276,27,9251.630624
-36.0,45,9252.398258
-38.06,39,9253.078976
35.679654,30,9253.883014
38.30597,31,9254.384414
33.0,30,9254.910269
-38.43,29,9255.520596
-42.0,16,9255.78281
-44.24,20,9256.042858
32.167702,32,9256.445058
33.0,26,9256.752894
-36.0,32,9257.153679
35.902985,23,9257.439166
33.0,31,9257.870613
-32.31,30,9258.382131
-35.13,26,9258.825327
35.49434,42,9261.488684
-35.78,39,9262.137015
-43.99,17,9262.434963
-32.08,44,9263.153535
36.0,24,9263.564521
-32.58,26,9263.991303
-44.37,18,9264.299084
32.331034,30,9264.821571
35.545113,32,9265.360186
-38.43,29,9265.874365
-39.0,25,9266.291469
-41.5,34,9266.736347
-41.11,21,9267.371618
-41.91,21,9267.650818
40.012386,28,9268.073939
-38.46,25,9268.5281
-32.1,34,9269.102929
35.648649,19,9269.43061
-44.82,23,9272.049909
35.878543,28,9272.506643
-36.0,29,9273.007436
33.0,26,9273.425934
38.704433,23,9273.940899
-35.31,28,9274.408555
-42.0,21,9274.79566
36.0,16,9275.061862
-41.51,20,9275.399206
-35.07,26,9275.834358
-38.72,25,9276.311214
-44.56,23,9276.661749
-35.03,32,9277.100532
-41.59,30,9277.471721
38.362069,33,9277.875657
41.633333,26,9278.413974
-35.74,27,9278.889122
-44.04,17,9279.216833
-38.05,28,9279.74869
38.388235,23,9280.159908
-42.0,50,9283.197075
32.155039,35,9283.79999
-32.46,31,9284.327836
-35.82,29,9284.804337
35.406475,33,9285.353069
-44.74,22,9285.740763
-39.0,22,9286.031394
-32.52,45,9286.918623
-32.36,67,9287.970092
-38.2,24,9288.32617
35.001041,28,9288.719449
-37.78,51,9289.384563
-41.19,25,9289.774383
-33.0,24,9290.129119
35.490494,41,9293.03597
-41.38,20,9293.440462
-38.54,28,9293.924375
31.837079,28,9294.386284
-37.96,29,9294.944744
35.100402,25,9295.374078
35.167235,25,9295.798258
-41.06,45,9296.559421
35.641686,36,9297.148062
-33.0,30,9297.631792
32.753555,32,9298.111615
-38.27,25,9298.465765
-32.03,29,9298.849599
-38.74,24,9299.13312
-42.0,19,9299.414329
-35.33,27,9299.792939
-32.37,28,9300.190772
33.0,31,9300.676775
-38.26,31,9303.065731
-43.62,35,9303.649341
-44.33,49,9304.686233
-38.01,32,9305.245373
-47.1,22,9305.638431
-35.67,27,9306.066921
35.156667,30,9306.563132
-41.37,28,9307.026498
-38.63,23,9307.42427
-44.25,20,9307.76506
33.0,32,9308.467187
-44.83,28,9308.908441
-35.5,33,9309.40224
41.056911,17,9309.647644
-41.54,21,9309.937066
-32.19,34,9310.420946
33.0,35,9310.922403
38.234848,37,9311.441578
-40.68,26,9313.77926
-38.88,22,9314.17784
-44.84,28,9314.639549
33.0,47,9315.470125
33.0,37,9316.08164
-44.3,26,9316.535568
-42.0,24,9316.978648
-38.37,39,9317.662137
-34.99,28,9318.193951
-34.76,38,9319.159266
-32.37,31,9319.620672
-35.15,34,9320.16611
-44.24,26,9320.533438
39.0,26,9320.90797
-39.0,32,9321.377475
-42.0,22,9321.709643
-47.22,13,9321.860631
-35.36,26,9324.185512
-40.57,21,9324.530056
-32.09,29,9325.01169
-35.35,32,9325.563487
-38.46,27,9326.070298
-41.43,19,9326.394714
-40.56,30,9326.90318
-38.75,26,9327.357806
-39.0,26,9327.772738
-33.0,32,9328.302128
-35.34,29,9328.713573
-41.39,19,9329.081388
-40.57,25,9329.605742
-38.5,37,9330.221901
-37.66,27,9330.662279
34.807985,32,9331.162828
-35.56,28,9331.545161
33.0,33,9332.015087
-43.8,18,9332.311985
35.441509,30,9334.836814
-44.12,23,9335.267426
-41.56,27,9335.709381
-35.22,24,9336.700927
-42.0,28,9337.17449
-45.0,20,9337.484622
-38.78,23,9337.857444
-39.0,28,9338.266977
-33.0,24,9338.646503
-45.0,41,9339.235065
-39.0,24,9339.601652
-43.86,22,9339.940167
35.598485,23,9340.422383
-32.68,33,9341.035273
-35.58,27,9341.512822
35.310345,23,9341.85243
-43.77,20,9342.123788
-38.23,20,9342.401397
41.095549,27,9342.790495
39.0,19,9343.072966
-41.09,16,9343.257643
-41.1,21,9345.424885
-41.42,26,9345.88149
-41.26,16,9346.14597
-35.88,28,9346.604428
-38.17,24,9346.999274
-38.17,50,9347.664326
-35.32,32,9348.203741
-36.0,37,9348.759519
32.052817,28,9349.176795
-44.6,23,9349.514855
-32.67,26,9349.968106
-35.05,29,9350.416139
35.651724,31,9350.996587
32.812274,35,9351.58247
-32.86,31,9352.079389
-38.71,25,9352.433851
-38.05,27,9352.806056
-41.85,23,9353.119041
-35.76,27,9356.08906
-43.37,20,9356.459054
-38.5,23,9356.823612
32.902527,34,9357.397207
-44.22,20,9357.815996
38.307359,33,9358.392848
-32.16,28,9358.78218
-38.56,26,9359.158514
-41.64,29,9359.585028
-44.81,20,9359.867836
-38.22,20,9360.162287
-41.71,19,9360.682111
32.424812,27,9361.097923
-38.11,27,9361.562118
-33.0,22,9361.913478
32.613027,32,9362.437071
32.309598,27,9362.860076
-44.13,32,9363.299592
35.398524,27,9363.662297
-36.0,41,9366.119866
-35.71,28,9366.617248
-33.0,29,9367.156684
-37.87,31,9367.652619
-39.0,25,9368.070055
36.0,22,9368.438222
37.054523,27,9368.894686
38.195364,25,9369.322862
-38.28,20,9369.595509
-38.79,31,9370.058552
-41.76,28,9370.447823
-42.0,24,9370.89879
-38.36,24,9371.299552
-35.04,27,9371.76714
-40.76,27,9372.230056
-40.55,25,9372.685004
-37.88,58,9373.632869
-41.68,21,9373.932912
-38.57,23,9374.263368
38.023622,31,9376.56979
38.097144,29,9377.080152
-44.28,22,9377.418864
35.031008,23,9377.781072
35.90146,34,9378.372215
-41.44,36,9378.950646
-42.0,22,9379.31215
-35.51,24,9379.631575
37.507874,38,9380.191544
-32.47,30,9380.621782
-35.91,20,9380.929871
32.431227,30,9381.482205
-44.05,19,9382.006779
-41.07,21,9382.398181
-33.0,29,9382.864944
-44.01,14,9383.114161
-35.16,26,9383.560753
-41.67,17,9383.830484
-36.0,27,9384.196572
-35.5,30,9386.449082
-37.65,22,9386.850852
-41.23,20,9387.155596
-41.22,19,9387.469287
38.377778,26,9387.938249
-35.0,29,9388.373769
-35.82,41,9389.091641
-35.63,26,9389.546278
-33.0,32,9390.084358
32.28,37,9390.616556
31.672881,23,9390.951953
-44.2,25,9391.309693
34.222146,28,9391.745653
-41.71,21,9392.058155
-41.42,46,9392.868671
-34.36,31,9393.383158
38.003006,26,9393.885109
-38.12,28,9394.36271
-35.37,30,9396.599492
35.231481,29,9397.046422
-44.05,24,9397.453825
-35.25,29,9397.913119
-35.55,53,9398.828896
-38.25,28,9399.284366
-41.15,26,9399.71632
-37.48,26,9400.172962
32.42437,35,9400.694186
-32.7,23,9401.048892
-35.33,27,9401.433158
-41.67,22,9401.747423
32.232,37,9402.32745
-32.91,31,9402.859838
-41.11,28,9403.350487
-44.59,20,9403.715769
-44.24,71,9406.713122
-35.81,25,9407.077332
-35.12,26,9407.447968
33.0,38,9408.271786
-42.71,26,9408.730563
-38.64,22,9409.128374
-32.43,26,9409.599097
-32.48,29,9410.164171
-34.89,37,9410.757658
-32.19,31,9411.211449
-47.15,15,9411.484511
44.453172,20,9411.796229
32.145907,35,9412.50812
-44.14,27,9413.076925
-35.92,32,9413.616229
-35.91,26,9414.036969
-41.04,27,9414.498697
-32.04,30,9414.987949
-41.43,30,9415.479993
-38.85,28,9417.608772
35.856061,24,9417.946531
-40.54,23,9418.261949
-39.0,23,9418.602078
-41.78,28,9418.999629
-36.0,26,9419.62738
-41.78,23,9420.008548
-39.0,31,9420.562522
32.313625,36,9421.090316
-41.19,32,9421.563455
-44.5,20,9421.866865
-34.95,27,9422.260971
-38.9,30,9422.705181
-35.83,28,9423.153037
-38.09,25,9423.567321
32.195402,27,9424.021325
-35.68,27,9424.483127
-37.88,25,9424.923522
-38.36,20,9425.270313
-36.0,26,9427.510768
-38.67,41,9428.07207
35.39916,24,9428.416822
-36.0,29,9428.802285
-41.89,17,9429.018325
-38.41,23,9429.476916
-35.52,27,9429.940332
-38.06,26,9430.368191
-34.57,30,9430.882098
-38.52,28,9431.317807
32.223022,28,9431.718529
-35.57,26,9432.078912
-44.18,20,9432.380424
-41.31,30,9432.80776
-42.0,26,9433.222203
-35.17,28,9433.894648
33.0,34,9434.454803
-35.5,22,9434.861939
-35.31,29,9435.324876
-41.4,25,9437.611664
-34.56,33,9438.225383
35.167488,26,9438.714492
-42.0,26,9439.077547
-43.32,64,9440.043093
-35.41,28,9440.526102
-38.34,35,9441.111298
-41.97,70,9442.248115
-35.14,27,9442.619161
38.230556,35,9443.144336
36.0,21,9443.42263
-35.54,34,9443.975514
-33.0,24,9444.362859
-35.91,31,9444.91671
-41.04,31,9445.454593
34.703222,25,9447.732076
-32.78,29,9448.213133
-32.85,35,9448.676103
-41.46,25,9449.056166
32.212534,32,9449.492126
32.120743,30,9450.029277
-40.6,32,9450.549356
-38.91,30,9451.031096
-33.0,32,9451.526736
-32.64,77,9452.598532
-38.52,23,9452.942512
-38.89,33,9453.448303
-33.0,26,9453.84702
43.706672,25,9454.287087
-32.41,29,9454.76968
-47.24,24,9455.201556
32.621951,30,9457.561495
-34.38,34,9458.124816
-44.58,20,9458.634593
-39.0,28,9459.097608
-38.91,27,9459.480014
-32.81,42,9460.058688
-38.91,20,9460.355864
34.012457,30,9460.860121
-32.32,29,9461.34934
-36.0,28,9461.819724
-39.0,19,9462.068185
-44.43,27,9462.47483
-38.5,22,9462.802353
32.410569,36,9463.354283
-41.69,27,9463.892537
-44.82,21,9464.378731
-41.91,22,9464.777851
-41.91,24,9465.183184
-35.36,20,9465.534782
-32.62,26,9467.857331
35.31338,45,9468.616982
-35.91,24,9469.050749
38.901639,21,9469.338788
-32.49,46,9470.02357
33.0,25,9470.365857
-36.0,25,9470.697633
-35.53,27,9471.119357
-44.89,26,9471.550794
-39.0,34,9472.149829
-44.24,19,9472.440622
39.0,29,9472.839918
-39.0,24,9473.218512
-38.08,23,9473.566484
32.891473,23,9473.921502
-38.71,28,9474.382927
-39.0,20,9474.714769
-32.73,32,9475.263414
-31.55,30,9475.893321
-43.71,27,9478.249718
37.785299,26,9478.79716
33.0,25,9479.210067
35.850534,39,9479.729944
-42.0,21,9480.032433
35.067138,23,9480.372545
-38.3,21,9480.664917
-39.0,31,9481.125655
-41.85,36,9481.696177
38.689362,19,9481.998932
32.190114,28,9482.419113
-38.74,22,9482.765368
-38.75,23,9483.089207
32.804255,31,9483.703362
-41.44,25,9484.049422
-38.69,22,9484.398933
41.842949,24,9484.837531
-38.76,27,9485.496601
35.058219,29,9486.019292
35.242424,27,9488.331874
-32.17,26,9488.755333
-35.18,26,9489.40551
34.847821,29,9489.887908
35.702703,29,9490.330191
35.601562,39,9490.864318
41.372263,19,9491.15223
-35.05,27,9491.521103
-41.13,27,9491.891695
-38.63,42,9492.571276
-44.79,27,9492.953857
-35.85,42,9493.535105
-41.49,53,9494.354264
-35.5,28,9494.764023
-44.07,21,9495.123437
-32.78,34,9495.716995
-38.91,29,9496.211543
-38.3,33,9498.510067
-40.84,27,9498.751772
-44.44,33,9499.189922
33.0,30,9499.68578
-44.69,39,9500.310526
36.0,25,9500.721592
-44.91,20,9501.053213
-44.25,27,9501.553851
39.0,22,9501.87824
-40.51,27,9502.266511
-35.06,35,9502.760091
32.042945,32,9503.288171
-35.61,26,9503.728634
-41.88,16,9503.95878
-38.57,29,9504.382953
35.901887,23,9504.718081
-39.91,28,9505.154804
-32.76,25,9505.564886
-41.68,14,9505.777152
-32.35,45,9508.413933
-38.71,23,9508.871411
-35.32,38,9509.568993
-37.6,27,9510.230047
-48.0,30,9510.744174
-43.33,18,9511.05809
35.310044,35,9511.693423
-35.53,27,9512.181457
-35.54,30,9512.667588
-32.23,30,9513.116287
-35.7,31,9513.568852
35.395437,21,9513.898139
36.0,24,9514.286119
32.903361,31,9514.768316
-38.69,26,9515.110546
-41.43,23,9515.590475
35.252199,32,9516.034882
-35.25,25,9516.937838
-41.37,18,9519.322974
-41.01,28,9519.804137
-41.64,27,9520.287334
-38.93,22,9520.656785
32.789272,31,9521.202111
32.285714,27,9521.683972
-41.52,24,9522.067936
-43.61,19,9522.392601
38.279851,26,9522.843801
-35.6,29,9523.203394
32.194444,38,9523.764605
-41.15,24,9524.119795
-33.0,35,9524.600687
-34.82,49,9525.251075
-36.0,27,9525.692927
35.154963,30,9526.130112
-45.0,19,9526.421546
-41.62,38,9527.044376
-41.43,25,9529.687931
32.473684,38,9530.485385
33.0,32,9531.183399
34.929915,29,9531.914589
-42.0,25,9532.451921
-44.79,21,9532.948808
36.0,22,9533.433721
32.239264,29,9534.29697
-32.88,42,9534.786161
-32.11,38,9536.17661
-32.61,31,9536.688886
-39.0,22,9537.346702
-33.0,32,9537.819089
-41.51,26,9538.165899
32.257042,32,9538.668527
-44.3,22,9539.05127
-32.54,28,9539.536647
-32.32,31,9542.319818
-38.76,26,9542.585149
-35.82,25,9542.872463
32.680328,29,9543.266181
-34.99,28,9543.649511
-42.0,33,9544.134295
-38.8,36,9544.824797
-41.53,22,9545.262548
-35.78,27,9545.739894
-47.08,17,9546.057039
-44.17,25,9546.497513
44.34322,28,9547.284089
-33.0,28,9548.121777
-35.02,30,9548.69966
-39.0,29,9549.718091
-33.0,29,9550.078403
-32.72,30,9550.46144
-41.2,25,9550.796133
-40.86,40,9551.300715
-35.09,33,9553.744128
-35.32,35,9554.364512
38.011209,39,9555.282198
-41.23,23,9555.701312
34.823455,26,9556.184762
32.702206,32,9556.758842
31.681102,29,9557.262068
32.563003,28,9557.765408
-35.11,28,9558.285446
34.233358,26,9558.761859
44.2,20,9559.144886
-35.9,24,9559.5913
37.779666,22,9559.971781
-35.86,29,9560.519344
35.307692,30,9561.045076
-35.09,24,9561.939728
-39.0,24,9562.211301
-41.07,22,9562.564036
-41.82,27,9564.749152
-43.87,28,9565.251671
-41.7,27,9565.80185
-44.45,25,9566.265194
-32.74,23,9566.685199
-38.12,25,9567.137255
-41.78,24,9567.601405
-35.44,28,9568.070678
-35.7,35,9569.445718
-40.51,26,9569.913025
-41.55,22,9570.316745
33.0,24,9570.728851
32.517241,31,9571.44223
-35.7,33,9572.072307
36.0,28,9572.566036
32.310078,35,9573.212265
36.0,39,9573.822984
-41.54,39,9574.366223
-42.0,21,9576.486398
-38.42,29,9577.054565
-33.0,27,9577.793733
-40.24,32,9578.431836
32.590517,32,9578.961503
-44.15,21,9579.364662
-44.42,22,9579.760989
32.891697,28,9580.268259
-39.0,22,9580.706501
-41.04,24,9581.141352
-38.46,33,9581.760359
-35.78,30,9582.31331
-43.49,23,9582.718354
-44.26,32,9583.333663
-38.15,26,9583.816565
-34.68,25,9584.311859
-32.1,37,9584.953791
-35.29,23,9585.244149
32.05,31,9585.65601
-36.0,32,9587.775104
35.140794,26,9588.202477
-39.0,29,9588.767043
35.051515,34,9589.368806
-35.06,35,9590.053205
-38.55,25,9590.515578
32.58371,26,9590.954908
-35.38,39,9591.587917
-32.6,34,9592.273553
-35.36,26,9592.786595
33.0,31,9593.348529
-35.87,28,9593.824755
-41.76,23,9594.233554
-41.57,24,9594.714284
-44.44,20,9595.056342
-41.52,23,9595.456176
-46.88,15,9595.712811
33.0,28,9596.241039
-35.65,28,9598.525856
-33.0,25,9598.930122
-33.0,26,9599.423127
-41.49,35,9600.084626
35.273408,22,9600.524468
41.36859,37,9601.218025
-35.68,25,9601.666264
-38.78,35,9602.285634
-38.81,21,9602.711302
-38.75,22,9603.137425
37.815569,24,9603.610564
-36.0,26,9604.177157
-35.43,29,9604.710027
35.323636,30,9605.271677
-35.55,33,9606.089996
-44.13,20,9606.476577
-38.37,28,9607.049422
-41.56,52,9608.029909
-40.86,22,9610.168449
-38.88,32,9610.710408
32.471545,25,9611.17637
-39.0,26,9611.66017
32.484615,36,9612.321638
-41.11,22,9612.717871
32.125,26,9613.174089
-42.0,19,9613.501007
-32.7,36,9614.136266
-35.4,27,9614.620589
30.0,28,9615.122363
-38.34,32,9615.693403
-32.94,43,9616.461444
-31.59,40,9617.187868
-42.0,24,9617.620033
-38.59,26,9618.074548
-38.65,16,9618.36285
31.766187,31,9618.994452
-38.7,28,9621.281016
-41.91,23,9621.66927
-39.0,31,9622.22489
-41.78,18,9622.599992
-37.83,34,9623.289637
-44.05,21,9623.676406
-44.33,17,9623.999574
32.457983,34,9624.64144
-41.91,25,9625.879594
-38.81,20,9626.238519
-33.0,33,9626.858543
-32.35,33,9627.518578
-38.8,23,9627.996147
35.480469,49,9628.916336
-41.73,69,9630.16432
-38.75,22,9630.556476
-41.89,24,9630.994802
-36.0,24,9633.031676
-39.0,24,9633.375059
-38.71,27,9633.7848
-38.56,28,9634.179781
-38.55,41,9635.160631
-35.74,27,9635.643428
-41.9,30,9636.183839
-38.46,24,9636.632385
-42.0,26,9637.119182
32.904943,27,9637.601362
-44.6,33,9638.214571
-39.0,22,9638.604625
-38.17,25,9639.0655
-32.75,28,9639.588051
-38.12,23,9640.022063
-32.9,34,9640.653943
-44.42,24,9641.108761
-35.91,38,9641.815423
-42.0,17,9642.103583
38.58885,27,9644.28602
34.862442,31,9644.749658
-38.77,22,9645.081135
-43.55,22,9645.409672
-41.5,27,9645.791908
-41.26,32,9646.324675
-35.91,28,9646.817208
-32.21,37,9647.553607
-32.36,32,9648.119454
-41.25,22,9648.531571
-41.26,22,9648.971926
-42.0,28,9649.465925
-38.42,21,9649.798579
-35.59,33,9650.193536
-38.35,25,9650.457329
-41.95,23,9650.700119
-32.5,40,9651.523672
-40.78,24,9651.932647
-39.0,29,9654.653419
-35.26,27,9655.067775
-35.54,34,9655.584471
33.0,34,9656.148848
-44.76,29,9656.590509
-39.0,24,9656.936456
-35.16,29,9657.377993
-32.83,25,9657.78264
-41.27,33,9658.326773
-35.61,28,9658.851708
32.728022,28,9659.365632
-38.71,28,9659.897699
-38.51,25,9660.335349
-41.22,33,9660.945399
-32.94,36,9661.780149
34.873951,30,9662.45451
-39.0,37,9663.132247
35.46,33,9665.609848
-45.0,29,9666.029053
32.88,47,9666.85997
-39.0,33,9667.50629
-41.79,20,9667.877333
35.239027,31,9668.326088
-32.33,30,9668.786425
-32.54,31,9669.243279
-37.51,23,9669.593907
-44.64,20,9669.918395
-35.16,36,9670.562446
-41.69,20,9670.9374
-37.6,26,9671.495615
-34.97,32,9672.095965
-38.76,27,9672.597322
-44.78,28,9673.100268
-31.74,34,9673.737716
-32.36,25,9674.211139
36.0,27,9676.542994
-38.7,29,9676.975347
-35.3,25,9677.422981
-38.3,27,9677.976786
-38.37,26,9678.445529
-43.98,45,9679.708222
32.287293,25,9680.277406
-39.0,22,9680.768511
-32.35,39,9681.345613
42.391973,27,9681.758436
-41.81,26,9682.121248
-31.69,30,9682.659377
-35.71,23,9683.038108
-41.32,20,9683.404971
-32.14,35,9684.035195
-35.46,25,9684.470862
-32.46,39,9685.210863
-44.07,21,9685.662662
-36.0,27,9687.951036
-38.71,25,9688.427994
-35.91,28,9688.943865
-41.2,27,9689.487116
-40.77,27,9690.020916
-33.0,31,9690.838594
-32.02,35,9691.476278
-41.68,27,9691.94729
-41.63,21,9692.250824
-32.51,34,9692.746961
-38.48,22,9693.074915
-32.82,31,9693.54669
-38.91,23,9693.885965
-38.14,28,9694.430425
-41.08,29,9694.956349
32.632911,35,9695.635505
-42.0,22,9696.021802
-44.12,28,9697.233089
33.0,31,9697.684532
-39.0,25,9699.97238
-36.0,31,9700.530871
37.61781,24,9700.985136
-41.82,28,9701.537715
-44.0,57,9702.777607
-41.72,26,9703.686344
-44.72,28,9704.173467
-46.6,30,9704.672065
-32.57,32,9705.151583
-44.69,25,9705.532409
-32.65,34,9706.025064
-39.0,27,9706.406836
-32.77,34,9707.080493
-44.46,24,9707.493346
-33.0,45,9708.460801
-35.44,33,9709.024676
-32.4,34,9712.269013
35.15748,26,9712.713661
-41.93,24,9713.165889
-39.0,28,9713.666503
35.747126,27,9714.160655
-47.1,27,9714.62648
36.903772,40,9715.357363
-41.42,30,9715.784478
-44.25,41,9716.379786
-37.77,24,9716.73914
-38.55,25,9717.290354
-37.69,23,9717.72272
-34.9,24,9718.308206
-32.34,34,9718.850482
37.215076,32,9719.322961
-36.0,30,9719.814746
-38.73,25,9720.208572
-41.03,28,9722.654335
33.0,25,9723.115753
-35.23,27,9723.619511
32.23741,33,9724.191417
-44.71,22,9724.604109
34.707075,29,9725.074107
-33.0,27,9725.553077
-44.06,26,9726.030964
32.349593,45,9726.824861
41.365325,20,9727.082568
-45.0,29,9727.557423
-44.73,22,9727.903679
-38.71,40,9728.491107
-38.32,27,9728.873792
-38.57,33,9729.369847
-35.28,29,9729.826042
-44.33,22,9730.185135
-32.62,76,9733.42524
35.524116,32,9733.996386
-35.03,31,9734.578253
-38.77,23,9735.135653
35.316667,28,9735.740059
-45.74,25,9736.21773
-35.74,22,9736.631695
-44.11,20,9737.003018
32.875,27,9737.504236
44.063973,19,9737.831772
-35.63,35,9738.404308
35.094169,33,9738.895319
-44.02,21,9739.227882
-37.73,35,9739.730159
-43.61,18,9739.985006
-37.86,25,9740.366269
-36.0,27,9740.79908
-42.0,25,9741.204868
-39.0,22,9741.570415
-41.25,36,9744.344102
-35.62,34,9744.981209
-37.96,30,9745.529063
32.51711,35,9746.164459
-38.55,24,9746.617965
-38.91,24,9747.058558
35.327835,29,9747.575802
32.698305,37,9748.229163
-42.0,27,9748.737494
35.791667,29,9749.277357
-42.0,41,9749.922246
32.492481,32,9750.406645
35.136546,35,9751.446496
-35.43,32,9751.952617
-35.74,32,9752.428132
32.293651,41,9753.0751
37.637562,28,9755.559953
-38.33,28,9756.086876
35.694704,21,9756.481698
-35.25,26,9756.959061
-36.0,23,9757.359124
-41.58,19,9757.725916
-46.66,23,9758.172377
-33.0,24,9758.636953
30.0,26,9759.102444
-40.94,27,9759.59635
-38.37,24,9760.047451
-38.61,26,9760.522115
-35.19,39,9761.280112
32.060976,20,9761.67468
32.49434,31,9762.116522
-41.36,23,9762.458674
-41.34,21,9762.779584
-39.0,21,9763.112818
34.996356,27,9763.573689
-41.85,23,9763.92344
32.830904,27,9764.318707
-38.61,27,9767.476586
-35.61,28,9767.949448
32.640884,40,9768.670451
-38.73,26,9769.127337
-41.94,28,9769.651181
-38.76,25,9770.124176
-33.0,33,9770.910003
34.735163,26,9771.740067
32.567308,32,9772.306068
33.0,30,9772.920891
-34.86,30,9773.333761
-35.24,26,9773.69386
-35.07,30,9774.06267
35.49359,24,9774.383407
-32.34,25,9774.726316
-33.0,52,9775.718421
35.094406,28,9776.2126
-32.09,35,9778.877989
-35.32,30,9779.413811
-41.16,30,9779.986989
-36.0,28,9780.478331
-41.44,17,9780.77472
-39.0,26,9781.259905
-32.7,31,9781.828755
32.149007,30,9782.413835
33.0,26,9782.92855
-42.0,20,9783.286716
35.958333,30,9783.834297
-39.0,35,9784.387997
31.797297,34,9784.833966
-38.15,29,9785.184083
-33.0,44,9785.81491
33.0,29,9786.274578
-41.27,24,9786.702085
-32.8,26,9789.18571
-35.52,27,9789.746552
-37.64,26,9790.413943
-41.89,24,9790.870168
-39.0,24,9791.313998
-39.0,27,9791.839068
-41.94,34,9792.487841
-44.5,31,9793.046509
32.617211,27,9793.564779
-32.14,32,9794.148189
-41.78,21,9794.517465
-38.67,30,9795.090623
-41.29,26,9795.551173
-35.69,36,9796.088612
-37.53,23,9796.899212
-36.0,27,9797.25021
33.0,27,9797.67008
-41.4,21,9797.975396
-42.0,35,9798.819537
-32.53,31,9801.372738
-38.93,24,9801.82804
-36.0,28,9802.281134
-39.0,31,9802.877074
-38.79,19,9803.250064
-40.21,20,9803.609077
-32.59,29,9804.198147
35.5,27,9804.688219
35.317219,31,9805.245497
-35.77,26,9805.735048
38.851923,68,9806.913474
-38.91,26,9807.300263
-40.91,27,9807.645284
-35.52,27,9808.006407
36.0,23,9808.295404
-47.94,17,9808.524956
-33.0,30,9808.982165
-38.28,24,9809.422084
-39.0,28,9811.97824
40.168894,23,9812.403068
40.903179,26,9812.878495
35.850993,26,9813.34627
-32.05,27,9813.841738
-35.74,39,9814.575287
-35.12,28,9815.114649
-33.0,27,9815.613199
-41.23,27,9816.339038
35.608499,28,9816.930192
-36.0,24,9817.407907
-40.98,28,9817.880001
38.116379,29,9818.310785
-35.35,29,9818.713851
-39.0,27,9819.039192
32.0,26,9819.359774
34.697432,24,9819.686285
-32.6,25,9820.067898
34.632357,31,9820.531975
32.376761,29,9823.137975
32.478927,28,9823.65756
-35.59,22,9824.026489
-39.0,30,9824.560711
-36.0,34,9825.265216
32.042254,30,9825.978698
-38.03,30,9826.557105
37.161661,24,9826.968349
-44.92,40,9827.684507
-38.91,26,9828.169222
-41.05,21,9828.553122
-32.81,33,9829.085558
-35.31,27,9829.510444
32.965957,22,9829.827042
37.247346,27,9830.183084
32.092937,34,9830.621658
32.596552,30,9831.095095
44.842809,14,9831.302132
-41.01,25,9833.914794
-40.37,27,9834.435169
34.936662,26,9834.88643
-35.33,29,9835.428393
-39.0,31,9835.967009
-33.0,28,9836.46573
36.0,27,9836.941656
35.141379,26,9837.39722
-38.97,29,9837.889167
35.07722,23,9838.350576
-37.58,24,9838.818694
-35.67,40,9839.511998
-38.9,26,9839.926952
-35.34,31,9840.387004
-33.0,27,9840.800656
-36.0,30,9841.211696
-41.7,29,9841.618274
-34.67,22,9841.96673
-38.68,33,9844.4831
33.0,23,9844.877752
-32.91,34,9845.475998
-32.35,28,9845.961541
-38.51,22,9846.3147
-39.0,25,9846.87934
39.0,21,9847.238408
35.053232,30,9847.772674
35.138817,48,9848.57689
-38.91,21,9848.917166
-44.76,27,9849.386417
31.996212,26,9849.852064
-38.07,24,9850.269151
-38.7,25,9850.640708
-41.75,23,9851.001641
-33.0,36,9851.754077
-38.61,26,9852.120329
33.0,32,9852.552587
-32.36,31,9853.005373
-40.62,25,9855.249104
-41.07,23,9855.645914
-39.0,26,9856.074486
-35.46,31,9856.592553
-38.46,50,9857.427387
-41.29,24,9857.83166
-44.92,16,9858.159731
-40.17,27,9858.642833
-38.88,29,9859.131715
-40.76,28,9859.591772
-38.38,25,9860.012727
-38.5,56,9860.939373
-42.0,29,9861.401774
37.884286,24,9861.792665
-38.35,21,9862.127968
-38.38,27,9862.620811
-39.0,28,9863.113
-35.38,26,9865.287167
-37.97,34,9865.741447
-44.1,19,9866.081792
-37.96,29,9866.581544
38.02551,29,9867.059662
-39.0,31,9867.57732
-35.45,27,9868.089417
-42.84,41,9869.041999
-41.58,30,9869.542968
37.795251,34,9870.083592
-42.0,25,9870.515643
-41.32,23,9870.929883
-41.38,23,9871.302215
-35.91,26,9871.652098
-41.37,21,9871.968078
-37.77,26,9872.350625
-45.0,23,9872.693037
-32.9,30,9873.140372
-37.85,43,9875.593378
38.33557,25,9875.979811
-32.71,31,9876.500446
-41.09,54,9877.628363
-33.0,24,9878.047806
36.0,34,9878.611738
-44.15,25,9879.008898
-35.9,30,9879.504843
39.0,33,9880.033485
-38.89,42,9880.612684
34.849331,29,9880.991829
-35.09,31,9881.529461
-35.04,34,9881.962423
-40.65,28,9882.382846
-38.11,22,9882.734512
46.793855,16,9882.968619
-38.83,31,9883.441586
-44.41,20,9885.569777
-47.03,23,9885.879761
-42.0,28,9886.300947
-38.47,25,9886.677262
35.176367,31,9887.169356
35.103448,29,9887.659494
37.484915,23,9888.053532
-35.84,28,9888.620125
-34.94,25,9889.018732
38.272414,30,9889.555297
-36.78,26,9890.001655
-41.22,31,9890.565116
-42.0,27,9891.075523
37.760354,38,9891.758095
-33.0,30,9892.26168
44.252,26,9892.664934
-41.38,26,9893.050936
41.328767,24,9893.412436
-33.0,40,9894.032415
-36.0,33,9896.410046
-44.72,22,9896.710898
-38.41,27,9897.111678
32.035831,32,9897.52872
-43.85,28,9897.936311
-35.51,42,9898.638638
-34.7,27,9899.08858
35.339623,28,9899.562751
30.0,35,9900.188201
-41.68,23,9900.634996
-44.19,24,9901.060204
-41.2,23,9901.455303
-41.28,32,9902.215517
-38.22,22,9902.638937
-44.34,20,9902.995202
-33.0,32,9903.479275
-41.88,35,9903.960705
-38.5,29,9906.298353
35.808163,25,9906.645355
35.042345,32,9907.087276
-37.77,30,9907.513673
-37.69,41,9908.096581
40.236909,25,9908.493718
-35.69,32,9909.071427
-44.02,23,9909.537916
33.0,33,9910.111737
32.502008,44,9910.918129
-39.0,34,9911.458566
-41.96,25,9911.889329
-35.11,28,9912.346579
-35.16,27,9912.783978
-39.0,28,9913.221453
-41.06,35,9913.838052
-35.68,34,9914.312223
-38.71,25,9916.55407
-32.04,31,9917.079367
-35.02,28,9917.489874
-32.72,42,9918.082552
-36.0,22,9918.394839
-43.98,17,9918.65635
-41.03,29,9919.112008
38.375862,23,9919.587951
-30.0,37,9920.35217
-32.52,30,9920.844174
-41.67,23,9921.210756
-35.99,34,9921.800549
-41.12,18,9922.15309
-35.42,32,9922.691674
-38.28,18,9923.011276
32.594096,26,9923.445966
-35.46,21,9923.871873
-38.55,29,9924.286082
-44.72,27,9924.704266
40.091037,30,9926.985837
-35.5,27,9927.443356
-42.0,44,9928.206574
32.014577,33,9928.825288
-43.49,32,9929.289832
-41.09,23,9929.617422
-44.12,25,9930.013042
-33.0,28,9930.51547
-44.44,42,9931.204343
-44.32,33,9931.773927
-32.28,37,9932.396679
-41.55,32,9932.925629
-35.86,24,9933.374251
-35.4,24,9933.768121
-40.17,28,9934.216173
-35.85,29,9934.62523
39.0,23,9934.979052
32.615702,29,9937.263579
-35.39,26,9937.74474
-32.31,26,9938.209085
-37.56,43,9938.798694
-35.71,31,9939.255307
-39.0,34,9939.749629
35.240582,34,9940.189742
-32.64,42,9940.928919
35.47557,25,9941.388617
-38.15,30,9942.005906
-35.87,25,9942.45135
-40.55,25,9942.888219
-32.01,33,9943.42932
38.046606,28,9944.137163
-32.3,29,9944.600572
-41.77,20,9944.897429
-40.6,24,9945.261934
-32.46,28,9947.606123
36.0,24,9948.093902
-32.31,28,9948.585792
-33.0,29,9949.120013
33.0,29,9949.561474
-35.78,22,9949.88115
-33.0,30,9950.301262
-38.44,24,9950.635655
-38.28,28,9951.059345
34.849214,42,9951.77019
36.0,27,9952.256925
34.466392,25,9952.674227
-37.78,26,9953.076642
-41.24,22,9953.656691
-32.76,27,9954.14632
-35.02,42,9954.861901
-44.72,19,9955.173121
-44.76,31,9955.652318
-35.65,27,9956.037245
-46.76,29,9958.487505
-32.74,32,9959.025891
-35.43,32,9959.571715
34.495442,24,9960.005723
-43.62,32,9960.460118
-32.19,36,9960.990116
-38.07,24,9961.334417
-35.26,25,9961.714113
-32.36,26,9962.0585
-41.49,25,9962.441098
36.0,44,9963.21404
-32.38,33,9963.610639
-33.0,44,9964.064416
-41.59,22,9964.354
-32.75,30,9964.877468
41.876596,20,9965.208888
32.898039,30,9965.757501
-34.81,34,9968.014853
-32.09,39,9968.644818
-35.06,28,9969.11197
-35.76,28,9969.624139
44.397638,30,9970.174124
-40.79,31,9970.69271
-41.48,27,9971.348941
32.438424,33,9971.904208
31.649351,49,9972.577204
35.02583,28,9972.930292
35.276557,25,9973.270083
-44.12,18,9973.531621
32.560137,29,9974.030967
-32.86,29,9974.576737
34.877213,36,9975.162488
38.025535,37,9975.788453
-38.41,24,9977.977173
-32.38,25,9978.343574
-38.55,30,9979.068079
-41.06,23,9979.476285
-41.29,24,9979.891768
-32.2,30,9980.385337
-35.54,25,9980.815409
-32.15,28,9981.310734
32.404167,29,9981.821902
-35.43,26,9982.247988
32.530822,26,9982.685325
-39.0,25,9983.113304
-42.0,18,9983.364563
-41.67,28,9983.749724
-43.3,25,9984.095278
-44.12,22,9984.413995
-41.68,27,9984.831485
-34.94,24,9985.224362
-38.04,30,9985.767144
38.237422,24,9986.176023
-39.0,46,9988.71473
-44.49,21,9989.062639
-32.66,56,9989.9295
34.854163,25,9990.338422
-38.91,25,9990.766531
37.744817,24,9991.204052
-46.94,16,9991.479669
-41.82,26,9991.935402
-44.91,21,9992.266023
-41.28,24,9992.687084
-40.09,26,9993.120854
-32.88,34,9993.555807
-41.15,42,9994.178093
-44.62,26,9994.545688
-38.14,31,9995.010281
34.828671,33,9995.737693
-39.0,27,9996.190077
-32.34,33,9998.641954
-34.65,53,9999.38886
-47.19,22,9999.723504
-38.02,35,10000.251131
-35.31,30,10000.758833
32.581602,30,10001.294787
35.612403,23,10001.682849
-38.91,20,10002.021208
38.471154,30,10002.527095
-44.62,20,10002.979027
-32.74,25,10003.50775
-41.52,23,10003.888798
47.130282,16,10004.099119
-42.0,25,10004.455855
33.0,31,10004.880935
-32.91,27,10005.259392
-41.66,22,10005.551209
-37.88,23,10005.895511
-41.04,24,10006.293194
-32.55,30,10008.613631
-36.0,36,10009.13821
-35.91,29,10009.653633
-37.74,23,10009.993209
-40.2,32,10010.488715
33.0,31,10011.0748
-44.19,17,10011.355454
33.0,27,10011.828779
-38.09,25,10012.29175
-38.61,25,10012.720809
-34.65,63,10013.774159
-44.07,19,10014.117383
-39.0,26,10014.525587
-45.0,27,10014.920681
-42.0,20,10015.17631
32.291892,31,10015.585362
-41.6,24,10015.917127
-37.98,36,10016.460591
-38.2,26,10018.767668
-35.56,34,10019.258661
-35.36,31,10019.725826
-38.36,19,10020.006497
38.305556,28,10020.424583
-35.46,29,10020.921112
-30.0,39,10021.813783
-38.57,34,10022.415079
-38.11,22,10022.76863
-32.31,53,10023.659901
40.33355,27,10024.103782
-39.0,30,10024.621942
-33.0,38,10025.155569
33.0,27,10025.540791
35.433121,28,10025.9447
-47.65,26,10026.330535
-32.64,29,10026.712401
-35.04,28,10028.9783
-35.37,27,10029.253272
-38.43,21,10029.52042
-32.13,35,10030.054438
-47.11,19,10030.386316
35.740214,29,10030.798867
-33.0,28,10031.222079
-38.9,26,10031.634188
-35.53,27,10032.065678
-38.54,28,10032.533727
-41.14,22,10032.936798
-44.13,27,10033.42326
-39.0,28,10033.892818
32.11032,30,10034.412031
36.0,41,10035.184269
32.374101,28,10035.64652
36.789536,25,10036.088144
-36.0,28,10036.497952
-35.61,22,10036.783656
-39.0,22,10038.980589
-41.52,20,10039.325293
40.524194,22,10039.701329
33.0,34,10040.193488
33.0,50,10040.967774
-32.85,33,10041.442275
-38.44,22,10041.797661
-35.56,29,10042.277969
35.610895,22,10042.753421
-35.9,25,10043.159561
-38.71,26,10043.575842
35.730038,37,10044.199639
-33.0,27,10044.658032
-41.92,22,10045.025291
-42.0,20,10045.45382
32.089552,32,10046.17948
-36.0,24,10046.58011
-35.51,26,10046.952598
38.101215,19,10047.222391
32.771536,26,10049.401002
-38.29,23,10049.91239
-32.74,30,10050.372235
32.773196,27,10050.776299
-37.61,20,10051.062899
35.855478,33,10051.544774
-40.99,28,10051.938501
-41.4,20,10052.247261
36.0,27,10052.706032
-32.21,49,10053.736898
-39.0,32,10054.28351
-38.8,24,10054.736324
-36.83,25,10055.151969
-39.0,23,10055.544611
-32.25,28,10056.0233
-38.88,32,10056.54746
-32.52,36,10057.157898
-39.0,20,10057.431633
35.024648,25,10059.593161
-43.67,38,10060.195903
-35.73,28,10060.610682
-35.36,30,10061.056153
-41.72,36,10061.574709
-41.7,19,10061.85759
38.495443,29,10062.257031
44.462121,19,10062.554687
-36.0,24,10062.970365
37.692131,29,10063.450773
-36.0,26,10063.90575
35.023357,28,10064.396554
-32.5,43,10065.147854
-32.59,25,10065.579093
-38.1,24,10065.997894
-38.76,30,10066.504076
-34.33,44,10067.22171
-38.59,33,10069.486671
-33.0,27,10069.938804
-38.22,23,10070.363934
32.5,26,10070.759965
-43.99,27,10071.186518
-38.03,31,10071.812386
-33.0,25,10072.255998
-38.44,23,10072.647801
32.568966,32,10073.169883
35.712209,36,10073.783428
-34.7,26,10074.223124
-41.77,22,10074.640234
32.472119,29,10075.118552
-36.0,23,10075.502144
-32.71,58,10076.499012
-38.81,28,10076.989457
-41.29,65,10078.336993
-35.12,31,10080.50324
32.51341,39,10081.048802
-41.45,27,10081.463145
35.064343,23,10081.837438
-37.43,43,10082.483876
-39.0,24,10082.878916
-38.79,37,10083.529338
34.715577,46,10084.270109
-41.57,96,10085.842486
-40.56,24,10086.257531
32.313793,32,10086.796859
-43.92,21,10087.175529
-37.89,28,10087.649623
35.521583,25,10088.08645
-41.54,21,10090.233252
-40.65,24,10090.550509
-35.61,24,10090.85356
36.0,28,10091.248721
-41.81,32,10091.723764
-38.28,27,10092.117785
35.074419,26,10092.507754
33.0,26,10092.978408
32.35206,35,10093.572566
-36.0,27,10094.016478
-38.42,29,10094.443947
-38.81,27,10094.941324
32.262431,33,10095.501446
-40.86,23,10095.940495
-32.7,31,10096.638998
-41.23,22,10096.98804
-44.74,35,10097.542853
-42.0,33,10098.086323
-41.51,27,10098.530738
-33.0,25,10100.697018
32.066667,39,10101.172479
-38.56,20,10101.45503
-38.15,25,10101.792376
-35.08,39,10102.365901
-38.73,26,10102.794483
-45.0,16,10103.082861
32.313008,36,10103.926823
-41.37,22,10104.32788
-45.62,21,10104.681978
-33.0,32,10105.232778
-32.42,35,10105.867946
-38.67,32,10106.372684
-38.94,43,10107.113425
-37.13,27,10107.58396
-38.38,27,10108.024122
-31.62,25,10108.487881
-33.0,31,10110.763516
-35.79,27,10111.167515
38.287356,46,10111.778142
-44.94,56,10113.119372
38.596552,23,10113.522368
-33.0,31,10114.031003
-44.31,28,10114.525954
34.387521,26,10114.961044
-36.0,43,10115.713822
-32.79,36,10116.35327
-41.04,21,10116.747138
-35.59,28,10117.222427
32.195489,44,10117.977648
-42.0,26,10118.410194
32.546816,31,10118.964445
-38.13,31,10119.526987
-41.29,24,10121.783618
-44.39,26,10122.077471
-41.53,29,10122.436621
-42.0,23,10122.716428
32.539568,24,10123.018998
-38.12,29,10123.413833
-35.91,26,10123.834182
35.179856,32,10124.535817
-44.06,28,10125.032088
-44.33,21,10125.395275
35.494774,27,10125.85199
-37.67,28,10126.305187
37.265108,34,10126.895025
-41.45,30,10127.35972
-35.91,26,10127.770201
-40.94,25,10128.4199
-31.8,33,10128.975095
32.169742,34,10129.571861
32.474903,31,10131.943215
-38.13,21,10132.223526
32.022556,27,10132.582495
32.39404,29,10132.973903
35.693333,23,10133.309556
-37.87,21,10133.608498
-38.24,42,10134.223771
35.440397,27,10134.694574
35.081081,25,10135.122412
-44.05,19,10135.420287
-39.0,27,10135.837436
32.443396,30,10136.355801
-37.62,20,10136.695969
-35.48,41,10137.393675
33.0,30,10137.885447
36.0,22,10138.274312
-33.0,27,10138.713621
-35.52,25,10139.147672
41.331343,17,10139.425547
-39.0,32,10141.843795
35.051661,26,10142.328104
-32.96,27,10142.682956
-32.88,30,10143.033388
35.176119,31,10143.405078
35.9,23,10143.711874
-32.6,23,10144.005951
-38.34,34,10144.464241
37.768815,26,10144.98035
-41.67,29,10145.491821
-37.85,28,10145.940714
-32.46,26,10146.501599
-39.0,33,10147.138172
-33.0,27,10147.644249
41.420168,27,10148.096995
-35.55,24,10148.507408
-38.58,28,10149.066397
-41.08,29,10149.573437
-38.78,32,10150.11516
-32.74,39,10152.658074
-32.27,29,10153.344492
-41.43,30,10153.73273
-35.23,30,10154.095202
-41.01,20,10154.338211
-39.0,34,10154.774886
-35.59,25,10155.099395
35.735016,30,10155.554573
35.607914,32,10156.083787
-42.0,26,10156.581087
35.453704,34,10157.157302
38.777385,21,10157.489564
35.39661,22,10157.872294
-35.36,36,10159.183179
-43.55,22,10159.522975
32.819188,29,10160.051901
-44.16,21,10160.393859
37.421314,31,10160.937031
-41.65,25,10163.250183
-35.17,26,10163.673144
-37.67,20,10164.027613
-38.85,24,10164.426622
-44.76,26,10164.813899
-41.41,24,10165.111799
-39.0,24,10166.20487
-37.69,24,10166.53912
-40.66,29,10166.916073
-38.84,36,10167.413426
-32.24,27,10167.768154
35.047244,25,10168.198963
-39.0,23,10168.582591
-38.19,28,10169.062254
-43.83,25,10169.488335
-40.47,32,10170.021276
-41.67,26,10170.463353
-41.0,35,10171.064192
-35.73,29,10171.520817
-34.94,27,10174.119235
38.755639,23,10174.475356
33.0,24,10174.838275
-38.41,24,10175.191349
34.269191,36,10175.740075
-32.18,34,10176.321169
37.880062,28,10176.70244
-36.0,47,10177.409257
-38.36,22,10177.690845
-44.02,20,10177.994386
32.409266,32,10178.564195
-36.0,28,10179.026175
-39.0,19,10179.545369
32.010909,39,10180.227771
-43.9,24,10180.626421
32.702381,25,10181.05674
-41.27,20,10181.405699
-41.34,23,10181.781348
-35.47,31,10184.205026
-35.07,23,10184.674538
-38.93,31,10185.164599
36.0,22,10185.487151
33.0,24,10186.014964
-38.35,28,10186.453238
-41.13,39,10187.238973
-38.78,27,10187.6123
32.477912,31,10188.071865
-37.51,28,10188.412461
-38.14,31,10189.154395
-36.0,34,10189.82338
-38.49,37,10190.439595
35.322864,28,10191.021366
-32.31,32,10191.580504
-44.17,24,10191.991967
-39.0,26,10192.396307
-38.91,24,10192.824185
33.0,29,10195.153417
-38.21,28,10195.477154
37.939674,32,10195.940533
-32.71,29,10196.378982
-35.06,31,10196.866216
-39.0,32,10197.331366
-39.0,24,10197.736814
35.35514,30,10198.213984
-39.0,24,10198.811925
-40.32,26,10199.199767
-35.42,33,10199.670379
-41.07,24,10199.999542
-38.93,31,10200.533818
32.701695,30,10201.067825
-41.9,26,10201.516541
-38.28,27,10201.974918
-43.74,25,10202.369923
-35.27,37,10202.925632
-42.0,27,10205.275348
-38.82,24,10205.732456
-41.56,22,10206.325921
-32.02,31,10206.793661
40.447899,27,10207.211001
-41.17,22,10207.56542
-44.05,22,10207.930595
-32.09,26,10208.408736
-38.58,28,10208.859594
-41.52,21,10209.202772
35.962069,43,10209.801031
-38.81,28,10210.208422
32.089655,39,10210.776734
-47.31,23,10211.108479
-40.04,29,10211.559819
-38.9,25,10212.032811
32.112628,31,10212.568952
-44.17,18,10212.85724
-32.21,41,10215.469953
-36.0,22,10215.851653
-38.44,20,10216.130093
-45.0,29,10216.560385
-44.41,23,10216.889116
-42.0,25,10217.264424
-38.26,27,10217.682775
-35.52,26,10218.066755
-40.51,24,10218.459621
-33.52,41,10219.128971
-35.22,34,10219.766662
-43.34,25,10220.196292
-41.24,27,10220.576472
37.690678,29,10220.95079
-35.37,29,10221.35247
-38.74,25,10221.698394
34.457032,28,10222.123729
-39.0,28,10222.635276
-41.47,29,10223.268267
-38.71,27,10225.705656
-39.0,28,10226.132364
41.481752,20,10226.431536
-44.44,22,10226.751412
-36.0,28,10227.182306
-38.66,32,10227.658572
-41.67,37,10228.208117
35.435484,33,10228.763344
-39.0,23,10229.174264
-32.33,32,10229.73992
-41.07,22,10230.193934
-38.81,21,10230.548021
32.901639,26,10231.035458
-33.0,31,10231.747514
41.141379,26,10232.148845
-38.28,26,10232.503563
-38.25,31,10232.925281
-40.55,22,10233.26243
-35.36,33,10233.832367
-35.74,53,10236.615091
-34.77,26,10236.987411
-46.87,28,10237.408828
-44.05,22,10237.7477
-42.0,30,10238.198121
36.0,29,10238.676495
-34.51,39,10239.358135
-34.75,45,10240.118243
-32.5,33,10240.676231
-39.0,27,10241.147762
-35.63,34,10241.730938
-32.63,35,10242.245319
32.794677,27,10242.6411
-36.0,25,10242.983909
-35.21,34,10243.497993
-42.0,23,10243.89179
-35.25,30,10246.291682
-37.92,21,10246.58699
-42.0,22,10246.888409
-31.58,100,10248.378748
-35.12,30,10249.101091
-35.82,34,10249.693623
-47.06,35,10250.331032
-39.0,32,10250.90941
-42.0,23,10251.285306
-38.32,37,10251.990289
-35.76,26,10252.374917
-38.61,22,10252.663867
-38.86,28,10253.130873
-40.6,40,10253.769805
-34.72,23,10254.072739
36.0,21,10254.359484
-35.07,24,10256.658709
-32.67,32,10257.13533
-38.6,31,10257.593622
35.314286,25,10258.240587
-36.0,27,10258.615862
-41.41,29,10259.044407
-37.98,25,10259.399822
-40.27,29,10259.88482
-38.04,33,10260.419805
-39.0,24,10261.115356
-33.0,29,10261.614413
-41.15,19,10261.931483
-38.46,23,10262.306023
-36.0,33,10262.851048
-41.34,21,10263.202927
-40.84,21,10263.491764
-38.2,24,10263.809318
37.385711,23,10264.146795
-35.29,37,10264.694432
-35.34,30,10267.045977
-35.59,28,10267.47196
-44.98,23,10267.828994
33.0,41,10268.449923
-38.7,137,10270.655849
-38.6,33,10271.187378
-37.86,24,10271.577603
33.0,26,10272.065409
32.136187,32,10272.625304
-38.79,26,10273.022561
32.276596,34,10273.799116
33.0,43,10274.43181
-40.74,32,10274.91245
-35.17,37,10277.25159
38.07361,27,10277.640237
-32.4,27,10278.06196
-38.54,21,10278.448032
-44.02,67,10279.503555
-32.2,36,10280.186556
-38.18,28,10280.652952
-41.47,17,10280.953537
-33.0,24,10281.363821
32.786667,29,10281.835273
-44.76,19,10282.193126
-35.7,32,10282.760702
-38.89,21,10283.224712
35.591489,23,10283.716439
-32.27,25,10284.174358
33.0,36,10284.743809
-37.58,31,10285.24345
-37.51,29,10287.435809
32.168385,81,10288.644244
-47.27,33,10289.13487
-41.03,25,10289.526027
-35.68,23,10289.901504
-41.27,20,10290.289799
-35.85,26,10290.73935
-32.36,33,10291.299672
-35.05,27,10291.783205
-38.62,30,10292.319843
-36.8,31,10292.859974
-38.35,30,10293.324092
32.084034,33,10293.874823
-38.74,50,10294.874613
41.011655,22,10295.251659
-47.25,22,10295.577485
-41.94,32,10297.794267
-41.14,26,10298.192433
33.0,28,10298.592813
-32.47,35,10299.106287
-33.0,27,10299.542881
-35.01,29,10300.140956
-32.03,30,10300.720586
-32.91,29,10301.214985
37.823333,24,10301.799898
35.888252,34,10302.409602
-44.04,31,10302.957973
-38.65,30,10303.44949
-34.67,30,10303.943942
32.717949,24,10304.327143
38.171533,24,10304.719487
-42.0,19,10305.045173
-35.73,32,10305.629515
-44.31,23,10306.086201
32.408935,32,10308.421834
-42.0,30,10308.86772
-41.15,16,10309.190314
33.0,26,10309.819046
-38.73,27,10310.223822
-34.57,36,10310.843882
-35.29,32,10311.361439
-36.0,28,10311.869082
-41.01,28,10312.332336
-41.02,24,10312.749004
-32.49,36,10313.388648
-38.12,24,10313.779345
-38.21,25,10314.233602
32.666667,37,10314.820273
-35.36,27,10315.278128
-44.41,22,10315.65653
-36.0,28,10316.230773
32.541045,27,10316.707031
32.536765,31,10318.888323
-32.72,29,10319.286275
-41.61,25,10319.641584
-36.0,33,10320.137074
31.613703,48,10320.927902
-42.91,24,10321.325892
33.0,30,10321.868286
-36.0,23,10322.255175
33.0,32,10322.83075
-37.32,30,10323.401957
-38.87,27,10323.854525
-35.96,40,10324.521368
35.430939,23,10324.933888
-35.43,27,10325.395982
35.05298,33,10326.179783
-38.06,26,10326.634556
-44.11,25,10327.057902
32.9,24,10327.501782
32.876623,33,10329.68219
-44.76,32,10330.111247
-38.5,27,10330.53984
-40.84,27,10330.98345
-40.28,44,10331.74258
-32.5,31,10332.272875
38.107011,30,10332.766671
-38.18,26,10333.153928
-35.87,33,10333.736156
-36.0,41,10334.451515
-42.0,22,10334.853777
32.738832,30,10335.575141
-41.13,23,10335.995984
-38.6,32,10336.516688
-38.58,26,10336.989048
35.184028,38,10337.614395
-47.82,28,10339.855021
-35.11,67,10340.700099
-36.0,32,10341.166812
-35.65,28,10341.591166
32.380567,26,10342.024985
-35.26,30,10342.523036
-32.69,38,10343.179065
-39.0,29,10343.669968
-34.92,25,10344.127428
-35.4,30,10344.657517
-41.66,20,10345.043545
-38.64,31,10345.570976
-32.29,33,10346.125171
32.112179,34,10346.702992
-36.0,42,10347.459969
35.739437,27,10347.967313
-41.6,18,10348.268276
-36.0,29,10350.492852
-43.64,29,10350.836576
-37.74,23,10351.139478
-37.58,25,10351.445849
-33.0,29,10351.925703
-32.29,49,10352.740284
-37.87,28,10353.320182
35.062731,23,10353.893818
32.306273,28,10354.439843
32.181009,29,10354.933419
32.528517,30,10355.454846
-35.2,27,10355.945265
32.547619,25,10356.375077
-33.0,32,10356.919732
-41.07,23,10357.337227
-44.21,33,10357.874086
-32.48,28,10358.3772
-41.57,37,10360.883756
-38.88,32,10361.280238
32.418251,34,10361.712319
-40.64,33,10362.131966
35.644531,32,10362.540193
-38.21,30,10363.007816
-35.88,26,10363.686747
-39.0,50,10364.75365
-38.0,31,10365.265065
-37.36,30,10365.800185
-38.43,30,10366.315281
-36.0,26,10366.784019
32.5,29,10367.292005
-38.26,24,10367.726175
-39.0,32,10368.280312
-44.57,29,10368.763053
-32.45,30,10369.246309
35.233334,30,10371.58146
-32.85,32,10371.972901
-35.5,27,10372.309192
-41.73,20,10372.556013
-39.0,27,10372.901801
-35.26,27,10373.258729
35.849693,24,10373.769444
-41.45,26,10374.226921
33.0,37,10374.819445
33.0,36,10375.415837
-36.0,26,10375.891296
38.235955,24,10376.28635
-36.0,33,10376.843149
34.609848,32,10377.356097
-35.62,30,10377.907336
-38.34,42,10378.612592
44.838583,48,10381.443366
-41.54,23,10381.831965
-32.67,33,10382.336843
-41.55,21,10382.605587
-47.14,11,10382.759585
32.601942,30,10383.152541
34.278126,35,10383.618331
-41.91,17,10383.840779
-38.1,33,10384.308296
-40.77,28,10384.752675
-47.65,29,10385.249627
-32.65,27,10385.726833
-35.69,33,10386.265896
-40.83,23,10386.64731
-38.99,38,10387.378745
40.470224,26,10387.838051
-37.74,31,10388.499041
-36.0,20,10389.005184
-36.0,73,10392.18035
-42.0,25,10392.578357
-35.08,44,10393.205883
-37.67,24,10393.517805
35.196552,26,10393.836921
-32.15,34,10394.247036
-38.46,25,10394.567793
-36.0,23,10394.8906
-45.0,23,10395.228467
-47.66,21,10396.519975
-41.38,24,10396.906884
-33.0,28,10397.421439
-37.76,29,10397.910727
-41.24,25,10398.327099
32.821277,30,10398.82929
38.718543,23,10399.222922
-35.04,36,10399.885367
-38.01,37,10400.524047
-38.96,26,10402.778137
-44.22,20,10403.101408
-40.86,29,10403.50198
-41.92,28,10403.872128
-44.2,21,10404.138294
-44.45,23,10404.460608
-38.79,25,10404.825898
35.489726,38,10405.667406
32.349398,30,10406.21195
-45.0,19,10406.553617
-40.97,24,10406.970339
34.881409,32,10407.530605
32.713178,31,10408.060174
35.782759,24,10408.473213
-47.52,20,10408.784753
-38.46,33,10409.364683
-39.0,22,10409.822379
35.901235,32,10410.355461
-35.25,32,10410.917748
-32.21,43,10413.415799
-33.0,41,10413.975489
-32.23,40,10414.513929
38.178462,27,10415.029858
-34.86,38,10415.687317
-44.57,75,10416.921825
-38.47,23,10417.288254
-41.1,28,10417.787676
-42.0,20,10418.119416
32.014218,27,10418.569878
38.664596,28,10419.028035
-40.72,30,10419.547255
-32.29,41,10420.224874
-42.0,32,10420.829841
-35.71,31,10423.271539
-41.91,22,10423.621178
-41.07,26,10423.9976
-41.63,26,10424.372956
-32.54,31,10424.808884
-40.96,30,10425.214781
-41.74,23,10425.527795
-35.0,29,10425.934783
-32.5,35,10426.416258
-35.58,28,10426.795846
-37.75,38,10427.399387
-38.54,26,10427.803342
-34.9,25,10428.217299
-32.9,32,10428.771518
-38.25,22,10429.146369
-33.0,28,10429.619627
-41.17,20,10429.97034
-41.41,33,10430.748331
-38.46,38,10433.354565
-35.14,29,10433.781858
32.847909,55,10434.550016
40.304806,27,10434.976992
32.321285,36,10435.539828
-35.56,32,10435.978142
-42.0,26,10436.34418
-35.91,26,10436.730536
38.547771,25,10437.094574
-44.86,22,10437.390049
-38.69,31,10438.389057
-39.0,26,10438.829809
-41.55,31,10439.424005
-41.48,24,10439.818998
-44.14,51,10440.691935
-41.5,17,10440.956793
-42.0,19,10441.526724
-41.15,23,10441.93611
-41.55,26,10444.248336
-38.34,39,10444.836125
37.477308,24,10445.193721
32.801471,29,10445.625699
-38.91,22,10445.972737
32.026667,31,10446.378545
35.28,29,10446.809547
-34.92,45,10447.47943
-33.0,31,10447.94972
-44.92,19,10448.248311
-40.48,25,10448.647823
32.138037,32,10449.113242
-38.06,27,10449.584319
-34.58,31,10450.132481
-35.82,30,10450.639249
-41.26,32,10451.169044
-38.47,27,10451.627292
-38.5,41,10454.205128
-32.77,30,10454.671996
-38.81,39,10455.270678
-35.81,31,10455.729575
38.209016,21,10456.072941
-35.61,21,10456.400528
-38.74,25,10457.324954
-47.84,13,10457.489985
-38.9,36,10458.017566
-42.0,27,10458.378498
38.707424,27,10458.78476
37.45092,36,10459.345451
-37.54,27,10459.886113
-41.91,20,10460.223382
-43.22,21,10460.601882
35.220994,30,10461.136668
35.310606,26,10461.578034
-38.36,25,10461.968102
32.340081,25,10462.437199
-44.93,28,10464.729993
-46.26,29,10465.151737
-43.88,17,10465.427485
-32.38,40,10466.006427
32.534704,32,10466.513735
-44.26,39,10467.151042
-42.0,19,10467.638096
-40.82,32,10468.1308
-41.81,28,10468.5347
-35.49,31,10469.000824
-35.78,27,10469.381193
35.505837,28,10469.837105
-35.63,32,10470.356327
38.876712,19,10470.600178
34.322405,50,10471.361169
-32.7,37,10471.957164
32.33657,22,10472.319349
35.246753,32,10474.725057
-35.28,31,10475.205178
-34.57,35,10475.744267
-41.16,28,10476.170763
-35.52,29,10476.605652
-36.0,33,10477.14235
-35.2,27,10477.581016
-41.64,22,10477.949152
-38.01,30,10478.435562
-32.14,36,10478.943458
36.0,29,10479.371757
-38.05,38,10479.924078
-47.25,21,10480.2426
-41.17,26,10480.603516
-41.6,24,10481.023841
40.540673,22,10481.408791
-44.08,18,10481.711919
-38.94,31,10482.481668
-45.0,16,10482.733591
38.382716,31,10485.119058
32.26,25,10485.646613
-32.15,30,10486.07312
-41.94,23,10486.417318
-32.33,33,10486.853513
-43.9,35,10487.410675
-34.67,27,10487.871052
32.669173,28,10488.337774
-41.54,31,10488.8636
-32.28,30,10489.329526
-38.48,25,10489.689623
-38.63,23,10490.010852
-39.0,43,10490.617888
-42.0,21,10490.887303
-44.52,34,10491.437254
-41.44,16,10491.710994
-39.0,22,10492.092439
32.317568,35,10492.729729
-32.91,33,10495.14353
-38.29,24,10495.540468
-37.08,36,10496.075779
-41.93,25,10496.582697
-32.31,28,10496.973217
-44.32,27,10497.404987
-32.41,28,10497.869285
-36.0,24,10498.282297
-35.43,30,10498.772241
33.0,25,10499.199403
-38.23,40,10499.891042
-35.14,34,10500.366439
-38.59,29,10500.774287
39.0,22,10501.101823
-41.25,17,10501.356408
32.009346,40,10501.904964
-38.24,25,10502.316852
-41.74,47,10505.332536
-42.0,26,10505.737218
-35.72,22,10506.031915
37.895647,26,10506.421764
37.681864,28,10506.860363
-44.77,37,10507.411893
-41.01,23,10507.82286
-38.58,23,10508.255509
-38.69,30,10508.908576
32.381868,31,10509.440915
35.53271,28,10509.954531
-44.89,35,10510.541264
-43.33,26,10510.917673
-36.0,25,10511.269307
-37.74,34,10511.773851
-44.95,29,10512.182155
-40.81,20,10512.472692
-32.84,59,10515.385925
31.77381,28,10515.846915
-35.84,25,10516.180458
-32.69,26,10516.576949
32.440741,35,10517.173789
-47.61,20,10517.473155
35.902527,22,10517.799222
-33.0,32,10518.420334
-39.0,21,10518.773135
-38.38,24,10519.397678
32.434307,34,10520.046919
-38.29,30,10520.574307
-39.0,36,10521.203512
-38.61,29,10521.656925
-35.52,28,10522.042327
-32.38,31,10522.52127
-44.04,18,10522.804823
-40.82,22,10523.125979
-44.17,20,10523.401247
-38.07,28,10525.780184
-35.51,23,10526.251487
-41.08,30,10526.664858
32.484848,63,10527.600712
-37.63,26,10527.966926
-41.7,23,10528.414429
-37.12,26,10528.850085
35.278146,27,10529.300057
-38.42,25,10529.707772
-37.63,25,10530.125507
-38.91,24,10530.533957
-38.46,33,10531.15364
-44.94,27,10531.63206
-38.78,27,10532.073022
35.170732,29,10532.494848
-41.11,27,10532.875516
-38.49,32,10533.330315
-35.51,24,10533.65874
-35.09,37,10536.087276
-45.0,28,10536.561269
-42.0,27,10536.966176
-35.81,28,10537.392654
-37.96,25,10537.783888
-35.36,30,10538.269564
38.444444,27,10538.694885
36.0,20,10539.051869
-33.0,37,10539.65036
-32.42,29,10540.131885
-31.78,31,10540.670326
-44.67,24,10541.087032
-38.01,33,10541.620346
37.843199,30,10542.191535
-38.56,24,10542.644688
35.947368,30,10543.129237
-33.0,30,10543.528064
-37.74,23,10543.857544
-39.0,21,10545.953169
32.341818,28,10546.669166
-44.74,24,10547.110035
-32.83,31,10547.556656
-35.17,26,10547.972379
-32.62,33,10548.489918
-32.15,36,10549.009561
35.480144,23,10549.451194
-38.38,27,10549.932131
-38.6,28,10550.384061
-38.77,38,10551.045486
-41.03,31,10551.591492
-41.47,16,10551.876256
32.122881,25,10552.279784
34.084174,36,10552.91742
-36.0,27,10553.376915
-38.32,19,10553.693165
-44.56,27,10554.118256
-38.88,25,10554.428896
-36.0,29,10556.684753
-35.65,31,10557.21712
37.564707,29,10557.696949
32.399225,33,10559.197715
-35.48,24,10559.607258
35.179104,25,10559.969825
38.385281,42,10560.645054
-33.0,26,10561.08336
-40.52,43,10562.051299
-35.45,27,10562.50888
32.869718,44,10563.198835
-41.79,22,10563.583332
-33.0,69,10564.769139
-41.22,22,10565.156177
-38.25,26,10565.596286
-40.24,24,10567.807889
-38.54,28,10568.179429
-36.0,26,10568.571384
-40.79,26,10568.948243
-35.44,29,10569.386145
-32.33,37,10569.90806
-47.69,22,10570.236182
-38.01,26,10570.642688
-35.63,31,10571.181172
32.859438,29,10571.670228
-33.0,30,10572.140299
-41.07,22,10572.50912
35.880866,29,10573.224096
37.5,71,10574.65063
-35.31,27,10575.149823
-40.29,29,10575.635711
32.480132,36,10576.234113
-41.77,25,10578.446049
-44.04,29,10578.835656
-34.95,42,10579.407808
-42.0,16,10579.58519
-44.84,22,10579.953565
32.757576,21,10580.274634
-38.83,35,10580.762197
37.989706,29,10581.271875
-41.12,28,10581.755723
-37.55,21,10582.091267
32.069869,32,10582.591512
-44.68,16,10582.882688
-44.66,21,10583.251601
-36.0,31,10583.724808
-32.64,31,10584.21546
-41.78,32,10584.741392
35.415638,26,10585.163295
-39.0,35,10585.764039
-36.0,27,10586.190038
-38.03,24,10588.516608
-35.25,29,10588.914385
-43.67,23,10589.258428
-38.89,32,10589.700181
-41.79,25,10590.031668
36.0,20,10590.334085
-41.04,27,10590.721869
-35.09,25,10591.099349
38.609155,25,10591.478023
-35.23,25,10591.930017
-38.33,31,10592.436767
-32.23,39,10593.108701
-38.19,27,10593.612139
-32.7,30,10594.110145
-37.71,27,10594.61243
-42.0,20,10594.964713
-35.57,32,10595.494812
-33.0,37,10596.112405
32.369318,32,10598.627523
32.18543,30,10599.064426
-32.16,27,10599.445543
-40.92,27,10600.088231
-39.0,22,10600.389486
38.140152,25,10600.679362
-41.45,33,10601.168631
-35.5,30,10601.606735
-41.79,22,10602.013276
-35.7,36,10602.656722
-38.29,25,10603.075532
-39.0,34,10603.635882
-34.7,36,10604.268329
-41.2,28,10604.726965
-35.47,35,10605.32353
-41.52,44,10606.060513
-35.8,28,10606.530997
-35.1,33,10608.939886
-35.9,27,10609.398644
-38.35,28,10609.794221
-35.58,35,10610.291182
38.535565,21,10610.582613
-41.49,40,10611.119319
-39.0,25,10611.48797
38.447761,22,10611.807212
-33.0,27,10612.264318
32.079422,33,10612.822252
35.760456,21,10613.222104
38.089744,25,10613.639838
-38.47,22,10614.120933
-44.12,27,10614.723991
-44.46,29,10615.212981
-35.1,25,10615.660429
32.20283,28,10616.112357
34.977416,35,10616.73863
-35.39,27,10619.054352
-32.41,33,10619.617034
-37.53,26,10620.065977
-36.0,27,10620.486546
-38.57,34,10620.932663
-32.01,31,10621.321497
-35.08,33,10621.744357
-38.27,21,10621.976653
42.0,15,10622.182002
32.322097,33,10622.668811
-41.2,21,10622.987823
-40.83,22,10623.40602
-35.91,23,10623.796241
-32.55,29,10624.271709
-39.0,21,10624.605403
-39.0,19,10624.946875
-35.11,32,10625.507345
-43.4,23,10626.035956
-36.0,29,10626.593672
-44.4,20,10626.961938
-44.49,17,10627.24523
-37.41,44,10629.891562
-32.41,34,10630.477873
-33.0,28,10630.981274
-35.75,22,10631.329016
-44.88,26,10631.686783
32.324201,37,10632.140561
38.501818,26,10632.458011
-41.83,29,10632.776187
-41.75,28,10633.217419
-38.3,30,10633.743775
-43.87,33,10634.280991
37.779522,26,10634.740241
-41.87,28,10635.206957
-41.9,29,10635.729656
34.991053,32,10636.248739
-32.46,44,10637.045726
-32.4,29,10639.394321
-38.23,23,10639.924112
-43.58,19,10640.321326
-41.88,27,10640.776618
-35.3,34,10641.376847
-39.0,22,10641.750814
-38.28,24,10642.062091
-40.98,24,10642.367506
32.493562,27,10642.720506
32.766537,32,10643.111132
-43.84,26,10643.428014
-36.0,37,10643.923348
-38.01,21,10644.22642
34.228622,30,10644.722701
-41.34,45,10645.481893
-38.12,23,10645.870548
-39.0,32,10646.49307
-35.75,25,10646.926675
43.599233,27,10647.39659
35.200758,53,10650.540757
-32.39,24,10650.950777
-32.86,30,10651.43453
-31.56,28,10652.084612
-35.44,21,10652.45942
-41.82,22,10652.779541
-45.0,25,10653.097302
-44.66,24,10653.400905
-40.95,24,10653.715376
-43.88,24,10654.011584
-38.68,24,10654.329513
-32.52,28,10654.755885
-35.6,35,10655.344211
-38.4,28,10655.829482
32.792683,27,10656.282463
-38.61,30,10656.783429
-41.91,31,10657.319552
35.607692,27,10657.813013
35.501629,25,10660.122478
-38.04,27,10660.590345
35.029787,29,10661.070801
-35.28,36,10661.696412
-42.0,21,10662.034792
41.341727,34,10662.585737
-43.86,26,10662.999505
-32.67,38,10663.453732
-40.71,39,10663.971061
-39.0,32,10664.359974
38.108345,28,10664.743643
32.649007,24,10665.103768
-35.52,39,10665.769176
33.0,27,10666.21122
37.453566,27,10667.004373
33.0,28,10667.4926
-44.07,21,10667.86438
-32.66,44,10670.529033
-41.69,23,10670.960638
-38.26,32,10671.501331
-35.42,24,10671.932156
-41.65,30,10672.478277
-38.72,31,10673.018053
-38.0,31,10673.561886
32.136752,33,10674.072296
35.026616,34,10674.479922
-35.9,30,10674.842891
-40.55,23,10675.363605
-38.31,36,10675.862355
-41.91,94,10677.814914
-41.17,25,10678.213852
-40.83,32,10678.914703
-38.81,25,10681.234802
-41.4,24,10681.627485
-39.0,29,10682.093102
32.529412,32,10682.669216
-40.57,20,10683.007541
-38.55,45,10683.748066
35.820513,23,10684.138622
32.337931,31,10684.580446
36.0,24,10684.879832
-39.0,36,10685.309478
-40.85,24,10685.609289
-35.84,33,10686.048189
-44.73,41,10686.721739
-39.84,34,10687.371852
-38.23,36,10688.02005
-38.75,25,10688.444349
-44.33,19,10689.00429
-41.06,22,10689.407934
-38.54,28,10691.725808
-41.44,26,10692.151165
-32.6,37,10693.040143
-36.0,24,10693.445267
-41.88,31,10693.974324
-40.06,22,10694.343411
-44.39,20,10694.677042
32.598394,31,10695.084716
-33.0,30,10695.48133
40.717779,20,10695.740811
-41.45,25,10696.09185
-41.82,37,10696.545259
-32.5,27,10696.900845
-32.75,36,10697.449991
-38.38,29,10697.947177
-44.45,18,10698.266138
-41.72,22,10698.645208
32.260417,30,10699.132062
-41.21,24,10701.522058
-43.8,24,10701.92512
-33.0,29,10702.46196
-38.07,32,10703.033741
-32.62,32,10703.556437
-38.71,18,10703.854921
-41.42,59,10704.874303
-40.73,37,10705.672944
-41.57,24,10706.285538
40.726766,32,10706.695512
-36.0,31,10707.087559
-35.14,26,10707.427192
-41.34,31,10707.849552
-38.14,27,10708.28538
-33.0,31,10708.803702
-41.24,26,10709.282204
-38.47,32,10709.80315
33.0,30,10712.160839
32.203774,28,10712.63795
-35.63,34,10713.200459
-41.34,25,10713.614434
-30.0,33,10714.161781
-33.0,33,10714.733482
36.0,22,10715.108167
33.0,50,10715.951979
-44.17,38,10716.518934
35.393312,51,10717.175981
-42.0,23,10717.451432
35.517685,27,10717.814971
-44.88,17,10718.047732
-35.67,29,10718.704134
-35.25,41,10719.466584
-38.78,38,10720.16316
-36.0,23,10722.417916
-39.0,20,10722.757483
-35.04,30,10723.279914
33.0,32,10723.810565
33.0,26,10724.250505
-41.68,23,10724.635637
-38.68,29,10725.132338
-41.82,29,10725.671365
-38.63,25,10726.112372
-41.4,17,10726.406791
-32.37,29,10726.84179
-37.68,47,10727.486001
-37.84,32,10727.886622
-36.0,24,10728.195662
-41.8,38,10728.766245
-38.25,46,10729.458428
-46.88,20,10729.836119
-35.37,30,10730.324301
-41.17,26,10732.855221
32.017316,34,10733.41522
-35.62,26,10733.903284
-39.63,23,10734.320548
-35.44,48,10735.163184
-36.0,24,10735.565608
-45.0,23,10735.992252
41.160305,19,10736.401937
-38.62,21,10736.808871
-39.0,22,10737.155246
-40.88,32,10737.648953
-38.65,29,10738.069026
-41.24,26,10738.395746
-36.0,27,10738.752382
-41.82,26,10739.098251
-31.95,32,10739.59997
34.871415,25,10739.946249
-38.5,25,10740.386169
35.208661,35,10742.827367
-32.02,26,10743.251203
-44.6,22,10743.625163
-44.03,23,10744.056855
-32.37,34,10744.865505
-38.34,35,10745.502098
32.358025,44,10746.298276
-37.77,29,10746.791813
36.0,20,10747.125083
34.946324,38,10747.775248
-36.0,28,10748.220363
32.454545,27,10748.617913
-41.11,32,10749.056254
32.440433,41,10749.657792
-35.29,37,10750.180439
-36.0,26,10750.610537
38.189389,26,10751.029243
-41.59,22,10753.287627
-32.13,44,10754.013992
33.0,24,10754.393163
-38.81,27,10754.854029
-32.02,33,10755.426569
-35.6,36,10756.050481
-41.91,31,10756.571155
32.525735,25,10757.053793
-36.0,31,10757.558303
-32.72,38,10758.343947
-44.34,24,10758.695499
36.0,31,10759.145554
-41.1,24,10759.506269
37.09709,31,10759.923771
-43.41,27,10760.304337
-38.15,28,10760.697042
-35.55,50,10761.386252
-40.96,31,10763.819562
-38.45,31,10764.336846
-32.78,40,10765.023971
-32.5,30,10765.587367
31.961806,26,10766.046576
36.0,27,10766.507018
-41.29,29,10767.037722
-38.66,24,10767.46295
-38.63,28,10767.990125
35.881226,32,10768.543476
42.0,24,10768.893663
-41.72,24,10769.290373
-41.58,24,10769.625702
-44.46,22,10769.964672
36.0,50,10770.973508
-41.8,25,10771.350439
-40.47,24,10771.673694
-44.23,20,10771.954726
-38.83,21,10774.17347
-38.46,19,10774.510264
-39.0,21,10774.885718
-41.25,25,10775.305888
-44.11,24,10775.739978
-42.0,27,10776.393922
34.949046,30,10776.927159
35.291188,41,10777.651941
-41.96,45,10778.450312
-36.0,22,10778.865454
35.865672,43,10779.53511
-44.11,23,10779.954232
-35.48,26,10780.319336
-38.47,33,10780.809615
-38.62,88,10782.69473
-38.4,24,10783.113955
-36.0,30,10786.155361
-41.59,28,10786.676183
32.39924,29,10787.152514
38.179104,72,10788.351896
33.0,24,10788.821083
-38.44,24,10789.24863
-35.68,31,10789.726487
-42.0,19,10790.009951
-38.4,26,10790.375542
-41.06,20,10790.666742
-38.57,36,10791.236936
-38.5,33,10791.718867
33.0,27,10792.071281
-43.56,28,10792.484354
-38.3,31,10792.910798
-41.17,27,10793.327619
-42.0,26,10793.772557
-35.31,27,10796.10816
-46.49,23,10796.505453
-40.74,23,10796.879272
-35.88,33,10797.490682
-37.61,31,10798.250859
-41.66,29,10798.729623
-38.71,31,10799.434927
-37.53,32,10799.943887
35.275862,27,10800.37937
-35.42,23,10800.712816
35.370656,28,10801.118339
-38.72,22,10801.573781
-46.36,22,10801.965194
34.832433,29,10802.381804
-41.21,62,10803.23696
35.332061,22,10803.558925
-38.59,23,10803.894416
-37.08,28,10806.370062
-37.73,26,10806.811159
-47.61,29,10807.31952
-41.72,33,10807.863659
-36.0,27,10808.410895
38.850394,25,10808.855017
-36.0,26,10809.300803
-41.75,17,10809.549606
-38.08,27,10809.959021
35.307443,20,10810.267318
-38.15,23,10810.63106
-32.07,35,10811.391034
-40.91,28,10811.839858
33.0,75,10813.042285
32.32,34,10813.514309
-35.06,33,10813.97939
-44.58,27,10814.352412
32.05298,39,10817.836812
-32.35,32,10818.399685
-38.77,28,10818.896082
-41.71,25,10819.341998
-32.22,28,10819.794275
-32.99,34,10820.348773
-38.5,42,10820.951492
-38.61,29,10821.388892
-39.0,22,10821.692753
-38.88,34,10822.306933
-47.8,29,10822.818841
35.30916,27,10823.241577
-39.0,22,10823.528817
-45.0,31,10824.210702
-42.0,24,10824.578192
37.630372,29,10824.944769
35.514894,28,10825.406379
38.215427,24,10825.803402
-38.71,28,10828.155599
-41.83,32,10828.728074
-41.18,23,10829.131735
-32.35,35,10829.743695
-42.0,29,10830.193255
-35.25,27,10830.615247
33.0,25,10831.013673
33.0,33,10831.500339
-37.31,40,10832.140686
-32.75,29,10832.682346
-35.5,107,10834.317415
-36.0,28,10834.745222
-33.0,24,10835.075623
-38.57,27,10835.536372
-41.52,23,10835.893725
-40.69,27,10838.269877
-32.49,30,10838.76267
-35.9,41,10839.452656
-35.57,27,10839.907337
-41.01,30,10840.388633
32.231707,41,10841.030131
-35.13,34,10841.517419
-38.15,25,10841.865529
-32.71,32,10842.414339
35.900763,31,10842.959102
41.9,20,10843.307979
-38.63,24,10843.734833
-35.33,27,10844.172492
-41.64,31,10844.641584
-33.0,26,10845.023655
40.680596,28,10845.519002
-35.6,39,10846.108857
-41.51,20,10848.319649
-32.34,29,10848.78712
-45.0,18,10849.097722
32.465347,31,10849.864413
-38.73,28,10850.314512
32.30605,34,10850.857242
-35.13,29,10851.255913
-41.34,29,10851.669861
-41.19,28,10852.150382
-35.88,28,10852.689616
-43.23,20,10853.028766
-41.62,33,10853.562726
35.264368,30,10854.113197
-36.0,25,10854.553204
-36.0,26,10854.944413
-33.0,31,10855.363753
-32.88,37,10855.874907
-39.71,26,10856.238273
-36.0,37,10858.785346
-40.83,23,10859.185817
-32.41,65,10860.66236
37.14534,28,10861.073129
-44.65,21,10861.385093
-32.86,31,10861.860935
-35.64,49,10862.573369
-34.64,29,10863.047839
-32.23,29,10863.489201
35.627586,29,10864.186859
38.372493,24,10864.601835
-44.43,22,10864.941832
33.0,35,10865.566025
38.296296,24,10865.891691
-35.08,25,10866.248358
32.243346,23,10866.575461
-32.08,35,10867.067311
-41.43,25,10869.303755
38.030303,24,10869.686834
-40.55,18,10869.942392
-44.61,22,10870.326341
34.114751,28,10870.775002
-38.38,28,10871.257256
-32.13,29,10871.6897
35.015504,27,10872.060971
-41.25,37,10872.621393
-45.0,21,10872.96175
-34.56,29,10873.463761
-46.81,22,10873.83963
-38.28,28,10874.32698
-35.44,31,10874.881024
-41.72,26,10875.326502
-39.0,22,10875.899367
-38.49,26,10876.355627
32.448148,26,10876.767146
-34.8,28,10877.161654
43.500621,51,10879.666205
-38.64,24,10880.09912
-38.48,30,10880.646948
35.078358,26,10881.099391
32.107744,30,10881.679369
-36.0,22,10882.038225
-38.27,33,10882.50641
-42.0,21,10882.809834
32.640379,27,10883.239001
-42.0,24,10883.605499
-32.15,29,10884.09522
-38.1,24,10884.493601
32.804878,35,10885.088374
-44.15,28,10885.54738
-41.38,23,10885.948187
-40.4,25,10886.415386
36.0,33,10887.019584
-40.6,28,10887.452691
-38.75,29,10889.628332
-43.39,23,10889.999264
-44.83,22,10890.571
-41.82,26,10891.069668
-41.31,27,10891.508058
-38.04,23,10891.898766
-41.4,25,10892.320472
-32.62,33,10892.764812
-38.5,37,10893.313187
-41.8,20,10893.615502
35.877551,29,10894.028016
40.921944,23,10894.413894
-38.36,24,10894.846072
33.0,25,10895.317844
-44.08,22,10895.658971
40.607534,26,10896.34019
-41.76,51,10897.412864
-32.91,29,10897.865099
-41.48,22,10898.231242
-41.01,25,10900.567963
-35.81,36,10901.176315
-38.44,23,10901.578194
35.672862,29,10902.195777
-38.43,22,10902.656821
33.0,28,10903.08122
35.496144,28,10903.504534
-33.0,30,10903.950436
-38.51,31,10904.43302
38.679181,22,10904.838765
-35.55,34,10905.464084
-32.45,34,10906.084342
-39.0,21,10906.43584
-37.39,32,10906.970012
38.542435,27,10907.403126
32.306306,25,10907.840865
-35.2,28,10908.410621
-38.67,28,10908.889588
-35.67,33,10911.153308
-35.73,31,10911.609718
-38.72,23,10911.985652
-42.0,15,10912.292509
-38.51,26,10912.733474
33.0,35,10913.248282
35.517375,23,10913.591078
32.079832,30,10914.027701
-32.69,31,10914.489079
-40.83,25,10914.912866
-38.82,27,10915.370684
-44.62,20,10915.715844
35.941748,23,10916.115881
32.533088,27,10916.627899
-35.55,29,10917.369639
-44.59,23,10917.761032
35.291391,28,10918.229567
-32.41,35,10918.844224
-38.96,29,10919.324686
35.02439,35,10921.656159
-36.0,27,10922.072281
-39.0,26,10922.518862
-37.6,25,10923.017623
-39.0,24,10923.399812
37.587615,29,10923.819078
33.0,24,10924.199879
-35.94,22,10924.5523
-38.17,27,10924.958674
-38.17,23,10925.311526
-40.52,32,10925.896951
-32.52,28,10926.363012
-41.47,29,10926.855239
-35.27,27,10927.304476
-42.87,21,10927.688732
-38.72,28,10928.398966
-32.17,28,10928.877703
-47.1,22,10929.220767
37.856207,33,10929.803746
32.896104,51,10932.386348
-34.46,42,10932.962575
-35.57,21,10933.279947
-37.98,36,10933.787018
40.920146,41,10934.401558
-42.0,24,10934.75216
-38.63,27,10935.239106
-38.95,24,10935.711048
-36.0,25,10936.144923
-38.06,31,10936.711413
-41.61,18,10937.067877
-33.0,43,10937.783305
-44.89,21,10938.131624
-41.29,21,10938.473503
38.676558,22,10938.836434
-32.24,25,10939.270912
-38.5,38,10939.908534
-41.43,29,10942.244508
-39.0,26,10942.597103
35.902439,27,10942.986027
-44.14,25,10943.369856
-38.54,38,10944.133882
-35.76,28,10944.579977
32.431655,26,10945.005909
-39.0,24,10945.361819
35.38189,31,10945.873916
-39.0,29,10946.381175
-37.73,32,10946.898114
-38.35,28,10947.392478
-36.0,41,10948.133641
-37.86,46,10948.91814
-38.89,29,10949.435735
32.209913,46,10950.219456
-32.13,39,10952.685457
-47.25,31,10953.117864
-38.84,32,10953.589544
-40.79,30,10953.970769
39.0,23,10954.380246
-36.0,26,10954.964188
-41.35,21,10955.273615
-39.0,19,10955.539263
-39.0,32,10956.143266
-41.62,31,10956.725177
-38.64,30,10957.2535
-38.29,28,10957.721642
-38.17,22,10958.086908
-38.53,21,10958.451983
-35.86,33,10959.005499
-37.75,37,10959.67287
-40.88,27,10960.088192
35.833333,22,10960.456135
-41.89,22,10960.823509
33.0,37,10963.346142
-38.17,21,10963.621199
-35.44,35,10964.084903
36.0,27,10964.432367
-41.39,18,10964.668313
-35.84,25,10964.955696
35.900356,22,10965.291223
35.033613,30,10965.739291
-39.0,29,10966.183847
-41.05,42,10966.921717
35.093633,25,10967.370501
-32.06,33,10967.962796
37.474982,31,10968.513695
-41.16,25,10968.90661
-33.0,26,10969.339249
35.840304,34,10970.228719
-41.55,25,10970.630559
36.0,23,10971.045917
-38.48,35,10973.432189
-39.0,32,10974.024569
32.40884,49,10974.708575
-42.0,18,10974.932717
-41.01,24,10975.216867
-43.16,28,10975.588143
-35.78,26,10975.957804
-41.9,22,10976.32147
38.357977,28,10976.754393
-35.19,33,10977.325788
-38.56,26,10977.752661
-44.91,34,10978.324852
-37.34,33,10978.901877
-41.16,25,10979.314116
-35.48,30,10979.817616
-41.36,46,10980.802985
-35.18,32,10981.38431
-41.13,37,10983.876892
40.524364,25,10984.303136
-33.0,47,10985.032137
-32.03,32,10985.417056
-43.13,32,10985.780459
-33.0,34,10986.232231
-41.41,26,10986.602821
-38.67,32,10987.082528
-44.24,32,10987.584707
-35.32,34,10988.286565
-36.0,31,10988.955744
-41.85,30,10989.504144
-41.7,23,10989.955627
33.0,31,10990.585894
-35.53,36,10991.241866
35.141791,24,10992.091129
-35.91,30,10994.554385
-38.03,28,10995.06269
-41.42,30,10995.569763
32.173745,24,10996.008494
-40.7,30,10996.720512
-36.0,31,10997.186181
33.0,28,10997.541203
36.0,33,10997.967926
-32.28,26,10998.357288
-35.18,23,10998.698181
-36.0,38,10999.286311
-41.52,31,10999.932129
-35.5,33,11000.501549
-43.46,30,11001.041374
-41.37,28,11001.507027
-32.71,25,11001.92492
-41.98,24,11002.365903
-41.16,25,11002.819544
-37.45,48,11005.640838
-39.0,22,11006.039001
-32.32,27,11006.557313
-37.75,33,11007.155651
35.017863,38,11008.43525
-41.76,31,11008.771574
33.0,31,11009.280244
36.0,24,11009.647455
-36.0,34,11010.267696
-41.3,21,11010.946074
-47.7,23,11011.32645
34.646306,26,11011.767135
-32.15,30,11012.321889
-32.35,32,11012.985245
-35.19,30,11013.60125
-41.86,24,11014.13374
-34.84,26,11014.60837
-41.17,24,11015.091697
32.710345,34,11017.626558
-44.68,24,11018.088997
38.160991,23,11018.49869
-36.84,32,11019.049688
-38.25,27,11019.471092
-38.19,32,11020.228634
39.580031,32,11020.714825
-39.0,24,11021.133415
-38.56,22,11021.47295
-44.7,17,11021.738486
34.61571,49,11022.607317
-41.62,23,11023.006114
-34.68,23,11023.444229
-35.65,35,11024.114107
-44.05,25,11024.523167
32.897436,29,11025.250057
-41.41,18,11025.601335
38.395806,25,11026.01763
-33.0,32,11028.385844
-43.71,28,11028.873254
39.0,17,11029.199121
-35.05,27,11029.648345
-42.0,20,11029.932477
-44.41,23,11030.263174
35.493506,23,11030.599432
-38.65,28,11030.998494
-36.0,30,11031.359518
-32.58,30,11031.765785
-40.27,26,11032.168031
-35.03,29,11032.615277
-47.05,19,11032.927183
-41.99,63,11033.998385
-38.22,30,11034.509241
-41.8,21,11034.885061
-44.68,23,11035.277363
-41.63,20,11035.772423
-44.46,32,11036.420716
32.660668,31,11038.871971
-47.16,39,11039.592501
-41.63,21,11040.035417
-38.39,25,11040.459133
35.107914,26,11040.851319
-40.92,20,11041.120864
-38.62,23,11041.439469
-43.69,20,11041.69074
34.916667,21,11041.962732
-42.0,23,11042.282367
-32.91,31,11042.695208
-32.72,27,11043.108704
-41.5,30,11043.603256
-35.9,26,11044.061184
-35.99,42,11044.922758
-41.27,20,11045.278708
-40.89,32,11045.830467
-38.88,35,11046.40741
34.944444,26,11046.871847
-44.52,22,11049.11929
-45.8,24,11049.536488
-47.98,22,11049.931107
-35.17,35,11050.554194
-41.36,25,11051.019733
-33.0,32,11051.790745
-41.32,29,11052.210768
-32.13,28,11052.585864
-41.62,23,11052.861338
30.0,28,11053.20827
-32.05,33,11053.678938
-38.3,24,11054.069342
-44.81,19,11054.417921
-44.73,23,11054.83058
-33.0,33,11055.379842
-32.38,26,11055.87765
32.019763,37,11056.561679
35.128099,22,11057.009306
-38.49,29,11057.532485
-38.81,27,11059.800458
-41.36,30,11060.294675
-32.91,27,11060.827885
-35.16,28,11061.356513
-34.83,24,11061.783096
-45.0,16,11062.086049
-33.0,24,11062.498818
35.183673,30,11063.256704
-44.42,17,11063.509479
32.490625,33,11063.964975
-41.59,23,11064.260219
-41.85,23,11064.581501
-41.32,28,11064.945459
-32.16,31,11065.428545
-42.0,22,11065.816772
-38.89,21,11066.201946
-35.33,29,11066.756972
-36.0,28,11067.258801
-38.17,35,11067.869632
41.367273,19,11068.224838
-38.0,26,11070.72099
38.631579,26,11071.176949
36.0,21,11071.551637
-38.66,30,11072.104226
-41.67,31,11072.675665
-44.43,19,11073.013367
-38.83,26,11073.489629
36.0,25,11073.925833
-42.0,36,11074.567677
-38.08,46,11075.153311
-37.62,23,11075.461657
40.671156,22,11075.758288
32.367424,32,11076.2382
-41.15,28,11076.705724
-40.82,21,11077.070385
38.215447,28,11077.940407
32.900524,29,11078.408357
35.651934,24,11078.816844
-41.71,25,11081.182518
-42.0,18,11081.512751
-32.31,28,11081.99102
-35.48,29,11082.514841
-38.49,28,11082.971196
36.0,22,11083.34969
32.768212,30,11083.883743
-41.64,23,11084.51748
-37.64,27,11084.955153
35.700965,35,11085.512183
-37.63,26,11085.8502
-41.52,24,11086.262234
-42.0,20,11086.523053
-35.57,35,11086.984692
35.092369,25,11087.318268
-44.26,43,11088.05196
32.034268,34,11088.637546
-38.7,24,11089.055101
32.458647,27,11089.600885
-38.24,23,11091.914577
-32.5,27,11092.381161
-39.0,23,11092.80673
-41.02,46,11093.576776
-41.09,25,11093.99287
-39.0,22,11094.376334
-38.24,21,11094.738902
-44.19,24,11095.334182
-35.26,33,11095.914323
32.649007,31,11096.386054
-38.28,36,11096.884068
38.004352,24,11097.192161
32.142857,34,11097.63754
-34.37,31,11098.082909
-41.37,21,11098.397128
-36.0,37,11098.983845
-47.68,15,11099.238373
-32.81,36,11099.898325
-38.94,27,11102.287122
-41.36,30,11102.822391
-32.8,29,11103.323891
-37.33,27,11103.809707
-41.68,29,11104.310002
-41.89,30,11104.823295
-42.0,23,11105.23624
-35.91,28,11105.968762
-44.31,20,11106.284706
-38.07,33,11106.816963
-41.58,24,11107.215123
38.440625,33,11107.721094
33.0,34,11108.114617
30.0,31,11108.491713
-41.43,23,11108.818015
-35.09,37,11109.349053
-34.54,31,11109.769307
-40.16,29,11110.242579
32.073718,32,11112.75636
-39.0,29,11113.261077
36.0,27,11113.770154
36.0,25,11114.296347
32.631387,33,11114.884223
-41.99,19,11115.214103
-41.65,19,11115.561041
-44.28,28,11116.074282
-33.0,34,11116.710573
32.527027,26,11117.144134
-38.13,20,11117.675662
-35.02,30,11118.07097
-35.53,26,11118.512136
-32.77,33,11119.056533
-41.5,20,11119.330915
-41.3,31,11119.734603
-37.52,31,11120.167783
-41.82,26,11120.580973
32.506329,25,11120.984747
-44.35,24,11123.407797
-41.74,25,11123.852427
-39.0,32,11124.445068
-36.0,31,11124.949667
-35.22,35,11125.316927
-32.7,28,11125.638443
35.625,26,11126.047986
-41.04,27,11126.525876
-42.0,30,11127.062877
-41.08,18,11127.395316
-38.44,21,11127.771377
-34.36,34,11128.377187
44.132597,22,11128.805753
32.337449,39,11130.24777
35.77972,29,11130.737022
35.819923,28,11131.147663
-35.78,26,11131.509242
-36.0,24,11131.808693
-38.12,31,11134.106688
-38.85,27,11134.881942
-41.27,28,11135.385933
-35.44,36,11136.038554
-32.34,29,11136.572045
-32.9,27,11137.065327
-41.5,24,11137.484828
-41.94,26,11137.949839
-35.2,26,11138.431421
32.234818,28,11138.922678
-44.31,24,11139.347956
-35.16,30,11139.890338
-38.27,29,11140.364489
-41.73,33,11140.959879
-44.22,28,11141.371222
-41.82,26,11141.943722
32.041509,31,11142.424054
-32.67,32,11143.041023
-34.73,26,11145.12765
-35.86,27,11145.648669
-41.44,35,11146.347727
-32.34,31,11147.175917
38.555957,26,11147.693563
-44.67,37,11148.431446
-41.6,30,11149.004687
-32.56,27,11149.509564
-41.37,20,11149.947576
-47.22,33,11150.557554
-41.03,24,11150.998924
-38.96,27,11151.498215
-41.39,34,11152.097801
-45.0,24,11152.535313
41.429787,22,11152.941427
35.019011,25,11153.469537
33.0,38,11154.17164
-38.11,28,11154.633657
-41.62,19,11157.069259
-38.39,34,11157.66875
-39.87,25,11158.162297
32.503401,31,11158.723515
-44.61,23,11159.146821
34.85698,29,11159.756592
38.093458,21,11160.202165
-33.0,29,11160.814081
-35.39,26,11161.32143
-38.51,27,11161.955883
-41.4,29,11162.635995
35.170139,27,11163.505392
-38.83,24,11164.002381
-41.82,18,11164.373506
-41.46,23,11164.824634
-35.14,30,11165.366017
-38.37,21,11165.800892
-37.36,30,11166.282387
-37.66,33,11166.858914
-35.13,31,11169.466751
-40.69,27,11169.876043
-32.38,30,11170.387066
-38.14,26,11170.911681
38.044534,24,11171.47433
-38.28,27,11172.034163
40.082865,28,11172.586418
-41.81,24,11173.117751
-42.0,25,11173.610123
38.296992,18,11174.061315
-36.0,32,11174.866194
-32.36,38,11175.830964
41.313953,26,11176.518696
-45.0,17,11177.025743
32.616858,57,11178.189291
-32.84,36,11179.023559
-41.26,26,11179.555633
-35.32,25,11180.042293
-43.49,19,11180.395545
-35.85,38,11183.088529
-36.0,53,11184.164708
-38.58,27,11184.723604
35.424,37,11185.873726
-41.4,25,11186.290172
-43.94,26,11187.534411
-36.0,27,11188.059098
32.706161,38,11188.782173
-35.05,33,11189.437273
-32.57,33,11190.07569
-37.71,31,11191.318872
-43.77,18,11191.641929
39.0,18,11191.853684
32.339869,33,11192.205889
36.0,27,11192.693535
-42.0,27,11193.133936
34.63286,30,11195.660845
-34.46,36,11196.71518
-37.96,78,11198.764596
-38.65,26,11199.418841
40.726005,26,11200.010964
-34.91,30,11200.688987
-39.0,28,11201.371392
32.078704,29,11202.359659
-35.81,24,11202.896708
35.8,27,11203.460016
-39.0,22,11203.869581
-32.09,33,11204.583956
32.773504,31,11205.261661
-38.75,23,11205.792689
-35.14,36,11206.587723
-32.94,28,11207.553153
-35.99,28,11208.048938
-35.09,29,11210.662274
33.0,26,11211.498984
-39.0,24,11211.859058
-39.0,25,11212.255137
-32.58,35,11212.778262
-35.91,27,11213.23569
-39.0,24,11213.696181
-44.8,25,11214.216358
-47.14,32,11214.903337
-32.03,27,11215.23917
-32.98,48,11215.840588
35.203883,24,11216.274867
-35.91,33,11217.717117
34.255143,25,11218.092466
-36.0,32,11218.571202
-35.16,30,11219.023522
38.186406,27,11219.591014
-37.38,38,11221.945817
-40.91,36,11222.487017
-39.0,27,11222.967101
-39.0,25,11223.430995
-38.82,28,11223.966739
-38.14,29,11224.447997
-41.17,23,11224.816376
-41.79,24,11225.228448
35.683398,23,11225.532734
-43.77,35,11226.112988
-35.35,27,11226.55302
42.0,28,11227.239429
-36.0,34,11227.724157
-41.39,29,11228.233328
-42.0,24,11228.683808
-40.57,27,11229.18936
-32.85,32,11229.683809
-44.52,23,11230.053245
-40.35,23,11232.375077
-38.55,28,11232.907734
-31.58,29,11233.445072
-35.05,57,11234.502037
35.386059,26,11235.004983
31.624611,34,11235.604569
-39.0,30,11236.15265
-41.37,28,11236.624222
-32.01,25,11237.018101
-41.71,23,11237.352257
37.479893,28,11237.754457
-45.0,18,11238.010292
-44.18,31,11238.436641
-44.3,27,11238.838312
-47.12,27,11239.451323
32.768519,28,11239.989944
-38.35,23,11240.390631
37.630137,25,11240.764529
-44.51,21,11241.075886
-36.0,36,11243.64508
40.338877,23,11244.027565
37.602564,26,11244.469516
35.768966,27,11244.940882
42.273775,41,11245.691252
-32.51,27,11246.189503
-38.54,31,11246.732728
33.0,29,11247.266074
-44.89,34,11247.862666
-32.74,28,11248.280926
-38.13,42,11248.890327
-41.91,29,11249.324049
34.72229,32,11249.779939
-43.77,19,11250.068779
-35.49,38,11250.664073
-46.62,17,11250.928988
-41.32,23,11251.275948
-41.91,26,11253.599933
-35.03,26,11254.055347
-31.75,43,11254.61697
-43.29,22,11255.026503
-35.97,28,11255.49364
-38.91,21,11255.860167
41.068182,24,11256.290021
-35.39,37,11256.941224
-35.28,31,11257.460321
34.453913,30,11257.973317
-32.71,24,11258.38764
-41.66,20,11258.747153
-41.52,22,11259.156103
-39.0,20,11259.487293
-37.95,28,11259.916616
33.421393,28,11260.319595
-38.02,25,11260.698167
35.614232,26,11261.069795
-41.43,27,11261.431212
-32.21,35,11263.838815
-37.74,31,11264.370792
-38.57,27,11264.862328
35.025926,24,11265.378575
-35.86,29,11266.02144
-35.1,26,11266.621777
-43.52,29,11267.113043
-35.85,32,11267.668852
-33.0,33,11268.32722
-45.56,19,11268.667479
32.855769,33,11269.246009
-35.79,49,11270.108122
-38.54,27,11270.551199
33.0,22,11270.931532
-34.27,28,11271.346654
36.0,25,11271.714992
33.0,26,11272.096416
-35.21,32,11274.373187
-35.21,25,11274.829838
-32.23,29,11275.270553
-41.13,23,11275.576284
-35.73,30,11276.099793
-32.5,30,11276.633115
-35.88,32,11277.232699
-41.42,27,11277.727684
-38.52,25,11278.15007
-33.0,23,11278.816987
-41.39,34,11279.42248
-38.56,22,11279.828806
33.0,25,11280.317685
-38.79,25,11280.800132
-36.0,27,11281.287834
-44.5,24,11281.718731
-35.15,28,11282.136132
-41.73,21,11282.484595
-36.0,29,11282.906966
-41.43,27,11283.275759
-41.33,19,11285.329815
38.275253,24,11285.668932
-34.88,33,11286.248922
-35.63,32,11286.826835
-42.0,42,11287.582588
-35.38,25,11287.993327
34.537037,28,11288.498724
-41.62,35,11289.10097
-41.85,31,11289.650911
-32.77,25,11290.097622
39.0,27,11290.587446
35.268293,28,11291.064952
-38.05,23,11291.686213
-47.18,23,11292.132977
-31.89,32,11292.85612
-39.0,22,11293.170191
32.266932,37,11293.689069
38.119205,25,11294.093823
-35.34,27,11296.262038
-33.0,33,11296.795916
-34.34,22,11297.163015
-34.87,26,11297.622081
-44.79,19,11297.972026
-38.4,28,11298.451123
-32.64,27,11298.900063
-41.34,23,11299.319184
31.691729,36,11299.923924
-35.38,30,11300.445286
34.293533,26,11300.806762
-35.68,43,11301.814612
-41.16,15,11302.051626
41.709184,18,11302.370427
-41.6,22,11302.774259
-39.0,19,11303.14201
33.0,29,11303.663504
-44.06,28,11304.152169
-32.57,40,11304.679582
-33.0,39,11307.142311
-44.48,23,11307.478269
-35.64,26,11307.944242
-34.75,31,11308.475598
-35.36,25,11308.914459
-41.8,24,11309.894983
-35.5,33,11310.431455
-46.9,30,11310.979588
-38.36,24,11311.410795
30.0,23,11311.786559
-35.62,24,11312.244179
-37.45,34,11313.434822
-44.87,24,11313.85616
-36.0,26,11314.34462
-41.47,30,11314.839358
-32.38,44,11315.520185
37.120298,25,11315.898225
39.0,20,11316.179075
-38.42,31,11318.513551
-39.0,28,11318.879826
-41.58,21,11319.240813
-41.61,36,11319.889706
-35.18,41,11320.727443
32.084211,25,11321.153504
-34.5,35,11321.763622
-40.15,35,11322.316497
-38.69,22,11322.729634
-38.71,24,11323.147228
38.501931,18,11323.462286
-42.0,26,11323.894244
-38.15,28,11324.37268
39.0,32,11324.822156
32.829837,31,11325.329782
-32.14,30,11325.862516
-32.81,26,11326.331879
-41.35,18,11326.664795
-38.32,22,11328.632198
35.689362,27,11329.0342
-40.4,28,11329.613228
-32.55,26,11330.099108
-35.85,36,11330.980361
-38.24,26,11331.413285
-42.0,22,11331.784901
-35.45,30,11332.54108
-35.47,37,11333.160814
-43.75,33,11333.729585
-35.27,28,11334.253786
-43.51,18,11334.634768
36.0,22,11335.064288
-38.56,25,11335.521581
-38.86,23,11335.91934
-40.72,24,11336.312525
32.268482,32,11336.883252
-32.62,37,11337.498677
-38.52,43,11339.83135
-32.76,42,11340.56409
-41.27,23,11341.012171
-32.25,28,11341.494198
32.801047,30,11342.205708
-42.0,25,11342.655748
33.0,26,11343.133006
-41.38,28,11343.741795
-35.26,29,11344.339711
-38.86,23,11344.746561
-42.0,21,11345.138975
-38.53,29,11345.624468
-41.08,28,11346.281554
35.199288,28,11346.788441
-38.71,25,11347.212266
-41.24,23,11347.604058
-38.41,20,11347.954437
33.0,22,11348.299514
-41.93,30,11348.809656
-32.22,35,11351.464858
-44.94,21,11351.857261
-37.36,30,11352.387513
-38.38,81,11353.826199
-38.54,32,11354.396887
31.885455,36,11355.023202
38.251592,23,11355.370216
-44.14,23,11355.792696
-41.0,35,11356.444727
-35.2,29,11356.930445
36.0,25,11357.395624
-41.5,21,11357.835062
33.0,24,11358.343464
-35.78,44,11359.136041
-37.77,30,11359.660603
-35.56,30,11360.166368
32.335616,33,11362.300454
-38.15,26,11362.681204
-44.39,28,11363.07624
-38.82,26,11363.543329
-33.0,28,11364.036545
-41.15,18,11364.377223
-38.59,28,11364.843316
-35.73,32,11365.373557
-44.03,18,11365.688754
-36.0,38,11366.317223
-34.56,29,11366.787074
-35.2,37,11367.480257
-42.0,31,11368.035487
-36.0,32,11368.608571
-38.57,26,11369.032082
-40.78,25,11369.687685
-32.6,26,11370.142252
-42.0,19,11370.495197
-42.0,28,11370.994392
-46.92,17,11372.897621
-35.29,27,11373.308637
-34.96,81,11374.491528
-41.1,29,11374.992318
-44.06,25,11375.466764
-41.79,33,11376.031066
-34.7,33,11376.591439
34.883605,30,11377.126739
35.5738,26,11377.62795
35.194245,35,11378.251353
33.0,30,11379.252096
32.218069,54,11380.280964
-40.45,31,11380.829162
41.020942,20,11381.166705
-41.23,28,11381.672558
32.263975,37,11384.048042
-34.92,33,11384.512585
-32.13,33,11385.004591
-38.77,27,11385.626477
-32.45,31,11386.137496
-35.67,34,11386.723292
-41.09,32,11387.334653
-41.5,23,11387.74274
35.992453,24,11388.153003
-41.28,20,11388.471737
-34.51,25,11388.901986
-41.02,22,11389.31585
35.354305,25,11389.741671
-43.97,25,11390.175346
32.5,25,11390.612911
-38.73,20,11390.890596
-41.43,29,11391.41209
-45.0,21,11391.803582
-32.91,32,11392.358375
-35.71,21,11394.468464
-41.47,24,11394.817609
-35.51,22,11395.093664
-41.12,27,11395.485777
-32.05,29,11396.13075
-35.57,26,11396.79929
-35.77,27,11397.295795
-32.75,29,11397.820245
-44.43,21,11398.189141
32.236111,37,11398.854239
-41.4,21,11399.232197
-40.71,27,11399.742636
-44.43,19,11400.086928
-38.77,48,11400.915897
-38.37,25,11401.372801
-32.36,30,11401.888663
38.441296,22,11402.275622
-32.01,26,11402.746674
-32.44,27,11403.21513
-34.85,36,11405.581769
35.9,23,11405.889678
-35.5,28,11406.286428
-40.7,22,11406.612507
-45.0,33,11407.834844
-35.81,37,11408.518046
-41.77,24,11409.008742
34.643659,31,11409.534271
-44.86,20,11409.892291
-41.62,34,11410.443251
-32.36,33,11411.009303
-32.88,33,11411.860947
-41.86,58,11412.847089
39.0,22,11413.210892
-41.86,25,11413.645258
-35.72,49,11414.519687
32.874286,25,11416.666943
-44.46,16,11416.902314
-32.55,27,11417.292932
-32.12,34,11417.767386
-39.0,35,11418.300018
-38.85,31,11418.835553
-38.72,29,11419.334639
32.527132,30,11419.888173
-35.55,32,11420.508224
-42.0,31,11421.202133
37.540541,28,11421.707802
34.694388,30,11422.197645
35.471698,25,11422.621414
-41.2,24,11423.04262
-44.31,25,11423.473556
-32.8,28,11423.991983
-32.2,35,11424.66304
32.658621,31,11425.236428
-38.56,26,11427.392937
-34.68,38,11427.926764
-38.24,20,11428.248832
-38.71,28,11428.634172
-36.0,27,11429.022164
-32.7,31,11429.544009
-41.66,21,11429.91831
31.657895,29,11430.419026
-45.0,32,11430.968705
-35.8,30,11431.500267
36.0,25,11431.935132
-38.2,31,11432.476023
32.894737,33,11433.113261
-35.23,26,11433.591078
-35.58,28,11434.056896
38.108949,23,11434.440582
-38.21,95,11438.11899
-41.51,22,11438.515842
-35.5,34,11439.007516
-38.16,21,11439.318451
41.395437,21,11439.636388
-32.91,37,11440.133471
-35.97,33,11440.847399
36.0,33,11441.696574
-44.11,27,11442.188802
-32.69,49,11443.028214
-41.57,17,11443.344287
-41.39,24,11443.766038
36.0,21,11444.110595
32.273092,30,11444.586775
-32.7,34,11445.142946
35.057511,33,11445.888984
-41.72,30,11446.4157
-41.91,25,11446.860088
-41.23,31,11449.568211
-35.29,24,11449.925418
41.986207,30,11450.330686
-41.55,32,11450.799037
32.298201,31,11451.327895
38.529781,53,11452.337723
-35.42,49,11453.240903
-32.36,33,11454.028747
32.316406,31,11454.620322
-35.66,26,11455.055267
-35.24,32,11455.640519
-41.31,29,11456.136186
-38.9,23,11456.388326
-35.42,19,11456.590436
-36.0,23,11456.933912
-35.62,27,11457.432299
-33.0,27,11459.763136
-32.84,25,11460.129744
-39.0,32,11460.691006
-35.45,26,11461.122627
-35.19,33,11461.624131
-32.36,35,11462.141088
-35.22,40,11462.70726
-42.0,22,11463.064206
-39.27,40,11463.77226
-41.4,28,11464.464479
38.624088,27,11464.917667
32.546584,39,11465.583672
-36.0,28,11466.054066
-41.67,26,11466.508744
-41.01,18,11466.822231
-38.85,45,11467.707202
-35.52,27,11468.158596
41.464945,21,11470.37468
-35.53,30,11470.820934
-38.91,24,11471.18208
33.0,25,11471.632918
-35.52,30,11472.358197
-32.01,28,11472.84077
-38.29,24,11473.204127
-30.0,28,11473.68272
-34.9,83,11474.98754
32.902439,28,11475.979316
-43.22,27,11476.552695
-33.0,35,11477.1967
-35.31,35,11477.931898
-38.63,27,11478.449158
-38.71,23,11478.863951
-45.0,22,11479.297029
36.0,23,11479.737146
-35.19,30,11482.066236
42.0,26,11482.476018
-38.22,25,11482.99017
-37.46,29,11483.535948
-38.47,32,11484.119847
-38.77,26,11484.540258
-33.0,37,11485.118858
-44.44,23,11485.431242
-35.83,25,11485.823551
-39.0,27,11486.225283
-35.54,28,11486.773316
-41.84,29,11487.376389
36.0,28,11487.894256
-35.42,23,11488.33427
-42.0,56,11489.332747
35.763838,24,11489.827575
-41.17,29,11490.315704
-41.02,37,11493.117313
-35.39,27,11493.513391
-38.45,30,11494.02019
-32.4,40,11494.73484
-39.0,30,11495.303528
-41.17,23,11495.772922
32.131783,27,11496.20304
-35.3,31,11496.666969
35.619926,24,11496.979226
35.246324,26,11497.444159
-38.54,33,11497.925416
-33.0,27,11499.10041
-38.04,33,11499.669215
-44.34,20,11500.060674
-35.15,27,11500.56428
-35.61,33,11501.126227
-35.14,26,11501.648672
-41.55,22,11502.119989
-38.06,32,11504.648467
-43.71,24,11505.046355
-35.9,29,11505.626936
-35.91,26,11506.106578
-38.63,26,11506.615103
35.057758,34,11507.219573
35.809524,29,11507.691611
-44.58,27,11508.212319
-36.0,21,11508.540245
32.193676,29,11509.140966
-35.42,31,11509.773397
41.411111,21,11510.148569
32.901887,31,11510.7579
-36.0,24,11511.286525
-38.66,22,11511.72574
-32.79,29,11512.279875
-38.5,44,11513.089978
-34.75,26,11513.721894
34.594862,36,11516.379711
-35.74,37,11516.875586
-35.93,31,11517.51145
-38.58,36,11518.262098
34.553334,28,11518.961885
38.878788,20,11519.502594
38.459384,51,11520.471414
32.778846,34,11521.015002
32.282759,32,11521.493304
-44.81,33,11522.004793
35.538218,29,11522.47795
-36.0,33,11523.066359
-42.0,27,11523.652412
-43.1,23,11524.122068
-41.04,23,11524.602923
-41.76,20,11524.967748
-46.84,22,11525.379408
-44.56,25,11525.871599
-44.56,32,11528.586834
-38.12,28,11529.060409
39.974478,27,11529.464304
38.755418,35,11530.070335
-32.19,35,11530.738186
-35.17,40,11531.425286
-42.89,21,11531.792432
34.084286,31,11532.327526
-39.85,29,11532.800004
-41.91,25,11533.177262
-41.15,30,11533.61555
-41.02,26,11534.030664
-39.27,35,11534.732356
-41.03,36,11535.397667
-32.35,32,11536.0235
-32.44,34,11536.647274
32.074074,23,11538.963353
-35.04,36,11539.557105
-38.0,36,11540.101436
-43.8,29,11540.591459
32.846743,32,11541.165186
-37.99,32,11541.733055
32.718045,32,11542.308095
-46.61,27,11542.819141
-33.0,39,11543.478026
-41.61,25,11543.86026
-44.36,26,11544.256988
-41.78,20,11544.60115
-35.83,33,11545.090931
-32.05,27,11545.862221
-41.95,28,11546.371998
-33.0,30,11546.918976
-36.0,33,11547.495729
35.49226,44,11550.010039
-32.06,42,11550.690686
-38.69,29,11551.156197
32.058442,58,11552.070718
-39.0,24,11552.516269
-47.63,36,11553.347554
-38.92,25,11553.837769
-35.05,27,11554.307888
-35.25,35,11555.091935
-35.61,24,11555.468537
32.251046,29,11555.902729
-38.66,22,11556.243417
-37.83,34,11556.755779
-44.31,23,11557.128978
-38.07,26,11557.636372
-32.26,31,11558.173933
32.568465,27,11558.640305
-37.88,43,11561.231068
-35.35,25,11561.632777
-35.74,34,11562.165174
-42.0,20,11562.498143
-37.27,34,11563.025172
-44.54,20,11563.400284
-41.46,27,11563.927132
-38.43,21,11564.293214
38.046512,25,11564.738857
-32.35,37,11565.420365
32.261818,35,11566.027627
-41.68,28,11566.483356
-41.23,23,11566.809675
-41.45,17,11567.081903
-41.47,26,11567.487701
35.362205,28,11567.882928
-41.31,24,11568.326296
-32.14,40,11569.037592
32.472119,29,11571.559933
-38.26,24,11571.888791
-32.23,32,11572.615529
-35.49,27,11573.046766
46.622092,21,11573.401436
-39.0,20,11573.777893
-41.1,36,11574.435034
-44.5,25,11574.890798
-32.93,28,11575.38012
-38.82,23,11575.776081
-42.0,16,11576.06899
35.273705,28,11576.558871
-35.19,65,11577.868773
-38.69,31,11578.338624
-35.44,42,11578.973089
-35.55,26,11579.381602
-41.33,111,11583.268978
-32.6,27,11583.666267
-41.4,28,11584.132778
-35.53,35,11584.745308
-35.64,32,11585.31838
-41.2,29,11585.86254
-43.25,20,11586.203147
-35.16,34,11586.824597
33.0,22,11587.460119
-41.58,21,11587.856046
-41.65,30,11588.76466
33.0,26,11589.17991
-38.81,26,11589.566926
-38.25,32,11590.010289
35.195213,40,11590.606668
-38.2,28,11591.060202
-38.7,33,11593.612684
35.152672,23,11593.961851
41.065171,32,11594.465686
35.527273,22,11594.771774
41.344948,23,11595.139447
32.279152,44,11595.94099
-38.86,25,11596.384494
-33.0,38,11597.095253
-35.58,28,11597.580478
32.353612,31,11598.175151
-41.19,96,11600.179774
38.168459,22,11600.580427
-35.51,43,11601.237635
33.0,26,11601.635956
41.067524,21,11601.961138
-37.37,25,11604.42011
-32.77,26,11604.859362
-39.0,21,11605.175457
-44.17,29,11605.645405
-38.91,29,11606.152652
37.668409,27,11606.586406
38.702206,24,11607.117329
-35.52,30,11607.759819
47.972414,28,11608.288314
-35.4,29,11608.7938
-38.19,25,11609.215579
-32.74,29,11609.796447
-38.91,22,11610.244283
-44.96,24,11610.75808
-38.85,30,11611.452646
-42.0,20,11611.947289
-35.38,28,11612.530335
-38.77,27,11612.896179
36.0,25,11613.435824
32.654362,24,11613.852812
-44.67,19,11616.297607
32.196364,42,11617.054614
32.403175,27,11617.51582
-35.88,33,11618.051518
32.17931,25,11618.420477
33.0,40,11619.183108
-38.71,23,11619.616283
-41.34,20,11620.352749
-35.59,34,11620.985418
35.108974,45,11622.024428
-41.08,27,11622.522548
38.409836,27,11623.041493
-35.63,29,11623.649422
-32.17,33,11624.303913
-32.09,34,11624.956349
38.5,23,11625.442358
-36.0,39,11626.378882
-35.11,29,11628.92321
-44.9,35,11629.605784
32.52349,27,11630.08336
-32.69,28,11630.521453
-35.75,26,11631.00907
-39.0,21,11631.3935
-35.31,24,11631.817969
-32.76,24,11632.279204
-34.28,28,11633.024346
36.0,29,11633.640346
37.549887,21,11633.991399
-44.72,22,11634.43936
-44.99,34,11635.069483
35.040373,30,11635.673524
-44.84,26,11636.111037
32.599251,26,11636.590824
32.169014,35,11637.234159
-35.52,40,11637.836925
-41.72,20,11639.881143
-41.21,22,11640.19755
35.038462,24,11640.573123
-41.45,123,11642.553255
-43.22,24,11642.985804
-43.77,25,11643.41597
32.631034,34,11643.990172
-39.0,24,11644.410399
32.102128,32,11644.963191
-41.61,39,11645.644498
-38.82,29,11646.161553
-35.74,31,11646.693067
-41.72,37,11647.320997
-38.1,26,11647.784961
-44.15,34,11650.089278
35.124498,27,11650.511276
-35.03,27,11650.924224
-38.84,25,11651.317447
-41.7,25,11651.669069
-32.12,33,11652.221119
-47.09,20,11653.375723
-44.4,39,11654.113853
-38.69,32,11654.71156
-41.22,22,11655.096554
-38.59,30,11655.591183
-37.82,26,11656.03799
-37.55,24,11656.410358
-41.61,31,11657.20581
-41.12,34,11657.862478
-32.23,45,11658.650702
-41.81,23,11659.071829
-41.39,22,11659.444877
-32.44,42,11661.826524
-38.5,22,11662.160484
-41.42,25,11662.530445
-41.28,32,11663.086512
-39.0,27,11663.552897
-38.81,26,11664.01577
-38.43,34,11664.721664
-39.0,20,11665.085488
-32.81,27,11665.564598
-44.29,28,11666.061472
-42.92,19,11666.335739
-38.14,37,11666.992973
-32.39,32,11667.549351
-47.22,26,11668.025822
-43.39,23,11668.426384
32.13879,28,11669.001287
-44.38,26,11669.452334
-39.0,23,11669.837558
32.058394,36,11670.438728
-41.03,25,11672.454183
-38.79,39,11673.069083
-41.35,28,11673.599647
-32.23,37,11674.267778
-38.82,28,11674.769671
-38.69,24,11675.158719
-36.0,24,11675.656014
-30.0,31,11676.231193
-42.0,20,11676.658704
34.823929,30,11677.29998
-41.21,25,11677.776024
-43.64,26,11678.450773
-39.0,19,11678.847323
-44.38,30,11679.37645
34.193764,31,11679.90891
-35.26,25,11680.362672
-32.36,45,11681.139787
-41.29,18,11681.570713
-32.68,27,11683.836593
32.02518,49,11684.627981
-37.74,25,11685.490456
-38.44,26,11685.941801
32.135021,26,11686.398582
-41.43,31,11686.985584
-44.76,28,11687.502039
-44.37,28,11688.025523
-44.08,23,11688.428199
-42.0,22,11688.787979
32.644898,31,11689.393807
-35.89,37,11690.069477
-41.47,22,11690.42997
-32.63,23,11690.857426
-41.86,27,11691.350188
34.894005,29,11691.881725
35.189711,33,11692.467409
-38.9,20,11692.872482
-38.2,21,11694.876943
-38.91,23,11695.185961
-38.58,24,11695.559173
-38.77,37,11696.176682
-38.35,28,11696.717407
-44.4,22,11697.143732
-40.51,43,11697.939023
-36.0,27,11698.444441
-35.15,26,11698.914802
44.017316,27,11699.37914
-47.34,26,11699.817775
-39.0,31,11700.354315
-32.33,43,11701.185254
-36.0,26,11701.707855
-38.6,32,11702.29378
-32.11,33,11702.957096
-41.23,19,11703.271061
35.357143,27,11703.792636
-40.67,41,11706.253371
-40.91,30,11706.643885
34.372751,56,11707.687723
32.067164,26,11708.358853
-44.48,30,11709.257905
-40.98,24,11709.675457
-42.0,22,11710.061807
35.334437,23,11710.479265
38.518519,24,11710.927599
31.84965,54,11711.904671
-38.49,27,11712.374877
-32.42,30,11712.864225
-32.74,29,11713.385463
-44.41,28,11713.926241
32.635417,25,11714.341963
35.801325,27,11714.811497
-41.13,21,11715.209165
-40.25,29,11717.360861
-35.64,37,11717.918321
-45.18,30,11718.451851
-44.76,28,11718.978523
38.510417,27,11719.478381
-32.88,26,11719.915077
-34.74,42,11720.721244
-40.87,32,11721.327892
-35.72,39,11722.045095
-41.46,26,11722.503589
41.062257,20,11722.876264
-38.44,34,11723.47367
-43.87,28,11724.06487
38.503448,33,11724.637936
-32.47,38,11725.34663
-42.0,30,11725.897193
32.360714,31,11728.202734
-43.6,19,11728.454441
-38.9,31,11728.934203
-44.77,28,11729.396077
-35.57,24,11729.825233
-33.34,34,11730.435274
-38.15,22,11730.833165
-41.69,24,11731.270515
-41.52,27,11731.787152
-38.55,33,11732.968845
-41.26,24,11733.540414
-41.66,28,11734.136697
-41.67,25,11734.676932
-44.1,24,11735.104396
-35.61,32,11735.625237
-32.07,30,11736.186407
-40.45,20,11736.527396
-43.62,25,11736.998561
-42.0,18,11737.32714
-35.02,29,11737.873532
32.356618,27,11740.147919
-39.0,32,11740.721222
34.768482,25,11741.177503
-38.02,26,11741.660131
-32.7,34,11742.288094
-38.91,33,11742.919762
-47.44,21,11743.325062
39.0,20,11743.701832
-43.82,23,11744.145528
-41.65,21,11744.528819
32.321192,33,11745.13131
-35.62,36,11745.893835
34.402478,36,11746.590746
-38.34,33,11747.322121
-41.76,28,11747.88503
-41.56,27,11748.497613
-41.22,17,11748.909668
-41.07,20,11749.310586
-36.0,34,11751.871147
-32.84,23,11752.232639
-47.68,21,11752.553441
-38.03,33,11753.100974
-38.41,35,11753.752912
38.453376,21,11754.306866
-40.67,27,11754.97856
-44.27,21,11755.427383
39.449557,27,11755.955761
-33.0,29,11756.487327
37.412832,27,11757.029789
-39.0,19,11757.404975
-38.61,24,11757.936182
-38.32,28,11758.488333
-38.53,26,11759.184756
36.0,24,11759.88492
-41.91,24,11760.802133
-44.84,32,11761.534455
-41.71,23,11762.478705
-41.13,22,11763.38492
-42.0,43,11769.053458
-36.0,30,11769.560395
-38.35,36,11770.153495
-35.23,28,11770.58839
-38.15,24,11771.092849
-32.66,30,11771.685544
-42.0,32,11772.346055
-44.39,21,11772.803793
-38.48,31,11773.509064
-37.75,27,11774.082032
-47.28,19,11774.48694
36.0,24,11774.963587
-34.6,30,11775.621107
-36.0,26,11776.424587
-38.81,27,11777.151724
-32.58,30,11777.993773
-38.24,29,11778.79062
33.0,31,11779.487267
-37.98,33,11782.68444
-41.16,20,11783.098799
36.0,24,11783.60036
-35.11,45,11784.707299
-41.61,21,11785.218714
-38.2,29,11785.956699
-32.1,32,11786.78145
-32.3,26,11787.364516
-32.1,26,11787.960466
34.541647,28,11788.57365
-38.18,28,11789.276953
-35.32,27,11789.94506
32.348659,30,11790.710846
-32.13,28,11791.409536
-34.55,31,11792.188885
-38.09,40,11793.175797
32.505747,31,11793.985326
-32.22,29,11797.67922
-40.72,23,11798.199037
38.597701,32,11798.874283
38.605691,22,11799.338632
-35.06,25,11799.812937
-38.72,28,11800.398402
-40.59,21,11800.82261
35.482315,28,11801.462173
-47.28,19,11802.137962
-41.88,28,11802.84588
33.0,30,11803.6615
-41.16,33,11804.535247
-34.15,36,11805.466572
-35.16,24,11806.201665
32.081784,29,11807.005859
-41.08,23,11807.538116
-41.57,23,11808.229531
-35.74,37,11809.230715
32.74,27,11809.855367
37.666662,26,11813.640702
-39.0,33,11814.287711
35.555118,26,11815.066562
-41.26,59,11816.56614
35.1777,28,11817.218232
32.840149,23,11817.689198
-34.68,30,11818.30703
-37.36,26,11818.81713
-41.94,23,11819.412348
33.0,27,11820.016269
34.786547,25,11820.617672
-44.3,27,11821.21795
-36.0,20,11821.668574
-38.46,28,11822.319471
-36.0,22,11822.829571
-33.0,31,11823.62904
-44.64,22,11824.177639
-41.18,26,11824.9181
-44.91,16,11825.3346
-41.73,28,11829.140046
-32.2,83,11831.877218
-41.69,26,11832.718079
-37.98,26,11833.484612
32.00823,28,11834.653119
35.210989,28,11835.47841
-44.11,24,11836.270909
38.670052,30,11837.188447
35.054187,24,11837.92584
-31.62,30,11838.985563
-38.32,23,11839.954028
-37.68,24,11840.796096
36.0,26,11841.607261
-41.14,33,11842.595175
-39.68,28,11843.378597
-40.68,21,11844.004331
-32.77,37,11845.199949
32.600694,52,11849.600303
-38.65,24,11850.251734
-32.42,29,11851.059144
32.020833,29,11851.91575
-35.38,32,11852.717946
-37.7,41,11853.700775
-32.36,47,11854.733374
-44.66,22,11855.226238
-42.0,22,11855.760017
-32.26,30,11856.614355
35.556966,26,11857.425468
-37.97,27,11858.143823
-35.41,34,11859.132706
-40.96,24,11859.826583
36.0,35,11860.802366
32.152416,29,11861.644569
-32.29,27,11865.648916
33.0,31,11866.665963
-32.88,32,11867.648479
-32.82,39,11868.747202
-43.64,18,11869.184092
-44.66,29,11870.042066
-41.78,21,11870.563422
-43.44,27,11871.178402
35.287879,22,11871.695971
38.028736,23,11872.189715
32.654167,37,11873.011137
32.248996,34,11873.870947
32.024691,31,11875.057768
-41.78,24,11875.687782
-32.66,28,11876.426764
-47.23,17,11876.94105
-44.38,21,11877.584817
36.0,35,11878.6608
-37.68,31,11882.465204
-36.0,24,11883.049467
-35.23,39,11884.16419
-37.68,32,11884.848376
35.090909,23,11885.498198
-38.67,24,11886.129128
-43.47,27,11887.038301
-33.0,37,11887.964394
-38.1,21,11888.456439
36.0,26,11889.090954
-33.0,36,11889.913473
-41.64,30,11890.604206
-39.0,35,11891.603273
-46.63,25,11892.298516
-42.0,18,11892.897295
-32.6,31,11893.726229
-32.66,30,11894.596698
-38.17,31,11895.515942
34.718726,37,11900.391936
-33.0,27,11901.125142
-42.0,24,11901.829477
-44.49,19,11902.365351
-36.0,31,11903.637029
-32.9,29,11904.651876
-33.0,33,11905.487291
31.55036,32,11906.200341
35.090634,32,11906.883648
-38.12,26,11908.389011
-44.33,30,11909.169355
-41.71,20,11909.715102
-42.0,31,11910.580309
-32.09,38,11911.709571
-36.0,26,11912.414619
-35.54,40,11913.892921
-41.63,25,11914.581373
33.0,22,11915.218388
35.742063,24,11918.695542
-42.0,22,11919.272434
-35.73,25,11919.961767
-44.19,16,11920.42756
-32.42,30,11921.206584
-38.6,21,11921.767927
39.0,25,11922.288089
-47.19,32,11923.074786
35.294595,27,11923.675736
-41.4,49,11924.854327
-38.64,32,11925.681724
-36.0,35,11926.618444
38.358423,32,11927.53908
-33.0,26,11928.826292
-39.0,26,11929.490892
-38.24,26,11930.608651
-35.4,26,11931.348943
-36.0,24,11932.020962
32.342424,24,11932.655989
-41.9,18,11935.750746
-44.21,20,11936.258087
-41.81,19,11936.841362
-46.9,22,11937.500275
-32.15,44,11938.742418
-41.62,22,11939.489663
-41.02,40,11940.757508
-33.0,29,11941.46373
-40.4,33,11942.139301
-35.49,23,11942.808595
-40.91,25,11943.481182
41.40597,30,11944.845605
-38.29,23,11945.481702
-44.13,18,11946.026929
-42.0,21,11946.625898
-41.71,31,11947.581407
-41.08,36,11948.571119
-39.0,47,11949.765435
-43.99,28,11953.194318
32.292,25,11953.8593
-39.0,27,11954.591507
-41.16,28,11955.327986
-35.08,27,11956.001029
-32.04,36,11956.83013
-47.19,15,11957.212407
-38.57,33,11957.922904
-38.33,37,11958.717556
35.742424,23,11959.1908
-37.57,29,11960.204994
-32.46,30,11961.380212
33.0,27,11962.080629
-37.49,34,11962.896274
-44.96,26,11963.571663
-35.61,35,11964.563046
38.619772,25,11965.238378
-35.89,25,11965.913019
-38.32,26,11969.247862
38.209059,26,11969.910503
-42.0,25,11970.599533
33.0,26,11971.280353
-40.74,25,11971.896086
-41.6,28,11972.495939
-35.65,65,11974.267749
-38.6,19,11974.736594
35.646512,30,11975.499572
-39.0,24,11976.127846
37.825648,27,11976.882236
38.462121,26,11977.507539
-38.84,55,11979.075085
32.223827,39,11980.120436
-32.39,28,11981.384198
-41.64,19,11981.920739
-35.25,28,11982.687306
-38.44,26,11986.103603
-38.92,30,11986.883547
-33.0,34,11987.736799
32.682731,28,11989.134196
-44.35,25,11989.775835
-35.38,29,11990.528838
-37.97,33,11991.245975
-43.31,20,11991.712472
-38.07,26,11992.411558
38.093458,21,11992.996493
-38.72,29,11993.659393
-32.34,32,11994.474481
32.294964,26,11995.132997
-37.77,30,11995.882681
-39.0,25,11996.553863
-32.52,32,11997.385177
-36.0,31,11998.274213
-32.26,33,11999.178068
-41.71,25,12002.841218
-37.68,30,12003.620639
35.045946,27,12004.366145
-32.05,34,12005.234828
35.558952,28,12006.389826
41.272586,21,12006.820027
-35.77,27,12007.800848
-43.41,20,12008.339191
-41.23,23,12008.898661
-36.0,22,12009.555434
-35.74,36,12010.695946
38.5,23,12011.31853
38.384615,29,12012.068472
-32.75,30,12012.934297
-43.58,42,12014.016321
-41.6,27,12014.789579
-32.72,29,12015.55246
32.720137,31,12016.321581
-36.0,32,12020.000116
-41.38,26,12021.022372
-36.0,29,12021.690913
-38.85,36,12022.537158
-43.54,28,12023.067348
-41.28,60,12024.543672
36.730558,29,12025.375823
-32.52,29,12026.440998
-38.27,30,12027.200332
-32.74,32,12027.973444
-35.81,31,12028.861721
-33.0,24,12029.513741
-30.0,31,12030.342072
-42.0,22,12030.955457
-40.95,24,12031.587912
-38.19,29,12032.326821
-40.78,29,12033.058141
32.040541,26,12036.70451
38.071161,24,12037.283433
-35.88,33,12038.051599
32.007634,35,12038.799129
-36.0,33,12039.509306
-38.71,22,12040.064704
-32.62,34,12041.085421
33.0,41,12042.295711
-41.66,25,12043.091131
-46.45,21,12043.56761
-41.38,24,12044.275706
-42.0,29,12045.071932
44.885932,22,12045.59114
-38.61,25,12046.238689
-32.2,27,12046.943646
-44.8,24,12047.755402
36.0,26,12048.445572
-45.0,20,12048.98292
-38.88,27,12049.630788
-36.0,32,12053.673138
-41.24,19,12054.355228
-41.14,21,12054.918699
-38.09,36,12055.868651
-36.0,26,12056.422855
34.807692,25,12056.944163
-36.0,27,12057.609505
-39.0,28,12058.342216
-38.95,32,12059.189578
-41.45,31,12060.11428
-39.0,25,12060.924058
-42.0,26,12061.666498
-41.05,38,12062.816441
32.243346,27,12063.563065
-40.33,25,12064.308621
-38.02,44,12065.542814
-37.66,27,12066.21092
-41.21,33,12069.737547
-35.26,25,12070.443578
35.12987,25,12071.119906
33.0,27,12071.835908
-42.0,26,12072.512492
-35.27,29,12073.196941
32.700965,34,12074.252207
-34.8,35,12075.219395
-43.96,22,12075.740957
-32.4,25,12076.514917
-33.0,32,12077.406035
34.346214,54,12078.811355
32.534091,26,12079.562631
-35.79,29,12080.381768
-46.14,26,12081.335557
-32.54,29,12082.136653
-34.65,36,12083.008261
-32.91,37,12086.792951
35.075631,30,12087.549055
-38.29,23,12088.160597
38.545455,24,12088.757744
36.614329,51,12089.768485
-41.69,20,12090.480893
-32.06,32,12091.384145
-44.21,36,12092.606594
-48.0,13,12092.913762
-43.07,22,12093.405535
-44.92,24,12094.03317
-44.12,25,12094.556584
-32.07,33,12095.277131
32.542254,35,12096.050658
-38.78,30,12096.904027
-36.0,24,12097.540849
-35.43,27,12098.177333
-32.92,24,12098.59442
-40.75,18,12098.969918
-41.75,17,12101.606618
-34.75,23,12102.150997
39.0,21,12102.654748
-41.78,25,12103.220335
-39.0,32,12104.110964
32.575931,21,12104.48277
34.950172,34,12105.023772
31.688525,26,12105.555167
-40.85,22,12105.911968
-35.21,37,12106.636164
-36.0,30,12107.204849
-38.12,38,12108.032033
35.76087,28,12108.837756
-32.15,28,12109.397377
37.68051,31,12110.049883
32.188612,26,12110.641353
32.061818,52,12111.771393
-35.95,21,12112.197475
-41.01,22,12114.837285
-32.44,34,12115.424818
-35.56,41,12116.164548
-41.45,26,12116.590814
-38.66,25,12117.032753
32.317518,26,12117.458325
-40.15,25,12117.838969
-38.35,25,12118.249929
38.547231,27,12118.64038
35.629139,29,12119.078579
32.055556,45,12119.880725
35.178877,30,12120.417341
-41.5,24,12120.87373
32.066667,48,12121.730692
-32.61,30,12122.244686
-41.61,20,12122.57372
-33.0,29,12123.028983
37.517123,27,12125.397614
-37.78,23,12125.826588
-41.45,22,12126.195296
-32.6,33,12126.872144
-41.27,26,12127.373515
-35.47,32,12127.814219
-38.01,34,12128.380158
32.258333,26,12128.883922
36.0,25,12129.279325
-41.09,25,12129.655085
36.0,34,12130.157574
35.544402,25,12130.51472
-35.84,30,12130.966735
-41.44,31,12131.503363
39.0,24,12131.92667
-32.9,56,12132.852385
-37.81,25,12133.230072
31.554795,31,12133.687474
-35.42,30,12136.119878
-39.0,27,12136.652434
-35.28,31,12137.267001
35.064151,29,12137.866889
-41.01,24,12138.419549
32.50813,25,12138.979819
30.0,28,12139.556919
-41.05,25,12139.968733
-32.11,28,12140.431839
-35.76,30,12140.829734
-35.09,30,12141.295637
32.65019,35,12141.76666
32.537102,31,12142.182446
-38.91,23,12142.667928
-36.0,39,12143.335187
37.825208,37,12143.957159
-38.1,28,12144.362457
-44.78,23,12146.534697
-35.89,31,12147.100024
-35.14,29,12147.789459
38.165109,27,12148.255761
-44.3,19,12148.716092
35.057762,28,12149.23432
40.607463,18,12149.545757
32.566265,28,12150.012746
-38.45,27,12150.456733
-35.43,30,12151.003534
-38.79,29,12151.511475
38.3125,25,12151.90731
-39.0,28,12152.324242
-38.08,23,12152.647614
-32.33,29,12153.270298
-38.45,32,12153.752124
35.450794,24,12154.178143
-35.08,29,12154.68972
38.308241,26,12155.142344
35.722222,22,12157.403556
-36.0,22,12157.757473
-38.91,26,12158.185403
-36.0,24,12158.674578
-44.18,19,12159.050322
-35.47,23,12159.469535
36.0,57,12160.432688
-38.65,30,12160.93306
-33.0,22,12161.267562
33.0,33,12161.836008
-38.63,27,12162.270297
35.019868,25,12162.733992
-38.57,24,12163.0679
-41.43,29,12163.492679
-32.62,33,12163.96293
-38.89,27,12164.366121
-38.84,25,12164.71459
37.430499,27,12165.161532
-38.07,20,12165.484172
-32.81,34,12167.884343
-43.36,35,12168.489946
-41.23,22,12168.868677
32.148148,28,12169.503649
36.0,23,12169.884525
32.847584,26,12170.330232
-31.76,29,12170.836184
38.748175,20,12171.166176
35.768,27,12171.61785
32.81295,25,12172.021475
-35.2,27,12172.486572
-43.59,26,12172.958492
-40.74,20,12173.292606
41.033647,34,12173.941592
-36.0,35,12174.443341
-44.27,20,12174.738084
-41.02,27,12175.108857
-39.0,30,12175.562909
-37.49,35,12176.300843
35.778169,28,12178.526744
-36.0,27,12179.020543
-36.0,30,12179.597257
-38.68,23,12180.011647
-32.26,28,12180.499229
-38.79,28,12180.967845
-35.29,25,12181.389619
35.118271,28,12182.013728
-33.0,28,12182.515042
-41.78,31,12183.01661
34.972934,30,12183.531184
-41.05,27,12183.973297
-41.93,26,12184.425229
-36.0,31,12184.862328
-37.56,32,12185.306273
38.43038,45,12185.919385
32.722741,27,12186.312723
-37.44,32,12188.64509
-42.0,23,12189.039633
-44.25,23,12189.566386
32.551724,39,12190.758546
-35.4,29,12191.279105
32.315789,30,12191.814606
-35.37,28,12192.304345
-32.68,28,12192.827365
-33.0,35,12193.460266
-38.78,27,12193.955077
33.0,38,12194.608872
36.0,25,12195.041832
35.136531,28,12195.461901
-34.82,32,12195.924436
-32.26,24,12196.283235
-35.88,27,12196.667377
35.649635,43,12197.448854
-38.3,27,12199.657307
32.311475,29,12200.152759
-35.44,35,12200.713509
-36.0,19,12201.057691
32.131944,34,12201.623359
-36.0,37,12202.281076
38.034872,24,12202.733127
-33.0,25,12203.182316
35.261589,24,12203.576365
-36.0,23,12203.979867
32.611111,27,12204.444711
32.543624,30,12204.970093
-39.0,25,12205.399743
-38.5,28,12205.854061
-41.18,22,12206.224036
-36.0,25,12206.579739
40.707273,48,12207.27299
-44.28,32,12207.758791
-37.98,27,12209.881801
-38.19,20,12210.367676
-38.27,33,12210.983097
31.928571,25,12211.430517
-38.42,24,12211.892427
-36.0,37,12212.573474
-35.19,22,12212.936599
32.711382,31,12213.480682
-36.0,24,12213.881348
-36.0,30,12214.393643
-32.85,24,12214.807572
-35.16,29,12215.31
-38.66,33,12215.983289
-41.1,32,12216.495228
38.5,26,12216.947971
32.204545,39,12217.786085
-32.46,33,12218.23557
38.171432,32,12218.669803
-36.0,24,12220.714006
-35.31,29,12221.193055
33.0,23,12221.613076
-35.8,35,12222.13759
-35.5,24,12222.471398
-33.0,29,12223.08098
34.791667,27,12223.544684
35.575188,22,12223.946123
-38.18,28,12224.437014
-34.57,39,12225.1064
-35.8,32,12225.668214
-37.97,28,12226.241022
31.790196,34,12226.815874
35.067738,24,12227.235661
-36.0,19,12227.548796
-35.31,20,12227.890043
35.52649,28,12228.373017
-36.0,30,12228.835701
-35.21,30,12229.268955
-41.25,21,12231.355252
-41.04,14,12231.641228
-44.88,19,12231.913848
-43.94,20,12232.214883
-41.67,56,12233.293309
-32.03,29,12233.825238
-36.0,27,12234.267342
-41.74,27,12234.714486
-41.02,31,12235.233138
-34.81,26,12235.661894
-37.64,29,12236.152471
35.419355,23,12236.531034
-38.1,24,12236.958028
-42.0,18,12237.295748
33.0,24,12237.670925
36.0,38,12238.339967
35.258182,25,12238.860716
32.1,38,12239.474411
-38.84,27,12241.603666
-38.22,36,12242.148271
32.866044,27,12242.591524
-36.0,35,12243.221585
35.397059,22,12243.614064
32.394649,32,12244.135371
-38.65,31,12244.638722
33.0,30,12245.12857
-35.56,23,12245.512046
-44.76,18,12245.803373
-35.99,20,12246.175977
35.11194,26,12246.613219
-41.1,18,12246.905811
-44.56,27,12247.33853
35.317241,40,12248.003366
-37.53,30,12248.529342
-35.19,26,12248.962569
-36.0,25,12249.431746
-32.81,27,12249.892776
-33.0,43,12252.86992
-38.45,31,12253.585296
-38.7,34,12254.139891
39.0,21,12254.542446
35.003802,31,12255.124097
-32.43,30,12255.634172
-38.81,32,12256.181479
-41.49,36,12256.75115
-32.47,42,12257.48506
33.0,52,12258.405104
35.088803,51,12259.358173
-35.02,24,12259.835253
-38.77,31,12260.389031
33.0,29,12260.885449
-39.0,25,12261.315001
38.226115,36,12263.835613
-41.76,33,12264.454094
-44.03,21,12264.807194
-39.0,42,12267.858169
-39.0,25,12269.782807
-41.88,25,12270.363119
-35.26,33,12271.039336
44.251163,19,12271.469484
-37.83,52,12272.469068
-39.0,24,12272.905228
-41.14,41,12273.693978
34.906504,91,12275.31012
-33.0,36,12275.976343
-31.68,35,12276.753237
-44.22,35,12279.049023
-37.59,29,12279.712424
-44.77,21,12280.079689
-32.3,36,12280.772465
-32.53,32,12281.363925
-39.0,23,12281.78198
36.0,39,12282.466499
35.27907,25,12282.958323
-38.23,25,12283.398829
-42.0,25,12283.854982
-38.7,26,12284.318587
-32.02,27,12284.814984
-37.83,36,12285.516806
-42.78,25,12286.041843
-35.71,31,12286.726816
-33.0,30,12287.293412
-37.62,28,12287.801823
-39.0,24,12288.213816
31.619342,27,12290.342388
-36.0,27,12290.766888
-41.22,25,12291.22177
-38.01,44,12292.048426
-39.43,36,12292.72821
35.501618,26,12293.191662
-35.74,26,12293.690207
-41.63,29,12294.235319
-35.46,56,12295.262732
-43.24,26,12295.703825
-44.35,22,12296.20604
33.0,46,12297.036338
-36.0,24,12297.569077
35.217082,34,12298.344752
-35.41,27,12298.923309
-40.89,27,12299.460403
-38.9,23,12301.483469
38.424242,23,12301.867436
30.0,30,12302.34078
32.247899,28,12302.79286
-38.56,25,12303.206294
-32.49,47,12304.053581
-39.0,28,12304.575588
-32.31,34,12305.186598
-38.71,26,12305.646118
-38.12,40,12306.355983
35.76431,34,12306.982339
-38.81,25,12307.471269
32.631179,34,12308.243889
-41.16,24,12308.699477
-42.0,30,12309.22248
-38.34,30,12309.768995
35.781145,40,12310.503759
32.876364,33,12312.930888
35.02649,23,12313.294465
-33.0,24,12313.671223
-41.38,24,12314.035403
-32.95,34,12314.552612
-32.66,29,12315.054311
35.187919,34,12315.647144
-35.43,33,12316.23526
-36.0,24,12316.664536
-32.78,34,12317.221035
-41.71,21,12317.663947
-35.78,31,12318.246933
-38.36,30,12318.797099
-41.61,26,12319.273186
32.170455,26,12319.752459
34.306678,29,12320.303362
32.022857,37,12321.084222
37.602983,35,12323.616124
-38.9,25,12324.105733
-41.89,29,12324.508849
35.456693,28,12324.910839
-38.34,25,12325.256646
-32.03,25,12325.64822
-38.48,22,12325.94093
38.182119,28,12326.402114
45.0,12,12326.627077
-34.65,30,12327.147365
-38.56,25,12327.587661
-35.79,36,12328.135817
-39.0,23,12328.515817
32.688427,26,12329.031034
-41.4,27,12329.462718
-43.75,21,12329.936039
35.65019,29,12330.418811
-38.91,24,12330.856072
34.426561,29,12331.298691
-35.33,27,12331.750416
-33.0,29,12334.421892
-40.42,25,12334.903172
-38.16,30,12335.398479
-32.79,25,12335.754764
-41.59,16,12336.007354
35.705645,57,12336.99741
-37.63,32,12337.533811
-39.0,18,12337.848715
-38.46,25,12338.296125
34.689486,32,12338.882098
-38.79,30,12339.41297
-41.23,25,12340.059773
-33.0,26,12340.635927
-41.27,19,12341.014834
-44.87,16,12341.294248
-38.55,21,12341.664269
-42.0,28,12342.301038
-32.99,35,12342.976357
36.0,25,12343.414555
-35.14,34,12345.960181
-33.0,25,12346.419934
-44.64,28,12346.870546
-41.61,23,12347.213638
-43.82,33,12347.740472
-37.78,23,12348.055052
-41.51,26,12348.442091
35.760417,35,12348.966664
35.401639,22,12349.386675
-32.64,31,12349.959126
-41.37,21,12350.316526
38.11032,40,12351.043898
-32.55,26,12351.539787
-35.48,35,12352.286912
32.780392,26,12352.745038
-38.53,23,12353.173436
-40.32,20,12353.579813
-35.76,20,12353.93784
-30.0,37,12356.380554
35.547529,29,12356.812778
37.67964,25,12357.254887
-42.0,50,12358.072887
-44.28,50,12358.833896
-39.0,15,12359.066085
35.785714,29,12359.527649
-39.0,19,12359.829808
-35.77,29,12360.407326
35.201646,25,12360.851473
-36.95,31,12361.470092
-41.28,28,12361.984555
-35.73,26,12362.46742
-43.22,37,12363.183904
-38.51,29,12363.793707
-32.39,41,12364.542421
-38.46,31,12365.084357
-38.28,22,12367.373403
-41.71,30,12367.931432
36.0,35,12368.576132
-45.0,21,12368.904153
-47.08,23,12369.325231
-35.04,32,12369.819632
-41.65,27,12370.234136
-35.91,35,12370.728894
-32.88,33,12371.220831
-36.0,26,12371.657457
-35.35,30,12372.227424
-33.0,37,12372.935212
-32.58,25,12373.390829
-32.85,61,12374.64243
-41.89,25,12375.103496
-32.32,33,12375.72662
-38.45,31,12376.256597
-38.52,31,12378.533919
-32.9,27,12378.980195
33.0,31,12379.50305
-41.91,20,12379.866591
-32.91,28,12380.360485
-38.3,30,12380.841424
38.065438,21,12381.15032
-37.9,31,12381.63978
-38.18,20,12381.931199
-44.46,22,12382.283871
-35.08,34,12382.840086
-44.69,27,12383.320356
32.076364,37,12383.993865
35.663866,31,12384.594984
-38.52,32,12385.264033
-39.0,29,12385.82502
-39.0,35,12386.44943
32.122222,52,12389.260664
-44.48,15,12389.496405
-35.0,56,12390.468392
38.443946,29,12390.98619
-41.88,26,12391.437468
-44.43,33,12392.025297
-41.47,23,12392.436959
35.900383,26,12392.847348
-35.37,28,12393.281515
-32.33,37,12393.836411
32.524862,41,12394.482119
-34.8,33,12395.057086
-43.88,18,12395.399817
-42.0,32,12396.051211
32.203922,32,12396.726451
-33.0,31,12397.254953
-32.12,27,12397.705041
-35.75,26,12399.939782
38.875,27,12400.379679
40.542708,26,12400.83933
-41.47,37,12401.643033
35.446945,25,12402.073467
-38.4,31,12402.611524
40.77027,18,12402.905929
-44.35,27,12403.400761
31.732198,30,12403.858651
-38.15,22,12404.174378
32.051064,28,12404.5911
-33.0,33,12405.157166
-38.89,29,12405.682775
-39.0,26,12406.191517
-35.81,29,12406.8955
-34.69,30,12407.477853
35.870504,29,12408.072594
-44.59,34,12408.663396
-38.25,24,12410.943565
-46.48,22,12411.371228
-38.68,22,12411.765655
-42.0,32,12412.377661
-37.66,49,12413.248483
-40.92,26,12413.72139
-38.07,40,12414.474919
-35.94,33,12415.018684
32.095588,37,12415.576714
-35.39,27,12415.992662
-38.55,28,12416.427192
32.207143,45,12417.174499
-35.68,34,12417.798511
-38.39,28,12418.401642
-41.06,20,12419.812657
38.87907,26,12420.354292
-32.66,24,12420.729886
-41.82,34,12423.311837
-35.3,32,12423.90773
41.761364,18,12424.252383
-41.12,25,12424.752919
-38.07,28,12425.247816
32.180812,35,12425.831723
37.368203,21,12426.244401
34.612336,38,12426.899561
-41.59,20,12427.190865
32.671233,27,12427.583679
-32.5,30,12428.041933
-36.0,28,12428.50232
-41.07,27,12429.004777
32.090278,31,12429.711003
-35.63,32,12430.323012
32.675,29,12430.791379
-43.54,20,12431.141845
-41.36,25,12431.518628
33.744409,26,12433.899804
-41.48,27,12434.392249
-41.88,22,12434.771569
-32.98,36,12435.397629
-38.94,26,12435.862631
-32.8,27,12436.363514
-37.89,26,12436.913895
32.405512,27,12437.425818
-35.75,25,12437.86752
-42.0,26,12438.339862
-32.24,30,12438.828124
-32.46,31,12439.372263
-41.0,24,12439.729776
-39.0,29,12440.153704
-40.78,31,12440.700025
-39.0,21,12441.095218
35.359249,28,12441.582044
39.0,17,12441.885062
-41.51,24,12442.390467
-37.65,25,12444.788246
-39.0,24,12445.267668
-41.22,24,12445.805369
-36.0,25,12446.26744
-32.8,29,12446.867731
-39.0,36,12447.585
-42.0,22,12447.975569
44.29582,28,12448.485079
-38.42,28,12448.988699
35.089404,33,12449.722442
-41.33,28,12450.219286
38.019868,18,12450.556791
39.0,24,12450.959666
-35.02,36,12451.653014
-38.26,33,12452.219651
-38.05,28,12452.729281
-34.3,36,12453.41368
-38.62,28,12453.908557
-38.42,27,12454.342701
32.823308,33,12457.552244
35.792541,32,12458.17179
-45.93,17,12458.558006
-32.49,29,12459.049141
-41.57,22,12459.44249
-39.0,38,12460.088606
-38.72,25,12460.564746
-38.74,29,12461.041127
-38.5,28,12461.508832
-35.02,24,12461.846421
41.026163,20,12462.152447
-38.26,27,12462.597476
-41.91,22,12462.922568
-36.0,22,12463.223236
-41.62,23,12463.556643
-35.68,28,12464.001154
32.5,38,12464.583582
35.737838,27,12464.983507
-32.75,30,12465.43074
-41.0,20,12467.893785
-34.86,45,12468.698076
-37.58,21,12469.045046
-37.85,36,12469.693244
-41.61,25,12470.14909
35.451737,25,12470.602889
-42.0,21,12470.977843
36.0,22,12471.373389
-32.11,44,12472.206001
39.065028,24,12472.616542
-44.23,21,12472.946417
-41.36,27,12473.538163
35.181034,32,12474.045279
-40.72,26,12474.438742
-35.46,26,12474.796189
30.0,39,12475.369053
-32.37,33,12475.891438
-41.75,19,12476.192636
-44.02,20,12478.580811
-41.31,25,12479.017604
-36.0,30,12479.549367
-34.85,28,12480.044249
-35.27,27,12480.497444
-38.41,31,12481.018429
-42.0,19,12481.365608
-41.27,27,12481.862038
-38.35,24,12482.324412
-32.83,29,12482.845536
-35.61,23,12483.246638
-38.08,30,12483.780001
-44.46,21,12484.122854
-38.57,20,12484.416956
-41.88,30,12484.874697
-35.37,24,12485.236683
-34.75,28,12485.61177
35.641026,28,12485.975942
-32.41,53,12486.770273
-41.39,23,12488.999354
-44.78,21,12489.346045
-41.78,20,12489.830757
-38.21,29,12490.40073
-42.0,21,12490.741436
-38.72,39,12491.391257
-32.36,25,12491.806612
35.375465,29,12492.327145
32.515306,25,12492.759901
32.607914,33,12493.320728
-38.01,35,12493.926505
-38.71,36,12494.562477
-38.65,21,12494.922809
-41.13,28,12495.383472
32.396341,65,12496.443476
-32.2,50,12497.191827
-32.81,39,12499.685175
35.555556,38,12500.34948
-47.12,20,12500.693138
-39.0,41,12501.339358
-32.75,29,12501.834125
32.019544,30,12502.362203
-35.91,26,12502.839839
-36.0,29,12503.332403
-44.56,30,12503.837659
-32.91,29,12504.298691
-41.39,23,12504.71215
-44.3,20,12505.063743
-41.3,23,12505.511308
-41.48,31,12505.961704
-35.79,34,12506.422356
-36.0,28,12506.785933
-44.32,25,12507.108069
-41.87,39,12509.537224
-38.36,25,12509.976512
-41.37,20,12510.36476
-41.81,24,12510.761168
-44.1,24,12511.208065
38.153285,26,12511.691722
-39.0,25,12512.260357
-42.9,24,12512.681451
-38.56,27,12513.147002
36.0,32,12513.660253
-42.0,16,12513.944367
-41.5,25,12514.350949
-34.75,28,12514.820679
-32.15,29,12515.314995
-32.04,36,12515.925708
-41.12,29,12516.386801
-33.0,27,12516.773684
-44.62,20,12517.067446
-41.39,26,12517.443764
-35.47,28,12517.785991
-40.98,34,12520.261732
-41.27,20,12520.607298
32.066667,33,12521.179435
38.230435,22,12521.573077
-32.5,30,12522.055145
35.669118,28,12522.486686
-32.81,39,12523.141665
32.676471,34,12523.732358
-38.31,55,12524.640053
-35.33,23,12525.016047
-38.32,30,12525.563377
-41.07,25,12526.001156
-37.73,31,12526.522665
-35.52,36,12527.114965
-39.0,29,12527.566422
38.036364,20,12527.819632
34.4036,36,12528.271716
-43.66,25,12530.428335
37.814631,26,12530.871032
-37.89,41,12531.583411
-38.02,34,12532.181547
38.081784,29,12532.66731
-35.5,30,12533.157467
-37.01,28,12533.613065
-35.79,26,12534.072062
-38.1,26,12534.654903
35.878151,30,12535.193686
-38.25,25,12535.594244
-36.0,24,12536.036795
32.188976,30,12536.539042
-33.0,34,12537.178604
-38.67,29,12537.649715
-36.0,29,12538.134035
35.427451,20,12538.39177
35.704981,37,12540.600996
-35.91,23,12540.997147
-38.12,31,12541.698066
35.637795,118,12543.785001
-35.35,31,12544.336244
32.903101,24,12544.72946
35.781818,33,12545.25495
-32.54,31,12545.740018
-45.0,25,12546.181476
-36.25,35,12546.747018
-44.1,22,12547.134739
-36.0,34,12547.732577
-37.62,27,12548.199824
32.036735,27,12548.674831
-41.2,24,12548.999294
-38.07,27,12551.019912
-40.61,37,12551.634179
-42.0,18,12551.944186
38.664234,22,12552.310095
32.72963,31,12552.815161
-41.69,22,12553.188369
-39.0,31,12553.737664
-38.78,24,12554.172678
-36.0,33,12554.851084
-41.27,21,12555.458765
-38.87,27,12556.0432
-32.73,28,12556.63186
-44.28,23,12557.038108
-47.83,49,12558.151897
-41.26,23,12558.560422
-44.88,19,12558.896795
-41.15,23,12559.355951
-32.79,29,12560.011117
-41.44,38,12560.730454
-35.62,29,12563.099437
-41.7,25,12563.530207
-32.46,32,12564.128
-41.48,23,12564.572466
-41.02,28,12565.100173
38.484375,20,12565.454599
39.0,22,12565.91607
-42.0,27,12566.491016
-44.54,18,12566.808845
-43.58,23,12567.224898
35.241934,27,12567.700832
-35.52,28,12568.210657
-37.28,28,12568.728674
-44.17,26,12569.220091
-43.48,30,12569.780598
-34.43,33,12570.367026
40.52,22,12570.799247
-35.1,25,12571.44483
-32.71,27,12571.864752
-41.77,20,12572.160939
-41.22,30,12574.729047
-38.23,25,12575.210118
-38.22,33,12575.853949
32.020747,27,12576.353185
-35.62,32,12576.970831
-41.26,27,12577.489611
38.685714,30,12578.070643
-38.38,32,12578.632508
-40.91,26,12579.144375
-35.79,29,12579.721877
37.639862,21,12580.113757
-38.44,26,12580.616506
32.352518,28,12581.167997
-38.81,32,12581.842779
-41.16,22,12582.293983
-44.75,24,12582.752825
38.866071,17,12583.128885
-41.4,24,12583.762318
32.735192,27,12584.188452
-48.0,25,12586.476093
-32.17,41,12587.273526
32.72541,26,12587.8063
32.615132,29,12588.392653
-41.25,22,12588.813269
33.0,25,12589.764857
-32.48,28,12590.418036
-38.19,30,12591.090322
32.76947,31,12591.688832
-41.69,23,12592.317649
44.342205,21,12592.734957
-35.45,22,12593.110246
-43.15,26,12593.596548
-41.34,33,12594.23436
-41.58,22,12594.617124
-35.94,36,12595.24176
-33.0,32,12595.750792
-32.56,30,12596.233609
-35.76,31,12598.508073
37.576992,27,12598.980208
-38.88,25,12599.527772
-41.28,22,12600.461385
-33.0,30,12601.117494
-46.4,26,12601.57042
-40.91,37,12602.77366
34.510033,34,12603.646003
-32.51,39,12604.439943
-40.91,14,12604.742675
38.26556,20,12605.195666
-38.6,34,12605.852935
-37.15,23,12606.351149
-43.3,25,12606.987954
-30.0,25,12607.535182
-38.2,22,12607.954832
-35.39,30,12608.576233
-38.41,29,12609.017116
-38.65,28,12609.475974
-38.81,23,12611.849376
-44.02,32,12612.380688
-38.65,26,12612.918111
-32.7,26,12613.692875
-38.9,22,12614.180648
-35.23,28,12614.676963
-33.0,32,12615.30781
-44.33,21,12615.669053
-40.41,29,12616.248238
-35.18,38,12616.991729
-41.19,23,12617.402741
32.251064,37,12618.15446
-41.66,22,12618.547853
-38.4,31,12619.382737
-44.21,18,12619.724272
-41.11,20,12620.090692
-35.65,38,12620.78924
37.887342,25,12621.236717
-41.91,41,12623.843373
-38.89,31,12624.323941
-38.19,43,12624.895239
32.133803,30,12625.478644
-47.11,20,12625.86383
-35.24,28,12626.681723
-41.54,26,12627.229905
-46.35,29,12628.015353
-34.65,31,12628.607802
-38.42,24,12629.105205
-41.16,23,12629.58898
-34.86,29,12630.197573
-41.46,28,12630.747023
-38.9,25,12631.243208
-41.95,24,12631.86344
-32.52,33,12632.605711
-35.26,32,12633.19542
35.411765,33,12633.73565
-38.5,32,12636.781327
-42.0,24,12637.271991
-39.0,29,12637.815345
-32.93,30,12638.383154
-38.29,19,12638.768103
-39.0,43,12639.683506
-38.45,22,12640.111167
-44.85,31,12640.731306
-44.89,25,12641.247956
-44.71,31,12642.115547
-41.68,22,12642.558119
-41.23,20,12642.918078
-44.28,28,12643.475424
35.201521,27,12644.042204
-35.27,33,12644.679188
-41.81,29,12645.271483
-38.06,28,12645.730552
-33.0,30,12646.258242
-38.23,29,12649.021082
-41.49,20,12649.531738
34.748293,25,12650.078078
-35.64,28,12650.639656
-35.79,28,12651.182829
-35.95,32,12651.737713
-38.46,34,12652.413779
-41.14,26,12653.009246
-35.11,27,12653.537028
-40.92,35,12654.233093
-38.02,23,12654.720027
-38.94,24,12655.305773
38.241198,24,12655.806957
-44.22,21,12656.280764
32.483636,33,12656.937876
-44.8,21,12657.558174
38.615094,24,12658.100166
32.798701,25,12658.555169
-42.79,26,12658.98711
-38.39,76,12662.571928
-44.2,23,12663.02711
-39.0,32,12663.616373
35.537037,24,12663.995076
-35.21,26,12664.449142
38.483636,37,12665.132959
-39.0,22,12665.564947
-43.58,30,12666.213017
-37.73,35,12667.007902
-40.25,26,12667.521355
-32.96,30,12668.170553
-44.57,20,12668.583676
-41.48,22,12669.018952
-36.0,25,12669.797272
-41.14,28,12670.60582
-44.84,20,12671.171702
32.120482,31,12671.748226
-41.79,24,12672.191056
-44.83,29,12675.301833
-41.38,42,12676.317413
-41.4,25,12676.746658
-40.9,27,12677.287437
-42.0,25,12677.765221
-44.15,19,12678.426896
-44.7,22,12678.896058
-42.0,21,12679.417528
-41.63,29,12680.121828
-40.88,26,12680.71932
32.451852,34,12681.534548
32.554113,32,12682.220429
-45.0,24,12682.768158
-45.0,27,12683.338128
32.828326,38,12684.260849
-35.21,29,12684.829099
-32.41,24,12685.338236
35.528846,29,12685.867898
-36.0,27,12688.743734
35.80597,29,12689.321076
32.656566,30,12689.969858
-41.57,25,12690.424228
36.0,20,12690.829584
32.017361,27,12691.366485
-43.72,22,12691.783631
-38.39,20,12692.156462
-44.19,28,12692.732145
-38.6,25,12693.230323
38.251938,23,12693.734432
-41.7,19,12694.140057
-36.73,30,12694.769913
35.041045,25,12695.280449
33.0,36,12696.061477
-40.35,25,12696.647211
-33.0,34,12697.374561
34.842079,35,12698.024267
32.232227,33,12698.645362
-43.54,23,12701.45596
32.329181,31,12702.138584
-38.42,22,12702.897211
-40.62,24,12703.439686
-41.5,24,12703.917263
41.727941,24,12704.36611
-39.0,31,12704.920676
-41.5,23,12705.302919
-38.21,27,12705.863541
-38.76,28,12706.545533
-41.67,21,12707.000841
-40.21,29,12707.865612
-43.72,21,12708.38574
-38.18,26,12708.954971
-37.75,33,12709.691349
38.201521,23,12710.26176
-42.0,25,12710.877447
-38.28,25,12711.374692
32.223022,34,12712.006108
-45.0,35,12715.175781
-44.91,25,12715.755241
-40.81,33,12716.467089
-38.09,33,12717.22372
-39.0,121,12719.451292
-36.95,28,12720.004898
-40.47,30,12720.697555
-42.0,33,12721.453788
32.744548,35,12722.22356
-38.7,29,12722.875804
-32.92,37,12723.714035
-41.14,16,12724.039908
-35.65,31,12724.628412
-38.31,24,12725.128572
-35.91,22,12725.575726
35.707407,26,12728.403433
-47.48,27,12728.965525
-41.41,22,12729.437253
-32.39,32,12730.107065
-41.38,29,12730.732301
-41.11,17,12731.058612
35.182879,26,12731.547669
-41.89,20,12731.9282
38.062963,22,12732.634014
-36.0,23,12733.085686
-35.44,24,12733.592524
-41.14,23,12734.101658
-38.39,29,12734.7467
41.65528,25,12735.346703
-35.67,28,12735.976603
-38.43,27,12736.581064
-44.43,20,12736.935318
-41.24,23,12737.415415
-41.35,21,12737.821625
-40.45,33,12738.443686
-44.22,29,12741.590079
32.725,27,12742.178083
-35.8,29,12742.811261
-41.14,24,12743.357812
-38.08,31,12743.99909
-38.3,21,12744.518628
33.0,38,12745.30419
-33.0,31,12745.860435
-37.74,37,12746.579325
38.17192,27,12747.158675
-38.47,27,12747.780187
34.760531,29,12748.461661
32.620087,28,12749.084853
-32.63,32,12749.835443
-35.2,25,12750.282366
-38.07,29,12750.877433
35.034463,31,12751.443116
-41.58,26,12751.91357
-38.44,30,12754.931224
-42.0,23,12755.425243
-43.84,25,12756.008019
-38.19,38,12756.813488
32.496575,28,12757.401312
-36.0,23,12757.945111
38.951743,22,12758.43604
-41.74,43,12759.176147
-41.75,28,12759.711405
-41.48,29,12760.216091
-32.29,32,12760.892602
-38.92,30,12761.51249
39.458289,29,12762.397444
-32.61,34,12763.07416
32.317518,31,12763.688947
35.452675,26,12764.159838
35.144444,28,12764.716208
35.836502,27,12765.246398
-35.89,32,12768.361812
38.5,21,12768.801014
38.308333,22,12769.185334
-38.07,34,12770.042874
-38.61,26,12770.558419
-33.0,37,12771.307367
-35.8,29,12771.88744
-38.31,28,12772.393218
35.096158,28,12772.965317
-37.4,31,12773.496588
35.045634,32,12774.068906
-43.77,29,12774.697336
-41.61,25,12775.214016
-44.91,21,12775.681663
36.0,30,12776.358733
-37.92,32,12776.969965
32.325581,28,12777.444698
-46.9,31,12780.298129
-32.59,34,12781.084376
-32.15,25,12781.62302
35.266667,26,12782.145852
36.0,24,12782.690205
-38.84,23,12783.277038
-32.43,26,12783.837356
35.875,26,12784.433549
-41.07,25,12784.976944
-37.58,29,12785.580931
-38.8,32,12786.099614
36.0,25,12786.551009
-38.07,24,12786.983305
-35.29,26,12787.463634
-44.11,20,12787.861642
-33.0,28,12788.481305
-32.86,31,12789.057054
-41.59,25,12789.674452
-38.89,35,12790.422152
-35.78,48,12793.852326
-35.16,26,12794.499389
-35.61,30,12795.191422
32.182879,34,12795.966686
38.236364,25,12796.472324
34.877071,39,12797.259281
38.020295,24,12797.763063
32.143411,27,12798.320677
-38.42,21,12798.697597
-38.37,31,12799.613991
-39.0,23,12800.047429
-44.23,29,12800.617757
-33.0,28,12801.127807
35.18705,29,12801.718112
-35.62,26,12802.264017
-41.13,16,12802.536821
35.297726,46,12803.344252
-35.3,32,12803.94173
40.082131,20,12806.563204
-42.0,29,12807.145483
-44.33,31,12807.831676
32.253012,25,12808.379362
38.246753,27,12809.001379
-38.81,26,12809.552862
-47.18,22,12810.075046
-35.62,30,12810.706475
44.532258,18,12811.107032
-38.37,23,12811.67069
-41.92,37,12812.564058
-37.49,45,12813.337867
36.0,26,12813.808946
-35.81,45,12814.652648
38.050719,39,12815.372531
-41.48,25,12815.858611
-41.55,20,12816.272579
-41.46,23,12816.706876
-40.46,31,12819.7784
34.766324,56,12820.951586
-38.32,26,12821.645409
-33.0,26,12822.483907
38.045833,27,12823.035187
-38.48,26,12823.563688
36.0,23,12823.971276
-38.67,30,12824.629559
32.109434,31,12825.357599
-38.87,21,12825.794748
-32.76,49,12826.731173
-38.3,25,12827.178656
-32.15,41,12827.906763
-40.79,24,12828.307445
35.696154,25,12828.943351
-39.0,24,12829.362801
-41.29,23,12829.788708
-35.82,35,12832.771089
-40.94,25,12833.330081
-41.71,22,12833.873099
-32.45,59,12835.157823
-43.84,27,12835.727629
-38.81,32,12836.470652
-39.0,24,12837.04662
-41.55,24,12837.541261
-35.96,29,12838.182634
-37.39,28,12838.782923
32.471698,33,12839.448492
-38.55,27,12839.948511
-47.21,23,12840.357831
-38.88,22,12840.748478
-41.93,20,12841.081922
-44.7,22,12841.477633
-38.01,26,12841.910153
-44.03,23,12842.376351
-39.0,25,12845.096686
-35.89,31,12845.812051
-38.14,50,12846.903203
-36.75,36,12847.633385
38.723735,29,12848.243974
-37.29,21,12848.674104
-41.66,33,12849.323925
-42.0,23,12849.876646
-41.05,23,12850.369018
-38.67,52,12851.928371
-44.96,33,12852.662855
-34.82,31,12853.251488
34.936431,26,12853.720496
-47.55,24,12854.114445
-39.0,40,12854.746001
-33.0,23,12855.159207
-36.0,28,12855.683134
-38.39,29,12858.448066
-47.36,20,12859.108286
35.002222,24,12859.618795
34.610656,28,12860.201996
-41.52,40,12861.100897
-47.73,14,12861.403303
32.231111,30,12862.082345
33.0,23,12862.576574
-35.71,34,12863.33602
-35.18,39,12864.162055
35.438819,41,12865.115212
-38.19,30,12865.820928
32.902527,29,12866.412211
-39.0,27,12866.872362
-41.25,41,12867.566891
33.0,26,12867.943839
-36.0,32,12868.417787
-44.1,29,12871.25392
-32.08,31,12871.939443
-35.16,31,12872.603876
-35.02,27,12873.173004
-39.0,71,12874.6363
-42.0,53,12875.733903
-42.0,19,12876.174203
-37.49,25,12876.690659
-38.01,36,12877.493781
-32.28,34,12878.255059
-32.44,28,12879.113965
-32.43,37,12880.025531
-38.85,24,12880.467061
-41.32,25,12880.89868
-38.74,27,12881.347695
-34.78,30,12884.039257
-39.0,30,12884.693017
32.456604,30,12885.386019
-32.61,35,12886.159064
-35.17,26,12886.814912
-39.0,30,12887.51672
-44.09,27,12888.315751
-35.84,38,12889.532549
41.063492,22,12890.15106
-44.17,20,12890.653124
-44.33,27,12891.358244
-37.81,126,12893.805573
-44.58,16,12894.077076
-47.13,14,12894.302516
38.494297,24,12894.675095
-38.62,24,12895.076367
44.556863,23,12897.471845
-35.7,33,12898.204221
-38.62,42,12898.975234
39.0,22,12899.382574
-37.31,40,12900.159592
33.389317,42,12901.010597
-38.74,35,12901.749324
36.0,27,12902.347416
-41.74,21,12902.811676
-35.28,24,12903.359788
-38.94,29,12903.997486
-44.4,30,12904.596216
-35.34,32,12905.224681
-38.53,36,12905.970239
38.876404,21,12906.397367
-36.0,34,12906.921769
35.090909,25,12907.54578
-35.18,62,12910.385524
-35.31,30,12911.039433
-47.11,19,12911.454095
-41.16,23,12911.929538
36.0,26,12912.48527
-39.42,36,12913.197662
36.0,20,12913.613013
35.022059,70,12915.174861
-41.89,26,12915.899284
-42.91,25,12916.422516
-35.91,26,12916.961686
-38.02,23,12917.48648
-41.82,21,12917.890517
38.875556,24,12918.429586
35.3861,25,12918.955297
-33.0,27,12919.582185
-35.5,32,12920.241112
-39.0,27,12922.601816
36.0,25,12923.192369
35.528967,25,12923.734508
-44.26,20,12924.215026
-41.22,24,12924.730228
-34.41,31,12925.336776
-41.68,40,12926.165323
34.344192,33,12926.933526
32.212687,37,12927.662464
35.375,28,12928.256449
-42.0,21,12928.716139
-35.14,25,12929.182926
-41.48,73,12930.665967
33.0,36,12931.378916
-38.77,27,12931.888528
-32.04,31,12932.489794
-32.48,33,12934.862479
-39.0,23,12935.318895
-35.88,28,12935.940347
35.110287,29,12936.78572
-41.09,22,12937.210432
-35.39,25,12937.651064
-40.94,23,12938.084682
-32.81,60,12939.143524
-38.5,28,12939.636304
-32.91,29,12940.297594
-42.0,23,12940.743812
33.0,29,12941.394331
-40.9,22,12941.81854
-41.01,27,12942.568272
-41.91,22,12942.987092
44.526749,13,12943.292176
-38.15,34,12943.959319
35.634454,29,12944.513127
-33.0,39,12947.0174
-35.75,31,12947.586574
-41.68,24,12947.997398
-38.91,27,12948.552026
34.584249,25,12949.016231
38.081911,19,12949.395522
-35.45,29,12949.952415
-41.2,26,12950.482041
-38.7,22,12950.942374
-42.0,21,12951.364234
-39.0,28,12951.93797
36.0,28,12952.525991
-37.93,23,12952.962448
-37.41,45,12953.848192
-38.46,38,12954.582554
-42.0,42,12955.465622
-42.0,16,12955.780111
-39.0,27,12956.308055
-32.68,30,12956.901747
-44.16,27,12959.16477
-35.71,24,12959.546529
-41.23,30,12959.993609
-41.65,73,12961.333846
-38.27,29,12961.896479
-35.11,31,12962.545965
-44.25,22,12963.16077
-42.0,22,12963.620004
-44.6,27,12964.264245
33.0,31,12964.898073
-41.59,27,12965.54308
-33.0,48,12966.781321
-39.0,25,12967.314057
-38.77,22,12967.779042
35.222222,31,12968.461919
-39.71,24,12969.07671
-41.14,18,12969.449241
37.194647,27,12971.74276
-38.08,37,12972.374057
-36.0,40,12973.021079
33.0,59,12974.215126
32.514706,27,12974.756612
-35.76,29,12975.381299
-36.0,29,12976.085063
33.0,31,12976.716458
-38.23,28,12977.343303
-41.29,22,12977.922922
-41.46,23,12978.416902
-38.37,21,12978.807482
37.50786,27,12979.356874
38.086331,22,12979.813116
32.402985,30,12980.384769
-44.71,22,12980.851156
-45.0,25,12981.314993
-38.62,31,12983.742551
32.230453,28,12984.176292
-32.12,32,12984.693716
-36.0,28,12985.133529
-38.77,26,12985.654715
-43.86,23,12986.155388
-38.46,33,12986.843266
-32.67,35,12987.484531
-35.67,27,12988.00075
-32.87,30,12988.589169
32.65109,22,12988.990801
-41.4,18,12989.340091
-38.66,24,12989.982627
-43.26,22,12990.437717
-40.93,21,12990.860874
-32.08,27,12991.412611
-40.8,19,12991.770289
35.164835,25,12992.257004
32.333333,24,12992.739916
-40.87,30,12993.359089
-38.12,37,12995.941134
42.0,21,12996.27839
-44.09,21,12996.668612
31.805019,27,12997.1107
-35.53,30,12997.569394
-33.0,28,12998.054308
-42.0,36,12998.746191
-44.78,35,12999.390456
-41.08,29,13000.087556
-36.0,29,13000.642118
-32.6,29,13001.189134
-38.32,22,13001.645243
-35.14,24,13002.055994
34.624856,38,13002.808402
-32.61,28,13003.345037
33.0,33,13003.984581
-38.55,25,13004.46794
35.52809,32,13007.020354
35.371795,22,13007.454887
-39.0,24,13007.900661
-35.48,46,13008.633904
-37.1,36,13009.225003
-32.13,46,13010.039226
-35.09,22,13010.488984
38.901478,26,13011.024583
-38.86,27,13011.556
37.891443,25,13012.040913
-35.24,26,13012.529011
-40.97,26,13013.056434
-35.33,33,13013.692342
32.374408,37,13014.379182
37.32487,25,13015.430074
32.325203,29,13016.044373
34.549946,31,13016.66242
-41.32,19,13017.057039
-38.64,22,13019.389133
32.232143,32,13019.887879
-32.86,42,13020.544211
-35.77,32,13021.151135
32.037037,35,13021.807297
-44.35,24,13022.287947
32.6,35,13022.965864
-41.71,55,13024.041629
-40.71,28,13024.599467
-36.0,27,13025.118642
-32.37,28,13025.686225
35.609428,27,13026.234915
-38.11,23,13026.688812
-45.0,23,13027.160658
-41.27,23,13027.666706
-39.0,22,13028.087184
-43.73,22,13028.492362
35.418182,29,13030.94555
-35.6,35,13031.547309
-37.62,37,13032.134574
-41.66,24,13032.495348
-36.0,32,13033.013735
38.708955,24,13033.376308
-42.0,29,13033.934276
-35.13,30,13034.504681
-44.55,23,13034.960802
-43.8,21,13035.357592
-38.89,28,13035.947453
-44.11,25,13036.473589
-38.95,52,13037.469692
-41.03,21,13037.862925
-38.88,20,13038.274281
-44.73,30,13038.867002
35.410853,32,13039.497422
-32.91,30,13040.113553
-38.98,23,13042.671521
35.15625,28,13043.19143
-44.59,28,13043.739229
-38.02,31,13044.199038
-41.97,19,13044.521022
-41.68,25,13044.964291
-35.88,26,13045.353233
-44.35,21,13045.777828
32.48289,74,13047.326978
-38.38,20,13047.708142
-41.65,24,13048.166455
-41.61,43,13049.056488
34.553942,24,13049.506634
-44.21,22,13049.954792
32.707692,41,13050.79332
-39.0,29,13051.390806
-38.51,23,13051.806106
35.025662,25,13054.197352
-39.0,42,13055.011377
38.903475,25,13055.524635
-35.82,37,13056.24439
-38.36,35,13056.800632
-41.5,19,13057.100994
-38.48,28,13057.524807
39.0,23,13057.858403
-41.9,30,13058.383638
-32.9,30,13058.913296
-38.53,30,13059.521543
38.210345,22,13059.954921
33.0,35,13060.677929
38.592593,24,13061.129587
-33.0,33,13061.743272
-35.16,28,13062.315408
35.681223,27,13062.840759
-41.68,35,13063.511479
-32.65,39,13066.122266
-35.12,27,13066.639052
-38.58,23,13067.130641
-38.3,35,13068.057779
-40.81,27,13068.614518
-43.24,22,13068.972009
-32.91,29,13069.402513
34.7324,32,13069.927919
34.477419,27,13070.38297
33.0,32,13070.998961
32.621795,25,13071.633813
-44.08,20,13072.022602
-35.07,38,13072.756521
-37.91,27,13073.28328
-32.43,27,13073.823465
-35.71,28,13074.345351
-38.62,36,13075.022111
39.870005,27,13077.502623
-42.0,18,13077.839526
-41.23,19,13078.245171
-41.3,24,13078.709359
-38.86,37,13079.475725
-41.67,28,13080.028894
34.900106,39,13080.684223
-43.36,25,13081.11079
-32.88,30,13081.591203
-36.0,30,13082.083294
-44.63,19,13082.379523
33.0,31,13082.948699
-42.0,24,13083.412064
-41.06,20,13083.816242
-35.64,36,13084.529213
-38.38,24,13084.986087
-35.64,25,13085.474463
-35.61,29,13086.079968
-44.77,21,13086.468599
-38.22,24,13086.9479
-40.88,35,13089.567466
39.0,22,13090.005198
-38.8,31,13090.710191
-44.21,41,13091.53561
32.347222,27,13092.243842
-38.26,24,13092.662719
-32.13,40,13093.331093
-41.88,21,13093.673509
-35.71,28,13094.107121
-44.46,32,13094.661507
-41.25,26,13095.184526
-41.83,29,13095.777459
-32.74,56,13097.038179
35.876984,25,13097.665045
-39.0,27,13098.197704
-35.01,34,13098.897054
-41.65,24,13101.372159
35.269504,105,13103.444925
38.492308,32,13104.082069
-41.29,25,13104.577518
37.9728,26,13104.980243
-45.0,22,13105.356814
41.252538,20,13105.769156
-37.79,33,13106.361552
-41.71,53,13107.38769
-41.25,23,13107.836014
-43.98,25,13108.345724
35.028303,28,13108.878396
-38.19,17,13109.226091
-34.86,54,13110.341417
-37.43,42,13113.217475
-41.27,32,13113.710587
-38.7,29,13114.232059
-38.43,23,13114.705021
-32.04,27,13115.225027
-46.56,19,13115.601368
-41.62,24,13116.046335
-38.26,29,13116.684682
-41.67,28,13117.173616
-37.25,24,13117.774192
-43.68,22,13118.108866
-37.61,23,13118.471378
32.877622,26,13118.898086
-39.0,24,13119.380513
-40.78,42,13120.260726
-33.0,29,13120.807897
-41.52,26,13121.327389
-38.23,29,13122.129709
-36.0,38,13122.963406
-41.23,39,13125.549264
-38.51,27,13126.21942
-36.0,25,13126.658195
-34.97,23,13127.062781
-40.52,30,13127.623069
-32.48,41,13128.443111
32.065022,27,13128.937328
32.447273,27,13129.362394
-45.0,27,13129.791685
35.278912,30,13130.278355
35.277778,26,13130.664258
-41.44,30,13131.13572
-38.24,27,13131.61273
38.705882,40,13132.399085
-43.9,38,13133.128264
-44.5,26,13133.626814
38.320872,23,13134.082773
38.241636,27,13136.477529
-35.87,31,13136.991511
-35.8,28,13137.493351
-32.11,25,13137.913916
-35.52,35,13138.844277
-32.77,37,13139.475352
-38.56,48,13140.44487
-41.61,23,13140.805747
41.25,25,13141.248996
32.876847,34,13141.76227
-41.5,22,13142.169323
-45.0,19,13142.497983
-38.32,25,13143.056792
-35.03,34,13143.671433
-32.42,36,13144.387275
-43.97,25,13144.888874
-38.51,38,13145.611387
35.109325,37,13148.459085
-32.21,28,13149.076207
32.014085,33,13149.767884
32.717949,28,13150.291072
-38.56,25,13150.775178
-38.91,36,13151.476964
37.956204,26,13152.099075
38.483271,24,13152.651227
-42.0,18,13153.022545
-35.49,25,13153.485805
35.056522,32,13153.972848
-35.66,44,13154.625458
-35.81,29,13155.397815
35.119342,28,13155.870223
-38.38,31,13156.483113
32.291829,32,13157.051499
-41.6,22,13157.437585
-41.59,22,13157.863463
-38.88,26,13160.18204
-44.77,39,13160.971177
-45.0,18,13161.337182
-31.62,35,13161.990935
-38.45,28,13162.537357
-36.0,28,13163.075328
36.0,32,13163.647123
-39.0,22,13164.006671
-39.0,20,13164.363338
-44.01,23,13164.754554
-38.95,26,13165.116568
34.937552,37,13165.687267
-38.06,27,13166.065005
32.125364,39,13166.624729
-38.5,24,13167.147882
-40.65,21,13167.500805
-34.92,33,13168.051182
-35.36,27,13168.520687
32.152866,35,13170.880131
-35.51,28,13171.540811
-40.83,44,13172.376983
-38.64,24,13172.781264
35.684729,29,13173.225647
32.245421,31,13173.754667
-44.0,25,13174.205234
-33.0,31,13174.704969
-37.88,24,13175.142418
-35.34,26,13175.594608
-33.0,29,13176.07569
-37.56,24,13176.424552
-38.5,27,13176.792803
43.917792,18,13177.050125
-41.26,19,13177.306413
-35.59,29,13177.751039
-44.44,20,13178.122309
-42.0,70,13179.352323
-39.0,25,13181.503677
-41.16,38,13182.14992
-35.19,26,13182.589969
32.51746,31,13183.160217
-39.0,20,13183.489223
-44.08,37,13184.086197
35.447721,36,13184.727176
-39.0,31,13185.312098
-36.0,24,13185.720617
32.616279,41,13186.406412
-40.14,23,13186.761632
-39.0,33,13187.220824
-32.28,29,13187.649276
32.231092,28,13188.079389
-41.6,23,13188.407132
-42.0,25,13188.825472
-44.83,22,13189.358704
-35.12,24,13191.582404
-35.5,29,13192.009743
-32.46,36,13192.528377
-35.76,27,13192.976659
-39.0,21,13193.331987
-35.57,31,13193.937054
-42.65,23,13194.458852
32.591078,29,13194.970387
36.0,25,13195.398511
-44.58,21,13195.745681
-36.0,39,13196.370244
-44.06,37,13197.012814
-43.75,20,13197.331603
-35.71,24,13197.684297
-39.0,28,13198.116248
-41.28,22,13198.440351
32.609959,29,13198.861271
-44.26,35,13199.361753
-35.77,28,13199.842773
32.732899,30,13202.055377
-38.66,25,13202.459174
-38.71,31,13202.902797
-37.86,34,13203.49118
-39.0,27,13204.000527
35.55477,24,13204.426942
32.437262,30,13204.934884
32.227758,28,13205.390864
-38.5,29,13205.886084
33.0,28,13206.367046
-38.72,28,13206.822696
-39.0,31,13207.373893
-39.0,35,13208.01487
36.0,24,13208.342663
37.309325,32,13208.802661
-32.73,35,13209.319243
-38.71,23,13209.619786
-47.46,84,13212.620931
-35.68,30,13213.198823
-36.0,36,13213.981944
-35.24,22,13214.368485
-32.73,37,13215.092824
-33.0,42,13215.982236
38.501901,26,13216.400995
-38.46,26,13216.874514
37.995691,35,13217.527079
-39.0,31,13218.076998
35.180451,24,13218.494488
34.927234,27,13218.929381
41.954839,24,13219.277486
37.309858,85,13220.468141
41.632727,26,13222.725955
-34.58,44,13223.481232
-41.53,24,13223.827733
-38.67,31,13224.370267
35.046358,32,13224.92418
-42.0,20,13225.24424
35.668966,25,13225.66785
-35.09,26,13226.151426
34.8748,25,13226.602416
-36.0,34,13227.250911
-44.65,25,13227.696725
32.744604,30,13228.239738
-43.84,23,13228.67838
-41.74,33,13229.243239
39.0,43,13229.990589
-44.17,20,13230.26292
-35.38,26,13230.645927
-43.86,22,13230.975823
-44.71,36,13233.29489
-30.0,25,13233.653626
-43.87,24,13234.027262
32.901639,36,13234.605258
32.460674,36,13235.22148
-37.45,33,13235.968041
-41.39,33,13236.498919
32.392491,29,13237.049828
-38.45,31,13237.66893
-41.71,21,13238.085757
-38.86,49,13238.997586
-38.77,24,13239.41854
35.112554,21,13239.763294
33.0,25,13240.247108
-32.05,31,13240.838294
-35.88,33,13241.342413
-47.18,12,13241.5152
-41.51,28,13243.693285
-38.19,32,13244.169975
-32.08,29,13244.615168
-40.32,22,13244.927619
-41.48,22,13245.30932
-35.18,34,13245.894711
39.0,20,13246.244043
-35.68,25,13246.675474
31.568396,28,13247.142974
-41.49,27,13247.63741
-42.0,32,13248.174539
-39.0,46,13249.038673
-34.07,32,13249.566571
-36.0,28,13250.057496
-46.65,15,13250.41207
-35.09,48,13251.22125
-38.69,34,13251.777848
-41.27,31,13252.255969
-34.55,23,13254.303153
-43.07,16,13254.512713
32.265455,47,13255.212248
-38.34,27,13255.672201
-35.75,24,13256.103134
-42.0,19,13256.471291
-45.0,21,13256.805801
-35.8,27,13257.317241
-41.07,29,13257.88246
32.2375,32,13258.470878
-38.14,26,13259.013987
-41.47,26,13259.418909
-42.0,24,13259.840359
-42.0,25,13260.279861
-41.13,29,13260.764072
-42.0,21,13261.251931
-32.23,36,13261.919195
-41.24,21,13262.275332
32.449393,28,13262.749043
-41.05,32,13264.888376
-32.81,27,13265.333521
-32.93,38,13265.893817
-41.68,25,13266.287214
32.90146,35,13266.899039
-43.12,21,13267.331402
-41.88,31,13267.879471
-41.26,27,13268.327866
-44.7,29,13268.822672
-41.56,33,13269.427249
-35.87,32,13269.982254
-38.25,25,13270.400997
-40.8,22,13270.803387
-35.05,28,13271.259422
-43.31,21,13271.648646
-43.91,21,13272.043285
-32.76,35,13272.653925
35.393296,27,13273.106076
35.445614,25,13275.196609
-38.48,22,13275.535426
-35.06,29,13276.009631
-38.5,31,13276.505268
32.364621,28,13276.960462
-35.17,32,13277.502367
-37.93,34,13278.175314
-32.33,28,13278.695535
35.470238,33,13279.299446
-32.11,27,13279.76842
-41.38,20,13280.156822
-40.05,23,13280.571295
-35.01,25,13281.043015
-35.11,28,13281.658974
34.530903,38,13282.438717
36.0,24,13282.853173
-43.75,20,13283.22615
35.876866,27,13283.695315
35.074349,30,13284.321809
-36.0,48,13286.763782
-41.89,23,13287.133143
-32.57,30,13287.565327
-45.0,19,13287.889404
-35.56,31,13288.41013
35.357683,28,13288.894829
37.040814,27,13289.352857
-38.39,22,13289.702004
-39.66,29,13290.480354
-38.56,28,13290.960477
-32.24,27,13291.39934
-41.25,33,13292.073481
-32.37,34,13292.684756
32.544402,26,13293.185746
-39.0,26,13293.608356
-35.46,26,13294.036981
35.155039,28,13294.554765
32.380368,25,13294.978534
-32.55,43,13297.279913
-35.53,29,13297.635238
32.644351,38,13298.138762
-38.57,24,13298.563346
32.378151,49,13299.374507
-32.36,28,13299.839702
-38.47,24,13300.285068
-40.76,22,13300.661203
-44.76,22,13301.022724
-44.9,20,13301.368789
-33.0,25,13301.852974
39.0,20,13302.204594
39.0,23,13302.603625
-40.06,36,13303.33745
43.069267,29,13303.876447
-32.62,34,13304.475732
-38.79,28,13304.920217
-38.47,26,13307.363947
-42.0,32,13307.830303
-32.56,24,13308.116466
-41.82,22,13308.396171
-41.72,25,13308.770565
32.520249,32,13309.387513
-32.48,38,13310.088514
-42.0,24,13310.530341
-41.4,21,13310.92397
-38.46,22,13311.331833
-35.72,30,13311.836935
36.0,26,13312.267504
-32.77,45,13313.064042
-39.0,21,13313.468891
35.685106,27,13313.942313
-32.69,27,13314.40481
-38.47,25,13314.835223
35.125,27,13315.280421
-38.88,23,13315.687629
-45.0,42,13318.271889
-32.16,26,13318.63594
-35.14,32,13319.036816
-39.0,28,13319.420505
-39.0,29,13319.808698
-44.75,33,13320.353658
38.185185,28,13320.808385
-41.48,20,13321.159736
38.25256,25,13321.624886
-35.17,28,13322.152361
-39.0,32,13322.699208
-32.71,33,13323.271691
32.174528,32,13323.836738
-41.66,24,13324.255894
-41.58,23,13324.656875
32.453532,41,13325.370487
38.11276,27,13325.897826
-35.15,28,13328.287003
35.901235,27,13328.683207
-36.0,30,13329.107095
32.481343,43,13329.650309
38.721569,26,13330.156929
-43.62,29,13330.615472
-35.44,38,13331.209054
-41.84,28,13331.706324
-44.86,27,13332.369408
-32.23,42,13333.119169
-32.59,28,13333.606924
-35.49,26,13334.061734
39.0,22,13334.474148
-35.22,28,13334.986603
39.0,17,13335.788549
-44.47,28,13336.290919
-41.35,22,13336.683724
-42.0,19,13337.009341
-33.0,22,13337.399313
40.611984,27,13339.741623
-41.25,32,13340.200745
-40.8,23,13340.498446
-38.52,26,13340.82822
-43.85,17,13341.067106
-35.26,32,13341.871907
-33.0,29,13342.367996
-41.87,22,13342.756483
-37.78,32,13343.311265
-34.66,36,13343.948521
-41.42,28,13344.426146
-38.73,51,13345.392115
-44.41,26,13345.848073
32.789062,26,13346.283577
-42.0,26,13346.747819
-45.0,21,13347.137317
-36.0,30,13347.733461
-38.14,24,13348.169921
-42.0,41,13350.675592
-35.71,25,13351.026717
-40.41,21,13351.311176
-30.0,43,13351.827624
-35.62,50,13352.540751
-35.86,30,13353.012376
32.273381,29,13353.501089
-41.6,30,13354.181228
44.02682,98,13355.858327
-38.29,24,13356.433064
-42.0,22,13356.80158
-35.06,29,13357.313724
-38.14,36,13357.933694
35.154167,26,13358.298564
37.166202,20,13358.692609
-38.83,19,13360.849111
38.258462,23,13361.204986
33.0,25,13361.562884
32.198381,29,13361.97943
-40.75,24,13362.323531
-38.91,29,13362.68864
-40.29,35,13363.165641
-44.65,22,13363.493032
-35.45,35,13363.980255
32.090164,28,13364.447839
-35.42,43,13365.38075
-38.74,30,13365.948212
-36.0,29,13366.434608
-40.96,26,13366.911452
-35.84,31,13367.540622
-35.78,29,13368.019222
35.775,26,13368.458971
-38.71,47,13371.869637
32.343396,31,13372.29719
-36.0,25,13372.660543
-35.22,25,13372.973925
-38.51,27,13373.408764
40.367601,21,13373.727468
38.003856,24,13374.083585
-43.9,20,13374.385904
-35.87,27,13374.972781
-32.79,29,13375.51086
-38.9,28,13376.180043
36.0,28,13376.723496
41.71223,28,13377.217131
-44.42,25,13377.675541
-38.7,26,13378.266992
35.875758,24,13378.750514
-35.36,24,13379.154196
-37.58,25,13379.563962
34.396837,27,13380.227406
-35.27,24,13380.640694
-38.61,23,13382.868188
-35.5,25,13383.235607
35.248092,46,13384.214001
-36.0,25,13384.549476
-39.0,23,13384.897715
35.202952,29,13385.326859
-32.74,33,13385.791783
34.738688,28,13386.229595
35.768966,33,13386.805648
-38.23,23,13387.227186
-40.55,23,13387.674934
-44.27,20,13388.008509
38.247148,24,13388.396979
-32.73,36,13389.054817
37.513318,38,13389.727727
33.0,27,13390.188031
32.224335,32,13390.711328
-37.95,22,13391.103027
-35.83,32,13393.629829
-36.0,32,13394.153518
35.13854,32,13394.693805
-38.48,24,13395.150029
-38.64,31,13395.660472
35.878327,22,13395.988227
-38.32,29,13396.562661
-35.5,27,13397.006497
32.173387,44,13397.833919
32.180723,28,13398.394389
-36.0,25,13398.907839
-32.01,29,13399.540074
-32.29,24,13399.98093
-41.12,35,13400.574762
33.0,34,13401.161759
-39.0,28,13401.657044
-31.97,41,13402.44425
-34.9,31,13404.920361
38.007722,19,13405.208149
-32.25,32,13406.11989
33.0,31,13406.845658
-35.18,30,13407.512935
33.0,28,13408.070806
-36.0,37,13408.722026
-38.21,34,13409.332195
35.003521,23,13409.778212
-35.26,27,13410.239461
46.409269,18,13410.518834
-41.07,25,13410.991638
-42.0,28,13411.570034
-32.19,39,13412.342966
-40.68,22,13412.996103
-44.35,25,13413.546608
-38.94,24,13414.059479
-34.94,38,13414.791969
-39.0,56,13418.414252
-36.0,30,13419.030397
32.159696,28,13419.586398
38.902527,26,13420.194516
32.789062,33,13421.272326
-39.0,26,13421.772749
-35.26,34,13422.400762
-44.1,27,13422.891484
-32.22,29,13423.371168
-35.91,25,13423.827981
-41.41,18,13424.083482
-39.0,26,13424.518503
32.494253,37,13425.200624
-38.1,23,13425.624272
-39.0,29,13426.117963
-36.0,53,13427.094204
-38.5,33,13430.173493
35.901961,24,13430.768515
-35.35,27,13431.334571
-44.02,19,13432.100523
40.423837,42,13432.956596
-32.81,61,13434.894787
-36.0,30,13435.607354
-34.78,33,13436.518704
-44.53,16,13436.821395
-35.94,37,13437.431302
-35.67,38,13438.049415
-34.52,28,13438.448889
-36.0,32,13438.990263
-38.67,22,13439.394054
-35.54,28,13439.941616
32.57947,30,13440.575871
-44.06,28,13441.171397
32.576271,35,13443.820838
35.875691,23,13444.187787
-38.61,31,13444.743891
-41.9,20,13445.15892
-44.07,20,13445.52601
35.133574,24,13445.96471
32.660232,28,13446.646752
-45.0,30,13447.287915
-41.68,25,13447.780312
-35.71,33,13448.333369
32.624161,30,13448.855024
-38.5,35,13449.382342
-35.53,25,13449.784306
-35.74,29,13450.278827
-36.0,22,13450.630264
-38.7,28,13451.116945
-42.99,22,13451.551204
42.0,21,13451.93978
32.285714,67,13455.208983
-37.61,35,13455.833217
-41.69,22,13456.257446
-37.6,27,13456.795474
-44.29,27,13457.326973
-44.11,34,13458.039554
32.128358,28,13458.538128
34.51989,27,13459.098718
-41.83,30,13459.677454
-41.81,14,13459.977334
-38.53,27,13460.566638
-33.0,28,13461.289042
-38.75,27,13461.779114
-41.71,28,13462.499193
38.532468,27,13462.977998
33.0,30,13463.597853
-44.81,24,13464.04469
-40.99,24,13464.469398
-38.05,31,13467.487659
-44.03,26,13467.965869
-41.88,36,13468.668681
-33.0,25,13469.130496
-41.34,27,13469.6372
34.870861,28,13470.454011
-35.27,33,13471.086188
-41.35,24,13471.568347
-43.56,22,13471.990852
-32.18,39,13472.689848
35.630252,35,13473.234831
-41.14,25,13473.653964
35.768293,31,13474.146102
-42.0,23,13474.535408
-42.0,19,13474.891828
-38.46,51,13475.835617
-34.75,28,13476.358881
-40.94,32,13479.053139
35.006963,30,13479.557142
-44.29,18,13479.894924
-41.07,39,13480.941365
-44.47,22,13481.343918
32.594306,37,13481.946345
-38.81,26,13482.432891
-32.51,32,13483.013393
32.354244,32,13483.580456
-37.74,30,13484.14966
-44.27,24,13484.560197
-47.11,17,13484.849923
-38.57,30,13485.309321
-35.64,24,13485.694791
-32.22,37,13486.321586
-38.1,31,13486.907804
39.0,22,13487.33971
-32.06,31,13487.916725
-35.23,30,13490.839993
-35.25,42,13491.606552
-34.8,26,13492.103383
-41.55,28,13492.620356
-33.0,33,13493.279155
-36.0,27,13493.795449
-41.66,29,13494.321866
-41.25,21,13494.77248
-41.02,47,13495.652474
-41.83,29,13496.169807
-42.0,22,13496.576023
-35.81,26,13496.960401
38.311594,18,13497.256723
-44.68,18,13497.560074
-32.44,37,13498.133027
-40.74,36,13498.781114
35.222973,29,13499.399755
-39.0,35,13500.033502
-38.85,27,13502.443219
-32.67,32,13503.021808
-41.91,29,13503.610062
-37.74,27,13504.45498
-35.8,33,13505.030183
32.227799,32,13505.635835
-35.6,29,13506.187286
-38.29,21,13506.591114
33.0,39,13507.296711
-41.73,33,13507.911407
35.18315,24,13508.329163
-35.5,89,13509.768495
-35.13,27,13510.17198
32.648276,30,13510.647598
38.8,22,13510.98472
32.794595,32,13513.60199
-35.37,39,13514.344532
35.110266,30,13514.975963
41.036606,22,13515.466788
-43.37,18,13515.975748
-35.38,30,13516.597171
32.406832,41,13517.446492
33.0,68,13518.771453
-38.24,23,13519.210521
-38.85,30,13519.762111
34.561433,28,13520.308359
-38.2,23,13520.742404
-38.9,24,13521.218205
38.498282,28,13521.691877
-35.76,25,13522.075662
-44.77,31,13522.566422
-48.0,13,13522.774697
-41.26,26,13523.271158
35.185053,26,13525.621135
-38.14,31,13526.178974
-37.17,25,13526.675294
35.66443,26,13527.151243
-32.73,24,13527.583231
-40.75,25,13528.098112
-30.0,31,13528.67069
-41.24,32,13529.285112
32.572491,35,13529.945902
-44.45,20,13530.316674
-38.5,22,13530.721818
31.780303,52,13531.676194
-41.48,24,13532.171289
-47.74,28,13532.795963
32.248485,26,13533.235738
-41.53,21,13533.564744
32.236287,28,13533.951981
40.765673,24,13534.913971
43.873505,32,13537.41747
-32.9,34,13538.010073
33.0,36,13538.70401
-38.59,27,13539.207484
-41.74,28,13539.700308
-35.23,29,13540.239094
-44.49,20,13540.587512
-43.73,32,13541.206092
39.0,27,13541.753551
-38.61,31,13542.417084
-39.0,21,13543.235259
36.0,23,13543.7015
-35.23,30,13544.267316
-37.7,30,13544.875367
-38.66,27,13545.371925
-38.73,28,13545.829741
-41.69,19,13546.188089
-39.0,22,13546.61785
-42.0,37,13549.223902
-44.06,20,13549.603461
-34.22,32,13550.349069
-42.0,26,13550.982191
-41.67,28,13551.559642
37.604167,25,13552.104428
-41.8,21,13552.58202
-42.0,23,13553.11794
32.181818,27,13553.58594
-32.73,43,13554.367918
37.601422,31,13555.045137
35.297398,34,13555.697684
-40.53,23,13556.128727
-41.11,40,13556.827665
-35.19,25,13557.265529
-40.46,25,13557.738745
40.854197,23,13558.114577
-38.79,70,13560.880854
-38.09,24,13561.231693
-38.35,26,13561.783268
32.428571,27,13562.36453
-47.39,16,13562.699898
-41.17,29,13563.236101
-35.83,60,13564.439739
-43.35,23,13564.915913
-40.72,24,13565.465866
-41.47,21,13565.866008
-40.81,25,13566.485186
-35.08,26,13567.022132
-38.68,29,13567.643651
-39.0,33,13568.401041
-41.02,26,13568.915861
-35.12,28,13569.547616
32.553846,37,13570.748325
-41.55,29,13571.767019
37.236331,43,13574.71158
-41.36,21,13575.130365
-35.34,35,13575.827694
-37.76,26,13576.35998
-38.05,28,13576.892583
-32.58,34,13577.605735
35.658363,29,13578.182243
-41.53,24,13578.632239
-40.82,30,13579.241411
-44.07,15,13579.506958
35.825,36,13580.200136
35.7,47,13581.070606
-36.0,28,13581.667499
-37.48,29,13582.235626
32.710037,29,13582.804582
-35.56,25,13583.57157
33.0,25,13584.052177
-41.85,25,13584.526249
-41.38,24,13586.90205
-39.0,26,13587.373409
-35.73,26,13587.886097
32.19685,29,13588.456934
36.0,26,13589.091823
-41.15,24,13589.531877
31.595785,27,13590.051149
-43.41,22,13590.473293
-38.09,25,13590.958073
-44.76,21,13591.405385
-38.23,27,13591.956445
38.34632,26,13592.465204
-37.75,33,13593.147171
-32.74,31,13593.749926
-32.36,34,13594.38357
35.43254,50,13595.327281
-35.17,22,13595.7656
-33.0,33,13596.413698
-35.69,30,13598.686563
36.0,30,13599.167976
-37.79,33,13599.986002
-40.58,26,13600.775452
-44.57,19,13601.167611
35.191921,31,13601.78832
-38.05,23,13602.212257
-35.49,30,13602.780271
-36.0,25,13603.284816
-35.02,27,13603.780897
38.338462,22,13604.214521
-38.29,27,13604.798941
-35.19,34,13605.445309
38.192727,26,13606.017841
-33.0,31,13606.616584
32.089928,28,13607.140243
-32.64,32,13607.727678
33.0,26,13608.285149
-41.5,25,13610.623761
39.0,22,13610.975949
-40.8,26,13611.410602
-38.77,23,13611.870495
-35.67,25,13612.348975
39.0,22,13612.782986
-32.24,32,13613.407326
37.561193,22,13613.885467
-44.13,23,13614.367432
-38.01,26,13614.861957
-35.74,29,13615.432746
33.0,31,13615.98089
-41.36,22,13616.225578
38.875,20,13616.481182
-38.78,26,13616.979482
-44.59,24,13617.971522
32.657778,35,13618.608401
-41.12,46,13619.482821
-39.0,34,13620.120613
-38.5,20,13622.455641
34.356356,26,13622.825429
-36.0,22,13623.116642
-44.0,20,13623.410024
-41.94,18,13623.70128
-38.5,27,13624.158443
35.122951,31,13624.754891
-35.27,34,13625.389933
-44.71,20,13625.77475
-41.54,26,13626.266212
-36.0,28,13626.985876
-41.02,21,13627.393398
-37.05,30,13628.191235
35.040146,40,13628.932069
-32.61,32,13629.499502
-41.43,33,13630.095233
-38.87,33,13630.753957
32.388489,27,13631.228572
-32.8,33,13631.849941
-43.96,21,13634.963534
-46.76,25,13635.336357
35.082999,42,13635.987538
34.324634,32,13636.542503
-39.0,23,13636.99904
-40.87,23,13637.466604
-32.63,31,13638.097864
38.900433,27,13638.664043
-37.82,32,13639.304375
-35.78,29,13639.862646
-44.16,20,13640.243614
-39.0,26,13640.760637
-32.65,33,13641.3698
-38.11,25,13641.843212
-47.01,21,13642.303047
-35.47,28,13642.93467
-35.44,23,13643.39211
35.003831,24,13643.868068
-32.38,29,13644.406404
-32.23,42,13647.189898
36.0,25,13647.566099
-42.0,30,13648.011683
-35.28,37,13648.562399
-39.0,38,13649.229345
-38.73,24,13649.690956
-35.22,28,13650.228523
-47.14,15,13650.523567
-37.47,35,13651.185646
-41.18,24,13651.625587
-44.1,27,13652.106983
-39.0,26,13652.802864
-37.84,24,13653.271665
-40.45,27,13654.004776
35.90146,38,13654.742201
-32.84,34,13655.428358
-35.22,29,13656.246162
38.534091,22,13658.832444
-40.71,30,13659.291769
-44.6,22,13659.648153
-38.4,27,13660.036234
-41.42,32,13660.585922
-38.59,25,13661.021657
36.0,18,13661.304059
35.589404,21,13661.660714
34.874673,28,13662.189844
36.0,34,13662.866001
-31.8,36,13663.678777
-35.51,28,13664.212648
35.216475,27,13664.736925
-38.92,30,13665.357667
-32.04,30,13665.905501
-40.63,28,13666.444045
-35.84,34,13667.090999
-34.72,42,13667.884945
-32.36,36,13670.588317
32.498182,25,13671.000299
-32.33,33,13671.467325
-40.68,22,13671.799532
41.235484,22,13672.154883
-38.4,29,13672.662668
-35.15,23,13672.995214
-35.63,35,13673.600235
-42.0,26,13674.114774
-38.09,26,13674.592657
-39.0,28,13675.138187
-40.97,28,13675.703017
32.094915,24,13676.163579
38.456274,25,13676.615363
38.687259,32,13677.19467
-40.54,23,13677.594778
-36.0,23,13678.056859
-32.29,33,13678.70699
-39.0,31,13679.349823
-40.63,51,13682.439651
-39.0,38,13683.124032
-44.86,21,13683.807863
-42.0,36,13684.380933
-38.66,35,13684.981429
-38.84,25,13685.417186
-35.81,33,13685.98552
33.0,33,13686.624991
-35.76,26,13687.128122
-35.1,32,13687.686985
-38.72,29,13688.233299
38.336066,26,13688.734022
32.058981,56,13689.84348
-35.8,26,13690.328777
35.406977,24,13690.778419
-38.81,25,13693.433457
40.835503,22,13693.836015
-38.82,30,13694.36254
-45.57,22,13694.703046
-33.0,25,13695.155609
-41.61,27,13695.623799
-34.34,45,13696.316119
-35.57,25,13696.75341
-32.58,44,13697.583769
-32.79,27,13698.102377
-33.0,26,13698.628139
38.177614,34,13699.227743
-38.52,30,13699.790993
-39.0,22,13700.18942
-38.68,31,13700.790288
32.413386,113,13705.091374
-39.0,27,13705.554162
36.0,26,13706.012802
-43.18,25,13706.498922
31.744526,31,13707.086426
-35.49,25,13707.784998
35.165563,19,13708.133152
-41.68,17,13708.442653
-41.15,27,13708.865329
-44.02,20,13709.2205
38.105634,27,13709.649463
44.451456,63,13710.831188
-36.0,27,13711.548724
-35.28,34,13712.169417
-44.7,24,13712.628627
-44.4,17,13713.006253
-44.31,18,13713.351528
38.91844,111,13717.742056
-32.5,37,13718.339356
35.148936,24,13718.742326
33.0,33,13719.281989
-36.0,32,13719.858486
-33.0,28,13720.324474
-44.19,18,13720.600196
-38.08,31,13721.06578
-41.71,26,13721.515857
35.42789,33,13722.09848
-34.81,30,13722.698759
-35.01,30,13723.273051
-32.4,30,13723.866352
36.0,25,13724.339061
38.023417,24,13724.801614
38.035256,23,13725.245184
35.39924,33,13725.880284
35.5,24,13728.65953
-32.35,47,13729.589202
-41.09,35,13730.659617
-41.37,23,13731.084507
38.339367,25,13731.600822
-32.88,31,13732.21016
-32.69,27,13732.738558
35.90146,22,13733.177624
39.0,22,13733.564177
33.0,29,13734.036874
-35.91,56,13735.015582
-34.97,40,13735.802513
-38.69,23,13736.474943
-38.51,24,13737.02571
-40.79,25,13737.490259
-43.91,29,13738.03892
-39.0,27,13738.761969
-39.0,23,13741.227433
-41.44,21,13741.595281
-41.65,28,13742.048251
-40.47,33,13742.58227
-36.0,28,13743.086981
-39.0,29,13743.611329
-41.36,32,13744.212107
-32.01,34,13744.859806
32.9,29,13745.388635
-37.37,37,13745.998545
-40.46,28,13746.815983
33.0,31,13747.310512
33.0,33,13747.975479
32.111588,40,13748.687357
-43.11,24,13749.191045
-43.79,26,13749.700594
-40.78,29,13750.23921
35.494297,26,13750.738434
-38.34,26,13753.243171
41.609865,20,13753.600199
-41.53,25,13754.037018
-33.0,34,13754.67359
-41.36,29,13755.228868
-38.78,21,13755.635587
-38.4,26,13756.168495
-32.14,28,13756.728873
-38.47,24,13757.117313
32.403292,27,13757.565769
-33.0,27,13758.039574
-47.87,35,13758.647206
34.344813,29,13759.104466
32.882353,29,13759.668982
-41.23,25,13760.16589
-42.0,22,13760.526106
-38.57,28,13761.035545
32.15444,36,13761.718754
32.814103,36,13764.54057
-38.1,25,13764.978401
-36.0,27,13765.43094
-40.51,32,13766.317655
-35.31,29,13766.87989
38.186131,22,13767.283923
-32.53,35,13767.97451
37.255573,26,13768.465149
-41.69,23,13768.904663
-41.04,27,13769.384537
-32.13,32,13769.899836
41.100775,20,13770.214848
-44.06,19,13770.559384
32.604317,31,13771.019395
-41.04,39,13771.683407
-35.67,32,13772.291558
-39.0,33,13772.939
-38.51,29,13773.473825
-40.89,19,13775.896868
41.703008,17,13776.180008
-44.37,36,13776.841287
32.772414,34,13777.436732
33.943527,32,13778.052024
-35.22,25,13778.541473
-44.34,40,13779.350442
-43.97,31,13780.002728
37.360973,28,13780.548231
35.345972,26,13781.114574
35.900662,25,13781.589392
32.055172,30,13782.212021
-34.78,43,13782.968682
-35.97,29,13783.458444
-41.9,35,13784.173271
-41.88,24,13784.620493
-41.54,29,13785.168651
-38.7,27,13787.706492
-44.11,31,13788.223654
-41.25,18,13788.515374
34.555176,73,13789.770649
32.615385,30,13790.419082
41.287273,21,13791.024333
-35.7,29,13791.59302
-41.63,32,13792.168809
-41.7,27,13792.844712
-41.31,23,13793.30131
-32.58,31,13793.867344
-41.5,22,13794.234612
-41.2,23,13795.000373
-41.53,29,13795.464689
-35.35,23,13795.815143
32.149813,34,13796.362684
35.654179,29,13796.839276
-35.91,33,13797.447248
35.482289,25,13799.984252
32.90106,31,13800.491053
-38.06,23,13800.908423
-38.82,32,13801.481034
-44.72,28,13802.026467
-39.0,22,13802.451685
-41.02,22,13802.877792
32.208054,42,13803.679386
32.049536,25,13804.165862
-38.37,32,13804.836123
-35.16,34,13805.539158
-35.41,23,13806.025635
38.228873,22,13806.513315
-41.43,26,13807.083965
-32.41,34,13807.654781
-38.06,25,13808.067309
-35.12,27,13808.515661
35.550562,45,13811.377589
35.361538,30,13811.918691
-38.89,22,13812.259034
-41.13,26,13812.683574
-37.88,32,13813.203939
-38.52,30,13813.71836
-34.73,32,13814.352643
-35.74,43,13815.223168
-38.17,22,13815.666868
-38.62,28,13816.190204
-36.0,38,13817.123575
-38.92,25,13817.602048
-41.41,21,13818.026495
-41.35,62,13819.237609
-34.69,28,13819.671486
-46.07,20,13820.000433
37.632008,23,13820.408877
32.569231,31,13823.085417
-35.11,25,13823.593407
-35.18,28,13824.16964
-40.9,28,13824.658544
-36.0,24,13825.060952
-34.05,24,13825.477866
33.0,62,13826.606156
-36.0,83,13828.300062
-34.7,37,13829.056105
-38.07,23,13829.516832
36.0,26,13829.957175
-35.12,39,13830.840564
38.592593,28,13831.374919
37.574519,25,13831.752359
-35.75,24,13832.115325
-32.78,29,13832.571795
-35.18,33,13835.14626
35.247148,24,13835.613924
-38.89,23,13835.977469
-37.59,35,13836.627217
32.700704,28,13837.09993
44.342412,29,13837.555387
-32.66,25,13837.99015
-38.21,34,13838.637138
-39.0,28,13839.152864
-38.4,28,13839.683022
32.626113,30,13840.261956
-38.07,26,13840.841062
32.254098,30,13841.433866
-32.39,27,13841.945794
-38.62,38,13842.769407
-35.32,28,13843.339667
-35.2,57,13846.965028
36.0,23,13847.545298
-32.72,28,13848.18498
-33.0,29,13848.66748
35.693966,25,13849.117426
35.006897,28,13849.655961
42.880035,16,13849.936301
-32.58,39,13850.625906
-38.91,25,13851.097822
-36.0,25,13851.591654
-35.44,28,13852.117553
-32.91,25,13852.554353
36.0,36,13853.227524
-44.34,26,13853.718965
-42.0,27,13854.229695
37.804183,23,13854.712135
-41.46,18,13855.043163
33.0,32,13855.672215
32.365854,98,13863.273973
-31.51,29,13863.900885
35.193798,34,13864.672641
38.225681,20,13865.081106
-38.91,30,13865.696311
34.796709,26,13866.275528
-41.71,21,13866.72597
-41.38,23,13867.223822
-38.9,34,13867.990484
-32.05,34,13868.711559
-35.92,76,13870.307221
-44.56,23,13870.730099
-33.0,29,13871.268125
-32.6,26,13871.776653
38.632727,22,13872.203101
-34.69,29,13872.925775
32.804878,30,13875.518561
35.129139,27,13876.19457
-38.78,30,13876.828817
-40.24,34,13877.409868
-40.49,21,13877.801191
-41.29,41,13878.609182
-35.03,40,13879.490345
-41.13,21,13880.121681
33.0,29,13880.683553
-41.38,23,13881.167633
-37.63,29,13881.765696
32.547794,29,13882.400981
-41.1,21,13882.86314
32.900398,26,13883.366854
-38.05,33,13884.058291
35.027027,22,13884.484881
-44.28,29,13885.006503
-41.88,30,13885.614123
-38.19,20,13888.13202
-40.65,23,13888.568196
-44.75,20,13888.92139
-35.6,23,13889.355603
32.11254,44,13890.105109
-38.35,27,13890.648589
-41.27,27,13891.268229
-35.64,33,13892.037911
32.102128,34,13893.005941
-33.0,39,13893.979917
-39.0,24,13894.597644
-40.9,23,13895.11906
-40.78,27,13895.727562
-38.52,26,13896.274447
-39.0,21,13896.703027
-38.51,24,13897.14268
-33.0,36,13897.881338
-41.25,26,13898.40965
-42.0,20,13898.816672
-38.69,34,13901.377616
-38.19,25,13901.723546
32.715953,26,13902.13342
-39.0,24,13902.569091
32.483271,29,13903.094704
-32.8,29,13903.665874
-32.3,33,13904.574463
-33.0,28,13905.238586
-44.28,17,13905.587613
-44.11,21,13906.02203
-39.0,29,13906.579177
-44.76,26,13907.096714
-35.18,28,13907.683372
-40.56,29,13908.304575
-41.07,30,13909.068287
-41.67,20,13909.476765
-37.48,27,13910.013337
34.712121,29,13910.608386
-35.36,32,13913.436719
-43.78,24,13913.902364
35.536543,26,13914.345732
32.878543,30,13914.850099
-38.57,36,13915.470335
39.0,27,13915.952955
35.875,32,13916.637276
-42.0,23,13917.159744
-41.25,40,13918.012136
-38.96,22,13918.492582
-38.55,31,13919.083269
-38.67,29,13919.667969
-37.88,26,13920.211538
-35.04,29,13920.794352
-36.0,23,13921.277874
-35.44,27,13921.802683
-32.71,30,13922.394562
-39.0,27,13922.938918
-32.78,31,13925.692048
-42.0,28,13926.142848
-38.46,23,13926.519227
35.512368,32,13927.009583
-38.94,34,13927.575348
-36.0,26,13928.122967
-37.76,27,13928.683183
-42.0,53,13929.854887
-36.0,29,13930.41419
-37.97,28,13931.004635
-35.65,27,13931.542518
32.488055,41,13932.323198
36.0,47,13933.484841
32.790323,35,13934.156655
-36.0,31,13934.797085
-38.83,70,13938.666672
-32.22,35,13939.212946
-32.65,34,13939.719547
-44.15,18,13940.003217
-36.0,29,13940.434421
-41.45,21,13940.732622
32.641509,36,13941.366218
-35.17,29,13941.922037
-33.0,30,13942.528362
36.0,30,13943.148927
-38.88,30,13943.811405
-32.54,28,13944.339951
-36.0,27,13944.865056
-35.91,58,13946.033688
-38.06,22,13946.508047
-41.66,20,13946.901062
-35.05,26,13947.441599
39.0,22,13950.082922
-38.57,37,13950.838594
-40.89,20,13951.192405
39.05532,31,13951.670084
-32.7,26,13952.05836
-33.0,36,13952.611153
35.604839,25,13953.037015
-41.6,31,13953.576917
-41.84,37,13954.32875
-32.7,35,13955.006713
-39.0,22,13955.436933
32.902878,27,13955.990302
-44.16,24,13956.605931
-41.64,45,13957.554708
-35.4,29,13958.214893
-41.9,19,13958.670011
-41.68,30,13959.364327
-32.13,28,13960.010257
-42.0,33,13962.886828
-38.64,43,13963.74441
-36.0,44,13964.599432
-40.39,34,13965.085189
-35.73,36,13965.649012
-38.68,28,13966.178471
-36.0,23,13966.682983
-35.18,38,13967.551679
32.05618,33,13968.269238
-41.62,18,13968.662267
-35.23,39,13969.481904
32.697595,28,13970.201255
-41.04,27,13970.705935
-40.69,29,13971.271819
33.0,24,13971.764302
38.323077,22,13972.200343
-44.88,20,13974.771488
32.117347,30,13975.341226
-32.48,34,13976.09568
-41.85,27,13976.557653
-35.38,41,13977.325989
37.942689,21,13977.660925
-35.77,24,13978.062019
-40.85,24,13978.523017
32.484444,33,13979.046947
-38.11,26,13979.58659
-34.86,31,13980.251812
32.38961,37,13981.102832
-38.56,38,13981.903006
-34.64,26,13982.437768
-36.0,32,13983.097607
32.751656,32,13983.723569
-38.71,27,13984.261068
-44.27,24,13984.726061
-40.85,22,13987.337657
-44.65,30,13988.208959
-39.0,32,13988.83215
-37.71,35,13989.447916
-40.35,25,13990.126472
-39.0,36,13990.679096
-33.0,24,13991.074835
-34.62,40,13991.745352
-35.31,25,13992.129337
-32.8,39,13992.878999
-41.32,23,13993.453462
32.775591,37,13994.301781
-35.49,32,13994.937097
35.492611,25,13995.444528
-35.61,28,13996.019105
-37.64,28,13996.595351
-38.16,20,13997.003455
35.8,26,13999.741167
-41.15,25,14000.259078
-37.8,26,14000.801454
32.505703,51,14001.806804
-34.79,26,14002.280555
35.292308,39,14002.886546
-36.0,22,14003.286072
33.0,36,14003.841397
-44.06,22,14004.201777
-37.28,24,14004.594562
-38.35,27,14005.189564
-41.5,26,14005.764969
-33.0,35,14006.462198
-35.86,25,14006.944156
33.0,27,14007.480685
-36.0,27,14007.994199
-39.0,31,14008.669815
-32.35,44,14011.680781
-38.67,25,14012.166792
-40.3,28,14012.716388
32.078652,29,14013.447267
41.631783,17,14013.823573
-40.32,28,14014.32472
-33.0,30,14014.806858
-44.57,23,14015.213286
-44.22,22,14015.567029
-38.45,29,14016.027284
32.421642,32,14016.831634
-41.41,29,14017.271905
-40.89,22,14017.722685
-38.33,25,14018.353673
-35.86,35,14019.111663
-38.47,23,14019.571699
-41.81,28,14020.119675
32.563707,29,14020.676992
-41.91,25,14021.151309
34.125915,34,14024.012463
-32.05,29,14024.665887
-41.72,26,14025.18066
32.767442,33,14025.773451
-38.88,34,14026.402488
-47.5,23,14026.835871
-38.16,21,14027.234396
-39.0,34,14027.804823
-38.05,22,14028.211683
-32.91,30,14028.938382
38.602941,29,14029.377664
-38.09,39,14030.26651
-36.0,26,14030.788504
-35.31,30,14031.379837
-35.31,26,14031.903547
-35.04,30,14032.605908
-42.0,24,14033.068244
-41.15,37,14033.839857
-41.88,52,14037.075722
-38.83,20,14037.47418
-32.17,34,14038.072854
-39.0,29,14038.520174
-40.82,32,14039.149456
-44.16,14,14039.383119
-35.05,31,14039.998948
-33.0,30,14040.627882
35.719844,25,14041.017483
-32.16,57,14041.951327
-38.35,25,14042.384188
-39.0,34,14043.03536
-41.83,28,14043.797244
-44.09,30,14044.450508
-32.75,29,14045.025985
-44.08,32,14045.692027
-36.0,35,14048.589712
-38.87,21,14049.036014
-40.79,31,14049.691215
-44.08,20,14050.090912
-39.0,20,14050.461013
-41.96,29,14050.989582
39.0,24,14051.401025
-41.63,25,14051.80438
-41.33,27,14052.329052
34.77234,29,14052.869244
-38.47,25,14053.293532
-44.36,21,14053.625759
-35.68,30,14054.065654
38.109789,30,14054.589053
35.588679,27,14055.056302
-35.0,22,14055.536955
-32.21,40,14056.306568
-38.9,30,14056.894134
-38.69,19,14057.278485
-40.49,26,14059.845518
-31.61,27,14060.422824
-32.24,32,14061.044261
39.0,26,14061.540911
33.0,25,14062.045122
-44.43,26,14062.501455
-38.01,32,14062.996329
-38.66,23,14063.397187
-32.33,83,14064.837381
-32.5,35,14065.486186
30.0,26,14065.93164
32.064639,34,14066.681012
-37.8,26,14067.131078
-38.24,28,14067.687139
-44.93,20,14068.100913
-38.17,30,14068.711687
35.832797,44,14071.887847
-39.0,29,14072.483968
-34.95,34,14073.142889
36.0,24,14073.743588
-37.22,32,14074.38268
-36.0,30,14074.935906
-35.57,31,14075.493436
-35.06,21,14075.893828
32.814332,28,14076.390808
-44.78,22,14076.75256
-41.12,24,14077.235808
-43.32,30,14077.783911
-37.91,30,14078.303961
-40.28,29,14078.783663
-40.99,31,14079.347317
-38.84,24,14079.756987
-38.21,26,14080.212227
-41.64,20,14080.634727
-35.21,29,14081.238702
35.980556,29,14084.012398
32.025806,22,14084.459644
-35.85,29,14085.005159
-35.15,35,14085.650586
-41.1,25,14086.135051
35.346154,34,14086.669259
36.0,24,14087.111405
-41.06,23,14087.538914
-32.24,30,14088.118452
-33.0,42,14088.916186
-35.89,39,14089.698857
-44.46,31,14090.274362
-38.08,25,14090.766871
-41.34,27,14091.242202
-39.0,29,14091.965283
-41.18,24,14092.483145
-34.55,24,14092.962069
32.741007,26,14093.497143
-44.13,23,14096.122055
-41.59,28,14096.853014
37.835869,23,14097.315241
32.401141,28,14097.894923
34.953651,32,14098.498787
-35.49,38,14099.200862
34.843197,29,14099.872736
-41.32,30,14100.369468
-32.75,26,14100.850723
-42.29,23,14101.331446
-38.58,23,14101.783977
34.994978,26,14102.370139
-32.78,36,14102.978171
35.585106,27,14103.378207
-32.25,50,14104.362402
-33.0,33,14104.927196
-32.57,31,14105.549111
-35.96,27,14108.21537
-34.95,32,14108.891729
-37.83,42,14109.718831
-40.34,27,14110.226649
-36.0,22,14110.599735
-32.26,32,14111.136392
-45.0,28,14111.625248
-41.59,26,14112.073977
-35.19,34,14112.817927
-43.61,24,14113.321548
-35.92,37,14114.099899
-35.23,38,14115.276369
-44.63,23,14115.796588
-35.89,27,14116.274849
-41.98,30,14116.850029
-38.03,20,14117.203029
-38.54,31,14117.767588
-39.0,43,14120.973423
-38.32,24,14121.485787
-35.01,27,14122.044652
-44.13,28,14122.570766
-38.16,38,14123.216651
-32.6,39,14124.056393
-36.0,31,14124.580262
-41.31,25,14125.040319
36.0,26,14125.531816
-41.48,21,14126.000052
-38.38,35,14126.68945
-41.47,26,14127.168594
-33.0,39,14127.985864
-33.0,30,14128.605178
-32.43,33,14129.235501
41.034749,25,14129.689089
-39.0,24,14130.080307
-43.58,23,14132.629454
-42.81,29,14133.247001
-38.29,24,14133.719175
35.359589,26,14134.207825
-38.2,25,14134.675934
38.213368,22,14135.060319
-33.0,27,14135.551667
-38.91,27,14136.023505
35.496795,26,14136.43848
-37.71,27,14136.874025
-38.68,31,14137.523454
-41.71,23,14138.047603
-33.0,29,14138.674264
-41.52,29,14139.240497
-41.18,25,14139.777088
-43.81,25,14140.298827
-38.81,19,14140.712488
32.519531,30,14141.381711
-44.02,17,14141.802572
-38.9,26,14142.254283
-43.69,31,14145.412301
-39.88,22,14145.878616
32.038168,31,14146.439858
39.200739,48,14147.392537
38.706102,32,14147.921505
-42.0,18,14148.227822
32.334677,39,14148.923832
-32.01,29,14149.409286
-41.28,19,14149.831316
-38.18,27,14150.571595
-32.69,39,14151.40784
-39.0,28,14151.972307
32.991259,33,14152.616726
-38.68,33,14153.256646
-34.6,26,14153.813429
-33.0,31,14154.450244
-40.54,25,14154.900323
-38.82,27,14157.604297
-41.07,27,14158.239265
-33.0,28,14158.785079
34.931791,26,14159.254836
38.553936,34,14159.927794
36.0,46,14160.763016
-35.43,26,14161.317897
-32.12,22,14161.749311
-38.2,26,14162.304846
-38.84,22,14162.761002
-35.27,28,14163.317225
38.171103,18,14163.694715
35.05,27,14164.214999
-38.01,24,14164.732205
-33.0,27,14165.310808
32.479564,25,14165.830296
36.0,35,14166.586374
-37.03,26,14167.112921
-41.91,22,14167.587755
33.0,26,14170.166819
36.0,25,14170.658914
-44.17,31,14171.466547
-33.0,28,14172.070008
-43.68,18,14172.36366
-41.28,17,14172.680204
32.220588,31,14173.210173
-43.72,21,14173.585239
-44.58,26,14174.001604
-35.91,24,14174.449003
-44.32,31,14175.202476
-35.94,27,14175.810848
-38.33,25,14176.316306
32.18251,35,14177.09605
-32.55,35,14177.906351
31.988136,27,14178.612874
-38.33,32,14179.246571
33.0,28,14179.813356
-41.37,49,14182.918349
45.0,16,14183.233467
-33.0,28,14183.814197
-44.22,30,14184.372473
-39.91,21,14184.751881
-32.3,32,14185.312235
-35.7,27,14185.798799
33.0,28,14186.279158
-37.65,29,14186.852914
35.233577,29,14187.45741
-38.86,30,14188.11882
-47.53,17,14188.411896
35.32646,28,14188.976247
-33.0,29,14189.551746
-32.9,28,14190.155607
-41.38,24,14190.647931
-43.52,19,14191.019501
-40.61,26,14191.581177
-38.08,21,14191.967247
32.251748,26,14192.485512
-45.0,23,14194.951074
-32.29,35,14195.549598
-38.74,25,14196.021937
35.206154,25,14196.423557
-38.44,27,14196.913311
-37.89,29,14197.422251
-38.77,25,14197.830435
36.0,21,14198.220422
-38.81,30,14198.941699
-35.12,37,14199.695128
32.698925,28,14200.226994
35.336449,27,14200.751741
-34.8,31,14201.382824
-37.71,37,14202.117872
35.646048,38,14202.925968
-42.0,23,14203.548599
-39.0,28,14204.188297
-39.0,26,14204.704788
-42.0,23,14207.234534
-34.71,35,14207.842498
-36.0,36,14208.478251
-44.05,22,14208.967739
32.670695,26,14209.455913
-35.04,28,14209.93361
32.819853,34,14210.560076
-39.0,23,14210.992861
-41.51,30,14211.579365
-38.38,38,14212.317387
-34.51,28,14212.872452
35.521173,20,14213.270407
-36.0,23,14213.723517
32.112583,30,14214.377496
-34.86,35,14215.029377
-38.61,30,14215.588487
-41.71,20,14215.965597
-40.76,20,14216.361078
32.858044,24,14216.845856
37.806707,30,14219.477031
-35.39,37,14220.060328
-41.05,27,14220.442041
-32.77,52,14221.386912
-32.34,37,14222.09109
-34.86,38,14222.823288
-44.03,26,14223.350486
-42.0,20,14223.751952
-36.0,33,14224.451642
-38.77,32,14225.301244
-41.18,37,14226.023727
-41.1,23,14226.516982
-39.0,24,14227.026718
-33.0,24,14227.486971
-38.2,21,14227.924984
-37.64,32,14228.629805
-32.8,32,14231.534839
-38.11,34,14232.099477
36.0,26,14232.496354
-44.42,15,14232.73267
33.0,34,14233.21559
32.185185,38,14233.790424
32.266254,33,14234.339176
-35.44,29,14234.904542
32.171103,29,14235.460552
-39.0,24,14235.911928
38.776557,29,14236.473174
-35.3,30,14237.099575
-41.51,24,14237.424881
-37.38,20,14237.806908
-38.56,28,14238.384651
-41.19,22,14238.843187
-36.0,23,14239.325646
-32.24,30,14239.92603
-35.66,25,14240.409713
-44.65,46,14243.567091
33.0,39,14244.38986
-44.34,24,14244.868458
-32.78,34,14245.378913
-32.91,29,14245.775617
-32.08,53,14246.536254
32.097015,29,14247.071319
-38.02,35,14247.806038
-41.89,23,14248.256859
-35.55,46,14249.239239
-41.86,25,14249.779799
-35.09,29,14250.427565
-37.95,24,14250.938645
-41.05,22,14251.720912
-35.32,28,14252.2741
35.291667,32,14252.887944
41.400794,24,14255.585079
41.240418,23,14256.044565
-32.82,44,14256.907728
-44.06,24,14257.472394
-32.54,28,14258.053725
31.536789,30,14258.512468
35.875,28,14258.889759
35.303448,30,14259.341953
37.507999,47,14260.161904
35.400662,34,14260.831821
-38.51,22,14261.262048
35.9,32,14261.899599
-35.44,22,14262.341776
-38.44,26,14262.85608
35.075758,22,14263.274497
-38.05,28,14263.860818
-42.37,25,14264.378575
39.0,20,14264.756472
32.742063,28,14267.542969
-40.98,28,14268.151322
-40.57,29,14268.766159
-41.31,27,14269.387913
38.902357,24,14269.807607
-38.88,24,14270.290143
-42.0,15,14270.573822
-32.28,27,14271.000104
32.281787,29,14271.459645
38.752613,31,14271.941244
-38.12,22,14272.347342
32.258303,31,14272.855537
-41.88,25,14273.384687
-47.41,32,14274.005429
-38.43,27,14274.524071
-35.04,22,14274.947203
-31.7,27,14275.452744
-35.09,30,14276.042068
-40.59,20,14276.464761
37.759843,24,14279.18475
-40.14,32,14279.794742
-35.7,37,14280.537284
-34.84,39,14281.261492
-41.26,40,14282.076269
37.857513,46,14282.860202
-37.49,36,14283.713189
-44.91,29,14284.158722
-44.74,23,14284.532423
-39.0,33,14285.081183
-32.94,76,14286.509444
-35.86,30,14287.095714
-38.66,23,14287.526441
-42.0,19,14287.891634
-35.52,34,14288.612435
35.725564,29,14291.450136
-38.91,41,14292.302915
32.696246,29,14292.980309
-35.78,27,14293.497667
-38.76,29,14294.124182
-33.0,33,14294.74654
43.229342,31,14295.253352
-38.5,41,14295.934408
-37.25,29,14296.457279
-35.42,26,14296.912708
-38.78,26,14297.322144
-43.44,22,14297.740083
-32.3,28,14298.209889
38.121212,32,14298.874667
-41.91,21,14299.308148
-42.0,29,14299.834091
-35.47,28,14300.39235
-36.0,26,14303.137933
-41.53,18,14303.577372
-38.33,25,14304.23626
-36.0,28,14304.782891
-32.14,38,14305.536019
-43.89,25,14305.969424
33.0,29,14306.44969
-36.0,31,14306.986876
-32.56,28,14307.913129
-32.24,24,14308.443201
-38.81,29,14308.870584
-42.0,34,14309.435848
-38.65,29,14309.949642
-41.5,23,14310.327657
-46.64,23,14310.783467
-42.0,18,14311.104643
-32.12,34,14311.983868
-38.35,24,14312.476522
-44.08,20,14312.926567
40.244008,23,14313.352627
32.317343,27,14316.194607
32.223881,99,14318.16546
42.0,20,14318.539934
32.2607,32,14319.387101
-38.6,23,14319.771939
-35.35,25,14320.267384
32.426829,34,14321.014111
-39.0,19,14321.386783
-43.57,34,14322.021974
33.0,25,14322.476648
-36.0,23,14322.912701
-42.0,18,14323.235959
-41.45,35,14323.94479
-38.08,27,14324.50162
32.151724,26,14324.990469
38.975831,23,14325.469412
-40.32,24,14326.270674
-32.7,29,14328.996292
32.491071,30,14329.603935
-32.69,31,14330.122748
-33.0,26,14330.810199
32.447853,35,14331.472059
-35.96,95,14333.291027
-43.27,25,14333.768248
-39.0,25,14334.253567
-44.12,23,14334.799657
-32.41,31,14335.441387
-38.41,37,14336.193541
32.864353,29,14336.821558
-32.88,36,14337.695383
-38.61,25,14338.872131
44.338028,43,14343.082839
-32.24,27,14343.692708
37.920809,22,14344.244835
40.175175,23,14344.895602
-39.0,31,14345.734617
36.0,29,14346.504199
-44.31,19,14346.865098
-39.0,35,14347.536695
-39.0,32,14348.286919
-39.0,32,14349.037224
32.422383,34,14349.792278
32.489655,33,14350.530298
-32.97,33,14351.14498
35.440171,30,14351.639613
-38.78,32,14352.373291
-38.51,26,14352.914302
-37.73,38,14353.769051
-35.48,25,14354.245835
-32.75,24,14356.830555
35.703008,28,14357.397044
-41.05,26,14357.835594
32.210702,31,14358.359031
-44.8,31,14358.869308
-43.4,16,14359.152005
-35.15,19,14359.467861
-47.45,14,14359.716308
-35.54,28,14360.285905
-41.06,21,14360.766993
-38.78,49,14361.760853
34.769231,25,14362.230657
-34.71,54,14363.224767
-38.26,30,14363.729113
-34.65,30,14364.344851
41.902128,22,14364.726447
35.862052,35,14365.431627
-32.14,32,14366.627042
-35.6,25,14369.480872
-38.47,21,14369.885282
-38.09,30,14370.455605
32.126866,33,14370.968054
-38.15,26,14371.376352
-42.96,25,14371.790756
-35.55,28,14372.200857
40.368584,21,14372.574039
32.027778,39,14373.278273
-41.18,27,14373.768779
-35.45,29,14374.330155
32.817734,33,14374.96263
-41.23,19,14375.320923
-44.04,23,14375.741746
-44.75,22,14376.071761
32.306338,33,14376.644742
-38.29,21,14377.02124
-39.0,33,14377.570547
-34.64,24,14378.00077
33.0,26,14380.619088
35.193103,26,14381.245913
-40.81,27,14381.906004
35.104247,23,14382.36398
-39.0,22,14382.697021
-32.91,25,14383.153924
-44.48,20,14383.495164
-44.1,25,14383.911992
-35.88,31,14384.669088
-35.66,31,14385.294269
-41.25,33,14385.923797
-41.8,77,14387.585091
-38.36,32,14388.105712
-38.71,29,14388.560924
-32.59,26,14388.981762
-41.13,29,14389.501044
-32.01,28,14389.957311
-35.36,26,14392.733644
32.003636,28,14393.295367
-38.1,22,14393.729065
-38.91,25,14394.224081
-36.0,35,14394.910126
-36.0,31,14395.464892
30.0,32,14395.959531
-41.71,22,14396.356861
32.25,28,14396.919595
-41.38,23,14397.369258
-36.0,23,14397.831179
-44.42,17,14398.206465
-35.28,32,14398.91166
-38.59,21,14399.615302
-41.25,23,14400.068281
-35.61,24,14400.579146
-41.21,25,14401.110174
38.245552,27,14401.599416
-40.73,20,14401.904768
-44.19,31,14402.373371
-35.52,31,14404.928807
-39.0,31,14405.47283
-32.7,25,14405.973207
-41.9,23,14406.500146
35.52381,25,14406.978075
-32.79,33,14407.72195
-43.1,21,14408.132345
32.474576,30,14408.760655
-32.29,31,14409.466352
-38.11,25,14410.017036
-41.13,21,14410.505233
32.900735,28,14411.177656
-44.81,27,14411.714012
38.417969,27,14412.299468
-38.04,28,14413.066095
-41.72,24,14413.700847
-32.41,27,14414.284066
-41.32,20,14414.689049
-32.5,38,14417.491745
-41.64,28,14418.071356
-32.91,35,14418.843119
-38.37,23,14419.377568
-45.0,26,14419.982589
-38.68,32,14420.904237
-44.06,24,14421.418375
33.0,27,14421.92351
-41.4,23,14422.346053
33.0,24,14422.919756
-36.0,37,14424.030571
-40.58,25,14424.648309
-45.91,25,14425.180555
35.019763,29,14425.826456
-46.31,20,14426.256799
-44.44,29,14426.905869
-36.0,30,14427.586589
-36.0,27,14428.258437
37.368028,29,14428.89344
-37.41,53,14432.345585
-35.77,25,14432.955808
36.0,26,14433.847058
-40.77,34,14434.6665
-41.45,29,14435.265813
-35.63,30,14435.916867
-38.46,38,14436.634392
-31.7,31,14437.266489
-41.03,26,14437.86175
-44.11,26,14438.515666
-38.4,29,14439.213685
-35.71,24,14439.783519
38.607273,23,14440.296228
-44.33,19,14440.815101
-32.65,31,14441.574399
-35.51,38,14442.689819
-38.56,31,14443.29325
-41.47,37,14446.1626
-35.39,28,14446.752182
-38.68,23,14447.247999
-42.0,30,14447.895049
-35.34,29,14448.530319
-34.67,29,14449.097407
-38.81,23,14449.480737
-41.79,26,14449.932319
-32.18,34,14450.878187
38.131579,31,14451.510895
-32.05,36,14452.302397
-38.19,21,14452.767091
38.074695,24,14453.289064
-45.0,28,14453.916629
-39.0,29,14454.562845
32.893536,28,14455.145969
32.84739,38,14455.955462
-37.75,27,14456.613606
-41.1,28,14459.385467
32.900735,31,14460.002205
-35.71,38,14460.923679
-47.18,18,14461.277059
35.60559,34,14461.858026
-40.97,40,14462.592861
-38.65,22,14462.9741
-38.89,23,14463.388474
-40.61,34,14464.140876
-41.9,27,14464.875054
-37.55,25,14465.55558
38.261364,25,14466.124383
-32.67,32,14466.827134
-41.49,20,14467.267005
-41.76,20,14467.724593
35.049342,30,14468.450314
-41.01,23,14469.074833
38.165746,25,14469.647039
-40.59,30,14472.646571
-41.9,52,14473.513162
-41.28,25,14473.97069
-38.23,27,14474.532594
-38.31,26,14474.991712
-33.0,23,14475.310215
-38.73,33,14475.834882
-35.89,32,14476.374392
38.405405,21,14476.783258
-38.41,20,14477.405201
-36.0,26,14478.202428
-36.0,28,14479.086506
35.048889,28,14479.643589
-41.87,28,14480.267386
32.056225,30,14480.893942
-44.59,28,14481.56703
30.0,29,14482.154283
-32.69,28,14482.764137
-32.15,39,14485.580354
-38.61,22,14485.967676
-32.41,30,14486.504591
-32.81,35,14487.278772
-32.46,30,14487.933135
-41.61,27,14488.432111
-40.82,27,14489.017372
-35.81,29,14489.65425
-41.59,35,14490.376721
-41.26,23,14490.906663
-32.34,45,14491.974151
-38.5,25,14492.850477
-44.19,25,14493.451361
32.68231,50,14494.661697
-35.59,44,14495.698199
-35.91,22,14496.364962
-38.29,31,14499.224509
-38.52,20,14499.499754
-44.59,27,14499.989371
-38.6,27,14500.495916
-41.91,20,14500.93521
-41.03,29,14501.622187
32.554779,39,14502.423551
-32.58,29,14502.987805
-38.06,27,14503.522774
-39.1,29,14504.150263
-41.88,26,14504.709391
32.302491,36,14505.481525
-33.0,24,14506.007147
-32.3,36,14506.737576
-38.3,31,14507.385551
32.334545,29,14508.141637
-41.06,22,14508.573765
-38.29,26,14509.120406
33.0,40,14512.031142
-35.26,32,14512.607312
-44.51,37,14513.211352
-36.0,37,14513.850654
-35.42,30,14514.394184
35.212928,28,14514.923595
-45.0,22,14515.423158
-32.87,27,14515.903873
39.42204,26,14516.396233
-41.16,20,14516.792491
41.630508,16,14517.177458
-44.71,16,14517.460475
-36.0,24,14517.98276
-35.63,33,14518.688096
-36.0,32,14519.314974
-44.21,21,14519.724327
-36.0,47,14520.681536
35.072967,33,14521.535496
-35.64,48,14524.706118
-38.67,24,14525.253146
41.097222,28,14525.755137
-41.02,24,14526.195863
-41.89,27,14526.68507
-41.0,15,14526.975672
-47.12,24,14527.45257
-35.39,25,14527.888674
-41.88,31,14528.46717
33.0,41,14529.339123
34.611111,30,14529.955956
-32.17,28,14530.567805
32.818182,27,14531.065146
-32.22,30,14531.684617
37.824302,29,14532.231945
-34.54,30,14532.845498
35.901575,29,14533.538589
-35.81,26,14534.194009
-32.24,30,14536.9931
-42.0,27,14537.506896
-35.1,27,14538.001257
32.588745,28,14538.482782
-38.73,26,14538.895116
-35.69,28,14539.381543
45.0,12,14539.635319
-39.0,32,14540.162924
-43.11,20,14540.492951
-32.23,24,14540.946203
-32.37,38,14541.695283
32.901149,31,14542.2808
-39.0,24,14542.774172
-34.77,81,14544.949687
-38.05,29,14545.540135
-34.73,27,14546.098042
-38.03,62,14549.58432
-38.17,30,14550.182313
37.202586,27,14550.863835
33.0,57,14551.763227
32.900726,29,14552.247775
-32.18,45,14553.025664
-41.68,26,14553.559471
-30.0,29,14554.136566
-38.02,32,14554.791347
38.602317,23,14555.31215
35.376923,26,14555.866023
-35.34,34,14556.555997
-32.18,28,14557.19891
-47.43,27,14557.929419
32.108108,28,14558.471242
-33.0,27,14559.009974
-35.23,38,14561.956986
-30.0,26,14562.41404
-32.77,30,14563.072439
-37.62,31,14563.604966
-37.55,21,14563.944669
35.448718,33,14564.431363
-30.0,44,14565.113783
-43.71,24,14565.579193
-36.0,49,14566.591851
-37.74,31,14567.296854
38.105058,28,14567.914498
-38.18,28,14568.42667
-38.49,26,14568.942231
36.0,21,14569.327793
-41.35,22,14569.778167
-32.37,147,14575.101146
-38.19,23,14575.620049
-41.91,22,14575.987063
-32.09,29,14576.502026
-35.49,30,14577.001707
-32.3,33,14577.796126
32.590909,29,14578.296572
37.055582,24,14578.74633
-41.06,36,14579.432727
-35.81,33,14580.144866
-38.96,32,14580.772602
-41.26,31,14581.400602
32.817881,28,14582.024206
-39.0,25,14582.55242
32.482201,38,14583.367758
-41.69,35,14584.068671
34.371434,27,14587.018928
-35.2,30,14587.781637
-41.79,23,14588.21932
-32.58,30,14588.822167
-35.65,24,14589.206405
-39.0,24,14589.553469
-38.77,24,14589.91285
-32.5,25,14590.238058
-44.69,19,14590.557057
-38.73,25,14590.950472
-38.32,27,14591.480447
-32.33,33,14592.11988
-38.63,29,14592.737815
38.335341,23,14593.18215
34.616186,38,14593.98056
-43.51,23,14594.47033
-35.52,24,14595.003882
-42.0,20,14595.430963
-32.65,36,14596.176977
-35.6,26,14599.016104
-38.23,32,14599.659964
-44.04,21,14600.136813
-38.23,29,14600.753407
-37.82,21,14601.14922
-38.04,34,14601.744564
-38.36,28,14602.173451
-41.29,24,14602.729765
-41.12,22,14603.074602
35.131687,27,14603.562527
-41.24,22,14604.23549
37.989586,28,14604.823107
32.133333,34,14605.501762
32.344961,30,14606.158276
-41.17,24,14606.677018
-31.68,33,14607.383685
-35.12,40,14608.178071
-38.87,31,14608.795154
32.395904,32,14611.539691
-35.63,24,14612.042381
-43.58,23,14612.507393
-36.0,25,14613.023062
-35.53,33,14613.632452
35.122222,25,14614.214563
-37.22,22,14614.739105
33.0,34,14615.345587
-41.08,24,14615.728392
-44.19,20,14616.070264
-33.0,22,14616.409575
35.237226,27,14616.900484
-38.55,31,14617.558657
32.591304,32,14618.223794
-31.92,69,14619.57634
32.757085,28,14620.121598
36.0,30,14620.713609
-41.2,41,14623.8457
32.222222,37,14624.613316
34.662348,70,14626.126236
-41.86,29,14626.69531
-31.64,37,14627.396758
-41.27,20,14627.759796
-42.0,41,14628.35306
34.470899,28,14628.840306
-32.13,44,14629.548177
-38.73,28,14630.240068
32.205405,27,14630.812092
38.188862,22,14631.225195
38.05597,20,14631.621327
-43.98,22,14632.059498
-35.89,48,14633.049942
-44.8,19,14633.403029
-40.93,25,14636.235055
-42.0,18,14636.628249
-37.46,26,14637.160134
-43.08,31,14637.824829
34.916475,35,14638.555831
-38.03,25,14638.992044
-35.81,33,14639.622889
32.725632,26,14640.076317
-41.13,33,14640.85214
-42.0,21,14641.099357
32.262357,31,14641.651604
-35.64,32,14642.224068
-38.38,24,14642.665185
32.343396,35,14643.355177
-38.96,27,14643.93895
-32.35,26,14644.499395
-41.29,26,14645.065104
-40.81,34,14645.779093
-35.07,44,14649.006201
-40.09,23,14649.461496
-39.0,50,14650.48655
-35.81,35,14651.12733
-32.74,40,14651.820678
35.484375,29,14652.304657
-31.88,27,14652.792524
-44.77,23,14653.115831
-32.19,28,14653.597101
34.716308,30,14654.158784
32.901639,31,14654.679286
-38.35,29,14655.222019
36.0,29,14656.05455
-44.03,18,14656.437042
-45.0,31,14657.099737
-44.19,20,14657.505413
32.607143,29,14658.0567
32.307087,37,14661.032381
-38.22,30,14661.680004
-43.33,24,14662.209893
-41.12,28,14662.880897
-41.38,20,14663.320807
-41.14,18,14663.67504
-41.8,29,14664.166715
-41.25,34,14664.842667
-36.0,41,14665.619831
-35.45,31,14666.219771
35.098592,29,14666.859144
-37.64,23,14667.476122
-42.0,25,14667.928529
41.115242,25,14668.396864
31.506944,28,14669.010777
-33.0,27,14669.674583
-38.38,26,14670.14834
-35.39,28,14670.719631
-35.37,35,14673.612508
-35.45,27,14674.176461
-41.46,38,14674.940097
-38.57,31,14675.578428
35.166667,32,14676.171506
-38.11,24,14676.587966
32.751534,25,14677.008239
44.194444,18,14677.331093
-37.69,27,14677.88474
-44.98,20,14678.297995
38.505714,21,14678.662568
-38.84,28,14679.124717
37.322406,28,14679.595603
-41.71,28,14680.036554
-41.86,23,14680.504613
-38.18,31,14681.20844
-32.87,29,14681.784976
35.065517,24,14682.265892
-44.69,32,14682.89861
-34.33,33,14685.85527
32.072954,28,14686.482764
-41.12,29,14687.09299
-32.8,26,14687.618956
33.0,40,14688.367322
-38.16,20,14688.768581
-32.5,32,14689.409856
-35.19,41,14690.252117
-35.27,33,14690.901246
-35.1,34,14691.493638
36.0,22,14691.828424
-44.59,28,14692.311482
-39.0,27,14692.762654
-35.76,27,14693.604527
-35.68,42,14694.467309
-33.0,26,14694.993659
-36.0,27,14695.475626
-38.5,22,14698.099847
-36.0,29,14698.74283
37.557692,23,14699.223062
-40.32,25,14699.781973
-35.56,28,14700.409458
-42.0,27,14700.889113
35.915556,30,14701.368838
-35.97,31,14701.919245
35.526667,27,14702.384167
-43.95,24,14702.856079
-38.8,26,14703.332989
-41.81,26,14703.855859
-41.02,52,14704.822597
32.709302,32,14705.442908
-38.51,21,14705.901209
-39.0,28,14706.461862
-32.15,31,14707.26413
-38.24,23,14707.704187
-35.17,47,14710.978893
33.0,28,14711.560238
-35.8,21,14712.096223
-38.91,44,14713.296541
-39.0,26,14713.891589
-41.72,25,14714.448588
32.599265,26,14715.018654
-41.75,22,14715.498449
-41.77,27,14716.110109
-38.41,37,14716.863795
-41.78,34,14717.566349
-47.64,22,14717.959051
-41.96,23,14718.926466
-35.92,29,14719.409197
-41.5,50,14720.423369
-35.42,30,14721.165132
34.44735,24,14721.62363
-36.0,22,14724.312023
-42.9,21,14724.721415
-41.17,24,14725.280886
-41.28,21,14725.636562
32.450704,29,14726.264056
32.474903,27,14726.745556
-32.34,39,14727.424806
-38.06,28,14727.946242
-44.89,19,14728.257121
-41.11,43,14729.107586
35.877483,25,14729.635062
34.894365,34,14730.453448
32.631179,31,14730.985255
-45.0,38,14731.691589
-38.71,34,14732.300999
-41.24,21,14732.744958
37.527793,29,14733.345287
-32.26,37,14736.620143
-44.73,25,14737.152952
-44.09,18,14737.501616
-44.43,20,14737.961069
37.764103,27,14738.624909
-39.0,24,14739.128592
-41.42,28,14739.673504
41.416342,18,14740.069927
-44.29,17,14740.361269
-36.0,35,14741.026866
-32.73,30,14741.571108
32.438849,38,14742.352462
-38.65,21,14742.827979
35.398773,33,14743.462845
35.305085,33,14744.146839
-41.38,26,14744.555987
-44.24,21,14744.93195
-45.0,32,14745.475647
-38.1,28,14746.015112
35.254032,24,14746.499066
32.076655,28,14749.919514
-38.91,34,14750.730752
32.759615,32,14751.336159
-41.59,25,14751.819554
-38.21,30,14752.4144
-35.58,26,14752.827939
33.0,33,14753.341817
-47.31,13,14753.553774
32.245136,28,14754.029994
-38.26,27,14754.516069
-35.63,28,14755.028039
-36.0,26,14755.54053
41.360902,31,14756.185138
-38.99,26,14756.706484
32.736842,36,14757.451988
38.125235,30,14758.044139
-32.28,30,14758.762335
-32.6,33,14759.340094
-41.15,44,14762.576338
-38.36,23,14763.059236
-41.68,22,14763.540004
-41.73,29,14764.06752
-38.69,22,14764.533266
-38.42,29,14765.022424
32.329545,26,14765.44165
-41.69,22,14765.82905
-41.78,17,14766.121631
31.998442,48,14766.976217
-33.0,35,14767.847723
32.455197,38,14768.694476
35.565543,29,14769.250093
35.232026,29,14769.844157
-38.02,28,14770.281395
-38.13,26,14770.677883
-41.31,40,14771.364575
-38.09,28,14773.833801
42.0,22,14774.251312
-35.61,25,14774.921095
-36.0,26,14775.449392
32.726619,37,14776.276518
-41.61,34,14776.962641
-34.91,38,14777.640609
-41.36,21,14778.018985
-38.71,28,14778.519815
35.641697,29,14779.148757
31.547619,32,14779.779862
-38.88,21,14780.236057
-35.0,34,14780.899029
-41.81,23,14781.334023
32.402332,49,14782.339921
-36.68,27,14782.794756
-33.0,23,14783.164332
-37.31,32,14785.937707
35.608511,36,14786.59173
-33.0,29,14787.35761
-35.61,24,14787.93718
-44.91,25,14788.444049
32.902878,23,14788.88676
-38.91,28,14789.426637
-38.14,46,14790.193093
35.387363,26,14790.619806
-38.68,25,14791.069905
-41.08,18,14791.388556
-41.66,23,14791.808316
-37.54,31,14792.46802
32.225564,28,14793.117989
34.473774,32,14793.772376
41.443333,38,14794.496345
-36.0,23,14795.023629
-35.35,39,14795.76651
-41.69,22,14798.516041
-33.0,32,14799.149528
-35.71,28,14799.686316
-41.3,21,14800.374929
32.140562,29,14800.875461
-32.02,31,14801.38137
-38.13,29,14801.857533
-32.83,37,14802.499151
34.465279,39,14803.204784
-32.78,82,14804.720231
-38.39,28,14805.260428
-35.16,27,14805.826074
-44.1,20,14806.258556
-32.12,31,14806.917383
-44.59,29,14807.556401
-33.0,35,14808.209255
33.0,29,14810.831748
-41.04,24,14811.322179
33.0,28,14811.819609
-41.6,30,14812.401921
-39.0,39,14813.334993
-44.41,39,14813.979668
-44.66,19,14814.317397
35.25,31,14814.830436
32.720755,33,14815.489647
32.227273,33,14816.126403
-43.79,24,14816.609003
-44.19,23,14817.091429
-38.25,21,14817.471059
36.797535,34,14818.130223
32.53876,30,14818.701722
-38.16,36,14819.39584
-35.59,24,14819.850338
-41.22,29,14822.918627
-38.71,37,14823.585982
35.141343,34,14824.223055
-41.36,23,14824.657356
-32.5,28,14825.250809
-47.19,23,14825.595818
-38.81,28,14826.366121
32.513932,43,14827.315865
-41.03,28,14827.86164
32.040441,32,14828.524443
33.0,24,14829.013602
-34.88,40,14829.864185
-40.15,19,14830.233325
32.368056,29,14830.857761
-44.02,23,14831.336929
32.154412,35,14832.106886
-35.08,41,14832.919296
-43.68,22,14835.213505
-41.75,25,14835.677736
-38.84,35,14836.373013
-37.52,18,14836.71013
-40.78,31,14837.210756
-32.32,38,14837.854667
-39.0,39,14838.547579
-33.0,35,14839.55957
-41.82,22,14840.024606
35.181529,24,14840.573413
-39.0,23,14841.048162
37.965801,26,14841.569314
35.762295,30,14842.202961
37.082039,27,14843.494057
-33.0,27,14843.876728
-32.29,26,14844.221142
-34.63,27,14844.739753
-44.07,19,14845.090124
38.171103,26,14845.583102
-39.0,22,14848.059816
-35.44,27,14848.492854
-35.68,22,14848.867766
-39.0,23,14849.266394
35.095588,31,14849.788024
-39.0,33,14850.427436
34.948276,24,14850.956389
-44.28,29,14851.523527
-44.24,19,14851.894492
-32.41,39,14852.855113
-37.82,29,14853.391071
-35.81,32,14853.983535
32.239837,32,14854.608136
37.039728,29,14855.161705
-38.76,38,14855.880721
-42.0,19,14856.690262
35.207516,41,14857.470374
38.11985,26,14858.020715
-39.0,26,14860.59337
-35.15,26,14861.015421
33.0,33,14861.493111
32.646667,26,14861.875539
-38.0,38,14862.466692
-38.54,53,14863.921371
-39.0,25,14864.387699
-39.94,26,14865.032712
-35.48,30,14865.659724
-41.22,25,14866.121526
-35.74,29,14866.680715
-35.08,28,14867.234228
-36.0,33,14867.900683
33.0,36,14868.639821
-40.88,22,14869.122815
32.160606,32,14869.792774
-32.68,30,14870.387404
-38.05,33,14872.973422
-41.15,29,14873.377656
-41.22,39,14873.91674
32.380392,31,14874.399685
-41.18,27,14874.85006
-47.23,15,14875.124563
-38.44,26,14875.597613
35.685897,26,14876.077837
-37.23,29,14876.66127
-40.9,23,14877.144866
-38.68,27,14877.930002
-42.19,23,14878.451327
-38.41,30,14879.08857
-35.81,32,14879.735071
-44.82,28,14880.377621
-38.5,23,14880.924664
38.09009,30,14881.534686
36.0,26,14882.045935
-42.0,23,14884.515716
35.008197,36,14885.086483
-41.34,24,14885.485692
32.187773,28,14885.850501
-38.46,26,14886.266743
-40.84,36,14886.852028
-41.72,21,14887.296249
38.642276,27,14887.841696
-37.07,26,14888.35136
-41.18,19,14888.720206
-41.1,22,14889.155057
-32.29,40,14889.943611
-35.83,26,14890.760827
36.0,30,14891.36999
-41.69,25,14891.898776
-40.18,26,14892.394155
-43.19,27,14892.911396
-35.18,37,14893.619461
-43.76,27,14894.126481
-35.19,25,14896.691912
-37.09,24,14897.06468
-44.14,35,14897.621351
32.902344,26,14898.03401
38.284483,35,14898.652548
-35.08,33,14899.203628
-41.13,24,14899.726903
33.0,28,14900.259588
-35.91,27,14900.823036
-41.25,24,14901.283128
-41.0,24,14901.779464
-38.76,29,14902.345638
34.657361,29,14903.097451
-41.91,22,14903.52699
-44.39,18,14904.547849
-43.86,21,14904.898074
-38.82,34,14905.50763
-43.35,27,14905.986571
-38.01,23,14906.453647
-39.0,32,14909.232257
-34.95,26,14909.666233
-44.41,21,14910.048838
-40.52,24,14910.400682
33.0,30,14910.778552
-33.0,27,14911.247935
-39.0,38,14911.901491
-41.4,22,14912.291186
-41.02,26,14912.688895
-41.73,20,14913.055668
-47.32,13,14913.32181
-38.33,34,14913.936378
38.086957,25,14914.425529
-46.67,25,14914.927499
-43.6,20,14915.287955
-38.62,35,14916.142891
-42.0,15,14916.481136
-41.64,18,14916.834167
-41.28,24,14917.319172
-38.13,30,14917.882077
-41.47,24,14920.725482
33.0,32,14921.450122
-38.06,25,14921.96278
33.0,27,14922.367444
-30.0,31,14922.851081
-35.46,29,14923.330751
-35.62,38,14923.956046
32.380282,32,14924.585722
35.467925,26,14925.062241
32.878327,28,14925.619147
-41.36,24,14926.065168
-41.08,24,14926.557421
-38.9,22,14926.993655
-40.94,30,14927.610113
-39.0,21,14928.066663
-40.51,33,14928.876023
-36.0,32,14929.559044
35.423469,30,14930.148453
-38.33,48,14933.216113
-35.39,28,14933.731411
-30.0,29,14934.290765
-41.64,33,14934.838017
-44.12,19,14935.110881
-38.09,21,14935.415146
32.409639,32,14935.870003
-44.78,16,14936.111315
-38.34,37,14936.672562
32.894531,28,14937.236676
-41.76,33,14937.90132
32.729839,26,14938.445247
-37.57,33,14939.092482
-46.4,17,14939.411391
-32.05,24,14939.890706
-33.0,35,14940.547328
-35.24,33,14941.775226
38.267483,49,14944.859355
41.407407,19,14945.238595
-40.12,26,14945.739353
30.0,23,14946.143602
-38.33,30,14946.740482
-32.84,33,14947.288051
36.0,26,14947.667569
-41.06,22,14948.018933
-38.84,23,14948.51643
-37.9,30,14948.987655
-44.63,21,14949.434645
-45.0,27,14949.95636
-41.71,24,14950.504984
-41.06,27,14951.054372
-35.0,26,14951.629331
-34.68,25,14952.143452
-38.5,29,14952.719636
33.0,28,14953.293984
-41.54,29,14953.825597
-34.8,25,14954.543222
-32.08,26,14957.417372
-38.23,26,14958.042194
-45.0,30,14958.764673
36.469621,28,14959.304721
-35.24,27,14959.756333
-41.51,19,14960.026066
-44.49,31,14960.58444
-36.0,42,14961.326549
-42.0,26,14961.809075
-38.84,34,14962.62719
35.580645,34,14963.309977
-37.3,29,14963.909762
-43.44,19,14964.319328
-47.29,18,14964.68757
-36.0,35,14965.42328
-32.03,36,14966.181908
-36.0,22,14966.651892
-32.4,27,14967.247123
-38.7,24,14970.147775
-38.71,28,14970.736103
-38.2,29,14971.318041
-41.21,20,14971.716166
-38.37,25,14972.228668
38.151751,23,14972.620117
-35.05,22,14973.02923
-40.77,18,14973.305822
-33.0,28,14973.716532
-45.0,23,14974.048861
-41.67,23,14974.476798
-42.0,25,14974.909707
-34.93,31,14975.471706
-35.33,42,14976.32316
-38.81,22,14976.796175
-38.33,20,14977.219088
-41.46,28,14977.897979
-41.56,29,14978.545923
-39.0,23,14979.054369
-41.83,30,14979.734931
-44.14,20,14982.587457
-41.91,22,14983.027603
32.198444,36,14983.799218
38.053004,22,14984.338934
-32.01,37,14985.18664
-38.8,23,14985.608104
-44.61,22,14986.031454
-41.6,24,14986.434017
-35.51,32,14986.92405
-44.62,24,14987.347517
-44.07,19,14987.641219
-42.0,26,14988.104211
-38.89,23,14988.502046
-32.48,35,14989.179425
-35.31,28,14989.74895
32.731788,26,14990.748842
-32.13,36,14991.601253
-40.53,30,14992.238048
36.64538,35,14992.978069
35.280374,35,14996.223984
-32.5,33,14996.917104
-41.04,32,14997.667094
-44.48,18,14998.088816
35.6875,28,14998.656265
-35.24,29,14999.196075
34.562821,30,14999.735045
-37.91,30,15000.221338
-36.0,20,15000.580451
34.902778,29,15001.076241
-38.22,28,15001.591401
-38.71,26,15002.215833
-41.76,24,15002.757303
-38.37,30,15003.3199
-44.07,30,15003.985242
32.127208,32,15004.704626
-36.0,25,15005.214663
-32.04,32,15005.854478
-35.89,49,15009.822773
-45.0,20,15010.260006
-38.52,26,15010.839257
-35.68,28,15011.449558
-38.56,15,15011.717159
-32.53,36,15012.429345
-41.91,26,15012.878795
-37.18,30,15013.404978
-41.79,18,15013.721673
32.46063,34,15014.324256
35.023256,33,15014.972211
-46.79,25,15015.488223
-33.56,29,15016.069679
-38.09,28,15016.61501
-43.99,36,15017.387597
-39.0,25,15017.916931
-40.49,34,15018.637544
38.653543,48,15021.840768
-40.82,34,15022.905327
-41.46,23,15023.450363
-41.08,23,15023.947049
-38.43,24,15024.371656
40.731444,34,15025.02081
32.768657,27,15025.577647
-35.53,26,15026.058189
-33.0,34,15026.6365
32.307463,29,15027.159534
-32.62,30,15027.660851
35.902527,25,15028.113959
-32.26,38,15028.910496
-41.73,24,15029.382877
-32.1,46,15030.370971
-39.0,32,15031.034694
-40.1,35,15031.810299
-41.24,34,15034.759167
-41.41,33,15035.48754
-35.5,24,15035.953981
-41.18,22,15036.403118
-41.52,21,15037.075449
-36.0,25,15037.5291
-34.33,36,15038.181763
-41.58,26,15038.667265
35.967509,30,15039.282336
-43.75,25,15039.801777
-38.8,20,15040.143838
-41.25,34,15040.733131
-32.13,38,15041.427883
-44.52,22,15041.747696
-36.0,34,15042.486044
33.0,33,15043.22451
-44.71,39,15044.000695
-38.59,28,15046.760519
-42.0,23,15047.268377
-33.0,29,15047.947831
-35.32,29,15048.695829
33.0,31,15049.381199
35.222222,37,15050.026645
-36.0,25,15050.47329
-41.69,26,15050.99687
-36.0,28,15051.516692
-32.31,36,15052.293768
-40.86,31,15052.825488
-41.43,33,15053.346738
-35.78,25,15053.918683
-35.25,22,15054.283751
-41.96,25,15054.734094
-38.4,27,15055.820031
-40.6,21,15056.219064
-35.26,24,15056.8622
-33.0,40,15060.00418
33.0,31,15060.579049
-35.25,30,15061.20531
-45.0,36,15061.922464
35.06993,28,15062.385066
-35.72,27,15062.818537
-34.12,26,15063.288231
38.5,23,15063.743904
-32.48,35,15064.679238
32.65233,33,15065.383275
-42.0,26,15066.248365
-32.15,38,15066.909881
-32.73,34,15067.478777
35.684211,27,15067.915008
-39.0,30,15068.495865
-37.51,29,15069.145698
-36.0,25,15069.64346
33.0,32,15072.358377
-42.0,27,15072.886483
-42.0,27,15073.459256
-35.18,34,15074.177963
-39.0,23,15074.577452
-41.79,22,15074.972502
-44.52,25,15075.461147
-32.5,30,15076.255706
-38.91,32,15076.86709
36.0,37,15077.689819
-38.42,26,15078.248454
-44.63,21,15079.032928
-41.43,17,15079.382513
-37.99,29,15079.923154
-42.0,24,15080.310653
-37.96,35,15080.937244
-41.62,25,15081.347845
-33.0,30,15081.904817
-35.89,41,15084.945867
32.445513,34,15085.676826
-47.19,18,15086.010328
-32.67,40,15086.896163
-34.96,33,15087.483822
-35.35,24,15087.916411
34.441376,37,15088.538489
41.164122,44,15089.316602
-42.0,21,15089.747079
35.928302,24,15090.127319
-41.08,22,15090.523193
-41.2,30,15091.154581
-44.36,21,15091.627632
41.678445,30,15092.17803
-33.0,28,15092.688414
-32.2,29,15093.17176
-43.5,23,15093.566893
-38.91,26,15093.953101
-38.26,25,15094.463645
-38.09,27,15097.106979
-38.9,29,15097.668451
-32.47,29,15098.297758
-37.97,29,15098.811859
-41.2,40,15099.552926
32.79021,25,15099.99034
-42.0,32,15101.20843
-44.48,24,15101.698878
35.483333,32,15102.437176
-38.43,31,15103.21257
-32.64,28,15103.782288
-43.65,21,15104.519508
-41.25,24,15105.025389
-32.1,26,15105.575274
-41.96,28,15106.103497
37.368023,31,15106.629224
-35.67,35,15107.280702
32.731183,42,15110.429161
-42.0,19,15110.805624
-45.0,22,15111.197353
-38.3,26,15111.731179
-35.46,29,15112.188689
-32.72,32,15112.67302
38.113208,28,15113.229715
-41.2,39,15113.956128
-37.08,27,15114.423898
-38.73,38,15115.159192
34.165627,34,15115.711742
-43.11,24,15116.134684
-41.7,26,15116.738739
35.347222,32,15117.32086
-41.12,24,15117.831793
-35.44,42,15118.516508
-41.55,24,15118.867657
-41.33,25,15119.298932
-41.38,21,15121.991587
-32.22,35,15122.643834
33.0,31,15123.171038
-32.84,43,15123.958483
-41.58,27,15124.43996
-33.0,40,15125.193797
-35.53,41,15125.992798
-37.95,33,15126.610772
-38.36,30,15127.174994
-35.67,27,15127.681076
-38.51,25,15128.222646
-32.52,36,15129.676141
-32.87,26,15130.165105
-44.11,26,15130.616213
-38.65,30,15131.125426
-35.15,27,15131.543789
-39.0,90,15135.416743
35.538732,28,15135.980323
-32.77,29,15136.475411
-41.63,30,15137.084088
-35.72,29,15137.696789
32.59507,31,15138.350992
-39.0,25,15138.934713
-37.26,30,15139.547671
-38.25,22,15139.925649
-41.32,28,15140.461889
-42.0,22,15140.926795
-44.78,18,15141.330086
-38.87,28,15141.887913
-40.92,26,15142.412726
35.594488,27,15143.010506
-38.37,25,15143.651343
-38.15,30,15144.180454
-41.52,35,15146.933648
-41.75,26,15147.409318
-47.61,28,15147.929549
-38.76,33,15148.501487
-41.79,27,15148.944142
-35.71,22,15149.324461
-34.96,40,15150.128172
35.735202,26,15150.616465
-41.59,21,15151.059887
-38.09,24,15151.553632
-38.5,21,15152.023892
-44.08,75,15153.441267
-35.69,39,15154.361404
32.782946,37,15155.296803
-41.08,29,15155.889657
40.741174,34,15156.422327
-41.06,23,15158.860514
-38.91,37,15159.50134
-38.91,20,15159.845931
-41.55,55,15160.823027
-41.09,25,15161.378119
32.361217,27,15161.939796
-38.81,22,15162.339579
32.655914,29,15162.898147
-41.52,26,15163.745643
-38.57,23,15164.221006
-38.03,25,15164.701135
-38.88,35,15165.368607
-39.0,26,15165.860504
-40.42,23,15166.256501
-39.0,26,15166.760343
-41.35,30,15167.340337
-35.08,41,15168.082627
-30.0,31,15170.662288
-41.33,23,15171.149296
-38.83,21,15171.515015
-38.5,33,15172.145185
32.363985,31,15172.682507
36.0,20,15173.065607
-42.0,26,15173.576349
32.078431,28,15174.097223
-34.98,37,15174.721122
-41.17,21,15175.107662
-35.76,27,15175.977665
-41.55,17,15176.27207
-45.92,18,15176.575563
32.582707,41,15177.353975
-43.95,19,15177.745888
-38.43,28,15178.249339
-41.76,26,15178.766825
-37.86,42,15179.549842
-38.29,28,15180.248895
-41.32,35,15182.975385
32.5,27,15183.430476
-42.0,27,15183.909458
34.302706,27,15184.384835
-38.73,28,15184.880141
38.631769,19,15185.224179
-41.62,27,15185.723305
-44.67,21,15186.031988
-35.17,30,15186.988968
-41.45,27,15187.513211
-44.68,28,15188.056072
-35.05,26,15188.495973
-40.93,25,15188.990176
-35.62,25,15189.457818
-41.76,22,15189.870028
-32.33,29,15190.355177
32.207018,37,15191.048022
-44.64,23,15191.513862
-32.03,31,15192.1395
-45.0,21,15195.007
-40.99,33,15195.562959
33.0,26,15196.000814
-41.62,22,15196.295875
-38.34,23,15196.772856
35.589655,25,15197.46244
-41.22,41,15198.304283
-32.29,28,15198.874423
33.0,25,15199.383363
-35.04,26,15199.857954
-36.0,27,15200.381904
-41.54,20,15200.7801
-38.57,26,15201.376979
-35.1,25,15201.87967
31.741379,37,15202.609655
-32.5,28,15203.159961
-39.0,24,15203.626189
-42.0,27,15204.147487
-42.0,34,15204.827412
35.805556,53,15207.978567
-32.35,35,15208.519703
-46.92,18,15208.770128
35.060729,26,15209.161935
-32.32,38,15209.810331
33.0,28,15210.368204
-39.0,27,15211.160252
-38.29,20,15211.559491
-46.35,27,15212.079502
-35.99,30,15212.678522
-32.8,38,15213.423667
35.268608,28,15213.994326
-41.91,21,15214.408002
-39.0,30,15215.059552
-33.0,26,15215.605772
32.60076,39,15216.373393
-44.34,17,15216.75244
-38.04,28,15219.251058
-35.66,24,15219.631725
-47.65,21,15219.916564
-35.43,31,15220.522022
35.574194,28,15220.913004
-38.88,27,15221.387889
-32.97,34,15222.031244
-40.49,19,15222.60371
-33.0,35,15223.281327
38.393822,25,15223.860547
-42.0,20,15224.223581
-41.4,20,15224.627548
-44.34,19,15224.97109
38.902685,28,15225.535582
-41.28,32,15226.181614
-38.8,32,15226.768872
-35.13,29,15227.27508
-35.26,35,15227.922216
-41.65,23,15228.423198
-41.48,26,15231.065346
-44.02,21,15231.407638
-38.1,29,15232.012252
-39.0,31,15232.729698
-35.96,34,15233.254096
-33.0,23,15233.828575
-42.0,30,15234.399768
-44.64,29,15235.006002
-42.0,22,15235.486326
-32.07,34,15236.172117
35.32549,27,15236.718675
-32.33,28,15237.237188
32.572072,29,15237.775386
-36.0,21,15238.167454
-38.01,35,15238.820791
36.0,28,15239.273391
-39.0,26,15239.761084
37.165439,40,15240.503981
-35.6,26,15243.068995
32.676829,28,15243.55827
-41.23,21,15243.965663
-34.63,21,15244.310037
-44.11,139,15246.718244
-38.92,30,15247.323866
-37.58,25,15247.814146
32.901639,27,15248.582695
33.0,25,15249.08649
-41.62,48,15249.993155
-35.43,28,15250.551778
-35.21,29,15251.085636
-37.78,25,15251.602297
-32.02,46,15252.556413
32.58567,23,15255.262641
-40.52,37,15255.794023
-44.05,21,15256.051091
-36.0,25,15256.519716
-38.4,28,15257.029668
-35.17,30,15257.65099
40.37548,26,15258.319278
35.65625,23,15258.719456
-38.09,24,15259.096483
-39.0,31,15259.601716
-35.46,30,15260.155142
-38.35,25,15260.629385
-32.44,34,15261.252422
34.653369,28,15261.836453
-35.86,28,15262.377721
-38.55,40,15263.210848
38.80695,19,15263.607245
36.0,27,15264.158723
31.886364,29,15264.725157
32.448276,24,15267.282586
35.384615,29,15268.347975
-34.97,32,15268.914865
-41.27,23,15269.457997
38.656934,26,15269.920294
-41.65,25,15270.350363
-37.5,31,15270.846393
-38.82,28,15271.322006
33.0,31,15271.843259
-38.9,23,15272.220699
-32.65,30,15272.848102
-32.47,30,15273.413439
-38.49,19,15273.801505
-38.41,31,15274.408508
-41.78,27,15275.180964
-37.28,31,15275.828933
-38.6,27,15276.399272
-32.31,25,15276.878055
31.944126,53,15279.809619
32.272059,29,15280.274024
-35.58,30,15280.814329
32.690972,49,15281.755188
-44.31,20,15282.170953
41.202335,23,15282.660146
-41.6,31,15283.413973
-41.15,29,15283.926306
38.583012,28,15284.770456
-41.19,39,15286.319715
-41.39,19,15286.722038
-38.1,32,15287.296187
-41.78,24,15287.757054
-38.36,23,15288.149406
-35.19,25,15288.579648
-39.0,31,15289.144027
-38.34,28,15289.712977
35.503937,27,15292.217584
-43.26,26,15292.674205
-38.47,29,15293.174418
-42.0,16,15293.52217
33.0,36,15294.207812
32.29845,35,15294.804694
-32.01,30,15295.338526
36.0,30,15296.033857
-38.06,28,15296.878379
-38.92,27,15297.41304
-38.5,25,15297.939511
-39.0,33,15298.569104
35.577049,28,15299.088096
-32.51,32,15299.701554
-44.59,25,15300.19228
-41.1,31,15300.868181
-42.67,25,15301.458105
-37.97,40,15302.210293
-32.93,30,15304.930634
-43.86,25,15305.506981
-38.84,28,15306.06894
32.011673,38,15306.845471
-35.78,25,15307.256703
-38.26,25,15307.68999
-39.0,30,15308.157324
35.381526,28,15308.575197
-36.0,26,15309.170604
38.27907,23,15309.584949
-32.94,30,15310.364566
-38.28,36,15311.025333
-37.87,38,15311.754358
-44.57,25,15312.232377
33.0,26,15312.772357
-38.54,36,15313.515477
-36.0,26,15314.050215
33.0,25,15314.589404
-42.84,27,15317.340231
-41.04,19,15317.698431
38.647059,24,15318.15964
-35.2,37,15318.822985
-41.69,30,15319.330803
-32.62,25,15319.732411
30.0,25,15320.129494
-39.0,29,15320.628265
38.011628,54,15322.077526
35.939502,31,15322.743991
-38.25,28,15323.340204
-41.12,33,15324.020538
35.184,24,15324.548527
-41.58,25,15325.013379
35.041436,40,15325.825804
-38.15,33,15326.477108
37.688153,24,15327.130119
32.18,28,15329.777416
-36.0,28,15330.319585
-39.0,28,15330.845478
-35.03,45,15331.582609
-35.71,35,15332.177865
35.205575,32,15332.733451
-33.0,28,15334.249294
32.079848,38,15334.966316
35.119231,28,15335.56768
-32.34,27,15336.247392
-40.71,24,15336.77002
33.0,32,15337.365585
34.872624,27,15337.879089
-36.0,28,15338.403087
32.038194,31,15339.162667
-41.37,25,15339.688089
-33.0,30,15340.215511
-44.25,21,15342.680727
-35.7,33,15343.308244
35.505535,37,15343.93986
-32.1,31,15344.531181
-35.51,25,15344.995063
-42.0,30,15345.55588
-41.34,22,15346.020638
-32.4,37,15346.778598
-38.46,25,15347.319268
-38.74,20,15347.693113
-41.22,20,15348.093444
-35.64,31,15348.666353
38.264151,24,15349.144429
35.164747,24,15349.563137
-35.81,39,15350.293923
-32.33,34,15350.956012
-41.79,24,15351.412707
-34.67,35,15352.003657
-38.07,24,15354.77647
32.165254,25,15355.264762
-35.24,35,15355.856512
35.582192,26,15356.305988
32.656667,40,15356.945554
-41.11,24,15357.372736
-35.13,28,15357.896697
34.441103,31,15358.552669
-38.71,30,15359.255244
-32.32,29,15359.818321
-36.0,28,15360.401925
-44.69,30,15360.970869
-41.91,35,15361.863166
-38.7,24,15362.386934
-39.0,20,15362.811077
-41.38,23,15363.294313
36.0,28,15363.911663
-41.78,21,15364.283145
-42.0,28,15366.964105
34.552649,25,15367.472124
38.823741,19,15367.836147
-41.39,35,15368.47367
-41.02,20,15368.777753
33.0,30,15369.290209
36.0,25,15369.705812
-44.56,26,15370.106938
-38.52,29,15370.64758
-39.0,20,15371.040791
-41.06,21,15371.421505
35.103053,20,15371.784435
-32.78,32,15372.368736
-35.12,24,15372.911157
-38.44,31,15373.535913
38.094891,22,15373.958668
-39.0,28,15374.507998
41.010676,19,15374.898555
-40.34,42,15375.667335
-41.35,20,15376.042243
-35.34,33,15378.66237
-33.0,29,15379.212803
-41.15,24,15379.880029
-44.33,16,15380.192226
-40.77,25,15380.645797
-35.74,21,15380.935133
32.488789,26,15381.380284
-44.93,22,15381.749084
-41.03,27,15382.148539
-35.12,32,15382.860654
-38.63,26,15383.364056
-41.43,20,15383.965911
32.610442,30,15384.543986
-45.0,23,15384.965476
-44.18,23,15385.426974
-39.0,33,15386.040293
-35.2,24,15386.504207
38.520548,27,15387.289195
-38.06,29,15387.836405
-46.52,19,15388.192579
-38.55,59,15391.322272
32.505703,30,15391.923092
-42.0,35,15392.599881
-35.9,26,15393.059669
-38.05,28,15393.524739
-40.94,23,15393.911326
-47.47,21,15394.250207
-44.13,21,15394.58035
-41.13,18,15394.907345
-38.32,21,15395.297107
35.719101,33,15395.994949
35.907336,26,15396.504189
-35.15,26,15397.010748
35.188811,28,15397.820758
-33.0,26,15398.337531
-38.56,22,15398.747302
35.516129,26,15399.456413
32.275,31,15400.02415
-32.65,30,15402.549527
-39.0,31,15403.207117
-44.78,20,15403.61577
-41.41,27,15404.144811
-32.31,29,15404.704216
-38.41,24,15405.230088
-35.56,39,15405.86745
-42.0,24,15406.531401
35.230769,25,15406.984747
-45.0,26,15407.422681
-36.0,22,15407.874482
-43.44,19,15408.245124
-41.29,34,15408.914634
-32.45,29,15409.664705
-38.13,21,15410.077603
-34.57,36,15410.983296
-35.43,31,15411.598225
34.617871,25,15412.082823
-38.96,33,15412.61816
42.0,24,15415.193838
-43.44,25,15415.711613
-41.85,35,15416.428199
-35.22,27,15417.04861
-36.0,26,15417.552383
33.0,23,15418.032104
-46.4,27,15418.451037
38.321285,22,15418.814165
-38.02,26,15419.317624
-41.32,26,15419.740488
-36.0,26,15420.174376
-35.42,34,15420.957395
35.646209,24,15421.400047
-40.76,32,15422.047214
32.056872,39,15422.718303
-35.63,30,15423.290984
-47.07,20,15423.739184
36.0,24,15424.202918
32.758389,31,15424.738167
35.656676,46,15427.816994
-41.35,26,15428.294368
-32.5,36,15429.01741
-47.22,27,15429.523209
-38.68,20,15430.005882
-38.23,45,15430.760731
-32.67,30,15431.258749
-38.37,32,15432.000424
-41.04,20,15432.379998
38.381679,29,15432.982738
-44.98,26,15433.523492
32.346304,26,15434.054897
34.632305,31,15434.68242
-39.0,31,15435.293693
-38.52,21,15435.829552
-38.5,31,15436.411053
-47.08,18,15436.720306
35.136628,27,15439.325727
-38.89,28,15439.854809
-42.0,32,15440.631171
-45.0,23,15441.075231
33.0,33,15441.843087
34.438116,40,15442.686426
-43.46,30,15443.246969
-32.51,28,15443.859227
-43.71,20,15444.26014
-38.64,22,15444.725636
40.62959,21,15445.534172
32.021818,38,15446.34777
36.122565,28,15447.061483
32.576389,32,15447.814718
-38.85,41,15448.747448
-41.62,32,15449.403804
33.228264,33,15450.020317
-39.0,23,15450.444433
-32.56,30,15453.186143
-44.21,23,15453.749779
-44.34,27,15454.39052
-32.63,33,15455.186551
-43.01,30,15455.914962
-37.76,29,15456.463538
-36.0,26,15457.071757
38.028037,24,15457.464458
32.70632,27,15457.948437
-39.85,21,15458.371394
-31.75,33,15459.168904
33.0,28,15460.065343
-34.85,29,15460.712489
-38.05,27,15461.2507
-32.68,29,15461.919213
32.355556,32,15462.547919
-41.88,28,15463.060021
-32.63,41,15465.676173
-43.82,22,15466.1045
-39.0,22,15466.601071
-34.89,28,15467.003242
-41.91,91,15468.764139
-36.0,53,15469.711169
-38.29,28,15470.138679
41.438336,26,15470.556089
-38.41,27,15471.033134
-41.53,30,15471.625239
-35.45,31,15472.165515
-33.0,40,15473.058374
-32.15,37,15473.982262
-42.0,20,15474.505274
-42.0,26,15475.106607
-44.58,30,15478.034409
32.373041,25,15478.571602
32.5,32,15479.271652
-44.01,28,15479.872336
-44.32,23,15480.370043
38.610108,26,15480.894681
-44.6,21,15481.347788
-39.0,27,15481.970854
-43.99,24,15482.46051
-41.57,21,15482.905721
33.0,28,15483.532932
-35.66,23,15484.094581
32.492248,33,15484.655029
-34.69,38,15485.543174
-38.71,24,15486.052681
-38.03,20,15486.463937
-38.16,30,15487.278542
-38.74,24,15487.8587
-40.63,27,15488.463884
-38.8,25,15488.981128
-36.0,35,15491.906552
-38.77,22,15492.402934
32.52766,32,15493.066045
42.0,18,15493.501882
32.807229,31,15494.137423
-38.33,27,15494.687677
34.671027,32,15495.339947
-41.81,17,15495.703177
-44.72,35,15496.339636
-35.46,23,15496.713477
-38.79,23,15497.355523
38.097872,21,15497.808367
-43.65,39,15498.511691
35.153488,25,15499.06689
-41.35,24,15499.592427
32.070423,33,15500.378061
-38.91,21,15500.844129
-42.0,27,15501.352655
33.0,28,15501.997587
-38.08,27,15504.669871
-41.07,31,15505.356083
41.875502,22,15505.837132
-43.39,25,15506.328784
-38.55,21,15506.711533
-32.3,26,15507.243127
-41.62,44,15508.16007
-31.66,31,15508.852496
-35.86,24,15509.514488
-36.0,41,15510.297086
-38.71,26,15510.805722
-43.46,20,15511.141722
-35.84,27,15511.644193
-38.67,30,15512.236459
-46.85,19,15512.681663
-43.17,22,15513.429159
-40.51,28,15514.045465
-38.99,24,15514.547808
-35.02,46,15517.611527
43.34461,35,15518.248645
-32.64,28,15518.796686
35.113636,26,15519.286565
-35.81,35,15519.946914
-40.57,34,15520.607253
-38.12,24,15521.053782
-38.25,26,15521.539007
35.208791,26,15522.109672
-42.0,24,15522.6324
-39.0,35,15523.462819
-43.43,24,15523.862134
-37.85,20,15524.575609
-32.62,28,15525.109957
-43.35,23,15525.536079
-40.88,43,15526.359049
-44.62,21,15526.835648
32.309028,31,15527.449525
-38.8,30,15529.978325
-35.34,27,15530.523058
-35.17,25,15531.020866
-38.5,29,15531.619341
33.0,30,15532.178301
-47.41,28,15532.814438
-42.0,18,15533.203765
-32.36,30,15533.817978
-42.0,26,15534.38348
37.764749,33,15534.929491
-38.82,22,15535.248778
-36.0,39,15535.872571
-38.57,27,15536.329488
-38.49,27,15536.8076
42.0,30,15537.424443
-35.26,48,15538.300806
-37.82,26,15538.794696
32.450704,26,15539.240802
41.375912,20,15541.637024
-38.3,25,15542.113845
-44.79,23,15542.64864
-41.75,25,15543.166476
-43.7,27,15543.658964
-36.0,37,15544.394464
-39.0,28,15544.92033
34.528302,26,15545.427747
-35.5,58,15546.564992
-36.0,28,15547.030923
-41.53,18,15547.330274
31.775,37,15548.302433
-38.94,34,15548.876897
-38.85,29,15549.483413
-38.81,25,15549.955717
-41.67,19,15550.371302
-38.18,37,15551.066825
33.0,20,15551.388708
-35.69,25,15554.012701
-41.63,22,15554.49861
-38.27,36,15555.232735
-41.47,23,15555.71584
38.680556,25,15556.200068
-38.88,26,15556.70899
-39.0,21,15557.108435
-41.53,22,15557.544089
-38.1,27,15558.13179
-32.08,35,15558.871204
32.574144,24,15559.384643
-33.0,36,15560.045354
38.112108,23,15560.442841
-38.15,22,15560.832563
-39.0,34,15561.461068
35.901818,24,15561.84875
44.043307,30,15562.309746
-38.3,30,15562.94196
-38.61,24,15563.376192
-37.99,28,15565.97446
-41.74,28,15566.518036
-38.45,26,15567.050946
-43.78,20,15567.489791
-44.27,24,15568.046299
-35.1,50,15569.197342
-44.5,52,15570.498017
-41.12,35,15571.218919
-38.25,32,15571.84955
32.130137,31,15572.467566
-41.78,22,15572.884179
32.403042,29,15573.356683
-44.27,21,15573.745984
-41.44,27,15574.226028
33.326658,37,15575.109362
32.902724,31,15575.704698
-36.0,25,15578.386966
-43.42,23,15578.999524
-35.77,26,15579.656509
-38.49,37,15580.498885
-41.04,20,15580.944849
-42.0,23,15581.477903
-36.0,30,15582.222155
-35.59,31,15582.929394
-38.31,28,15583.537823
-41.52,19,15583.930028
35.381679,43,15584.935896
-41.6,18,15585.329591
-39.0,23,15585.862095
35.146617,33,15586.521247
37.67614,23,15586.912737
-38.26,39,15587.578598
-41.17,34,15588.254656
38.442368,27,15588.75632
-40.93,22,15589.200059
-38.29,33,15592.065464
-32.05,26,15592.667838
-38.25,35,15593.36657
-41.6,30,15594.029408
36.0,23,15594.508128
35.102934,34,15595.140484
-32.3,33,15595.83706
-44.09,26,15596.377579
-39.0,25,15596.957001
-38.61,40,15597.974292
-32.71,26,15598.611518
-33.0,30,15599.205662
-44.91,27,15599.744823
-43.94,18,15600.066718
-44.32,25,15600.412741
-41.61,19,15600.758104
-39.0,23,15601.204567
-35.5,52,15604.257912
-38.87,25,15604.910457
35.902439,25,15605.507215
-33.0,57,15606.673019
-35.27,28,15607.289407
-38.81,33,15608.028947
-41.42,19,15608.433548
-41.48,22,15608.899344
37.365682,21,15609.362485
-34.6,30,15610.037732
-38.78,30,15610.720502
-41.27,21,15611.255814
35.433213,33,15611.957925
-38.43,22,15612.371864
34.692167,30,15612.949788
-41.36,24,15613.418514
33.0,27,15613.96169
-35.5,25,15614.386278
-38.76,66,15617.436305
-38.44,29,15617.98752
35.697509,27,15618.54308
-39.0,21,15618.970932
39.0,19,15619.353401
32.295203,33,15619.992062
-32.19,27,15620.564565
-34.81,37,15621.346966
-34.51,30,15621.944343
-40.48,34,15622.648181
-42.0,21,15623.037108
40.913281,22,15623.534018
-38.44,29,15624.114836
-40.77,26,15624.88778
-40.98,41,15625.804189
-34.76,26,15626.405602
-38.28,33,15626.905951
39.0,26,15627.343998
-44.86,19,15630.37682
-44.44,23,15630.860812
-40.96,24,15631.546672
-40.54,19,15631.922599
32.786765,28,15632.465111
-39.2,29,15633.144813
-32.12,23,15633.612242
-35.32,29,15634.198362
-41.19,22,15634.624288
-41.42,19,15634.97674
-38.56,39,15635.7563
31.554545,36,15636.507382
-44.52,26,15637.05231
-32.22,29,15637.599135
-35.0,30,15638.298558
-32.87,35,15639.062894
-40.65,29,15639.616653
32.874494,33,15640.180878
-40.96,27,15642.526993
-43.89,28,15643.130382
35.472222,26,15643.67815
-38.21,21,15644.10737
-39.0,53,15645.788175
-34.81,32,15646.342411
-41.18,33,15647.047293
-44.14,19,15647.455513
35.411597,35,15648.11926
-39.0,30,15648.682006
-38.92,43,15649.478682
-42.0,25,15649.986734
-36.0,37,15650.902175
-41.49,22,15651.429535
37.642975,24,15651.934105
-35.71,27,15652.569251
-44.43,27,15653.007936
-35.26,27,15653.457327
-38.07,26,15655.880935
-35.65,33,15656.5527
-41.16,24,15657.008724
34.884615,30,15657.619571
-38.56,30,15658.504267
33.0,28,15659.063217
-35.77,30,15659.661933
32.711974,26,15660.203296
-35.23,28,15660.815502
-37.83,25,15661.360918
-46.13,16,15661.678002
-32.36,65,15663.184355
-38.6,22,15663.674552
-38.17,26,15664.189404
34.899697,32,15664.798464
-38.68,25,15665.284334
-37.95,40,15666.008415
-44.67,15,15668.187239
-41.02,47,15669.154943
-40.62,25,15669.672677
-40.75,21,15670.116395
36.0,36,15670.835109
-41.42,21,15671.250395
-32.33,27,15671.799933
33.0,33,15672.482272
-33.78,26,15672.94699
-38.17,26,15673.379288
-40.76,30,15673.984031
-38.02,27,15674.577799
34.742044,33,15675.193879
32.27451,37,15675.979906
-35.08,27,15676.52312
-44.79,22,15676.916464
38.118959,23,15677.529656
35.755814,26,15678.126038
-35.8,62,15682.170538
39.0,23,15682.657854
-35.44,31,15683.325979
-44.46,21,15683.713404
32.160494,28,15684.3453
-35.17,36,15685.112203
34.443855,42,15686.231111
-34.83,33,15686.91951
36.0,26,15687.453106
-47.07,15,15687.765414
38.508418,22,15688.264365
-47.25,20,15688.651337
32.541796,36,15689.361434
-38.87,27,15689.997668
35.162791,25,15690.649834
-35.25,27,15691.053026
-32.54,29,15691.531317
-36.0,24,15691.976889
-35.49,29,15694.438364
39.0,24,15694.917001
-36.0,27,15695.462937
34.522186,33,15696.129213
-38.14,29,15696.748498
-41.65,31,15697.482405
-41.88,22,15697.885889
33.0,25,15698.41085
-41.17,29,15698.987283
-38.16,29,15699.570654
35.069536,29,15700.167459
-38.2,25,15700.689199
-35.64,29,15701.225464
-44.43,19,15701.596202
-40.12,29,15702.226916
32.025926,27,15702.883259
-35.09,34,15703.521329
-37.71,26,15703.939973
-41.31,27,15706.73075
-44.14,20,15707.297338
-41.08,26,15707.873729
-38.48,29,15709.001261
32.114943,66,15710.497959
40.203634,22,15710.943222
-41.68,26,15711.521936
-41.2,22,15712.12583
-41.3,26,15712.775573
-44.49,22,15713.206016
-41.35,28,15713.804503
-38.92,31,15714.588066
-35.81,30,15715.337442
-32.57,30,15716.048451
-32.45,29,15716.719246
-42.0,21,15717.12721
-44.4,25,15717.698602
-44.53,31,15718.218073
-38.9,27,15720.713731
-39.0,30,15721.355682
35.269531,27,15721.987566
-42.0,28,15722.908836
-38.89,33,15723.809537
32.277778,53,15725.05479
-38.21,38,15725.886489
-35.01,21,15726.420656
-38.53,27,15726.997482
32.339779,35,15727.708033
-38.81,27,15728.432164
-39.0,27,15728.948639
41.636704,18,15729.333352
-35.78,26,15729.871755
38.793233,29,15730.555796
-38.31,30,15731.150628
32.883621,39,15731.848676
-38.54,29,15734.2582
38.625,28,15734.879523
-35.82,28,15735.42328
32.29646,35,15736.100219
-44.58,25,15736.603069
-41.48,23,15737.091882
-37.68,26,15737.657873
-46.95,28,15738.31693
-38.9,22,15738.812629
35.24812,26,15739.397644
-37.92,23,15740.05134
-44.01,24,15740.610473
36.0,25,15741.213318
-35.83,34,15741.857399
-38.14,27,15742.600945
-44.06,17,15742.923869
32.203846,32,15743.797808
-37.75,20,15744.166379
-35.5,28,15744.648793
-39.0,45,15747.439304
-41.49,25,15747.955416
-32.5,33,15748.701526
-38.61,22,15749.138971
-41.48,20,15749.612179
32.554717,30,15750.340885
-33.0,24,15750.892658
-39.0,24,15751.650987
-41.25,24,15752.168959
-38.16,23,15752.621969
-38.69,28,15753.233973
-38.5,24,15753.737214
-32.5,32,15754.573721
-39.0,19,15754.953693
-35.14,37,15755.669968
-41.93,28,15756.222422
-46.37,26,15756.705039
-35.41,33,15757.309231
-38.48,28,15757.80655
-39.0,21,15760.128126
-39.0,29,15760.598942
-35.16,50,15761.45981
-44.85,23,15761.995126
-44.11,23,15762.537853
35.164998,29,15763.116973
-38.76,20,15763.525143
-38.75,46,15764.455692
32.048583,32,15765.102604
-41.44,32,15765.717827
-40.4,25,15766.202203
-41.37,23,15766.906886
-44.41,33,15767.568036
-44.87,17,15767.868679
-44.82,22,15768.327435
39.0,21,15768.836471
-44.96,23,15769.35145
38.211806,23,15769.818856
-37.71,25,15770.509739
35.569767,27,15773.182147
35.175781,31,15773.715429
-42.0,21,15774.109075
-41.15,25,15774.59873
-35.07,22,15775.131294
-38.26,27,15775.699247
-43.99,18,15776.084735
35.748062,34,15776.852814
-37.93,26,15777.364394
36.338153,32,15777.96902
-45.0,29,15778.575846
-38.65,26,15779.45261
-41.52,29,15780.133725
38.032702,30,15780.74549
-36.0,33,15781.598773
-44.64,23,15782.068837
-39.0,31,15782.72205
-32.91,32,15783.379648
-36.0,28,15787.205607
-35.58,36,15787.852075
-41.3,25,15788.30781
32.048193,32,15788.967486
35.556314,28,15789.525575
-38.6,23,15790.004379
-40.15,21,15790.852451
-44.01,27,15791.39236
-35.5,26,15791.923152
-44.52,20,15792.328256
47.016533,18,15792.705633
33.0,31,15793.369491
-35.5,32,15794.247708
-38.91,24,15794.795861
-32.36,34,15795.470887
-32.11,20,15795.843144
-35.5,29,15796.335422
35.725,25,15796.736318
32.875,24,15797.137052
-41.19,31,15797.760572
-41.18,27,15800.466159
-36.0,30,15800.973735
-32.52,29,15801.476315
-41.01,26,15802.072165
-35.63,29,15802.657595
38.740602,25,15803.245872
32.143443,32,15803.953732
-39.0,30,15804.56965
35.467857,23,15805.035568
-38.51,26,15805.615893
32.570033,25,15806.311961
-32.74,28,15806.962403
35.304674,38,15808.048706
38.564885,23,15808.46928
-38.19,30,15809.025339
-43.74,24,15809.454261
-41.45,29,15809.95625
-33.0,33,15810.576814
-38.09,20,15813.121598
-37.11,35,15813.753227
-38.82,22,15814.10849
-33.0,28,15814.612653
35.226415,26,15815.347743
-35.07,34,15816.050162
-32.88,35,15816.783034
-38.84,25,15817.321713
-38.34,31,15817.945187
-34.4,26,15818.437328
-40.35,27,15818.984535
-33.0,58,15820.235968
-41.51,22,15820.651429
-35.09,39,15821.344069
-41.4,24,15821.937028
-38.04,34,15822.630918
-38.72,23,15823.154038
-39.0,21,15825.844783
-38.55,24,15826.285848
-43.59,22,15826.722098
-41.1,24,15827.220368
35.362963,31,15827.783712
32.014981,30,15828.413401
-32.94,33,15829.067942
-37.32,32,15829.873702
-40.53,25,15830.434869
-35.2,31,15831.082676
-38.37,26,15831.644283
-35.32,30,15832.340012
32.504098,32,15833.244176
38.218543,21,15833.658014
-41.9,29,15834.260445
-38.41,34,15834.990202
32.744318,26,15835.46462
-43.81,23,15835.955544
-41.46,24,15836.543177
-38.32,22,15839.369384
-35.86,29,15839.899599
-35.85,34,15841.251062
-44.69,25,15841.74424
35.586331,28,15842.300623
-36.0,24,15842.824811
-43.75,20,15843.349758
-41.1,25,15843.966736
39.428352,27,15844.563242
32.359621,30,15845.198283
-35.26,34,15845.930445
35.875472,24,15846.391034
-39.0,27,15846.849112
33.0,33,15847.494956
-32.51,60,15848.712949
35.774436,23,15849.464966
-35.71,24,15850.037874
-35.02,35,15852.95925
-41.51,27,15853.435822
-38.57,24,15853.86645
-38.71,25,15854.29043
-39.0,27,15854.737525
37.882101,28,15855.320907
-42.0,32,15856.025135
38.902985,21,15856.400237
32.864341,27,15856.850396
-35.59,24,15857.382639
-35.47,22,15857.982059
-38.52,24,15858.7427
-38.64,36,15859.50503
37.463976,31,15860.050219
-35.9,23,15860.471628
-41.52,21,15860.885289
-32.98,51,15861.945157
-35.74,27,15862.673578
-38.65,23,15863.186672
32.105469,32,15866.07412
-32.21,31,15866.649389
-44.19,30,15867.220281
-41.36,20,15867.632042
-36.0,28,15868.219889
-41.4,28,15868.862082
-39.0,25,15869.392441
-34.89,26,15869.941524
-41.31,35,15870.658109
35.472313,29,15871.211245
-41.96,19,15871.600238
-40.56,32,15872.15964
37.811368,27,15872.64054
-41.47,21,15873.250286
-39.0,25,15873.870506
38.587131,32,15874.516951
-38.65,31,15875.673882
-41.73,21,15876.153313
32.251004,28,15876.736154
-41.7,25,15879.374031
-38.85,22,15879.775341
-38.63,31,15880.322515
32.526515,31,15880.847918
39.173471,32,15881.461566
-41.69,27,15881.971659
-35.4,28,15882.526352
-44.75,32,15883.219256
-38.12,26,15883.749536
-44.7,17,15884.080209
44.376667,20,15884.435304
-41.02,22,15884.793379
-44.07,26,15885.304129
-40.14,21,15885.696259
-47.53,18,15886.054789
-38.69,30,15886.718765
-38.05,21,15887.220512
-41.11,23,15887.740995
-32.78,30,15888.324355
38.277106,27,15888.917891
-38.72,25,15891.75298
-41.21,27,15892.2312
36.0,19,15892.541708
-37.24,30,15893.067447
-41.06,22,15893.402478
-38.68,24,15893.815692
32.104693,30,15894.378482
-44.71,19,15894.818794
-32.1,29,15895.521215
-37.68,27,15896.076896
-43.89,21,15896.496194
-32.76,54,15897.488254
-33.0,32,15898.194757
-38.08,42,15899.052977
32.667984,26,15899.661075
32.884746,34,15900.348338
-38.42,22,15900.742695
-36.0,25,15901.357603
-38.72,38,15905.232098
-44.91,46,15906.236224
-42.0,22,15906.647607
-38.45,37,15907.40773
-44.38,25,15907.866642
-44.5,20,15908.2579
-38.93,33,15908.931378
33.0,33,15909.634892
-33.0,27,15910.251585
-32.7,27,15910.737217
-35.39,28,15911.211118
-32.75,38,15911.989211
-37.93,30,15912.621506
-32.91,32,15913.719296
-35.62,31,15914.417424
-35.12,31,15915.10394
-47.38,17,15915.608328
-32.38,26,15918.401093
-36.0,41,15919.23413
-39.0,33,15919.914149
-42.0,24,15920.320405
-35.76,28,15920.770002
-39.0,26,15921.181648
33.0,31,15921.704394
-44.32,30,15922.330651
38.259124,24,15922.76788
32.795775,35,15923.400985
-41.37,26,15923.889499
-39.0,28,15924.387758
-34.94,26,15924.910243
-35.25,32,15925.558114
37.789823,37,15926.26135
-38.07,23,15926.673311
-41.16,16,15926.992272
32.034268,38,15930.143505
-40.75,22,15930.617843
-33.0,26,15931.168094
-36.0,24,15931.689888
-41.91,21,15932.121924
-41.09,24,15932.598469
41.473684,22,15933.0709
-35.41,26,15933.515717
35.214022,58,15934.67457
-38.0,31,15935.196135
-41.88,25,15935.615428
-38.64,23,15936.014969
-33.0,28,15936.536433
-38.5,37,15937.245803
35.431853,30,15937.924939
-35.27,31,15938.599443
-38.15,22,15939.258053
-33.0,27,15939.828053
38.249012,23,15940.286426
-35.05,36,15943.336384
-45.0,26,15943.865009
-35.81,24,15944.373874
-39.0,22,15945.009544
32.358621,30,15945.592771
-37.98,43,15946.373286
-35.51,22,15946.775364
32.220532,30,15947.266516
-32.08,32,15947.812891
-41.36,29,15948.321647
40.151492,58,15949.27243
-39.0,34,15949.866143
38.635036,43,15950.771984
-40.35,26,15951.399598
32.209877,30,15952.09299
-38.03,29,15952.724663
-44.49,37,15956.094529
33.0,27,15956.479822
40.702965,25,15957.027503
-41.22,23,15957.663679
-32.18,30,15958.44934
-37.57,29,15959.180775
32.5053,30,15959.832449
-41.29,39,15960.63008
34.803045,46,15961.453972
32.167883,31,15961.993616
-38.54,28,15962.507484
-38.39,53,15963.461166
-35.32,25,15963.95717
-38.91,27,15964.649844
-42.0,28,15965.292378
-35.41,25,15965.791758
35.221532,36,15968.616072
-45.0,30,15969.253263
-44.33,33,15969.981823
41.478261,27,15970.530275
35.158333,34,15971.142383
-41.1,24,15971.401119
38.109091,27,15971.703975
-45.0,19,15971.944773
35.028363,30,15972.63593
-35.93,31,15973.347901
-39.0,29,15974.792084
-41.69,29,15975.281041
-38.22,28,15975.767249
32.64,29,15976.278409
-37.66,25,15976.670374
-38.4,25,15977.134638
-41.91,21,15977.505107
-35.13,34,15978.180269
-36.0,26,15980.847193
-44.66,16,15981.186511
-36.0,28,15981.779022
-33.0,27,15982.283781
-41.62,24,15982.757816
-39.0,21,15983.165362
-40.65,30,15983.967279
-38.36,29,15984.57188
37.600195,23,15985.089796
35.492212,28,15985.66663
-36.0,54,15986.69521
-41.71,22,15987.1313
-41.78,36,15988.07901
38.593985,28,15988.510427
34.699055,39,15989.247047
-38.16,28,15989.664463
35.655556,37,15990.300254
-37.98,28,15990.871775
-41.81,20,15993.393456
-44.62,19,15993.745612
-41.91,39,15994.540928
33.0,33,15995.204819
-44.49,17,15995.551509
33.0,26,15996.116593
-44.25,25,15996.63163
-41.39,29,15997.204573
-41.84,28,15997.725692
35.458564,23,15998.237339
35.036585,36,15999.237537
-44.5,22,15999.791334
-44.63,25,16000.331774
44.007761,25,16000.834233
-39.0,30,16001.409632
37.897383,34,16002.061955
32.623239,32,16002.544069
-35.76,28,16003.026458
-35.53,25,16003.478647
-44.25,23,16006.731218
36.0,35,16007.450628
-38.25,36,16008.247526
-32.44,35,16009.070523
32.243056,30,16009.722804
-38.17,28,16010.43045
-32.39,27,16011.265874
-44.15,16,16011.703741
-41.49,23,16012.264259
36.0,26,16012.874634
-41.68,33,16013.565614
-43.66,25,16014.040248
-32.34,28,16014.571897
-41.19,28,16015.73834
-38.9,25,16016.161375
-38.79,28,16016.546637
43.381346,25,16016.903977
-39.0,59,16019.748319
44.413788,27,16020.231805
-35.59,31,16020.613428
-44.72,23,16021.00308
35.1,28,16021.477401
-32.52,31,16022.037065
-40.88,26,16022.489688
-32.81,28,16022.979807
-37.9,26,16023.441823
-33.0,46,16024.277783
44.48403,21,16024.675532
-32.92,31,16025.379598
31.826007,38,16026.229408
-38.74,31,16026.757898
-38.5,27,16027.176173
-36.0,52,16027.941305
-41.17,33,16030.216332
-42.0,25,16030.675104
-40.63,19,16031.027169
-41.57,28,16031.518304
-35.55,25,16031.968228
-47.57,13,16032.214995
35.069536,31,16032.709973
35.73384,24,16033.313025
-42.0,31,16033.880382
-37.35,34,16034.48991
-41.86,30,16035.216318
35.064417,26,16035.700017
-32.56,24,16036.397662
-41.38,28,16037.736358
-38.48,30,16038.194989
-37.7,25,16038.686692
-39.0,50,16039.484891
35.277778,28,16039.958495
35.643293,35,16040.442101
-45.0,24,16042.731617
-32.41,30,16043.221757
33.0,31,16043.797247
-34.09,30,16044.312028
-38.55,25,16044.737766
-39.0,23,16045.129606
-42.48,27,16045.604043
-35.19,30,16046.130696
-38.65,26,16046.557756
-41.41,25,16047.021768
-40.68,26,16047.494993
32.152416,32,16048.196388
44.5,19,16048.825175
35.551282,29,16049.290915
-33.0,36,16049.81739
-38.24,31,16050.302081
41.25817,55,16051.192344
-40.76,24,16053.460348
-33.0,29,16053.957867
-32.06,37,16054.586878
-38.59,29,16055.116944
-43.66,20,16055.466734
-44.15,17,16055.979248
-41.08,27,16056.472963
31.881356,35,16057.065851
35.703448,31,16057.620741
-38.44,29,16058.148327
-35.01,30,16058.819725
-35.25,29,16059.329383
32.790441,35,16059.862103
41.007194,24,16060.229751
-41.2,23,16060.598975
-43.57,22,16060.969669
-41.13,23,16061.93455
-43.59,22,16062.266048
-35.63,28,16062.726475
-45.0,21,16064.873691
-32.42,27,16065.343846
-44.29,17,16065.662311
-38.45,27,16066.141004
-35.53,33,16066.746732
-41.09,19,16067.121142
-32.15,31,16067.691139
-35.46,27,16068.17624
-39.0,24,16068.603374
-39.0,30,16069.123097
-39.0,25,16069.916685
-38.82,43,16070.56945
-44.04,41,16071.326541
-38.56,29,16071.830769
-41.16,23,16072.635253
-39.0,27,16073.107328
32.449477,26,16073.591213
37.629278,25,16073.971963
-32.26,45,16076.456332
-44.29,26,16076.904442
-44.62,25,16077.385494
-41.12,37,16078.006236
-47.7,26,16078.473891
-35.69,32,16079.026258
38.497817,23,16079.464039
-38.47,32,16080.051207
32.958333,67,16081.139113
-33.0,41,16081.806355
-39.0,28,16082.374263
-42.0,31,16082.923741
-34.65,33,16083.560903
32.283333,31,16084.126498
-41.52,20,16084.515509
-32.83,32,16085.030695
-36.0,27,16087.175316
-41.5,22,16087.590293
-41.17,33,16088.163375
-44.24,24,16088.634388
38.09507,37,16089.313755
-38.49,27,16089.975947
-35.91,24,16090.366882
-39.0,25,16090.78552
-38.5,31,16091.267029
33.0,24,16091.636421
-36.0,20,16091.974288
-35.49,25,16092.363685
-39.0,30,16092.855227
-41.11,27,16093.358462
36.0,28,16093.818352
-35.61,26,16094.430959
37.247708,24,16094.889008
-33.0,32,16095.447456
40.898962,27,16095.91969
-35.79,34,16098.161636
-41.65,29,16098.693052
38.133804,29,16099.204737
-41.78,34,16099.841933
35.847909,38,16100.499422
-38.71,29,16101.020969
-41.56,18,16101.330865
-34.85,29,16101.827926
-41.96,26,16102.204142
32.481752,35,16102.710516
-41.8,26,16103.11112
-44.61,18,16103.369547
-41.22,42,16104.123673
-41.8,21,16104.484593
-44.25,26,16104.921643
34.833474,21,16105.396682
-32.81,27,16105.981517
-34.32,23,16106.784171
-41.51,24,16108.985214
-38.16,23,16109.33478
-38.26,69,16110.541385
-35.59,70,16111.810156
-41.08,25,16112.229531
-44.15,28,16112.589412
38.207875,31,16113.055273
-44.03,23,16113.416915
-41.76,28,16113.851245
-40.59,26,16114.227538
-40.69,27,16114.672938
-46.34,25,16115.100532
-43.77,20,16115.443602
-44.59,95,16117.113184
33.0,35,16119.597383
-41.08,24,16119.956206
32.609756,27,16120.357084
-38.6,20,16120.645804
-35.58,23,16121.014747
-32.3,27,16121.510634
-35.6,31,16122.085836
32.235556,28,16122.588641
38.728302,28,16123.08485
-39.0,28,16123.563521
-38.26,28,16124.005113
-38.26,28,16124.452879
35.5,27,16124.930182
32.212264,32,16125.487527
-41.73,31,16126.037287
-38.11,22,16126.424277
-41.12,21,16126.773002
-32.62,28,16127.290565
-37.63,26,16127.907091
-41.19,44,16130.546773
32.902834,26,16130.937757
-41.08,21,16131.265222
35.267925,27,16131.659732
38.491525,25,16132.032528
-39.0,18,16132.38099
-44.55,20,16132.696971
-38.6,30,16133.341916
-43.98,31,16133.954371
36.0,24,16134.352778
33.0,33,16134.854334
35.573077,21,16135.193016
-38.86,30,16135.673307
-47.28,13,16135.880889
-44.32,26,16136.34533
-39.0,30,16136.875436
-43.06,22,16137.252024
-38.91,29,16137.813192
-32.73,48,16138.665917
-35.44,30,16140.978532
-35.68,32,16141.676198
-34.55,41,16142.30078
-42.9,32,16142.7999
-35.4,28,16143.209177
-35.07,36,16143.83781
41.286822,25,16144.282562
-43.94,29,16144.772162
-38.19,23,16145.154684
-42.0,25,16145.525392
-42.0,36,16146.072254
-35.7,24,16146.461159
34.389761,29,16146.91634
-42.0,22,16147.30505
37.871603,29,16147.816058
-41.36,28,16148.321741
-40.73,22,16148.704144
-44.69,23,16149.114881
-33.0,29,16151.618568
-44.5,27,16152.115443
37.980159,25,16152.512557
-40.29,28,16152.909922
-41.72,31,16153.384633
-35.88,56,16154.228223
-44.11,26,16154.629835
-44.8,21,16155.013311
-39.0,31,16155.549011
39.0,21,16155.906503
-35.23,25,16156.299205
-35.59,29,16156.801278
-41.54,23,16157.142467
-34.97,32,16157.57314
-36.0,24,16157.907357
35.608511,28,16158.448326
-38.03,24,16158.861877
-44.14,26,16159.331234
-38.81,33,16161.799056
35.461538,33,16162.327627
-41.24,25,16162.743913
-44.76,29,16163.269777
-47.34,27,16163.704288
-44.74,20,16163.993488
47.134831,13,16164.17825
-44.18,24,16164.502772
-41.5,29,16164.931455
-37.95,40,16165.714281
-35.01,37,16166.411434
-36.0,24,16166.786545
-44.73,36,16167.325346
34.239584,34,16167.883155
-37.96,32,16168.379332
-40.32,28,16168.845511
35.078225,37,16169.524933
-38.18,26,16172.022041
-45.0,20,16172.39995
-41.78,21,16172.7486
-41.42,27,16173.366089
-41.35,33,16174.121468
-44.07,29,16174.606781
-41.15,56,16175.447885
-38.86,19,16175.769028
-39.0,31,16176.252438
35.707317,23,16176.644263
33.0,26,16177.094151
-39.0,27,16177.528313
-38.44,27,16177.972119
32.497835,33,16178.478845
-38.55,26,16178.885033
-38.53,26,16179.396939
-37.98,33,16180.033673
-35.35,24,16180.462211
32.061093,28,16181.553096
-38.59,25,16183.890068
-38.74,28,16184.408648
-32.59,23,16184.77382
-41.39,28,16185.27113
35.216667,30,16185.752238
-38.53,28,16186.175343
-37.68,39,16186.727304
-32.41,32,16187.231849
-40.31,23,16187.642041
38.630597,23,16188.07099
-34.89,35,16188.806076
-41.53,18,16189.140811
32.668067,42,16189.79412
-44.43,34,16190.331034
-38.39,30,16190.867583
-36.0,24,16191.264536
-35.65,36,16191.894639
34.994047,32,16194.714415
-44.04,22,16195.080533
-38.06,25,16195.52105
-41.32,30,16196.102261
-38.31,23,16196.575306
-44.87,26,16197.178173
-35.07,28,16197.583424
-38.84,28,16197.977593
-35.56,25,16198.376508
-41.45,25,16198.73984
-41.31,27,16199.14405
32.536122,43,16199.829952
-36.0,29,16200.224596
32.393728,30,16200.673227
-41.77,18,16201.00099
-41.82,32,16201.626508
-37.64,28,16202.148077
-38.88,33,16202.723042
-44.55,37,16205.3755
-41.81,25,16205.83364
-35.72,44,16206.571004
32.218487,31,16207.068204
-37.69,35,16207.707654
-35.1,47,16208.561039
-44.19,22,16208.85372
-41.45,28,16209.279919
-41.98,24,16209.605644
-41.73,21,16209.88561
-44.9,30,16210.307651
-36.0,28,16210.734183
-38.94,32,16211.251015
32.316456,27,16211.827752
33.0,38,16212.535108
34.968023,24,16212.958936
-35.51,34,16213.560085
-35.1,34,16216.029779
-38.53,25,16216.459637
-38.49,30,16216.796889
-33.0,24,16217.127574
-32.53,36,16217.763803
-35.1,30,16218.291512
-32.36,34,16218.915678
-38.7,23,16219.317809
-38.6,30,16219.884171
38.895307,21,16220.361547
-38.72,31,16220.795063
-38.18,54,16221.532262
-40.47,24,16221.807506
-38.88,26,16222.162632
-38.99,29,16222.651943
-44.19,78,16225.888479
32.236842,29,16226.42302
-31.56,35,16227.032756
-45.0,26,16227.521462
-44.5,29,16228.037096
-36.0,26,16228.485803
-32.69,28,16228.964818
-38.54,28,16229.443862
-35.46,38,16230.093611
37.35059,32,16230.6244
-42.0,22,16231.021183
-42.0,25,16231.422004
-41.6,31,16231.898258
-41.23,31,16232.302449
-36.0,32,16232.752524
-38.28,34,16233.205348
32.186495,25,16233.611123
-40.57,96,16237.31679
-43.05,23,16237.708549
-37.73,30,16238.220733
-38.78,30,16238.767259
32.572549,27,16239.239967
-43.55,29,16239.748
36.0,27,16240.37092
-32.57,34,16240.960893
35.806338,24,16241.332675
32.368421,42,16242.051938
-38.19,24,16242.401935
-38.58,28,16242.812046
-39.0,32,16243.241013
32.05283,26,16243.689118
-35.58,35,16244.301098
-39.0,25,16244.647731
-33.0,29,16247.033918
-32.06,33,16247.620316
-43.14,19,16247.949053
-38.03,33,16248.496606
-35.82,30,16249.087733
-38.74,33,16249.508102
-44.82,24,16249.778835
-33.0,30,16250.065395
36.818525,31,16250.481812
-38.54,28,16250.961518
34.562257,32,16251.501699
-45.0,30,16252.070068
-43.89,23,16252.483633
-38.94,28,16253.045452
38.228188,34,16253.606628
35.643443,31,16254.064742
-37.62,36,16254.588406
38.103333,31,16256.762006
-44.27,16,16257.049879
-38.72,28,16257.560972
-35.26,30,16258.147542
35.373333,22,16258.510951
-41.27,25,16258.961915
32.775862,26,16259.443142
-47.13,37,16260.351133
-35.79,28,16260.864077
-44.91,13,16261.1437
-43.6,24,16261.536254
-43.52,30,16262.075026
-32.44,28,16262.585598
-38.79,24,16262.983556
-41.45,18,16263.315017
35.793103,30,16263.819241
-44.27,26,16264.256817
-37.18,35,16264.791178
-41.19,21,16265.104988
-35.49,29,16266.026833
32.275591,33,16268.352304
-35.17,28,16268.998346
-35.41,25,16269.386453
-41.99,22,16269.782305
33.0,34,16270.40115
-35.9,29,16270.957834
-35.68,24,16271.358073
-42.0,30,16271.897439
-44.45,27,16272.331297
-38.78,36,16272.995565
-33.0,32,16273.56271
-34.4,28,16274.057449
-38.46,26,16274.533727
-38.27,28,16274.986131
-35.44,43,16275.709245
-44.12,23,16276.058031
32.219424,39,16276.652162
-38.42,24,16278.917834
-41.21,23,16279.245359
34.991525,25,16279.614745
32.186567,24,16280.019827
-32.55,26,16280.487051
-38.96,30,16281.035928
36.0,26,16281.474025
34.342692,30,16282.031329
-41.53,20,16282.406165
-33.0,29,16282.928316
35.469965,23,16283.384232
32.370656,28,16284.028724
35.017426,27,16284.54107
32.114943,33,16284.981134
32.875556,34,16285.540679
-38.87,20,16285.867759
-35.9,34,16286.409359
32.212851,53,16287.209497
-41.66,20,16289.459563
-41.78,32,16289.990094
-34.75,42,16290.578827
-40.59,22,16290.932291
-39.0,33,16291.42621
-32.91,37,16292.355216
-36.0,41,16293.150251
-32.36,41,16293.944812
32.228216,29,16294.39251
-38.81,33,16294.973272
-35.32,27,16295.471349
-44.7,22,16295.789862
33.0,30,16296.298976
32.196,34,16296.86402
32.410256,47,16297.614262
-44.4,17,16297.912137
-35.26,25,16300.240786
-38.41,22,16300.612509
-40.99,24,16300.954996
-37.75,63,16301.887781
-41.85,22,16302.214929
-34.9,28,16302.626518
-38.41,29,16303.108445
-39.0,29,16303.657266
-35.91,28,16304.16467
-41.6,18,16304.493711
-35.27,26,16304.924871
-41.76,24,16305.343318
-38.51,47,16306.129678
-41.94,23,16306.53922
32.732759,26,16306.975954
44.205128,21,16307.290168
-38.01,29,16307.827584
32.284722,34,16308.463221
-35.2,46,16311.19264
-41.88,30,16311.743445
-35.91,24,16312.095444
-43.72,23,16312.445421
-41.78,22,16312.770286
-38.91,24,16313.141336
-37.85,29,16313.581694
-43.9,31,16314.111326
-42.0,39,16314.82395
-44.73,19,16315.186613
-32.58,28,16315.941365
-38.47,29,16316.492739
-33.0,27,16317.003759
-32.49,34,16317.672127
-36.0,22,16318.051054
35.70229,30,16318.58973
32.340067,30,16319.08667
-30.0,23,16319.470833
-32.87,37,16322.213808
-32.59,27,16322.709759
-35.83,28,16323.193024
-32.91,32,16323.713225
-42.0,25,16324.125862
-41.06,23,16324.452424
-44.76,20,16324.767438
-44.11,21,16325.11612
-38.15,30,16325.723717
-41.39,28,16326.291113
-39.0,35,16326.918084
-39.96,27,16327.441513
-37.94,30,16328.011909
-38.44,27,16328.585636
-41.95,21,16329.216081
-38.19,29,16329.882495
-40.97,27,16330.637532
-41.16,26,16331.298796
-35.41,29,16331.915939
-35.94,29,16334.821542
-38.16,33,16335.774961
-44.38,22,16336.187153
-32.91,32,16336.805729
-44.31,21,16337.157683
-44.13,28,16337.613233
-41.47,33,16338.160842
32.5,30,16338.592127
35.688172,28,16339.111207
37.677419,26,16339.603754
32.174905,30,16340.174837
-41.16,26,16340.668856
-35.38,27,16341.236632
-41.94,19,16341.677513
-42.76,29,16342.227259
-35.85,53,16343.253376
-41.14,20,16343.644386
-38.54,28,16344.094536
-40.12,30,16346.741273
37.030096,34,16347.359303
-35.01,38,16348.083918
35.133333,26,16348.61142
-35.72,31,16349.155948
-44.18,31,16349.720719
-32.06,79,16350.930183
32.341379,32,16351.623408
-33.62,31,16352.15639
-35.56,41,16353.01295
35.668085,33,16353.625076
-38.1,22,16354.0165
-35.22,24,16354.418473
-32.35,33,16354.963516
42.0,18,16355.24078
-34.73,26,16357.634285
32.664062,30,16358.194029
-41.87,25,16358.675673
32.659176,28,16359.167249
-40.88,41,16359.866141
-42.0,26,16360.341392
-37.54,28,16360.995637
-41.33,25,16361.373416
-41.53,20,16361.702501
-32.18,32,16362.235795
33.0,33,16362.799494
-38.33,27,16363.329591
32.474359,30,16363.875763
-36.0,29,16364.399266
-35.66,45,16365.140126
39.0,32,16365.716987
38.144202,27,16366.182707
-43.65,20,16366.493386
-41.29,36,16369.189143
-38.61,27,16369.67061
-44.15,38,16370.38613
-38.07,28,16370.916149
-34.5,40,16371.653071
-32.82,30,16372.185153
-44.81,19,16372.506241
-43.15,22,16372.827506
-42.0,20,16373.101071
-38.05,27,16373.423001
-41.86,20,16373.753853
-38.68,33,16374.224202
-33.0,31,16374.836041
35.284091,32,16375.403902
32.164659,29,16375.990984
33.0,32,16376.46588
-34.62,39,16377.059129
35.109091,27,16379.343775
-41.07,17,16379.69452
46.911276,18,16380.052164
32.942529,35,16380.633118
-41.68,21,16381.015685
-45.0,23,16381.377935
-39.0,30,16381.969225
32.524345,29,16382.540164
-36.0,33,16383.08497
-35.55,30,16383.617993
-41.48,24,16384.01107
-32.04,25,16384.428236
-35.52,24,16384.774802
-40.56,27,16385.216052
-38.17,28,16385.893129
32.132013,27,16386.383427
-35.01,42,16387.165105
-41.4,32,16387.723149
32.747449,24,16388.049822
33.0,33,16390.46475
-39.0,29,16391.03802
-38.51,27,16391.51811
-34.51,51,16392.669887
32.174216,26,16393.170219
-44.41,22,16393.6156
32.121495,24,16394.077968
32.216949,29,16394.60006
-44.81,24,16395.295298
-38.57,22,16395.805348
32.285199,36,16396.369262
-41.46,25,16397.51371
-35.27,25,16397.953762
-43.4,31,16398.53136
33.0,41,16399.25204
-43.9,21,16399.5734
-41.94,28,16400.024236
35.556338,27,16400.48619
-42.0,23,16402.947279
32.111607,40,16403.876862
-41.86,27,16404.453346
-42.0,23,16404.859111
-44.15,21,16405.260693
-44.06,35,16405.885625
-41.34,24,16406.351944
-41.75,23,16406.773596
-41.45,29,16407.299358
-33.0,30,16407.760756
-44.21,29,16408.250767
-35.31,49,16408.957067
-41.66,25,16409.40245
35.47907,25,16410.028413
-34.82,34,16410.536184
-37.69,37,16411.117673
-40.75,26,16411.537476
-38.5,31,16414.055265
-39.0,20,16414.411725
-38.81,25,16414.88536
-37.93,25,16415.299021
38.113111,29,16415.783227
-35.46,27,16416.287699
-33.0,28,16416.799626
-38.75,29,16417.336763
37.269213,22,16417.842341
-36.0,21,16418.283458
-33.0,36,16418.863802
-39.0,28,16419.24993
-40.35,25,16419.594323
-47.6,20,16419.878232
-35.35,28,16420.32781
-32.62,23,16420.670036
-32.59,30,16421.089791
-41.92,24,16421.420112
-35.25,33,16421.928637
-41.37,29,16424.326399
-42.0,20,16424.687381
-38.61,31,16425.233951
33.0,29,16425.730797
38.007605,24,16426.190379
32.23125,36,16426.78997
43.841392,20,16427.148415
32.163333,35,16427.781464
-36.0,31,16428.356721
-35.88,27,16428.820673
-41.43,24,16429.350022
-38.65,33,16429.963864
-42.0,25,16430.448724
-38.75,31,16431.01141
-42.0,23,16431.356274
-32.66,38,16431.884681
-38.86,26,16432.256169
-35.02,28,16432.640259
-32.29,34,16435.133924
-38.85,34,16435.738934
-41.72,27,16436.268471
-35.91,24,16436.685432
-38.1,42,16437.621382
34.912335,33,16438.310011
-35.79,26,16438.794397
-34.92,26,16439.268724
-42.0,20,16439.642093
-35.63,40,16440.31744
-41.13,30,16440.817412
-39.0,23,16441.254294
-38.28,30,16441.787797
-43.89,29,16442.464074
-32.94,26,16442.843608
-33.0,48,16443.423733
-42.0,23,16443.691563
32.172285,26,16446.009745
32.374545,30,16446.597296
-35.96,25,16447.068813
37.445325,28,16447.590691
41.430605,17,16447.883411
-32.04,29,16448.459909
-41.12,21,16448.860181
-35.56,28,16449.388046
-41.03,26,16449.838099
-41.82,23,16450.234372
-38.33,28,16450.746879
-40.97,27,16451.243997
-32.77,28,16451.757033
-41.39,26,16452.183484
32.307937,37,16452.832696
-39.0,25,16453.272725
-41.7,30,16453.807057
-41.85,27,16454.211151
-39.0,35,16454.697084
35.900524,27,16456.853232
-35.91,64,16457.984814
-41.85,18,16458.35671
-41.88,25,16458.872181
-35.31,30,16459.395447
-38.68,27,16459.86931
-32.69,28,16460.468287
32.157447,34,16461.06817
-40.55,31,16461.612841
-40.37,59,16462.909894
35.85,95,16464.666666
-38.46,25,16465.126134
-38.71,26,16465.533478
-34.99,34,16466.018227
-44.29,29,16468.265985
33.0,24,16468.66999
-44.91,19,16468.980482
-44.96,18,16469.348917
35.123967,26,16470.00328
-38.43,31,16470.610421
-35.13,45,16471.403746
-32.75,32,16471.969058
-38.09,30,16472.482899
-35.12,27,16472.962505
-41.81,33,16473.581884
-38.26,24,16474.032207
-41.72,23,16474.488339
-35.54,24,16475.045184
32.70428,32,16475.760011
-36.0,38,16476.716748
35.275058,29,16477.149921
34.507075,28,16477.701833
-35.26,28,16480.166049
33.0,32,16480.989943
32.355372,29,16481.676507
35.253261,28,16482.339563
-42.0,23,16482.844746
-47.83,33,16483.592629
-41.69,27,16484.276347
-38.64,20,16484.781386
-41.69,27,16485.449416
-35.72,30,16486.121579
32.266509,29,16486.787419
-39.0,24,16487.344411
-33.0,27,16487.951499
-38.21,33,16488.68747
32.268085,25,16489.296645
32.761589,32,16490.106614
-43.48,22,16490.460932
-41.64,26,16490.880867
-43.9,16,16491.158902
-44.06,27,16493.415524
-44.65,28,16493.917744
-32.19,32,16494.474659
-32.8,30,16495.06587
-41.18,20,16495.456868
-41.69,24,16495.908001
-38.94,49,16496.850877
32.214612,49,16497.910614
-34.53,31,16498.441987
32.546512,22,16498.807286
-35.18,28,16499.312245
-34.88,27,16499.772021
34.446042,28,16500.276311
-35.74,37,16500.955076
-39.0,23,16501.33509
38.818868,29,16501.642278
33.0,30,16502.0831
-41.62,23,16504.219836
-38.17,29,16504.665104
-38.64,27,16505.084997
35.272085,25,16505.54598
-33.0,30,16506.076822
-38.24,32,16506.623364
35.689394,27,16507.121553
38.062914,31,16507.700741
-37.7,23,16508.114666
-32.26,40,16508.949868
-42.0,22,16509.358552
34.777402,34,16509.985806
-36.0,21,16510.340335
-35.14,29,16510.863794
-45.0,19,16511.216573
-47.83,20,16511.562287
-38.27,31,16512.138444
-37.59,35,16512.719046
34.105771,28,16515.634948
32.876596,27,16516.056796
-32.06,36,16516.602742
-32.56,28,16517.096845
37.516419,31,16517.628276
-44.41,16,16517.928505
32.385455,34,16518.738045
-41.53,28,16519.26434
-42.0,24,16519.664242
-35.34,27,16520.169865
-39.0,29,16520.685544
-38.98,27,16521.155201
-41.91,26,16521.618302
-41.33,21,16522.015074
32.651408,31,16522.813773
-35.67,31,16523.455095
-38.52,24,16523.944252
-33.0,28,16524.474803
-32.03,33,16525.331454
35.259259,29,16527.975493
-35.48,29,16528.488176
-35.46,32,16529.021178
-34.53,35,16529.61414
-39.0,46,16530.53896
-38.66,22,16530.990505
32.10559,32,16531.685519
34.65894,37,16532.420457
-35.42,29,16532.979053
-32.4,35,16533.601445
-38.52,30,16534.119095
-38.04,26,16534.632018
36.0,26,16535.139027
39.636735,27,16535.627311
-41.08,30,16536.147344
38.089494,22,16536.528208
32.92446,36,16539.308377
-34.68,35,16539.851767
-43.23,44,16540.518933
-35.61,24,16540.885912
-35.19,26,16541.256984
-35.63,26,16541.794481
-46.9,43,16542.822343
-36.0,30,16543.464329
-32.87,34,16543.987108
-41.11,29,16544.583599
-32.91,25,16545.031641
-40.29,25,16545.492222
32.402256,26,16546.256655
-35.18,28,16546.742776
-41.42,25,16547.139629
-32.65,37,16547.723904
-37.55,29,16548.335206
-43.79,19,16550.712692
-38.85,29,16551.228721
36.0,23,16551.60305
-43.91,61,16552.54304
33.0,30,16553.057233
-33.0,24,16553.453917
38.176471,25,16553.870414
-43.3,31,16554.414334
-32.77,38,16555.157946
-38.29,36,16555.79853
-36.0,35,16556.514721
-44.5,21,16556.921457
-38.52,25,16557.42312
-40.67,29,16557.950426
-41.66,23,16558.322464
33.0,28,16558.80041
-35.56,29,16559.287173
-40.25,34,16561.96054
-38.62,24,16562.390115
-41.54,46,16563.151309
34.779508,27,16563.591112
-38.25,39,16564.185181
-43.86,38,16564.795311
35.300623,23,16565.248825
-32.94,32,16565.822905
-42.0,22,16566.258572
-44.74,26,16566.773034
-35.48,28,16567.299018
-43.99,23,16567.739156
33.0,33,16568.334493
35.149673,44,16569.240421
-35.1,35,16569.823338
-38.62,30,16570.337247
-36.0,46,16573.623074
-41.54,18,16573.989961
-32.91,30,16574.537379
32.855019,35,16575.182612
-38.33,23,16575.86953
35.478873,26,16576.286554
-35.04,35,16576.883725
-38.11,25,16577.399204
35.093851,30,16577.964562
-38.71,27,16578.511017
-38.01,24,16578.985372
-38.09,34,16579.614001
-38.57,34,16580.23996
37.725506,25,16580.716513
-39.0,28,16581.164728
-35.26,33,16581.838482
-42.0,27,16582.298571
-32.77,30,16582.915549
-36.0,24,16585.305005
33.0,35,16585.938374
32.375405,28,16586.433063
35.211538,27,16586.882647
35.553846,34,16587.426281
-41.22,27,16587.869491
-32.32,54,16588.769408
-32.13,36,16589.416369
-32.68,29,16589.969324
-38.27,27,16590.426698
30.0,27,16590.957363
-32.14,34,16591.582161
-42.0,18,16591.863573
-32.15,31,16592.416544
-38.73,25,16592.840571
-35.7,26,16593.266906
-38.63,24,16593.698539
-34.21,46,16596.519483
-38.01,40,16597.218329
-41.71,27,16597.721542
-32.56,34,16598.677232
-41.81,30,16599.316533
-38.56,32,16599.893645
32.520134,36,16600.588603
32.209125,36,16601.215257
-32.01,41,16602.035989
39.0,21,16602.653166
32.52381,34,16603.25771
-38.02,25,16603.635388
-38.67,25,16604.04046
35.375,27,16604.459758
-36.0,21,16604.794395
36.0,39,16605.493153
-38.48,33,16608.073526
-41.89,24,16608.533168
-41.32,34,16609.147532
-32.05,34,16609.750754
32.332117,25,16610.127366
32.398352,33,16610.749495
33.0,30,16611.227203
-41.74,21,16611.524447
-42.0,21,16611.893063
32.520913,28,16612.461121
-36.0,34,16613.09391
38.067456,30,16613.662869
-34.81,25,16614.061537
-38.71,35,16614.626466
-38.66,17,16614.906316
-32.76,32,16615.383411
-41.1,22,16615.767025
-41.18,21,16616.14803
-38.11,35,16618.731522
-38.52,30,16619.240841
32.828996,28,16619.756934
-45.37,26,16620.365193
-38.99,30,16620.859163
-32.07,34,16621.418088
-38.07,27,16621.833441
35.785044,26,16622.242875
-35.19,34,16622.778577
-37.65,29,16623.342726
32.68705,33,16623.960269
39.93077,21,16624.351564
32.709571,34,16624.956153
-38.46,38,16625.770695
39.0,25,16626.250942
-40.83,24,16626.677946
-42.0,31,16627.236163
-38.62,23,16627.707196
-36.0,28,16630.230278
32.134146,34,16630.81087
-40.81,26,16631.311366
33.0,26,16631.832282
-35.61,33,16632.423507
32.730612,29,16632.972031
-42.0,29,16633.452512
-35.59,31,16634.054317
-37.57,33,16634.60643
-37.11,28,16635.044128
-35.66,30,16635.599503
-43.09,28,16636.103949
-37.75,30,16636.563626
-35.81,26,16636.953029
-39.0,20,16637.30937
-32.5,31,16637.774321
38.433036,27,16638.21082
-32.91,28,16638.723604
33.0,25,16641.125242
-32.91,42,16641.842496
-34.52,41,16642.560951
-32.56,30,16643.084537
-44.75,16,16643.373788
-41.6,24,16643.832059
-44.02,39,16644.486518
30.0,30,16644.912831
-38.91,26,16645.302205
-35.22,29,16645.749603
-39.0,16,16646.01667
-41.71,32,16646.609345
-44.33,39,16647.263188
-32.4,44,16648.069405
-38.49,25,16648.442454
39.0,18,16648.790752
-35.36,28,16649.254812
-32.26,26,16651.754864
-41.5,18,16652.12086
-38.35,28,16652.613984
32.5,30,16653.204486
-32.77,25,16653.713777
-35.64,29,16654.243306
32.785455,24,16654.627462
-35.58,31,16655.389447
32.807547,28,16655.847986
-33.0,27,16656.280028
-38.17,28,16656.758361
-41.66,84,16658.090417
-38.05,27,16658.623804
-32.41,62,16659.672489
41.808889,20,16660.048596
-31.84,28,16660.562538
-39.0,30,16662.993003
32.360825,30,16663.536314
38.289575,18,16663.784334
-41.59,33,16664.417215
-42.0,23,16664.869624
32.918919,37,16665.553448
35.324251,31,16666.092257
-36.0,39,16666.780815
-42.0,33,16667.356599
-35.05,26,16667.822478
32.785455,32,16668.301399
-38.46,29,16668.736696
-44.78,17,16668.970791
41.051181,25,16669.328191
-32.52,28,16669.776989
-47.02,26,16670.250496
-42.0,25,16670.664422
-42.0,21,16671.074368
-36.0,28,16673.692657
-32.61,26,16674.168786
-38.45,50,16675.232122
-39.0,36,16675.908817
-38.34,33,16676.517888
-43.72,27,16677.032973
-35.47,41,16677.805103
-37.68,23,16678.527017
38.479866,22,16678.916701
-41.1,30,16679.459327
32.5625,35,16679.993376
36.0,25,16680.313841
35.376384,31,16680.757967
36.0,25,16681.122903
-41.62,24,16681.671816
-44.8,20,16682.114218
32.182432,35,16682.693057
-44.78,26,16685.036879
-44.5,31,16685.581227
-32.3,36,16686.223752
32.411538,36,16686.976477
32.71028,29,16687.517504
38.147766,24,16687.986825
-32.59,30,16688.730349
-33.0,37,16689.540278
-44.59,21,16690.040504
-32.1,35,16690.81021
38.247153,23,16691.51566
-47.93,30,16691.958033
-41.28,25,16692.312444
-41.76,24,16692.669337
-38.34,25,16693.11658
32.171642,33,16693.702214
-39.0,31,16694.304366
-38.2,33,16695.066807
-34.36,34,16697.784941
-33.64,39,16698.465108
-35.8,32,16699.016252
-38.3,39,16699.762411
-42.0,22,16700.14853
-44.81,18,16700.51229
-41.55,25,16700.99663
-42.0,37,16701.791019
-35.57,30,16702.323488
38.650558,25,16702.922604
-36.0,25,16703.332313
34.317798,24,16703.67811
-38.81,32,16704.15203
35.482625,33,16704.590701
32.413428,32,16705.044159
34.131589,32,16705.601955
-38.34,26,16706.442986
-44.38,14,16708.976221
-38.9,26,16709.529408
-32.28,30,16710.33627
-35.91,22,16710.969506
-38.88,29,16711.74695
-30.0,25,16712.305065
-37.53,32,16713.062662
33.0,30,16713.663004
-41.15,24,16714.267553
-44.61,25,16714.910812
-41.8,24,16715.620527
-38.29,34,16716.407423
32.512456,28,16717.028191
36.0,30,16717.570298
37.645147,30,16718.156399
33.0,33,16718.741238
-41.7,23,16719.195116
41.507194,24,16720.801937
-40.61,24,16721.285964
-41.27,32,16723.827619
-41.53,28,16724.362683
-35.77,36,16725.098663
-35.71,26,16725.744949
-38.09,28,16726.427079
32.804878,31,16727.060305
-39.0,19,16727.420742
-42.0,23,16727.873778
-44.46,27,16728.433102
32.184116,35,16729.082177
-32.43,27,16729.51807
-38.08,28,16729.941347
-38.5,29,16730.373686
-41.17,32,16730.85169
-36.0,24,16731.231279
38.727273,22,16731.547513
-38.11,29,16731.981432
-41.21,17,16732.27431
-43.19,27,16732.77963
-40.48,22,16735.121675
-36.0,36,16735.755921
32.379791,35,16736.71629
32.903361,32,16737.288205
35.851711,40,16738.027528
-32.46,35,16738.708232
35.413284,24,16739.1709
-38.63,30,16740.006822
-44.88,26,16740.423365
-44.88,21,16740.745407
-32.03,43,16741.418124
-41.89,20,16741.736177
38.286184,21,16742.080345
41.243902,21,16742.362828
-36.0,26,16742.762635
-40.39,25,16743.138947
-32.05,23,16743.530916
-41.46,23,16743.990588
-38.76,25,16746.342227
-38.06,30,16746.86141
38.033058,23,16747.280695
-41.38,21,16747.676453
-41.71,27,16748.17341
-37.38,29,16748.726219
-44.12,22,16749.215098
-35.61,26,16749.731826
-42.0,18,16750.088802
38.273109,39,16750.792311
33.0,32,16751.366928
37.933551,33,16751.953454
-37.89,30,16752.470249
-31.74,30,16753.079877
-41.91,29,16753.558387
33.0,24,16753.957165
-38.65,23,16754.313944
-41.92,23,16754.693118
32.457912,33,16755.236985
-37.92,29,16757.700629
-32.11,35,16758.282318
-35.48,30,16758.854764
-35.91,36,16759.448125
-36.0,30,16759.957229
37.174462,25,16760.410681
-39.0,27,16760.921113
-35.19,41,16761.881753
32.147321,29,16762.356296
-43.95,26,16762.765089
-35.65,62,16763.743985
-35.39,30,16764.217106
-38.23,28,16764.689557
-41.13,25,16765.0911
-38.06,22,16765.456753
36.0,33,16766.137691
-47.79,24,16768.488448
-42.0,21,16768.890579
-35.91,26,16769.401768
-36.0,29,16769.965536
-32.25,29,16770.489059
-38.86,30,16771.020088
-41.93,34,16771.475487
-38.71,23,16771.91223
38.953237,21,16772.289685
-38.64,33,16772.996165
-41.33,20,16773.293793
-32.18,26,16773.691715
-35.58,34,16774.254192
37.701154,22,16774.632602
-35.41,41,16775.514009
-33.0,35,16776.161335
-44.07,22,16776.514038
36.0,22,16776.869686
-38.14,23,16777.203277
-38.6,39,16779.852554
-41.5,26,16780.329318
32.432143,37,16781.013121
-38.69,28,16781.493108
-38.33,26,16781.982737
32.116197,29,16782.512119
-35.48,25,16782.959233
32.163636,30,16783.510958
-41.66,28,16784.253605
32.470588,36,16784.841414
32.172794,27,16785.278674
-35.89,39,16785.912149
-37.63,27,16786.404796
-38.21,64,16787.614901
-44.01,17,16787.897827
-32.44,32,16788.677253
-47.41,15,16788.888491
-42.0,26,16791.555317
-38.71,27,16792.032085
-42.0,15,16792.282867
-35.61,29,16792.829787
-38.55,23,16793.318883
-32.75,30,16793.998327
-32.56,28,16794.495046
35.461538,27,16794.961665
-32.37,28,16795.491329
-41.66,25,16795.941748
-42.0,21,16796.274237
33.0,34,16796.811472
32.891026,28,16797.281399
-38.19,27,16797.78567
-41.68,42,16798.582848
32.3,34,16799.183569
-38.91,21,16799.524875
34.871349,36,16800.357477
-39.0,28,16802.706901
-38.73,30,16803.255728
-35.1,39,16803.986309
36.0,30,16804.545563
-38.15,26,16805.02009
41.359307,19,16805.338027
36.0,27,16805.857717
-45.0,29,16806.397172
-35.4,35,16806.978853
-38.01,34,16807.508623
-35.13,27,16807.962589
-34.79,31,16808.539573
40.456204,25,16808.950473
-35.21,27,16809.467848
-36.0,28,16809.944337
-36.0,34,16810.61096
-41.5,19,16810.912092
-47.61,33,16811.443361
32.089888,29,16814.314587
-35.48,24,16814.905758
-32.7,24,16815.731227
-41.37,22,16816.320653
-33.0,25,16816.78777
-42.78,33,16817.887094
-33.0,32,16818.657068
32.154982,39,16819.348246
-35.55,29,16820.114293
-31.58,52,16821.913725
-44.25,22,16822.518716
40.72929,25,16823.603665
-41.21,26,16824.178221
-35.05,24,16824.753841
-35.34,26,16825.26044
-38.11,35,16825.950558
-38.33,47,16826.868908
42.52725,37,16830.058381
33.0,30,16830.874645
-38.41,39,16831.97371
32.817544,25,16832.615711
-38.68,24,16833.177096
-38.55,33,16833.926727
38.040146,25,16834.402263
-38.98,21,16834.785819
-32.48,28,16835.331718
41.262862,21,16835.858322
-35.8,62,16837.283547
35.352273,29,16837.950624
-35.3,30,16838.593146
-42.0,28,16839.20202
-41.94,29,16839.742123
-41.32,28,16840.155063
-44.12,15,16840.435876
-35.74,27,16842.870418
-38.08,26,16843.399321
-44.78,16,16843.684961
-44.22,19,16844.034164
-45.0,30,16845.053581
-36.15,24,16845.453828
-38.5,24,16845.816425
32.414545,32,16846.340947
-33.0,33,16846.930291
-41.5,32,16847.727389
-38.0,34,16848.386896
36.176948,23,16848.730848
35.876623,26,16849.200588
-38.17,30,16849.771528
-32.49,42,16850.658919
-35.91,25,16851.239367
34.561776,34,16851.819534
38.003817,32,16852.318798
-44.49,19,16854.636049
-44.31,19,16854.984191
41.501887,19,16855.338735
-38.94,28,16855.859125
-32.61,53,16856.855318
35.701149,27,16857.392557
-41.91,28,16857.867047
-43.66,25,16858.367031
33.0,29,16858.926151
-39.0,20,16859.299619
-41.88,27,16859.868052
35.847134,28,16860.458414
-35.63,31,16861.04111
-35.32,30,16861.645512
-41.83,26,16862.120429
-38.46,28,16862.701694
32.901575,28,16863.637214
-33.0,29,16864.340304
-41.69,26,16864.84431
32.878327,26,16867.690972
-35.35,32,16868.312119
-41.04,29,16868.861684
-44.2,16,16869.149405
-32.91,29,16869.662028
-43.62,24,16870.028989
33.0,32,16870.573038
-38.07,33,16871.143244
-35.37,29,16871.669771
-41.03,26,16872.124422
-42.0,22,16872.537632
-41.21,25,16873.106074
-39.0,25,16873.852973
-38.52,30,16874.504977
32.324138,31,16875.11429
-38.36,27,16875.863237
32.026667,28,16876.440613
-38.66,31,16877.067642
-37.62,23,16879.851291
-41.17,40,16880.6615
-41.38,20,16881.324091
38.319328,24,16881.826328
-32.72,28,16882.411395
32.140845,29,16882.925465
-45.0,33,16883.509161
-41.73,27,16883.982802
-32.2,31,16884.506844
-41.72,23,16884.956127
-38.09,31,16885.572478
-38.3,31,16886.185021
-38.54,29,16886.792853
-38.18,28,16887.294781
-38.85,29,16887.810147
-35.55,26,16888.340271
-38.66,28,16888.874904
-38.01,30,16889.548493
34.698204,31,16892.034293
-38.3,27,16892.55623
-41.32,22,16893.057856
-36.0,27,16893.572238
-39.0,26,16894.05387
-42.0,24,16894.495058
-38.77,34,16895.085575
40.652775,19,16895.42257
-32.12,29,16895.897071
32.488372,29,16896.396829
-33.0,26,16897.00084
-47.26,23,16897.508752
-44.68,19,16898.440022
-32.26,28,16899.0062
35.408867,28,16899.576714
-41.32,25,16900.043627
-34.29,31,16900.658833
-38.61,30,16901.261322
-38.8,24,16901.738619
44.56,16,16902.011294
-32.17,33,16904.653872
-42.0,37,16905.374598
-48.0,30,16906.100008
35.041379,28,16906.658803
41.32,44,16907.708513
-39.0,35,16908.397524
-44.53,21,16908.801265
-38.99,31,16909.408195
-40.99,26,16909.894311
-41.75,31,16910.472783
35.72973,33,16911.078552
-38.88,30,16911.624991
-32.27,38,16912.346474
-34.97,30,16912.90399
41.340909,22,16913.241449
-41.52,30,16913.798494
-32.46,27,16914.341847
32.571429,32,16916.934766
-32.15,38,16917.660607
-37.18,35,16918.304597
-38.5,29,16918.824383
-44.09,25,16919.290265
34.589404,26,16919.724478
-35.72,27,16920.259622
35.303376,27,16920.848657
32.303571,35,16921.49814
-38.37,30,16922.197135
-37.56,45,16923.608431
-33.0,37,16924.497159
-41.3,26,16925.183007
-42.0,31,16925.981145
-43.52,26,16926.614536
-38.77,35,16927.31958
-36.0,28,16929.792809
-38.36,23,16930.146573
-41.19,23,16930.774771
-35.26,34,16931.271939
-33.0,31,16931.743732
-35.87,33,16932.30089
-41.09,21,16932.738302
-44.13,31,16933.527849
34.143801,31,16934.138629
-45.0,20,16934.510448
-38.74,24,16935.184549
-41.72,29,16935.72509
-41.91,33,16936.372411
-42.0,29,16936.932611
-40.8,29,16937.466204
33.0,30,16938.04599
-37.75,23,16938.47802
-38.77,69,16941.999342
-40.21,30,16942.470032
34.743118,39,16943.112562
34.773662,28,16943.609102
35.9,22,16943.990084
-35.9,29,16944.519635
-32.22,31,16945.065047
32.164087,31,16945.645695
38.613941,40,16946.343091
-40.04,23,16946.74618
-38.37,26,16947.1917
-38.77,32,16947.735788
-37.51,29,16948.329148
-33.0,32,16948.92373
-45.0,23,16949.344615
-37.94,20,16949.761325
-38.41,56,16950.836549
-41.88,28,16953.132241
38.083333,27,16953.49628
35.776952,31,16953.946348
-38.16,23,16954.341171
-38.59,26,16954.865425
-41.04,22,16955.37545
-35.29,25,16955.827822
-40.68,26,16956.367425
35.777027,24,16956.803542
-41.25,21,16957.191522
35.898955,23,16957.628726
-39.0,26,16958.096193
32.701299,29,16958.840623
-41.4,27,16959.365767
-41.84,24,16959.903372
-44.41,21,16960.530987
-44.45,23,16960.970402
-39.0,21,16961.355068
-34.61,31,16961.930476
-32.01,33,16962.582679
-39.82,25,16964.929799
-41.5,25,16965.333904
-32.21,36,16965.82078
-35.11,32,16966.292824
-32.59,26,16966.780704
-41.44,24,16967.196361
-38.81,33,16967.880324
-41.75,32,16968.677494
-32.68,39,16969.326604
32.134259,38,16970.200452
-32.91,33,16970.875259
-38.77,29,16971.409264
-36.0,19,16971.755803
38.38,29,16972.341026
30.0,27,16972.875815
-44.69,21,16973.317467
33.0,37,16973.964541
-41.91,20,16976.263979
32.528,28,16976.704066
-38.11,22,16976.993608
-38.82,27,16977.355505
-38.58,27,16977.767106
-41.01,26,16978.264501
-41.73,22,16978.792942
32.635338,32,16979.384712
-38.5,26,16980.127217
-32.43,35,16980.856733
-39.0,28,16981.366113
38.752809,19,16981.702595
34.82348,27,16982.202931
35.515284,25,16982.710958
-39.0,33,16983.319209
-41.9,27,16983.795031
-41.42,22,16984.246685
-37.68,29,16985.011181
-35.07,30,16985.54693
-38.23,29,16988.181967
32.050676,41,16988.783396
-41.32,25,16989.174094
-41.39,43,16989.883676
-45.0,21,16990.245148
-40.75,25,16990.742712
-35.53,23,16991.164227
35.133562,26,16991.692898
-37.79,30,16992.242226
-32.22,30,16992.786544
-32.21,28,16993.322013
-35.59,28,16993.844243
-32.15,34,16994.426171
-38.18,49,16995.35895
33.0,33,16996.063477
32.590778,34,16996.724924
-44.19,22,16997.161163
-44.49,31,16999.674505
-41.19,27,17000.147042
32.814545,28,17000.530626
32.839286,36,17001.100805
-41.83,21,17001.463149
-39.57,32,17001.94165
-40.25,27,17002.402527
39.0,23,17002.997327
-32.7,28,17003.575454
35.002304,29,17004.090752
32.628866,30,17004.631236
-44.49,21,17004.985032
-32.2,35,17005.718154
-35.91,40,17006.45401
-35.6,41,17007.176482
33.0,26,17007.638147
-32.46,30,17008.219413
36.0,28,17010.73242
-32.5,48,17011.669493
-37.96,53,17012.5362
-35.75,32,17013.366689
-41.03,21,17013.734945
-35.22,39,17014.472255
30.0,35,17015.125201
-41.36,28,17015.717202
-42.0,21,17016.118236
-41.77,24,17017.406327
-32.58,32,17017.998998
-41.99,22,17018.445807
-38.09,25,17018.91573
-38.06,30,17019.467426
-41.81,34,17020.111174
-32.57,32,17020.708651
-35.66,26,17023.178921
32.254789,33,17023.740756
37.953109,23,17024.083019
-38.28,37,17024.724305
38.178988,24,17025.135332
-44.07,18,17025.389077
32.592885,27,17025.793049
36.0,26,17026.230027
-38.5,30,17026.9322
-43.13,22,17027.320584
-33.0,25,17027.802241
35.75188,26,17028.265441
-36.0,27,17029.061787
36.0,25,17029.552156
-38.42,24,17029.97966
-38.4,20,17030.380811
-32.75,29,17030.918593
34.089515,45,17031.74877
-38.53,30,17032.292595
-35.56,31,17034.675614
-44.03,21,17034.98375
-33.0,23,17035.362358
-35.03,45,17036.042409
35.635135,23,17036.419586
-35.81,37,17037.021246
40.293339,28,17037.445341
32.827839,25,17037.912088
-41.91,27,17038.648365
-41.19,25,17039.119396
-34.61,29,17039.874681
38.536585,29,17040.441476
-44.04,25,17040.915231
-32.19,30,17041.595866
-47.41,30,17042.207527
-42.0,20,17042.625091
-33.0,31,17043.266367
-38.54,23,17043.7253
-38.74,25,17044.20872
-32.54,39,17046.748352
-44.46,44,17047.676815
-39.0,28,17048.226137
35.457983,25,17048.696685
-41.51,28,17049.1958
-40.53,43,17049.910931
-32.07,26,17050.344464
32.609272,29,17050.948326
-38.3,25,17051.442081
-40.79,36,17052.076406
-47.32,14,17052.336558
-41.61,41,17053.074452
-35.35,49,17054.040756
-32.32,28,17054.536359
-40.88,28,17055.049718
-44.24,18,17055.361108
-41.57,34,17057.919751
32.082677,30,17058.413239
-45.0,26,17058.804648
34.738248,32,17059.369418
-38.35,23,17059.770757
-35.59,34,17060.369254
-42.0,19,17060.661218
33.0,30,17061.145682
-33.0,23,17061.456275
-43.73,25,17061.850533
-35.7,31,17062.383374
35.208029,30,17062.925106
-35.77,37,17063.591571
33.0,23,17064.135828
32.595833,25,17064.621019
37.420828,30,17065.301501
-35.59,28,17066.017602
-38.98,106,17070.340655
-34.88,37,17071.07217
-35.55,32,17071.685974
39.0,19,17072.10951
34.220764,28,17072.705946
-39.0,28,17073.296549
-38.33,25,17073.744737
-35.33,35,17074.306491
-44.76,22,17074.646856
32.587755,30,17075.131074
38.25,23,17075.474888
-35.5,25,17075.904319
-44.47,30,17076.422823
-32.27,33,17077.095442
-38.45,32,17077.700638
-35.23,29,17078.059464
-42.0,29,17080.651589
32.406504,32,17081.207899
-32.64,31,17081.675565
-38.65,20,17082.029625
-43.78,36,17082.520439
-37.69,62,17083.575684
-44.55,18,17083.948942
-41.36,19,17084.324702
34.898596,62,17085.552313
-41.72,30,17086.083573
-37.21,33,17086.597257
-39.0,31,17087.102685
-37.89,28,17087.526852
36.0,29,17088.095642
32.345865,24,17088.55976
-42.0,30,17089.069084
-41.66,23,17089.475639
32.096639,26,17091.929958
-35.07,27,17092.942727
-38.48,34,17093.68203
-41.26,28,17094.174114
38.383178,22,17094.5915
-33.0,38,17095.350179
-43.63,29,17095.864171
-33.0,28,17096.365468
-41.91,20,17096.726837
-41.15,23,17097.192807
35.617886,28,17097.746319
-39.0,24,17098.177316
-33.0,30,17098.618484
33.0,25,17098.98539
-32.09,39,17099.610457
-40.58,21,17099.935363
36.0,22,17100.271884
-33.0,24,17100.676077
39.0,26,17103.184349
30.0,42,17103.898521
-41.12,26,17104.353656
-38.15,24,17104.783672
32.354305,25,17105.239583
-42.0,35,17105.929876
-38.65,30,17106.515641
-32.8,27,17107.012683
35.99187,27,17107.481254
35.237288,34,17108.15457
32.266376,25,17108.637418
-32.61,32,17109.253062
-44.33,17,17109.572859
-36.0,25,17110.032035
-35.81,29,17110.546888
-39.0,20,17110.840266
-32.23,32,17111.378274
-44.05,22,17111.746658
32.280374,25,17112.161903
-43.26,24,17114.589196
-37.14,28,17115.075882
-41.25,21,17115.422227
-40.72,35,17115.974295
-41.93,33,17116.617707
35.442136,27,17117.138885
-44.3,26,17117.584156
32.733577,31,17118.401399
-42.0,26,17118.882836
-35.91,23,17119.491014
-41.4,21,17119.827246
-41.51,22,17120.223593
35.792254,29,17120.732745
-37.63,25,17121.182534
-41.04,25,17121.644779
-35.43,27,17122.136305
-35.49,30,17122.687922
35.373887,32,17123.191145
-39.0,19,17123.514086
-43.35,33,17126.018687
41.685512,20,17126.346464
-32.49,41,17126.970236
35.714286,26,17127.279715
-35.52,32,17127.756097
32.350943,43,17128.56249
-32.7,28,17129.085598
-35.42,44,17129.871838
-41.09,30,17130.435369
-42.0,20,17130.775908
-38.39,27,17131.2926
32.632184,26,17131.796552
-40.71,27,17132.334357
-40.82,22,17132.771432
-38.24,33,17133.342297
-35.59,28,17134.164404
-35.43,34,17134.891147
35.037383,25,17137.113631
-42.0,24,17137.506467
-38.29,35,17138.084452
-32.7,28,17138.534266
-43.76,31,17139.13949
-35.68,24,17139.626944
32.465021,44,17140.457374
40.67881,23,17140.92021
-41.26,25,17141.429114
-33.0,34,17142.088602
32.314815,25,17142.561064
32.150376,31,17143.081808
-32.49,31,17143.923772
-39.0,24,17144.375209
35.260377,26,17144.880427
-38.39,28,17145.467435
-41.91,20,17146.025128
-41.24,27,17146.626043
-40.93,29,17148.9889
39.0,19,17149.286959
36.0,24,17149.72525
37.35169,33,17150.231722
32.19084,31,17150.845856
-38.14,27,17151.427288
-43.68,23,17152.004098
34.884817,24,17152.444822
-41.32,31,17153.019075
-32.29,32,17153.666629
-38.69,25,17154.158182
-38.75,24,17154.603047
-44.23,21,17154.974005
-43.33,19,17155.348971
37.074068,28,17155.830604
-32.35,33,17156.497089
33.0,29,17157.0322
-36.0,28,17157.59726
34.767658,30,17158.180567
-39.0,47,17160.718503
35.329268,39,17161.257879
35.299242,23,17161.663663
-38.23,35,17162.350318
-38.37,24,17162.813602
35.524444,37,17163.511769
-41.44,25,17163.997985
-38.78,30,17164.554553
-32.69,24,17165.040743
-38.09,27,17165.619026
-36.0,32,17166.277587
-41.35,22,17166.746794
-40.63,34,17167.482835
-40.71,23,17168.053266
-33.0,24,17168.533414
-41.0,20,17169.076868
32.371094,40,17169.865159
-39.0,32,17170.50576
-40.96,23,17172.630488
35.246818,30,17173.108604
-42.0,18,17173.424702
-41.78,19,17173.985988
-46.32,19,17174.359426
-38.15,28,17174.924223
36.0,24,17175.379808
-41.32,33,17176.051985
-38.75,28,17176.643137
-38.22,32,17177.222357
-41.32,24,17177.718112
32.194915,37,17178.378392
-44.75,19,17178.742484
32.809701,38,17179.471148
-32.76,65,17180.795036
32.813953,27,17181.23914
-39.0,23,17181.670878
32.764444,34,17184.256324
38.292696,32,17184.750728
-41.03,24,17185.095942
33.0,41,17185.750757
-39.0,25,17186.116201
35.008589,30,17186.758181
36.0,23,17187.135701
-36.0,29,17187.660994
-35.48,27,17188.11821
-36.0,30,17188.723661
32.901575,32,17189.378677
-41.91,26,17189.88855
-41.3,35,17190.535046
38.215232,25,17191.064603
-36.0,27,17191.633248
-41.14,37,17192.226021
-41.03,24,17192.88568
35.853175,28,17193.393145
35.646259,61,17196.632028
-41.35,31,17197.076883
-37.7,32,17197.579389
-35.36,25,17198.015134
-32.64,49,17198.941699
-38.18,18,17199.327014
-42.0,18,17199.646306
-39.0,37,17200.592589
33.0,23,17201.040298
-41.07,28,17201.55493
32.511905,29,17202.007381
-36.0,25,17202.452129
32.875502,43,17203.285002
-39.0,38,17204.02676
-41.53,23,17204.488785
35.517375,24,17204.96915
-42.0,24,17207.294831
-44.91,30,17207.780072
-38.94,26,17208.175519
-36.0,25,17208.512433
34.284678,43,17209.392681
36.0,23,17209.744868
-35.61,32,17210.240112
-41.62,24,17210.711479
-44.31,33,17211.370615
-41.84,19,17211.722643
-37.8,30,17212.299766
-35.64,21,17212.74923
-38.06,27,17213.294401
36.0,21,17213.661934
-35.3,29,17214.284831
32.339161,29,17214.841939
32.129151,31,17215.433937
-31.92,29,17215.927775
-38.91,39,17218.671239
-35.91,25,17219.066603
41.439516,19,17219.379851
-33.0,31,17220.11084
-35.66,26,17220.578315
32.627358,29,17221.054132
-39.0,19,17221.360523
-38.05,29,17221.818651
-43.92,17,17222.060138
38.9,29,17222.528873
-38.8,39,17223.363322
-32.5,30,17223.928735
35.23622,35,17224.611975
-41.23,17,17224.892102
41.013986,19,17225.241083
35.529578,37,17226.103844
32.672535,29,17226.642509
-38.78,28,17227.192323
-32.62,31,17227.757691
-41.96,27,17230.129409
-44.64,48,17230.951531
-35.6,29,17231.485769
-38.01,28,17232.025172
-32.75,28,17232.497917
35.210526,27,17232.897424
-38.77,21,17233.2587
-43.17,47,17233.98352
40.325206,23,17234.376949
-44.19,18,17234.826952
34.804547,27,17235.349614
-45.0,15,17235.60215
-32.34,34,17236.191287
-41.56,37,17236.937966
-38.7,33,17237.549264
-40.68,83,17239.151624
-38.79,35,17241.607819
-39.0,21,17241.967185
32.329412,36,17242.611145
-38.33,26,17243.084728
-41.84,22,17243.452724
32.577947,35,17244.113147
-35.53,32,17244.683239
38.154135,19,17244.985795
37.738636,24,17245.378502
-32.04,29,17245.810356
-35.3,31,17246.275524
-41.3,29,17246.828078
-32.31,31,17247.37513
32.797203,28,17247.921026
-38.18,31,17248.523169
-39.0,25,17249.222767
39.0,25,17249.72421
38.102941,24,17250.22002
-38.4,26,17252.748085
-47.62,18,17253.066742
-41.1,18,17253.315562
-36.0,34,17253.873728
-38.57,27,17254.47298
-33.0,34,17255.115128
33.0,25,17255.665319
32.903475,26,17256.213472
-41.18,26,17256.690406
-35.67,29,17257.113413
37.725299,30,17257.621137
-35.69,31,17258.014928
-47.87,26,17258.423505
-41.48,27,17258.951346
-38.46,21,17259.310028
-36.0,21,17259.711851
-41.85,27,17260.243291
-38.23,28,17260.814524
38.207547,26,17261.29448
32.325203,28,17263.911516
-35.23,22,17264.297565
34.552937,25,17264.72967
32.102639,30,17265.167624
-35.01,38,17265.780781
-41.66,27,17266.299311
-32.21,28,17266.805902
-38.01,36,17267.596101
-38.62,41,17268.461195
38.057143,21,17268.797589
-42.0,20,17269.176919
-44.83,26,17269.594803
33.0,30,17270.035577
-32.58,27,17270.472781
-32.5,30,17271.059309
-36.0,44,17271.921388
-42.0,22,17272.274971
-39.0,30,17272.789381
-42.0,30,17275.324986
-41.17,23,17275.611409
-41.88,29,17276.004495
-40.54,20,17276.332711
-41.11,23,17276.748486
-35.6,36,17277.327008
30.0,26,17277.729649
-40.26,23,17278.344218
-41.9,17,17278.692208
-39.0,28,17279.195905
-38.2,34,17279.81765
-33.0,28,17280.368224
-35.17,34,17280.991023
-38.07,36,17281.581781
-42.0,35,17282.129801
-47.64,24,17282.566148
-32.46,35,17283.124346
35.195312,26,17283.581372
32.399015,27,17286.234755
-36.0,28,17286.775144
-32.44,22,17287.207403
-35.33,30,17287.642905
-32.47,32,17288.165596
35.108333,26,17288.589491
-44.01,21,17288.920283
40.119141,20,17289.252269
34.190933,35,17289.828861
-40.83,26,17290.319883
-38.27,31,17291.357619
-44.88,21,17291.743195
-33.0,29,17292.225635
-38.6,28,17292.732969
-41.58,24,17293.13274
32.605263,38,17293.791174
-32.58,32,17294.329947
39.0,22,17294.674552
-32.74,32,17295.194963
-39.0,24,17297.597746
32.621951,34,17298.232803
-44.7,18,17298.52853
-36.0,30,17298.973028
-41.22,31,17299.536288
-38.91,31,17300.083287
35.903226,24,17300.496256
-38.76,38,17301.195647
37.535211,29,17301.924605
-35.43,29,17302.617465
35.585616,23,17303.069773
-35.39,29,17303.732492
-35.22,31,17304.452113
-41.67,20,17304.842346
-38.49,23,17305.262777
-41.6,27,17305.795587
-38.41,28,17306.264174
32.928826,32,17306.755493
-35.15,24,17309.15461
-32.14,28,17309.62047
-47.21,15,17309.956572
-44.1,20,17310.363247
32.660305,31,17311.132298
-35.28,29,17311.653413
-32.21,33,17312.222473
-38.35,34,17312.806475
37.155145,29,17313.364082
-44.7,32,17313.978048
-41.78,20,17314.354798
-47.97,46,17315.199912
-38.76,47,17316.180449
35.895833,24,17316.623974
-38.24,36,17317.218887
-44.87,22,17317.629614
37.501178,23,17318.044464
33.0,41,17320.518244
-41.06,25,17320.998096
-39.0,24,17321.432599
-34.76,26,17321.921987
-41.51,31,17322.432024
-44.93,58,17323.309891
-44.5,19,17323.564939
-35.69,35,17324.20052
36.0,26,17324.666723
-32.17,34,17325.412582
-39.0,32,17326.053754
-39.0,78,17327.677421
36.0,26,17328.186364
-39.0,22,17328.612838
-32.5,34,17329.291356
-33.0,26,17329.983348
-39.0,24,17332.234666
-38.36,34,17332.9453
-40.92,22,17333.423032
32.777778,33,17334.038283
-32.71,31,17334.563078
-38.65,34,17335.153369
-42.0,28,17335.697619
-35.81,30,17336.327538
-36.0,29,17336.854163
32.725524,85,17338.418884
-38.28,33,17339.0304
-38.2,24,17339.495937
-37.53,31,17340.071024
-38.85,30,17340.671934
-43.76,18,17341.030017
-38.16,23,17341.478622
-36.0,27,17343.862593
35.48289,39,17344.574882
-43.53,25,17345.027932
-36.75,28,17345.452447
33.0,36,17346.056437
-32.09,23,17346.475995
-34.93,29,17346.942829
-43.64,24,17347.386354
-43.74,28,17347.941127
-33.0,26,17348.429909
-42.0,26,17348.847558
-44.14,26,17349.320244
-32.31,29,17349.852887
-32.79,29,17350.415235
-44.12,21,17350.801195
-39.0,25,17351.304352
35.065288,26,17351.79267
43.488023,19,17352.121018
35.943662,35,17352.987709
-47.13,15,17355.150204
-35.84,28,17355.59294
-36.0,24,17356.215092
40.134372,25,17356.801049
38.303207,26,17357.229339
-42.0,20,17357.69618
-38.12,25,17358.10533
-37.62,28,17358.666726
-35.83,34,17359.576389
31.59205,34,17360.337184
38.156584,27,17360.919537
-38.16,24,17361.363851
-33.0,24,17361.79092
35.5,32,17362.399742
32.473485,32,17362.96745
-41.22,37,17363.663451
-38.58,43,17364.575529
-35.88,45,17367.244233
-38.47,31,17367.733726
-44.39,34,17368.301664
-40.56,32,17368.813861
-32.59,36,17369.492775
-31.84,29,17369.977484
-41.1,22,17370.37303
-43.71,29,17370.91157
-35.75,26,17371.351053
-38.29,27,17371.87397
-38.81,40,17372.860077
41.210345,18,17373.229251
-41.77,27,17373.730464
-32.01,28,17374.23445
-35.05,34,17374.842201
-39.0,24,17375.331898
38.533512,26,17375.857746
-38.78,21,17376.229632
38.53125,23,17378.562684
-44.81,22,17379.167955
-32.12,31,17379.696534
33.0,29,17380.08801
-36.0,24,17380.49511
-32.43,35,17381.205209
-33.0,29,17381.70153
35.838068,19,17382.04901
-44.06,29,17382.728574
-39.0,20,17383.093726
-41.82,24,17383.673486
-32.46,28,17384.215406
-39.0,23,17384.653622
-35.13,39,17385.455493
-38.33,28,17386.139444
-35.27,25,17386.605365
-44.41,29,17387.130229
-39.0,38,17387.839419
-35.69,34,17388.687713
-44.66,24,17390.92926
-36.0,29,17391.399245
35.90393,26,17391.777776
-35.19,35,17392.42882
32.901818,33,17392.967389
-39.82,39,17393.597033
-42.0,17,17393.926207
-41.33,24,17394.342834
35.823741,22,17394.761271
32.5,30,17395.410194
-34.71,32,17396.133767
-43.64,22,17396.550728
-38.9,25,17397.013623
-38.91,29,17397.536986
35.763636,30,17398.140621
36.0,26,17398.742572
-47.03,21,17399.18112
-37.71,23,17399.615806
39.0,23,17400.050474
-39.0,26,17402.370642
41.666667,21,17402.745241
-42.86,30,17403.365688
-40.5,24,17403.823198
-33.0,30,17404.326891
32.7,31,17405.013805
-38.32,21,17405.381714
35.167939,24,17406.151875
-35.52,26,17406.663144
-32.35,35,17407.320109
-41.05,30,17408.000196
-41.73,26,17408.52114
-41.04,25,17409.093463
32.734756,50,17410.236366
-40.83,25,17411.038248
-46.49,21,17411.681741
-45.73,21,17412.15644
35.620939,23,17412.580708
-39.0,25,17413.037919
-44.17,24,17415.404326
-41.72,25,17415.804585
35.296029,28,17416.253856
-41.12,26,17416.700477
-32.51,24,17417.089772
35.173425,32,17417.649617
32.56654,34,17418.209059
35.700906,29,17419.072397
-38.33,30,17419.68337
-40.87,25,17420.093528
35.898496,26,17420.624131
-38.54,16,17420.891042
33.0,29,17421.512328
41.298182,20,17421.916928
-38.55,25,17422.363023
-40.84,30,17422.892635
-44.85,31,17423.518668
-35.47,42,17424.263082
-45.0,24,17427.180032
-39.0,24,17427.60803
35.572993,47,17428.493186
-34.36,26,17428.971678
33.0,31,17429.523984
32.462687,34,17430.266781
-42.0,26,17430.792556
-42.0,24,17431.30378
-32.53,31,17431.881954
-41.63,25,17432.340807
-37.99,23,17432.98116
-35.59,28,17433.567671
-32.18,25,17434.013278
-41.88,39,17434.755459
-38.61,26,17435.252806
-40.58,19,17435.580672
-32.71,27,17436.131371
38.355556,22,17437.100426
-38.04,36,17439.871585
-44.14,26,17440.216143
33.0,40,17440.813407
-44.99,25,17441.190322
-39.0,25,17441.564826
-40.08,20,17441.918412
41.486207,22,17442.309413
-44.65,21,17442.74349
32.063559,27,17443.237782
-37.97,30,17443.777052
35.087591,24,17444.24268
33.0,32,17444.835866
-38.36,32,17445.446549
32.476744,30,17446.004171
-41.41,22,17446.378016
-44.18,32,17447.017897
-35.73,50,17447.893209
38.061728,25,17448.331467
32.876289,31,17450.772862
-40.86,29,17451.175606
-38.15,26,17451.55112
-32.56,35,17452.087562
-35.54,27,17452.563384
35.668874,30,17453.176085
32.337662,29,17453.756828
-41.29,31,17454.432665
35.616438,29,17454.982872
-41.81,21,17455.398279
-38.6,31,17455.956627
-40.63,25,17456.454393
-39.0,20,17456.856344
-33.0,23,17457.276428
-38.26,31,17457.936241
32.164609,33,17458.717579
-44.52,24,17459.149987
35.878676,28,17459.661942
-35.46,34,17460.442161
-38.22,24,17462.71441
-42.0,25,17463.031771
-44.1,26,17463.410865
-43.57,29,17463.838733
-41.39,24,17464.276889
35.556364,26,17465.103801
-40.43,26,17465.5733
-32.48,38,17466.278935
-41.81,20,17466.613775
-32.06,25,17467.095877
-38.86,21,17467.508548
-33.0,27,17468.003326
-38.67,31,17468.591587
32.6,25,17469.071364
43.891635,17,17469.410918
32.44,32,17469.975553
-35.79,31,17470.577799
32.086331,28,17471.135992
38.244186,25,17471.61958
33.0,26,17474.000384
33.0,27,17474.404043
-35.37,25,17474.749317
32.700337,31,17475.171248
-41.92,31,17475.637247
-42.0,29,17476.224741
36.0,25,17476.698092
35.243902,24,17477.172107
36.0,28,17477.692194
35.441441,31,17478.299844
-32.79,27,17478.777432
41.189964,25,17479.241122
-36.0,24,17479.694663
32.752896,26,17480.791949
37.227465,32,17481.492468
-36.0,29,17482.076191
-35.61,30,17482.659933
-41.33,30,17483.221573
-41.71,26,17485.81352
-41.04,30,17486.281975
-41.76,25,17486.662808
-33.0,32,17487.140609
-44.47,20,17487.453233
38.224359,24,17487.753018
-35.69,24,17488.142437
36.0,38,17488.803643
32.266187,38,17489.520131
-33.0,28,17490.085577
38.217284,29,17490.663901
-32.81,34,17491.249709
-45.0,24,17491.961258
-38.34,29,17492.495732
-44.24,20,17492.872103
-35.67,24,17493.348211
34.214732,28,17493.868503
32.501887,29,17494.391645
-38.66,25,17494.85333
32.554839,45,17497.600322
-41.63,26,17497.969715
-32.72,43,17498.604988
32.071174,29,17499.004327
-35.82,25,17499.386874
-41.56,25,17499.803367
-32.45,31,17500.430272
-38.84,28,17500.952583
-32.8,30,17501.516696
-40.78,25,17501.975696
34.800995,34,17502.633523
32.246725,28,17503.164918
-38.37,50,17504.14588
-32.66,26,17504.675626
-43.99,29,17505.859748
35.848276,27,17506.403334
36.0,26,17508.766641
36.0,29,17509.242308
-36.0,27,17509.803201
-38.79,24,17510.285357
-35.32,25,17510.685988
-39.0,29,17511.077829
32.122271,31,17511.581564
-41.11,26,17512.010519
33.0,36,17512.680041
-32.19,48,17513.556366
-32.52,31,17514.235505
-35.2,32,17514.872539
-41.18,20,17515.249367
-44.51,26,17515.817282
44.155629,20,17516.204842
40.545833,25,17516.644278
33.0,31,17517.181421
-40.67,18,17517.556433
-43.85,19,17518.061383
-32.09,68,17521.277693
-38.62,20,17521.65404
-40.86,21,17521.91768
-35.27,29,17522.323705
-44.36,20,17522.643589
-38.87,32,17523.169146
-41.54,20,17523.484198
32.624595,37,17524.121144
-35.21,35,17524.948794
-36.0,35,17525.613278
39.0,22,17526.06157
-41.53,25,17526.599188
-32.38,29,17527.118146
-33.0,28,17527.686118
-38.81,32,17528.295124
-38.79,23,17528.740517
-41.24,32,17529.32347
-35.84,39,17532.175944
-41.05,19,17532.66643
-35.41,31,17533.13562
-41.26,24,17533.497728
35.060377,25,17533.910892
-41.1,28,17534.334305
-38.83,35,17534.928216
-40.99,18,17535.289239
-41.26,26,17536.542503
32.825328,34,17537.324459
-44.01,26,17537.874208
32.203704,33,17538.526482
-38.72,23,17538.977672
35.024096,25,17539.403165
-35.91,29,17539.958464
32.296029,35,17540.59646
-42.0,21,17540.947665
-33.85,28,17541.441556
-41.03,45,17544.411906
-35.62,27,17544.841339
36.0,33,17545.267632
-34.95,27,17545.671532
-47.15,15,17545.88315
34.873614,32,17546.340103
-41.77,30,17546.90782
34.072957,27,17547.391606
-41.16,32,17548.006888
33.0,30,17548.572839
-41.33,21,17548.965942
32.744589,43,17549.753672
35.351648,25,17550.254357
-41.47,31,17550.848557
-33.0,36,17551.526287
-43.68,20,17551.890066
-38.91,31,17552.461665
40.501776,27,17553.013373
-32.87,27,17555.697384
-44.68,17,17556.003316
-41.63,17,17556.295255
35.306513,32,17556.81232
-35.93,25,17557.168577
-38.32,25,17557.539786
-40.63,20,17557.910428
-39.0,32,17558.435756
32.676976,35,17559.052489
-32.44,34,17559.712662
33.0,37,17560.401855
-38.15,20,17560.773963
32.121673,27,17561.254894
-32.82,29,17561.786731
35.697417,26,17562.233001
-38.36,35,17563.05564
-43.04,38,17563.807693
-39.0,22,17564.277703
-41.34,24,17566.77997
-38.32,24,17567.177187
-41.21,29,17567.640997
-40.54,23,17568.027131
-41.92,27,17568.43679
-41.61,24,17568.773494
-35.4,30,17569.256405
-32.88,29,17569.715919
-38.22,31,17570.529233
-38.81,41,17571.53147
32.642857,29,17572.057267
-38.41,23,17572.515118
-35.28,29,17573.121037
33.0,23,17573.584946
33.403126,57,17574.579501
32.476415,27,17575.092189
-42.0,22,17575.51402
-32.8,28,17576.063123
35.334437,35,17578.753416
-37.74,24,17579.145269
-32.9,27,17579.54972
-41.07,19,17579.884357
-39.0,34,17580.40319
-35.28,33,17580.931218
-41.58,28,17581.403686
32.081081,28,17581.814363
-38.84,42,17582.556474
-44.78,23,17582.984319
38.295129,18,17583.315608
-35.2,25,17583.802156
-41.25,20,17584.154734
-40.55,27,17584.715839
-35.1,32,17585.364932
-35.76,33,17585.972285
32.2625,27,17586.481959
-35.75,26,17586.94275
-31.72,35,17589.57044
-38.24,23,17590.013595
-35.6,27,17590.460556
-38.35,24,17590.888177
35.020896,36,17591.475836
35.007401,34,17591.978854
31.799213,31,17592.429678
34.374423,35,17592.95794
36.0,30,17593.38277
-38.53,24,17593.750487
-38.36,28,17594.128168
35.505618,25,17594.50654
-38.39,33,17595.145701
-41.63,23,17595.63038
-41.8,27,17596.162781
-42.0,24,17596.612263
-35.78,28,17597.355753
40.339351,26,17597.8752
-41.7,19,17598.276842
-36.0,39,17601.363153
-44.42,19,17601.602426
34.854711,26,17602.041408
-37.82,28,17602.529044
-42.0,19,17602.884062
34.765987,40,17603.661417
38.123377,20,17604.050511
35.900524,27,17604.540998
-39.0,24,17604.953202
-35.07,28,17605.45357
-38.03,28,17605.881944
-39.0,28,17606.316659
-41.15,21,17606.65809
-40.89,21,17606.963848
-41.07,19,17607.337739
-39.0,24,17607.819338
-36.0,29,17608.35745
41.07874,36,17609.027843
-41.88,26,17609.497317
-42.0,21,17612.317167
35.284722,35,17613.233669
35.315589,24,17613.730026
-41.84,35,17614.372493
-41.24,23,17614.79143
35.37931,33,17615.371351
-38.07,31,17616.359651
32.576208,24,17616.801563
-35.45,38,17617.455058
33.0,28,17618.206377
-38.14,30,17618.631277
32.298182,35,17619.174338
-41.52,27,17619.559777
-41.2,24,17619.980724
-47.29,16,17620.281707
35.458333,28,17620.761647
-37.67,53,17621.832383
-38.53,27,17624.366604
-39.0,26,17625.015631
38.056225,26,17625.453765
-32.15,25,17625.985672
-35.79,33,17626.552333
-40.94,31,17627.095528
-38.48,34,17627.749041
-40.98,34,17628.390712
-38.04,35,17629.035598
-39.0,32,17629.617771
-38.23,24,17630.023136
32.279006,40,17630.618334
-32.77,29,17631.05564
32.566225,38,17631.738817
-35.19,26,17632.296632
-32.51,29,17632.698081
32.510791,24,17633.352813
-40.99,33,17635.91109
-40.05,30,17636.465305
-37.98,37,17637.043076
-41.49,29,17637.508714
35.64557,24,17637.887736
-38.34,23,17638.237241
32.573034,25,17638.675029
33.0,26,17639.120917
-40.6,35,17639.740249
35.016556,30,17640.256726
32.490494,36,17640.895193
-32.81,33,17641.700577
-41.42,19,17642.047196
-38.68,26,17642.454336
-34.81,27,17642.867021
-32.22,34,17643.422544
32.317829,26,17643.791306
-42.0,26,17644.211649
32.568093,26,17646.57991
32.109489,31,17647.096613
-34.26,32,17647.718892
-41.02,23,17648.132254
38.204444,21,17648.460314
-45.0,28,17648.903982
-33.0,27,17649.349689
-39.0,25,17649.765165
35.545455,27,17650.842116
-33.0,48,17651.939003
-32.76,30,17652.462909
-40.72,29,17652.976454
-41.73,25,17653.425259
32.320872,27,17653.855144
-39.0,24,17654.240023
-44.53,20,17654.536406
35.875,23,17654.876271
-38.26,36,17655.476242
35.607004,28,17657.899482
-33.0,41,17658.62715
34.930218,27,17659.078652
-40.89,23,17659.432429
34.255494,34,17660.025809
-33.0,29,17660.49852
37.613445,33,17661.113256
35.013004,30,17661.673429
33.0,25,17662.147749
-35.49,34,17662.759599
-44.31,26,17663.218076
-39.0,33,17663.813957
-36.0,22,17664.189632
-38.2,31,17664.789125
-32.88,32,17665.307458
38.122047,22,17665.620371
-41.19,30,17666.078156
37.511342,54,17669.069942
35.512727,28,17669.511641
-38.36,25,17669.950949
-35.33,26,17670.399138
-38.67,23,17670.771709
-32.82,28,17671.303072
36.0,30,17671.853242
-35.07,25,17672.331373
-40.35,22,17672.756996
-41.22,25,17673.269435
-32.56,31,17673.903792
-39.0,34,17674.565435
-47.01,22,17674.966586
-42.0,24,17675.352976
-38.38,27,17675.782207
30.0,30,17676.60891
-35.9,21,17677.074669
-32.48,28,17677.530921
-38.17,32,17678.013078
-38.24,26,17680.49703
38.239011,25,17680.908609
-32.24,33,17681.460195
35.588785,38,17682.104918
-32.04,32,17682.594358
35.455882,29,17683.10829
32.708633,35,17683.758384
-39.0,32,17684.331442
35.426056,20,17684.70851
-35.8,33,17685.3187
-38.2,32,17685.846651
38.175097,22,17686.267548
-40.01,21,17686.641379
32.695817,23,17687.073781
-38.38,32,17687.615712
-42.0,19,17687.979342
-41.6,25,17688.494007
-41.73,28,17688.899831
-34.86,36,17691.250723
32.034632,30,17691.778262
-39.0,24,17692.388775
-33.0,26,17692.797937
-38.21,41,17693.4277
-42.0,22,17693.77081
-35.05,30,17694.398639
32.694444,52,17695.330796
35.450909,32,17695.855639
-32.87,29,17696.387838
-32.48,24,17696.825648
-39.0,27,17697.339849
-44.06,21,17697.762616
-37.88,24,17698.181597
-39.0,29,17698.72093
-35.89,33,17699.292998
34.530418,71,17702.256567
-41.36,56,17703.486987
-38.61,24,17703.840507
38.071757,27,17704.304259
-41.18,26,17704.742198
36.0,24,17705.156681
34.432432,34,17705.836125
-35.12,32,17706.465597
-35.31,30,17707.128984
37.933673,27,17707.681957
35.613889,24,17708.214705
-38.82,42,17709.086888
-35.58,28,17709.653652
-37.19,23,17710.297959
-32.91,26,17710.832603
-32.49,27,17711.408584
-36.0,26,17711.941822
33.0,31,17714.763146
32.618687,27,17715.31479
-41.46,17,17715.634557
37.065245,29,17716.097146
32.433962,29,17716.596559
-41.58,25,17717.036531
-41.91,23,17717.424944
-40.93,19,17717.78801
-34.9,28,17718.309538
38.317073,21,17718.803367
39.0,24,17719.453592
-39.89,22,17719.900205
-38.59,28,17720.470088
-34.85,35,17721.061857
-34.87,31,17721.484287
-34.85,30,17721.999344
-35.19,35,17722.596466
-39.0,38,17723.250554
-39.0,20,17723.646617
-40.62,28,17725.972404
-41.26,25,17726.34855
32.18705,30,17726.81944
32.460265,29,17727.435438
35.603053,24,17727.811119
-41.04,28,17728.24532
-38.53,23,17728.611931
-39.0,26,17729.109606
-38.69,25,17729.559221
-33.0,27,17730.30972
35.155039,28,17730.86249
-39.0,24,17731.292834
-38.03,26,17731.76637
-43.51,24,17732.113257
-37.45,29,17732.998125
37.855864,63,17734.1461
-44.64,19,17734.454712
32.180147,30,17734.98697
-46.76,70,17738.002366
-41.61,24,17738.482917
-38.6,28,17738.956487
-35.2,18,17739.243563
35.24055,32,17739.757819
32.285199,25,17740.156556
-39.56,27,17740.676553
-47.64,32,17741.219679
-35.42,31,17741.781535
-38.6,27,17742.279675
-38.59,32,17742.907584
-42.0,36,17743.579458
32.337255,40,17744.543272
-40.95,25,17744.995551
-32.42,30,17745.593924
-36.0,29,17746.10725
-42.0,19,17746.4698
-41.43,21,17748.674887
-32.1,38,17749.120456
39.0,22,17749.463606
-35.43,22,17749.8736
32.358621,28,17750.399989
-37.24,21,17750.786596
-45.0,31,17751.321455
-42.0,30,17751.825638
35.053498,25,17752.23243
-38.5,42,17752.967424
35.634686,26,17753.444983
-35.09,27,17753.929619
-35.52,32,17754.465176
-33.0,34,17755.053821
44.301587,27,17755.938276
-41.69,22,17756.356155
-40.59,21,17756.740559
-38.78,27,17757.221303
-44.4,21,17757.672085
-38.38,34,17760.145334
-41.1,25,17760.530678
-35.72,37,17761.211591
32.248571,28,17761.717487
35.5,30,17762.145293
-44.46,20,17762.526747
-35.47,25,17762.922149
-35.2,40,17763.543582
-39.0,29,17764.05043
-41.17,23,17764.508593
-38.86,27,17765.129866
-44.84,26,17765.603892
-38.3,27,17766.105655
-32.33,33,17766.684075
-38.34,24,17767.099314
-35.54,24,17767.579001
-40.09,29,17768.114579
-43.57,24,17768.549488
-40.78,24,17770.99423
-41.26,24,17771.351859
-32.08,39,17771.920953
-32.34,29,17772.382631
-41.42,34,17772.924972
-39.0,35,17773.532015
-38.28,32,17774.048714
-41.55,29,17774.517335
-38.81,27,17774.978192
-41.7,21,17775.418178
-43.71,23,17775.807273
-39.0,67,17777.704979
38.412371,49,17778.858516
-44.44,29,17779.422799
-41.49,30,17780.02372
-33.0,40,17782.752422
-44.33,20,17783.108439
35.558333,26,17783.544964
-44.02,26,17783.976398
33.0,28,17784.413007
-38.86,31,17784.835423
38.028777,26,17785.292032
-41.88,25,17785.658255
35.21831,23,17786.094767
-34.64,36,17786.77218
-47.14,14,17787.059526
32.634538,31,17787.601483
-36.0,17,17787.96563
-46.24,26,17788.413132
38.62069,26,17788.886695
-32.58,32,17789.483095
-42.0,27,17789.987213
-38.48,25,17790.471547
33.0,24,17790.894454
-41.13,25,17791.364143
-32.69,129,17795.411262
33.0,25,17795.739317
-43.44,28,17796.244663
38.450216,24,17796.818288
-38.76,24,17797.252092
-41.49,25,17797.871151
-37.91,50,17798.704967
-35.32,33,17799.409008
-44.69,25,17799.88918
32.157377,33,17800.433686
-34.74,25,17801.20207
32.569697,26,17801.611994
37.810954,21,17802.010349
32.625,35,17802.681412
-41.55,35,17805.197434
32.268293,37,17805.912457
-38.53,27,17806.410841
-38.88,33,17806.905944
-44.95,23,17807.232064
31.93346,41,17807.845649
-43.44,25,17808.254063
-41.37,30,17808.768329
-42.0,28,17809.280161
-32.42,33,17810.035213
38.7,21,17810.442768
32.903061,29,17810.888958
40.217073,25,17811.345026
-35.71,27,17811.890254
-32.1,37,17812.553173
-32.91,28,17813.107915
-40.66,30,17813.658297
-35.23,27,17816.040219
-40.67,26,17816.515296
-41.69,21,17816.861649
-35.76,26,17817.326224
-41.02,20,17817.68123
-38.18,24,17818.066319
-36.0,37,17818.561566
-44.45,28,17818.951391
-35.91,29,17819.40339
-35.47,29,17819.875904
-44.65,21,17820.256459
-42.0,30,17820.781371
-41.45,26,17821.228913
-44.7,21,17821.658881
-32.36,41,17822.608798
-32.02,28,17823.106894
-36.0,34,17823.681723
-38.57,31,17824.348113
-35.65,26,17824.770993
-38.17,40,17827.425684
35.706767,24,17827.838505
-38.2,24,17828.267117
-41.61,24,17828.704972
-32.26,30,17829.162658
-35.63,33,17829.695415
-38.81,26,17830.053958
-41.56,31,17830.457601
32.011236,42,17831.023849
-37.87,32,17831.51397
38.494424,20,17832.036038
-41.65,29,17832.576324
-36.0,26,17833.136735
-43.85,26,17833.600177
-36.0,27,17834.133321
38.6625,25,17834.578299
-38.44,29,17835.35051
-43.71,18,17835.762728
-40.57,28,17838.267537
-41.46,19,17838.628407
-35.41,27,17839.161414
-46.86,25,17839.657158
-32.64,41,17840.517684
32.094915,30,17841.075578
-41.66,24,17841.561597
-36.0,39,17842.304217
32.317269,99,17844.234838
-48.0,27,17844.801168
35.133585,31,17845.484626
-39.6,21,17846.008234
-47.27,22,17846.502739
-34.57,29,17847.663162
32.903361,28,17848.521079
-44.45,28,17849.081193
-41.92,22,17851.807841
-32.38,31,17852.392082
35.875,31,17852.98089
35.044828,24,17853.346235
-40.59,28,17853.801293
-33.0,38,17854.444613
-44.8,25,17854.875564
-32.94,29,17855.363149
-38.41,30,17855.816294
-39.0,22,17856.151223
-38.72,28,17856.541213
-39.0,22,17856.916732
32.772222,36,17857.512869
-34.24,34,17858.085057
-41.92,23,17858.626001
-38.49,28,17859.132689
-42.0,28,17859.618137
-41.1,31,17860.189214
31.720974,37,17863.043531
-36.0,30,17863.505846
-47.52,21,17863.87892
-35.25,29,17864.388071
-38.39,24,17864.780317
-38.52,57,17865.795495
-38.38,23,17866.228045
-36.0,30,17866.733423
32.672355,34,17867.382107
-41.56,23,17867.740543
-32.04,31,17868.218195
-39.0,27,17868.635308
-38.1,29,17869.062097
-41.62,20,17869.422971
-41.47,22,17869.850477
-40.8,18,17870.223665
-35.91,29,17870.704141
-37.73,26,17871.138812
-38.47,28,17873.603411
37.927511,22,17873.948154
-33.64,30,17874.436766
-43.66,37,17875.339704
-38.19,24,17875.790803
-42.0,19,17876.224936
-41.64,25,17876.576612
-32.42,29,17877.018979
-37.78,32,17877.532401
-42.0,30,17878.076454
-41.23,20,17878.451762
38.34296,34,17879.059709
-35.79,34,17879.588226
-44.6,25,17879.999213
-38.74,20,17880.314982
-44.28,21,17880.661903
39.0,22,17881.016888
-41.1,26,17881.452404
-38.5,22,17881.868938
-45.0,21,17882.218837
-37.63,24,17884.54583
-38.3,34,17885.189244
-35.12,30,17885.743621
-36.0,22,17886.181932
-38.64,27,17886.698571
35.429091,26,17887.126927
35.304196,23,17887.508101
38.452962,24,17887.9341
-38.21,25,17888.364187
-38.43,36,17888.999418
-41.65,25,17889.739608
-38.25,24,17890.252807
-44.81,20,17890.664172
-35.32,45,17891.461483
-35.81,26,17891.904992
-35.88,35,17892.513103
34.364641,30,17893.022376
36.0,26,17893.500636
-35.09,30,17895.999408
35.278846,25,17896.292282
-35.39,25,17896.789403
-38.3,25,17897.225082
34.182903,33,17897.847078
-41.19,32,17898.449915
36.0,33,17899.030651
-35.55,29,17899.477562
-38.14,28,17899.938011
-32.21,30,17900.459315
-32.64,32,17901.089073
34.930935,29,17901.867402
-41.91,23,17902.427485
-35.5,23,17902.887113
33.0,46,17903.824857
-41.47,23,17904.232476
37.772414,20,17904.586416
32.801471,32,17905.116378
-44.47,26,17907.443022
33.0,28,17907.951299
-32.9,30,17908.460161
-35.21,33,17909.013916
-35.87,26,17909.506243
-44.64,29,17910.026203
-41.91,19,17910.352962
-36.0,31,17910.850291
-41.71,25,17911.276455
32.432727,34,17911.822139
34.876894,23,17912.271707
-38.78,30,17912.834615
-35.14,32,17913.469265
-32.04,30,17914.038749
32.441379,35,17914.769323
-38.38,26,17915.236007
-43.45,25,17915.613931
-41.28,26,17916.08853
-38.19,29,17918.578328
-33.0,36,17919.26822
-35.32,28,17919.792137
-35.14,40,17920.597485
-41.84,28,17921.193145
-44.88,50,17922.127742
-45.0,26,17922.618913
-32.93,30,17923.198563
-38.47,32,17923.724788
41.468136,22,17924.107737
-41.51,20,17924.513355
-43.53,23,17924.990427
-41.57,26,17925.402158
32.55205,28,17926.15099
40.460744,24,17926.579005
35.515901,24,17927.333705
-47.5,24,17927.68512
-47.81,26,17928.118658
-45.0,23,17931.391459
35.191275,30,17932.037634
-42.0,20,17932.516106
32.317536,30,17933.170261
-38.32,33,17933.890253
-39.0,24,17934.323807
-35.7,25,17934.748846
-41.09,23,17935.187097
41.412037,22,17935.578468
32.324232,30,17936.096398
-38.38,22,17936.518642
-32.26,53,17937.69773
-37.89,36,17938.472733
-42.0,21,17938.87424
-35.35,29,17939.493279
33.0,40,17940.336941
36.941531,24,17940.717796
-34.76,40,17943.335927
-38.44,28,17943.90766
-37.61,21,17944.311989
-37.56,26,17945.044858
-35.23,27,17945.845343
-32.2,32,17946.719794
-36.0,25,17947.158983
-38.33,28,17947.662594
-39.0,23,17948.02398
33.0,29,17948.528822
-44.8,25,17948.987738
35.164257,29,17949.523388
-44.06,27,17950.061975
-38.58,22,17950.462668
-38.16,23,17950.928369
-39.0,32,17951.465873
-38.36,23,17951.867896
-40.98,34,17952.436084
-38.71,24,17952.724216
-35.81,26,17953.228915
-32.09,34,17955.637696
-40.06,27,17956.382033
-35.33,40,17957.045685
-38.38,43,17957.853555
-42.0,25,17958.285331
-39.0,29,17958.783451
-35.04,24,17959.198613
-40.68,21,17959.52473
34.996255,25,17959.982589
-38.57,29,17960.499349
-35.37,29,17961.040823
-33.0,48,17961.697593
35.558621,30,17962.239645
35.052209,27,17962.706915
-44.55,28,17963.239368
-40.89,27,17964.259758
-40.2,21,17964.63575
35.753555,25,17966.923159
-35.91,25,17967.351033
-44.01,26,17967.853066
35.259124,29,17968.40156
-38.44,28,17968.852853
-38.39,31,17969.371238
-42.0,29,17969.88069
-35.29,37,17970.479177
-32.11,41,17971.264024
-41.88,22,17971.756783
-44.59,21,17972.267746
-38.81,28,17972.782874
36.0,20,17973.130152
-35.13,32,17973.731295
-32.02,37,17974.37768
-39.0,24,17974.845886
-39.0,25,17975.337431
-42.0,23,17975.767853
37.994949,26,17978.191575
-35.41,27,17978.576946
-38.5,61,17979.598974
-38.52,30,17980.096988
-35.52,44,17980.780472
-41.77,23,17981.193054
-36.0,69,17982.618297
35.652985,20,17982.977153
-41.78,21,17983.346796
-30.0,24,17983.765938
-42.0,20,17984.178784
-39.0,26,17984.653227
35.089431,30,17985.175326
-37.69,38,17985.859691
-37.74,30,17986.405009
35.362069,32,17987.058966
-44.26,19,17989.264052
-32.47,32,17989.862308
32.535581,33,17990.433984
32.097276,29,17991.283224
39.0,23,17991.882407
43.495907,19,17992.22209
-32.88,25,17992.65129
-41.33,26,17993.218852
-38.58,37,17993.980195
-42.0,27,17994.567605
-41.35,25,17995.087457
-39.0,26,17995.594225
-39.0,25,17996.160366
-41.55,35,17996.810765
-35.52,26,17997.584916
-35.91,34,17998.342474
32.732639,29,17998.902637
-35.61,29,17999.44781
-37.98,42,18002.026927
-41.29,52,18002.814559
-39.0,33,18003.372116
-39.0,24,18003.807606
32.330935,35,18004.358572
32.760456,24,18004.985172
32.101149,28,18005.480778
33.761292,26,18005.953984
-32.2,39,18006.601587
-32.32,24,18007.04794
-41.36,22,18007.436683
38.060606,22,18007.835226
32.376984,34,18008.647593
-45.0,16,18008.945861
-33.0,31,18009.529437
-35.05,35,18010.512272
-42.0,23,18010.945153
-32.62,28,18013.303976
-41.26,20,18013.598535
-41.91,20,18013.898554
39.0,23,18014.224938
33.0,28,18014.651003
-43.57,18,18015.021913
-36.0,30,18015.710407
-40.86,22,18016.192941
-35.66,32,18016.813619
36.0,24,18017.344224
-42.0,38,18017.997885
-37.27,29,18018.408549
-32.25,32,18018.967807
-32.68,29,18019.504326
-38.14,22,18019.86446
-38.14,22,18020.27579
37.353916,33,18020.855048
-35.66,28,18021.370972
-41.02,25,18021.817055
-44.58,48,18024.609904
-43.59,40,18025.220382
32.296167,32,18025.658516
37.800006,26,18026.02906
-39.0,29,18026.481199
-44.3,23,18026.879309
-41.34,23,18027.307145
33.0,31,18027.904633
-38.88,24,18028.43017
32.205534,28,18028.939433
-39.46,28,18029.486264
-38.01,45,18030.365593
-42.0,20,18030.823291
38.513619,24,18031.298799
-38.37,30,18031.873923
35.643098,25,18032.428968
-38.79,17,18032.709036
-40.65,24,18033.111383
-38.94,22,18033.666595
-33.0,39,18036.260972
-38.44,29,18036.682801
-44.0,18,18036.988422
33.0,27,18037.409521
-41.42,22,18037.703359
-44.7,33,18038.239397
-36.0,23,18038.688189
-41.76,26,18039.153065
-36.0,26,18039.654766
33.0,28,18040.144804
32.003378,25,18040.595698
-38.31,22,18041.012455
32.287313,35,18041.667168
-41.24,49,18042.604422
-44.08,20,18043.086965
-38.87,29,18043.604554
-31.99,25,18044.102854
-44.33,25,18044.527694
-41.94,28,18046.955477
-34.82,28,18047.446829
-38.88,45,18048.072713
-42.0,30,18048.460045
-35.5,32,18048.867251
-41.62,24,18049.216304
-41.36,40,18049.98882
-38.76,26,18050.515545
-32.81,50,18051.4227
35.46737,29,18052.006936
-38.94,25,18052.454953
-38.31,21,18052.843659
-41.2,33,18053.448
32.21875,25,18053.883335
-32.3,45,18054.841511
-38.14,21,18055.346791
32.6793,33,18057.959524
-39.0,28,18058.493127
-37.92,26,18058.943179
-44.67,42,18059.559246
-38.23,24,18059.880095
-41.48,31,18060.314906
32.063973,27,18060.723536
32.533333,29,18061.48419
-40.41,25,18061.956512
-32.7,31,18062.504382
-32.88,33,18063.107833
-32.4,39,18063.971375
-41.63,28,18064.482757
-41.28,24,18064.942596
-35.45,34,18065.646428
-41.83,18,18065.97034
35.045113,28,18066.492119
-44.51,27,18066.966243
-38.63,51,18070.018851
-38.56,23,18070.407384
34.565269,33,18070.91158
-41.71,20,18071.234493
-44.2,27,18071.693533
-37.6,61,18072.749151
-32.71,30,18073.316962
-34.06,35,18073.917699
-37.89,53,18074.842339
-35.58,25,18075.536694
-44.31,19,18075.902574
-41.06,28,18076.457528
-38.61,29,18077.626971
34.660704,28,18078.129633
-44.51,27,18078.585823
33.364598,27,18079.039615
32.458955,40,18081.673404
-44.44,21,18082.029953
-41.14,30,18082.597223
-39.0,21,18082.996403
-38.49,24,18083.512349
-36.0,25,18083.994797
-35.03,30,18084.587102
-40.87,21,18085.003535
-38.35,29,18085.586966
40.467706,29,18086.236826
38.231061,22,18086.706837
-44.11,20,18087.042406
-44.35,29,18087.749159
-35.53,50,18088.699836
-34.62,31,18089.279503
-41.06,25,18089.830035
-44.2,18,18090.262351
38.902985,22,18090.708443
-45.0,26,18091.203369
-41.18,37,18093.703451
35.359259,28,18094.1879
32.117241,34,18094.743185
-41.62,35,18095.312008
-37.73,39,18096.057813
-35.37,23,18096.470313
-35.07,27,18096.940462
-37.81,30,18097.393205
-38.91,24,18097.759451
-35.63,26,18098.198247
-45.0,20,18098.670485
-35.78,37,18099.440454
-41.84,24,18099.944556
32.549669,33,18100.847363
-38.73,20,18101.239717
41.069853,21,18101.54792
32.902439,26,18102.048596
-41.44,23,18102.648781
-39.0,23,18105.064059
-38.88,27,18105.540744
-36.0,34,18106.233104
-42.0,43,18107.023461
-42.0,19,18107.390997
-35.46,32,18107.98268
-32.5,25,18108.388647
-33.0,33,18109.164057
-32.69,30,18109.65242
-41.31,36,18110.293632
-38.55,26,18110.799893
-40.76,33,18111.348472
-32.87,27,18111.851037
-42.0,23,18112.254236
-38.91,22,18112.640755
44.476562,18,18112.975697
32.836066,24,18113.637457
-38.5,32,18114.234656
-32.11,28,18116.572806
-38.96,28,18117.001942
-38.59,25,18117.400007
-42.0,29,18117.807184
32.771863,30,18118.418622
36.0,23,18118.814806
-32.88,26,18119.261362
35.706667,31,18119.69393
-35.15,24,18120.053422
36.0,33,18120.581757
-38.63,29,18120.982517
35.039568,25,18121.401328
38.729008,30,18121.897526
-44.08,19,18122.251701
-41.47,24,18122.696455
-41.75,29,18123.185789
-44.33,18,18123.488476
35.819672,35,18124.127085
-32.49,23,18124.569386
35.093284,26,18127.240621
32.601852,38,18127.887568
-37.51,27,18128.302708
-35.6,27,18128.988719
-41.35,21,18129.386598
-38.54,28,18129.92129
-39.0,25,18130.379107
-38.84,23,18130.787776
-36.0,33,18131.244414
32.688034,35,18131.734317
39.231431,26,18132.162476
-41.61,21,18132.473078
32.575862,29,18132.99056
-32.36,31,18133.584653
-32.07,31,18134.12578
-32.06,27,18134.623281
-43.67,28,18135.13424
-35.4,29,18136.131807
-41.46,22,18136.537299
-41.76,33,18138.955332
32.058824,28,18139.728322
-32.01,29,18140.260005
41.552542,31,18140.86179
-47.65,18,18141.448781
-44.56,21,18141.796229
38.189267,29,18142.255268
-32.08,27,18142.700768
32.048193,27,18143.114966
-37.93,29,18143.571247
-38.52,24,18143.965713
-40.71,29,18144.51748
-38.56,25,18145.016255
-41.29,33,18145.539081
-33.0,27,18146.016387
-41.41,28,18146.503127
-35.44,44,18147.210083
32.621908,30,18147.718299
-38.47,22,18149.949115
32.412245,35,18150.529728
-41.15,24,18150.935595
-32.68,28,18151.418345
32.562249,30,18151.950054
-37.55,99,18153.738836
32.387821,29,18154.144232
37.709607,27,18154.798331
-34.76,28,18155.295772
38.004444,26,18155.722591
39.0,27,18156.256612
35.377778,27,18156.773886
-35.43,26,18157.30263
-43.6,19,18157.562427
34.233499,30,18158.107731
-44.32,21,18158.525022
35.003559,35,18161.080142
-41.3,22,18161.456658
-44.52,18,18161.724514
38.533594,24,18162.134097
-40.79,24,18162.570648
34.192758,29,18163.098106
-41.3,24,18163.533245
32.008163,28,18164.055838
-42.0,25,18164.623651
-35.27,24,18164.970738
-32.61,31,18165.447728
38.245211,23,18166.009503
32.708978,28,18166.467883
33.948238,29,18166.969377
35.099764,41,18167.687561
32.289199,34,18168.287252
40.309356,30,18168.792364
-41.86,21,18169.17392
32.259076,30,18169.73614
-34.69,31,18172.144424
-39.0,29,18172.606806
-35.7,29,18173.10158
32.906897,27,18173.609464
-38.85,49,18174.725909
-35.5,28,18175.22726
-43.16,22,18175.692946
32.560748,33,18176.290415
-32.81,36,18176.863274
-32.19,28,18177.306229
-44.44,29,18177.737658
-35.32,24,18178.118611
-38.76,38,18178.682453
-41.32,23,18179.119855
-41.11,19,18179.502289
-31.65,32,18180.28597
-38.01,23,18180.662012
-32.35,29,18183.100254
-44.38,32,18183.591076
35.161491,23,18184.043172
35.856589,27,18184.503892
-37.52,47,18185.388436
-43.95,21,18185.769454
-42.0,40,18186.485324
-42.0,36,18187.191981
-35.51,31,18187.832699
-47.6,29,18188.415733
-46.6,20,18188.839297
-39.0,25,18189.224781
-38.48,28,18189.64891
-38.67,37,18190.155345
-35.5,47,18190.882433
-41.97,23,18191.536263
-40.8,38,18192.242112
-38.3,29,18194.455911
-41.25,31,18194.998209
-40.39,36,18195.658729
-41.33,29,18196.189976
-32.95,29,18196.754872
-38.78,40,18197.5304
39.502273,36,18198.200588
-40.6,28,18198.699879
32.056818,41,18199.426064
-41.4,22,18199.803708
-41.22,24,18200.198781
-42.0,34,18200.722601
-42.0,22,18201.025654
-38.21,26,18201.403291
-35.6,23,18201.817304
32.388316,32,18202.345217
35.090343,27,18202.871004
-32.75,33,18205.263382
-32.47,30,18205.712536
-38.46,29,18206.205335
-34.36,29,18206.772673
-38.73,23,18207.341419
-41.8,25,18207.76274
-38.81,28,18208.56337
-38.28,36,18209.212639
-42.0,25,18209.726355
-35.18,31,18210.307489
-33.0,27,18210.814183
32.560606,27,18211.321389
-44.38,21,18211.701841
35.156364,33,18212.273365
-38.28,33,18212.846965
-42.0,25,18213.433447
40.938913,20,18213.751324
-35.43,25,18214.152455
41.759843,17,18214.419214
-44.13,24,18216.674049
39.554325,24,18217.504532
35.380165,30,18218.214895
41.227642,20,18218.688285
-44.54,22,18219.110427
-33.0,42,18220.018144
32.416092,35,18220.70109
-41.51,18,18221.08367
-32.73,26,18221.587042
32.5,24,18222.051506
-36.0,36,18222.723958
-41.41,21,18223.119858
-38.8,23,18223.481651
-31.89,35,18224.285219
-32.32,34,18224.925764
-38.62,25,18225.346076
40.849147,28,18225.854685
-37.63,26,18226.247467
-41.08,25,18228.506978
-35.38,31,18229.03325
-38.49,28,18229.549224
-41.87,25,18230.0148
-36.0,85,18231.642098
-35.35,33,18232.239822
36.0,25,18232.827681
-37.78,23,18233.280255
-32.27,50,18234.328906
35.209821,23,18234.789168
-41.2,23,18235.164476
-35.65,30,18235.758734
-33.0,33,18236.243812
-39.0,23,18236.59973
-43.73,22,18236.942754
36.0,20,18237.250581
-41.72,27,18237.656576
38.006944,29,18239.77522
-32.85,27,18240.27532
-44.7,21,18240.650985
32.554688,26,18241.11124
-42.0,26,18241.61045
-44.44,17,18241.927824
-39.0,27,18242.451194
37.33942,30,18243.227138
-35.09,23,18243.689375
-36.0,27,18244.178375
-39.0,36,18244.839331
-41.3,25,18245.280636
-36.0,26,18245.775835
36.0,31,18246.359211
-32.07,32,18246.986835
-37.55,34,18247.65608
-41.76,45,18248.403441
-44.13,34,18248.919041
-35.2,31,18251.228891
-35.72,29,18251.762383
-41.78,21,18252.117416
-38.22,29,18252.705165
-35.78,50,18253.622936
-33.0,22,18254.039171
-41.04,20,18254.378664
-37.92,27,18254.94514
35.401478,27,18255.475368
36.0,35,18256.071386
32.560784,34,18256.671516
-38.9,19,18257.008296
-41.2,19,18257.401311
-39.0,18,18257.740156
32.689895,44,18258.574424
-35.91,22,18259.120232
-38.18,17,18259.409722
-35.88,35,18259.91334
-33.0,56,18262.640664
-41.08,20,18262.969127
31.783019,37,18263.637583
-39.0,35,18264.220145
-32.4,80,18265.757041
-32.91,37,18266.434454
-35.31,24,18266.811411
32.35,33,18267.466375
-35.5,28,18267.994726
34.991667,34,18268.797542
33.0,27,18269.341399
-40.63,39,18270.089055
33.0,31,18270.61709
32.365039,35,18271.272352
35.000721,28,18273.438724
38.018182,23,18273.915943
-39.0,25,18274.334309
-40.92,23,18274.768217
-35.09,26,18275.257369
-41.71,29,18275.844134
34.84603,25,18276.282256
-35.4,42,18277.021077
-36.0,30,18277.737968
-42.0,16,18278.029431
-36.0,26,18278.513186
-41.47,26,18278.964018
32.06383,34,18279.528316
-36.29,32,18280.107299
-35.5,25,18280.662049
-35.91,29,18281.207228
-41.14,25,18281.551614
32.584034,30,18282.072905
-41.14,28,18282.568062
33.0,23,18284.672278
35.378092,28,18285.10521
-38.32,27,18285.587399
31.629496,44,18286.39621
33.0,28,18287.175554
38.142276,24,18287.611343
-32.57,30,18288.174289
-32.53,32,18288.977394
-41.68,26,18289.553798
41.113387,24,18290.020458
-32.67,32,18290.626777
33.0,25,18291.102419
-41.62,27,18291.5705
-35.31,33,18292.142584
38.304688,24,18292.514283
32.313725,31,18293.063394
-40.57,28,18293.585044
-35.3,33,18296.278054
-37.05,26,18296.678975
-31.99,28,18297.19488
-43.61,26,18297.664623
-38.36,44,18298.515086
-41.44,24,18298.974226
-39.63,28,18299.960042
-35.59,35,18300.601423
34.395472,47,18301.467976
-32.83,31,18302.027941
-34.91,28,18302.551876
35.778523,25,18302.989193
32.660584,26,18303.408689
-39.9,28,18303.903053
-38.26,26,18304.48994
-38.75,31,18305.02449
-38.62,26,18305.515799
-35.85,19,18305.87465
-36.0,38,18308.303989
-32.6,33,18308.833423
32.551181,32,18309.414532
-39.0,28,18309.955309
-41.24,27,18310.445661
-41.59,19,18310.820977
-38.76,35,18311.485697
-32.94,43,18312.430194
32.681481,29,18312.942484
32.773585,34,18313.564188
-45.0,22,18313.980997
-38.88,25,18314.423955
-39.0,30,18314.991961
-44.91,17,18315.299469
-38.69,41,18316.011349
-41.19,45,18316.811317
-45.0,21,18317.252793
35.042471,28,18319.395203
-41.85,27,18319.751467
34.063378,25,18320.114737
-39.92,24,18320.554099
-35.56,31,18321.020281
32.702206,30,18321.450931
-38.76,21,18321.887969
-35.77,29,18322.416285
-35.78,26,18323.161496
-35.56,50,18324.50194
-35.16,21,18324.952329
-35.1,39,18325.832702
-35.16,25,18326.398713
-41.38,23,18326.774395
36.989921,26,18327.312597
-38.91,24,18328.071326
40.815898,24,18328.475844
-33.0,20,18328.872605
-32.19,39,18331.394122
-47.27,13,18331.554434
-35.5,38,18332.111634
-39.0,37,18332.637163
-38.52,38,18333.45395
-38.53,46,18334.27552
35.876847,26,18334.831493
34.597794,33,18335.425595
-40.09,26,18335.875409
-41.37,25,18336.330859
32.363636,28,18336.867198
-35.71,30,18337.646547
-33.0,33,18338.319905
-44.59,19,18338.828727
34.354355,27,18339.622342
-35.65,30,18340.275131
32.201365,30,18340.895692
-36.0,53,18343.780792
-35.19,39,18344.467872
-35.09,31,18345.065231
-41.91,23,18345.554724
-42.0,29,18346.178019
35.014384,30,18346.808376
-39.0,25,18347.3785
-36.0,38,18348.146193
-40.82,28,18348.689397
-41.09,25,18349.145918
-39.0,26,18349.645279
-38.34,21,18350.053039
-42.0,19,18350.596421
-41.65,22,18351.020253
38.303371,24,18351.478674
-44.52,25,18351.955843
-38.25,35,18352.62694
-36.0,33,18353.191646
-35.91,21,18355.364769
32.800797,63,18356.238069
36.0,32,18356.743335
-38.8,29,18357.193902
-38.74,25,18357.741708
-35.7,31,18358.349187
35.211111,24,18358.804841
34.7249,32,18359.359183
-32.4,29,18359.895524
-40.89,27,18360.377488
35.313433,26,18360.861438
-41.19,18,18361.185344
-32.2,40,18361.970496
-39.0,26,18362.449256
-40.41,20,18362.799352
33.0,25,18363.282372
37.890572,33,18363.883204
-38.21,30,18366.280703
-45.48,32,18366.755042
-38.31,26,18367.146407
-40.88,29,18367.601061
32.721591,38,18368.112043
-42.0,31,18368.625264
37.493267,31,18369.174496
-35.55,27,18369.685559
-34.9,38,18370.29656
-40.01,26,18370.865181
-38.86,37,18371.561904
32.403727,27,18372.121404
-44.39,19,18372.478853
33.0,26,18372.964234
-42.0,23,18373.426854
-32.3,31,18373.998414
-41.22,23,18374.409733
-32.71,34,18377.131717
-32.05,32,18377.618516
32.62782,25,18378.04226
35.228296,25,18378.470063
32.787645,39,18379.115514
-35.88,51,18379.84409
-32.31,33,18380.350516
-43.65,34,18380.982826
-41.31,24,18381.379725
-33.0,22,18381.769576
-35.88,36,18382.378685
-40.78,22,18382.788356
31.984211,61,18384.109799
-39.0,43,18384.893557
-41.06,23,18385.309466
34.950366,23,18385.706497
-43.94,23,18387.983463
-41.93,29,18388.418607
-35.74,27,18388.869449
38.206897,22,18389.272018
-38.65,33,18389.841028
32.282787,26,18390.237836
-41.67,22,18390.520628
-46.89,31,18391.265321
-38.54,27,18391.732412
-41.17,25,18392.325649
-36.0,24,18392.802116
37.529091,26,18393.298878
-35.64,31,18393.882315
-41.32,22,18394.292375
-36.0,24,18394.7579
35.130435,21,18395.154208
-35.52,32,18395.707758
-41.73,38,18396.3523
-41.56,25,18396.791916
-32.89,34,18399.279504
32.236364,63,18400.249979
-35.64,24,18400.685209
-38.92,26,18401.12373
-38.88,30,18401.556102
32.206226,27,18402.198753
-41.16,25,18402.702387
-32.36,43,18403.448751
38.389262,22,18403.877512
32.400735,28,18404.400601
-41.32,23,18404.836591
40.678991,20,18405.150242
-32.57,27,18405.631382
-47.65,14,18405.912151
-38.3,24,18406.2868
-32.55,32,18406.864832
-32.85,36,18407.53495
-32.91,30,18408.130172
-47.1,22,18410.380734
-43.66,25,18410.768758
-38.91,20,18411.09809
32.580858,31,18411.629533
-38.12,32,18412.289965
38.069618,30,18412.828542
-38.82,33,18413.374004
-33.0,25,18413.795245
-36.0,31,18414.294806
-38.61,27,18414.766207
-43.76,23,18415.29104
-45.0,16,18415.693724
32.123239,38,18416.33864
32.742671,30,18417.149149
-38.29,22,18417.577765
-32.1,31,18418.271727
-38.91,69,18419.560764
